序號,縣市別代碼,機關代碼,市話,傳真,年,月,日,時,分,縣市,區,死亡數量,受傷數量,2-30,天候,道路照明設備,道路類別,道路速限,道路型態,事故位置,路面鋪裝,路面狀態,路面缺陷,障礙物,視距,號誌種類,號誌動作,分向設施,快車道或一般車道間,快慢車道間,路面邊線,事故類型及型態,受傷程度,主要傷處,保護裝備,行動電話或功能裝置,當事者區分(類別),車輛用途,當事者行動狀態,駕照狀態,駕照種類,飲酒情形,車輛撞擊部位最初,車輛撞擊部位其他,肇事因素個別,肇事因素主要,肇事逃逸,職業,共享經濟或外送平台,GPS座標X,GPS座標Y,事故類別
"111","66000","387130000C","(04)23274275","(04)23288582","2026","1","1","11","17","臺中市","西區","0","0","0","7","","","50","","","","","","","","","","","","","","13","","","","","B03","","","1","","1","","","7","7","1","13","4","120.675873","24.133169","3"
"112","66000","387130000C","(04)23274275","(04)23288582","2026","1","1","11","17","臺中市","清水區","0","1","0","7","2","6","50","4","1","1","5","4","6","6","4","4","8","3","4","2","15","3","10","3","1","B03","7","9","1","8","2","8","","12","12","1","12","4","120.563008","24.275422","2"
"113","66000","387130000C","(04)23274275","(04)23288582","2026","1","1","11","17","臺中市","后里區","0","1","0","7","2","6","50","11","9","1","5","4","6","6","4","4","5","4","5","2","12","2","9","1","1","C03","7","9","1","10","2","14","12","59","59","1","6","4","120.705978","24.294373","2"
"114","66000","387130000C","(04)23274275","(04)23288582","2026","1","1","11","20","臺中市","霧峰區","0","0","0","7","","","40","","","","","","","","","","","","","","17","","","","","B03","","","1","","2","","","84","84","1","6","4","120.699044","24.067025","3"
"115","66000","387130000C","(04)23274275","(04)23288582","2026","1","1","11","22","臺中市","大里區","0","0","0","7","","","50","","","","","","","","","","","","","","","","","","","C03","","","1","","1","","","85","85","1","13","4","120.702121","24.086907","3"
"116","66000","387130000C","(04)23274275","(04)23288582","2026","1","1","11","25","臺中市","南區","0","0","0","7","","","30","","","","","","","","","","","","","","","","","","","B03","","","1","","2","","","49","49","1","6","4","120.654432","24.109493","3"
"117","66000","387130000C","(04)23274275","(04)23288582","2026","1","1","11","25","臺中市","清水區","0","1","0","7","3","6","50","4","1","1","5","4","6","6","1","1","5","4","5","1","17","3","10","2","1","C03","7","6","1","10","2","16","","48","48","1","12","4","120.603168","24.310125","2"
"118","66000","387130000C","(04)23274275","(04)23288582","2026","1","1","11","30","臺中市","豐原區","0","0","0","7","","","50","","","","","","","","","","","","","","13","","","","","B03","","","1","","2","","","51","51","1","12","4","120.736116","24.260408","3"
"119","66000","387130000C","(04)23274275","(04)23288582","2026","1","1","11","33","臺中市","西區","0","1","0","7","2","6","60","4","1","1","5","4","6","6","2","1","10","5","5","2","16","3","10","3","1","B03","7","6","1","8","2","6","","11","11","1","13","4","120.671995","24.14912","2"
"120","66000","387130000C","(04)23274275","(04)23288582","2026","1","1","11","33","臺中市","東區","0","0","0","7","","","50","","","","","","","","","","","","","","13","","","","","B03","","","1","","1","","","7","7","1","12","4","120.694406","24.149746","3"
"121","66000","387130000C","(04)23274275","(04)23288582","2026","1","1","11","33","臺中市","北屯區","0","0","0","7","","","50","","","","","","","","","","","","","","13","","","","","B03","","","1","","1","","","83","83","1","6","4","120.687603","24.186889","3"
"122","66000","387130000C","(04)23274275","(04)23288582","2026","1","1","11","34","臺中市","大雅區","0","0","0","7","","","","","","","","","","","","","","","","","","","","","","","","","","","","","","119","119","1","","","120.644044","24.228646","3"
"123","66000","387130000C","(04)23274275","(04)23288582","2026","1","1","11","39","臺中市","北區","0","1","0","7","3","6","50","4","1","1","5","4","6","6","1","1","10","5","5","2","16","3","10","3","1","B01","7","5","1","4","2","2","","84","84","1","12","4","120.684779","24.165432","2"
"124","66000","387130000C","(04)23274275","(04)23288582","2026","1","1","11","40","臺中市","北屯區","0","0","0","7","","","50","","","","","","","","","","","","","","17","","","","","B03","","","1","","1","","","8","8","1","13","4","120.720571","24.175865","3"
"125","66000","387130000C","(04)23274275","(04)23288582","2026","1","1","11","41","臺中市","東區","0","1","0","7","3","6","50","13","9","1","5","4","6","6","4","4","5","5","5","2","12","2","9","2","1","C03","7","1","1","10","2","14","","51","51","1","13","4","120.690384","24.134898","2"
"126","66000","387130000C","(04)23274275","(04)23288582","2026","1","1","11","42","臺中市","豐原區","0","2","0","7","2","6","50","5","1","1","5","4","6","6","2","1","5","5","4","2","17","2","9","2","1","C03","7","6","1","10","2","13","","48","48","1","6","2","120.706005","24.242725","2"
"127","66000","387130000C","(04)23274275","(04)23288582","2026","1","1","11","43","臺中市","南屯區","0","0","0","7","","","50","","","","","","","","","","","","","","13","","","","","B03","","","1","","1","","","7","7","1","6","4","120.628206","24.147802","3"
"128","66000","387130000C","(04)23274275","(04)23288582","2026","1","1","11","43","臺中市","霧峰區","0","1","0","7","2","6","60","3","2","1","5","4","6","6","1","1","10","4","5","1","18","2","9","2","1","C03","7","9","1","10","2","12","","84","84","1","6","4","120.695245","24.052194","2"
"129","66000","387130000C","(04)23274275","(04)23288582","2026","1","1","11","52","臺中市","西區","0","2","0","7","1","6","50","4","1","1","5","4","6","6","4","4","10","5","5","2","17","2","9","5","4","C03","7","9","1","10","2","12","","20","20","1","12","4","120.669868","24.152139","2"
"130","66000","387130000C","(04)23274275","(04)23288582","2026","1","1","11","52","臺中市","西屯區","0","0","0","7","","","50","","","","","","","","","","","","","","16","","","","","B03","","","1","","2","","","39","39","1","13","4","120.636978","24.17259","3"
"131","66000","387130000C","(04)23274275","(04)23288582","2026","1","1","11","53","臺中市","北屯區","0","2","0","7","2","6","50","4","1","1","5","4","6","6","4","4","4","3","4","2","15","2","9","2","1","C03","7","9","1","10","2","14","","12","12","1","13","4","120.683513","24.174129","2"
"132","66000","387130000C","(04)23274275","(04)23288582","2026","1","1","11","58","臺中市","豐原區","0","1","0","7","2","6","30","4","1","1","5","4","6","6","1","1","10","5","5","2","17","2","9","2","1","C03","7","6","1","10","2","14","","11","11","1","13","4","120.727343","24.259347","2"
"133","66000","387130000C","(04)23274275","(04)23288582","2026","1","1","12","6","臺中市","西屯區","0","1","0","7","2","6","50","4","1","1","5","4","6","6","1","1","10","5","5","1","16","3","10","3","1","B03","7","6","1","8","2","5","","11","11","1","12","4","120.651176","24.166898","2"
"134","66000","387130000C","(04)23274275","(04)23288582","2026","1","1","12","9","臺中市","大肚區","0","1","0","7","3","6","50","3","1","1","5","4","6","6","2","1","10","5","5","2","11","3","10","3","1","B03","7","6","1","8","2","5","","11","11","1","6","4","120.576273","24.119094","2"
"135","66000","387130000C","(04)23274275","(04)23288582","2026","1","1","12","12","臺中市","太平區","0","0","0","7","","","50","","","","","","","","","","","","","","28","","","","","B03","","","1","","2","","","84","84","1","13","4","120.710559","24.139559","3"
"136","66000","387130000C","(04)23274275","(04)23288582","2026","1","1","12","15","臺中市","南區","0","0","0","7","","","50","","","","","","","","","","","","","","","","","","","C03","","","1","","1","","","7","7","1","6","4","120.659404","24.12556","3"
"137","66000","387130000C","(04)23274275","(04)23288582","2026","1","1","12","20","臺中市","北屯區","0","2","0","7","2","6","50","13","9","1","5","4","6","6","4","4","10","5","5","2","18","2","9","5","4","C03","7","9","1","10","2","11","","59","59","1","12","4","120.694472","24.176874","2"
"138","66000","387130000C","(04)23274275","(04)23288582","2026","1","1","12","21","臺中市","東區","0","0","0","7","","","0","","","","","","","","","","","","","","17","","","","","C03","","","1","","2","","","84","84","1","12","4","120.692865","24.1384","3"
"139","66000","387130000C","(04)23274275","(04)23288582","2026","1","1","12","23","臺中市","大里區","0","1","0","7","2","6","50","4","1","1","5","4","6","6","1","1","10","5","5","2","17","3","10","2","1","C01","7","5","1","9","2","12","","47","47","1","12","4","120.691605","24.074043","2"
"140","66000","387130000C","(04)23274275","(04)23288582","2026","1","1","12","23","臺中市","龍井區","0","1","0","7","2","6","50","18","24","1","5","4","6","6","4","4","9","4","5","2","2","3","10","1","1","C03","7","9","1","10","6","12","","84","84","1","6","4","120.581399","24.182428","2"
"141","66000","387130000C","(04)23274275","(04)23288582","2026","1","1","12","25","臺中市","清水區","0","0","0","7","","","50","","","","","","","","","","","","","","17","","","","","B03","","","1","","2","","","8","8","1","12","4","120.547803","24.26416","3"
"142","66000","387130000C","(04)23274275","(04)23288582","2026","1","1","12","42","臺中市","大甲區","0","0","0","7","","","50","","","","","","","","","","","","","","17","","","","","C03","","","1","","2","","","51","51","1","12","4","120.627628","24.348719","3"
"143","66000","387130000C","(04)23274275","(04)23288582","2026","1","1","12","43","臺中市","南屯區","0","0","0","7","","","60","","","","","","","","","","","","","","17","","","","","B02","","","1","","1","","","8","8","1","12","4","120.637424","24.150255","3"
"144","66000","387130000C","(04)23274275","(04)23288582","2026","1","1","12","45","臺中市","北屯區","0","0","0","7","","","","","","","","","","","","","","","","","17","","","","","","","","","","","","","119","119","1","","","120.658132","24.182573","3"
"145","66000","387130000C","(04)23274275","(04)23288582","2026","1","1","12","48","臺中市","西屯區","0","0","0","7","","","40","","","","","","","","","","","","","","13","","","","","C03","","","1","","1","","","40","40","1","12","4","120.643828","24.165534","3"
"146","66000","387130000C","(04)23274275","(04)23288582","2026","1","1","12","53","臺中市","西屯區","0","1","0","7","2","6","50","4","1","1","5","4","6","6","1","1","8","5","5","1","18","2","9","5","4","C03","7","9","1","10","2","14","","59","59","1","12","4","120.658463","24.195213","2"
"147","66000","387130000C","(04)23274275","(04)23288582","2026","1","1","12","55","臺中市","西區","0","2","0","7","2","6","50","4","2","1","5","4","6","6","2","1","5","5","4","1","17","3","10","3","1","B03","7","1","1","8","2","8","","51","51","1","13","4","120.665592","24.132164","2"
"148","66000","387130000C","(04)23274275","(04)23288582","2026","1","1","12","55","臺中市","西屯區","0","0","0","7","","","50","","","","","","","","","","","","","","13","","","","","B03","","","1","","1","","","7","7","1","13","4","120.635124","24.182054","3"
"149","66000","387130000C","(04)23274275","(04)23288582","2026","1","1","12","57","臺中市","沙鹿區","0","1","0","7","3","6","50","13","7","1","5","4","6","6","4","4","1","4","4","2","12","2","9","1","1","C03","7","8","1","10","2","14","","40","40","1","12","4","120.559832","24.238756","2"
"150","66000","387130000C","(04)23274275","(04)23288582","2026","1","1","13","0","臺中市","西屯區","0","0","0","7","","","50","","","","","","","","","","","","","","17","","","","","B03","","","1","","2","","","59","59","1","13","4","120.658144","24.166807","3"
"151","66000","387130000C","(04)23274275","(04)23288582","2026","1","1","13","4","臺中市","西區","0","0","0","7","","","50","","","","","","","","","","","","","","","","","","","B03","","","1","","1","","","21","21","1","12","4","120.657206","24.139285","3"
"152","66000","387130000C","(04)23274275","(04)23288582","2026","1","1","13","4","臺中市","大肚區","0","0","0","7","","","60","","","","","","","","","","","","","","","","","","","B03","","","1","","2","","","84","84","1","6","4","120.547462","24.156076","3"
"153","66000","387130000C","(04)23274275","(04)23288582","2026","1","1","13","6","臺中市","烏日區","0","0","0","7","","","50","","","","","","","","","","","","","","12","","","","","B02","","","1","","2","","","8","8","1","13","4","120.616084","24.11215","3"
"154","66000","387130000C","(04)23274275","(04)23288582","2026","1","1","13","12","臺中市","潭子區","0","1","0","7","2","6","50","3","2","1","5","4","6","6","4","4","9","5","5","1","12","2","8","1","1","C03","7","1","1","11","2","14","","51","51","1","13","4","120.6985","24.194601","2"
"155","66000","387130000C","(04)23274275","(04)23288582","2026","1","1","13","12","臺中市","南區","0","0","0","7","","","50","","","","","","","","","","","","","","12","","","","","B03","","","1","","1","","","8","8","1","6","4","120.6702","24.118393","3"
"156","66000","387130000C","(04)23274275","(04)23288582","2026","1","1","13","14","臺中市","霧峰區","0","2","0","7","2","6","50","3","7","1","5","4","6","6","1","1","5","4","4","1","13","2","8","3","1","B03","7","14","1","7","2","1","","56","56","1","13","4","120.697708","24.056981","2"
"157","66000","387130000C","(04)23274275","(04)23288582","2026","1","1","13","19","臺中市","后里區","0","1","0","7","3","6","40","4","1","1","5","4","6","6","4","4","10","5","5","2","15","2","9","1","1","C03","7","1","1","10","2","12","","51","51","1","6","4","120.740073","24.32681","2"
"158","66000","387130000C","(04)23274275","(04)23288582","2026","1","1","13","33","臺中市","大里區","0","0","0","7","3","6","50","4","","1","5","4","6","6","4","4","10","5","5","2","15","","","","","C03","","","1","","2","","","20","20","1","12","4","120.685354","24.111971","3"
"159","66000","387130000C","(04)23274275","(04)23288582","2026","1","1","13","34","臺中市","北區","0","1","0","7","3","6","50","3","1","1","5","4","6","6","4","4","5","4","5","2","17","3","10","3","1","B03","7","6","1","8","2","4","","20","20","1","12","4","120.690107","24.155888","2"
"160","66000","387130000C","(04)23274275","(04)23288582","2026","1","1","13","40","臺中市","西區","0","1","0","7","2","6","50","4","1","1","5","4","6","6","1","1","10","5","5","2","17","3","10","1","1","C03","7","6","1","10","2","16","","36","36","1","13","4","120.662892","24.150853","2"
"161","66000","387130000C","(04)23274275","(04)23288582","2026","1","1","13","40","臺中市","南區","0","1","0","7","3","6","50","4","1","1","5","4","6","6","1","1","5","5","5","2","17","3","10","3","1","B03","7","5","1","8","2","1","","22","22","2","13","4","120.6668","24.118614","2"
"162","66000","387130000C","(04)23274275","(04)23288582","2026","1","1","13","40","臺中市","東勢區","0","0","0","7","","","60","","","","","","","","","","","","","","13","","","","","B03","","","1","","1","","","7","7","1","13","4","120.834931","24.237464","3"
"163","66000","387130000C","(04)23274275","(04)23288582","2026","1","1","13","42","臺中市","北區","0","3","0","7","2","6","50","13","8","1","5","4","6","6","4","4","3","4","4","2","17","2","8","1","1","C03","7","9","1","10","2","11","","59","59","1","12","4","120.694177","24.152652","2"
"164","66000","387130000C","(04)23274275","(04)23288582","2026","1","1","13","44","臺中市","太平區","0","1","0","7","2","6","50","5","1","1","5","4","6","6","4","4","10","5","5","2","16","3","10","3","1","B03","7","9","1","8","2","5","","15","15","1","12","4","120.716455","24.14328","2"
"165","66000","387130000C","(04)23274275","(04)23288582","2026","1","1","13","45","臺中市","北屯區","0","0","0","7","","","50","","","","","","","","","","","","","","13","","","","","C03","","","2","","1","","","59","59","1","13","4","120.680546","24.189416","3"
"166","66000","387130000C","(04)23274275","(04)23288582","2026","1","1","13","48","臺中市","神岡區","0","0","0","7","","","50","","","","","","","","","","","","","","17","","","","","B03","","","1","","1","","","35","35","1","12","4","120.663271","24.25838","3"
"167","66000","387130000C","(04)23274275","(04)23288582","2026","1","1","13","50","臺中市","南屯區","0","2","0","7","3","6","50","4","1","1","5","4","6","6","1","1","10","5","5","2","16","2","9","2","1","C03","7","6","1","10","2","12","","11","11","1","13","4","120.63442","24.130062","2"
"168","66000","387130000C","(04)23274275","(04)23288582","2026","1","1","13","55","臺中市","北屯區","0","0","0","7","","","50","","","","","","","","","","","","","","11","","","","","B03","","","1","","1","","","17","17","1","13","4","120.74762","24.182709","3"
"169","66000","387130000C","(04)23274275","(04)23288582","2026","1","1","14","4","臺中市","大肚區","0","0","0","7","","","50","","","","","","","","","","","","","","","","","","","A11","","","1","","2","","","40","40","1","6","4","120.578773","24.117957","3"
"170","66000","387130000C","(04)23274275","(04)23288582","2026","1","1","14","7","臺中市","北區","0","0","0","7","","","50","","","","","","","","","","","","","","13","","","","","B03","","","3","","1","","","59","59","1","12","4","120.684406","24.142238","3"
"171","66000","387130000C","(04)23274275","(04)23288582","2026","1","1","14","7","臺中市","南屯區","0","0","0","7","","","50","","","","","","","","","","","","","","","","","","","B12","","","1","","1","","","7","7","1","12","4","120.623043","24.149822","3"
"172","66000","387130000C","(04)23274275","(04)23288582","2026","1","1","14","12","臺中市","豐原區","0","0","0","7","","","50","","","","","","","","","","","","","","17","","","","","C03","","","1","","2","","","1","1","1","12","4","120.72027","24.259281","3"
"173","66000","387130000C","(04)23274275","(04)23288582","2026","1","1","14","14","臺中市","北屯區","0","0","0","7","2","6","50","4","9","1","5","4","6","6","1","1","10","5","5","2","11","3","10","5","4","B03","7","9","1","8","8","8","","8","8","1","12","4","120.690841","24.179063","3"
"174","66000","387130000C","(04)23274275","(04)23288582","2026","1","1","14","15","臺中市","西區","0","0","0","7","","","50","","","","","","","","","","","","","","17","","","","","B03","","","1","","1","","","59","59","1","13","4","120.664115","24.133841","3"
"175","66000","387130000C","(04)23274275","(04)23288582","2026","1","1","14","17","臺中市","潭子區","0","0","0","7","","","60","","","","","","","","","","","","","","","","","","","B03","","","1","","2","","","84","84","1","13","4","120.704429","24.204695","3"
"176","66000","387130000C","(04)23274275","(04)23288582","2026","1","1","14","21","臺中市","潭子區","0","0","0","7","","","30","","","","","","","","","","","","","","","","","","","B03","","","1","","2","","","49","49","1","13","4","120.724009","24.2013","3"
"177","66000","387130000C","(04)23274275","(04)23288582","2026","1","1","14","25","臺中市","豐原區","0","0","0","7","","","50","","","","","","","","","","","","","","17","","","","","C03","","","1","","2","","","84","84","1","12","4","120.720227","24.236722","3"
"178","66000","387130000C","(04)23274275","(04)23288582","2026","1","1","14","27","臺中市","北區","0","0","0","7","","","50","","","","","","","","","","","","","","13","","","","","C03","","","1","","1","","","84","84","1","13","4","120.684884","24.146304","3"
"179","66000","387130000C","(04)23274275","(04)23288582","2026","1","1","14","29","臺中市","北區","0","0","0","7","","","50","","","","","","","","","","","","","","17","","","","","C03","","","1","","2","","","84","84","1","12","4","120.685039","24.142902","3"
"180","66000","387130000C","(04)23274275","(04)23288582","2026","1","1","14","31","臺中市","西屯區","0","0","0","7","","","50","","","","","","","","","","","","","","","","","","","B03","","","1","","1","","","59","59","1","12","4","120.656894","24.197126","3"
"181","66000","387130000C","(04)23274275","(04)23288582","2026","1","1","14","39","臺中市","北屯區","0","1","0","7","2","6","50","4","1","1","5","4","6","6","2","1","10","5","5","2","16","2","4","1","1","C03","7","5","1","10","2","11","","11","11","1","13","4","120.72755","24.169074","2"
"182","66000","387130000C","(04)23274275","(04)23288582","2026","1","1","14","41","臺中市","太平區","0","0","0","7","","","50","","","","","","","","","","","","","","17","","","","","C03","","","1","","2","","","51","51","1","13","4","120.717876","24.148636","3"
"183","66000","387130000C","(04)23274275","(04)23288582","2026","1","1","14","49","臺中市","豐原區","0","1","0","7","2","6","50","11","9","1","5","4","6","6","4","4","5","5","5","1","13","3","10","3","1","B03","7","9","1","8","2","1","","7","7","1","12","4","120.725799","24.254696","2"
"184","66000","387130000C","(04)23274275","(04)23288582","2026","1","1","14","50","臺中市","梧棲區","0","1","0","7","2","6","50","13","9","1","5","4","6","6","4","4","5","5","5","1","30","2","2","1","1","C03","7","9","1","10","2","16","","87","87","1","7","4","120.547515","24.255642","2"
"185","66000","387130000C","(04)23274275","(04)23288582","2026","1","1","14","52","臺中市","北區","0","1","0","7","2","6","30","4","2","1","5","4","6","6","4","4","10","5","5","2","17","2","9","2","1","C03","7","9","1","10","2","12","","15","15","1","13","4","120.680462","24.154721","2"
"186","66000","387130000C","(04)23274275","(04)23288582","2026","1","1","14","53","臺中市","豐原區","0","2","0","7","2","8","15","13","13","1","5","2","6","6","4","4","1","5","4","2","30","2","9","6","4","F02","7","9","7","21","2","16","","84","84","1","6","4","120.744693","24.275087","2"
"187","66000","387130000C","(04)23274275","(04)23288582","2026","1","1","14","55","臺中市","東區","0","1","0","7","3","6","50","4","9","1","5","4","6","6","2","1","3","5","5","2","16","3","10","5","4","B01","7","5","1","7","2","2","","20","20","1","6","4","120.696008","24.134907","2"
"188","66000","387130000C","(04)23274275","(04)23288582","2026","1","1","14","55","臺中市","東區","0","0","0","7","","","50","","","","","","","","","","","","","","17","","","","","B03","","","1","","1","","","51","51","1","12","4","120.706049","24.144484","3"
"189","66000","387130000C","(04)23274275","(04)23288582","2026","1","1","14","57","臺中市","西屯區","0","1","0","7","2","6","50","12","9","1","5","4","6","6","4","4","7","4","5","2","18","2","7","4","4","F01","7","9","7","21","1","16","","82","82","1","12","4","120.612456","24.191329","2"
"190","66000","387130000C","(04)23274275","(04)23288582","2026","1","1","14","58","臺中市","西區","0","0","0","7","","","50","","","","","","","","","","","","","","","","","","","C01","","","1","","1","","","7","7","1","12","4","120.662029","24.149952","3"
"191","66000","387130000C","(04)23274275","(04)23288582","2026","1","1","15","0","臺中市","西區","0","0","0","7","","","50","","","","","","","","","","","","","","","","","","","B03","","","1","","2","","","50","50","1","13","4","120.663838","24.160124","3"
"192","66000","387130000C","(04)23274275","(04)23288582","2026","1","1","15","2","臺中市","霧峰區","0","1","0","7","3","6","40","11","9","1","5","4","6","6","4","4","9","5","5","2","17","3","10","3","1","B03","7","11","1","8","2","6","","4","4","1","12","4","120.671592","24.066216","2"
"193","66000","387130000C","(04)23274275","(04)23288582","2026","1","1","15","5","臺中市","北區","0","0","0","7","","","50","","","","","","","","","","","","","","12","","","","","B03","","","1","","2","","","84","84","1","13","4","120.683818","24.146272","3"
"194","66000","387130000C","(04)23274275","(04)23288582","2026","1","1","15","6","臺中市","東勢區","0","0","0","7","","","60","","","","","","","","","","","","","","12","","","","","B03","","","1","","1","","","50","50","1","13","4","120.829091","24.249398","3"
"195","66000","387130000C","(04)23274275","(04)23288582","2026","1","1","15","9","臺中市","神岡區","0","1","0","7","2","6","30","4","1","1","5","4","6","6","1","1","10","5","5","2","17","3","10","3","1","B03","7","9","1","8","2","4","","85","85","1","6","4","120.684039","24.24289","2"
"196","66000","387130000C","(04)23274275","(04)23288582","2026","1","1","15","11","臺中市","西屯區","0","2","0","7","2","6","40","13","8","1","5","4","6","6","4","4","5","4","4","2","13","3","10","5","4","C03","7","7","1","10","2","11","","40","40","1","12","4","120.640975","24.161281","2"
"197","66000","387130000C","(04)23274275","(04)23288582","2026","1","1","15","12","臺中市","北屯區","0","0","0","7","","","60","","","","","","","","","","","","","","13","","","","","B03","","","1","8","1","","","7","7","1","6","4","120.719787","24.163033","3"
"198","66000","387130000C","(04)23274275","(04)23288582","2026","1","1","15","17","臺中市","大里區","0","1","0","7","2","6","50","3","1","1","5","4","6","6","4","4","5","5","5","1","16","3","10","1","1","C03","7","6","1","10","2","12","","14","14","1","13","4","120.700828","24.110471","2"
"199","66000","387130000C","(04)23274275","(04)23288582","2026","1","1","15","17","臺中市","大里區","0","0","0","7","2","6","50","3","1","1","5","4","6","6","4","4","5","5","5","2","13","","","","","B03","","","1","","2","","","84","84","1","13","4","120.699601","24.109991","3"
"200","66000","387130000C","(04)23274275","(04)23288582","2026","1","1","15","17","臺中市","太平區","0","3","0","7","2","6","50","3","1","1","5","4","6","6","4","4","5","5","5","2","16","2","8","1","1","C03","7","5","1","10","2","13","","14","14","1","12","4","120.727911","24.155696","2"
"201","66000","387130000C","(04)23274275","(04)23288582","2026","1","1","15","17","臺中市","大安區","0","1","0","7","3","6","50","13","9","1","5","4","6","6","4","4","10","5","5","2","27","2","1","1","1","C03","7","9","1","10","2","11","","59","59","1","12","4","120.600065","24.371486","2"
"202","66000","387130000C","(04)23274275","(04)23288582","2026","1","1","15","19","臺中市","南區","0","1","0","7","2","6","50","5","1","1","5","4","6","6","1","1","3","4","4","2","17","3","10","3","1","B12","7","5","1","8","2","2","","11","11","1","12","4","120.647642","24.11088","2"
"203","66000","387130000C","(04)23274275","(04)23288582","2026","1","1","15","20","臺中市","北屯區","0","0","0","7","","","50","","","","","","","","","","","","","","14","","","","","B03","","","1","","1","","","49","49","1","6","4","120.741177","24.178581","3"
"204","66000","387130000C","(04)23274275","(04)23288582","2026","1","1","15","20","臺中市","烏日區","0","0","0","7","","","30","","","","","","","","","","","","","","11","","","","","B03","","","1","","1","","","8","8","1","6","4","120.605841","24.117924","3"
"205","66000","387130000C","(04)23274275","(04)23288582","2026","1","1","15","30","臺中市","北屯區","0","0","0","7","","","50","","","","","","","","","","","","","","17","","","","","B01","","","1","","2","","","14","14","1","6","4","120.684813","24.196138","3"
"206","66000","387130000C","(04)23274275","(04)23288582","2026","1","1","15","33","臺中市","潭子區","0","1","0","7","3","6","50","3","2","1","5","4","6","6","4","4","4","4","5","1","17","3","10","3","1","B03","7","7","1","8","2","2","","40","40","1","13","4","120.723451","24.217427","2"
"207","66000","387130000C","(04)23274275","(04)23288582","2026","1","1","15","33","臺中市","東區","0","2","0","7","2","6","30","4","2","1","5","4","6","6","3","1","10","5","5","2","16","2","9","2","1","C03","7","5","1","10","2","14","","24","24","1","12","4","120.692338","24.149441","2"
"208","66000","387130000C","(04)23274275","(04)23288582","2026","1","1","15","35","臺中市","西屯區","0","0","0","7","","","50","","","","","","","","","","","","","","12","","","","","B03","","","1","","1","","","51","51","1","13","4","120.652161","24.174321","3"
"209","66000","387130000C","(04)23274275","(04)23288582","2026","1","1","15","36","臺中市","西屯區","0","0","0","7","","","50","","","","","","","","","","","","","","12","","","","","B03","","","1","","1","","","40","40","1","13","4","120.638443","24.164042","3"
"210","66000","387130000C","(04)23274275","(04)23288582","2026","1","1","15","36","臺中市","烏日區","0","2","0","7","2","6","50","13","7","1","5","4","6","6","4","4","5","4","4","1","12","2","7","1","1","C03","7","1","3","19","2","14","","51","51","1","6","4","120.621402","24.106488","2"
"211","66000","387130000C","(04)23274275","(04)23288582","2026","1","1","15","37","臺中市","沙鹿區","0","0","0","7","","","50","","","","","","","","","","","","","","17","","","","","B03","","","1","","2","","","8","8","1","6","4","120.567665","24.251808","3"
"212","66000","387130000C","(04)23274275","(04)23288582","2026","1","1","15","40","臺中市","霧峰區","0","1","0","7","2","6","50","13","7","1","5","4","6","6","4","4","5","5","4","1","13","3","10","1","1","C03","7","9","1","10","2","12","","82","82","1","6","4","120.699564","24.072115","2"
"213","66000","387130000C","(04)23274275","(04)23288582","2026","1","1","15","41","臺中市","北屯區","0","0","0","7","","3","40","","","","","","","","","","","","","","13","","","","","B03","","","1","","4","","","59","59","1","13","4","120.719474","24.161577","3"
"214","66000","387130000C","(04)23274275","(04)23288582","2026","1","1","15","42","臺中市","南區","0","2","0","7","2","6","30","3","1","1","5","4","6","6","4","4","10","5","5","2","17","2","9","3","1","B03","7","15","1","8","2","4","","13","13","1","13","4","120.647585","24.110899","2"
"215","66000","387130000C","(04)23274275","(04)23288582","2026","1","1","15","42","臺中市","豐原區","0","1","0","7","2","6","50","4","1","1","5","4","6","6","1","1","5","5","4","2","13","2","9","5","4","C03","7","9","1","10","2","11","","7","7","1","12","4","120.725205","24.255006","2"
"216","66000","387130000C","(04)23274275","(04)23288582","2026","1","1","15","45","臺中市","北屯區","0","0","0","7","","3","50","","","","","","","","","","","","","","13","","","","","B12","","","1","","1","","","7","7","1","6","4","120.701285","24.201544","3"
"217","66000","387130000C","(04)23274275","(04)23288582","2026","1","1","15","45","臺中市","后里區","0","0","0","7","2","6","40","13","9","1","5","4","6","6","4","4","10","5","5","2","11","","","","","B03","","","1","","2","","","59","59","1","6","4","120.751643","24.323515","3"
"218","66000","387130000C","(04)23274275","(04)23288582","2026","1","1","15","47","臺中市","豐原區","0","3","0","7","3","6","60","4","1","1","5","4","6","6","1","1","1","4","5","1","20","2","9","5","4","B03","7","5","1","8","2","8","","59","59","1","12","4","120.728571","24.276494","2"
"219","66000","387130000C","(04)23274275","(04)23288582","2026","1","1","15","48","臺中市","北屯區","0","0","0","7","","","40","","","","","","","","","","","","","","14","","","","","B03","","","1","8","2","","","50","50","1","6","4","120.690727","24.199314","3"
"220","66000","387130000C","(04)23274275","(04)23288582","2026","1","1","15","48","臺中市","大里區","0","0","0","7","","","50","","","","","","","","","","","","","","17","","","","","C03","","","1","","1","","","49","49","1","13","4","120.683899","24.115473","3"
"221","66000","387130000C","(04)23274275","(04)23288582","2026","1","1","15","52","臺中市","北屯區","0","1","0","7","2","6","50","4","1","1","5","4","6","6","4","4","10","5","5","2","15","3","10","3","1","B03","7","9","1","8","2","5","","15","15","1","6","4","120.716723","24.168066","2"
"222","66000","387130000C","(04)23274275","(04)23288582","2026","1","1","15","52","臺中市","北屯區","0","0","0","7","","","50","","","","","","","","","","","","","","","","","","","B03","","","1","","1","","","40","40","1","13","4","120.686509","24.198244","3"