序號,縣市別代碼,機關代碼,市話,傳真,年,月,日,時,分,縣市,區,死亡數量,受傷數量,2-30,天候,道路照明設備,道路類別,道路速限,道路型態,事故位置,路面鋪裝,路面狀態,路面缺陷,障礙物,視距,號誌種類,號誌動作,分向設施,快車道或一般車道間,快慢車道間,路面邊線,事故類型及型態,受傷程度,主要傷處,保護裝備,行動電話或功能裝置,當事者區分(類別),車輛用途,當事者行動狀態,駕照狀態,駕照種類,飲酒情形,車輛撞擊部位最初,車輛撞擊部位其他,肇事因素個別,肇事因素主要,肇事逃逸,職業,共享經濟或外送平台,GPS座標X,GPS座標Y,事故類別
"223","66000","387130000C","(04)23274275","(04)23288582","2026","1","1","15","53","臺中市","太平區","0","0","0","7","2","6","30","13","9","1","5","4","6","6","4","4","10","5","5","2","11","","","","","B12","","","1","","1","","","84","84","1","12","4","120.726384","24.149111","3"
"224","66000","387130000C","(04)23274275","(04)23288582","2026","1","1","15","57","臺中市","大雅區","0","1","0","7","1","6","70","13","8","1","5","4","6","6","4","4","1","4","4","1","13","3","10","3","1","B12","7","7","1","8","2","3","","84","84","1","12","4","120.640674","24.230906","2"
"225","66000","387130000C","(04)23274275","(04)23288582","2026","1","1","15","58","臺中市","北區","0","0","0","7","","","50","","","","","","","","","","","","","","17","","","","","B01","","","1","","1","","","85","85","1","12","4","120.684805","24.152243","3"
"226","66000","387130000C","(04)23274275","(04)23288582","2026","1","1","15","58","臺中市","太平區","0","1","0","7","2","6","50","13","9","1","5","4","6","6","4","4","5","4","5","2","13","3","10","3","1","B03","7","7","1","8","2","1","","40","40","1","13","4","120.71263","24.125593","2"
"227","66000","387130000C","(04)23274275","(04)23288582","2026","1","1","16","0","臺中市","南屯區","0","1","0","7","2","6","50","4","1","1","5","4","6","6","1","1","10","5","5","2","13","3","10","3","1","B03","7","9","1","8","1","5","","59","59","1","12","4","120.643982","24.131904","2"
"228","66000","387130000C","(04)23274275","(04)23288582","2026","1","1","16","1","臺中市","西區","0","1","0","7","2","6","50","4","1","1","5","4","6","6","1","1","10","5","5","2","16","3","10","5","4","B12","7","5","1","8","2","5","","47","47","1","13","4","120.667606","24.130962","2"
"229","66000","387130000C","(04)23274275","(04)23288582","2026","1","1","16","2","臺中市","豐原區","0","1","0","7","2","6","50","4","1","1","5","4","6","6","2","1","1","4","4","1","15","2","7","1","1","C03","7","9","3","19","2","11","","21","21","1","12","4","120.703409","24.251334","2"
"230","66000","387130000C","(04)23274275","(04)23288582","2026","1","1","16","7","臺中市","大肚區","0","0","0","7","","","50","","","","","","","","","","","","","","","","","","","B03","","","1","","2","","","8","8","1","6","4","120.545025","24.151677","3"
"231","66000","387130000C","(04)23274275","(04)23288582","2026","1","1","16","9","臺中市","北屯區","0","2","0","7","2","6","50","11","9","1","5","4","6","6","4","4","9","5","5","2","17","3","10","3","1","B03","7","1","1","8","2","8","","51","51","1","13","4","120.697018","24.173139","2"
"232","66000","387130000C","(04)23274275","(04)23288582","2026","1","1","16","13","臺中市","北區","0","0","0","7","","","50","","","","","","","","","","","","","","13","","","","","C03","","","1","","2","","","7","7","1","13","4","120.686018","24.144537","3"
"233","66000","387130000C","(04)23274275","(04)23288582","2026","1","1","16","15","臺中市","北屯區","0","0","0","7","","","50","","","","","","","","","","","","","","12","","","","","B03","","","1","8","1","","","84","84","1","6","4","120.720916","24.182148","3"
"234","66000","387130000C","(04)23274275","(04)23288582","2026","1","1","16","20","臺中市","南區","0","0","0","7","","","50","","","","","","","","","","","","","","13","","","","","B03","","","1","","2","","","84","84","1","12","4","120.650059","24.120652","3"
"235","66000","387130000C","(04)23274275","(04)23288582","2026","1","1","16","20","臺中市","北屯區","0","0","0","7","","","50","","","","","","","","","","","","","","","","","","","C03","","","1","","1","","","84","84","1","13","4","120.682629","24.195136","4"
"236","66000","387130000C","(04)23274275","(04)23288582","2026","1","1","16","20","臺中市","烏日區","0","1","0","7","2","6","60","3","1","1","5","4","6","6","4","4","1","4","4","2","16","3","10","3","1","B03","7","5","1","8","2","3","","47","47","1","6","4","120.615247","24.10603","2"
"237","66000","387130000C","(04)23274275","(04)23288582","2026","1","1","16","22","臺中市","南屯區","0","0","0","7","","","50","","","","","","","","","","","","","","17","","","","","B11","","","1","","2","","","39","39","1","13","4","120.645683","24.139823","4"
"238","66000","387130000C","(04)23274275","(04)23288582","2026","1","1","16","24","臺中市","西屯區","0","1","0","7","2","6","50","13","9","1","5","4","6","6","4","4","5","5","5","2","13","2","8","5","1","C03","7","9","1","10","2","11","","7","7","1","12","4","120.655078","24.190242","2"
"239","66000","387130000C","(04)23274275","(04)23288582","2026","1","1","16","25","臺中市","北區","0","1","0","7","2","6","50","13","9","1","5","4","6","6","4","4","5","4","5","2","17","3","10","5","1","A04","7","9","1","2","2","2","","8","8","1","13","4","120.675421","24.145736","2"
"240","66000","387130000C","(04)23274275","(04)23288582","2026","1","1","16","25","臺中市","烏日區","0","0","0","7","2","6","60","3","1","1","5","","6","6","4","4","1","4","4","2","17","3","10","1","1","B03","7","9","1","10","2","14","","59","59","1","6","4","120.615329","24.105995","3"
"241","66000","387130000C","(04)23274275","(04)23288582","2026","1","1","16","27","臺中市","東區","0","2","0","7","2","6","40","13","8","1","5","4","6","6","4","4","9","5","4","2","9","2","9","2","1","C03","7","9","1","10","9","11","","8","8","2","12","4","120.695095","24.142849","2"
"242","66000","387130000C","(04)23274275","(04)23288582","2026","1","1","16","29","臺中市","西屯區","0","2","0","7","2","6","50","4","7","1","5","4","6","6","1","1","1","4","1","2","17","3","10","3","1","B12","7","8","1","8","1","5","","39","39","1","12","4","120.635464","24.182207","2"
"243","66000","387130000C","(04)23274275","(04)23288582","2026","1","1","16","37","臺中市","北區","0","2","0","7","2","6","50","13","9","1","5","4","6","6","4","4","2","4","5","2","12","2","9","1","1","C03","7","7","1","10","2","12","","84","84","1","13","4","120.684805","24.152243","2"
"244","66000","387130000C","(04)23274275","(04)23288582","2026","1","1","16","39","臺中市","西屯區","0","0","0","7","","","70","","","","","","","","","","","","","","13","","","","","B03","","","1","","1","","","59","59","1","12","4","120.624383","24.178531","3"
"245","66000","387130000C","(04)23274275","(04)23288582","2026","1","1","16","45","臺中市","南屯區","0","1","0","7","3","6","50","13","7","1","5","4","6","6","1","1","5","5","4","2","17","3","10","3","1","B01","7","11","1","4","2","4","","34","34","1","13","4","120.611983","24.137375","2"
"246","66000","387130000C","(04)23274275","(04)23288582","2026","1","1","16","53","臺中市","南區","0","3","0","7","2","6","50","4","1","1","5","4","6","6","1","1","9","4","4","2","17","2","7","2","1","C03","7","9","1","10","2","11","","21","21","1","12","4","120.670758","24.129381","2"
"247","66000","387130000C","(04)23274275","(04)23288582","2026","1","1","16","55","臺中市","北屯區","0","1","0","7","3","6","50","4","1","1","5","4","6","6","1","1","10","5","5","2","18","2","9","2","1","C03","7","9","1","10","2","12","","84","84","1","6","4","120.724519","24.169472","2"
"248","66000","387130000C","(04)23274275","(04)23288582","2026","1","1","16","59","臺中市","東勢區","0","1","0","7","2","6","60","13","12","1","5","4","6","6","4","4","1","4","4","1","17","3","10","3","1","B12","7","3","1","8","2","2","","50","50","1","12","4","120.834147","24.240657","2"
"249","66000","387130000C","(04)23274275","(04)23288582","2026","1","1","17","4","臺中市","南屯區","0","1","0","7","2","6","50","4","9","1","5","4","6","6","2","1","1","4","5","2","16","2","9","1","1","C03","7","7","1","10","2","12","","35","35","1","12","4","120.640715","24.148665","2"
"250","66000","387130000C","(04)23274275","(04)23288582","2026","1","1","17","6","臺中市","太平區","0","1","0","6","2","6","50","13","9","1","5","4","6","6","4","4","5","4","5","2","16","3","10","1","1","F02","7","1","7","21","2","12","","39","39","1","12","4","120.715991","24.14802","2"
"251","66000","387130000C","(04)23274275","(04)23288582","2026","1","1","17","8","臺中市","大肚區","0","0","0","7","","","50","","","","","","","","","","","","","","13","","","","","B03","","","1","","2","","","7","7","1","6","4","120.577735","24.118337","3"
"252","66000","387130000C","(04)23274275","(04)23288582","2026","1","1","17","15","臺中市","梧棲區","0","1","0","7","2","6","50","13","9","1","5","4","6","6","4","4","9","4","5","1","12","2","9","1","1","C03","7","6","1","10","2","12","","48","48","1","12","4","120.531295","24.250882","2"
"253","66000","387130000C","(04)23274275","(04)23288582","2026","1","1","17","17","臺中市","清水區","0","0","0","7","","","50","","","","","","","","","","","","","","","","","","","B03","","","1","","11","","","50","50","1","12","4","120.57298","24.264431","3"
"254","66000","387130000C","(04)23274275","(04)23288582","2026","1","1","17","29","臺中市","霧峰區","0","1","0","7","1","6","50","4","1","1","5","4","6","6","1","1","10","5","5","2","15","2","9","1","1","F03","7","9","7","21","2","11","","21","21","1","12","4","120.694887","24.065941","2"
"255","66000","387130000C","(04)23274275","(04)23288582","2026","1","1","17","33","臺中市","南區","0","3","0","7","1","6","40","4","1","1","5","4","6","6","1","1","10","5","5","2","13","2","9","2","1","C03","7","9","1","10","2","11","","7","7","1","13","4","120.68187","24.133985","2"
"256","66000","387130000C","(04)23274275","(04)23288582","2026","1","1","17","34","臺中市","西區","0","1","0","7","1","6","50","4","7","1","5","4","6","6","1","1","5","4","4","2","12","2","6","1","1","C03","7","9","1","10","2","11","","59","59","1","13","4","120.66795","24.140159","2"
"257","66000","387130000C","(04)23274275","(04)23288582","2026","1","1","17","35","臺中市","東區","0","0","0","7","","","50","","","","","","","","","","","","","","13","","","","","C03","","","1","","1","","","84","84","1","12","4","120.707192","24.132051","3"
"258","66000","387130000C","(04)23274275","(04)23288582","2026","1","1","17","43","臺中市","東勢區","0","0","0","7","","","70","","","","","","","","","","","","","","","","","","","B03","","","1","","1","","","78","78","1","12","4","120.823929","24.258997","3"
"259","66000","387130000C","(04)23274275","(04)23288582","2026","1","1","17","44","臺中市","東區","0","0","0","7","","","50","","","","","","","","","","","","","","","","","","","C03","","","1","","2","","","84","84","1","12","4","120.70089","24.126651","3"
"260","66000","387130000C","(04)23274275","(04)23288582","2026","1","1","17","44","臺中市","西屯區","0","0","0","7","","","50","","","","","","","","","","","","","","17","","","","","B03","","","1","","2","","","8","8","1","12","4","120.616501","24.182804","3"
"261","66000","387130000C","(04)23274275","(04)23288582","2026","1","1","17","44","臺中市","烏日區","0","1","0","7","1","6","30","3","2","1","5","4","6","6","4","4","10","5","5","1","18","2","9","1","1","C03","7","9","1","10","2","11","","59","59","1","6","4","120.651723","24.041748","2"
"262","66000","387130000C","(04)23274275","(04)23288582","2026","1","1","17","45","臺中市","西屯區","0","0","0","7","","","50","","","","","","","","","","","","","","13","","","","","B03","","","1","","1","","","7","7","1","13","4","120.645129","24.177759","3"
"263","66000","387130000C","(04)23274275","(04)23288582","2026","1","1","17","46","臺中市","沙鹿區","0","1","0","6","1","6","40","13","8","1","5","4","6","6","4","4","3","3","3","1","18","2","9","5","4","C03","7","9","1","10","2","14","","82","82","1","13","4","120.581707","24.208208","2"
"264","66000","387130000C","(04)23274275","(04)23288582","2026","1","1","17","49","臺中市","西屯區","0","1","0","7","1","6","40","13","8","1","5","4","6","6","4","4","10","5","5","2","12","3","10","2","1","C03","7","9","1","10","2","14","","8","8","1","12","4","120.644173","24.182261","2"
"265","66000","387130000C","(04)23274275","(04)23288582","2026","1","1","17","50","臺中市","東區","0","3","0","7","1","6","50","13","7","1","5","4","6","6","4","4","5","4","4","2","9","2","9","2","1","C03","7","9","1","10","2","11","14","84","84","1","12","2","120.684357","24.126841","2"
"266","66000","387130000C","(04)23274275","(04)23288582","2026","1","1","17","50","臺中市","西屯區","0","0","0","7","","","40","","","","","","","","","","","","","","13","","","","","B03","","","1","","1","","","84","84","1","12","4","120.621585","24.18004","3"
"267","66000","387130000C","(04)23274275","(04)23288582","2026","1","1","17","56","臺中市","西區","0","1","0","7","1","6","50","4","9","1","5","4","6","6","2","1","8","3","5","2","13","3","10","3","1","B02","7","9","1","8","1","5","","7","7","1","12","4","120.657654","24.150873","2"
"268","66000","387130000C","(04)23274275","(04)23288582","2026","1","1","17","57","臺中市","北屯區","0","2","0","7","1","6","50","4","1","1","5","4","6","6","2","1","10","5","5","2","17","2","8","1","1","C03","7","9","1","10","2","12","","85","85","1","6","4","120.730315","24.17374","2"
"269","66000","387130000C","(04)23274275","(04)23288582","2026","1","1","18","0","臺中市","北屯區","0","0","0","7","","","50","","","","","","","","","","","","","","12","","","","","B03","","","1","","1","","","40","40","1","13","4","120.721246","24.175602","3"
"270","66000","387130000C","(04)23274275","(04)23288582","2026","1","1","18","13","臺中市","神岡區","0","0","0","7","","","50","","","","","","","","","","","","","","17","","","","","B03","","","1","","2","","","8","8","1","13","4","120.683746","24.246798","3"
"271","66000","387130000C","(04)23274275","(04)23288582","2026","1","1","18","27","臺中市","西屯區","0","0","0","7","","","50","","","","","","","","","","","","","","13","","","","","C03","","","1","","1","","","7","7","1","12","4","120.658216","24.164869","3"
"272","66000","387130000C","(04)23274275","(04)23288582","2026","1","1","18","29","臺中市","東區","0","1","0","7","1","6","50","3","1","1","5","4","6","6","4","4","9","4","4","2","17","3","10","3","1","B03","7","11","1","8","2","8","","48","48","1","12","4","120.707274","24.136157","2"
"273","66000","387130000C","(04)23274275","(04)23288582","2026","1","1","18","35","臺中市","大雅區","0","0","0","7","","","70","","","","","","","","","","","","","","13","","","","","B03","","","1","","2","","","7","7","1","12","4","120.634457","24.236776","3"
"274","66000","387130000C","(04)23274275","(04)23288582","2026","1","1","18","37","臺中市","南區","0","0","0","7","","","50","","","","","","","","","","","","","","17","","","","","B03","","","1","","1","","","84","84","1","13","4","120.661748","24.121596","4"
"275","66000","387130000C","(04)23274275","(04)23288582","2026","1","1","18","39","臺中市","南屯區","0","0","0","7","","","50","","","","","","","","","","","","","","","","","","","C03","","","1","","2","","","59","59","1","12","4","120.620912","24.134705","4"
"276","66000","387130000C","(04)23274275","(04)23288582","2026","1","1","18","43","臺中市","沙鹿區","0","0","0","7","","","50","","","","","","","","","","","","","","17","","","","","C03","","","1","","1","","","59","59","1","6","4","120.579327","24.223962","3"
"277","66000","387130000C","(04)23274275","(04)23288582","2026","1","1","18","49","臺中市","東區","0","2","0","7","1","6","40","4","2","1","5","4","6","6","4","4","3","4","4","2","12","2","9","2","1","C03","7","9","1","10","2","14","","85","85","1","12","4","120.694274","24.147776","2"
"278","66000","387130000C","(04)23274275","(04)23288582","2026","1","1","18","52","臺中市","中區","0","0","0","7","","","30","","","","","","","","","","","","","","","","","","","B02","","","1","","2","","","84","84","1","13","4","120.677822","24.146747","3"
"279","66000","387130000C","(04)23274275","(04)23288582","2026","1","1","18","59","臺中市","西屯區","0","1","0","7","1","6","50","5","2","1","5","4","6","6","1","1","5","5","5","2","11","3","10","3","1","B03","7","8","1","8","2","8","","34","34","1","12","4","120.64595","24.171926","2"
"280","66000","387130000C","(04)23274275","(04)23288582","2026","1","1","19","5","臺中市","南屯區","0","1","0","7","1","6","50","13","7","1","5","4","6","6","1","1","5","5","4","2","13","2","9","2","1","C03","7","9","1","10","2","11","","59","59","1","13","4","120.649608","24.138881","2"
"281","66000","387130000C","(04)23274275","(04)23288582","2026","1","1","19","10","臺中市","太平區","0","0","0","7","","","50","","","","","","","","","","","","","","","","","","","B02","","","1","","1","","","58","58","1","12","4","120.711414","24.141067","3"
"282","66000","387130000C","(04)23274275","(04)23288582","2026","1","1","19","15","臺中市","北屯區","0","2","0","7","3","6","50","13","9","1","5","4","6","6","4","4","5","5","5","2","18","2","9","2","1","C03","7","9","1","10","2","12","","84","84","1","6","4","120.766054","24.162156","2"
"283","66000","387130000C","(04)23274275","(04)23288582","2026","1","1","19","15","臺中市","清水區","0","1","0","7","1","6","50","13","9","1","5","4","6","6","4","4","5","5","5","1","13","2","1","1","1","C03","7","9","1","10","9","11","","59","59","2","12","4","120.571934","24.269617","2"
"284","66000","387130000C","(04)23274275","(04)23288582","2026","1","1","19","17","臺中市","西屯區","0","1","0","7","1","6","50","5","1","1","5","4","6","6","2","1","10","5","5","2","18","2","9","2","1","C03","7","9","1","10","2","16","","59","59","1","13","4","120.664287","24.16467","2"
"285","66000","387130000C","(04)23274275","(04)23288582","2026","1","1","19","18","臺中市","太平區","0","0","0","6","","","50","","","","","","","","","","","","","","","","","","","B03","","","1","","2","","","50","50","1","12","4","120.704585","24.161904","3"
"286","66000","387130000C","(04)23274275","(04)23288582","2026","1","1","19","18","臺中市","梧棲區","0","1","0","7","1","6","60","3","1","1","5","4","6","6","4","4","10","5","5","2","16","3","10","3","1","B03","7","5","1","8","2","5","","14","14","1","12","4","120.536677","24.251504","2"
"287","66000","387130000C","(04)23274275","(04)23288582","2026","1","1","19","32","臺中市","西屯區","0","0","0","7","","","50","","","","","","","","","","","","","","13","","","","","C03","","","1","","1","","","7","7","1","12","4","120.646558","24.171323","3"
"288","66000","387130000C","(04)23274275","(04)23288582","2026","1","1","19","34","臺中市","潭子區","0","2","0","7","1","6","40","3","1","1","5","4","6","6","3","1","10","5","5","2","17","2","9","2","1","C03","7","6","1","10","2","11","","11","11","1","12","4","120.692682","24.215907","2"
"289","66000","387130000C","(04)23274275","(04)23288582","2026","1","1","19","35","臺中市","西屯區","0","0","0","7","","","50","","","","","","","","","","","","","","17","","","","","B03","","","1","","1","","","51","51","2","12","4","120.617259","24.192606","3"
"290","66000","387130000C","(04)23274275","(04)23288582","2026","1","1","19","37","臺中市","龍井區","0","0","0","7","","","30","","","","","","","","","","","","","","","","","","","B12","","","1","","1","","","49","49","1","12","4","120.528779","24.187643","3"
"291","66000","387130000C","(04)23274275","(04)23288582","2026","1","1","19","38","臺中市","西區","0","0","0","7","","","50","","","","","","","","","","","","","","13","","","","","B03","","","1","","2","","","59","59","1","12","4","120.657063","24.150722","3"
"292","66000","387130000C","(04)23274275","(04)23288582","2026","1","1","19","55","臺中市","太平區","0","0","0","7","","","30","","","","","","","","","","","","","","","","","","","B03","","","1","","2","","","58","58","1","12","4","120.720704","24.121908","3"
"293","66000","387130000C","(04)23274275","(04)23288582","2026","1","1","19","58","臺中市","西區","0","1","0","7","1","6","50","13","12","1","5","4","6","6","4","4","5","5","4","2","17","3","10","1","1","C03","7","1","1","9","2","16","","51","51","1","13","4","120.660526","24.133059","2"
"294","66000","387130000C","(04)23274275","(04)23288582","2026","1","1","19","59","臺中市","南區","0","1","0","7","1","6","50","13","9","1","5","4","6","6","4","4","1","4","5","2","12","3","10","3","1","B03","7","4","1","8","2","2","","8","8","1","12","4","120.667442","24.119056","2"
"295","66000","387130000C","(04)23274275","(04)23288582","2026","1","1","20","0","臺中市","西區","0","0","0","7","","","50","","","","","","","","","","","","","","17","","","","","B03","","","1","","9","","","50","50","1","13","4","120.676543","24.133948","3"
"296","66000","387130000C","(04)23274275","(04)23288582","2026","1","1","20","3","臺中市","南屯區","0","0","0","7","","","50","","","","","","","","","","","","","","13","","","","","B03","","","1","","1","","","7","7","1","12","4","120.643897","24.129515","3"
"297","66000","387130000C","(04)23274275","(04)23288582","2026","1","1","20","6","臺中市","東區","0","0","0","7","","","50","","","","","","","","","","","","","","16","","","","","B03","","","1","","2","","","84","84","1","12","4","120.690904","24.145107","3"
"298","66000","387130000C","(04)23274275","(04)23288582","2026","1","1","20","12","臺中市","東區","0","0","0","6","","","50","","","","","","","","","","","","","","17","","","","","B03","","","1","","2","","","49","49","1","12","4","120.702471","24.133579","3"
"299","66000","387130000C","(04)23274275","(04)23288582","2026","1","1","20","12","臺中市","豐原區","0","0","0","7","","","50","","","","","","","","","","","","","","13","","","","","B03","","","1","","1","","","82","82","1","12","4","120.759546","24.276811","3"
"300","66000","387130000C","(04)23274275","(04)23288582","2026","1","1","20","13","臺中市","豐原區","0","2","0","7","1","6","40","3","1","1","5","4","6","6","4","4","1","4","4","1","16","2","9","1","4","C03","7","9","2","19","2","11","","6","6","1","12","4","120.737305","24.253575","2"
"301","66000","387130000C","(04)23274275","(04)23288582","2026","1","1","20","25","臺中市","豐原區","0","2","0","7","1","6","50","13","7","1","5","4","6","6","4","4","9","4","4","1","17","2","9","1","1","C03","7","9","1","10","2","11","","7","7","1","6","4","120.720846","24.258451","2"
"302","66000","387130000C","(04)23274275","(04)23288582","2026","1","1","20","30","臺中市","大里區","0","1","0","7","1","6","50","5","1","1","5","4","6","6","2","1","5","5","5","1","16","3","10","3","1","B03","7","6","1","8","2","5","","11","11","1","6","4","120.700958","24.102459","2"
"303","66000","387130000C","(04)23274275","(04)23288582","2026","1","1","20","31","臺中市","大里區","0","1","0","7","1","6","30","3","1","1","5","4","6","6","4","4","10","5","5","2","16","3","10","3","1","B03","7","5","1","8","2","7","","14","14","1","13","4","120.675267","24.11421","2"
"304","66000","387130000C","(04)23274275","(04)23288582","2026","1","1","20","39","臺中市","東區","0","2","0","7","1","6","50","3","1","1","5","4","6","6","4","4","10","5","5","2","12","2","9","2","1","C03","7","9","3","19","2","12","","84","84","1","13","4","120.705666","24.139193","2"
"305","66000","387130000C","(04)23274275","(04)23288582","2026","1","1","20","42","臺中市","南區","0","2","0","7","2","6","40","13","7","1","5","4","6","6","4","4","5","4","4","2","17","3","10","2","1","C03","7","1","5","19","2","14","","51","51","1","12","4","120.684491","24.1308","2"
"306","66000","387130000C","(04)23274275","(04)23288582","2026","1","1","20","46","臺中市","大里區","0","2","0","7","1","6","50","13","9","1","5","4","6","6","4","4","5","5","5","2","13","2","9","1","1","C03","7","9","1","10","2","11","12","7","7","1","6","4","120.696173","24.11036","2"
"307","66000","387130000C","(04)23274275","(04)23288582","2026","1","1","20","48","臺中市","西區","0","0","0","7","","","50","","","","","","","","","","","","","","16","","","","","B03","","","1","","2","","","20","20","1","12","4","120.653797","24.153487","3"
"308","66000","387130000C","(04)23274275","(04)23288582","2026","1","1","20","51","臺中市","烏日區","0","0","0","7","","","50","","","","","","","","","","","","","","9","","","","","B03","","","1","","1","","","84","84","1","6","4","120.632011","24.105151","3"
"309","66000","387130000C","(04)23274275","(04)23288582","2026","1","1","21","2","臺中市","大肚區","0","0","0","7","","","30","","","","","","","","","","","","","","","","","","","B03","","","1","","9","","","49","49","1","12","4","120.547266","24.155175","3"
"310","66000","387130000C","(04)23274275","(04)23288582","2026","1","1","21","15","臺中市","南屯區","0","0","0","7","1","6","50","13","9","1","5","4","6","6","4","4","5","4","5","2","13","","","","","B03","","","1","","9","","","7","7","2","12","4","120.637506","24.143104","3"
"311","66000","387130000C","(04)23274275","(04)23288582","2026","1","1","21","32","臺中市","北屯區","0","0","0","7","","","50","","","","","","","","","","","","","","13","","","","","B03","","","1","8","1","","","84","84","1","6","4","120.701755","24.182372","4"
"312","66000","387130000C","(04)23274275","(04)23288582","2026","1","1","21","32","臺中市","梧棲區","0","3","0","1","1","6","60","4","2","1","5","4","6","6","2","1","1","2","5","1","13","2","8","3","1","B03","7","9","5","8","8","1","","53","53","1","12","4","120.540987","24.260891","2"
"313","66000","387130000C","(04)23274275","(04)23288582","2026","1","1","21","34","臺中市","南區","0","0","0","7","","","50","","","","","","","","","","","","","","13","","","","","B03","","","1","","2","","","84","84","1","12","4","120.661965","24.129398","3"
"314","66000","387130000C","(04)23274275","(04)23288582","2026","1","1","21","41","臺中市","沙鹿區","0","0","0","7","","","50","","","","","","","","","","","","","","","","","","","C03","","","1","","2","","","78","78","1","12","4","120.565066","24.243617","3"
"315","66000","387130000C","(04)23274275","(04)23288582","2026","1","1","21","50","臺中市","西屯區","0","0","0","7","","","50","","","","","","","","","","","","","","13","","","","","B01","","","1","","1","","","84","84","1","12","4","120.615468","24.189164","3"
"316","66000","387130000C","(04)23274275","(04)23288582","2026","1","1","22","3","臺中市","大雅區","0","0","0","7","","","50","","","","","","","","","","","","","","13","","","","","B03","","","1","","1","","","7","7","1","13","4","120.64676","24.229236","3"
"317","66000","387130000C","(04)23274275","(04)23288582","2026","1","1","22","6","臺中市","潭子區","0","0","0","7","","","30","","","","","","","","","","","","","","14","","","","","B02","","","1","","2","","","49","49","1","12","4","120.694272","24.205575","3"
"318","66000","387130000C","(04)23274275","(04)23288582","2026","1","1","22","10","臺中市","西區","0","0","0","7","","","0","","","","","","","","","","","","","","","","","","","C03","","","1","","1","","","87","87","1","6","4","120.660985","24.150724","3"
"319","66000","387130000C","(04)23274275","(04)23288582","2026","1","1","22","15","臺中市","北屯區","0","2","0","7","3","6","50","4","1","1","5","4","6","6","1","1","10","5","5","2","17","2","9","2","1","C03","7","9","1","10","2","14","","7","7","1","6","4","120.683387","24.171006","2"
"320","66000","387130000C","(04)23274275","(04)23288582","2026","1","1","22","17","臺中市","沙鹿區","0","0","0","6","","","60","","","","","","","","","","","","","","","","","","","B02","","","1","","11","","","87","87","1","13","4","120.602237","24.249189","3"
"321","66000","387130000C","(04)23274275","(04)23288582","2026","1","1","22","19","臺中市","神岡區","0","3","0","7","2","6","50","4","2","1","5","4","6","6","2","1","5","4","4","1","17","2","9","5","4","B03","7","5","1","8","3","1","","39","39","1","13","4","120.655521","24.255546","2"
"322","66000","387130000C","(04)23274275","(04)23288582","2026","1","1","22","26","臺中市","龍井區","0","1","0","7","1","6","50","3","1","1","5","4","6","6","4","4","5","5","5","2","16","2","8","2","1","F03","7","6","7","21","7","11","","7","7","1","6","4","120.591094","24.179569","2"
"323","66000","387130000C","(04)23274275","(04)23288582","2026","1","1","22","30","臺中市","梧棲區","0","0","0","7","","","50","","","","","","","","","","","","","","16","","","","","B03","","","1","","2","","","12","12","1","12","4","120.557855","24.243682","3"
"324","66000","387130000C","(04)23274275","(04)23288582","2026","1","1","22","32","臺中市","大雅區","0","0","0","7","","","50","","","","","","","","","","","","","","16","","","","","B03","","","1","","2","","","11","11","1","12","4","120.645034","24.222753","3"
"325","66000","387130000C","(04)23274275","(04)23288582","2026","1","1","22","33","臺中市","沙鹿區","0","3","0","7","1","6","40","13","8","1","5","4","6","6","4","4","1","4","1","1","17","2","9","1","1","C03","7","9","1","9","2","11","13","59","59","1","12","4","120.580758","24.202105","2"
"326","66000","387130000C","(04)23274275","(04)23288582","2026","1","1","22","36","臺中市","大里區","0","1","0","7","1","6","30","13","9","1","5","4","6","6","4","4","10","5","5","2","17","2","8","1","1","C03","7","1","1","10","2","12","","51","51","1","13","4","120.687305","24.123581","2"
"327","66000","387130000C","(04)23274275","(04)23288582","2026","1","1","22","39","臺中市","西屯區","0","1","0","7","1","6","50","13","8","1","5","4","6","6","4","4","1","4","5","2","18","2","9","2","4","C03","7","9","1","10","2","16","","84","84","1","12","4","120.624267","24.154505","2"
"328","66000","387130000C","(04)23274275","(04)23288582","2026","1","1","22","52","臺中市","東區","0","2","0","7","1","6","50","13","9","1","5","4","6","6","4","4","9","4","4","2","17","3","10","3","1","B03","7","11","1","8","2","4","","45","45","1","12","4","120.701617","24.141006","2"
"329","66000","387130000C","(04)23274275","(04)23288582","2026","1","1","22","53","臺中市","后里區","0","1","0","7","1","6","50","13","9","1","5","4","6","6","4","4","5","5","5","1","17","3","10","3","1","B03","7","3","1","3","2","4","","50","50","1","12","4","120.721186","24.308461","2"
"330","66000","387130000C","(04)23274275","(04)23288582","2026","1","1","22","58","臺中市","中區","0","2","0","7","1","6","30","4","1","1","5","4","6","6","4","4","10","4","5","2","15","2","8","1","1","C03","7","9","1","10","2","12","","13","13","1","13","4","120.683703","24.140088","2"
"331","66000","387130000C","(04)23274275","(04)23288582","2026","1","1","23","37","臺中市","梧棲區","0","0","0","1","","","50","","","","","","","","","","","","","","13","","","","","B03","","","1","","1","","","59","59","1","12","4","120.53639","24.258893","3"
"332","66000","387130000C","(04)23274275","(04)23288582","2026","1","1","23","39","臺中市","西屯區","0","2","0","7","1","6","40","3","1","1","5","4","6","6","1","1","10","5","5","2","17","2","9","2","1","C03","7","15","1","10","2","13","","26","26","1","12","4","120.618893","24.181113","2"