序號,縣市別代碼,機關代碼,市話,傳真,年,月,日,時,分,縣市,區,死亡數量,受傷數量,2-30,天候,道路照明設備,道路類別,道路速限,道路型態,事故位置,路面鋪裝,路面狀態,路面缺陷,障礙物,視距,號誌種類,號誌動作,分向設施,快車道或一般車道間,快慢車道間,路面邊線,事故類型及型態,受傷程度,主要傷處,保護裝備,行動電話或功能裝置,當事者區分(類別),車輛用途,當事者行動狀態,駕照狀態,駕照種類,飲酒情形,車輛撞擊部位最初,車輛撞擊部位其他,肇事因素個別,肇事因素主要,肇事逃逸,職業,共享經濟或外送平台,GPS座標X,GPS座標Y,事故類別
"333","66000","387130000C","(04)23274275","(04)23288582","2026","1","2","0","6","臺中市","大雅區","0","0","0","7","","","0","","","","","","","","","","","","","","17","","","","","B03","","","1","","1","","","51","51","1","13","4","120.644516","24.227071","3"
"334","66000","387130000C","(04)23274275","(04)23288582","2026","1","2","0","7","臺中市","西屯區","0","0","0","7","","","50","","","","","","","","","","","","","","12","","","","","B03","","","1","","1","","","20","20","1","12","4","120.657308","24.196718","3"
"335","66000","387130000C","(04)23274275","(04)23288582","2026","1","2","0","12","臺中市","西屯區","0","1","0","7","1","6","30","4","1","1","5","4","6","6","4","4","10","5","5","2","15","2","9","2","1","C03","7","9","1","10","2","11","","15","15","1","12","4","120.643887","24.181684","2"
"336","66000","387130000C","(04)23274275","(04)23288582","2026","1","2","0","15","臺中市","大里區","0","3","0","7","1","6","50","13","9","1","5","4","6","6","1","1","9","4","5","2","17","2","9","2","1","C03","7","1","1","10","2","11","","51","51","1","12","4","120.694611","24.1115","2"
"337","66000","387130000C","(04)23274275","(04)23288582","2026","1","2","0","23","臺中市","西區","0","1","0","7","3","6","50","4","1","1","5","4","6","6","1","1","10","5","5","2","18","2","9","1","1","C03","7","5","1","10","2","14","","84","84","1","6","4","120.657348","24.13381","2"
"338","66000","387130000C","(04)23274275","(04)23288582","2026","1","2","0","23","臺中市","大里區","0","1","0","7","1","6","50","13","9","1","5","4","6","6","4","4","9","5","5","1","28","2","9","5","4","C04","7","9","1","10","2","11","","84","84","1","13","4","120.693936","24.090869","2"
"339","66000","387130000C","(04)23274275","(04)23288582","2026","1","2","0","38","臺中市","西屯區","0","0","0","7","","","50","","","","","","","","","","","","","","","","","","","C03","","","1","","1","","","7","7","1","12","4","120.645527","24.172403","4"
"340","66000","387130000C","(04)23274275","(04)23288582","2026","1","2","1","1","臺中市","西屯區","0","0","0","7","","","60","","","","","","","","","","","","","","17","","","","","B01","","","1","","1","","","20","20","1","12","4","120.653154","24.160477","3"
"341","66000","387130000C","(04)23274275","(04)23288582","2026","1","2","1","16","臺中市","北屯區","0","0","0","7","","","50","","","","","","","","","","","","","","17","","","","","","","","","","","","","86","86","1","","","120.730929","24.17281","3"
"342","66000","387130000C","(04)23274275","(04)23288582","2026","1","2","1","21","臺中市","北屯區","0","1","0","7","1","6","50","4","1","1","5","4","6","6","2","1","10","5","5","2","15","3","10","3","1","B03","7","9","1","8","2","2","","21","21","1","6","4","120.7175","24.175489","2"
"343","66000","387130000C","(04)23274275","(04)23288582","2026","1","2","1","45","臺中市","中區","0","0","0","7","","","50","","","","","","","","","","","","","","24","","","","","C03","","","1","","1","","","84","84","1","13","4","120.678708","24.147241","3"
"344","66000","387130000C","(04)23274275","(04)23288582","2026","1","2","2","16","臺中市","太平區","0","1","0","7","1","6","50","13","7","1","5","4","6","6","4","4","5","4","4","2","27","2","1","3","1","B03","7","9","1","8","2","1","2","84","84","1","12","4","120.705682","24.156993","2"
"345","66000","387130000C","(04)23274275","(04)23288582","2026","1","2","5","3","臺中市","北區","0","0","0","7","","","30","","","","","","","","","","","","","","17","","","","","B03","","","1","","9","","","8","8","2","13","4","120.669138","24.156475","3"
"346","66000","387130000C","(04)23274275","(04)23288582","2026","1","2","5","27","臺中市","東區","0","1","0","7","1","6","50","4","1","1","5","4","6","6","1","1","10","5","5","2","16","2","9","1","1","C03","7","6","3","19","9","11","","39","39","1","12","4","120.696831","24.144692","2"
"347","66000","387130000C","(04)23274275","(04)23288582","2026","1","2","5","40","臺中市","西屯區","0","0","0","7","","","30","","","","","","","","","","","","","","","","","","","A12","","","1","","1","","","49","49","1","12","4","120.655611","24.163179","3"
"348","66000","387130000C","(04)23274275","(04)23288582","2026","1","2","6","10","臺中市","北屯區","0","0","0","7","","","50","","","","","","","","","","","","","","14","","","","","B03","","","1","","9","","","49","49","2","13","4","120.664813","24.193134","3"
"349","66000","387130000C","(04)23274275","(04)23288582","2026","1","2","6","13","臺中市","潭子區","0","2","0","7","2","6","50","3","2","1","5","4","6","6","1","1","5","3","5","1","15","2","8","1","1","C03","7","9","1","10","2","11","","4","4","1","12","4","120.703792","24.215597","2"
"350","66000","387130000C","(04)23274275","(04)23288582","2026","1","2","6","47","臺中市","南區","0","3","0","7","2","6","50","4","1","1","5","4","6","6","1","1","10","5","5","2","17","2","9","1","1","C03","7","9","2","19","2","11","","7","7","1","12","4","120.655129","24.135071","2"
"351","66000","387130000C","(04)23274275","(04)23288582","2026","1","2","6","51","臺中市","潭子區","0","0","0","7","","","50","","","","","","","","","","","","","","13","","","","","B03","","","1","","2","","","59","59","1","13","4","120.691192","24.215642","3"
"352","66000","387130000C","(04)23274275","(04)23288582","2026","1","2","6","52","臺中市","南區","0","1","0","7","3","6","40","4","1","1","5","4","6","6","4","4","10","5","5","2","21","2","2","5","4","F01","7","9","7","21","2","11","","84","84","1","3","4","120.658384","24.115542","2"
"353","66000","387130000C","(04)23274275","(04)23288582","2026","1","2","7","10","臺中市","太平區","0","2","0","7","2","6","50","3","9","1","5","4","6","6","1","1","5","4","5","2","13","2","9","2","1","C03","7","9","1","10","2","11","","7","7","1","12","4","120.712303","24.125998","2"
"354","66000","387130000C","(04)23274275","(04)23288582","2026","1","2","7","10","臺中市","豐原區","0","0","0","7","","","50","","","","","","","","","","","","","","17","","","","","B02","","","1","","2","","","84","84","1","12","4","120.69923","24.248233","3"
"355","66000","387130000C","(04)23274275","(04)23288582","2026","1","2","7","15","臺中市","南屯區","0","3","0","7","1","6","50","13","9","1","5","4","6","6","4","4","10","5","5","2","3","2","9","6","5","H01","8","18","7","21","1","17","","95","95","1","13","5","120.65207","24.149187","2"
"356","66000","387130000C","(04)23274275","(04)23288582","2026","1","2","7","18","臺中市","外埔區","0","0","0","7","2","6","50","13","9","1","5","4","6","6","1","1","10","5","5","1","11","","","","","A11","","","1","","2","","","59","59","1","6","4","120.656321","24.332992","3"
"357","66000","387130000C","(04)23274275","(04)23288582","2026","1","2","7","20","臺中市","大甲區","0","2","0","7","2","6","50","3","1","1","5","4","6","6","1","1","10","5","5","2","16","2","9","2","1","C03","7","6","1","10","2","12","","20","20","1","6","4","120.619319","24.345484","2"
"358","66000","387130000C","(04)23274275","(04)23288582","2026","1","2","7","20","臺中市","神岡區","0","0","0","7","","","50","","","","","","","","","","","","","","12","","","","","A11","","","1","","2","","","7","7","1","13","4","120.684996","24.246108","3"
"359","66000","387130000C","(04)23274275","(04)23288582","2026","1","2","7","21","臺中市","西屯區","0","1","0","6","2","6","50","3","2","1","5","4","6","6","4","4","10","5","5","2","13","3","10","3","1","B03","7","5","1","8","2","5","","7","7","1","12","4","120.636063","24.175305","2"
"360","66000","387130000C","(04)23274275","(04)23288582","2026","1","2","7","23","臺中市","潭子區","0","0","0","7","","","30","","","","","","","","","","","","","","16","","","","","B03","","","1","","2","","","12","12","1","12","4","120.70471","24.205745","3"
"361","66000","387130000C","(04)23274275","(04)23288582","2026","1","2","7","23","臺中市","東勢區","0","0","0","7","","","50","","","","","","","","","","","","","","16","","","","","C03","","","1","","2","","","21","21","1","13","4","120.800991","24.294338","3"
"362","66000","387130000C","(04)23274275","(04)23288582","2026","1","2","7","26","臺中市","南區","0","0","0","7","","","","","","","","","","","","","","","","","","","","","","","","","","","","","","119","119","1","","","120.658806","24.118243","3"
"363","66000","387130000C","(04)23274275","(04)23288582","2026","1","2","7","26","臺中市","西屯區","0","1","0","7","2","6","40","13","8","1","5","4","6","6","4","4","1","4","1","1","17","3","10","2","1","C03","7","1","1","10","9","16","","51","51","1","12","4","120.614886","24.183101","2"
"364","66000","387130000C","(04)23274275","(04)23288582","2026","1","2","7","26","臺中市","東勢區","0","1","0","7","2","6","40","3","1","1","5","4","6","6","2","1","5","5","5","1","17","3","10","5","4","B03","7","9","1","8","2","8","","59","59","1","13","4","120.839409","24.205091","2"
"365","66000","387130000C","(04)23274275","(04)23288582","2026","1","2","7","28","臺中市","太平區","0","1","0","7","2","6","50","13","9","1","5","4","6","6","4","4","5","5","5","1","13","2","9","2","1","C03","7","9","1","10","2","11","","7","7","1","13","4","120.733315","24.156535","2"
"366","66000","387130000C","(04)23274275","(04)23288582","2026","1","2","7","30","臺中市","大雅區","0","0","0","7","","","50","","","","","","","","","","","","","","","","","","","C03","","","1","","1","","","20","20","1","13","4","120.650635","24.22322","3"
"367","66000","387130000C","(04)23274275","(04)23288582","2026","1","2","7","31","臺中市","南區","0","0","0","7","","","50","","","","","","","","","","","","","","12","","","","","B03","","","1","","1","","","8","8","1","6","4","120.6624","24.119704","3"
"368","66000","387130000C","(04)23274275","(04)23288582","2026","1","2","7","31","臺中市","豐原區","0","1","0","7","2","6","60","4","2","1","5","4","6","6","1","1","5","5","5","2","16","3","10","5","4","B03","7","5","1","8","2","5","","14","14","1","12","4","120.719966","24.236938","2"
"369","66000","387130000C","(04)23274275","(04)23288582","2026","1","2","7","32","臺中市","大甲區","0","1","0","7","3","6","50","4","2","1","5","4","6","6","1","1","5","5","5","2","12","3","10","1","1","C04","7","6","1","10","2","14","","39","39","1","6","4","120.646016","24.404353","2"
"370","66000","387130000C","(04)23274275","(04)23288582","2026","1","2","7","33","臺中市","北屯區","0","2","0","7","2","6","50","3","1","1","5","4","6","6","4","4","10","5","5","2","17","3","10","5","4","B03","7","1","1","8","2","8","","51","51","1","12","4","120.676557","24.19493","2"
"371","66000","387130000C","(04)23274275","(04)23288582","2026","1","2","7","36","臺中市","清水區","0","1","0","6","2","6","50","4","1","1","5","4","6","6","1","1","8","3","4","2","13","3","10","3","1","B03","7","8","1","8","2","3","","35","35","1","12","4","120.577053","24.272998","2"
"372","66000","387130000C","(04)23274275","(04)23288582","2026","1","2","7","37","臺中市","東區","0","0","0","7","","","50","","","","","","","","","","","","","","","","","","","B02","","","1","","1","","","49","49","1","6","4","120.700185","24.138855","3"
"373","66000","387130000C","(04)23274275","(04)23288582","2026","1","2","7","38","臺中市","北屯區","0","0","0","7","","","50","","","","","","","","","","","","","","13","","","","","B03","","","1","","1","","","7","7","1","12","4","120.719164","24.16197","3"
"374","66000","387130000C","(04)23274275","(04)23288582","2026","1","2","7","38","臺中市","豐原區","0","0","0","7","2","6","50","3","1","1","5","4","6","6","4","4","5","5","4","2","11","3","10","3","1","B03","7","6","1","3","6","8","","48","48","1","12","4","120.734518","24.236912","3"
"375","66000","387130000C","(04)23274275","(04)23288582","2026","1","2","7","38","臺中市","神岡區","0","2","0","6","2","6","30","3","1","1","5","4","6","6","4","4","10","5","5","1","17","2","9","2","1","C03","7","6","1","10","2","11","","14","14","1","6","4","120.703793","24.264782","2"
"376","66000","387130000C","(04)23274275","(04)23288582","2026","1","2","7","39","臺中市","東區","0","1","0","7","3","6","50","4","9","1","5","4","6","6","1","1","5","5","5","2","16","3","10","5","4","B01","7","5","1","8","2","5","","26","26","1","6","4","120.689902","24.13827","2"
"377","66000","387130000C","(04)23274275","(04)23288582","2026","1","2","7","40","臺中市","北區","0","1","0","7","2","6","50","4","8","1","5","4","6","6","2","1","1","4","4","2","13","2","9","1","1","C03","7","9","1","10","2","11","","7","7","1","13","4","120.673874","24.16482","2"
"378","66000","387130000C","(04)23274275","(04)23288582","2026","1","2","7","40","臺中市","霧峰區","0","0","0","7","","","50","","","","","","","","","","","","","","13","","","","","C03","","","1","","1","","","7","7","1","12","4","120.697769","24.057298","3"
"379","66000","387130000C","(04)23274275","(04)23288582","2026","1","2","7","40","臺中市","大安區","0","0","0","7","","","50","","","","","","","","","","","","","","","","","","","C03","","","1","","1","","","11","11","2","6","4","120.588213","24.344449","3"
"380","66000","387130000C","(04)23274275","(04)23288582","2026","1","2","7","41","臺中市","烏日區","0","0","0","7","","","50","","","","","","","","","","","","","","12","","","","","B03","","","1","","1","","","78","78","1","12","4","120.607553","24.111958","3"
"381","66000","387130000C","(04)23274275","(04)23288582","2026","1","2","7","45","臺中市","東區","0","1","0","7","2","6","50","3","9","1","5","4","6","6","1","1","5","5","5","2","13","2","8","1","1","C03","7","9","1","10","2","11","","7","7","1","12","4","120.693425","24.138644","2"
"382","66000","387130000C","(04)23274275","(04)23288582","2026","1","2","7","46","臺中市","霧峰區","0","1","0","7","2","6","60","13","12","1","5","4","6","6","4","4","1","4","4","1","17","3","10","3","1","B03","7","1","1","8","2","7","","51","51","1","12","4","120.69504","24.060529","2"
"383","66000","387130000C","(04)23274275","(04)23288582","2026","1","2","7","46","臺中市","豐原區","0","1","0","6","2","6","50","13","9","1","5","4","6","6","4","4","9","5","5","1","17","3","10","5","1","B03","7","13","1","8","9","4","","76","76","1","6","4","120.716653","24.260022","2"
"384","66000","387130000C","(04)23274275","(04)23288582","2026","1","2","7","47","臺中市","北區","0","0","0","7","","","50","","","","","","","","","","","","","","","","","","","B03","","","1","","1","","","50","50","1","12","4","120.678237","24.166918","3"
"385","66000","387130000C","(04)23274275","(04)23288582","2026","1","2","7","50","臺中市","北屯區","0","1","0","7","2","6","40","4","2","1","5","4","6","6","2","1","5","5","4","2","18","2","8","2","1","C03","7","9","1","10","2","16","","5","5","1","12","4","120.690387","24.185464","2"
"386","66000","387130000C","(04)23274275","(04)23288582","2026","1","2","7","50","臺中市","烏日區","0","1","0","7","2","6","50","5","2","1","5","4","6","6","4","4","5","5","4","1","13","3","10","5","4","C03","7","9","5","19","9","11","","59","59","2","12","4","120.620767","24.106517","2"
"387","66000","387130000C","(04)23274275","(04)23288582","2026","1","2","7","51","臺中市","南屯區","0","0","0","7","","","50","","","","","","","","","","","","","","12","","","","","B03","","","1","","2","","","8","8","1","12","4","120.630894","24.143522","3"
"388","66000","387130000C","(04)23274275","(04)23288582","2026","1","2","7","53","臺中市","南屯區","0","2","0","7","2","6","60","4","2","1","5","4","6","6","2","1","1","4","5","2","13","3","10","3","1","B03","7","9","1","8","2","1","","7","7","1","12","4","120.646789","24.146405","2"
"389","66000","387130000C","(04)23274275","(04)23288582","2026","1","2","7","54","臺中市","大里區","0","2","0","7","2","6","60","4","2","1","5","4","6","6","1","1","3","4","4","2","13","2","9","2","1","C03","7","9","1","10","2","11","","7","7","1","13","4","120.687823","24.085837","2"
"390","66000","387130000C","(04)23274275","(04)23288582","2026","1","2","7","54","臺中市","大甲區","0","1","0","7","2","6","50","3","2","1","5","4","6","6","4","4","5","5","4","1","13","2","9","2","1","C03","7","9","1","10","2","11","","84","84","1","6","4","120.627439","24.341133","2"
"391","66000","387130000C","(04)23274275","(04)23288582","2026","1","2","7","55","臺中市","北區","0","0","0","7","","","50","","","","","","","","","","","","","","12","","","","","C03","","","1","","1","","","59","59","1","12","4","120.682335","24.153988","3"
"392","66000","387130000C","(04)23274275","(04)23288582","2026","1","2","7","57","臺中市","北屯區","0","0","0","7","","","50","","","","","","","","","","","","","","17","","","","","C03","","","1","","1","","","84","84","1","6","4","120.689525","24.177215","3"
"393","66000","387130000C","(04)23274275","(04)23288582","2026","1","2","7","58","臺中市","大里區","0","1","0","7","2","6","50","4","2","1","5","4","6","6","1","1","5","5","5","1","16","3","10","2","1","C03","7","6","1","10","2","14","","48","48","1","12","4","120.702473","24.087397","2"
"394","66000","387130000C","(04)23274275","(04)23288582","2026","1","2","7","58","臺中市","東勢區","0","2","0","7","2","6","30","4","1","1","5","4","6","6","4","4","10","5","5","2","17","2","9","5","4","C03","7","9","1","10","2","11","12","15","15","1","12","4","120.839982","24.245613","2"
"395","66000","387130000C","(04)23274275","(04)23288582","2026","1","2","7","59","臺中市","大雅區","0","1","0","7","3","6","50","4","1","1","5","4","6","6","1","1","10","5","5","2","17","3","10","5","4","B03","7","6","1","8","2","1","","11","11","1","12","4","120.672115","24.229017","2"
"396","66000","387130000C","(04)23274275","(04)23288582","2026","1","2","8","0","臺中市","東區","0","1","0","7","3","6","50","13","9","1","5","4","6","6","1","1","5","5","5","2","12","2","9","2","1","C03","7","1","1","10","2","14","","51","51","1","13","4","120.691805","24.140049","2"
"397","66000","387130000C","(04)23274275","(04)23288582","2026","1","2","8","0","臺中市","西屯區","0","0","0","7","","","40","","","","","","","","","","","","","","","","","","","C03","","","1","","1","","","7","7","1","12","4","120.624383","24.178531","3"
"398","66000","387130000C","(04)23274275","(04)23288582","2026","1","2","8","0","臺中市","大里區","0","1","0","7","3","6","50","4","7","1","5","4","6","6","1","1","2","4","4","2","12","2","9","1","1","C03","7","6","5","10","2","13","","23","23","1","12","4","120.697142","24.111128","2"
"399","66000","387130000C","(04)23274275","(04)23288582","2026","1","2","8","7","臺中市","太平區","0","0","0","7","","","50","","","","","","","","","","","","","","","","","","","B03","","","1","","2","","","85","85","1","12","4","120.716148","24.141102","3"
"400","66000","387130000C","(04)23274275","(04)23288582","2026","1","2","8","14","臺中市","東區","0","1","0","7","3","6","50","13","7","1","5","4","6","6","4","4","5","4","5","2","9","3","10","5","4","B03","7","9","1","8","2","8","","84","84","1","6","4","120.707673","24.136207","2"
"401","66000","387130000C","(04)23274275","(04)23288582","2026","1","2","8","15","臺中市","西區","0","1","0","7","2","6","50","3","1","1","5","4","6","6","4","4","10","5","5","2","16","3","10","5","4","C03","7","6","1","10","2","13","","48","48","1","13","4","120.653816","24.153593","2"
"402","66000","387130000C","(04)23274275","(04)23288582","2026","1","2","8","16","臺中市","北屯區","0","2","0","7","3","6","50","13","9","1","5","4","6","6","4","4","9","5","5","2","17","2","9","1","1","C03","7","6","1","10","2","11","","87","87","1","12","4","120.717202","24.159714","2"
"403","66000","387130000C","(04)23274275","(04)23288582","2026","1","2","8","16","臺中市","西屯區","0","0","0","7","","","50","","","","","","","","","","","","","","12","","","","","B12","","","1","","1","","","85","85","2","13","4","120.666816","24.173162","3"
"404","66000","387130000C","(04)23274275","(04)23288582","2026","1","2","8","20","臺中市","霧峰區","0","0","0","7","","","50","","","","","","","","","","","","","","","","","","","B12","","","1","","2","","","20","20","1","12","4","120.697277","24.069396","3"
"405","66000","387130000C","(04)23274275","(04)23288582","2026","1","2","8","27","臺中市","西屯區","0","0","0","6","","","30","","","","","","","","","","","","","","17","","","","","B03","","","1","","9","","","8","8","1","12","4","120.661501","24.202808","3"
"406","66000","387130000C","(04)23274275","(04)23288582","2026","1","2","8","38","臺中市","西屯區","0","0","0","7","","","40","","","","","","","","","","","","","","17","","","","","B03","","","1","","1","","","76","76","1","13","4","120.640272","24.157829","3"
"407","66000","387130000C","(04)23274275","(04)23288582","2026","1","2","8","38","臺中市","西屯區","0","1","0","7","2","6","50","4","1","1","5","4","6","6","2","1","10","5","5","2","16","3","10","3","1","B03","7","6","1","8","2","1","","11","11","1","13","4","120.662129","24.16543","2"
"408","66000","387130000C","(04)23274275","(04)23288582","2026","1","2","8","41","臺中市","烏日區","0","1","0","7","3","6","40","3","1","1","5","4","5","6","1","1","1","2","4","2","18","2","9","1","1","C03","7","9","1","10","2","14","11","87","87","1","6","4","120.629755","24.109049","2"
"409","66000","387130000C","(04)23274275","(04)23288582","2026","1","2","8","42","臺中市","大甲區","0","1","0","7","3","6","70","13","8","1","5","4","6","6","1","1","1","4","4","1","18","2","9","1","1","C03","7","9","1","10","2","14","","59","59","1","6","4","120.617558","24.338072","2"
"410","66000","387130000C","(04)23274275","(04)23288582","2026","1","2","8","43","臺中市","豐原區","0","1","0","6","2","6","60","5","1","1","5","4","1","4","2","1","1","3","4","2","16","3","10","3","1","B03","7","5","1","8","2","2","","11","11","1","12","4","120.703137","24.251558","2"
"411","66000","387130000C","(04)23274275","(04)23288582","2026","1","2","8","45","臺中市","西屯區","0","0","0","7","","","40","","","","","","","","","","","","","","","","","","","C03","","","1","","1","","","59","59","1","12","4","120.632329","24.171302","3"
"412","66000","387130000C","(04)23274275","(04)23288582","2026","1","2","8","51","臺中市","霧峰區","0","1","0","7","2","6","40","13","9","1","5","4","6","6","4","4","5","5","5","1","16","2","7","2","1","C03","7","4","1","10","2","16","","1","1","1","13","4","120.693578","24.066097","2"
"413","66000","387130000C","(04)23274275","(04)23288582","2026","1","2","8","52","臺中市","北屯區","0","0","0","7","","","50","","","","","","","","","","","","","","13","","","","","C03","","","1","","1","","","7","7","1","6","4","120.723282","24.164982","3"
"414","66000","387130000C","(04)23274275","(04)23288582","2026","1","2","8","54","臺中市","南區","0","1","0","7","1","6","50","4","2","1","5","4","6","6","2","1","10","5","5","2","17","2","9","5","4","C03","7","1","1","10","1","14","","51","51","1","13","4","120.657108","24.116742","2"
"415","66000","387130000C","(04)23274275","(04)23288582","2026","1","2","8","55","臺中市","東區","0","2","0","6","2","6","30","4","1","1","5","4","6","6","4","4","10","5","5","2","15","2","7","1","1","C03","7","9","1","10","2","12","","13","13","1","12","4","120.687255","24.141061","2"
"416","66000","387130000C","(04)23274275","(04)23288582","2026","1","2","8","55","臺中市","北屯區","0","1","0","7","2","6","50","13","9","1","5","4","6","6","4","4","1","3","5","2","3","2","9","6","5","H01","8","16","7","21","11","17","","95","95","1","13","5","120.720962","24.176163","2"
"417","66000","387130000C","(04)23274275","(04)23288582","2026","1","2","8","55","臺中市","沙鹿區","0","1","0","1","3","6","50","13","9","1","5","4","6","6","4","4","5","4","5","1","15","2","8","1","1","C03","7","9","1","10","2","14","","82","82","1","12","4","120.561588","24.242442","2"
"418","66000","387130000C","(04)23274275","(04)23288582","2026","1","2","8","58","臺中市","西屯區","0","2","0","7","2","6","50","4","1","1","5","4","6","6","2","1","10","5","5","2","16","2","8","1","1","C04","7","6","1","10","2","12","","48","48","1","12","4","120.655256","24.158054","2"
"419","66000","387130000C","(04)23274275","(04)23288582","2026","1","2","9","0","臺中市","西區","0","0","0","7","","","50","","","","","","","","","","","","","","","","","","","B03","","","1","","2","","","84","84","1","12","4","120.663873","24.148798","3"
"420","66000","387130000C","(04)23274275","(04)23288582","2026","1","2","9","0","臺中市","北屯區","0","0","0","7","","","50","","","","","","","","","","","","","","9","","","","","B03","","","1","8","2","","","14","14","1","12","4","120.715661","24.160271","3"
"421","66000","387130000C","(04)23274275","(04)23288582","2026","1","2","9","0","臺中市","豐原區","0","0","0","7","","","30","","","","","","","","","","","","","","14","","","","","B03","","","1","","2","","","49","49","1","12","4","120.705935","24.253606","3"
"422","66000","387130000C","(04)23274275","(04)23288582","2026","1","2","9","1","臺中市","后里區","0","0","0","7","2","6","50","13","7","1","5","4","6","6","4","4","5","4","4","2","20","","","","","B03","","","1","","2","","","59","59","1","6","4","120.701425","24.308848","3"
"423","66000","387130000C","(04)23274275","(04)23288582","2026","1","2","9","8","臺中市","西區","0","1","0","7","2","6","50","13","9","1","5","4","6","6","4","4","5","5","5","1","17","3","10","2","1","C03","7","6","1","10","2","13","","34","34","1","13","4","120.65897","24.14694","2"
"424","66000","387130000C","(04)23274275","(04)23288582","2026","1","2","9","11","臺中市","北區","0","0","0","7","","","50","","","","","","","","","","","","","","13","","","","","C03","","","1","","1","","","7","7","1","12","4","120.671096","24.173523","3"
"425","66000","387130000C","(04)23274275","(04)23288582","2026","1","2","9","21","臺中市","大里區","0","1","0","7","3","6","50","3","2","1","5","4","6","6","4","4","5","4","5","1","16","2","9","5","4","C03","7","6","1","10","2","11","","14","14","1","13","4","120.689715","24.113776","2"
"426","66000","387130000C","(04)23274275","(04)23288582","2026","1","2","9","22","臺中市","神岡區","0","1","0","7","3","6","50","4","1","1","5","4","6","6","3","1","5","4","4","1","16","3","10","3","1","B03","7","5","1","8","2","2","","11","11","1","13","4","120.672057","24.255599","2"
"427","66000","387130000C","(04)23274275","(04)23288582","2026","1","2","9","25","臺中市","梧棲區","0","0","0","7","","","50","","","","","","","","","","","","","","17","","","","","B12","","","1","","2","","","34","34","1","12","4","120.53775","24.246087","3"
"428","66000","387130000C","(04)23274275","(04)23288582","2026","1","2","9","28","臺中市","北屯區","0","0","0","7","","","","","","","","","","","","","","","","","17","","","","","","","","","","","","","119","119","1","","","120.671597","24.184966","3"
"429","66000","387130000C","(04)23274275","(04)23288582","2026","1","2","9","28","臺中市","清水區","0","0","0","7","2","6","50","4","2","1","5","4","6","6","4","4","8","5","5","2","14","","","","","B03","","","1","","1","","","49","49","1","12","4","120.616147","24.294238","3"
"430","66000","387130000C","(04)23274275","(04)23288582","2026","1","2","9","35","臺中市","大里區","0","0","0","7","","","50","","","","","","","","","","","","","","","","","","","C03","","","1","","2","","","7","7","1","12","4","120.703515","24.092234","3"
"431","66000","387130000C","(04)23274275","(04)23288582","2026","1","2","9","36","臺中市","北屯區","0","0","0","7","","","50","","","","","","","","","","","","","","13","","","","","B03","","","1","","1","","","59","59","1","12","4","120.68506","24.171192","3"
"432","66000","387130000C","(04)23274275","(04)23288582","2026","1","2","9","36","臺中市","外埔區","0","0","0","7","2","6","50","4","1","1","5","4","6","6","1","1","5","4","4","2","14","","","","","A12","","","1","","11","","","49","49","2","6","4","120.636507","24.324166","3"
"433","66000","387130000C","(04)23274275","(04)23288582","2026","1","2","9","40","臺中市","大雅區","0","0","0","7","","","30","","","","","","","","","","","","","","","","","","","B03","","","1","","2","","","49","49","1","13","4","120.662369","24.211997","3"
"434","66000","387130000C","(04)23274275","(04)23288582","2026","1","2","9","43","臺中市","潭子區","0","0","0","7","","","50","","","","","","","","","","","","","","12","","","","","B03","","","1","","2","","","8","8","1","13","4","120.705176","24.215609","3"
"435","66000","387130000C","(04)23274275","(04)23288582","2026","1","2","9","49","臺中市","西屯區","0","0","0","7","","","50","","","","","","","","","","","","","","13","","","","","C03","","","1","","1","","","7","7","1","12","4","120.645221","24.172796","3"
"436","66000","387130000C","(04)23274275","(04)23288582","2026","1","2","9","51","臺中市","北區","0","1","0","7","2","6","50","13","9","1","5","4","6","6","4","4","5","5","5","2","28","","","","","","","","","","","","","118","118","1","","","120.697844","24.151658","2"
"437","66000","387130000C","(04)23274275","(04)23288582","2026","1","2","9","52","臺中市","北區","0","1","0","7","3","6","50","3","2","1","5","4","6","6","4","4","1","4","5","2","17","3","10","3","1","B03","7","5","1","8","2","16","","84","84","1","12","4","120.672948","24.167478","2"
"438","66000","387130000C","(04)23274275","(04)23288582","2026","1","2","9","52","臺中市","霧峰區","0","0","0","7","","3","80","","","","","","","","","","","","","","","","","","","B13","","","1","","1","","","87","87","1","12","4","120.690049","24.064128","3"
"439","66000","387130000C","(04)23274275","(04)23288582","2026","1","2","9","53","臺中市","西屯區","0","0","0","7","","","40","","","","","","","","","","","","","","13","","","","","C03","","","1","","1","","","7","7","1","13","4","120.657148","24.162654","3"
"440","66000","387130000C","(04)23274275","(04)23288582","2026","1","2","9","57","臺中市","西區","0","0","0","7","","","50","","","","","","","","","","","","","","14","","","","","B12","","","1","","1","","","49","49","1","13","4","120.66101","24.1468","3"
"441","66000","387130000C","(04)23274275","(04)23288582","2026","1","2","9","58","臺中市","東區","0","0","0","7","","","50","","","","","","","","","","","","","","","","","","","B12","","","1","","1","","","8","8","1","6","4","120.701499","24.125384","3"
"442","66000","387130000C","(04)23274275","(04)23288582","2026","1","2","9","58","臺中市","烏日區","0","1","0","7","2","6","50","13","7","1","5","4","6","6","4","4","5","5","4","1","13","2","9","5","4","C03","7","9","1","10","2","11","","59","59","1","13","4","120.622757","24.106366","2"
"443","66000","387130000C","(04)23274275","(04)23288582","2026","1","2","9","58","臺中市","豐原區","0","3","0","7","2","6","50","4","1","1","5","4","6","6","4","4","5","5","4","2","17","2","7","1","1","C03","7","11","1","10","2","11","","45","45","1","12","4","120.725116","24.24648","2"