序號,縣市別代碼,機關代碼,市話,傳真,年,月,日,時,分,縣市,區,死亡數量,受傷數量,2-30,天候,道路照明設備,道路類別,道路速限,道路型態,事故位置,路面鋪裝,路面狀態,路面缺陷,障礙物,視距,號誌種類,號誌動作,分向設施,快車道或一般車道間,快慢車道間,路面邊線,事故類型及型態,受傷程度,主要傷處,保護裝備,行動電話或功能裝置,當事者區分(類別),車輛用途,當事者行動狀態,駕照狀態,駕照種類,飲酒情形,車輛撞擊部位最初,車輛撞擊部位其他,肇事因素個別,肇事因素主要,肇事逃逸,職業,共享經濟或外送平台,GPS座標X,GPS座標Y,事故類別
"444","66000","387130000C","(04)23274275","(04)23288582","2026","1","2","10","0","臺中市","大里區","0","0","0","6","3","6","0","18","24","4","5","4","6","6","4","4","10","5","5","2","14","","","","","B01","","","1","","2","","","49","49","1","12","4","120.680191","24.109334","3"
"445","66000","387130000C","(04)23274275","(04)23288582","2026","1","2","10","5","臺中市","西區","0","0","0","7","","","60","","","","","","","","","","","","","","13","","","","","B03","","","1","","1","","","59","59","1","13","4","120.659806","24.156959","3"
"446","66000","387130000C","(04)23274275","(04)23288582","2026","1","2","10","9","臺中市","霧峰區","0","0","0","7","","","60","","","","","","","","","","","","","","","","","","","A12","","","1","","2","","","56","56","1","13","4","120.695954","24.066688","3"
"447","66000","387130000C","(04)23274275","(04)23288582","2026","1","2","10","10","臺中市","霧峰區","0","1","0","7","2","6","50","3","1","1","5","4","6","6","1","1","1","4","4","1","13","2","8","1","1","F01","7","9","7","21","2","11","","7","7","1","13","4","120.691785","24.042898","2"
"448","66000","387130000C","(04)23274275","(04)23288582","2026","1","2","10","13","臺中市","南區","0","2","0","7","2","6","50","3","4","1","5","4","6","6","2","1","10","5","5","2","13","2","9","2","1","C03","7","9","1","10","2","11","","7","7","1","6","4","120.680219","24.120582","2"
"449","66000","387130000C","(04)23274275","(04)23288582","2026","1","2","10","25","臺中市","北屯區","0","0","0","6","","","50","","","","","","","","","","","","","","17","","","","","B03","","","1","","9","","","84","84","1","12","4","120.693181","24.169555","3"
"450","66000","387130000C","(04)23274275","(04)23288582","2026","1","2","10","26","臺中市","西區","0","1","0","7","1","6","50","13","7","1","5","4","6","6","4","4","3","4","5","2","17","2","9","5","4","C03","7","9","1","10","2","11","","84","84","1","12","4","120.667239","24.141765","2"
"451","66000","387130000C","(04)23274275","(04)23288582","2026","1","2","10","26","臺中市","后里區","0","1","0","6","3","6","40","13","9","1","5","4","6","6","4","4","5","5","5","1","17","3","10","3","1","B03","7","11","1","8","2","8","","20","20","1","6","4","120.720326","24.286004","2"
"452","66000","387130000C","(04)23274275","(04)23288582","2026","1","2","10","29","臺中市","南屯區","0","0","0","7","","","50","","","","","","","","","","","","","","30","","","","","A11","","","1","","2","","","56","56","2","12","4","120.623028","24.147937","3"
"453","66000","387130000C","(04)23274275","(04)23288582","2026","1","2","10","36","臺中市","南區","0","2","0","7","3","6","50","4","9","1","5","4","6","6","4","4","5","5","5","2","16","2","9","5","4","C03","7","1","1","10","2","11","","51","51","1","6","4","120.673664","24.129775","2"
"454","66000","387130000C","(04)23274275","(04)23288582","2026","1","2","10","36","臺中市","梧棲區","0","0","0","7","","","40","","","","","","","","","","","","","","17","","","","","C03","","","1","","2","","","87","87","1","6","4","120.542177","24.247633","3"
"455","66000","387130000C","(04)23274275","(04)23288582","2026","1","2","10","38","臺中市","大里區","0","1","0","7","3","6","50","13","7","1","5","4","6","6","4","4","5","4","4","2","12","3","10","5","4","A11","7","9","1","2","2","2","","8","8","1","13","4","120.699264","24.110046","2"
"456","66000","387130000C","(04)23274275","(04)23288582","2026","1","2","10","43","臺中市","沙鹿區","0","0","0","7","","","50","","","","","","","","","","","","","","14","","","","","C03","","","1","","2","","","49","49","1","6","4","120.559633","24.23806","3"
"457","66000","387130000C","(04)23274275","(04)23288582","2026","1","2","10","45","臺中市","南區","0","1","0","6","2","6","40","13","8","1","5","4","6","6","4","4","9","5","4","2","13","2","8","1","1","C03","7","9","1","10","2","11","","7","7","1","12","4","120.659513","24.133226","2"
"458","66000","387130000C","(04)23274275","(04)23288582","2026","1","2","10","49","臺中市","潭子區","0","0","0","7","","","50","","","","","","","","","","","","","","12","","","","","C03","","","1","","2","","","42","42","1","12","4","120.703137","24.207193","3"
"459","66000","387130000C","(04)23274275","(04)23288582","2026","1","2","10","49","臺中市","北區","0","0","0","7","","","50","","","","","","","","","","","","","","17","","","","","C03","","","1","","1","14","","84","84","1","12","4","120.682707","24.16166","3"
"460","66000","387130000C","(04)23274275","(04)23288582","2026","1","2","10","50","臺中市","龍井區","0","0","0","7","","","50","","","","","","","","","","","","","","","","","","","B03","","","1","","2","","","2","2","1","12","4","120.513586","24.197421","3"
"461","66000","387130000C","(04)23274275","(04)23288582","2026","1","2","10","54","臺中市","龍井區","0","0","0","7","","","50","","","","","","","","","","","","","","30","","","","","B03","","","1","","2","","","50","50","1","12","4","120.596453","24.188403","3"
"462","66000","387130000C","(04)23274275","(04)23288582","2026","1","2","10","54","臺中市","大甲區","0","0","0","7","","","50","","","","","","","","","","","","","","15","","","","","B03","","","1","","1","","","13","13","1","6","4","120.622167","24.352237","3"
"463","66000","387130000C","(04)23274275","(04)23288582","2026","1","2","10","56","臺中市","南屯區","0","1","0","7","2","6","50","3","9","1","5","4","6","6","2","1","1","4","5","2","18","2","8","2","1","C03","7","9","1","10","9","12","","84","84","2","12","4","120.646534","24.144753","2"
"464","66000","387130000C","(04)23274275","(04)23288582","2026","1","2","11","0","臺中市","北屯區","0","0","0","7","","","50","","","","","","","","","","","","","","9","","","","","B03","","","1","","1","","","7","7","1","12","4","120.699037","24.160651","3"
"465","66000","387130000C","(04)23274275","(04)23288582","2026","1","2","11","5","臺中市","南屯區","0","1","0","7","2","6","50","4","1","1","5","4","6","6","1","1","9","4","5","2","12","2","9","1","1","C03","7","4","1","10","1","12","","1","1","1","12","4","120.651338","24.149939","2"
"466","66000","387130000C","(04)23274275","(04)23288582","2026","1","2","11","5","臺中市","太平區","0","1","0","7","2","6","50","4","1","1","5","4","6","6","2","1","10","5","5","2","16","3","10","3","1","B03","7","6","1","8","2","2","","11","11","1","13","4","120.713834","24.158994","2"
"467","66000","387130000C","(04)23274275","(04)23288582","2026","1","2","11","5","臺中市","東勢區","0","1","0","7","2","6","60","13","9","1","5","4","6","6","1","1","8","4","5","1","13","3","10","3","1","B03","7","9","1","8","2","1","","84","84","1","12","4","120.823435","24.260115","2"
"468","66000","387130000C","(04)23274275","(04)23288582","2026","1","2","11","6","臺中市","北屯區","0","1","0","7","3","6","50","4","1","1","5","4","6","6","1","1","10","5","5","2","16","3","10","3","1","B03","7","11","1","8","2","4","","45","45","1","12","4","120.68784","24.173104","2"
"469","66000","387130000C","(04)23274275","(04)23288582","2026","1","2","11","8","臺中市","西屯區","0","0","0","7","","","50","","","","","","","","","","","","","","17","","","","","B12","","","1","","1","","","84","84","1","12","4","120.646495","24.175918","3"
"470","66000","387130000C","(04)23274275","(04)23288582","2026","1","2","11","15","臺中市","潭子區","0","1","0","7","3","6","30","13","9","5","5","4","6","6","4","4","10","5","5","2","17","2","9","2","1","F03","7","1","7","21","2","11","","51","51","1","13","4","120.710761","24.202987","2"
"471","66000","387130000C","(04)23274275","(04)23288582","2026","1","2","11","17","臺中市","大雅區","0","0","0","7","","","30","","","","","","","","","","","","","","11","","","","","B12","","","1","","1","","","87","87","1","12","4","120.645391","24.241685","3"
"472","66000","387130000C","(04)23274275","(04)23288582","2026","1","2","11","18","臺中市","中區","0","1","0","7","2","6","50","13","9","1","5","4","6","6","4","4","1","4","5","1","13","2","9","2","1","C03","7","9","1","10","2","11","","7","7","1","13","4","120.682103","24.14553","2"
"473","66000","387130000C","(04)23274275","(04)23288582","2026","1","2","11","19","臺中市","西區","0","0","0","7","","","50","","","","","","","","","","","","","","9","","","","","B11","","","1","","2","","","50","50","1","13","4","120.668299","24.147246","3"
"474","66000","387130000C","(04)23274275","(04)23288582","2026","1","2","11","20","臺中市","豐原區","0","1","0","7","2","6","50","4","9","1","5","4","6","6","4","4","5","5","4","2","18","2","8","1","1","C03","7","5","1","10","2","16","12","84","84","1","12","4","120.715754","24.2457","2"
"475","66000","387130000C","(04)23274275","(04)23288582","2026","1","2","11","23","臺中市","西屯區","0","1","0","7","2","6","50","4","1","1","5","4","6","6","2","1","10","5","5","2","16","2","9","1","1","C03","7","6","1","10","2","14","","48","48","1","12","4","120.615516","24.17448","2"
"476","66000","387130000C","(04)23274275","(04)23288582","2026","1","2","11","26","臺中市","中區","0","0","0","7","","","50","","","","","","","","","","","","","","17","","","","","B03","","","1","","1","","","50","50","1","13","4","120.678952","24.139018","3"
"477","66000","387130000C","(04)23274275","(04)23288582","2026","1","2","11","27","臺中市","大雅區","0","0","0","7","","","50","","","","","","","","","","","","","","","","","","","B03","","","1","","1","","","35","35","1","13","4","120.654406","24.229496","3"
"478","66000","387130000C","(04)23274275","(04)23288582","2026","1","2","11","32","臺中市","南屯區","0","0","0","7","","","50","","","","","","","","","","","","","","14","","","","","B12","","","1","","1","","","49","49","1","13","4","120.623881","24.153657","3"
"479","66000","387130000C","(04)23274275","(04)23288582","2026","1","2","11","33","臺中市","沙鹿區","0","1","0","7","2","6","50","13","9","1","5","4","6","6","4","4","5","4","5","2","17","2","9","1","1","C03","7","9","1","10","2","12","","8","8","1","13","4","120.564706","24.241455","2"
"480","66000","387130000C","(04)23274275","(04)23288582","2026","1","2","11","34","臺中市","太平區","0","0","0","7","2","6","50","13","9","1","5","4","6","6","4","4","10","5","5","2","14","","","","","B03","","","1","","2","","","49","49","1","12","4","120.722777","24.120735","3"
"481","66000","387130000C","(04)23274275","(04)23288582","2026","1","2","11","36","臺中市","北區","0","1","0","7","3","6","50","4","1","1","5","4","6","6","1","1","10","5","5","2","16","2","9","1","1","C03","7","6","1","10","2","13","","48","48","1","12","4","120.667486","24.164893","2"
"482","66000","387130000C","(04)23274275","(04)23288582","2026","1","2","11","42","臺中市","西區","0","1","0","7","1","6","50","4","1","1","5","4","6","6","1","1","10","5","5","1","17","3","10","5","4","C03","7","6","1","10","2","14","","84","84","1","12","4","120.669921","24.150791","2"
"483","66000","387130000C","(04)23274275","(04)23288582","2026","1","2","11","42","臺中市","南區","0","2","0","7","3","6","50","4","1","1","5","4","6","6","4","4","5","5","5","2","15","2","9","2","1","C03","7","9","1","10","2","11","","15","15","1","6","4","120.654735","24.124493","2"
"484","66000","387130000C","(04)23274275","(04)23288582","2026","1","2","11","44","臺中市","南區","0","0","0","7","","","50","","","","","","","","","","","","","","","","","","","B03","","","1","","1","","","84","84","1","13","4","120.670074","24.114444","3"
"485","66000","387130000C","(04)23274275","(04)23288582","2026","1","2","11","44","臺中市","南屯區","0","1","0","7","2","6","50","3","2","1","5","4","6","6","4","4","9","4","4","2","12","3","10","3","1","B03","7","9","1","8","2","2","","39","39","1","12","4","120.637527","24.143132","2"
"486","66000","387130000C","(04)23274275","(04)23288582","2026","1","2","11","44","臺中市","大里區","0","0","0","7","","","50","","","","","","","","","","","","","","","","","","","F06","","","1","","2","","","45","45","1","13","4","120.706022","24.095428","3"
"487","66000","387130000C","(04)23274275","(04)23288582","2026","1","2","11","45","臺中市","西屯區","0","1","0","7","2","6","50","13","9","1","5","4","6","6","4","4","10","4","5","2","13","3","10","1","1","C03","7","9","1","10","2","11","","7","7","1","13","2","120.647745","24.174352","2"
"488","66000","387130000C","(04)23274275","(04)23288582","2026","1","2","11","45","臺中市","外埔區","0","1","0","7","2","6","50","3","8","1","5","4","6","6","4","4","5","4","4","1","17","3","10","3","1","B03","7","5","1","8","2","4","","14","14","1","6","4","120.637914","24.342162","2"
"489","66000","387130000C","(04)23274275","(04)23288582","2026","1","2","11","46","臺中市","北屯區","0","2","0","7","2","6","50","13","7","1","5","4","6","6","4","4","5","5","4","2","12","2","8","2","1","C03","7","11","1","10","2","14","","34","34","1","12","4","120.694907","24.182756","2"
"490","66000","387130000C","(04)23274275","(04)23288582","2026","1","2","11","51","臺中市","南屯區","0","1","0","7","2","6","50","3","1","1","5","4","6","6","4","4","1","4","5","2","17","3","10","3","1","B03","7","11","1","8","2","4","","44","44","1","12","4","120.633113","24.153556","2"
"491","66000","387130000C","(04)23274275","(04)23288582","2026","1","2","11","54","臺中市","大雅區","0","1","0","7","3","6","50","13","8","1","5","4","6","6","1","1","1","4","1","2","13","2","9","2","1","C03","7","9","1","10","1","11","","59","59","1","12","4","120.633283","24.204942","2"
"492","66000","387130000C","(04)23274275","(04)23288582","2026","1","2","11","59","臺中市","后里區","0","1","0","7","3","9","50","3","9","1","5","4","6","6","4","4","9","4","4","2","18","2","9","1","1","C03","7","9","1","10","2","16","","5","5","1","6","4","120.720659","24.302935","2"
"493","66000","387130000C","(04)23274275","(04)23288582","2026","1","2","12","2","臺中市","豐原區","0","1","0","7","2","6","50","11","9","1","5","4","6","6","4","4","1","4","4","1","17","3","10","5","4","B03","7","1","3","19","1","8","","51","51","1","12","4","120.721664","24.261035","2"
"494","66000","387130000C","(04)23274275","(04)23288582","2026","1","2","12","3","臺中市","北區","0","0","0","7","","","50","","","","","","","","","","","","","","17","","","","","C03","","","3","","2","","","58","58","1","13","4","120.670649","24.166755","3"
"495","66000","387130000C","(04)23274275","(04)23288582","2026","1","2","12","3","臺中市","太平區","0","1","0","7","2","6","50","3","1","1","5","4","6","6","4","4","5","5","5","2","17","3","10","2","1","C03","7","9","1","10","2","12","","4","4","1","12","4","120.715837","24.131692","2"
"496","66000","387130000C","(04)23274275","(04)23288582","2026","1","2","12","8","臺中市","南區","0","0","0","7","","","30","","","","","","","","","","","","","","17","","","","","B03","","","1","","1","","","50","50","1","12","4","120.648697","24.112982","3"
"497","66000","387130000C","(04)23274275","(04)23288582","2026","1","2","12","19","臺中市","太平區","0","0","0","7","","","50","","","","","","","","","","","","","","14","","","","","B03","","","1","","2","","","49","49","1","13","4","120.717375","24.106747","3"
"498","66000","387130000C","(04)23274275","(04)23288582","2026","1","2","12","20","臺中市","梧棲區","0","1","0","7","2","6","50","13","8","1","5","4","6","6","4","4","1","4","4","2","17","2","8","1","1","C03","7","9","1","10","2","12","","84","84","1","12","4","120.533866","24.266214","2"
"499","66000","387130000C","(04)23274275","(04)23288582","2026","1","2","12","25","臺中市","北區","0","0","0","7","","","50","","","","","","","","","","","","","","","","","","","B03","","","1","","1","","","84","84","1","12","4","120.68338","24.153532","3"
"500","66000","387130000C","(04)23274275","(04)23288582","2026","1","2","12","28","臺中市","西屯區","0","0","0","7","","","50","","","","","","","","","","","","","","","","","","","B03","","","1","","2","","","50","50","1","12","4","120.652412","24.204982","3"
"501","66000","387130000C","(04)23274275","(04)23288582","2026","1","2","12","30","臺中市","中區","0","1","0","7","2","6","50","4","2","1","5","4","6","6","4","4","5","4","5","1","13","2","9","2","1","C03","7","9","1","10","2","11","","7","7","1","13","2","120.677105","24.144527","2"
"502","66000","387130000C","(04)23274275","(04)23288582","2026","1","2","12","34","臺中市","北屯區","0","2","0","7","3","6","50","4","2","1","5","4","6","6","1","1","5","2","5","2","17","2","9","2","1","C03","7","8","1","10","2","11","","84","84","1","6","4","120.719478","24.18209","2"
"503","66000","387130000C","(04)23274275","(04)23288582","2026","1","2","12","37","臺中市","豐原區","0","1","0","7","2","6","30","4","1","1","5","4","6","6","1","1","10","5","5","2","18","2","9","5","4","C03","7","9","1","10","2","16","","5","5","1","13","4","120.704493","24.232034","2"
"504","66000","387130000C","(04)23274275","(04)23288582","2026","1","2","12","38","臺中市","南屯區","0","0","0","7","","","30","","","","","","","","","","","","","","11","","","","","B03","","","1","","1","","","41","41","1","12","4","120.639672","24.138921","4"
"505","66000","387130000C","(04)23274275","(04)23288582","2026","1","2","12","40","臺中市","潭子區","0","1","0","7","3","6","30","3","2","1","5","4","6","6","4","4","1","4","4","1","17","3","10","3","1","B03","7","5","1","8","9","16","","84","84","1","13","4","120.709831","24.235646","2"
"506","66000","387130000C","(04)23274275","(04)23288582","2026","1","2","12","40","臺中市","西屯區","0","0","0","7","","","50","","","","","","","","","","","","","","16","","","","","B03","","","1","","1","","","11","11","1","12","4","120.64693","24.168943","3"
"507","66000","387130000C","(04)23274275","(04)23288582","2026","1","2","12","41","臺中市","北屯區","0","0","0","7","","","50","","","","","","","","","","","","","","","","","","","B03","","","1","","1","","","7","7","1","12","4","120.708354","24.182417","3"
"508","66000","387130000C","(04)23274275","(04)23288582","2026","1","2","12","45","臺中市","北區","0","0","0","7","","","50","","","","","","","","","","","","","","17","","","","","F03","","","7","","2","12","","84","84","1","12","4","120.67733","24.170029","3"
"509","66000","387130000C","(04)23274275","(04)23288582","2026","1","2","12","45","臺中市","太平區","0","1","0","7","2","6","50","4","2","1","5","4","6","6","4","4","10","5","5","2","17","2","8","1","1","C03","7","6","1","8","2","12","","12","12","1","12","4","120.716528","24.113788","2"
"510","66000","387130000C","(04)23274275","(04)23288582","2026","1","2","12","46","臺中市","南區","0","0","0","7","","","50","","","","","","","","","","","","","","","","","","","B03","","","1","","1","","","84","84","1","13","4","120.679622","24.121994","3"
"511","66000","387130000C","(04)23274275","(04)23288582","2026","1","2","12","49","臺中市","西屯區","0","2","0","7","2","6","50","4","1","1","5","4","6","6","1","1","10","5","5","2","17","3","10","5","4","B03","7","9","1","8","2","5","","84","84","1","13","4","120.666809","24.175143","2"
"512","66000","387130000C","(04)23274275","(04)23288582","2026","1","2","12","49","臺中市","神岡區","0","0","0","7","","","30","","","","","","","","","","","","","","14","","","","","B03","","","1","","2","","","49","49","1","13","4","120.672608","24.266643","3"
"513","66000","387130000C","(04)23274275","(04)23288582","2026","1","2","12","53","臺中市","南區","0","2","0","7","3","6","50","13","9","1","5","4","6","6","4","4","5","5","5","2","17","3","10","5","4","C03","7","15","1","10","2","12","","84","84","1","6","4","120.620434","24.345354","2"
"514","66000","387130000C","(04)23274275","(04)23288582","2026","1","2","12","56","臺中市","北區","0","0","0","7","","","50","","","","","","","","","","","","","","13","","","","","C03","","","3","","1","","","84","84","1","13","4","120.686884","24.162542","3"
"515","66000","387130000C","(04)23274275","(04)23288582","2026","1","2","12","57","臺中市","西區","0","0","0","7","","","50","","","","","","","","","","","","","","12","","","","","B03","","","1","","1","","","84","84","1","13","4","120.659308","24.156438","3"
"516","66000","387130000C","(04)23274275","(04)23288582","2026","1","2","12","57","臺中市","西屯區","0","1","0","7","2","6","50","4","1","1","5","4","6","6","2","1","10","5","5","2","16","2","7","1","1","C03","7","6","1","10","2","14","","11","11","1","12","4","120.646861","24.173324","2"
"517","66000","387130000C","(04)23274275","(04)23288582","2026","1","2","12","58","臺中市","西屯區","0","1","0","7","2","6","50","4","1","1","5","4","6","6","2","1","10","5","5","2","15","2","8","5","4","C03","7","9","1","10","2","12","","85","85","1","13","4","120.635161","24.179456","2"
"518","66000","387130000C","(04)23274275","(04)23288582","2026","1","2","12","59","臺中市","神岡區","0","1","0","7","3","6","40","3","1","1","5","4","6","6","4","4","10","5","5","1","16","2","8","1","1","C03","7","6","1","10","2","11","","14","14","1","13","4","120.703453","24.263269","2"
"519","66000","387130000C","(04)23274275","(04)23288582","2026","1","2","13","5","臺中市","大里區","0","1","0","7","2","6","50","5","1","1","5","4","6","6","1","1","10","5","5","2","17","3","10","3","1","B03","7","5","1","8","2","5","","11","11","1","12","4","120.695462","24.097024","2"
"520","66000","387130000C","(04)23274275","(04)23288582","2026","1","2","13","6","臺中市","東區","0","1","0","6","2","6","50","4","1","1","2","4","6","6","1","1","10","5","5","2","18","2","8","1","1","C03","7","5","1","10","2","12","","84","84","1","12","4","120.701752","24.125312","2"
"521","66000","387130000C","(04)23274275","(04)23288582","2026","1","2","13","7","臺中市","北屯區","0","0","0","7","","","50","","","","","","","","","","","","","","30","","","","","B03","","","1","","2","","","84","84","1","6","4","120.692205","24.169333","3"
"522","66000","387130000C","(04)23274275","(04)23288582","2026","1","2","13","7","臺中市","霧峰區","0","1","0","7","2","6","50","3","2","1","5","4","6","6","1","1","3","4","4","1","17","3","10","3","1","B03","7","5","5","19","1","2","","22","22","2","13","4","120.699976","24.075539","2"
"523","66000","387130000C","(04)23274275","(04)23288582","2026","1","2","13","9","臺中市","大里區","0","1","0","7","3","6","40","13","7","1","5","4","6","6","4","4","1","4","4","1","12","3","10","3","1","B03","7","1","1","8","2","8","","51","51","1","12","4","120.679136","24.104345","2"
"524","66000","387130000C","(04)23274275","(04)23288582","2026","1","2","13","9","臺中市","大里區","0","0","0","7","3","7","30","13","9","1","5","4","4","6","4","4","10","5","5","2","24","","","","","B12","","","1","","2","","","87","87","1","12","4","120.687867","24.113938","3"
"525","66000","387130000C","(04)23274275","(04)23288582","2026","1","2","13","10","臺中市","北區","0","3","0","7","3","6","50","4","2","1","5","4","6","6","1","1","1","4","5","2","13","2","8","1","1","C03","7","9","1","10","2","11","","7","7","1","12","4","120.685838","24.14615","2"
"526","66000","387130000C","(04)23274275","(04)23288582","2026","1","2","13","12","臺中市","烏日區","0","0","0","7","2","6","50","3","1","1","5","4","6","6","4","4","10","5","5","2","14","3","10","3","1","B12","7","2","1","7","2","3","","49","49","1","6","4","120.599603","24.106528","3"
"527","66000","387130000C","(04)23274275","(04)23288582","2026","1","2","13","15","臺中市","南屯區","0","0","0","7","","","30","","","","","","","","","","","","","","14","","","","","B12","","","1","","1","","","49","49","1","12","4","120.635879","24.154879","3"
"528","66000","387130000C","(04)23274275","(04)23288582","2026","1","2","13","20","臺中市","北屯區","0","1","0","6","2","6","40","14","7","1","5","4","6","6","4","4","10","5","4","2","12","2","8","2","1","C03","7","8","3","19","2","14","","40","40","1","12","4","120.73974","24.178811","2"
"529","66000","387130000C","(04)23274275","(04)23288582","2026","1","2","13","21","臺中市","霧峰區","0","0","0","7","","","40","","","","","","","","","","","","","","13","","","","","B03","","","1","","2","","","84","84","1","13","4","120.664733","24.083236","3"
"530","66000","387130000C","(04)23274275","(04)23288582","2026","1","2","13","22","臺中市","潭子區","0","1","0","7","3","6","50","13","8","1","5","4","6","6","4","4","5","4","4","2","17","2","9","5","1","G01","7","9","7","21","2","17","","84","84","1","13","4","120.682824","24.20848","2"
"531","66000","387130000C","(04)23274275","(04)23288582","2026","1","2","13","22","臺中市","東勢區","0","1","0","7","2","6","50","4","1","1","5","4","6","6","1","1","10","5","5","2","13","2","9","1","1","C03","7","15","1","10","2","11","","7","7","1","12","4","120.826999","24.260008","2"
"532","66000","387130000C","(04)23274275","(04)23288582","2026","1","2","13","23","臺中市","東區","0","2","0","7","3","6","50","13","9","1","2","4","6","6","4","4","5","5","5","2","18","2","9","2","1","C03","7","9","1","10","2","16","","87","87","1","13","4","120.701679","24.125309","2"
"533","66000","387130000C","(04)23274275","(04)23288582","2026","1","2","13","30","臺中市","南屯區","0","1","0","7","3","6","50","13","9","1","5","4","6","6","4","4","9","5","4","2","16","3","10","3","1","B11","7","6","1","2","2","2","","20","20","1","12","4","120.645898","24.153451","2"
"534","66000","387130000C","(04)23274275","(04)23288582","2026","1","2","13","31","臺中市","大肚區","0","0","0","7","","","50","","","","","","","","","","","","","","","","","","","B03","","","1","","2","","","84","84","1","6","4","120.550949","24.158132","3"
"535","66000","387130000C","(04)23274275","(04)23288582","2026","1","2","13","34","臺中市","潭子區","0","0","0","7","","","50","","","","","","","","","","","","","","1","","","","","B03","","","1","","2","","","87","87","1","12","4","120.698845","24.223365","3"
"536","66000","387130000C","(04)23274275","(04)23288582","2026","1","2","13","35","臺中市","西屯區","0","1","0","7","2","6","50","13","9","1","5","4","6","6","4","4","5","4","5","1","12","3","10","3","1","B03","7","7","1","8","2","2","","40","40","1","12","4","120.654393","24.164651","2"
"537","66000","387130000C","(04)23274275","(04)23288582","2026","1","2","13","40","臺中市","清水區","0","0","0","7","","","50","","","","","","","","","","","","","","","","","","","B13","","","1","","11","","","49","49","1","12","4","120.577228","24.273019","3"
"538","66000","387130000C","(04)23274275","(04)23288582","2026","1","2","13","46","臺中市","潭子區","0","0","0","7","","","50","","","","","","","","","","","","","","16","","","","","B03","","","1","","2","","","45","45","1","13","4","120.701288","24.208393","3"
"539","66000","387130000C","(04)23274275","(04)23288582","2026","1","2","13","51","臺中市","北區","0","1","0","7","2","6","50","3","4","1","5","4","6","6","2","1","5","4","5","2","17","3","10","3","1","B03","7","11","1","8","2","16","","45","45","1","13","4","120.687134","24.148847","2"
"540","66000","387130000C","(04)23274275","(04)23288582","2026","1","2","13","51","臺中市","西屯區","0","1","0","7","2","6","50","4","1","1","5","4","6","6","1","1","10","5","5","2","16","3","10","3","1","B02","7","5","1","8","2","2","","47","47","1","12","4","120.6352","24.179466","2"
"541","66000","387130000C","(04)23274275","(04)23288582","2026","1","2","13","52","臺中市","南屯區","0","0","0","7","","","50","","","","","","","","","","","","","","","","","","","B12","","","1","","2","","","84","84","1","12","4","120.628448","24.145038","3"
"542","66000","387130000C","(04)23274275","(04)23288582","2026","1","2","13","54","臺中市","南屯區","0","1","0","7","2","6","50","3","2","1","5","4","6","6","4","4","1","4","4","2","16","3","10","3","1","B03","7","5","1","8","2","2","","47","47","1","13","4","120.638981","24.145041","2"
"543","66000","387130000C","(04)23274275","(04)23288582","2026","1","2","13","56","臺中市","西屯區","0","0","0","7","","","50","","","","","","","","","","","","","","16","","","","","B03","","","1","","2","","","14","14","1","12","4","120.608171","24.197542","4"
"544","66000","387130000C","(04)23274275","(04)23288582","2026","1","2","14","5","臺中市","北區","0","1","0","7","3","6","50","3","9","1","5","4","6","6","4","4","5","5","5","2","17","3","10","3","1","B01","7","1","1","1","2","8","","51","51","1","12","4","120.681564","24.15816","2"
"545","66000","387130000C","(04)23274275","(04)23288582","2026","1","2","14","7","臺中市","大甲區","0","0","0","7","","","50","","","","","","","","","","","","","","13","","","","","B12","","","1","","1","","","56","56","1","6","4","120.627894","24.351078","3"
"546","66000","387130000C","(04)23274275","(04)23288582","2026","1","2","14","10","臺中市","清水區","0","0","0","7","","","40","","","","","","","","","","","","","","","","","","","B03","","","1","","2","","","84","84","1","12","4","120.58426","24.302338","3"
"547","66000","387130000C","(04)23274275","(04)23288582","2026","1","2","14","14","臺中市","南屯區","0","0","0","7","","","50","","","","","","","","","","","","","","13","","","","","C03","","","1","","1","","","84","84","1","13","4","120.646646","24.153608","3"
"548","66000","387130000C","(04)23274275","(04)23288582","2026","1","2","14","15","臺中市","西區","0","0","0","6","","","40","","","","","","","","","","","","","","12","","","","","B12","","","1","","1","","","50","50","1","12","4","120.658346","24.154801","3"
"549","66000","387130000C","(04)23274275","(04)23288582","2026","1","2","14","16","臺中市","北屯區","0","0","0","7","","","50","","","","","","","","","","","","","","13","","","","","C03","","","1","","1","","","7","7","1","13","4","120.719205","24.177429","3"
"550","66000","387130000C","(04)23274275","(04)23288582","2026","1","2","14","16","臺中市","沙鹿區","0","1","0","7","2","6","50","4","1","1","5","4","6","6","4","4","10","5","5","2","15","3","10","3","1","B03","7","9","1","10","2","5","","15","15","1","6","4","120.563955","24.246544","2"
"551","66000","387130000C","(04)23274275","(04)23288582","2026","1","2","14","19","臺中市","大甲區","0","0","0","7","","","50","","","","","","","","","","","","","","17","","","","","B12","","","1","","2","","","76","76","1","12","4","120.625326","24.344962","3"
"552","66000","387130000C","(04)23274275","(04)23288582","2026","1","2","14","20","臺中市","清水區","0","0","0","7","","","50","","","","","","","","","","","","","","","","","","","A11","","","1","","11","","","8","8","1","12","4","120.54943","24.276398","3"
"553","66000","387130000C","(04)23274275","(04)23288582","2026","1","2","14","21","臺中市","大雅區","0","0","0","7","","","60","","","","","","","","","","","","","","13","","","","","B03","","","1","","1","","","7","7","1","12","4","120.64979","24.213645","3"
"554","66000","387130000C","(04)23274275","(04)23288582","2026","1","2","14","23","臺中市","南屯區","0","0","0","7","","","30","","","","","","","","","","","","","","15","","","","","C03","","","1","","1","","","13","13","1","12","4","120.646503","24.140608","3"