序號,縣市別代碼,機關代碼,市話,傳真,年,月,日,時,分,縣市,區,死亡數量,受傷數量,2-30,天候,道路照明設備,道路類別,道路速限,道路型態,事故位置,路面鋪裝,路面狀態,路面缺陷,障礙物,視距,號誌種類,號誌動作,分向設施,快車道或一般車道間,快慢車道間,路面邊線,事故類型及型態,受傷程度,主要傷處,保護裝備,行動電話或功能裝置,當事者區分(類別),車輛用途,當事者行動狀態,駕照狀態,駕照種類,飲酒情形,車輛撞擊部位最初,車輛撞擊部位其他,肇事因素個別,肇事因素主要,肇事逃逸,職業,共享經濟或外送平台,GPS座標X,GPS座標Y,事故類別
"555","66000","387130000C","(04)23274275","(04)23288582","2026","1","2","14","24","臺中市","潭子區","0","0","0","1","","","0","","","","","","","","","","","","","","20","","","","","B03","","","6","","1","","","51","51","1","13","4","120.704843","24.209768","3"
"556","66000","387130000C","(04)23274275","(04)23288582","2026","1","2","14","24","臺中市","南區","0","3","0","7","3","6","50","4","1","1","5","4","6","6","1","1","10","5","5","2","15","2","9","1","1","C03","7","9","1","10","2","11","","21","21","1","6","4","120.665631","24.115298","2"
"557","66000","387130000C","(04)23274275","(04)23288582","2026","1","2","14","25","臺中市","大里區","0","2","0","7","2","6","50","3","1","1","5","4","6","6","1","1","5","5","5","2","16","3","10","3","1","B03","7","6","1","8","2","2","","11","11","1","12","4","120.727368","24.087465","2"
"558","66000","387130000C","(04)23274275","(04)23288582","2026","1","2","14","28","臺中市","西區","0","0","0","7","","","30","","","","","","","","","","","","","","17","","","","","B03","","","1","","2","","","58","58","1","13","4","120.661554","24.141932","3"
"559","66000","387130000C","(04)23274275","(04)23288582","2026","1","2","14","32","臺中市","西屯區","0","2","0","7","2","6","30","3","1","1","5","4","6","6","3","1","10","5","5","2","17","2","9","5","4","C03","7","6","1","10","2","14","","24","24","1","13","4","120.620714","24.171335","2"
"560","66000","387130000C","(04)23274275","(04)23288582","2026","1","2","14","35","臺中市","南區","0","0","0","7","","","50","","","","","","","","","","","","","","","","","","","B03","","","1","","2","","","50","50","1","6","4","120.659978","24.121722","3"
"561","66000","387130000C","(04)23274275","(04)23288582","2026","1","2","14","35","臺中市","烏日區","0","0","0","7","","","50","","","","","","","","","","","","","","12","","","","","B03","","","1","","1","","","40","40","1","12","4","120.649771","24.10717","3"
"562","66000","387130000C","(04)23274275","(04)23288582","2026","1","2","14","36","臺中市","西屯區","0","1","0","7","2","6","50","4","4","1","5","4","6","6","2","1","10","5","5","2","13","3","10","3","1","B03","7","9","1","8","2","1","","59","59","1","12","4","120.634624","24.179824","2"
"563","66000","387130000C","(04)23274275","(04)23288582","2026","1","2","14","40","臺中市","北區","0","0","0","7","","","50","","","","","","","","","","","","","","13","","","","","C03","","","1","","1","","","84","84","1","13","4","120.686861","24.163201","3"
"564","66000","387130000C","(04)23274275","(04)23288582","2026","1","2","14","40","臺中市","北區","0","3","0","7","2","6","50","3","2","1","5","4","6","6","3","1","10","5","5","2","9","2","9","2","2","C03","7","9","1","10","2","12","","84","84","1","13","4","120.666417","24.158944","2"
"565","66000","387130000C","(04)23274275","(04)23288582","2026","1","2","14","40","臺中市","北屯區","0","2","0","7","3","6","50","4","1","1","5","4","6","6","1","1","10","5","5","2","17","2","9","1","1","C03","7","9","1","10","2","11","","1","1","1","12","4","120.669957","24.176551","2"
"566","66000","387130000C","(04)23274275","(04)23288582","2026","1","2","14","41","臺中市","北屯區","0","0","0","7","","","50","","","","","","","","","","","","","","13","","","","","B03","","","1","","1","","","7","7","1","6","4","120.690371","24.176874","3"
"567","66000","387130000C","(04)23274275","(04)23288582","2026","1","2","14","44","臺中市","東區","0","0","0","7","","","50","","","","","","","","","","","","","","","","","","","C03","","","1","","1","","","48","48","1","12","4","120.691188","24.134759","3"
"568","66000","387130000C","(04)23274275","(04)23288582","2026","1","2","14","45","臺中市","南屯區","0","2","0","7","2","6","50","4","1","2","5","4","6","6","1","1","9","4","5","2","12","2","9","1","1","C03","7","6","1","10","2","14","","11","11","1","12","4","120.613148","24.139906","2"
"569","66000","387130000C","(04)23274275","(04)23288582","2026","1","2","14","49","臺中市","烏日區","0","0","0","6","2","6","40","18","21","4","5","4","6","1","4","4","10","5","5","2","11","3","10","1","1","C03","7","5","1","10","1","11","","39","39","1","6","4","120.616529","24.111744","3"
"570","66000","387130000C","(04)23274275","(04)23288582","2026","1","2","14","55","臺中市","西區","0","2","0","7","2","6","50","4","1","1","5","4","6","6","4","4","10","5","5","2","15","2","9","1","1","C04","7","9","1","10","2","11","","15","15","1","13","4","120.668962","24.135706","2"
"571","66000","387130000C","(04)23274275","(04)23288582","2026","1","2","15","4","臺中市","東區","0","2","0","7","3","6","50","3","1","1","5","4","6","6","1","1","10","5","5","2","13","2","8","2","1","C03","7","9","1","10","2","11","","7","7","1","12","4","120.710331","24.144511","2"
"572","66000","387130000C","(04)23274275","(04)23288582","2026","1","2","15","6","臺中市","東區","0","2","0","7","2","6","50","4","1","1","5","4","6","6","4","4","10","5","5","2","15","3","10","3","1","B12","7","9","1","8","2","6","","15","15","1","12","4","120.704046","24.136419","2"
"573","66000","387130000C","(04)23274275","(04)23288582","2026","1","2","15","10","臺中市","太平區","0","1","0","7","2","6","50","5","1","1","5","4","6","6","1","1","10","5","5","2","17","3","10","3","1","B03","7","5","1","8","2","5","","84","84","1","12","4","120.727811","24.141403","2"
"574","66000","387130000C","(04)23274275","(04)23288582","2026","1","2","15","11","臺中市","北區","0","0","0","7","","","50","","","","","","","","","","","","","","13","","","","","C03","","","1","","1","","","84","84","1","12","4","120.680209","24.163337","3"
"575","66000","387130000C","(04)23274275","(04)23288582","2026","1","2","15","12","臺中市","烏日區","0","0","0","7","","","30","","","","","","","","","","","","","","16","","","","","B12","","","1","","2","","","14","14","1","6","4","120.650955","24.066598","3"
"576","66000","387130000C","(04)23274275","(04)23288582","2026","1","2","15","12","臺中市","沙鹿區","0","1","0","7","2","6","50","4","1","1","5","4","6","6","2","1","10","5","5","2","16","3","10","3","1","B03","7","6","1","8","2","2","","11","11","1","12","4","120.558825","24.234814","2"
"577","66000","387130000C","(04)23274275","(04)23288582","2026","1","2","15","18","臺中市","中區","0","0","0","7","","","50","","","","","","","","","","","","","","","","","","","C03","","","1","","2","","","7","7","1","12","4","120.679497","24.142426","3"
"578","66000","387130000C","(04)23274275","(04)23288582","2026","1","2","15","20","臺中市","南屯區","0","0","0","7","3","6","50","13","9","1","5","4","6","6","4","4","3","4","5","2","13","","","","","B12","","","1","","1","","","7","7","1","12","4","120.623056","24.149777","3"
"579","66000","387130000C","(04)23274275","(04)23288582","2026","1","2","15","20","臺中市","大肚區","0","1","0","7","1","6","50","13","9","1","5","4","6","6","4","4","9","5","5","1","13","2","8","1","1","C03","7","9","1","10","2","11","","84","84","1","6","4","120.578544","24.16756","2"
"580","66000","387130000C","(04)23274275","(04)23288582","2026","1","2","15","21","臺中市","太平區","0","1","0","7","2","6","30","4","1","1","5","4","6","6","4","4","10","5","5","2","15","2","8","2","1","C03","7","9","1","10","2","16","","15","15","1","13","4","120.707772","24.149531","2"
"581","66000","387130000C","(04)23274275","(04)23288582","2026","1","2","15","22","臺中市","北區","0","2","0","7","2","6","50","4","2","1","5","4","6","6","2","1","10","5","5","2","17","2","9","2","1","C03","7","6","1","10","2","11","","11","11","1","13","4","120.673295","24.171602","2"
"582","66000","387130000C","(04)23274275","(04)23288582","2026","1","2","15","22","臺中市","東區","0","1","0","7","2","6","50","3","1","1","5","4","6","6","1","1","9","4","4","2","17","3","10","3","1","B03","7","6","3","19","2","8","","48","48","1","12","4","120.70678","24.14427","2"
"583","66000","387130000C","(04)23274275","(04)23288582","2026","1","2","15","22","臺中市","大甲區","0","2","0","7","3","6","50","4","1","1","5","4","6","6","1","1","10","5","5","2","16","2","7","1","1","C03","7","6","1","10","2","11","","59","59","1","12","4","120.619369","24.340624","2"
"584","66000","387130000C","(04)23274275","(04)23288582","2026","1","2","15","29","臺中市","大雅區","0","0","0","7","","","30","","","","","","","","","","","","","","14","","","","","B12","","","1","","1","","","49","49","1","13","4","120.654334","24.241714","3"
"585","66000","387130000C","(04)23274275","(04)23288582","2026","1","2","15","29","臺中市","東區","0","2","0","7","2","6","50","4","1","1","5","4","6","6","4","4","10","5","5","2","15","2","9","2","1","C03","7","9","1","10","2","11","","13","13","1","13","4","120.687255","24.141061","2"
"586","66000","387130000C","(04)23274275","(04)23288582","2026","1","2","15","31","臺中市","北區","0","0","0","7","","","30","","","","","","","","","","","","","","17","","","","","B01","","","1","","1","","","85","85","1","13","4","120.671968","24.173441","3"
"587","66000","387130000C","(04)23274275","(04)23288582","2026","1","2","15","31","臺中市","南屯區","0","0","0","7","","","50","","","","","","","","","","","","","","13","","","","","C03","","","1","","2","","","84","84","1","13","4","120.653015","24.134871","3"
"588","66000","387130000C","(04)23274275","(04)23288582","2026","1","2","15","31","臺中市","北屯區","0","0","0","7","","","50","","","","","","","","","","","","","","12","","","","","B03","","","1","8","9","","","85","85","1","6","4","120.698385","24.18657","3"
"589","66000","387130000C","(04)23274275","(04)23288582","2026","1","2","15","37","臺中市","南區","0","1","0","7","1","6","50","3","1","1","5","4","6","6","4","4","9","4","5","2","12","3","10","3","1","B03","7","5","1","8","2","2","","47","47","1","12","4","120.664032","24.117412","2"
"590","66000","387130000C","(04)23274275","(04)23288582","2026","1","2","15","39","臺中市","沙鹿區","0","1","0","7","2","6","50","4","1","1","5","4","6","6","4","4","10","4","5","2","17","2","9","1","1","C03","7","6","1","10","2","14","","84","84","1","13","4","120.577019","24.240742","2"
"591","66000","387130000C","(04)23274275","(04)23288582","2026","1","2","15","40","臺中市","北屯區","0","0","0","7","","3","80","","","","","","","","","","","","","","13","","","","","B12","","","1","","1","","","7","7","1","6","4","120.714896","24.163954","3"
"592","66000","387130000C","(04)23274275","(04)23288582","2026","1","2","15","43","臺中市","北屯區","0","1","0","7","3","6","50","4","1","1","5","4","6","6","1","1","10","5","5","2","18","2","8","1","1","C03","7","9","1","10","1","12","","59","59","1","12","4","120.673327","24.200585","2"
"593","66000","387130000C","(04)23274275","(04)23288582","2026","1","2","15","44","臺中市","北屯區","0","0","0","7","","","50","","","","","","","","","","","","","","17","","","","","B03","","","1","","2","","","51","51","1","6","4","120.729449","24.172951","3"
"594","66000","387130000C","(04)23274275","(04)23288582","2026","1","2","15","46","臺中市","南屯區","0","0","0","7","","","50","","","","","","","","","","","","","","","","","","","B03","","","1","","1","","","11","11","1","12","4","120.649958","24.132014","4"
"595","66000","387130000C","(04)23274275","(04)23288582","2026","1","2","15","47","臺中市","西區","0","0","0","6","","","40","","","","","","","","","","","","","","14","","","","","B03","","","1","","9","","","49","49","1","12","4","120.665238","24.151536","3"
"596","66000","387130000C","(04)23274275","(04)23288582","2026","1","2","15","48","臺中市","北屯區","0","0","0","7","","","40","","","","","","","","","","","","","","12","","","","","B03","","","1","","1","","","51","51","1","12","4","120.690808","24.162937","3"
"597","66000","387130000C","(04)23274275","(04)23288582","2026","1","2","15","51","臺中市","豐原區","0","1","0","7","3","6","50","4","1","1","5","4","6","6","4","4","5","5","5","1","15","3","10","5","4","B03","7","9","1","8","2","2","","12","12","1","12","4","120.715632","24.249311","2"
"598","66000","387130000C","(04)23274275","(04)23288582","2026","1","2","15","53","臺中市","東區","0","1","0","7","2","6","50","13","9","1","5","4","6","6","4","4","10","5","5","2","17","2","9","2","1","C03","7","1","1","10","2","15","","85","85","1","12","4","120.68832","24.132316","2"
"599","66000","387130000C","(04)23274275","(04)23288582","2026","1","2","15","54","臺中市","西屯區","0","2","0","2","2","6","50","3","1","1","5","4","6","6","1","1","10","5","5","2","16","3","10","5","4","B03","7","6","1","8","2","6","","11","11","1","12","4","120.648857","24.168681","2"
"600","66000","387130000C","(04)23274275","(04)23288582","2026","1","2","15","54","臺中市","烏日區","0","0","0","7","2","6","50","13","7","1","5","4","","6","4","4","5","4","4","2","13","3","10","3","1","B02","7","9","1","8","1","1","","84","84","1","6","4","120.641891","24.106612","3"
"601","66000","387130000C","(04)23274275","(04)23288582","2026","1","2","15","55","臺中市","北屯區","0","0","0","7","3","6","50","5","1","1","5","4","6","6","1","1","10","5","5","2","15","","","","","C03","","","1","10","9","","","21","21","2","6","4","120.693505","24.17643","3"
"602","66000","387130000C","(04)23274275","(04)23288582","2026","1","2","15","55","臺中市","北屯區","0","0","0","7","","","50","","","","","","","","","","","","","","13","","","","","C03","","","1","","2","","","7","7","1","6","4","120.670395","24.188906","3"
"603","66000","387130000C","(04)23274275","(04)23288582","2026","1","2","15","56","臺中市","西區","0","1","0","7","2","6","50","4","1","1","5","4","6","6","1","1","10","5","5","2","13","2","9","1","1","C03","7","5","1","10","1","11","","84","84","1","13","4","120.665274","24.153681","2"
"604","66000","387130000C","(04)23274275","(04)23288582","2026","1","2","15","56","臺中市","南屯區","0","0","0","7","","","50","","","","","","","","","","","","","","12","","","","","B03","","","1","","1","","","51","51","1","12","4","120.649778","24.142738","4"
"605","66000","387130000C","(04)23274275","(04)23288582","2026","1","2","15","57","臺中市","西屯區","0","0","0","7","","","50","","","","","","","","","","","","","","12","","","","","B01","","","1","","2","","","84","84","1","12","4","120.620116","24.187116","3"
"606","66000","387130000C","(04)23274275","(04)23288582","2026","1","2","16","2","臺中市","西屯區","0","0","0","7","2","6","50","4","1","1","5","4","6","6","4","1","10","5","5","2","18","","","","","C01","","","1","","2","","","84","84","1","13","4","120.647722","24.191913","3"
"607","66000","387130000C","(04)23274275","(04)23288582","2026","1","2","16","5","臺中市","大甲區","0","1","0","7","2","6","70","13","9","1","5","4","6","6","4","4","1","4","5","1","13","2","9","2","1","C02","7","9","1","9","2","11","","59","59","1","6","4","120.647585","24.374944","2"
"608","66000","387130000C","(04)23274275","(04)23288582","2026","1","2","16","9","臺中市","后里區","0","2","0","6","2","6","50","4","7","1","5","4","6","6","1","1","3","4","4","1","12","3","10","3","1","B12","7","8","1","8","2","7","","40","40","1","6","4","120.721938","24.307965","2"
"609","66000","387130000C","(04)23274275","(04)23288582","2026","1","2","16","25","臺中市","沙鹿區","0","0","0","7","","","50","","","","","","","","","","","","","","17","","","","","B12","","","1","","1","","","78","78","1","7","4","120.599647","24.254052","3"
"610","66000","387130000C","(04)23274275","(04)23288582","2026","1","2","16","26","臺中市","東區","0","1","0","7","2","6","50","3","1","1","5","4","6","6","1","1","9","4","4","2","30","2","9","2","1","C03","7","6","1","10","2","12","","48","48","1","12","4","120.689757","24.138036","2"
"611","66000","387130000C","(04)23274275","(04)23288582","2026","1","2","16","27","臺中市","西區","0","3","0","7","2","6","50","3","1","1","5","4","6","6","1","1","10","5","5","2","15","2","9","1","1","C03","7","9","1","9","1","12","","21","21","1","13","4","120.658972","24.155928","2"
"612","66000","387130000C","(04)23274275","(04)23288582","2026","1","2","16","30","臺中市","南屯區","0","0","0","7","3","6","50","13","9","1","5","4","6","6","4","4","9","5","5","2","14","","","","","A11","","","1","","2","","","49","49","1","12","4","120.649496","24.141742","3"
"613","66000","387130000C","(04)23274275","(04)23288582","2026","1","2","16","33","臺中市","東區","0","0","0","7","","","50","","","","","","","","","","","","","","13","","","","","C03","","","1","","1","","","7","7","1","12","4","120.688686","24.132422","3"
"614","66000","387130000C","(04)23274275","(04)23288582","2026","1","2","16","34","臺中市","中區","0","0","0","7","","","50","","","","","","","","","","","","","","","","","","","C03","","","1","","1","","","7","7","1","12","4","120.677352","24.144148","3"
"615","66000","387130000C","(04)23274275","(04)23288582","2026","1","2","16","35","臺中市","西區","0","0","0","7","","","50","","","","","","","","","","","","","","","","","","","B12","","","1","8","1","","","50","50","1","13","4","120.655677","24.150191","3"
"616","66000","387130000C","(04)23274275","(04)23288582","2026","1","2","16","35","臺中市","北區","0","1","0","7","2","6","50","4","1","1","5","4","6","6","1","1","5","4","5","1","16","3","10","1","1","C03","7","9","1","10","2","12","","84","84","1","12","4","120.670544","24.155764","2"
"617","66000","387130000C","(04)23274275","(04)23288582","2026","1","2","16","35","臺中市","南區","0","1","0","7","2","6","50","13","9","1","5","4","6","6","4","4","5","5","5","2","17","3","10","2","1","C03","7","9","1","10","2","11","","84","84","1","13","4","120.681001","24.120782","2"
"618","66000","387130000C","(04)23274275","(04)23288582","2026","1","2","16","36","臺中市","北屯區","0","0","0","7","","","50","","","","","","","","","","","","","","17","","","","","B03","","","1","","2","","","14","14","1","6","4","120.685201","24.179124","3"
"619","66000","387130000C","(04)23274275","(04)23288582","2026","1","2","16","37","臺中市","西屯區","0","0","0","7","","","50","","","","","","","","","","","","","","13","","","","","B03","","","1","","2","","","59","59","1","13","4","120.649214","24.160939","3"
"620","66000","387130000C","(04)23274275","(04)23288582","2026","1","2","16","38","臺中市","西屯區","0","0","0","7","","","50","","","","","","","","","","","","","","13","","","","","B03","","","1","","1","","","59","59","1","13","4","120.634492","24.176183","3"
"621","66000","387130000C","(04)23274275","(04)23288582","2026","1","2","16","44","臺中市","北屯區","0","0","0","7","","3","40","","","","","","","","","","","","","","13","","","","","B03","","","1","","1","","","55","55","1","12","4","120.718764","24.16119","3"
"622","66000","387130000C","(04)23274275","(04)23288582","2026","1","2","16","47","臺中市","西屯區","0","0","0","7","","","50","","","","","","","","","","","","","","14","","","","","B12","","","1","","1","","","49","49","1","12","4","120.599353","24.174818","3"
"623","66000","387130000C","(04)23274275","(04)23288582","2026","1","2","16","50","臺中市","西屯區","0","2","0","6","1","6","50","3","1","1","5","4","6","6","2","1","10","5","5","2","15","2","9","5","4","C03","7","1","1","10","2","11","","25","25","1","12","4","120.610689","24.170546","2"
"624","66000","387130000C","(04)23274275","(04)23288582","2026","1","2","16","52","臺中市","西屯區","0","1","0","7","2","6","50","3","1","1","5","4","6","6","2","1","10","5","5","2","13","3","10","2","1","C03","7","5","1","10","2","11","","7","7","1","12","4","120.637328","24.178927","2"
"625","66000","387130000C","(04)23274275","(04)23288582","2026","1","2","16","53","臺中市","龍井區","0","0","0","7","","","","","","","","","","","","","","","","","","","","","","","","","","","","","","2","2","1","","","120.522666","24.217684","3"
"626","66000","387130000C","(04)23274275","(04)23288582","2026","1","2","16","57","臺中市","南區","0","0","0","7","","","50","","","","","","","","","","","","","","","","","","","C03","","","1","","2","","","7","7","1","12","4","120.645604","24.110433","3"
"627","66000","387130000C","(04)23274275","(04)23288582","2026","1","2","17","0","臺中市","北區","0","0","0","7","","","50","","","","","","","","","","","","","","17","","","","","C03","","","1","","1","","","85","85","1","13","4","120.686037","24.146672","3"
"628","66000","387130000C","(04)23274275","(04)23288582","2026","1","2","17","0","臺中市","大甲區","0","0","0","7","","","50","","","","","","","","","","","","","","","","","","","A02","","","1","","2","","","84","84","1","6","4","120.627078","24.345377","3"
"629","66000","387130000C","(04)23274275","(04)23288582","2026","1","2","17","4","臺中市","南區","0","1","0","7","1","6","40","4","1","1","5","4","6","6","2","1","10","5","5","2","16","3","10","1","1","C03","7","5","5","10","2","12","","84","84","1","12","4","120.675029","24.12418","2"
"630","66000","387130000C","(04)23274275","(04)23288582","2026","1","2","17","5","臺中市","大雅區","0","0","0","7","","","40","","","","","","","","","","","","","","13","","","","","C03","","","5","","1","","","7","7","1","13","4","120.645998","24.22386","3"
"631","66000","387130000C","(04)23274275","(04)23288582","2026","1","2","17","5","臺中市","西屯區","0","0","0","7","","","50","","","","","","","","","","","","","","13","","","","","C03","","","1","","1","","","7","7","1","13","4","120.622144","24.180632","3"
"632","66000","387130000C","(04)23274275","(04)23288582","2026","1","2","17","7","臺中市","潭子區","0","0","0","7","","","50","","","","","","","","","","","","","","","","","","","B03","","","1","","2","","","7","7","1","12","4","120.707327","24.201024","3"
"633","66000","387130000C","(04)23274275","(04)23288582","2026","1","2","17","7","臺中市","南屯區","0","1","0","7","2","6","50","4","9","1","5","4","6","6","2","1","1","4","5","2","13","3","10","3","1","B03","7","9","1","8","1","1","","84","84","1","13","4","120.64273","24.144095","2"
"634","66000","387130000C","(04)23274275","(04)23288582","2026","1","2","17","7","臺中市","西屯區","0","0","0","7","","","50","","","","","","","","","","","","","","15","","","","","B03","","","1","","2","","","21","21","1","13","4","120.648816","24.194077","3"
"635","66000","387130000C","(04)23274275","(04)23288582","2026","1","2","17","10","臺中市","北區","0","1","0","7","2","6","50","4","1","1","5","4","6","6","2","1","3","4","5","2","18","2","9","1","1","C03","7","9","1","10","2","14","","84","84","1","12","4","120.685008","24.166999","2"
"636","66000","387130000C","(04)23274275","(04)23288582","2026","1","2","17","10","臺中市","南區","0","2","0","7","1","6","50","5","1","1","5","4","6","6","1","1","10","5","5","2","17","2","9","2","1","C03","7","9","1","10","2","15","","85","85","1","12","4","120.661463","24.12172","2"
"637","66000","387130000C","(04)23274275","(04)23288582","2026","1","2","17","10","臺中市","沙鹿區","0","0","0","7","","","40","","","","","","","","","","","","","","","","","","","C03","","","1","","2","","","4","4","1","12","4","120.607864","24.246742","3"
"638","66000","387130000C","(04)23274275","(04)23288582","2026","1","2","17","14","臺中市","烏日區","0","2","0","7","3","6","50","3","1","1","5","4","6","6","1","1","5","4","5","1","16","2","9","1","1","C03","7","9","1","10","2","11","14","21","21","1","6","4","120.630243","24.100219","2"
"639","66000","387130000C","(04)23274275","(04)23288582","2026","1","2","17","14","臺中市","烏日區","0","0","0","7","","","50","","","","","","","","","","","","","","16","","","","","B03","","","1","","1","","","11","11","1","13","4","120.625893","24.106097","3"
"640","66000","387130000C","(04)23274275","(04)23288582","2026","1","2","17","14","臺中市","沙鹿區","0","0","0","7","","","50","","","","","","","","","","","","","","","","","","","B03","","","1","","1","","","1","1","1","13","4","120.588512","24.26383","3"
"641","66000","387130000C","(04)23274275","(04)23288582","2026","1","2","17","15","臺中市","大雅區","0","1","0","6","1","6","30","13","9","1","5","4","6","6","4","4","10","5","5","2","17","3","10","3","1","B12","7","6","1","8","2","1","","20","20","1","13","4","120.629862","24.208604","2"
"642","66000","387130000C","(04)23274275","(04)23288582","2026","1","2","17","16","臺中市","西區","0","0","0","6","","","40","","","","","","","","","","","","","","13","","","","","F01","","","1","","1","","","7","7","1","3","1","120.665226","24.148263","3"
"643","66000","387130000C","(04)23274275","(04)23288582","2026","1","2","17","17","臺中市","南區","0","2","0","7","1","6","50","4","1","1","5","4","6","6","4","4","10","5","5","2","17","2","9","1","1","C03","7","9","1","10","2","11","","15","15","1","12","4","120.656063","24.130769","2"
"644","66000","387130000C","(04)23274275","(04)23288582","2026","1","2","17","17","臺中市","沙鹿區","0","1","0","7","2","6","40","13","8","1","5","4","6","6","4","4","3","4","4","2","17","3","10","3","1","B03","7","1","1","8","2","8","","51","51","1","13","4","120.567374","24.205313","2"
"645","66000","387130000C","(04)23274275","(04)23288582","2026","1","2","17","21","臺中市","北屯區","0","0","0","7","","","50","","","","","","","","","","","","","","13","","","","","B03","","","1","8","1","","","84","84","1","6","4","120.72215","24.169763","3"
"646","66000","387130000C","(04)23274275","(04)23288582","2026","1","2","17","21","臺中市","烏日區","0","0","0","7","1","6","50","3","2","1","5","4","6","6","4","4","10","5","5","2","13","3","10","3","1","B01","7","9","1","3","1","8","","84","84","1","6","4","120.601013","24.109382","3"
"647","66000","387130000C","(04)23274275","(04)23288582","2026","1","2","17","22","臺中市","大里區","0","1","0","7","1","6","30","3","1","1","5","4","6","6","4","4","10","5","5","2","16","3","10","3","1","B03","7","6","1","8","2","1","","14","14","1","13","4","120.689204","24.112029","2"
"648","66000","387130000C","(04)23274275","(04)23288582","2026","1","2","17","23","臺中市","西區","0","1","0","7","2","6","50","13","9","1","5","4","6","6","4","4","9","5","5","2","17","3","10","5","4","B03","7","1","1","8","2","8","","51","51","1","13","4","120.669349","24.147254","2"
"649","66000","387130000C","(04)23274275","(04)23288582","2026","1","2","17","27","臺中市","沙鹿區","0","0","0","7","","","50","","","","","","","","","","","","","","13","","","","","B03","","","1","","1","","","7","7","1","6","4","120.570329","24.218248","4"
"650","66000","387130000C","(04)23274275","(04)23288582","2026","1","2","17","29","臺中市","后里區","0","0","0","6","2","6","40","18","9","1","5","4","6","6","4","4","10","5","5","2","12","","","","","C03","","","1","","1","","","59","59","1","6","4","120.694539","24.314312","3"
"651","66000","387130000C","(04)23274275","(04)23288582","2026","1","2","17","30","臺中市","南屯區","0","0","0","7","3","6","50","13","9","1","5","4","6","6","4","4","9","5","5","2","30","","","","","B03","","","1","","1","","","87","87","1","12","4","120.641977","24.149202","3"
"652","66000","387130000C","(04)23274275","(04)23288582","2026","1","2","17","30","臺中市","太平區","0","1","0","7","1","6","50","13","9","1","5","4","6","6","4","4","5","4","5","2","16","3","10","2","1","C03","7","9","1","10","2","11","","59","59","1","12","4","120.724375","24.108167","2"
"653","66000","387130000C","(04)23274275","(04)23288582","2026","1","2","17","30","臺中市","沙鹿區","0","1","0","7","1","6","50","4","1","1","5","4","6","6","1","1","10","5","5","2","16","3","10","3","1","B03","7","6","1","8","2","1","","11","11","1","12","4","120.558847","24.2347","2"
"654","66000","387130000C","(04)23274275","(04)23288582","2026","1","2","17","32","臺中市","西屯區","0","0","0","7","","","30","","","","","","","","","","","","","","17","","","","","C03","","","1","","1","","","59","59","1","13","4","120.646274","24.181949","3"
"655","66000","387130000C","(04)23274275","(04)23288582","2026","1","2","17","35","臺中市","南屯區","0","1","0","7","1","6","40","13","8","1","5","4","6","6","4","4","9","5","4","2","12","3","10","3","1","B03","7","1","1","8","2","4","","51","51","1","12","4","120.636224","24.153728","2"
"656","66000","387130000C","(04)23274275","(04)23288582","2026","1","2","17","35","臺中市","西屯區","0","1","0","7","1","6","50","4","2","1","5","4","6","6","2","1","5","4","5","2","12","3","10","5","4","B03","7","9","1","8","9","15","","8","8","2","12","4","120.643909","24.156088","2"
"657","66000","387130000C","(04)23274275","(04)23288582","2026","1","2","17","37","臺中市","西屯區","0","1","0","7","1","6","50","5","1","1","5","4","6","6","2","1","10","5","5","2","13","3","10","5","4","B03","7","12","1","1","2","3","","59","59","1","12","4","120.648348","24.157891","2"
"658","66000","387130000C","(04)23274275","(04)23288582","2026","1","2","17","38","臺中市","西區","0","0","0","7","","","50","","","","","","","","","","","","","","","","","","","B03","","","1","","1","","","59","59","1","12","4","120.663716","24.139848","3"
"659","66000","387130000C","(04)23274275","(04)23288582","2026","1","2","17","38","臺中市","北區","0","0","0","7","","","50","","","","","","","","","","","","","","13","","","","","B12","","","1","","1","","","85","85","1","12","4","120.692466","24.161366","3"
"660","66000","387130000C","(04)23274275","(04)23288582","2026","1","2","17","40","臺中市","南屯區","0","1","0","7","2","6","50","4","1","1","5","4","6","6","1","1","5","4","4","2","16","3","10","3","1","B03","7","6","1","8","2","2","","11","11","1","12","4","120.620857","24.140037","2"
"661","66000","387130000C","(04)23274275","(04)23288582","2026","1","2","17","41","臺中市","梧棲區","0","1","0","1","1","9","0","18","21","2","5","4","6","6","4","4","10","5","5","2","18","2","9","1","1","C03","7","9","1","10","2","12","","87","87","1","12","4","120.528239","24.244403","2"
"662","66000","387130000C","(04)23274275","(04)23288582","2026","1","2","17","42","臺中市","西屯區","0","1","0","7","1","6","40","13","12","1","5","4","6","6","2","1","5","5","4","2","18","2","9","1","1","C03","7","5","1","10","2","12","","84","84","1","13","4","120.645296","24.178982","2"
"663","66000","387130000C","(04)23274275","(04)23288582","2026","1","2","17","42","臺中市","梧棲區","0","1","0","7","2","6","70","5","1","1","5","4","6","6","1","1","10","5","5","2","13","2","9","1","1","C03","7","7","1","10","2","11","","7","7","1","12","4","120.541745","24.262326","2"
"664","66000","387130000C","(04)23274275","(04)23288582","2026","1","2","17","44","臺中市","南區","0","0","0","7","","","30","","","","","","","","","","","","","","16","","","","","B03","","","1","","1","","","14","14","1","13","4","120.673344","24.126944","3"