序號,縣市別代碼,機關代碼,市話,傳真,年,月,日,時,分,縣市,區,死亡數量,受傷數量,2-30,天候,道路照明設備,道路類別,道路速限,道路型態,事故位置,路面鋪裝,路面狀態,路面缺陷,障礙物,視距,號誌種類,號誌動作,分向設施,快車道或一般車道間,快慢車道間,路面邊線,事故類型及型態,受傷程度,主要傷處,保護裝備,行動電話或功能裝置,當事者區分(類別),車輛用途,當事者行動狀態,駕照狀態,駕照種類,飲酒情形,車輛撞擊部位最初,車輛撞擊部位其他,肇事因素個別,肇事因素主要,肇事逃逸,職業,共享經濟或外送平台,GPS座標X,GPS座標Y,事故類別
"665","66000","387130000C","(04)23274275","(04)23288582","2026","1","2","17","45","臺中市","梧棲區","0","0","0","7","","","30","","","","","","","","","","","","","","14","","","","","B03","","","1","","1","","","49","49","1","6","4","120.539715","24.252912","3"
"666","66000","387130000C","(04)23274275","(04)23288582","2026","1","2","17","46","臺中市","霧峰區","0","0","0","7","","","40","","","","","","","","","","","","","","17","","","","","","","","","","","","","119","119","1","","","120.696323","24.06278","3"
"667","66000","387130000C","(04)23274275","(04)23288582","2026","1","2","17","47","臺中市","潭子區","0","1","0","6","1","6","50","13","7","1","5","4","6","6","4","4","5","4","4","2","17","2","9","2","1","C03","7","9","1","10","2","14","","84","84","1","13","4","120.710358","24.209152","2"
"668","66000","387130000C","(04)23274275","(04)23288582","2026","1","2","17","47","臺中市","大里區","0","1","0","7","1","6","50","13","9","1","5","4","6","6","4","4","9","5","5","1","12","3","10","1","1","C03","7","4","1","10","1","12","","84","84","2","12","4","120.697113","24.090342","2"
"669","66000","387130000C","(04)23274275","(04)23288582","2026","1","2","17","47","臺中市","太平區","0","0","0","7","1","","50","13","7","1","5","4","6","6","1","1","1","4","5","2","13","","","","","B03","","","1","","1","","","84","84","1","12","4","120.714617","24.148786","3"
"670","66000","387130000C","(04)23274275","(04)23288582","2026","1","2","17","47","臺中市","清水區","0","1","0","7","1","6","30","13","9","1","5","4","6","6","4","4","10","5","5","2","25","2","9","1","1","C03","7","9","1","10","2","11","","59","59","1","12","4","120.630582","24.273843","2"
"671","66000","387130000C","(04)23274275","(04)23288582","2026","1","2","17","48","臺中市","太平區","0","0","0","7","","3","80","","","","","","","","","","","","","","17","","","","","B03","","","1","","2","","","40","40","1","12","4","120.714097","24.14843","3"
"672","66000","387130000C","(04)23274275","(04)23288582","2026","1","2","17","50","臺中市","北區","0","1","0","7","1","6","50","4","2","1","5","4","6","6","4","4","10","5","5","2","17","3","10","3","1","B03","7","1","1","8","2","5","","51","51","1","13","4","120.684884","24.146304","2"
"673","66000","387130000C","(04)23274275","(04)23288582","2026","1","2","17","50","臺中市","北屯區","0","1","0","7","3","6","50","4","1","1","5","4","6","6","1","1","10","5","5","2","14","3","10","3","1","B12","7","2","1","8","2","3","","49","49","1","6","4","120.68702","24.167094","2"
"674","66000","387130000C","(04)23274275","(04)23288582","2026","1","2","17","53","臺中市","潭子區","0","1","0","7","1","6","50","4","1","1","5","4","6","6","3","1","10","5","5","2","17","3","10","3","1","B12","7","9","1","8","2","2","","58","58","1","12","4","120.701322","24.208425","2"
"675","66000","387130000C","(04)23274275","(04)23288582","2026","1","2","17","53","臺中市","西屯區","0","0","0","7","","","40","","","","","","","","","","","","","","17","","","","","C03","","","1","","2","","","7","7","1","13","4","120.653748","24.159876","3"
"676","66000","387130000C","(04)23274275","(04)23288582","2026","1","2","17","55","臺中市","東區","0","1","0","7","1","6","50","4","1","1","5","4","6","6","1","1","9","4","5","2","12","3","10","1","1","C03","7","9","1","10","2","16","","84","84","1","12","4","120.689113","24.131434","2"
"677","66000","387130000C","(04)23274275","(04)23288582","2026","1","2","17","56","臺中市","北屯區","0","0","0","7","","","40","","","","","","","","","","","","","","13","","","","","C03","","","1","","1","","","7","7","1","12","4","120.70605","24.173111","4"
"678","66000","387130000C","(04)23274275","(04)23288582","2026","1","2","17","56","臺中市","外埔區","0","1","0","7","1","6","50","13","9","1","5","4","6","6","4","4","5","5","5","1","17","2","9","1","1","C03","7","9","1","10","2","11","","84","84","1","6","4","120.706672","24.34326","2"
"679","66000","387130000C","(04)23274275","(04)23288582","2026","1","2","17","56","臺中市","大甲區","0","1","0","7","1","6","30","4","1","1","5","4","6","6","4","4","10","5","5","2","15","3","10","3","1","B03","7","9","1","8","2","1","","12","12","1","6","4","120.629919","24.343538","2"
"680","66000","387130000C","(04)23274275","(04)23288582","2026","1","2","17","57","臺中市","大雅區","0","0","0","7","","","60","","","","","","","","","","","","","","12","","","","","A11","","","1","","1","","","20","20","1","12","4","120.650566","24.210744","3"
"681","66000","387130000C","(04)23274275","(04)23288582","2026","1","2","17","58","臺中市","西區","0","0","0","7","","","50","","","","","","","","","","","","","","","","","","","B03","","","1","8","1","","","84","84","1","13","4","120.658465","24.155696","3"
"682","66000","387130000C","(04)23274275","(04)23288582","2026","1","2","17","58","臺中市","南屯區","0","0","0","7","","","40","","","","","","","","","","","","","","14","","","","","B03","","","1","","1","","","49","49","1","12","4","120.616192","24.153034","3"
"683","66000","387130000C","(04)23274275","(04)23288582","2026","1","2","17","58","臺中市","南屯區","0","0","0","7","","","50","","","","","","","","","","","","","","","","","","","B03","","","1","","1","","","87","87","1","12","4","120.622643","24.150214","3"
"684","66000","387130000C","(04)23274275","(04)23288582","2026","1","2","18","2","臺中市","大里區","0","1","0","7","1","6","50","5","1","1","5","4","6","6","4","4","10","5","5","2","17","3","10","2","1","C03","7","6","1","10","2","11","","11","11","1","13","4","120.68647","24.106751","2"
"685","66000","387130000C","(04)23274275","(04)23288582","2026","1","2","18","3","臺中市","烏日區","0","1","0","7","1","6","50","4","1","1","5","4","6","6","2","1","1","2","5","2","16","2","9","1","1","C03","7","6","1","10","2","13","12","48","48","1","6","4","120.646654","24.110348","2"
"686","66000","387130000C","(04)23274275","(04)23288582","2026","1","2","18","4","臺中市","東區","0","0","0","7","","","50","","","","","","","","","","","","","","17","","","","","C03","","","1","","2","","","84","84","1","12","4","120.697972","24.140102","3"
"687","66000","387130000C","(04)23274275","(04)23288582","2026","1","2","18","5","臺中市","南區","0","0","0","7","","","50","","","","","","","","","","","","","","13","","","","","C03","","","1","","2","","","7","7","1","12","4","120.678981","24.126895","3"
"688","66000","387130000C","(04)23274275","(04)23288582","2026","1","2","18","5","臺中市","沙鹿區","0","0","0","7","","","50","","","","","","","","","","","","","","13","","","","","B03","","","1","","1","","","7","7","1","6","4","120.599647","24.254052","3"
"689","66000","387130000C","(04)23274275","(04)23288582","2026","1","2","18","7","臺中市","西屯區","0","1","0","7","1","6","50","3","2","1","5","4","6","6","1","1","5","5","5","2","13","2","9","5","4","C03","7","12","1","10","2","15","","59","59","1","13","4","120.610814","24.170564","2"
"690","66000","387130000C","(04)23274275","(04)23288582","2026","1","2","18","8","臺中市","西屯區","0","2","0","7","1","6","30","3","1","1","5","4","6","6","4","4","10","5","5","2","15","3","10","5","4","B03","7","1","1","8","2","8","","51","51","1","12","4","120.615977","24.183698","2"
"691","66000","387130000C","(04)23274275","(04)23288582","2026","1","2","18","8","臺中市","大里區","0","0","0","7","","","50","","","","","","","","","","","","","","17","","","","","B03","","","1","","2","","","94","94","1","9","4","120.689682","24.100514","3"
"692","66000","387130000C","(04)23274275","(04)23288582","2026","1","2","18","8","臺中市","大里區","0","0","0","7","","","50","","","","","","","","","","","","","","12","","","","","C03","","","1","","2","","","47","47","2","13","4","120.69718","24.111338","3"
"693","66000","387130000C","(04)23274275","(04)23288582","2026","1","2","18","8","臺中市","烏日區","0","0","0","7","","3","40","","","","","","","","","","","","","","13","","","","","B03","","","1","","2","","","59","59","1","13","4","120.612551","24.102646","3"
"694","66000","387130000C","(04)23274275","(04)23288582","2026","1","2","18","10","臺中市","北屯區","0","1","0","7","1","6","50","13","8","1","5","4","6","6","4","4","1","4","4","2","17","3","10","3","1","B03","7","7","1","8","2","6","","40","40","1","6","4","120.68634","24.203736","2"
"695","66000","387130000C","(04)23274275","(04)23288582","2026","1","2","18","10","臺中市","大甲區","0","1","0","7","1","6","70","4","2","1","5","4","6","6","1","1","1","4","4","1","12","3","10","3","1","B03","7","7","1","8","2","5","2","40","40","1","6","4","120.650823","24.381323","2"
"696","66000","387130000C","(04)23274275","(04)23288582","2026","1","2","18","11","臺中市","南區","0","1","0","7","1","6","50","3","1","1","5","4","6","6","4","4","9","4","4","2","17","3","10","3","1","B03","7","5","1","8","2","1","","7","7","1","12","4","120.663679","24.127172","2"
"697","66000","387130000C","(04)23274275","(04)23288582","2026","1","2","18","11","臺中市","烏日區","0","1","0","7","1","6","50","13","8","1","5","4","6","6","4","4","1","4","1","1","13","2","9","1","1","C03","7","9","1","10","2","11","","84","84","1","6","4","120.583179","24.109866","2"
"698","66000","387130000C","(04)23274275","(04)23288582","2026","1","2","18","11","臺中市","清水區","0","0","0","7","","","50","","","","","","","","","","","","","","","","","","","B03","","","1","","11","","","8","8","1","12","4","120.550584","24.271768","3"
"699","66000","387130000C","(04)23274275","(04)23288582","2026","1","2","18","13","臺中市","北區","0","1","0","7","1","6","50","4","1","1","5","4","6","6","2","1","5","5","5","2","17","3","10","1","1","C03","7","5","1","10","2","11","","20","20","1","12","4","120.682335","24.153988","2"
"700","66000","387130000C","(04)23274275","(04)23288582","2026","1","2","18","13","臺中市","大里區","0","1","0","7","1","6","50","3","1","1","5","4","6","6","4","4","5","5","5","1","18","2","9","1","1","F01","7","9","7","21","1","14","","84","84","1","4","4","120.695683","24.111217","2"
"701","66000","387130000C","(04)23274275","(04)23288582","2026","1","2","18","13","臺中市","太平區","0","0","0","7","1","6","50","13","9","1","5","4","6","6","4","4","9","5","5","2","16","","","","","B03","","","1","","2","","","51","51","1","12","4","120.71415","24.159439","3"
"702","66000","387130000C","(04)23274275","(04)23288582","2026","1","2","18","14","臺中市","西屯區","0","0","0","7","","3","80","","","","","","","","","","","","","","13","","","","","B03","","","1","","1","","","59","59","1","12","4","120.635179","24.180577","3"
"703","66000","387130000C","(04)23274275","(04)23288582","2026","1","2","18","17","臺中市","潭子區","0","0","0","6","","","50","","","","","","","","","","","","","","","","","","","C03","","","1","","2","","","7","7","1","13","4","120.703553","24.212239","3"
"704","66000","387130000C","(04)23274275","(04)23288582","2026","1","2","18","20","臺中市","南屯區","0","1","0","7","1","6","50","4","1","1","5","4","6","6","1","1","10","5","5","2","18","2","9","2","1","C03","7","21","1","10","2","14","","59","59","1","12","4","120.646533","24.133195","2"
"705","66000","387130000C","(04)23274275","(04)23288582","2026","1","2","18","20","臺中市","大里區","0","2","0","7","1","6","50","3","1","1","5","4","6","6","4","4","9","4","5","1","16","2","9","2","1","C03","7","6","1","10","2","11","","14","14","1","13","4","120.706567","24.087337","2"
"706","66000","387130000C","(04)23274275","(04)23288582","2026","1","2","18","21","臺中市","沙鹿區","0","0","0","7","","","60","","","","","","","","","","","","","","","","","","","B03","","","1","","2","","","40","40","1","12","4","120.563367","24.239863","3"
"707","66000","387130000C","(04)23274275","(04)23288582","2026","1","2","18","22","臺中市","北區","0","0","0","7","","","50","","","","","","","","","","","","","","12","","","","","C03","","","1","","1","","","7","7","1","13","4","120.678936","24.168486","3"
"708","66000","387130000C","(04)23274275","(04)23288582","2026","1","2","18","23","臺中市","西屯區","0","0","0","7","","","50","","","","","","","","","","","","","","17","","","","","B03","","","1","","2","","","8","8","1","12","4","120.644151","24.201156","3"
"709","66000","387130000C","(04)23274275","(04)23288582","2026","1","2","18","26","臺中市","北屯區","0","1","0","7","1","6","50","3","2","1","5","4","6","6","4","4","1","4","5","1","12","2","9","1","1","C03","7","8","1","10","2","14","","40","40","1","12","4","120.700747","24.182426","2"
"710","66000","387130000C","(04)23274275","(04)23288582","2026","1","2","18","27","臺中市","北區","0","0","0","7","","","50","","","","","","","","","","","","","","17","","","","","B03","","","1","","2","","","51","51","1","13","4","120.671651","24.166745","3"
"711","66000","387130000C","(04)23274275","(04)23288582","2026","1","2","18","27","臺中市","北屯區","0","1","0","7","1","6","50","4","1","1","5","4","6","6","1","1","10","5","5","2","17","2","7","1","1","C03","7","11","1","10","1","11","","84","84","1","12","4","120.663443","24.185385","2"
"712","66000","387130000C","(04)23274275","(04)23288582","2026","1","2","18","31","臺中市","東區","0","1","0","7","1","6","50","3","1","1","5","4","6","6","4","4","10","5","5","2","18","2","9","2","1","C03","7","12","3","19","2","12","","82","82","1","13","4","120.701058","24.131977","2"
"713","66000","387130000C","(04)23274275","(04)23288582","2026","1","2","18","33","臺中市","沙鹿區","0","1","0","6","1","6","50","3","2","1","5","4","6","6","4","4","8","3","5","1","17","3","10","5","4","B03","7","6","1","8","2","1","","48","48","1","13","4","120.605206","24.244551","2"
"714","66000","387130000C","(04)23274275","(04)23288582","2026","1","2","18","34","臺中市","北區","0","0","0","7","","","50","","","","","","","","","","","","","","17","","","","","B03","","","1","","2","","","48","48","1","12","4","120.686083","24.154528","3"
"715","66000","387130000C","(04)23274275","(04)23288582","2026","1","2","18","40","臺中市","北屯區","0","0","0","7","","3","80","","","","","","","","","","","","","","13","","","","","B03","","","1","","1","","","7","7","1","6","4","120.714896","24.163954","3"
"716","66000","387130000C","(04)23274275","(04)23288582","2026","1","2","18","41","臺中市","太平區","0","0","0","7","","","50","","","","","","","","","","","","","","16","","","","","C03","","","1","","1","","","84","84","1","12","4","120.703112","24.153455","3"
"717","66000","387130000C","(04)23274275","(04)23288582","2026","1","2","18","42","臺中市","太平區","0","0","0","7","1","6","50","3","9","1","5","4","6","6","1","1","5","5","5","2","13","","","","","B03","","","1","","1","","","84","84","1","12","4","120.710609","24.155037","3"
"718","66000","387130000C","(04)23274275","(04)23288582","2026","1","2","18","51","臺中市","北屯區","0","0","0","7","","3","80","","","","","","","","","","","","","","13","","","","","B03","","","1","","1","","","7","7","1","6","4","120.722417","24.188925","3"
"719","66000","387130000C","(04)23274275","(04)23288582","2026","1","2","18","51","臺中市","大里區","0","0","0","7","","3","80","","","","","","","","","","","","","","13","","","","","B03","","","1","","2","","","7","7","1","12","4","120.690704","24.098029","3"
"720","66000","387130000C","(04)23274275","(04)23288582","2026","1","2","18","54","臺中市","北區","0","1","0","7","1","6","40","13","8","1","5","4","6","6","4","4","1","4","4","2","13","2","9","1","1","C03","7","9","3","19","2","15","","7","7","1","12","4","120.674629","24.162153","2"
"721","66000","387130000C","(04)23274275","(04)23288582","2026","1","2","18","55","臺中市","西屯區","0","1","0","7","1","6","50","4","1","1","5","4","6","6","2","1","10","5","5","2","13","2","8","1","1","C03","7","5","1","10","2","11","","59","59","1","13","4","120.649777","24.16273","2"
"722","66000","387130000C","(04)23274275","(04)23288582","2026","1","2","18","56","臺中市","西區","0","1","0","6","1","6","50","18","9","1","5","4","6","6","4","4","10","4","5","2","17","3","10","3","1","B03","7","6","1","8","2","5","","20","20","1","12","4","120.661863","24.163021","2"
"723","66000","387130000C","(04)23274275","(04)23288582","2026","1","2","18","56","臺中市","南屯區","0","0","0","7","","","50","","","","","","","","","","","","","","17","","","","","C03","","","1","","2","","","84","84","1","12","4","120.636472","24.146743","3"
"724","66000","387130000C","(04)23274275","(04)23288582","2026","1","2","18","56","臺中市","西屯區","0","2","0","7","1","6","50","3","1","1","5","4","6","6","1","1","10","5","5","2","16","2","9","5","4","C03","7","6","1","10","2","12","","36","36","1","13","4","120.655613","24.172449","2"
"725","66000","387130000C","(04)23274275","(04)23288582","2026","1","2","18","58","臺中市","西屯區","0","0","0","7","","","50","","","","","","","","","","","","","","16","","","","","B03","","","1","","2","","","59","59","1","13","4","120.649594","24.162859","3"
"726","66000","387130000C","(04)23274275","(04)23288582","2026","1","2","18","58","臺中市","西屯區","0","0","0","7","","","50","","","","","","","","","","","","","","12","","","","","C03","","","1","","1","","","8","8","1","12","4","120.643436","24.165534","3"
"727","66000","387130000C","(04)23274275","(04)23288582","2026","1","2","19","0","臺中市","東區","0","1","0","7","1","6","50","4","1","1","5","4","6","6","1","1","9","4","5","2","16","3","10","1","1","C03","7","6","1","10","2","14","","11","11","1","12","2","120.695208","24.141603","2"
"728","66000","387130000C","(04)23274275","(04)23288582","2026","1","2","19","4","臺中市","東區","0","0","0","7","","","50","","","","","","","","","","","","","","13","","","","","B12","","","1","","1","","","84","84","1","12","4","120.706773","24.148811","3"
"729","66000","387130000C","(04)23274275","(04)23288582","2026","1","2","19","11","臺中市","烏日區","0","1","0","7","1","6","60","4","1","1","5","4","6","6","1","1","10","5","5","2","12","2","8","1","1","C03","7","15","3","19","2","12","11","84","84","1","6","4","120.638134","24.107693","2"
"730","66000","387130000C","(04)23274275","(04)23288582","2026","1","2","19","13","臺中市","北區","0","0","0","7","","","50","","","","","","","","","","","","","","17","","","","","C03","","","1","","2","","","50","50","1","13","4","120.682698","24.161533","3"
"731","66000","387130000C","(04)23274275","(04)23288582","2026","1","2","19","20","臺中市","南屯區","0","0","0","7","","","50","","","","","","","","","","","","","","","","","","","B03","","","1","","1","","","59","59","1","12","4","120.625818","24.140633","3"
"732","66000","387130000C","(04)23274275","(04)23288582","2026","1","2","19","24","臺中市","南屯區","0","0","0","7","1","6","50","13","9","1","5","4","6","6","1","1","3","2","5","2","12","","","","","B03","","","1","","9","","","8","8","2","12","4","120.646461","24.150815","3"
"733","66000","387130000C","(04)23274275","(04)23288582","2026","1","2","19","25","臺中市","北屯區","0","0","0","7","","","50","","","","","","","","","","","","","","17","","","","","B03","","","1","","2","","","8","8","1","6","4","120.692996","24.167975","3"
"734","66000","387130000C","(04)23274275","(04)23288582","2026","1","2","19","27","臺中市","西區","0","1","0","6","1","6","40","4","2","1","5","4","6","6","4","4","9","4","4","2","13","2","9","1","1","C03","7","9","1","10","2","11","","59","59","1","12","4","120.665226","24.147865","2"
"735","66000","387130000C","(04)23274275","(04)23288582","2026","1","2","19","30","臺中市","南屯區","0","0","0","7","","","50","","","","","","","","","","","","","","12","","","","","B03","","","1","","1","","","42","42","1","12","4","120.635735","24.143409","3"
"736","66000","387130000C","(04)23274275","(04)23288582","2026","1","2","19","30","臺中市","北屯區","0","1","0","7","1","6","50","3","1","1","5","4","6","6","3","1","10","5","5","2","16","2","8","1","1","C03","7","6","1","10","2","14","","24","24","1","12","4","120.733237","24.168902","2"
"737","66000","387130000C","(04)23274275","(04)23288582","2026","1","2","19","32","臺中市","西屯區","0","1","0","7","1","6","50","4","1","1","5","4","6","6","1","1","10","5","5","2","16","2","8","5","4","C03","7","6","1","10","1","14","","48","48","1","12","4","120.616454","24.185915","2"
"738","66000","387130000C","(04)23274275","(04)23288582","2026","1","2","19","36","臺中市","中區","0","0","0","7","","","50","","","","","","","","","","","","","","","","","","","B03","","","1","8","1","","","49","49","1","13","4","120.678952","24.139018","3"
"739","66000","387130000C","(04)23274275","(04)23288582","2026","1","2","19","37","臺中市","沙鹿區","0","1","0","7","2","6","50","13","7","1","5","4","6","6","4","4","1","4","4","2","17","3","10","3","1","B03","7","1","1","8","2","4","","51","51","1","6","4","120.560862","24.234099","2"
"740","66000","387130000C","(04)23274275","(04)23288582","2026","1","2","19","40","臺中市","西屯區","0","0","0","7","","","50","","","","","","","","","","","","","","13","","","","","C03","","","1","","1","","","59","59","1","12","4","120.660914","24.172473","3"
"741","66000","387130000C","(04)23274275","(04)23288582","2026","1","2","19","42","臺中市","西區","0","0","0","7","","","50","","","","","","","","","","","","","","","","","","","C03","","","1","","1","","","7","7","1","12","4","120.660775","24.14661","3"
"742","66000","387130000C","(04)23274275","(04)23288582","2026","1","2","19","48","臺中市","北屯區","0","0","0","7","","","50","","","","","","","","","","","","","","16","","","","","B03","","","1","8","1","","","47","47","1","6","4","120.721003","24.175968","3"
"743","66000","387130000C","(04)23274275","(04)23288582","2026","1","2","19","48","臺中市","大里區","0","0","0","7","","","50","","","","","","","","","","","","","","13","","","","","B03","","","1","","2","","","7","7","1","13","4","120.676482","24.101871","3"
"744","66000","387130000C","(04)23274275","(04)23288582","2026","1","2","19","49","臺中市","中區","0","0","0","7","","","50","","","","","","","","","","","","","","","","","","","A05","","","1","2","1","","","42","42","1","13","4","120.682212","24.135899","3"
"745","66000","387130000C","(04)23274275","(04)23288582","2026","1","2","19","50","臺中市","南屯區","0","2","0","7","1","6","40","13","7","1","5","4","6","6","4","4","5","5","4","2","17","3","10","3","1","B03","7","1","1","8","2","16","","51","51","1","12","4","120.643777","24.147733","2"
"746","66000","387130000C","(04)23274275","(04)23288582","2026","1","2","19","52","臺中市","新社區","0","0","0","7","","","50","","","","","","","","","","","","","","","","","","","B03","","","1","","2","","","50","50","1","12","4","120.808523","24.241103","3"
"747","66000","387130000C","(04)23274275","(04)23288582","2026","1","2","20","0","臺中市","北屯區","0","2","0","7","3","3","80","13","7","1","5","4","6","6","4","4","1","4","5","1","17","3","10","3","1","A11","7","9","1","2","2","2","","84","84","1","6","4","120.701285","24.201544","2"
"748","66000","387130000C","(04)23274275","(04)23288582","2026","1","2","20","3","臺中市","南屯區","0","1","0","7","2","6","50","4","7","1","5","4","6","6","2","1","5","5","4","2","17","2","9","2","1","C03","7","9","1","10","2","14","","84","84","1","13","4","120.635142","24.131589","2"
"749","66000","387130000C","(04)23274275","(04)23288582","2026","1","2","20","7","臺中市","西屯區","0","1","0","7","1","6","50","4","1","1","5","4","6","6","1","1","8","5","5","1","13","2","9","5","4","C03","7","9","1","10","2","14","","7","7","1","13","4","120.655344","24.178096","2"
"750","66000","387130000C","(04)23274275","(04)23288582","2026","1","2","20","9","臺中市","西屯區","0","0","0","7","","","50","","","","","","","","","","","","","","12","","","","","B03","","","1","","1","","","8","8","1","13","4","120.626876","24.200742","3"
"751","66000","387130000C","(04)23274275","(04)23288582","2026","1","2","20","16","臺中市","西區","0","1","0","6","1","6","50","4","1","1","5","4","6","6","4","4","10","5","5","2","17","2","9","1","1","C03","7","9","1","10","2","11","","15","15","1","12","4","120.660136","24.152545","2"
"752","66000","387130000C","(04)23274275","(04)23288582","2026","1","2","20","17","臺中市","西屯區","0","1","0","7","1","6","50","13","8","1","5","4","6","6","4","4","3","4","4","2","17","2","9","5","4","C03","7","9","1","10","2","12","","59","59","1","13","4","120.640276","24.174189","2"
"753","66000","387130000C","(04)23274275","(04)23288582","2026","1","2","20","22","臺中市","大里區","0","0","0","7","","","50","","","","","","","","","","","","","","16","","","","","B03","","","1","","2","","","12","12","1","12","4","120.696893","24.095484","3"
"754","66000","387130000C","(04)23274275","(04)23288582","2026","1","2","20","24","臺中市","霧峰區","0","0","0","7","","","50","","","","","","","","","","","","","","17","","","","","C03","","","1","","2","","","45","45","1","13","4","120.708149","24.07661","3"
"755","66000","387130000C","(04)23274275","(04)23288582","2026","1","2","20","30","臺中市","北屯區","0","1","0","7","1","6","40","4","12","1","5","4","6","6","2","1","5","5","4","2","13","2","9","2","1","C03","7","9","1","8","1","11","","59","59","1","5","4","120.690411","24.173896","2"
"756","66000","387130000C","(04)23274275","(04)23288582","2026","1","2","20","33","臺中市","太平區","0","1","0","7","1","6","30","4","1","1","5","4","6","6","4","4","10","5","5","2","16","3","10","3","1","B03","7","6","1","8","2","1","","12","12","1","12","4","120.712804","24.116448","2"
"757","66000","387130000C","(04)23274275","(04)23288582","2026","1","2","20","34","臺中市","大甲區","0","0","0","7","","","40","","","","","","","","","","","","","","","","","","","B03","","","1","","2","","","49","49","1","12","4","120.633011","24.342532","3"
"758","66000","387130000C","(04)23274275","(04)23288582","2026","1","2","20","39","臺中市","大雅區","0","0","0","6","","","70","","","","","","","","","","","","","","","","","","","C03","","","1","","1","","","21","21","1","13","4","120.643294","24.228118","3"
"759","66000","387130000C","(04)23274275","(04)23288582","2026","1","2","20","44","臺中市","北屯區","0","0","0","7","","","50","","","","","","","","","","","","","","13","","","","","B03","","","1","","2","","","59","59","1","6","4","120.719682","24.178248","4"
"760","66000","387130000C","(04)23274275","(04)23288582","2026","1","2","20","44","臺中市","沙鹿區","0","1","0","7","2","6","50","3","9","1","5","4","6","6","4","4","10","5","5","2","18","2","7","1","1","C03","7","5","1","10","2","12","","59","59","1","6","4","120.549636","24.228955","2"
"761","66000","387130000C","(04)23274275","(04)23288582","2026","1","2","20","48","臺中市","大甲區","0","0","0","7","","","50","","","","","","","","","","","","","","14","","","","","B03","","","1","","2","","","49","49","1","12","4","120.654097","24.381207","3"
"762","66000","387130000C","(04)23274275","(04)23288582","2026","1","2","20","50","臺中市","西區","0","0","0","6","","","50","","","","","","","","","","","","","","13","","","","","B03","","","1","","1","","","7","7","1","12","4","120.673503","24.147725","4"
"763","66000","387130000C","(04)23274275","(04)23288582","2026","1","2","20","52","臺中市","西區","0","2","0","7","1","6","50","4","1","1","5","4","6","6","1","1","10","5","5","2","13","2","8","1","1","C03","7","9","1","9","2","11","","84","84","1","13","4","120.655069","24.146704","2"
"764","66000","387130000C","(04)23274275","(04)23288582","2026","1","2","20","57","臺中市","北屯區","0","2","0","7","1","6","50","4","1","1","5","4","6","6","2","1","10","5","5","2","12","2","8","1","1","C03","7","9","1","8","2","11","","39","39","1","12","4","120.671456","24.17374","2"
"765","66000","387130000C","(04)23274275","(04)23288582","2026","1","2","20","58","臺中市","西屯區","0","1","0","7","1","6","50","3","1","1","5","4","6","6","1","1","10","5","5","2","18","2","9","1","1","C03","7","5","1","10","2","12","","59","59","1","12","4","120.603858","24.186044","2"
"766","66000","387130000C","(04)23274275","(04)23288582","2026","1","2","20","59","臺中市","中區","0","1","0","7","1","6","50","4","1","1","5","4","6","6","2","1","1","3","5","2","16","3","10","3","1","B03","7","5","1","8","2","5","","11","11","1","12","4","120.684921","24.137546","2"
"767","66000","387130000C","(04)23274275","(04)23288582","2026","1","2","20","59","臺中市","西屯區","0","4","0","7","1","6","40","13","8","1","5","4","6","6","4","4","1","4","1","2","13","2","9","5","4","C03","7","9","1","10","2","11","","59","59","1","12","4","120.600273","24.182363","2"
"768","66000","387130000C","(04)23274275","(04)23288582","2026","1","2","21","10","臺中市","沙鹿區","0","1","0","7","1","6","50","4","7","1","5","4","6","6","3","1","4","3","4","1","12","3","10","3","1","B03","7","5","1","8","2","2","","47","47","1","12","4","120.559863","24.229356","2"
"769","66000","387130000C","(04)23274275","(04)23288582","2026","1","2","21","15","臺中市","大甲區","0","0","0","7","","","50","","","","","","","","","","","","","","15","","","","","B03","","","1","","2","","","14","14","1","12","4","120.614858","24.356838","3"
"770","66000","387130000C","(04)23274275","(04)23288582","2026","1","2","21","18","臺中市","神岡區","0","0","0","7","","","50","","","","","","","","","","","","","","16","","","","","B03","","","1","","2","","","14","14","1","10","4","120.657588","24.271438","3"
"771","66000","387130000C","(04)23274275","(04)23288582","2026","1","2","21","19","臺中市","南屯區","0","0","0","7","1","6","50","13","9","1","5","4","6","6","4","4","5","5","5","2","12","","","","","B03","","","1","","2","","","50","50","1","12","4","120.63728","24.146615","3"
"772","66000","387130000C","(04)23274275","(04)23288582","2026","1","2","21","20","臺中市","龍井區","0","1","0","6","1","6","30","13","9","1","5","4","6","6","4","4","10","5","5","2","30","2","9","1","1","C03","7","9","1","10","2","11","","43","43","1","6","4","120.584228","24.178509","2"
"773","66000","387130000C","(04)23274275","(04)23288582","2026","1","2","21","33","臺中市","西區","0","1","0","7","1","6","50","5","2","1","5","4","6","6","1","1","1","2","4","2","12","2","9","1","1","C03","7","15","1","10","2","13","","84","84","1","6","4","120.668364","24.131805","2"
"774","66000","387130000C","(04)23274275","(04)23288582","2026","1","2","21","35","臺中市","大里區","0","1","0","7","1","6","50","13","9","1","5","4","6","6","4","4","5","5","5","2","17","2","9","1","1","C03","7","9","1","10","2","12","14","84","84","1","6","4","120.69931","24.107096","2"
"775","66000","387130000C","(04)23274275","(04)23288582","2026","1","2","21","37","臺中市","西屯區","0","0","0","7","","","50","","","","","","","","","","","","","","16","","","","","B03","","","1","","1","","","84","84","1","12","4","120.656532","24.199754","3"