序號,縣市別代碼,機關代碼,市話,傳真,年,月,日,時,分,縣市,區,死亡數量,受傷數量,2-30,天候,道路照明設備,道路類別,道路速限,道路型態,事故位置,路面鋪裝,路面狀態,路面缺陷,障礙物,視距,號誌種類,號誌動作,分向設施,快車道或一般車道間,快慢車道間,路面邊線,事故類型及型態,受傷程度,主要傷處,保護裝備,行動電話或功能裝置,當事者區分(類別),車輛用途,當事者行動狀態,駕照狀態,駕照種類,飲酒情形,車輛撞擊部位最初,車輛撞擊部位其他,肇事因素個別,肇事因素主要,肇事逃逸,職業,共享經濟或外送平台,GPS座標X,GPS座標Y,事故類別
"776","66000","387130000C","(04)23274275","(04)23288582","2026","1","2","21","40","臺中市","北區","0","0","0","7","","","50","","","","","","","","","","","","","","14","","","","","B03","","","1","","9","","","84","84","2","13","4","120.694979","24.156789","3"
"777","66000","387130000C","(04)23274275","(04)23288582","2026","1","2","21","49","臺中市","太平區","0","1","0","7","1","6","50","13","9","1","5","4","6","6","4","4","10","5","5","2","13","2","9","2","1","C03","7","9","3","19","2","11","","84","84","1","13","4","120.703351","24.149762","2"
"778","66000","387130000C","(04)23274275","(04)23288582","2026","1","2","21","57","臺中市","南區","0","2","0","7","1","6","50","4","1","1","5","4","6","6","1","1","10","5","5","2","13","2","9","2","1","C03","7","9","1","10","2","11","","84","84","1","12","4","120.669869","24.119041","2"
"779","66000","387130000C","(04)23274275","(04)23288582","2026","1","2","22","0","臺中市","東區","0","0","0","7","","","50","","","","","","","","","","","","","","17","","","","","B03","","","1","","2","","","49","49","1","12","4","120.703191","24.134","3"
"780","66000","387130000C","(04)23274275","(04)23288582","2026","1","2","22","0","臺中市","西屯區","0","0","0","7","","","50","","","","","","","","","","","","","","12","","","","","B03","","","1","","1","","","8","8","1","12","4","120.666954","24.172968","3"
"781","66000","387130000C","(04)23274275","(04)23288582","2026","1","2","22","10","臺中市","大里區","0","1","0","7","1","6","50","4","1","1","5","4","6","6","2","1","5","5","5","2","9","3","10","1","1","F02","7","9","7","21","2","11","","84","84","1","6","4","120.689779","24.112701","2"
"782","66000","387130000C","(04)23274275","(04)23288582","2026","1","2","22","21","臺中市","東區","0","1","0","7","2","6","40","4","2","1","5","4","6","6","1","1","10","5","5","2","17","2","9","2","1","C03","7","9","1","10","2","14","","84","84","1","13","4","120.690074","24.126144","2"
"783","66000","387130000C","(04)23274275","(04)23288582","2026","1","2","22","26","臺中市","豐原區","0","1","0","7","3","6","30","13","9","1","5","4","6","6","4","4","10","5","5","2","18","2","9","1","1","C03","7","9","1","10","2","16","","84","84","1","12","4","120.730737","24.266237","2"
"784","66000","387130000C","(04)23274275","(04)23288582","2026","1","2","22","34","臺中市","太平區","0","1","0","7","2","6","50","3","1","1","5","4","6","6","3","1","10","5","5","2","13","2","9","1","1","C03","7","9","1","10","2","11","","84","84","1","12","4","120.734172","24.143938","2"
"785","66000","387130000C","(04)23274275","(04)23288582","2026","1","2","22","40","臺中市","中區","0","0","0","7","","","50","","","","","","","","","","","","","","13","","","","","B03","","","1","","2","","","7","7","1","12","4","120.685199","24.141555","3"
"786","66000","387130000C","(04)23274275","(04)23288582","2026","1","2","22","50","臺中市","潭子區","0","0","0","6","","","50","","","","","","","","","","","","","","","","","","","B03","","","1","","2","","","49","49","1","13","4","120.700873","24.195483","3"
"787","66000","387130000C","(04)23274275","(04)23288582","2026","1","2","22","50","臺中市","南屯區","0","1","0","7","1","6","50","13","7","1","5","4","6","6","3","1","1","2","4","2","12","2","9","1","1","C03","7","8","1","10","2","13","","40","40","1","12","4","120.62011","24.126043","2"
"788","66000","387130000C","(04)23274275","(04)23288582","2026","1","2","23","14","臺中市","梧棲區","0","1","0","1","1","6","50","4","2","1","5","4","6","6","2","1","1","4","5","2","13","3","10","3","1","B03","7","9","1","8","2","3","","59","59","1","12","4","120.52927","24.251399","2"
"789","66000","387130000C","(04)23274275","(04)23288582","2026","1","2","23","22","臺中市","豐原區","0","1","0","7","1","6","50","13","7","1","5","4","6","6","4","4","5","4","4","2","14","3","10","5","4","B03","7","2","1","8","2","6","","49","49","1","12","4","120.69867","24.245012","2"
"790","66000","387130000C","(04)23274275","(04)23288582","2026","1","2","23","27","臺中市","北區","0","0","0","7","","","50","","","","","","","","","","","","","","13","","","","","C03","","","1","","1","","","84","84","1","12","4","120.673842","24.164853","3"
"791","66000","387130000C","(04)23274275","(04)23288582","2026","1","2","23","40","臺中市","大里區","0","1","0","7","1","6","50","13","8","1","5","4","6","6","4","4","5","5","4","1","16","2","9","1","1","C03","7","7","1","10","2","14","","7","7","1","12","4","120.712527","24.094007","2"
"792","66000","387130000C","(04)23274275","(04)23288582","2026","1","2","23","48","臺中市","西區","0","0","0","7","","","50","","","","","","","","","","","","","","14","","","","","B03","","","1","","2","","","50","50","1","12","4","120.654138","24.155551","3"
"793","66000","387130000C","(04)23274275","(04)23288582","2026","1","3","0","8","臺中市","霧峰區","0","1","0","7","1","6","50","13","8","1","5","4","6","6","4","4","1","4","4","1","28","2","9","1","1","C03","7","9","1","10","2","11","","59","59","1","12","4","120.695933","24.016165","2"
"794","66000","387130000C","(04)23274275","(04)23288582","2026","1","3","0","16","臺中市","南區","0","1","0","7","1","6","50","3","1","1","5","4","6","6","4","4","10","5","5","2","16","3","10","2","1","C03","7","5","1","10","2","12","","8","8","1","12","4","120.662675","24.120415","2"
"795","66000","387130000C","(04)23274275","(04)23288582","2026","1","3","0","29","臺中市","太平區","0","0","0","7","","","50","","","","","","","","","","","","","","17","","","","","C03","","","1","","9","","","84","84","1","12","4","120.71122","24.152938","3"
"796","66000","387130000C","(04)23274275","(04)23288582","2026","1","3","1","9","臺中市","大里區","1","0","0","7","1","6","50","13","9","1","5","4","6","6","4","4","5","5","5","1","30","1","1","2","1","C03","7","9","1","10","2","11","","84","84","1","5","4","120.683023","24.092422","1"
"797","66000","387130000C","(04)23274275","(04)23288582","2026","1","3","1","11","臺中市","梧棲區","0","0","0","7","","","50","","","","","","","","","","","","","","15","","","","","C03","","","1","","2","","","21","21","1","6","4","120.552469","24.257","3"
"798","66000","387130000C","(04)23274275","(04)23288582","2026","1","3","1","20","臺中市","烏日區","0","0","0","7","","","30","","","","","","","","","","","","","","14","","","","","B12","","","1","","2","","","49","49","1","6","4","120.604415","24.115543","3"
"799","66000","387130000C","(04)23274275","(04)23288582","2026","1","3","2","2","臺中市","龍井區","0","1","0","7","1","6","50","11","9","1","5","4","6","6","4","4","5","5","5","1","18","2","9","1","1","C03","7","6","1","10","2","14","","6","6","1","6","4","120.563792","24.181301","2"
"800","66000","387130000C","(04)23274275","(04)23288582","2026","1","3","2","43","臺中市","東區","0","1","0","7","1","6","50","13","7","1","5","4","6","6","4","4","1","4","4","2","18","2","9","1","1","C03","7","9","1","9","2","12","","84","84","1","12","4","120.69019","24.126042","2"
"801","66000","387130000C","(04)23274275","(04)23288582","2026","1","3","3","12","臺中市","西屯區","0","0","0","7","","","30","","","","","","","","","","","","","","17","","","","","B03","","","1","","2","","","8","8","1","12","4","120.643028","24.17774","3"
"802","66000","387130000C","(04)23274275","(04)23288582","2026","1","3","3","21","臺中市","太平區","0","0","0","7","","","50","","","","","","","","","","","","","","","","","","","A11","","","1","","2","","","75","75","1","12","4","120.716756","24.11568","3"
"803","66000","387130000C","(04)23274275","(04)23288582","2026","1","3","4","8","臺中市","西屯區","0","0","0","7","","","50","","","","","","","","","","","","","","16","","","","","B03","","","1","","2","","","11","11","2","13","4","120.635994","24.169187","3"
"804","66000","387130000C","(04)23274275","(04)23288582","2026","1","3","5","6","臺中市","大里區","0","0","0","7","","","50","","","","","","","","","","","","","","","","","","","A11","","","1","","2","","","59","59","1","12","4","120.691627","24.07789","3"
"805","66000","387130000C","(04)23274275","(04)23288582","2026","1","3","5","33","臺中市","北屯區","0","0","0","7","","","50","","","","","","","","","","","","","","26","","","","","B03","","","1","","2","","","21","21","1","6","4","120.683611","24.200967","4"
"806","66000","387130000C","(04)23274275","(04)23288582","2026","1","3","5","40","臺中市","北屯區","0","1","0","7","1","6","50","13","9","1","5","4","6","6","4","4","5","5","5","2","17","2","9","1","1","C03","7","9","1","10","2","11","","84","84","1","12","4","120.668784","24.184367","2"
"807","66000","387130000C","(04)23274275","(04)23288582","2026","1","3","5","53","臺中市","沙鹿區","0","1","0","7","2","6","50","3","1","1","5","4","6","6","1","1","10","5","5","2","16","2","9","2","1","C03","7","9","1","10","2","11","","21","21","1","6","4","120.621031","24.242243","2"
"808","66000","387130000C","(04)23274275","(04)23288582","2026","1","3","6","45","臺中市","西屯區","0","0","0","7","","","30","","","","","","","","","","","","","","14","","","","","B12","","","1","","1","","","49","49","1","12","4","120.639377","24.156637","3"
"809","66000","387130000C","(04)23274275","(04)23288582","2026","1","3","6","50","臺中市","太平區","0","1","0","7","3","6","30","3","2","1","5","4","6","6","4","4","10","5","5","2","18","2","9","1","1","C03","7","9","1","10","8","12","","84","84","1","6","4","120.719675","24.12035","2"
"810","66000","387130000C","(04)23274275","(04)23288582","2026","1","3","6","56","臺中市","北屯區","0","1","0","7","2","6","50","13","9","1","5","4","6","6","4","4","10","5","5","2","27","2","9","1","1","C03","7","9","1","10","8","14","","84","84","1","13","4","120.671455","24.178038","2"
"811","66000","387130000C","(04)23274275","(04)23288582","2026","1","3","7","4","臺中市","龍井區","0","0","0","7","","","50","","","","","","","","","","","","","","13","","","","","C03","","","1","","9","","","7","7","1","12","4","120.584416","24.181973","3"
"812","66000","387130000C","(04)23274275","(04)23288582","2026","1","3","7","10","臺中市","烏日區","0","2","0","7","3","6","30","4","1","1","5","4","6","6","4","4","10","5","5","2","16","2","9","1","1","C03","7","9","1","10","3","11","12","15","15","1","6","4","120.639246","24.111106","2"
"813","66000","387130000C","(04)23274275","(04)23288582","2026","1","3","7","14","臺中市","梧棲區","0","1","0","7","2","6","50","4","1","1","5","4","6","6","4","4","5","5","5","2","15","2","9","2","1","C03","7","9","1","10","3","11","","15","15","1","12","4","120.536005","24.24336","2"
"814","66000","387130000C","(04)23274275","(04)23288582","2026","1","3","7","17","臺中市","北屯區","0","1","0","7","2","6","50","4","1","1","5","4","6","6","2","1","10","5","5","2","15","2","8","1","1","C03","7","9","1","10","1","11","","21","21","1","12","4","120.688324","24.177134","2"
"815","66000","387130000C","(04)23274275","(04)23288582","2026","1","3","7","25","臺中市","沙鹿區","0","0","0","7","","","50","","","","","","","","","","","","","","","","","","","B03","","","1","","1","","","7","7","1","13","4","120.569028","24.202563","3"
"816","66000","387130000C","(04)23274275","(04)23288582","2026","1","3","7","31","臺中市","梧棲區","0","1","0","7","2","6","50","4","9","1","5","4","6","6","2","1","5","5","5","1","13","3","10","3","1","B03","7","9","1","8","2","5","","59","59","1","12","4","120.537071","24.24248","2"
"817","66000","387130000C","(04)23274275","(04)23288582","2026","1","3","7","34","臺中市","北屯區","0","2","0","7","2","6","50","4","1","1","5","4","6","6","4","4","4","3","5","2","15","2","9","2","1","C03","7","9","1","10","2","11","14","6","6","1","13","4","120.692638","24.178199","2"
"818","66000","387130000C","(04)23274275","(04)23288582","2026","1","3","7","51","臺中市","大里區","0","0","0","7","","","50","","","","","","","","","","","","","","","","","","","F03","","","7","","2","","","34","34","1","6","4","120.705389","24.087693","3"
"819","66000","387130000C","(04)23274275","(04)23288582","2026","1","3","7","52","臺中市","大甲區","0","1","0","7","2","6","50","4","1","1","5","4","6","6","4","4","10","5","5","2","15","2","9","2","1","C03","7","9","1","10","2","12","","15","15","1","6","4","120.643848","24.405104","2"
"820","66000","387130000C","(04)23274275","(04)23288582","2026","1","3","7","57","臺中市","南區","0","0","0","7","","","40","","","","","","","","","","","","","","","","","","","B03","","","1","","2","","","49","49","1","13","4","120.653633","24.126737","3"
"821","66000","387130000C","(04)23274275","(04)23288582","2026","1","3","7","57","臺中市","太平區","0","2","0","7","2","6","50","3","1","1","5","4","6","6","4","4","5","5","5","1","16","2","8","1","1","C03","7","11","1","10","2","13","","45","45","1","12","4","120.726535","24.149869","2"
"822","66000","387130000C","(04)23274275","(04)23288582","2026","1","3","8","0","臺中市","西屯區","0","1","0","7","2","6","50","4","2","1","5","4","6","6","1","1","10","5","5","2","17","3","10","3","1","B03","7","1","1","8","2","4","","51","51","1","12","4","120.65606","24.170524","2"
"823","66000","387130000C","(04)23274275","(04)23288582","2026","1","3","8","0","臺中市","太平區","0","0","0","7","","","50","","","","","","","","","","","","","","13","","","","","C03","","","1","","2","","","58","58","1","6","4","120.732567","24.141614","3"
"824","66000","387130000C","(04)23274275","(04)23288582","2026","1","3","8","1","臺中市","北區","0","2","0","7","2","6","50","4","1","1","5","4","6","6","2","1","10","5","5","2","16","2","8","1","1","C03","7","6","1","10","2","14","","84","84","1","12","4","120.685118","24.165332","2"
"825","66000","387130000C","(04)23274275","(04)23288582","2026","1","3","8","2","臺中市","豐原區","0","1","0","7","2","6","30","5","1","1","5","4","6","6","1","1","10","5","5","2","12","3","10","5","4","B03","7","5","1","8","2","2","","59","59","1","13","4","120.711819","24.24245","2"
"826","66000","387130000C","(04)23274275","(04)23288582","2026","1","3","8","13","臺中市","霧峰區","0","1","0","7","2","6","40","4","1","1","5","4","6","6","1","1","5","5","5","1","17","3","10","3","1","B03","7","6","1","8","2","8","","84","84","1","12","4","120.685013","24.065526","2"
"827","66000","387130000C","(04)23274275","(04)23288582","2026","1","3","8","18","臺中市","潭子區","0","0","0","7","","","50","","","","","","","","","","","","","","18","","","","","C03","","","1","","2","","","84","84","1","13","4","120.705778","24.202424","3"
"828","66000","387130000C","(04)23274275","(04)23288582","2026","1","3","8","18","臺中市","烏日區","0","1","0","7","2","6","50","3","1","1","5","4","6","6","4","4","1","4","4","2","12","3","10","5","4","B03","7","5","1","8","2","2","","14","14","1","13","4","120.628304","24.108908","2"
"829","66000","387130000C","(04)23274275","(04)23288582","2026","1","3","8","20","臺中市","沙鹿區","0","1","0","7","3","6","30","3","1","1","5","4","6","3","4","4","10","5","5","2","16","2","9","2","1","C03","7","5","1","10","2","11","","14","14","1","6","4","120.610656","24.242552","2"
"830","66000","387130000C","(04)23274275","(04)23288582","2026","1","3","8","21","臺中市","大里區","0","0","0","7","","","50","","","","","","","","","","","","","","12","","","","","C03","","","1","","2","","","84","84","1","13","4","120.693638","24.108813","3"
"831","66000","387130000C","(04)23274275","(04)23288582","2026","1","3","8","23","臺中市","西屯區","0","0","0","7","","","40","","","","","","","","","","","","","","13","","","","","C03","","","1","","1","","","7","7","1","13","4","120.643103","24.166562","3"
"832","66000","387130000C","(04)23274275","(04)23288582","2026","1","3","8","24","臺中市","西區","0","2","0","7","2","6","50","3","1","1","5","4","6","6","4","4","10","5","5","2","3","2","9","5","4","C04","7","9","1","8","2","11","","10","10","1","13","4","120.663108","24.144335","2"
"833","66000","387130000C","(04)23274275","(04)23288582","2026","1","3","8","25","臺中市","西區","0","0","0","7","","","50","","","","","","","","","","","","","","","","","","","B02","","","1","","1","","","84","84","1","6","4","120.65409","24.148741","3"
"834","66000","387130000C","(04)23274275","(04)23288582","2026","1","3","8","25","臺中市","石岡區","0","2","0","7","2","6","60","13","9","1","5","4","6","6","4","4","1","4","5","1","17","2","9","5","4","C03","7","9","1","10","2","11","","7","7","1","13","4","120.808305","24.265201","2"
"835","66000","387130000C","(04)23274275","(04)23288582","2026","1","3","8","26","臺中市","太平區","0","0","0","7","2","6","50","13","9","1","5","4","6","6","1","1","5","5","5","1","17","3","10","2","1","C02","7","14","1","9","7","14","","84","84","1","12","4","120.7149","24.141358","3"
"836","66000","387130000C","(04)23274275","(04)23288582","2026","1","3","8","31","臺中市","西屯區","0","0","0","7","","","50","","","","","","","","","","","","","","","","","","","A11","","","1","","1","","","7","7","1","13","4","120.647626","24.196701","3"
"837","66000","387130000C","(04)23274275","(04)23288582","2026","1","3","8","36","臺中市","西屯區","0","1","0","7","2","6","40","13","8","1","5","4","6","6","4","4","1","4","1","2","18","2","9","1","1","C03","7","9","1","10","2","14","","84","84","1","12","4","120.641916","24.156681","2"
"838","66000","387130000C","(04)23274275","(04)23288582","2026","1","3","8","37","臺中市","大里區","0","2","0","7","2","6","50","13","9","1","5","4","6","6","4","4","5","4","5","1","17","2","9","1","1","C03","7","1","1","10","2","14","","51","51","1","12","4","120.688692","24.103191","2"
"839","66000","387130000C","(04)23274275","(04)23288582","2026","1","3","8","39","臺中市","霧峰區","0","0","0","7","","","30","","","","","","","","","","","","","","","","","","","C03","","","1","","1","","","6","6","1","6","4","120.674716","24.040026","3"
"840","66000","387130000C","(04)23274275","(04)23288582","2026","1","3","8","48","臺中市","大肚區","0","0","0","7","","","50","","","","","","","","","","","","","","11","","","","","A12","","","1","","2","","","43","43","1","6","4","120.552881","24.136688","3"
"841","66000","387130000C","(04)23274275","(04)23288582","2026","1","3","8","50","臺中市","北屯區","0","1","0","7","2","6","30","4","1","1","5","4","6","6","4","4","10","5","5","2","15","2","9","5","4","C03","7","9","1","10","2","11","","20","20","1","13","4","120.66528","24.188672","2"
"842","66000","387130000C","(04)23274275","(04)23288582","2026","1","3","8","50","臺中市","太平區","0","0","0","7","","3","80","","","","","","","","","","","","","","12","","","","","B03","","","1","","1","","","40","40","1","6","4","120.710736","24.141441","3"
"843","66000","387130000C","(04)23274275","(04)23288582","2026","1","3","8","51","臺中市","西屯區","0","1","0","7","2","6","50","4","1","1","5","4","6","6","2","1","10","5","5","2","16","3","10","3","1","B03","7","5","1","8","2","2","","47","47","1","12","4","120.642773","24.158675","2"
"844","66000","387130000C","(04)23274275","(04)23288582","2026","1","3","8","51","臺中市","豐原區","0","1","0","7","2","6","50","13","8","1","5","4","6","6","4","4","5","5","4","2","18","2","9","1","1","C03","7","9","1","8","2","16","12","84","84","1","12","4","120.714889","24.251233","2"
"845","66000","387130000C","(04)23274275","(04)23288582","2026","1","3","8","52","臺中市","沙鹿區","0","1","0","7","2","6","30","5","1","1","5","4","6","6","4","4","10","5","5","2","16","3","10","2","1","C03","7","6","1","10","2","13","","20","20","1","6","4","120.57187","24.226456","2"
"846","66000","387130000C","(04)23274275","(04)23288582","2026","1","3","8","55","臺中市","沙鹿區","0","0","0","7","","","40","","","","","","","","","","","","","","","","","","","B03","","","1","","9","","","35","35","1","13","4","120.569061","24.238739","3"
"847","66000","387130000C","(04)23274275","(04)23288582","2026","1","3","8","57","臺中市","豐原區","0","2","0","7","2","6","50","4","1","1","4","4","6","6","1","1","5","5","5","2","15","2","9","5","4","C03","7","9","1","10","2","12","","21","21","1","13","4","120.720271","24.249505","2"
"848","66000","387130000C","(04)23274275","(04)23288582","2026","1","3","9","7","臺中市","西區","0","1","0","7","2","6","50","4","1","1","5","4","6","6","2","1","10","5","5","2","16","3","10","3","1","B12","7","5","3","19","2","6","","11","11","1","13","4","120.676009","24.133105","2"
"849","66000","387130000C","(04)23274275","(04)23288582","2026","1","3","9","8","臺中市","西屯區","0","0","0","7","","3","80","","","","","","","","","","","","","","12","","","","","B03","","","1","","1","","","42","42","1","12","4","120.635721","24.181862","3"
"850","66000","387130000C","(04)23274275","(04)23288582","2026","1","3","9","9","臺中市","豐原區","0","2","0","7","2","6","50","4","1","1","5","4","6","6","1","1","10","5","5","2","16","2","8","1","1","C03","7","6","1","10","2","13","","48","48","1","12","4","120.744683","24.264869","2"
"851","66000","387130000C","(04)23274275","(04)23288582","2026","1","3","9","14","臺中市","清水區","0","2","0","7","3","6","50","4","2","1","5","4","6","6","1","1","5","5","5","1","13","2","9","2","1","C03","7","9","1","10","2","11","","58","58","1","12","4","120.576853","24.275948","2"
"852","66000","387130000C","(04)23274275","(04)23288582","2026","1","3","9","15","臺中市","霧峰區","0","1","0","7","2","6","50","3","1","1","5","4","6","4","1","1","1","4","4","1","16","2","8","2","1","C03","7","9","1","10","2","12","","21","21","1","12","4","120.696162","24.018709","2"
"853","66000","387130000C","(04)23274275","(04)23288582","2026","1","3","9","18","臺中市","北屯區","0","0","0","7","","","50","","","","","","","","","","","","","","17","","","","","C03","","","1","","1","","","45","45","1","13","4","120.705712","24.192315","3"
"854","66000","387130000C","(04)23274275","(04)23288582","2026","1","3","9","20","臺中市","太平區","0","0","0","7","","","30","","","","","","","","","","","","","","17","","","","","B03","","","1","","2","","","84","84","1","6","4","120.713702","24.155373","3"
"855","66000","387130000C","(04)23274275","(04)23288582","2026","1","3","9","24","臺中市","大里區","0","2","0","7","3","6","50","4","1","1","5","4","6","6","2","1","3","4","5","1","15","2","9","5","4","C03","7","9","1","10","2","11","","21","21","1","13","4","120.68883","24.11987","2"
"856","66000","387130000C","(04)23274275","(04)23288582","2026","1","3","9","25","臺中市","霧峰區","0","1","0","7","2","6","50","3","1","1","5","4","6","6","4","4","5","5","5","1","16","3","10","3","1","B12","7","5","1","8","2","5","","20","20","1","6","4","120.675504","24.056828","2"
"857","66000","387130000C","(04)23274275","(04)23288582","2026","1","3","9","29","臺中市","東區","0","1","0","7","1","6","50","4","1","1","5","4","6","6","1","1","10","5","5","2","17","3","10","5","4","C03","7","1","1","10","2","11","","51","51","1","13","4","120.686439","24.13439","2"
"858","66000","387130000C","(04)23274275","(04)23288582","2026","1","3","9","30","臺中市","龍井區","0","2","0","7","2","6","30","3","1","1","5","4","6","6","4","4","10","5","5","2","16","2","9","2","1","C03","7","6","1","10","2","11","","14","14","1","6","4","120.544652","24.178996","2"
"859","66000","387130000C","(04)23274275","(04)23288582","2026","1","3","9","32","臺中市","西區","0","1","0","7","3","6","50","4","1","1","5","4","6","6","1","1","10","5","5","2","15","2","9","1","1","C03","7","9","1","10","2","11","","21","21","1","6","4","120.657359","24.147781","2"
"860","66000","387130000C","(04)23274275","(04)23288582","2026","1","3","9","33","臺中市","烏日區","0","0","0","7","","","50","","","","","","","","","","","","","","12","","","","","B03","","","1","","2","","","84","84","1","6","4","120.642907","24.074453","3"
"861","66000","387130000C","(04)23274275","(04)23288582","2026","1","3","9","34","臺中市","東區","0","2","0","7","3","6","50","4","2","1","5","4","6","6","1","1","5","5","5","2","13","3","10","3","1","A04","7","9","1","2","2","1","","56","56","1","6","4","120.687522","24.142996","2"
"862","66000","387130000C","(04)23274275","(04)23288582","2026","1","3","9","38","臺中市","中區","0","1","0","7","2","6","50","13","7","1","5","4","6","6","1","1","5","4","5","2","13","2","9","5","4","B03","7","9","5","19","2","1","","84","84","1","13","4","120.679497","24.142426","2"
"863","66000","387130000C","(04)23274275","(04)23288582","2026","1","3","9","39","臺中市","南屯區","0","1","0","7","3","6","50","4","2","1","5","4","6","6","1","1","5","4","5","2","17","3","10","1","1","C03","7","9","1","10","2","14","","84","84","1","12","4","120.643646","24.146815","2"
"864","66000","387130000C","(04)23274275","(04)23288582","2026","1","3","9","39","臺中市","北屯區","0","1","0","7","2","6","50","4","1","1","5","4","6","6","2","1","10","5","5","2","16","2","9","1","1","C03","7","6","3","19","1","11","","84","84","1","12","4","120.704783","24.16949","2"
"865","66000","387130000C","(04)23274275","(04)23288582","2026","1","3","9","40","臺中市","太平區","0","0","0","7","","","40","","","","","","","","","","","","","","17","","","","","B12","","","1","","2","","","58","58","1","6","4","120.72301","24.13391","3"
"866","66000","387130000C","(04)23274275","(04)23288582","2026","1","3","9","41","臺中市","大里區","0","0","0","7","","","40","","","","","","","","","","","","","","","","","","","B02","","","1","","9","","","49","49","2","12","4","120.685783","24.103375","3"
"867","66000","387130000C","(04)23274275","(04)23288582","2026","1","3","9","43","臺中市","大里區","0","2","0","7","2","6","50","13","9","1","5","4","6","6","4","4","5","5","4","2","16","2","9","4","1","F01","7","6","7","21","2","14","","42","42","1","13","4","120.709001","24.082594","2"
"868","66000","387130000C","(04)23274275","(04)23288582","2026","1","3","9","45","臺中市","大雅區","0","1","0","7","1","6","50","3","1","1","5","4","6","6","4","4","5","5","5","1","16","3","10","3","1","B03","7","6","1","8","2","1","","14","14","1","12","4","120.645681","24.222129","2"
"869","66000","387130000C","(04)23274275","(04)23288582","2026","1","3","9","46","臺中市","大甲區","0","1","0","7","3","6","50","4","1","1","5","4","6","6","1","1","10","5","5","2","12","2","9","4","1","F01","7","6","7","21","2","14","","11","11","1","12","4","120.626924","24.349151","2"
"870","66000","387130000C","(04)23274275","(04)23288582","2026","1","3","9","53","臺中市","太平區","0","1","0","7","2","6","50","13","9","1","5","4","6","6","4","4","5","5","5","1","17","3","10","3","1","B12","7","1","1","8","2","4","","51","51","1","12","4","120.706916","24.117067","2"
"871","66000","387130000C","(04)23274275","(04)23288582","2026","1","3","10","4","臺中市","潭子區","0","0","0","7","","","60","","","","","","","","","","","","","","13","","","","","B03","","","1","","2","","","84","84","1","13","4","120.707124","24.224066","3"
"872","66000","387130000C","(04)23274275","(04)23288582","2026","1","3","10","5","臺中市","大雅區","0","0","0","7","","","30","","","","","","","","","","","","","","","","","","","B12","","","1","","1","","","20","20","1","13","4","120.654387","24.21114","3"
"873","66000","387130000C","(04)23274275","(04)23288582","2026","1","3","10","6","臺中市","大里區","0","1","0","7","2","6","50","13","9","1","5","4","6","6","4","4","5","4","5","1","16","2","9","1","1","C03","7","8","1","10","2","14","","65","65","1","12","4","120.689811","24.113461","2"
"874","66000","387130000C","(04)23274275","(04)23288582","2026","1","3","10","9","臺中市","東區","0","0","0","7","","","50","","","","","","","","","","","","","","17","","","","","B03","","","1","","1","","","84","84","1","6","4","120.699655","24.144697","3"
"875","66000","387130000C","(04)23274275","(04)23288582","2026","1","3","10","9","臺中市","外埔區","0","2","0","7","2","6","30","11","9","1","5","4","6","6","4","4","10","5","5","2","11","2","8","1","1","C03","7","6","1","10","2","14","12","41","41","1","6","4","120.663087","24.316589","2"
"876","66000","387130000C","(04)23274275","(04)23288582","2026","1","3","10","11","臺中市","清水區","0","2","0","7","3","6","50","3","1","1","5","4","6","6","4","4","9","4","5","1","13","2","9","1","1","C03","7","5","1","10","2","13","","59","59","1","12","4","120.567622","24.27175","2"
"877","66000","387130000C","(04)23274275","(04)23288582","2026","1","3","10","15","臺中市","北區","0","1","0","7","2","6","40","13","8","1","5","4","6","6","4","4","5","4","4","2","16","3","10","3","1","B03","7","6","1","8","2","2","","20","20","1","13","4","120.687698","24.15915","2"
"878","66000","387130000C","(04)23274275","(04)23288582","2026","1","3","10","15","臺中市","南屯區","0","0","0","7","","","40","","","","","","","","","","","","","","15","","","","","F01","","","7","","2","","","21","21","1","13","4","120.648722","24.144942","3"
"879","66000","387130000C","(04)23274275","(04)23288582","2026","1","3","10","15","臺中市","大甲區","0","2","0","7","2","6","50","4","1","1","5","4","6","6","4","4","10","5","5","2","15","2","8","2","1","C03","7","9","1","10","2","12","","15","15","1","6","4","120.62271","24.346703","2"
"880","66000","387130000C","(04)23274275","(04)23288582","2026","1","3","10","17","臺中市","豐原區","0","1","0","7","2","6","50","4","9","1","5","4","6","6","2","1","5","5","5","1","15","3","10","3","1","B03","7","9","1","8","2","1","","21","21","1","12","4","120.722601","24.25593","2"
"881","66000","387130000C","(04)23274275","(04)23288582","2026","1","3","10","19","臺中市","梧棲區","0","1","0","7","2","6","50","5","1","1","5","4","6","6","2","1","5","5","5","1","16","3","10","3","1","A42","7","5","1","1","2","1","","84","84","1","12","4","120.528397","24.221844","2"
"882","66000","387130000C","(04)23274275","(04)23288582","2026","1","3","10","20","臺中市","大雅區","0","1","0","7","1","6","60","3","1","1","5","4","6","6","1","1","10","5","5","2","16","3","10","3","1","B03","7","5","1","8","2","5","","11","11","1","12","4","120.650855","24.209935","2"
"883","66000","387130000C","(04)23274275","(04)23288582","2026","1","3","10","20","臺中市","太平區","0","1","0","7","2","6","50","4","2","1","5","4","6","6","1","1","10","5","5","2","16","3","10","3","1","B03","7","5","1","8","2","5","","20","20","1","12","4","120.701863","24.153661","2"
"884","66000","387130000C","(04)23274275","(04)23288582","2026","1","3","10","25","臺中市","西屯區","0","1","0","7","2","6","50","4","1","1","5","4","6","6","2","1","10","5","5","2","16","3","10","3","1","B03","7","6","1","8","2","6","","48","48","1","13","4","120.64111","24.173543","2"
"885","66000","387130000C","(04)23274275","(04)23288582","2026","1","3","10","27","臺中市","豐原區","0","1","0","7","2","6","40","4","1","1","5","4","6","6","1","1","5","5","5","1","12","2","7","5","4","C03","7","9","1","10","2","14","","84","84","1","13","4","120.720271","24.249505","2"