序號,縣市別代碼,機關代碼,市話,傳真,年,月,日,時,分,縣市,區,死亡數量,受傷數量,2-30,天候,道路照明設備,道路類別,道路速限,道路型態,事故位置,路面鋪裝,路面狀態,路面缺陷,障礙物,視距,號誌種類,號誌動作,分向設施,快車道或一般車道間,快慢車道間,路面邊線,事故類型及型態,受傷程度,主要傷處,保護裝備,行動電話或功能裝置,當事者區分(類別),車輛用途,當事者行動狀態,駕照狀態,駕照種類,飲酒情形,車輛撞擊部位最初,車輛撞擊部位其他,肇事因素個別,肇事因素主要,肇事逃逸,職業,共享經濟或外送平台,GPS座標X,GPS座標Y,事故類別
"886","66000","387130000C","(04)23274275","(04)23288582","2026","1","3","10","30","臺中市","外埔區","0","1","0","7","2","6","30","11","9","1","5","4","6","6","4","4","10","5","5","2","11","3","10","3","1","B03","7","6","3","19","2","8","","59","59","1","6","4","120.637362","24.342174","2"
"887","66000","387130000C","(04)23274275","(04)23288582","2026","1","3","10","37","臺中市","后里區","0","0","0","7","","","30","","","","","","","","","","","","","","22","","","","","B03","","","1","","2","","","59","59","1","6","4","120.722543","24.324085","3"
"888","66000","387130000C","(04)23274275","(04)23288582","2026","1","3","10","44","臺中市","東區","0","1","0","7","2","6","30","4","1","1","5","4","6","6","4","4","9","5","5","2","18","2","8","1","1","C03","7","6","1","10","2","14","","84","84","1","12","4","120.689184","24.143487","2"
"889","66000","387130000C","(04)23274275","(04)23288582","2026","1","3","10","46","臺中市","西屯區","0","1","0","7","2","6","50","3","1","1","5","4","6","6","3","1","10","5","5","2","16","2","9","1","1","C03","7","6","1","10","2","12","","84","84","1","12","4","120.639708","24.177016","2"
"890","66000","387130000C","(04)23274275","(04)23288582","2026","1","3","10","48","臺中市","北屯區","0","1","0","7","2","6","50","13","9","1","5","4","6","6","4","4","10","5","5","2","13","2","9","5","4","B03","7","9","1","8","2","1","","7","7","1","12","4","120.67049","24.173905","2"
"891","66000","387130000C","(04)23274275","(04)23288582","2026","1","3","10","51","臺中市","神岡區","0","0","0","7","1","6","50","3","1","1","5","4","6","6","4","4","10","5","5","1","11","","","","","B03","","","1","","2","","","8","8","1","12","4","120.656254","24.250398","3"
"892","66000","387130000C","(04)23274275","(04)23288582","2026","1","3","10","53","臺中市","西屯區","0","0","0","7","","","50","","","","","","","","","","","","","","12","","","","","B03","","","1","","1","","","8","8","1","12","4","120.645209","24.162862","3"
"893","66000","387130000C","(04)23274275","(04)23288582","2026","1","3","11","3","臺中市","沙鹿區","0","0","0","7","","","40","","","","","","","","","","","","","","14","","","","","B03","","","1","","1","","","49","49","1","12","4","120.556496","24.221999","3"
"894","66000","387130000C","(04)23274275","(04)23288582","2026","1","3","11","3","臺中市","東勢區","0","0","0","7","","","50","","","","","","","","","","","","","","","","","","","B12","","","1","","9","","","8","8","2","12","4","120.829599","24.254014","3"
"895","66000","387130000C","(04)23274275","(04)23288582","2026","1","3","11","9","臺中市","北區","0","0","0","7","","","50","","","","","","","","","","","","","","","","","","","C03","","","1","","1","","","7","7","1","12","4","120.686245","24.146279","3"
"896","66000","387130000C","(04)23274275","(04)23288582","2026","1","3","11","9","臺中市","新社區","0","2","0","7","2","6","50","13","9","1","5","4","6","6","4","4","5","5","5","1","17","2","9","2","1","C03","7","11","1","10","2","13","","42","42","1","7","4","120.795865","24.212724","2"
"897","66000","387130000C","(04)23274275","(04)23288582","2026","1","3","11","11","臺中市","東區","0","1","0","7","3","6","50","13","9","1","5","4","6","6","4","4","5","5","5","2","13","2","8","2","1","C03","7","9","1","10","2","11","","7","7","1","13","4","120.705659","24.134541","2"
"898","66000","387130000C","(04)23274275","(04)23288582","2026","1","3","11","11","臺中市","北屯區","0","0","0","7","","","30","","","","","","","","","","","","","","","","","","","B03","","","1","","2","","","50","50","1","6","4","120.700338","24.179706","3"
"899","66000","387130000C","(04)23274275","(04)23288582","2026","1","3","11","11","臺中市","太平區","0","0","0","7","","","50","","","","","","","","","","","","","","12","","","","","B03","","","1","","1","","","1","1","1","13","4","120.722009","24.14929","3"
"900","66000","387130000C","(04)23274275","(04)23288582","2026","1","3","11","13","臺中市","豐原區","0","1","0","7","2","6","30","3","9","1","5","4","6","6","4","4","10","5","5","2","12","2","1","1","1","C03","7","6","1","10","2","12","","14","14","1","12","4","120.743917","24.262036","2"
"901","66000","387130000C","(04)23274275","(04)23288582","2026","1","3","11","21","臺中市","后里區","0","0","0","7","","","50","","","","","","","","","","","","","","12","","","","","B03","","","1","","1","","","50","50","1","6","4","120.718974","24.309323","3"
"902","66000","387130000C","(04)23274275","(04)23288582","2026","1","3","11","23","臺中市","北屯區","0","0","0","7","","","0","","","","","","","","","","","","","","17","","","","","C03","","","7","","1","","","50","50","1","13","5","120.686004","24.176029","3"
"903","66000","387130000C","(04)23274275","(04)23288582","2026","1","3","11","24","臺中市","潭子區","0","2","0","7","3","6","30","4","1","1","5","4","6","6","4","4","10","5","5","2","15","2","9","2","1","C03","7","9","3","19","2","14","","13","13","1","13","4","120.677266","24.205466","2"
"904","66000","387130000C","(04)23274275","(04)23288582","2026","1","3","11","25","臺中市","霧峰區","0","2","0","7","2","6","40","3","1","1","5","4","6","6","3","1","10","5","5","1","17","2","9","1","1","C03","7","9","1","10","2","11","","84","84","1","13","4","120.682388","24.065302","2"
"905","66000","387130000C","(04)23274275","(04)23288582","2026","1","3","11","31","臺中市","沙鹿區","0","1","0","7","2","6","40","4","1","1","5","4","6","6","1","1","10","5","5","2","17","2","9","2","1","C03","7","11","1","10","2","12","","32","32","1","6","4","120.560202","24.239832","2"
"906","66000","387130000C","(04)23274275","(04)23288582","2026","1","3","11","32","臺中市","西區","0","1","0","7","1","6","50","13","9","1","5","4","6","6","4","4","5","4","5","2","17","2","9","2","1","C03","7","8","1","10","2","16","","84","84","1","13","4","120.661649","24.132622","2"
"907","66000","387130000C","(04)23274275","(04)23288582","2026","1","3","11","33","臺中市","潭子區","0","1","0","7","2","6","50","4","1","1","5","4","6","6","2","1","10","5","5","2","12","2","9","1","1","F03","7","6","7","21","2","14","","48","48","1","13","4","120.703597","24.211604","2"
"908","66000","387130000C","(04)23274275","(04)23288582","2026","1","3","11","34","臺中市","大里區","0","1","0","7","2","6","50","3","2","1","5","4","6","6","4","4","9","5","5","1","16","2","9","1","1","C03","7","6","1","10","2","14","","48","48","1","12","4","120.706594","24.087334","2"
"909","66000","387130000C","(04)23274275","(04)23288582","2026","1","3","11","43","臺中市","北屯區","0","1","0","7","2","6","50","4","1","1","5","4","6","6","2","1","10","5","5","2","13","2","8","2","1","C03","7","12","1","10","2","11","","7","7","1","12","4","120.719208","24.175849","2"
"910","66000","387130000C","(04)23274275","(04)23288582","2026","1","3","11","44","臺中市","西屯區","0","0","0","7","","","","","","","","","","","","","","","","","17","","","","","","","","","","","","","119","119","1","","","120.65119","24.168319","3"
"911","66000","387130000C","(04)23274275","(04)23288582","2026","1","3","11","45","臺中市","梧棲區","0","3","0","7","3","6","50","3","1","1","5","4","6","6","4","4","10","5","5","2","16","2","8","1","1","C03","7","6","1","10","2","13","","14","14","1","6","4","120.53442","24.247219","2"
"912","66000","387130000C","(04)23274275","(04)23288582","2026","1","3","11","48","臺中市","和平區","0","0","0","7","","","40","","","","","","","","","","","","","","13","","","","","A04","","","1","","2","","","7","7","1","6","4","120.895286","24.171063","3"
"913","66000","387130000C","(04)23274275","(04)23288582","2026","1","3","11","48","臺中市","豐原區","0","0","0","7","","","50","","","","","","","","","","","","","","17","","","","","B03","","","1","","2","","","1","1","1","12","4","120.736331","24.251092","3"
"914","66000","387130000C","(04)23274275","(04)23288582","2026","1","3","11","50","臺中市","北屯區","0","1","0","7","2","6","50","4","1","1","5","4","6","6","1","1","4","3","4","2","3","3","10","3","1","B03","7","5","1","8","2","8","","10","10","1","13","4","120.685052","24.193539","2"
"915","66000","387130000C","(04)23274275","(04)23288582","2026","1","3","11","50","臺中市","西屯區","0","2","0","7","2","6","50","4","1","1","5","4","6","6","1","1","10","5","5","2","16","2","7","5","1","C03","7","9","1","10","2","11","","7","7","1","11","4","120.659368","24.165603","2"
"916","66000","387130000C","(04)23274275","(04)23288582","2026","1","3","11","52","臺中市","豐原區","0","0","0","7","","","50","","","","","","","","","","","","","","15","","","","","C03","","","1","","2","","","21","21","1","13","4","120.722138","24.257128","4"
"917","66000","387130000C","(04)23274275","(04)23288582","2026","1","3","11","53","臺中市","北區","0","1","0","7","2","6","50","13","9","1","5","4","6","6","4","4","4","4","5","2","16","3","10","3","1","B03","7","1","1","8","2","8","","51","51","1","12","4","120.679523","24.155694","2"
"918","66000","387130000C","(04)23274275","(04)23288582","2026","1","3","11","53","臺中市","神岡區","0","0","0","7","1","6","50","3","2","1","5","4","6","6","1","1","1","5","5","1","12","","","","","B03","","","1","","2","","","8","8","1","12","4","120.682434","24.246334","3"
"919","66000","387130000C","(04)23274275","(04)23288582","2026","1","3","11","54","臺中市","神岡區","0","0","0","7","","","50","","","","","","","","","","","","","","15","","","","","C03","","","1","","2","","","21","21","1","13","4","120.696069","24.248405","3"
"920","66000","387130000C","(04)23274275","(04)23288582","2026","1","3","11","55","臺中市","西區","0","1","0","7","1","6","50","13","9","1","5","4","6","6","4","4","3","4","5","2","17","3","10","5","4","C03","7","1","1","10","2","16","","84","84","1","12","4","120.666182","24.133908","2"
"921","66000","387130000C","(04)23274275","(04)23288582","2026","1","3","11","55","臺中市","南區","0","0","0","7","","","","","","","","","","","","","","","","","","","","","","","","","","","","","","119","119","1","","","120.669707","24.11824","3"
"922","66000","387130000C","(04)23274275","(04)23288582","2026","1","3","11","56","臺中市","豐原區","0","0","0","7","","","50","","","","","","","","","","","","","","17","","","","","C04","","","1","","2","","","84","84","1","12","4","120.71749","24.250618","4"
"923","66000","387130000C","(04)23274275","(04)23288582","2026","1","3","11","58","臺中市","北屯區","0","0","0","7","","","30","","","","","","","","","","","","","","","","","","","B03","","","1","","2","","","84","84","1","6","4","120.690378","24.169937","3"
"924","66000","387130000C","(04)23274275","(04)23288582","2026","1","3","11","59","臺中市","北區","0","1","0","7","2","6","50","4","1","1","5","4","6","6","1","1","5","5","5","2","15","2","9","1","1","C03","7","9","1","10","2","12","","21","21","1","13","4","120.677336","24.161681","2"
"925","66000","387130000C","(04)23274275","(04)23288582","2026","1","3","12","1","臺中市","神岡區","0","0","0","7","","","50","","","","","","","","","","","","","","13","","","","","C03","","","3","","2","","","84","84","1","12","4","120.687336","24.247251","3"
"926","66000","387130000C","(04)23274275","(04)23288582","2026","1","3","12","3","臺中市","東區","0","0","0","7","","","50","","","","","","","","","","","","","","","","","","","B03","","","1","","2","","","84","84","1","6","4","120.706077","24.143133","3"
"927","66000","387130000C","(04)23274275","(04)23288582","2026","1","3","12","3","臺中市","北屯區","0","0","0","7","","","50","","","","","","","","","","","","","","9","","","","","B03","","","1","","1","","","45","45","1","12","4","120.693244","24.163942","3"
"928","66000","387130000C","(04)23274275","(04)23288582","2026","1","3","12","7","臺中市","南屯區","0","1","0","7","2","6","50","13","9","1","5","4","6","6","4","4","9","4","5","2","2","3","10","3","1","B03","7","9","1","8","2","1","","59","59","1","12","4","120.639088","24.139133","2"
"929","66000","387130000C","(04)23274275","(04)23288582","2026","1","3","12","7","臺中市","大里區","0","0","0","7","","","60","","","","","","","","","","","","","","13","","","","","B03","","","1","","1","","","84","84","1","12","4","120.688778","24.080458","3"
"930","66000","387130000C","(04)23274275","(04)23288582","2026","1","3","12","9","臺中市","太平區","0","2","0","7","3","6","40","13","12","1","5","4","6","6","4","4","5","2","4","2","13","2","9","1","1","C03","7","9","1","10","2","11","","58","58","1","6","4","120.711092","24.159129","2"
"931","66000","387130000C","(04)23274275","(04)23288582","2026","1","3","12","11","臺中市","北屯區","0","1","0","7","2","6","50","4","1","1","5","4","6","6","4","4","10","5","5","2","15","3","10","3","1","B03","7","9","1","8","2","1","","12","12","1","13","4","120.687992","24.168062","2"
"932","66000","387130000C","(04)23274275","(04)23288582","2026","1","3","12","15","臺中市","豐原區","0","0","0","7","","","50","","","","","","","","","","","","","","13","","","","","B03","","","1","","2","","","7","7","1","12","4","120.730023","24.255396","4"
"933","66000","387130000C","(04)23274275","(04)23288582","2026","1","3","12","17","臺中市","大雅區","0","1","0","7","2","6","40","3","2","1","5","4","6","6","4","4","1","4","4","1","13","2","9","2","1","C03","7","9","1","10","2","11","","84","84","1","13","4","120.646684","24.223","2"
"934","66000","387130000C","(04)23274275","(04)23288582","2026","1","3","12","17","臺中市","西區","0","1","0","7","3","6","50","3","2","1","5","4","6","6","4","4","5","4","5","2","12","3","10","3","1","B03","7","14","1","8","2","2","","76","76","1","6","4","120.658036","24.151022","2"
"935","66000","387130000C","(04)23274275","(04)23288582","2026","1","3","12","17","臺中市","北區","0","0","0","7","","","50","","","","","","","","","","","","","","","","","","","B02","","","1","","1","","","51","51","1","12","4","120.701522","24.157042","3"
"936","66000","387130000C","(04)23274275","(04)23288582","2026","1","3","12","19","臺中市","南區","0","0","0","7","","","50","","","","","","","","","","","","","","","","","","","B03","","","1","","1","","","40","40","1","12","4","120.657414","24.13174","3"
"937","66000","387130000C","(04)23274275","(04)23288582","2026","1","3","12","21","臺中市","北區","0","1","0","7","2","6","50","13","9","1","5","4","6","6","4","4","1","4","5","2","18","2","9","1","1","C03","7","9","1","10","2","12","","84","84","1","12","2","120.693028","24.155635","2"
"938","66000","387130000C","(04)23274275","(04)23288582","2026","1","3","12","22","臺中市","外埔區","0","0","0","7","","","30","","","","","","","","","","","","","","17","","","","","B03","","","1","","2","","","50","50","1","6","4","120.639627","24.342399","3"
"939","66000","387130000C","(04)23274275","(04)23288582","2026","1","3","12","24","臺中市","大雅區","0","0","0","7","","","40","","","","","","","","","","","","","","14","","","","","B03","","","1","","2","","","49","49","1","12","4","120.648377","24.218778","3"
"940","66000","387130000C","(04)23274275","(04)23288582","2026","1","3","12","25","臺中市","西屯區","0","0","0","7","","","50","","","","","","","","","","","","","","30","","","","","B03","","","1","","1","","","8","8","2","13","4","120.645325","24.160562","3"
"941","66000","387130000C","(04)23274275","(04)23288582","2026","1","3","12","28","臺中市","南屯區","0","0","0","7","","","30","","","","","","","","","","","","","","14","","","","","B03","","","1","","2","","","49","49","1","12","4","120.635637","24.140869","3"
"942","66000","387130000C","(04)23274275","(04)23288582","2026","1","3","12","29","臺中市","北屯區","0","0","0","7","","","50","","","","","","","","","","","","","","17","","","","","B03","","","1","","1","","","51","51","1","12","4","120.689661","24.180403","3"
"943","66000","387130000C","(04)23274275","(04)23288582","2026","1","3","12","34","臺中市","北屯區","0","1","0","7","2","6","50","4","1","1","5","4","6","6","2","1","1","3","3","2","16","3","10","3","1","B03","7","5","1","8","2","2","","85","85","1","13","4","120.661713","24.189525","2"
"944","66000","387130000C","(04)23274275","(04)23288582","2026","1","3","12","37","臺中市","西區","0","0","0","7","","","50","","","","","","","","","","","","","","14","","","","","B12","","","1","","1","","","49","49","1","13","4","120.673242","24.148836","3"
"945","66000","387130000C","(04)23274275","(04)23288582","2026","1","3","12","38","臺中市","大里區","0","0","0","7","","","30","","","","","","","","","","","","","","17","","","","","B03","","","1","","2","","","84","84","1","13","4","120.693589","24.092608","3"
"946","66000","387130000C","(04)23274275","(04)23288582","2026","1","3","12","40","臺中市","清水區","0","2","0","7","3","6","30","3","1","1","5","4","6","6","4","4","10","5","5","2","16","2","9","1","1","C03","7","15","1","10","2","13","","84","84","1","12","4","120.57535","24.279699","2"
"947","66000","387130000C","(04)23274275","(04)23288582","2026","1","3","12","42","臺中市","沙鹿區","0","0","0","7","","","50","","","","","","","","","","","","","","","","","","","B03","","","1","","9","","","8","8","2","13","4","120.557984","24.235241","3"
"948","66000","387130000C","(04)23274275","(04)23288582","2026","1","3","12","45","臺中市","東區","0","1","0","7","3","6","50","4","1","1","5","4","6","6","1","1","10","5","5","2","16","3","10","3","1","B03","7","6","1","8","2","1","","11","11","1","6","4","120.702184","24.138882","2"
"949","66000","387130000C","(04)23274275","(04)23288582","2026","1","3","12","45","臺中市","南屯區","0","1","0","7","2","6","50","4","1","1","5","4","6","6","2","1","10","5","5","2","13","2","9","1","1","C03","7","9","1","10","2","11","","7","7","1","13","4","120.646802","24.146809","2"
"950","66000","387130000C","(04)23274275","(04)23288582","2026","1","3","12","49","臺中市","西屯區","0","0","0","7","","","50","","","","","","","","","","","","","","","","","","","B03","","","1","","1","","","47","47","1","13","4","120.65507","24.1927","4"
"951","66000","387130000C","(04)23274275","(04)23288582","2026","1","3","12","51","臺中市","霧峰區","0","1","0","7","2","6","30","3","2","1","5","4","6","6","4","4","10","5","5","2","13","3","10","3","1","B03","7","9","1","8","2","5","","7","7","1","6","4","120.700485","24.071183","2"
"952","66000","387130000C","(04)23274275","(04)23288582","2026","1","3","12","51","臺中市","梧棲區","0","1","0","7","3","6","50","13","9","1","5","4","6","6","4","4","5","5","5","1","14","3","10","3","1","B03","7","2","1","8","2","3","","49","49","1","6","4","120.533954","24.257889","2"
"953","66000","387130000C","(04)23274275","(04)23288582","2026","1","3","12","53","臺中市","南屯區","0","1","0","7","3","6","50","4","1","1","5","4","6","6","1","1","10","5","5","2","18","2","9","1","1","C03","7","5","1","10","2","12","","84","84","1","12","4","120.636177","24.146893","2"
"954","66000","387130000C","(04)23274275","(04)23288582","2026","1","3","12","53","臺中市","北屯區","0","0","0","7","","","30","","","","","","","","","","","","","","9","","","","","B03","","","1","","1","","","8","8","1","12","4","120.685094","24.196196","3"
"955","66000","387130000C","(04)23274275","(04)23288582","2026","1","3","13","0","臺中市","新社區","0","0","0","7","","","40","","","","","","","","","","","","","","","","","","","B03","","","1","","2","","","84","84","1","12","4","120.889609","24.100279","3"
"956","66000","387130000C","(04)23274275","(04)23288582","2026","1","3","13","1","臺中市","清水區","0","0","0","7","","","40","","","","","","","","","","","","","","","","","","","B03","","","1","","1","","","49","49","1","12","4","120.568876","24.27314","3"
"957","66000","387130000C","(04)23274275","(04)23288582","2026","1","3","13","3","臺中市","大雅區","0","1","0","7","2","6","50","4","1","1","5","4","6","6","1","1","5","5","5","1","16","2","9","2","1","C03","7","5","1","10","2","11","","84","84","1","13","4","120.653767","24.231034","2"
"958","66000","387130000C","(04)23274275","(04)23288582","2026","1","3","13","5","臺中市","西屯區","0","0","0","7","","","50","","","","","","","","","","","","","","13","","","","","B03","","","1","","2","","","59","59","1","13","4","120.610303","24.186456","4"
"959","66000","387130000C","(04)23274275","(04)23288582","2026","1","3","13","5","臺中市","豐原區","0","1","0","7","2","6","50","5","1","1","5","4","6","6","1","1","5","4","5","1","16","3","10","5","4","B03","7","5","1","8","2","5","","47","47","1","12","4","120.70335","24.246615","2"
"960","66000","387130000C","(04)23274275","(04)23288582","2026","1","3","13","8","臺中市","北區","0","0","0","7","","","50","","","","","","","","","","","","","","13","","","","","C03","","","1","","1","","","7","7","1","13","4","120.691805","24.159411","3"
"961","66000","387130000C","(04)23274275","(04)23288582","2026","1","3","13","8","臺中市","后里區","0","1","0","7","3","6","50","5","1","1","5","4","6","6","1","1","10","5","5","2","15","3","10","3","1","B03","7","9","1","8","2","4","","21","21","1","6","4","120.680504","24.311266","2"
"962","66000","387130000C","(04)23274275","(04)23288582","2026","1","3","13","9","臺中市","大甲區","0","1","0","7","2","6","50","5","1","1","5","4","6","6","1","1","10","5","5","2","16","3","10","3","1","B03","7","6","1","8","2","8","","20","20","1","6","4","120.621997","24.344222","2"
"963","66000","387130000C","(04)23274275","(04)23288582","2026","1","3","13","22","臺中市","北屯區","0","1","0","7","2","6","50","3","1","1","5","4","6","6","4","4","10","5","5","2","17","2","7","2","1","C01","7","9","1","9","2","12","","58","58","1","12","4","120.737107","24.175858","2"
"964","66000","387130000C","(04)23274275","(04)23288582","2026","1","3","13","27","臺中市","后里區","0","1","0","7","1","9","50","12","9","1","5","4","6","6","1","1","7","2","5","1","13","3","10","5","4","D03","7","7","1","8","2","5","","6","6","1","13","4","120.723503","24.324072","2"
"965","66000","387130000C","(04)23274275","(04)23288582","2026","1","3","13","30","臺中市","豐原區","0","0","0","7","","","30","","","","","","","","","","","","","","17","","","","","B03","","","1","","2","","","51","51","1","6","4","120.747878","24.271486","3"
"966","66000","387130000C","(04)23274275","(04)23288582","2026","1","3","13","31","臺中市","南區","0","0","0","7","","","50","","","","","","","","","","","","","","","","","","","B03","","","3","","1","","","35","35","1","13","4","120.650544","24.120277","3"
"967","66000","387130000C","(04)23274275","(04)23288582","2026","1","3","13","32","臺中市","北區","0","1","0","7","3","6","50","4","1","1","5","4","6","6","3","1","10","2","5","2","17","2","9","1","1","C03","7","9","1","10","2","11","","24","24","1","12","4","120.673795","24.145961","2"
"968","66000","387130000C","(04)23274275","(04)23288582","2026","1","3","13","33","臺中市","霧峰區","0","1","0","7","2","6","50","13","7","1","5","4","6","6","1","1","5","4","4","1","18","2","9","2","1","C03","7","9","1","10","2","12","","84","84","1","12","4","120.696654","24.054852","2"
"969","66000","387130000C","(04)23274275","(04)23288582","2026","1","3","13","40","臺中市","潭子區","0","0","0","7","","","30","","","","","","","","","","","","","","","","","","","B03","","","1","","9","","","85","85","1","13","4","120.692637","24.217891","3"
"970","66000","387130000C","(04)23274275","(04)23288582","2026","1","3","13","44","臺中市","北屯區","0","0","0","7","","","50","","","","","","","","","","","","","","13","","","","","B12","","","1","","2","","","59","59","1","6","4","120.71946","24.176246","3"
"971","66000","387130000C","(04)23274275","(04)23288582","2026","1","3","13","46","臺中市","大里區","0","1","0","7","3","6","50","3","8","1","5","4","6","6","4","4","9","4","4","2","16","2","9","5","4","C03","7","1","1","10","2","11","","51","51","1","13","4","120.691957","24.109935","2"
"972","66000","387130000C","(04)23274275","(04)23288582","2026","1","3","13","48","臺中市","西屯區","0","0","0","7","","","50","","","","","","","","","","","","","","16","","","","","B03","","","1","","2","","","11","11","1","12","4","120.651501","24.209666","3"
"973","66000","387130000C","(04)23274275","(04)23288582","2026","1","3","13","49","臺中市","南區","0","1","0","7","1","6","50","4","1","1","5","4","6","6","2","1","10","5","5","2","17","3","10","5","4","C03","7","6","1","10","1","14","","36","36","1","13","4","120.667026","24.116919","2"
"974","66000","387130000C","(04)23274275","(04)23288582","2026","1","3","13","49","臺中市","東區","0","0","0","7","","","50","","","","","","","","","","","","","","","","","","","C03","","","1","","1","","","7","7","1","6","2","120.685523","24.13403","3"
"975","66000","387130000C","(04)23274275","(04)23288582","2026","1","3","13","50","臺中市","太平區","0","1","0","7","2","6","50","3","1","1","5","4","6","6","1","1","10","5","5","2","17","2","8","1","1","C03","7","1","5","10","2","14","","51","51","1","12","4","120.735848","24.129853","2"
"976","66000","387130000C","(04)23274275","(04)23288582","2026","1","3","13","57","臺中市","西區","0","1","0","7","2","6","50","13","7","1","5","4","6","6","4","4","3","4","5","2","13","2","9","5","4","C03","7","9","1","10","2","12","","7","7","1","13","4","120.673191","24.13175","2"
"977","66000","387130000C","(04)23274275","(04)23288582","2026","1","3","14","0","臺中市","南屯區","0","0","0","7","","","50","","","","","","","","","","","","","","14","","","","","B03","","","1","","1","","","49","49","1","12","4","120.648919","24.13351","3"
"978","66000","387130000C","(04)23274275","(04)23288582","2026","1","3","14","4","臺中市","西區","0","0","0","7","","","50","","","","","","","","","","","","","","","","","","","B03","","","1","","2","","","84","84","1","12","4","120.657123","24.138207","3"
"979","66000","387130000C","(04)23274275","(04)23288582","2026","1","3","14","8","臺中市","南區","0","0","0","7","","","50","","","","","","","","","","","","","","12","","","","","B03","","","1","","1","","","50","50","1","6","4","120.657262","24.11401","3"
"980","66000","387130000C","(04)23274275","(04)23288582","2026","1","3","14","8","臺中市","大里區","0","1","0","7","2","6","30","5","1","1","5","4","6","6","4","4","10","5","5","2","18","2","9","1","1","C03","7","5","1","10","2","14","","84","84","1","13","4","120.693726","24.092027","2"
"981","66000","387130000C","(04)23274275","(04)23288582","2026","1","3","14","13","臺中市","西區","0","0","0","7","","","30","","","","","","","","","","","","","","","","","","","B03","","","1","","2","","","8","8","1","12","4","120.662366","24.147396","3"
"982","66000","387130000C","(04)23274275","(04)23288582","2026","1","3","14","13","臺中市","南區","0","0","0","7","","","30","","","","","","","","","","","","","","14","","","","","B11","","","1","","1","","","49","49","1","13","4","120.661196","24.125873","3"
"983","66000","387130000C","(04)23274275","(04)23288582","2026","1","3","14","14","臺中市","北屯區","0","2","0","7","2","6","50","13","9","1","5","4","6","6","1","1","10","5","5","2","13","2","9","5","4","C03","7","9","3","19","2","12","","7","7","1","12","4","120.667208","24.180235","2"
"984","66000","387130000C","(04)23274275","(04)23288582","2026","1","3","14","17","臺中市","太平區","0","0","0","7","","","50","","","","","","","","","","","","","","13","","","","","A12","","","1","","2","","","82","82","1","13","4","120.717626","24.104214","3"
"985","66000","387130000C","(04)23274275","(04)23288582","2026","1","3","14","20","臺中市","南屯區","0","1","0","7","3","6","50","13","9","1","5","4","6","6","1","1","3","4","4","2","12","3","10","3","1","B03","7","5","1","8","2","2","","20","20","1","12","4","120.628829","24.151154","2"
"986","66000","387130000C","(04)23274275","(04)23288582","2026","1","3","14","25","臺中市","大雅區","0","0","0","7","","","70","","","","","","","","","","","","","","","","","","","B03","","","1","","1","","","7","7","1","12","4","120.628494","24.242279","3"
"987","66000","387130000C","(04)23274275","(04)23288582","2026","1","3","14","26","臺中市","北屯區","0","2","0","7","2","6","50","13","7","1","5","4","6","6","4","4","4","3","4","2","18","2","9","2","1","C03","7","11","1","10","2","12","","32","32","1","13","4","120.696564","24.173","2"
"988","66000","387130000C","(04)23274275","(04)23288582","2026","1","3","14","28","臺中市","西屯區","0","1","0","7","2","6","30","13","9","1","5","4","6","6","4","4","10","5","5","2","16","3","10","1","1","C03","7","11","1","10","2","11","","46","46","1","12","4","120.613917","24.18537","2"
"989","66000","387130000C","(04)23274275","(04)23288582","2026","1","3","14","30","臺中市","北屯區","0","0","0","7","","","50","","","","","","","","","","","","","","9","","","","","B03","","","1","8","2","","","20","20","1","12","4","120.68348","24.182237","3"
"990","66000","387130000C","(04)23274275","(04)23288582","2026","1","3","14","32","臺中市","南屯區","0","0","0","7","","","30","","","","","","","","","","","","","","","","","","","B02","","","1","","2","","","49","49","1","13","4","120.62806","24.153591","3"
"991","66000","387130000C","(04)23274275","(04)23288582","2026","1","3","14","39","臺中市","大雅區","0","1","0","7","2","6","50","4","1","1","5","4","6","6","1","1","5","5","5","1","16","3","10","3","1","B03","7","6","1","8","2","8","","84","84","1","13","4","120.64884","24.218052","2"
"992","66000","387130000C","(04)23274275","(04)23288582","2026","1","3","14","40","臺中市","西區","0","1","0","7","2","6","40","5","2","1","5","4","6","6","1","1","1","4","1","2","13","2","8","1","1","C04","7","9","1","8","2","11","","59","59","1","12","4","120.669632","24.15084","2"
"993","66000","387130000C","(04)23274275","(04)23288582","2026","1","3","14","41","臺中市","北屯區","0","0","0","7","","","50","","","","","","","","","","","","","","","","","","","B03","","","1","","1","","","58","58","1","6","4","120.701828","24.181723","3"
"994","66000","387130000C","(04)23274275","(04)23288582","2026","1","3","14","46","臺中市","北屯區","0","0","0","7","","","40","","","","","","","","","","","","","","17","","","","","B03","","","1","","1","","","50","50","1","12","4","120.685612","24.177127","3"
"995","66000","387130000C","(04)23274275","(04)23288582","2026","1","3","14","50","臺中市","大里區","0","2","0","7","3","6","40","13","8","1","5","4","6","6","4","4","3","4","4","1","13","2","9","5","4","C03","7","9","1","10","2","11","","7","7","1","13","4","120.6921","24.100417","2"
"996","66000","387130000C","(04)23274275","(04)23288582","2026","1","3","14","53","臺中市","南區","0","1","0","7","3","6","50","3","4","1","5","4","6","6","2","1","1","3","5","2","13","2","7","2","1","C03","7","9","1","10","2","11","","7","7","1","13","4","120.679363","24.122343","2"