序號,縣市別代碼,機關代碼,市話,傳真,年,月,日,時,分,縣市,區,死亡數量,受傷數量,2-30,天候,道路照明設備,道路類別,道路速限,道路型態,事故位置,路面鋪裝,路面狀態,路面缺陷,障礙物,視距,號誌種類,號誌動作,分向設施,快車道或一般車道間,快慢車道間,路面邊線,事故類型及型態,受傷程度,主要傷處,保護裝備,行動電話或功能裝置,當事者區分(類別),車輛用途,當事者行動狀態,駕照狀態,駕照種類,飲酒情形,車輛撞擊部位最初,車輛撞擊部位其他,肇事因素個別,肇事因素主要,肇事逃逸,職業,共享經濟或外送平台,GPS座標X,GPS座標Y,事故類別
"997","66000","387130000C","(04)23274275","(04)23288582","2026","1","3","14","54","臺中市","大肚區","0","1","0","7","2","6","50","5","1","1","5","4","6","6","1","1","10","5","5","2","16","3","10","3","1","B03","7","7","1","8","2","5","","40","40","1","6","4","120.577559","24.118334","2"
"998","66000","387130000C","(04)23274275","(04)23288582","2026","1","3","15","5","臺中市","豐原區","0","0","0","7","","","50","","","","","","","","","","","","","","17","","","","","B03","","","1","","2","","","47","47","1","12","4","120.712848","24.25578","4"
"999","66000","387130000C","(04)23274275","(04)23288582","2026","1","3","15","6","臺中市","西屯區","0","0","0","7","","","50","","","","","","","","","","","","","","14","","","","","B03","","","1","","1","","","49","49","1","12","4","120.615366","24.184013","4"
"1000","66000","387130000C","(04)23274275","(04)23288582","2026","1","3","15","7","臺中市","西區","0","1","0","7","2","6","50","4","1","1","5","4","6","6","1","1","10","5","5","2","16","3","10","5","4","B01","7","6","1","4","2","16","","11","11","1","13","4","120.669756","24.149565","2"
"1001","66000","387130000C","(04)23274275","(04)23288582","2026","1","3","15","15","臺中市","清水區","0","1","0","7","3","6","30","11","9","1","5","4","6","6","4","4","9","4","5","1","19","2","9","4","1","F01","7","9","7","21","2","16","","59","59","1","12","4","120.59187","24.287961","2"
"1002","66000","387130000C","(04)23274275","(04)23288582","2026","1","3","15","18","臺中市","西屯區","0","0","0","7","","","30","","","","","","","","","","","","","","12","","","","","A11","","","1","","1","","","75","75","2","12","4","120.641654","24.172576","3"
"1003","66000","387130000C","(04)23274275","(04)23288582","2026","1","3","15","22","臺中市","豐原區","0","2","0","7","2","6","50","13","7","1","5","4","6","6","4","4","1","4","4","1","13","3","10","3","1","B03","7","9","1","8","1","1","","7","7","1","12","4","120.760204","24.277036","2"
"1004","66000","387130000C","(04)23274275","(04)23288582","2026","1","3","15","23","臺中市","西區","0","0","0","7","","","30","","","","","","","","","","","","","","","","","","","C03","","","1","","2","","","59","59","1","12","4","120.65692","24.142632","3"
"1005","66000","387130000C","(04)23274275","(04)23288582","2026","1","3","15","23","臺中市","太平區","0","2","0","7","2","6","30","4","1","1","5","4","6","6","4","4","10","5","5","2","15","2","8","1","1","C03","7","9","1","10","2","11","","15","15","1","12","4","120.71669","24.137135","2"
"1006","66000","387130000C","(04)23274275","(04)23288582","2026","1","3","15","26","臺中市","西屯區","0","0","0","7","","","50","","","","","","","","","","","","","","23","","","","","B03","","","1","","1","","","84","84","1","12","4","120.626924","24.18134","3"
"1007","66000","387130000C","(04)23274275","(04)23288582","2026","1","3","15","29","臺中市","大里區","0","0","0","7","","","50","","","","","","","","","","","","","","13","","","","","C03","","","1","","2","","","7","7","1","6","2","120.688239","24.094398","3"
"1008","66000","387130000C","(04)23274275","(04)23288582","2026","1","3","15","32","臺中市","南屯區","0","0","0","7","","","50","","","","","","","","","","","","","","","","","","","A12","","","1","","1","","","40","40","1","6","4","120.626127","24.148576","3"
"1009","66000","387130000C","(04)23274275","(04)23288582","2026","1","3","15","32","臺中市","西屯區","0","2","0","7","2","6","50","4","1","1","5","4","6","6","1","1","10","5","5","2","16","2","9","5","4","C03","7","5","1","10","2","12","","11","11","1","12","4","120.626172","24.184568","2"
"1010","66000","387130000C","(04)23274275","(04)23288582","2026","1","3","15","35","臺中市","大雅區","0","0","0","7","","","50","","","","","","","","","","","","","","","","","","","A04","","","1","","1","","","7","7","1","13","4","120.628986","24.206519","3"
"1011","66000","387130000C","(04)23274275","(04)23288582","2026","1","3","15","35","臺中市","豐原區","0","0","0","7","","","50","","","","","","","","","","","","","","13","","","","","B03","","","1","","1","","","7","7","1","13","4","120.746735","24.265873","3"
"1012","66000","387130000C","(04)23274275","(04)23288582","2026","1","3","15","36","臺中市","東勢區","0","1","0","7","3","6","60","13","8","1","5","4","6","6","4","4","1","4","4","1","16","3","10","3","1","B12","7","5","1","8","2","2","","85","85","1","6","4","120.837074","24.223221","2"
"1013","66000","387130000C","(04)23274275","(04)23288582","2026","1","3","15","38","臺中市","潭子區","0","0","0","7","3","6","30","13","9","1","5","4","6","6","4","4","10","5","5","2","12","3","10","3","1","B03","7","4","1","8","2","2","","84","84","1","13","4","120.703043","24.200586","3"
"1014","66000","387130000C","(04)23274275","(04)23288582","2026","1","3","15","43","臺中市","北區","0","1","0","7","2","6","30","3","1","1","5","4","6","6","4","4","10","5","5","2","17","3","10","5","4","C03","7","5","1","10","2","16","","14","14","1","13","4","120.676635","24.152681","2"
"1015","66000","387130000C","(04)23274275","(04)23288582","2026","1","3","15","47","臺中市","東區","0","0","0","7","","","50","","","","","","","","","","","","","","","","","","","B03","","","1","","1","","","7","7","1","12","4","120.667156","24.113561","3"
"1016","66000","387130000C","(04)23274275","(04)23288582","2026","1","3","15","49","臺中市","西屯區","0","0","0","7","","","50","","","","","","","","","","","","","","17","","","","","C03","","","1","","1","","","51","51","1","13","4","120.636148","24.171104","3"
"1017","66000","387130000C","(04)23274275","(04)23288582","2026","1","3","15","53","臺中市","南屯區","0","2","0","7","2","6","50","5","1","1","5","4","6","6","2","1","9","4","5","2","11","2","9","1","1","C03","7","6","1","10","2","11","","39","39","1","12","4","120.649965","24.131848","2"
"1018","66000","387130000C","(04)23274275","(04)23288582","2026","1","3","15","56","臺中市","大甲區","0","0","0","7","","","50","","","","","","","","","","","","","","","","","","","B03","","","1","","1","","","59","59","1","6","4","120.622128","24.34365","3"
"1019","66000","387130000C","(04)23274275","(04)23288582","2026","1","3","16","0","臺中市","西屯區","0","3","0","7","2","6","50","13","9","1","5","4","6","6","4","4","5","5","5","2","13","2","9","2","4","C03","7","9","1","10","2","11","","7","7","1","13","4","120.637397","24.176269","2"
"1020","66000","387130000C","(04)23274275","(04)23288582","2026","1","3","16","1","臺中市","北屯區","0","1","0","7","2","6","50","3","5","1","5","4","6","6","4","4","10","5","5","2","16","2","9","2","1","C03","7","6","1","10","2","14","","12","12","1","6","4","120.720185","24.175908","2"
"1021","66000","387130000C","(04)23274275","(04)23288582","2026","1","3","16","2","臺中市","大里區","0","1","0","7","2","6","50","4","3","1","5","4","6","6","1","1","10","5","5","1","17","3","10","1","1","C03","7","15","1","10","2","12","","21","21","1","12","4","120.674744","24.102899","2"
"1022","66000","387130000C","(04)23274275","(04)23288582","2026","1","3","16","5","臺中市","北屯區","0","0","0","7","","3","80","","","","","","","","","","","","","","13","","","","","B03","","","1","4","1","","","7","7","1","6","4","120.719151","24.163075","4"
"1023","66000","387130000C","(04)23274275","(04)23288582","2026","1","3","16","5","臺中市","霧峰區","0","1","0","7","2","6","50","4","1","1","5","4","6","6","1","1","10","5","5","2","17","3","10","3","1","B03","7","5","1","8","2","2","","20","20","1","12","4","120.67128","24.043237","2"
"1024","66000","387130000C","(04)23274275","(04)23288582","2026","1","3","16","8","臺中市","南屯區","0","1","0","7","3","6","50","13","9","1","5","4","6","6","1","1","5","5","5","2","18","2","9","1","1","C03","7","9","1","10","2","14","","59","59","1","12","4","120.649774","24.129453","2"
"1025","66000","387130000C","(04)23274275","(04)23288582","2026","1","3","16","10","臺中市","潭子區","0","0","0","7","","","30","","","","","","","","","","","","","","","","","","","C03","","","1","","2","","","84","14","1","13","4","120.709467","24.213472","3"
"1026","66000","387130000C","(04)23274275","(04)23288582","2026","1","3","16","19","臺中市","大甲區","0","1","0","7","1","6","50","4","1","1","5","4","6","6","4","4","5","5","5","1","15","2","9","1","1","C03","7","9","1","10","2","12","","15","15","1","12","4","120.625878","24.347026","2"
"1027","66000","387130000C","(04)23274275","(04)23288582","2026","1","3","16","21","臺中市","太平區","0","0","0","7","","","50","","","","","","","","","","","","","","16","","","","","C03","","","1","","2","","","39","39","1","13","4","120.716268","24.133503","3"
"1028","66000","387130000C","(04)23274275","(04)23288582","2026","1","3","16","23","臺中市","沙鹿區","0","1","0","7","2","6","50","3","1","1","5","4","6","6","4","4","10","5","5","2","16","2","9","1","1","C03","7","6","1","10","2","12","","14","14","1","12","4","120.54879","24.228519","2"
"1029","66000","387130000C","(04)23274275","(04)23288582","2026","1","3","16","25","臺中市","潭子區","0","0","0","7","","","0","","","","","","","","","","","","","","","","","","","B12","","","1","","2","","","49","49","1","13","4","120.711606","24.210205","3"
"1030","66000","387130000C","(04)23274275","(04)23288582","2026","1","3","16","33","臺中市","西區","0","0","0","7","","","50","","","","","","","","","","","","","","","","","","","B03","","","1","","1","","","2","2","1","12","4","120.659695","24.157292","3"
"1031","66000","387130000C","(04)23274275","(04)23288582","2026","1","3","16","34","臺中市","西屯區","0","3","0","7","2","6","50","4","1","1","5","4","6","6","3","1","10","5","4","2","15","2","9","5","4","C04","7","9","1","10","2","14","","24","24","1","12","4","120.643661","24.192041","2"
"1032","66000","387130000C","(04)23274275","(04)23288582","2026","1","3","16","35","臺中市","北屯區","0","0","0","7","","3","80","","","","","","","","","","","","","","13","","","","","B03","","","1","","2","","","83","83","1","6","4","120.685456","24.165383","3"
"1033","66000","387130000C","(04)23274275","(04)23288582","2026","1","3","16","35","臺中市","北屯區","0","0","0","7","","","50","","","","","","","","","","","","","","18","","","","","C03","","","1","","1","","","84","84","1","6","4","120.703227","24.16944","3"
"1034","66000","387130000C","(04)23274275","(04)23288582","2026","1","3","16","40","臺中市","后里區","0","0","0","7","","","30","","","","","","","","","","","","","","16","","","","","B03","","","1","","2","","","85","85","1","6","4","120.67926","24.298303","3"
"1035","66000","387130000C","(04)23274275","(04)23288582","2026","1","3","16","40","臺中市","神岡區","0","1","0","7","1","6","50","3","1","1","5","4","6","6","4","4","9","5","4","2","12","2","9","1","1","C03","7","1","1","10","2","11","","51","51","1","12","4","120.696303","24.265514","2"
"1036","66000","387130000C","(04)23274275","(04)23288582","2026","1","3","16","53","臺中市","南屯區","0","0","0","7","","","50","","","","","","","","","","","","","","","","","","","B03","","","1","","2","","","84","84","1","12","4","120.64162","24.129573","3"
"1037","66000","387130000C","(04)23274275","(04)23288582","2026","1","3","16","56","臺中市","南屯區","0","2","0","7","2","6","50","4","1","1","5","4","6","6","2","1","5","5","5","2","17","2","9","1","1","C03","7","6","1","10","2","11","","84","84","1","6","4","120.645404","24.14882","2"
"1038","66000","387130000C","(04)23274275","(04)23288582","2026","1","3","16","56","臺中市","北屯區","0","1","0","7","2","6","50","3","2","1","5","4","6","6","4","4","1","3","5","2","16","3","10","3","1","B03","7","5","1","8","1","6","","14","14","1","6","4","120.688584","24.200792","2"
"1039","66000","387130000C","(04)23274275","(04)23288582","2026","1","3","16","58","臺中市","東勢區","0","0","0","7","","","20","","","","","","","","","","","","","","","","","","","B03","","","1","","2","","","51","51","1","12","4","120.829494","24.261085","3"
"1040","66000","387130000C","(04)23274275","(04)23288582","2026","1","3","17","0","臺中市","北屯區","0","0","0","7","","","50","","","","","","","","","","","","","","","","","","","B02","","","1","","1","","","7","7","1","6","4","120.677875","24.19895","3"
"1041","66000","387130000C","(04)23274275","(04)23288582","2026","1","3","17","0","臺中市","豐原區","0","0","0","7","","","50","","","","","","","","","","","","","","17","","","","","B03","","","1","","2","","","78","78","1","12","4","120.733236","24.255355","3"
"1042","66000","387130000C","(04)23274275","(04)23288582","2026","1","3","17","2","臺中市","東勢區","0","0","0","7","","","50","","","","","","","","","","","","","","","","","","","C03","","","1","","1","","","84","84","1","12","4","120.792744","24.285494","3"
"1043","66000","387130000C","(04)23274275","(04)23288582","2026","1","3","17","3","臺中市","南區","0","1","0","7","2","6","50","5","9","1","5","4","6","6","2","1","5","4","5","2","16","3","10","3","1","B03","7","5","1","7","2","6","","84","84","1","12","4","120.663431","24.125357","2"
"1044","66000","387130000C","(04)23274275","(04)23288582","2026","1","3","17","5","臺中市","霧峰區","0","1","0","7","3","6","50","5","1","1","5","4","6","6","1","1","10","5","5","2","17","","","","","","","21","","","","","","86","86","2","","","120.693096","24.073119","2"
"1045","66000","387130000C","(04)23274275","(04)23288582","2026","1","3","17","6","臺中市","北屯區","0","1","0","7","2","6","50","13","7","1","5","4","6","6","4","4","5","5","4","2","16","","","","","","","21","","","","","","86","86","2","","","120.661019","24.193911","2"
"1046","66000","387130000C","(04)23274275","(04)23288582","2026","1","3","17","10","臺中市","大甲區","0","3","0","7","2","6","50","3","1","1","5","4","6","6","4","4","10","5","5","2","16","2","9","2","1","C03","7","9","1","10","2","12","","84","84","1","6","4","120.634519","24.424394","2"
"1047","66000","387130000C","(04)23274275","(04)23288582","2026","1","3","17","11","臺中市","大里區","0","2","0","7","2","6","50","3","2","1","5","4","6","6","4","4","5","5","5","2","13","2","9","1","1","C03","7","9","1","10","2","11","14","7","7","1","6","4","120.699294","24.110029","2"
"1048","66000","387130000C","(04)23274275","(04)23288582","2026","1","3","17","11","臺中市","東勢區","0","0","0","7","","","30","","","","","","","","","","","","","","","","","","","B12","","","1","","1","","","12","12","1","12","4","120.825587","24.258861","3"
"1049","66000","387130000C","(04)23274275","(04)23288582","2026","1","3","17","13","臺中市","北區","0","0","0","7","","","50","","","","","","","","","","","","","","13","","","","","F02","","","7","","2","","","7","7","1","13","4","120.672032","24.170218","3"
"1050","66000","387130000C","(04)23274275","(04)23288582","2026","1","3","17","14","臺中市","北區","0","1","0","7","1","6","50","3","1","1","5","4","6","6","2","1","10","5","5","2","17","3","10","3","1","B03","7","6","1","8","2","2","","84","84","1","13","4","120.671934","24.163333","2"
"1051","66000","387130000C","(04)23274275","(04)23288582","2026","1","3","17","19","臺中市","北區","0","0","0","7","","","50","","","","","","","","","","","","","","17","","","","","C03","","","1","","2","","","42","42","1","13","4","120.684852","24.161928","3"
"1052","66000","387130000C","(04)23274275","(04)23288582","2026","1","3","17","20","臺中市","北區","0","2","0","7","2","6","50","4","1","1","5","4","6","6","4","4","10","2","5","2","16","2","9","1","1","C03","7","6","2","19","2","13","","84","84","1","13","4","120.69523","24.155269","2"
"1053","66000","387130000C","(04)23274275","(04)23288582","2026","1","3","17","22","臺中市","北屯區","0","1","0","7","1","6","50","13","5","1","5","4","6","6","4","4","10","4","4","2","16","3","10","3","1","B03","7","6","1","8","1","1","","48","48","1","6","4","120.715157","24.163597","2"
"1054","66000","387130000C","(04)23274275","(04)23288582","2026","1","3","17","24","臺中市","大里區","0","0","0","7","","","50","","","","","","","","","","","","","","2","","","","","B03","","","1","","2","","","47","47","1","13","4","120.677864","24.100701","3"
"1055","66000","387130000C","(04)23274275","(04)23288582","2026","1","3","17","24","臺中市","霧峰區","0","2","0","6","1","6","50","5","1","1","5","4","6","6","1","1","10","5","5","2","15","2","3","1","1","C03","7","9","1","10","2","11","","21","21","1","12","4","120.71324","24.077272","2"
"1056","66000","387130000C","(04)23274275","(04)23288582","2026","1","3","17","25","臺中市","大雅區","0","1","0","6","1","6","30","3","2","1","5","4","6","6","4","4","10","5","5","1","17","3","10","3","1","B03","7","6","1","8","2","5","","14","14","1","13","4","120.653059","24.211631","2"
"1057","66000","387130000C","(04)23274275","(04)23288582","2026","1","3","17","25","臺中市","西屯區","0","0","0","7","","","50","","","","","","","","","","","","","","16","","","","","B03","","","1","","1","","","40","40","1","12","4","120.651633","24.176049","3"
"1058","66000","387130000C","(04)23274275","(04)23288582","2026","1","3","17","25","臺中市","大里區","0","0","0","6","","","40","","","","","","","","","","","","","","17","","","","","C03","","","1","","2","","","1","1","1","13","4","120.695444","24.090851","3"
"1059","66000","387130000C","(04)23274275","(04)23288582","2026","1","3","17","25","臺中市","新社區","0","0","0","7","","","30","","","","","","","","","","","","","","","","","","","B03","","","1","","2","","","87","87","1","12","4","120.792217","24.214801","3"
"1060","66000","387130000C","(04)23274275","(04)23288582","2026","1","3","17","27","臺中市","北屯區","0","0","0","7","","","50","","","","","","","","","","","","","","13","","","","","C03","","","1","","1","","","7","7","1","6","4","120.711776","24.181765","3"
"1061","66000","387130000C","(04)23274275","(04)23288582","2026","1","3","17","28","臺中市","大里區","0","0","0","6","","","30","","","","","","","","","","","","","","17","","","","","C03","","","1","","1","","","84","84","1","13","4","120.708914","24.084552","3"
"1062","66000","387130000C","(04)23274275","(04)23288582","2026","1","3","17","30","臺中市","霧峰區","0","0","0","7","","","50","","","","","","","","","","","","","","","","","","","B03","","","1","","2","","","50","50","1","12","4","120.698583","24.064095","3"
"1063","66000","387130000C","(04)23274275","(04)23288582","2026","1","3","17","33","臺中市","南屯區","0","2","0","7","2","6","50","4","2","1","5","4","6","6","2","1","9","4","5","2","13","2","9","1","1","C03","7","9","1","10","2","11","","7","7","1","12","4","120.640457","24.146983","2"
"1064","66000","387130000C","(04)23274275","(04)23288582","2026","1","3","17","34","臺中市","西屯區","0","1","0","7","1","6","50","4","9","1","5","4","6","6","2","1","1","4","5","1","16","3","10","3","1","B03","7","6","1","8","1","5","","85","85","1","12","4","120.649533","24.16291","2"
"1065","66000","387130000C","(04)23274275","(04)23288582","2026","1","3","17","35","臺中市","沙鹿區","0","1","0","7","1","6","40","7","8","1","5","4","6","6","4","4","10","5","5","2","13","2","8","2","1","C03","7","9","1","10","2","11","","7","7","1","12","4","120.559169","24.241663","2"
"1066","66000","387130000C","(04)23274275","(04)23288582","2026","1","3","17","40","臺中市","北屯區","0","2","0","6","1","6","50","3","1","1","5","4","6","6","1","1","10","5","5","2","16","2","9","2","1","C03","7","6","1","10","2","12","","11","11","1","6","4","120.704597","24.171323","2"
"1067","66000","387130000C","(04)23274275","(04)23288582","2026","1","3","17","44","臺中市","烏日區","0","0","0","7","","","50","","","","","","","","","","","","","","16","","","","","B03","","","1","","2","","","12","12","1","6","4","120.598951","24.109936","3"
"1068","66000","387130000C","(04)23274275","(04)23288582","2026","1","3","17","46","臺中市","西屯區","0","0","0","7","","","50","","","","","","","","","","","","","","12","","","","","B03","","","5","","1","","","40","40","1","13","4","120.641094","24.173457","3"
"1069","66000","387130000C","(04)23274275","(04)23288582","2026","1","3","17","53","臺中市","南區","0","0","0","7","","","50","","","","","","","","","","","","","","9","","","","","B03","","","1","","2","","","51","51","1","12","4","120.682571","24.134469","3"
"1070","66000","387130000C","(04)23274275","(04)23288582","2026","1","3","17","54","臺中市","東區","0","1","0","7","1","6","50","5","1","1","5","4","6","6","4","4","9","4","4","2","17","2","8","1","1","C03","7","9","1","10","2","11","","7","7","1","12","4","120.684929","24.121949","2"
"1071","66000","387130000C","(04)23274275","(04)23288582","2026","1","3","17","55","臺中市","大肚區","0","0","0","7","","","50","","","","","","","","","","","","","","14","","","","","B03","","","1","","2","","","49","49","1","6","4","120.544552","24.153627","3"
"1072","66000","387130000C","(04)23274275","(04)23288582","2026","1","3","18","5","臺中市","南區","0","0","0","7","","","50","","","","","","","","","","","","","","","","","","","B03","","","1","","1","","","7","7","1","6","4","120.67519","24.125072","4"
"1073","66000","387130000C","(04)23274275","(04)23288582","2026","1","3","18","6","臺中市","西區","0","0","0","6","","","40","","","","","","","","","","","","","","","","","","","C03","","","1","","1","","","7","7","1","12","4","120.659381","24.156233","3"
"1074","66000","387130000C","(04)23274275","(04)23288582","2026","1","3","18","7","臺中市","東區","0","2","0","7","1","6","50","4","1","1","5","4","6","6","1","1","10","5","5","2","17","2","9","5","4","C03","7","15","1","10","2","11","","84","84","1","12","4","120.694463","24.142755","2"
"1075","66000","387130000C","(04)23274275","(04)23288582","2026","1","3","18","9","臺中市","北屯區","0","1","0","7","1","6","50","13","9","1","5","4","6","6","4","4","1","4","5","2","18","2","9","1","1","C03","7","9","1","10","2","12","","59","59","1","6","4","120.699298","24.175268","2"
"1076","66000","387130000C","(04)23274275","(04)23288582","2026","1","3","18","10","臺中市","大雅區","0","1","0","7","3","6","60","4","2","1","5","4","6","6","1","1","5","2","5","1","18","2","9","1","1","C03","7","5","1","10","2","12","","84","84","1","12","4","120.648745","24.217915","2"
"1077","66000","387130000C","(04)23274275","(04)23288582","2026","1","3","18","10","臺中市","南屯區","0","1","0","7","1","6","0","13","21","1","5","4","6","6","4","4","10","5","5","2","18","2","9","1","1","F01","7","9","7","21","2","11","","59","59","1","12","4","120.64687","24.152197","2"
"1078","66000","387130000C","(04)23274275","(04)23288582","2026","1","3","18","10","臺中市","北屯區","0","0","0","7","","","50","","","","","","","","","","","","","","","","","","","B03","","","1","","2","","","40","42","1","6","4","120.685339","24.167014","3"
"1079","66000","387130000C","(04)23274275","(04)23288582","2026","1","3","18","12","臺中市","南屯區","0","0","0","7","","","50","","","","","","","","","","","","","","","","","","","B03","","","1","","1","","","40","40","1","13","4","120.646756","24.139532","3"
"1080","66000","387130000C","(04)23274275","(04)23288582","2026","1","3","18","12","臺中市","西屯區","0","1","0","7","1","6","50","13","9","1","5","4","6","6","4","4","10","5","5","2","13","2","8","2","4","C03","7","9","3","19","2","14","","8","8","1","13","4","120.628919","24.203509","2"
"1081","66000","387130000C","(04)23274275","(04)23288582","2026","1","3","18","14","臺中市","南區","0","1","0","7","1","6","50","13","7","1","5","4","6","6","4","4","9","5","4","2","3","2","8","6","5","H01","8","16","7","21","10","17","","95","95","1","12","5","120.681831","24.129572","2"
"1082","66000","387130000C","(04)23274275","(04)23288582","2026","1","3","18","15","臺中市","太平區","0","1","0","7","1","6","50","4","1","1","5","4","6","6","2","1","10","5","5","2","16","2","9","2","1","C03","7","6","1","10","2","14","","48","48","1","12","4","120.722525","24.142371","2"
"1083","66000","387130000C","(04)23274275","(04)23288582","2026","1","3","18","15","臺中市","龍井區","0","0","0","7","","","50","","","","","","","","","","","","","","","","","","","B03","","","1","","2","","","85","85","1","6","4","120.549778","24.190397","3"
"1084","66000","387130000C","(04)23274275","(04)23288582","2026","1","3","18","17","臺中市","西區","0","1","0","7","1","6","50","4","1","1","5","4","6","6","4","4","10","5","5","2","17","3","10","5","4","B03","7","9","1","8","2","8","","34","34","1","13","4","120.66016","24.14903","2"
"1085","66000","387130000C","(04)23274275","(04)23288582","2026","1","3","18","24","臺中市","豐原區","0","1","0","7","1","6","50","13","9","1","5","4","6","6","4","4","1","4","5","1","13","2","9","5","4","F03","7","9","7","21","2","11","","58","58","1","12","4","120.728938","24.251518","2"
"1086","66000","387130000C","(04)23274275","(04)23288582","2026","1","3","18","25","臺中市","北屯區","0","1","0","7","1","6","50","4","1","1","5","4","6","6","4","4","10","5","5","2","15","3","10","3","1","B03","7","9","1","8","2","5","","12","12","1","6","4","120.673379","24.181453","2"
"1087","66000","387130000C","(04)23274275","(04)23288582","2026","1","3","18","26","臺中市","西屯區","0","0","0","7","","3","40","","","","","","","","","","","","","","13","","","","","B03","","","1","","1","","","7","7","1","12","4","120.627494","24.160626","3"
"1088","66000","387130000C","(04)23274275","(04)23288582","2026","1","3","18","29","臺中市","南屯區","0","2","0","7","1","6","50","4","1","1","5","4","1","6","2","1","1","5","5","2","17","2","9","1","1","C03","7","9","1","10","2","11","","84","84","1","6","4","120.633263","24.131361","2"
"1089","66000","387130000C","(04)23274275","(04)23288582","2026","1","3","18","29","臺中市","北屯區","0","1","0","6","1","6","50","4","1","1","5","4","6","6","2","1","10","5","5","2","13","3","10","2","1","C03","7","9","1","10","2","11","","84","84","1","6","4","120.6888","24.181816","2"
"1090","66000","387130000C","(04)23274275","(04)23288582","2026","1","3","18","30","臺中市","北屯區","0","0","0","7","","","50","","","","","","","","","","","","","","14","","","","","B03","","","1","","2","","","49","49","1","6","4","120.68619","24.179749","3"
"1091","66000","387130000C","(04)23274275","(04)23288582","2026","1","3","18","33","臺中市","北屯區","0","0","0","7","","3","40","","","","","","","","","","","","","","","","","","","B03","","","1","","1","","","7","7","1","6","4","120.680093","24.20121","3"
"1092","66000","387130000C","(04)23274275","(04)23288582","2026","1","3","18","34","臺中市","潭子區","0","1","0","6","1","6","50","13","9","1","5","4","6","6","4","4","9","5","5","2","17","3","10","3","1","B03","7","4","1","8","2","2","","85","85","1","13","4","120.699332","24.198954","2"
"1093","66000","387130000C","(04)23274275","(04)23288582","2026","1","3","18","42","臺中市","北屯區","0","0","0","7","","","50","","","","","","","","","","","","","","13","","","","","B03","","","1","","1","","","7","7","1","6","4","120.703886","24.169496","4"
"1094","66000","387130000C","(04)23274275","(04)23288582","2026","1","3","18","46","臺中市","西屯區","0","0","0","7","","","50","","","","","","","","","","","","","","16","","","","","B03","","","1","","1","","","47","47","1","12","4","120.647769","24.196046","3"
"1095","66000","387130000C","(04)23274275","(04)23288582","2026","1","3","18","47","臺中市","潭子區","0","1","0","6","1","6","50","3","2","1","5","4","6","6","3","1","1","4","4","1","17","3","10","3","1","B03","7","1","1","8","2","4","","51","51","1","13","4","120.692352","24.215669","2"
"1096","66000","387130000C","(04)23274275","(04)23288582","2026","1","3","18","47","臺中市","西屯區","0","0","0","7","","","60","","","","","","","","","","","","","","13","","","","","B03","","","1","","1","","","7","7","1","12","4","120.639455","24.168413","3"
"1097","66000","387130000C","(04)23274275","(04)23288582","2026","1","3","18","48","臺中市","西區","0","0","0","7","","","50","","","","","","","","","","","","","","","","","","","B03","","","1","","2","","","50","50","1","12","4","120.671169","24.14069","3"
"1098","66000","387130000C","(04)23274275","(04)23288582","2026","1","3","18","48","臺中市","東區","0","1","0","7","1","6","50","4","1","1","5","4","6","6","1","1","10","5","5","2","16","3","10","3","1","B03","7","6","1","8","2","2","","48","48","1","12","4","120.694273","24.151635","2"
"1099","66000","387130000C","(04)23274275","(04)23288582","2026","1","3","18","50","臺中市","霧峰區","0","0","0","7","","","50","","","","","","","","","","","","","","","","","","","C03","","","1","","2","","","59","59","1","12","4","120.69879","24.06514","3"
"1100","66000","387130000C","(04)23274275","(04)23288582","2026","1","3","18","52","臺中市","南屯區","0","1","0","7","2","6","50","4","1","1","5","4","6","6","1","1","9","5","5","2","18","2","9","1","1","C03","7","9","1","10","2","14","","59","59","1","12","4","120.643815","24.137086","2"
"1101","66000","387130000C","(04)23274275","(04)23288582","2026","1","3","18","59","臺中市","烏日區","0","0","0","7","","","50","","","","","","","","","","","","","","","","","","","B03","","","1","","2","","","7","7","1","13","4","120.645706","24.110071","3"
"1102","66000","387130000C","(04)23274275","(04)23288582","2026","1","3","19","3","臺中市","南區","0","0","0","7","","","50","","","","","","","","","","","","","","9","","","","","B03","","","1","","9","","","49","49","1","12","4","120.666516","24.116795","3"
"1103","66000","387130000C","(04)23274275","(04)23288582","2026","1","3","19","4","臺中市","大里區","0","0","0","7","","","50","","","","","","","","","","","","","","17","","","","","B12","","","1","","9","","","49","49","2","12","4","120.728568","24.090661","3"
"1104","66000","387130000C","(04)23274275","(04)23288582","2026","1","3","19","5","臺中市","東區","0","1","0","7","2","6","50","4","2","1","5","4","6","6","1","1","9","4","5","2","17","2","9","2","1","C03","7","9","1","10","3","11","","7","7","1","12","4","120.698794","24.133547","2"
"1105","66000","387130000C","(04)23274275","(04)23288582","2026","1","3","19","6","臺中市","沙鹿區","0","0","0","7","","","50","","","","","","","","","","","","","","13","","","","","B03","","","1","","2","","","7","7","1","7","4","120.569992","24.238944","3"
"1106","66000","387130000C","(04)23274275","(04)23288582","2026","1","3","19","8","臺中市","西區","0","1","0","6","1","6","30","13","9","1","5","4","6","6","4","4","10","5","5","2","17","3","10","3","1","B03","7","9","1","8","2","2","","8","8","1","12","4","120.660634","24.150255","2"
"1107","66000","387130000C","(04)23274275","(04)23288582","2026","1","3","19","9","臺中市","西屯區","0","0","0","7","","","50","","","","","","","","","","","","","","16","","","","","B03","","","1","","1","","","47","47","1","12","4","120.639076","24.159008","3"