序號,縣市別代碼,機關代碼,市話,傳真,年,月,日,時,分,縣市,區,死亡數量,受傷數量,2-30,天候,道路照明設備,道路類別,道路速限,道路型態,事故位置,路面鋪裝,路面狀態,路面缺陷,障礙物,視距,號誌種類,號誌動作,分向設施,快車道或一般車道間,快慢車道間,路面邊線,事故類型及型態,受傷程度,主要傷處,保護裝備,行動電話或功能裝置,當事者區分(類別),車輛用途,當事者行動狀態,駕照狀態,駕照種類,飲酒情形,車輛撞擊部位最初,車輛撞擊部位其他,肇事因素個別,肇事因素主要,肇事逃逸,職業,共享經濟或外送平台,GPS座標X,GPS座標Y,事故類別
"1108","66000","387130000C","(04)23274275","(04)23288582","2026","1","3","19","12","臺中市","南區","0","2","0","7","3","6","50","4","1","1","5","4","6","6","2","1","3","4","4","2","13","2","9","2","1","C03","7","9","1","10","2","11","","59","59","1","6","4","120.661825","24.121832","2"
"1109","66000","387130000C","(04)23274275","(04)23288582","2026","1","3","19","13","臺中市","大雅區","0","3","0","7","3","6","50","3","2","1","5","4","6","6","1","1","5","2","4","1","17","2","9","1","1","C03","7","8","1","10","2","13","","40","40","1","12","4","120.655606","24.220927","2"
"1110","66000","387130000C","(04)23274275","(04)23288582","2026","1","3","19","15","臺中市","大甲區","0","0","0","7","","","50","","","","","","","","","","","","","","","","","","","B03","","","1","","1","","","51","51","1","12","4","120.623724","24.340879","3"
"1111","66000","387130000C","(04)23274275","(04)23288582","2026","1","3","19","27","臺中市","太平區","0","0","0","7","","","50","","","","","","","","","","","","","","13","","","","","B03","","","1","","1","","","59","59","1","12","4","120.712191","24.155358","3"
"1112","66000","387130000C","(04)23274275","(04)23288582","2026","1","3","19","27","臺中市","清水區","0","0","0","7","","","40","","","","","","","","","","","","","","13","","","","","B03","","","1","","1","","","58","58","1","13","4","120.550812","24.281047","3"
"1113","66000","387130000C","(04)23274275","(04)23288582","2026","1","3","19","36","臺中市","北屯區","0","2","0","7","1","6","50","13","9","1","5","4","6","6","4","4","5","5","5","2","13","2","8","1","1","C03","7","9","1","10","1","11","","7","7","1","6","4","120.709763","24.166945","2"
"1114","66000","387130000C","(04)23274275","(04)23288582","2026","1","3","19","39","臺中市","中區","0","1","0","7","1","6","50","4","1","1","5","4","6","6","1","1","9","4","4","2","11","3","10","3","1","B03","7","5","1","8","2","6","","20","20","1","12","4","120.678296","24.146743","2"
"1115","66000","387130000C","(04)23274275","(04)23288582","2026","1","3","19","58","臺中市","太平區","0","0","0","7","","","30","","","","","","","","","","","","","","14","","","","","B03","","","1","","2","","","49","49","1","13","4","120.712339","24.154983","3"
"1116","66000","387130000C","(04)23274275","(04)23288582","2026","1","3","19","58","臺中市","太平區","0","2","0","7","1","6","50","13","7","1","5","4","6","6","4","4","5","5","4","2","3","2","9","6","5","H01","8","16","7","21","10","17","","95","95","1","12","5","120.733424","24.152539","2"
"1117","66000","387130000C","(04)23274275","(04)23288582","2026","1","3","20","0","臺中市","北屯區","0","1","0","7","3","6","50","3","1","1","5","4","6","6","1","1","10","5","5","2","17","3","10","3","1","B03","7","1","1","8","2","1","","51","51","1","6","4","120.708226","24.170284","2"
"1118","66000","387130000C","(04)23274275","(04)23288582","2026","1","3","20","7","臺中市","北屯區","0","0","0","7","","","50","","","","","","","","","","","","","","12","","","","","B03","","","1","8","2","","","84","84","1","6","4","120.707586","24.196961","3"
"1119","66000","387130000C","(04)23274275","(04)23288582","2026","1","3","20","22","臺中市","北區","0","0","0","7","","","50","","","","","","","","","","","","","","17","","","","","C03","","","1","","1","","","7","7","1","13","4","120.674717","24.146483","3"
"1120","66000","387130000C","(04)23274275","(04)23288582","2026","1","3","20","25","臺中市","霧峰區","0","0","0","7","","","50","","","","","","","","","","","","","","","","","","","B12","","","1","","2","","","45","45","1","12","4","120.666891","24.026774","3"
"1121","66000","387130000C","(04)23274275","(04)23288582","2026","1","3","20","28","臺中市","太平區","0","0","0","7","","","50","","","","","","","","","","","","","","17","","","","","B12","","","1","","2","","","84","84","1","12","4","120.712666","24.142991","3"
"1122","66000","387130000C","(04)23274275","(04)23288582","2026","1","3","20","30","臺中市","西區","0","0","0","7","","","0","","","","","","","","","","","","","","","","","","","C03","","","1","10","2","","","84","84","1","13","4","120.661833","24.132569","3"
"1123","66000","387130000C","(04)23274275","(04)23288582","2026","1","3","20","31","臺中市","霧峰區","0","1","0","6","3","6","30","3","2","1","5","4","6","6","4","4","10","5","5","1","17","3","10","3","1","B03","7","2","1","8","2","3","","49","49","1","12","4","120.679615","24.063992","2"
"1124","66000","387130000C","(04)23274275","(04)23288582","2026","1","3","20","43","臺中市","東區","0","0","0","7","","","50","","","","","","","","","","","","","","","","","","","B03","","","1","","1","","","7","7","1","12","4","120.708245","24.135807","3"
"1125","66000","387130000C","(04)23274275","(04)23288582","2026","1","3","20","54","臺中市","大雅區","0","0","0","6","","","30","","","","","","","","","","","","","","","","","","","B03","","","1","","1","","","49","49","1","13","4","120.667102","24.238903","3"
"1126","66000","387130000C","(04)23274275","(04)23288582","2026","1","3","20","58","臺中市","大里區","0","1","0","7","1","6","50","13","9","1","5","4","6","6","4","4","1","4","5","1","17","3","10","3","1","B03","7","1","1","8","2","8","","51","51","1","13","4","120.681489","24.103274","2"
"1127","66000","387130000C","(04)23274275","(04)23288582","2026","1","3","21","0","臺中市","梧棲區","0","0","0","7","","","40","","","","","","","","","","","","","","13","","","","","B03","","","1","","1","","","7","7","1","6","4","120.551923","24.244608","3"
"1128","66000","387130000C","(04)23274275","(04)23288582","2026","1","3","21","11","臺中市","太平區","0","0","0","7","","","50","","","","","","","","","","","","","","","","","","","B03","","","1","","9","","","8","8","1","12","4","120.714558","24.122959","3"
"1129","66000","387130000C","(04)23274275","(04)23288582","2026","1","3","21","18","臺中市","西屯區","0","1","0","7","1","6","50","4","1","1","5","4","6","6","2","1","10","5","5","2","12","3","10","5","4","B03","7","8","1","8","1","7","","40","40","2","12","4","120.637469","24.185686","2"
"1130","66000","387130000C","(04)23274275","(04)23288582","2026","1","3","21","22","臺中市","梧棲區","0","0","0","7","","","50","","","","","","","","","","","","","","28","","","","","","","","","","","","","118","118","1","","5","120.546713","24.260592","3"
"1131","66000","387130000C","(04)23274275","(04)23288582","2026","1","3","21","32","臺中市","南區","0","1","0","7","1","6","50","3","8","1","5","4","6","6","4","4","1","4","4","2","16","3","10","3","1","B03","7","5","1","8","2","5","","84","84","1","12","4","120.661495","24.120019","2"
"1132","66000","387130000C","(04)23274275","(04)23288582","2026","1","3","21","40","臺中市","烏日區","0","1","0","7","2","6","60","5","1","1","5","4","6","6","1","1","1","3","4","1","23","2","9","3","1","B03","7","9","3","19","2","5","","84","84","1","6","4","120.643961","24.093221","2"
"1133","66000","387130000C","(04)23274275","(04)23288582","2026","1","3","21","44","臺中市","北區","0","1","0","7","1","6","50","13","9","1","5","4","6","6","1","1","5","5","5","2","12","2","9","6","1","F01","7","8","7","21","2","14","","40","40","1","13","4","120.680854","24.147206","2"
"1134","66000","387130000C","(04)23274275","(04)23288582","2026","1","3","21","48","臺中市","西屯區","0","0","0","7","","","50","","","","","","","","","","","","","","12","","","","","B03","","","1","","1","","","8","8","1","12","4","120.588851","24.184813","3"
"1135","66000","387130000C","(04)23274275","(04)23288582","2026","1","3","21","50","臺中市","梧棲區","0","0","0","7","","","50","","","","","","","","","","","","","","17","","","","","B12","","","1","","1","","","7","7","1","6","4","120.53852","24.24843","4"
"1136","66000","387130000C","(04)23274275","(04)23288582","2026","1","3","21","59","臺中市","沙鹿區","0","1","0","7","2","6","30","11","9","1","5","4","6","6","4","4","10","5","5","2","25","2","7","1","1","C03","7","9","1","10","2","11","14","59","59","1","6","4","120.572378","24.235759","2"
"1137","66000","387130000C","(04)23274275","(04)23288582","2026","1","3","22","0","臺中市","北區","0","0","0","7","","","50","","","","","","","","","","","","","","17","","","","","B03","","","1","","1","","","87","87","1","13","4","120.683534","24.158712","3"
"1138","66000","387130000C","(04)23274275","(04)23288582","2026","1","3","22","2","臺中市","南屯區","0","2","0","7","1","6","50","4","1","1","5","4","6","6","1","1","10","5","5","2","17","2","9","2","1","C03","7","6","1","10","2","14","","20","20","1","13","4","120.64985","24.143959","2"
"1139","66000","387130000C","(04)23274275","(04)23288582","2026","1","3","22","14","臺中市","西區","0","1","0","7","1","6","50","4","1","1","5","4","6","6","4","4","8","5","5","2","16","2","9","2","1","C04","7","6","1","11","2","14","","14","14","1","12","4","120.658773","24.13867","2"
"1140","66000","387130000C","(04)23274275","(04)23288582","2026","1","3","22","23","臺中市","西屯區","0","1","0","7","1","6","50","5","9","1","5","4","6","6","4","4","5","5","5","2","17","2","9","5","4","C03","7","9","1","10","2","14","","59","59","1","12","4","120.66848","24.175551","2"
"1141","66000","387130000C","(04)23274275","(04)23288582","2026","1","3","22","24","臺中市","北屯區","0","0","0","7","","","50","","","","","","","","","","","","","","14","","","","","B03","","","1","","1","","","49","49","1","6","4","120.664573","24.183833","4"
"1142","66000","387130000C","(04)23274275","(04)23288582","2026","1","3","22","30","臺中市","北屯區","0","2","0","7","1","6","50","4","1","1","5","4","6","6","1","1","10","5","5","2","16","3","10","3","1","B03","7","6","1","8","2","6","","11","11","1","6","4","120.690746","24.163","2"
"1143","66000","387130000C","(04)23274275","(04)23288582","2026","1","3","22","40","臺中市","北區","0","1","0","7","1","6","50","13","9","1","5","4","6","6","1","1","5","4","5","2","13","3","10","1","1","C03","7","9","1","10","2","11","","7","7","1","13","4","120.670477","24.166862","2"
"1144","66000","387130000C","(04)23274275","(04)23288582","2026","1","3","22","42","臺中市","南屯區","0","1","0","7","1","6","50","13","9","1","5","4","6","6","4","4","5","5","4","2","12","3","10","3","1","B03","7","5","3","19","2","2","","47","47","1","12","4","120.64328","24.144889","2"
"1145","66000","387130000C","(04)23274275","(04)23288582","2026","1","3","22","42","臺中市","后里區","0","0","0","7","1","6","50","13","14","1","5","4","6","6","4","4","5","5","5","1","13","3","10","3","1","B03","7","9","1","8","2","2","","8","8","1","12","4","120.725632","24.309028","3"
"1146","66000","387130000C","(04)23274275","(04)23288582","2026","1","3","22","43","臺中市","西屯區","0","2","0","7","1","6","40","3","1","1","5","4","6","6","1","1","10","5","5","2","17","2","9","5","4","C03","7","6","1","10","2","14","","7","7","1","12","4","120.634101","24.174371","2"
"1147","66000","387130000C","(04)23274275","(04)23288582","2026","1","3","22","44","臺中市","龍井區","0","1","0","7","1","6","50","11","9","1","5","4","6","6","4","4","5","5","5","1","18","2","9","2","1","C03","7","9","1","10","2","11","","87","87","1","12","4","120.56088","24.191761","2"
"1148","66000","387130000C","(04)23274275","(04)23288582","2026","1","3","23","9","臺中市","南屯區","0","1","0","7","1","6","50","4","1","1","5","4","6","6","1","1","5","5","5","2","16","3","10","1","1","C03","7","6","1","10","1","11","","11","11","1","12","4","120.651295","24.14679","2"
"1149","66000","387130000C","(04)23274275","(04)23288582","2026","1","3","23","30","臺中市","大里區","0","1","0","7","1","6","50","4","2","1","5","4","6","6","1","1","10","5","5","1","16","2","9","2","1","C03","7","6","1","10","2","14","","23","23","1","12","4","120.70165","24.110904","2"
"1150","66000","387130000C","(04)23274275","(04)23288582","2026","1","3","23","43","臺中市","南屯區","0","1","0","7","1","6","50","13","8","1","5","4","6","6","4","4","3","4","5","2","18","2","9","1","1","C03","7","9","1","10","2","14","","59","59","1","12","4","120.598422","24.155204","2"
"1151","66000","387130000C","(04)23274275","(04)23288582","2026","1","3","23","54","臺中市","豐原區","0","0","0","7","","","30","","","","","","","","","","","","","","25","","","","","B03","","","1","","2","","","59","59","1","13","4","120.724186","24.237928","3"
"1152","66000","387130000C","(04)23274275","(04)23288582","2026","1","3","23","59","臺中市","豐原區","0","1","0","7","1","6","30","11","9","1","5","4","6","6","4","4","5","5","5","1","17","2","9","2","1","C03","7","9","2","19","2","15","","82","82","1","13","4","120.749581","24.25502","2"
"1153","66000","387130000C","(04)23274275","(04)23288582","2026","1","4","0","2","臺中市","北區","0","0","0","7","","","40","","","","","","","","","","","","","","16","","","","","B01","","","1","","1","","","45","45","1","12","4","120.684133","24.148203","3"
"1154","66000","387130000C","(04)23274275","(04)23288582","2026","1","4","0","3","臺中市","北屯區","0","0","0","7","","","50","","","","","","","","","","","","","","30","","","","","B03","","","1","","1","","","84","84","1","6","4","120.693521","24.164108","3"
"1155","66000","387130000C","(04)23274275","(04)23288582","2026","1","4","0","37","臺中市","大里區","0","1","0","7","1","6","50","3","2","1","5","4","6","6","1","1","7","2","5","1","12","3","10","3","1","B03","7","4","1","8","2","5","","84","84","1","13","4","120.692576","24.090758","2"
"1156","66000","387130000C","(04)23274275","(04)23288582","2026","1","4","0","47","臺中市","南屯區","0","1","0","7","1","6","50","13","9","1","5","4","6","6","1","1","1","4","5","2","12","3","10","3","1","B03","7","5","1","8","2","2","","84","84","1","12","4","120.646248","24.129589","2"
"1157","66000","387130000C","(04)23274275","(04)23288582","2026","1","4","0","50","臺中市","太平區","0","0","0","7","","","50","","","","","","","","","","","","","","","","","","","B03","","","1","","2","","","84","84","1","12","4","120.717334","24.123614","3"
"1158","66000","387130000C","(04)23274275","(04)23288582","2026","1","4","0","58","臺中市","北區","0","0","0","7","","","50","","","","","","","","","","","","","","17","","","","","B03","","","1","","1","","","35","35","1","13","4","120.686504","24.146274","3"
"1159","66000","387130000C","(04)23274275","(04)23288582","2026","1","4","1","23","臺中市","龍井區","0","1","0","7","1","6","50","13","9","1","5","4","6","6","4","4","9","5","5","1","16","3","10","1","1","C02","7","9","1","9","2","14","","7","7","1","6","4","120.582297","24.177854","2"
"1160","66000","387130000C","(04)23274275","(04)23288582","2026","1","4","1","50","臺中市","南屯區","0","0","0","7","1","6","50","13","9","1","5","4","6","6","1","1","3","4","5","2","13","","","","","B03","","","1","","1","","","59","59","1","12","4","120.646923","24.139871","3"
"1161","66000","387130000C","(04)23274275","(04)23288582","2026","1","4","2","10","臺中市","西區","0","1","0","6","1","6","50","4","1","1","5","4","6","6","1","1","10","5","5","2","17","4","11","5","4","B03","7","6","6","20","11","15","","85","85","1","13","4","120.652948","24.148791","2"
"1162","66000","387130000C","(04)23274275","(04)23288582","2026","1","4","2","15","臺中市","南屯區","0","1","0","7","1","6","50","4","1","1","5","4","6","6","2","1","1","2","4","2","12","3","10","5","4","B03","7","11","1","8","2","8","","45","45","1","13","4","120.635273","24.15115","2"
"1163","66000","387130000C","(04)23274275","(04)23288582","2026","1","4","4","45","臺中市","北屯區","0","0","0","7","","","50","","","","","","","","","","","","","","14","","","","","B03","","","1","","1","","","49","49","1","12","4","120.687327","24.188666","3"
"1164","66000","387130000C","(04)23274275","(04)23288582","2026","1","4","4","50","臺中市","北區","0","0","0","7","","","50","","","","","","","","","","","","","","14","","","","","B12","","","1","","9","","","49","49","2","13","4","120.678906","24.152488","3"
"1165","66000","387130000C","(04)23274275","(04)23288582","2026","1","4","5","21","臺中市","中區","0","0","0","7","1","6","50","4","2","1","5","4","6","6","2","1","10","5","5","2","14","3","10","3","1","B03","7","2","1","8","7","7","","49","49","1","12","4","120.682919","24.139279","3"
"1166","66000","387130000C","(04)23274275","(04)23288582","2026","1","4","5","30","臺中市","龍井區","0","1","0","7","1","6","50","13","9","1","5","4","6","6","4","4","9","5","5","1","30","2","9","1","1","C03","7","9","1","10","2","11","","85","85","1","6","4","120.586884","24.188177","2"
"1167","66000","387130000C","(04)23274275","(04)23288582","2026","1","4","5","52","臺中市","大雅區","0","0","0","7","","","30","","","","","","","","","","","","","","17","","","","","B03","","","1","","2","","","51","51","1","13","4","120.662959","24.220241","3"
"1168","66000","387130000C","(04)23274275","(04)23288582","2026","1","4","5","57","臺中市","太平區","0","1","0","7","1","6","50","13","8","1","5","4","6","6","4","4","5","5","4","1","17","3","10","3","1","B12","7","1","1","8","9","8","","51","51","2","12","4","120.725089","24.149795","2"
"1169","66000","387130000C","(04)23274275","(04)23288582","2026","1","4","6","7","臺中市","太平區","0","0","0","7","","3","80","","","","","","","","","","","","","","","","","","","B03","","","1","","2","","","58","58","1","12","4","120.7168","24.154347","3"
"1170","66000","387130000C","(04)23274275","(04)23288582","2026","1","4","6","23","臺中市","南區","0","0","0","7","","","","","","","","","","","","","","","","","","","","","","","","","","","","","","86","86","1","","","120.683071","24.131531","3"
"1171","66000","387130000C","(04)23274275","(04)23288582","2026","1","4","6","58","臺中市","北屯區","0","2","0","7","2","6","50","13","7","1","5","4","6","6","4","4","5","5","4","2","17","2","9","1","1","C03","7","1","1","10","2","14","","51","51","1","12","4","120.667782","24.178212","2"
"1172","66000","387130000C","(04)23274275","(04)23288582","2026","1","4","7","15","臺中市","太平區","0","0","0","7","2","6","50","","","","","","","","","","","","","","","","","","","C03","","","1","","2","14","","40","40","1","12","4","120.704551","24.148473","3"
"1173","66000","387130000C","(04)23274275","(04)23288582","2026","1","4","7","22","臺中市","烏日區","0","0","0","7","","","50","","","","","","","","","","","","","","17","","","","","B03","","","1","","1","","","48","48","1","13","4","120.621709","24.10635","3"
"1174","66000","387130000C","(04)23274275","(04)23288582","2026","1","4","7","37","臺中市","石岡區","0","2","0","7","2","6","30","3","2","1","5","4","6","6","4","4","5","5","5","1","16","2","8","1","1","C03","7","5","1","10","2","14","","12","12","1","12","4","120.814516","24.253633","2"
"1175","66000","387130000C","(04)23274275","(04)23288582","2026","1","4","7","44","臺中市","西屯區","0","0","0","7","","","50","","","","","","","","","","","","","","13","","","","","B03","","","1","","1","","","56","56","1","12","4","120.624383","24.178531","3"
"1176","66000","387130000C","(04)23274275","(04)23288582","2026","1","4","7","45","臺中市","大里區","0","2","0","7","2","6","50","3","1","1","5","4","6","6","4","4","5","5","5","1","17","2","9","1","1","C03","7","1","3","19","2","11","","51","51","1","13","4","120.700232","24.110254","2"
"1177","66000","387130000C","(04)23274275","(04)23288582","2026","1","4","7","47","臺中市","北屯區","0","0","0","7","","","50","","","","","","","","","","","","","","16","","","","","C03","","","1","","1","","","39","39","1","13","4","120.680447","24.196568","3"
"1178","66000","387130000C","(04)23274275","(04)23288582","2026","1","4","7","51","臺中市","大里區","0","1","0","7","2","6","50","4","9","1","5","4","6","6","1","1","10","5","5","2","17","2","9","1","1","C03","7","6","1","10","2","14","","48","48","1","12","4","120.687923","24.094491","2"
"1179","66000","387130000C","(04)23274275","(04)23288582","2026","1","4","7","56","臺中市","沙鹿區","0","1","0","7","2","6","50","4","1","1","5","4","6","6","4","4","10","5","5","2","15","3","10","3","1","B03","7","9","1","8","2","1","","15","15","1","6","4","120.561489","24.245335","2"
"1180","66000","387130000C","(04)23274275","(04)23288582","2026","1","4","8","0","臺中市","西區","0","2","0","7","3","6","50","4","1","1","5","4","6","6","4","4","10","5","5","2","16","2","8","1","1","C04","7","6","1","11","2","11","","48","48","1","12","4","120.659462","24.147877","2"
"1181","66000","387130000C","(04)23274275","(04)23288582","2026","1","4","8","3","臺中市","沙鹿區","0","1","0","7","2","6","30","4","1","1","5","4","6","6","4","4","10","5","5","2","15","3","10","3","1","B03","7","9","1","7","2","2","","15","15","1","6","4","120.567353","24.250618","2"
"1182","66000","387130000C","(04)23274275","(04)23288582","2026","1","4","8","8","臺中市","潭子區","0","1","0","7","3","6","30","3","2","1","5","4","6","6","4","4","10","5","5","1","17","2","9","2","1","C03","7","9","1","10","2","14","","84","84","1","13","4","120.727395","24.198652","2"
"1183","66000","387130000C","(04)23274275","(04)23288582","2026","1","4","8","16","臺中市","梧棲區","0","0","0","7","","","50","","","","","","","","","","","","","","17","","","","","B03","","","1","","1","","","50","50","1","12","4","120.533309","24.264102","3"
"1184","66000","387130000C","(04)23274275","(04)23288582","2026","1","4","8","20","臺中市","北屯區","0","0","0","7","","","50","","","","","","","","","","","","","","13","","","","","B03","","","1","","2","","","7","7","1","6","4","120.685498","24.172177","3"
"1185","66000","387130000C","(04)23274275","(04)23288582","2026","1","4","8","26","臺中市","中區","0","0","0","7","","","50","","","","","","","","","","","","","","","","","","","B03","","","1","","1","","","84","84","1","6","4","120.680479","24.138941","3"
"1186","66000","387130000C","(04)23274275","(04)23288582","2026","1","4","8","30","臺中市","南區","0","0","0","7","","","50","","","","","","","","","","","","","","","","","","","B03","","","1","","9","","","84","84","1","12","4","120.684027","24.127099","3"
"1187","66000","387130000C","(04)23274275","(04)23288582","2026","1","4","8","39","臺中市","霧峰區","0","1","0","7","2","6","50","4","2","1","5","4","6","6","1","1","5","5","5","2","17","2","9","1","1","C03","7","9","1","10","2","12","","84","84","1","12","4","120.69753","24.062217","2"
"1188","66000","387130000C","(04)23274275","(04)23288582","2026","1","4","8","41","臺中市","北區","0","1","0","7","3","6","50","4","2","1","5","4","6","6","3","1","5","4","5","2","13","2","9","5","4","C03","7","9","1","10","2","11","","8","8","1","13","4","120.666417","24.158944","2"
"1189","66000","387130000C","(04)23274275","(04)23288582","2026","1","4","8","45","臺中市","神岡區","0","0","0","7","1","6","50","4","1","1","5","4","6","6","4","4","9","5","4","2","12","3","10","1","1","C03","7","1","1","10","2","11","","51","51","1","12","4","120.6593","24.257032","4"
"1190","66000","387130000C","(04)23274275","(04)23288582","2026","1","4","8","48","臺中市","南屯區","0","1","0","7","3","6","50","4","1","1","5","4","6","6","1","1","10","5","5","2","17","2","9","1","1","C03","7","9","1","10","2","14","","84","84","1","12","4","120.65132","24.147768","2"
"1191","66000","387130000C","(04)23274275","(04)23288582","2026","1","4","8","49","臺中市","太平區","0","1","0","7","2","6","50","4","1","1","5","4","6","6","1","1","10","5","5","2","16","3","10","3","1","B03","7","5","1","8","9","6","","11","11","2","12","4","120.721477","24.142662","2"
"1192","66000","387130000C","(04)23274275","(04)23288582","2026","1","4","8","50","臺中市","西屯區","0","0","0","7","","","50","","","","","","","","","","","","","","14","","","","","B03","","","1","","1","","","84","84","1","12","4","120.601598","24.186998","3"
"1193","66000","387130000C","(04)23274275","(04)23288582","2026","1","4","8","57","臺中市","外埔區","0","1","0","7","3","6","50","4","9","1","5","4","6","6","4","4","5","4","5","1","17","2","9","1","1","C03","7","9","3","19","1","11","","6","6","1","6","4","120.632319","24.332967","2"
"1194","66000","387130000C","(04)23274275","(04)23288582","2026","1","4","9","6","臺中市","北屯區","0","0","0","7","","","50","","","","","","","","","","","","","","12","","","","","B03","","","1","","1","","","40","40","1","13","4","120.73043","24.177128","3"
"1195","66000","387130000C","(04)23274275","(04)23288582","2026","1","4","9","7","臺中市","清水區","0","0","0","7","","","50","","","","","","","","","","","","","","","","","","","B03","","","1","","2","","","49","49","1","12","4","120.570054","24.27562","3"
"1196","66000","387130000C","(04)23274275","(04)23288582","2026","1","4","9","13","臺中市","烏日區","0","2","0","7","2","6","30","4","1","1","5","4","6","6","4","4","10","5","5","2","15","2","9","5","4","C03","7","9","1","10","2","12","","15","15","1","13","4","120.64158","24.102816","2"
"1197","66000","387130000C","(04)23274275","(04)23288582","2026","1","4","9","17","臺中市","神岡區","0","1","0","7","2","6","50","3","1","1","5","4","6","6","1","1","10","4","4","2","16","3","10","5","4","B03","7","6","1","8","2","7","","11","11","1","12","4","120.695648","24.236063","2"
"1198","66000","387130000C","(04)23274275","(04)23288582","2026","1","4","9","23","臺中市","東勢區","0","1","0","7","2","6","50","13","9","1","5","4","6","6","4","4","8","5","5","1","13","3","10","3","1","B03","7","9","1","8","8","1","","53","53","1","12","4","120.826193","24.268376","2"
"1199","66000","387130000C","(04)23274275","(04)23288582","2026","1","4","9","28","臺中市","沙鹿區","0","0","0","7","","","50","","","","","","","","","","","","","","13","","","","","C03","","","1","","2","","","7","7","1","12","4","120.55787","24.225641","3"
"1200","66000","387130000C","(04)23274275","(04)23288582","2026","1","4","9","30","臺中市","太平區","0","0","0","7","","","50","","","","","","","","","","","","","","13","","","","","B03","","","1","","2","","","58","58","1","6","4","120.734229","24.121777","3"
"1201","66000","387130000C","(04)23274275","(04)23288582","2026","1","4","9","33","臺中市","北區","0","2","0","7","2","6","50","3","1","1","5","4","6","6","1","1","10","5","5","2","16","3","10","3","1","B02","7","5","1","8","2","2","","47","47","1","12","4","120.687789","24.158934","2"
"1202","66000","387130000C","(04)23274275","(04)23288582","2026","1","4","9","33","臺中市","東勢區","0","2","0","7","2","6","40","13","9","1","5","4","6","6","4","4","10","5","5","2","10","2","9","1","1","C03","7","9","1","10","2","14","","85","85","1","12","4","120.839755","24.24411","2"
"1203","66000","387130000C","(04)23274275","(04)23288582","2026","1","4","9","35","臺中市","北屯區","0","1","0","7","2","6","50","13","9","1","5","4","6","6","4","4","10","5","5","2","18","2","9","5","4","C03","7","9","1","10","2","12","","59","59","1","12","4","120.692809","24.162887","2"
"1204","66000","387130000C","(04)23274275","(04)23288582","2026","1","4","9","38","臺中市","北區","0","2","0","7","2","6","50","3","1","1","5","4","6","6","4","4","5","4","5","2","16","2","9","1","1","C03","7","5","3","19","2","14","","14","14","1","13","4","120.664482","24.161566","2"
"1205","66000","387130000C","(04)23274275","(04)23288582","2026","1","4","9","38","臺中市","豐原區","0","1","0","7","2","6","50","4","2","1","5","4","6","6","1","1","5","5","5","1","18","2","9","5","4","C03","7","9","1","10","2","16","","84","84","1","13","4","120.726948","24.254834","2"
"1206","66000","387130000C","(04)23274275","(04)23288582","2026","1","4","9","40","臺中市","清水區","0","1","0","7","3","6","50","4","1","1","5","4","6","6","1","1","9","4","5","2","1","3","10","3","1","B03","7","6","1","8","2","1","","84","84","1","12","4","120.574497","24.269276","2"
"1207","66000","387130000C","(04)23274275","(04)23288582","2026","1","4","9","42","臺中市","北屯區","0","0","0","7","","","50","","","","","","","","","","","","","","16","","","","","B03","","","1","","1","","","35","35","1","13","4","120.73338","24.165319","3"
"1208","66000","387130000C","(04)23274275","(04)23288582","2026","1","4","9","45","臺中市","新社區","0","0","0","7","","","50","","","","","","","","","","","","","","","","","","","C02","","","5","","2","","","39","39","1","12","4","120.839252","24.153286","3"
"1209","66000","387130000C","(04)23274275","(04)23288582","2026","1","4","9","45","臺中市","豐原區","0","1","0","6","1","6","50","3","1","1","5","4","6","6","4","4","5","4","4","2","17","2","9","1","1","C03","7","5","1","10","2","14","","20","20","1","6","4","120.704938","24.245443","2"
"1210","66000","387130000C","(04)23274275","(04)23288582","2026","1","4","9","50","臺中市","西屯區","0","3","0","7","2","6","50","3","2","1","5","4","6","6","4","4","10","5","5","2","12","2","7","1","1","C03","7","8","1","10","2","14","","85","85","1","12","4","120.637559","24.180014","2"
"1211","66000","387130000C","(04)23274275","(04)23288582","2026","1","4","9","52","臺中市","東區","0","1","0","7","2","6","30","3","1","1","5","4","6","6","4","4","10","5","5","2","15","2","9","2","1","C03","7","9","1","10","2","14","","12","12","1","6","4","120.697731","24.135138","2"
"1212","66000","387130000C","(04)23274275","(04)23288582","2026","1","4","9","53","臺中市","沙鹿區","0","0","0","7","","","70","","","","","","","","","","","","","","17","","","","","B03","","","1","","1","","","84","84","1","6","4","120.59706","24.249983","3"
"1213","66000","387130000C","(04)23274275","(04)23288582","2026","1","4","9","54","臺中市","太平區","0","1","0","7","2","6","50","4","1","1","5","4","6","6","4","4","10","5","5","2","15","3","10","3","1","B03","7","9","1","8","2","8","","12","12","1","12","4","120.73224","24.129285","2"
"1214","66000","387130000C","(04)23274275","(04)23288582","2026","1","4","9","55","臺中市","北屯區","0","1","0","7","2","6","50","4","1","1","5","4","6","6","4","4","10","5","5","2","15","3","10","3","1","B03","7","9","1","8","2","2","","15","15","1","12","4","120.725371","24.165362","2"
"1215","66000","387130000C","(04)23274275","(04)23288582","2026","1","4","9","55","臺中市","北屯區","0","1","0","7","2","6","30","14","9","1","5","4","6","6","4","4","10","5","5","2","8","3","10","5","4","B03","7","2","1","8","2","3","","49","49","1","12","4","120.739574","24.179639","2"
"1216","66000","387130000C","(04)23274275","(04)23288582","2026","1","4","9","56","臺中市","東區","0","0","0","7","","","40","","","","","","","","","","","","","","","","","","","C03","","","1","","1","","","84","84","1","13","4","120.693063","24.140347","3"
"1217","66000","387130000C","(04)23274275","(04)23288582","2026","1","4","10","3","臺中市","西區","0","2","0","7","2","6","50","3","1","1","5","4","6","6","4","4","10","5","5","2","12","2","1","5","4","C04","7","6","1","11","2","15","","48","48","1","13","4","120.676809","24.137783","2"