序號,縣市別代碼,機關代碼,市話,傳真,年,月,日,時,分,縣市,區,死亡數量,受傷數量,2-30,天候,道路照明設備,道路類別,道路速限,道路型態,事故位置,路面鋪裝,路面狀態,路面缺陷,障礙物,視距,號誌種類,號誌動作,分向設施,快車道或一般車道間,快慢車道間,路面邊線,事故類型及型態,受傷程度,主要傷處,保護裝備,行動電話或功能裝置,當事者區分(類別),車輛用途,當事者行動狀態,駕照狀態,駕照種類,飲酒情形,車輛撞擊部位最初,車輛撞擊部位其他,肇事因素個別,肇事因素主要,肇事逃逸,職業,共享經濟或外送平台,GPS座標X,GPS座標Y,事故類別
"1218","66000","387130000C","(04)23274275","(04)23288582","2026","1","4","10","4","臺中市","東區","0","2","0","7","3","6","50","4","1","1","5","4","6","6","1","1","1","2","5","2","2","2","8","2","1","C04","7","6","1","10","2","11","","10","10","1","13","4","120.692441","24.148024","2"
"1219","66000","387130000C","(04)23274275","(04)23288582","2026","1","4","10","10","臺中市","西區","0","0","0","7","","","30","","","","","","","","","","","","","","17","","","","","","","","","","","","","86","86","1","","","120.661747","24.151807","3"
"1220","66000","387130000C","(04)23274275","(04)23288582","2026","1","4","10","10","臺中市","北屯區","0","0","0","7","","","50","","","","","","","","","","","","","","13","","","","","B03","","","1","","1","","","7","7","1","13","4","120.663913","24.200798","3"
"1221","66000","387130000C","(04)23274275","(04)23288582","2026","1","4","10","12","臺中市","豐原區","0","2","0","7","2","6","50","4","2","1","5","4","6","6","1","1","5","5","4","2","13","2","9","1","1","C03","7","9","1","10","9","11","","59","59","2","12","4","120.717754","24.238486","2"
"1222","66000","387130000C","(04)23274275","(04)23288582","2026","1","4","10","16","臺中市","西屯區","0","0","0","7","","","40","","","","","","","","","","","","","","14","","","","","B03","","","1","","9","","","49","49","2","12","4","120.648684","24.174476","3"
"1223","66000","387130000C","(04)23274275","(04)23288582","2026","1","4","10","21","臺中市","西屯區","0","1","0","7","2","6","30","3","1","1","5","4","6","6","4","4","10","5","5","2","18","2","9","5","4","C03","7","9","1","8","2","12","","59","59","1","13","4","120.657425","24.202355","2"
"1224","66000","387130000C","(04)23274275","(04)23288582","2026","1","4","10","27","臺中市","大雅區","0","0","0","7","","","40","","","","","","","","","","","","","","","","","","","C03","","","1","","2","","","49","49","1","12","4","120.649467","24.224286","3"
"1225","66000","387130000C","(04)23274275","(04)23288582","2026","1","4","10","30","臺中市","大肚區","0","0","0","7","","","50","","","","","","","","","","","","","","","","","","","B03","","","1","","2","","","51","51","1","6","4","120.544885","24.15747","3"
"1226","66000","387130000C","(04)23274275","(04)23288582","2026","1","4","10","31","臺中市","大雅區","0","0","0","7","","","70","","","","","","","","","","","","","","12","","","","","B03","","","1","","1","","","84","84","1","13","4","120.643472","24.228154","3"
"1227","66000","387130000C","(04)23274275","(04)23288582","2026","1","4","10","32","臺中市","大甲區","0","2","0","7","2","6","50","3","1","1","5","4","6","6","4","4","10","5","5","2","16","2","8","2","1","C03","7","1","1","10","2","12","","51","51","1","6","4","120.627615","24.348611","2"
"1228","66000","387130000C","(04)23274275","(04)23288582","2026","1","4","10","38","臺中市","南屯區","0","1","0","7","2","6","50","4","1","1","5","4","6","6","4","4","10","5","5","2","15","2","8","1","1","C03","7","9","3","19","1","11","","20","20","1","13","4","120.647747","24.142596","2"
"1229","66000","387130000C","(04)23274275","(04)23288582","2026","1","4","10","42","臺中市","西屯區","0","0","0","7","","","50","","","","","","","","","","","","","","13","","","","","B03","","","1","","1","","","7","7","1","12","4","120.639083","24.164986","3"
"1230","66000","387130000C","(04)23274275","(04)23288582","2026","1","4","10","43","臺中市","沙鹿區","0","0","0","7","","","30","","","","","","","","","","","","","","","","","","","C03","","","1","","1","","","12","12","1","6","4","120.567214","24.251837","3"
"1231","66000","387130000C","(04)23274275","(04)23288582","2026","1","4","10","44","臺中市","大里區","0","0","0","7","","3","80","","","","","","","","","","","","","","","","","","","B12","","","1","","1","","","68","68","1","13","4","120.683019","24.084292","3"
"1232","66000","387130000C","(04)23274275","(04)23288582","2026","1","4","10","45","臺中市","南屯區","0","0","0","7","","","50","","","","","","","","","","","","","","12","","","","","C03","","","1","","2","","","40","40","1","12","4","120.623241","24.137107","3"
"1233","66000","387130000C","(04)23274275","(04)23288582","2026","1","4","10","50","臺中市","霧峰區","0","0","0","7","","","50","","","","","","","","","","","","","","","","","","","B03","","","1","","2","","","8","8","1","12","4","120.699236","24.067592","3"
"1234","66000","387130000C","(04)23274275","(04)23288582","2026","1","4","10","50","臺中市","大甲區","0","1","0","7","3","6","50","4","2","1","5","4","6","6","4","4","5","5","5","1","16","3","10","3","1","B03","7","5","1","8","2","2","","84","84","1","6","4","120.61848","24.351507","2"
"1235","66000","387130000C","(04)23274275","(04)23288582","2026","1","4","10","50","臺中市","豐原區","0","1","0","7","1","6","50","4","1","1","5","4","6","6","1","1","1","4","4","2","17","3","10","1","1","C03","7","9","1","10","2","12","","7","7","1","6","4","120.72981","24.255086","2"
"1236","66000","387130000C","(04)23274275","(04)23288582","2026","1","4","11","13","臺中市","神岡區","0","1","0","7","1","6","50","3","1","1","5","4","6","6","1","1","10","4","4","2","12","2","9","1","1","C03","7","9","1","10","2","12","","4","4","1","12","4","120.662295","24.25792","2"
"1237","66000","387130000C","(04)23274275","(04)23288582","2026","1","4","11","15","臺中市","東勢區","0","1","0","7","2","6","50","13","9","1","5","4","6","6","4","4","8","5","5","1","11","2","9","1","1","C03","7","9","1","10","2","12","","39","39","1","12","4","120.83033","24.255409","2"
"1238","66000","387130000C","(04)23274275","(04)23288582","2026","1","4","11","17","臺中市","新社區","0","1","0","7","2","6","50","13","9","1","5","4","6","6","4","4","8","5","5","1","12","2","9","1","1","C03","7","4","1","10","2","11","","1","1","1","12","4","120.798578","24.2277","2"
"1239","66000","387130000C","(04)23274275","(04)23288582","2026","1","4","11","20","臺中市","南屯區","0","1","0","7","2","6","50","3","1","1","5","4","6","6","4","4","1","4","5","2","17","2","7","1","1","C03","7","5","1","10","2","13","","39","39","1","12","4","120.608376","24.144852","2"
"1240","66000","387130000C","(04)23274275","(04)23288582","2026","1","4","11","22","臺中市","中區","0","4","0","7","3","6","50","4","1","1","5","4","6","6","1","1","10","5","5","2","13","2","9","3","1","B02","7","9","1","8","2","1","","7","7","1","12","4","120.677274","24.140179","2"
"1241","66000","387130000C","(04)23274275","(04)23288582","2026","1","4","11","23","臺中市","北區","0","1","0","7","3","6","50","13","9","1","5","4","6","6","4","4","10","4","5","2","17","2","9","1","1","C03","7","9","1","10","2","11","","7","7","1","12","4","120.677818","24.166932","2"
"1242","66000","387130000C","(04)23274275","(04)23288582","2026","1","4","11","28","臺中市","豐原區","0","0","0","7","","","50","","","","","","","","","","","","","","17","","","","","C03","","","1","","2","","","7","7","1","13","4","120.750596","24.269953","3"
"1243","66000","387130000C","(04)23274275","(04)23288582","2026","1","4","11","33","臺中市","西區","0","0","0","7","","","40","","","","","","","","","","","","","","","","","","","B03","","","1","","1","","","84","84","1","6","4","120.655236","24.153373","3"
"1244","66000","387130000C","(04)23274275","(04)23288582","2026","1","4","11","33","臺中市","太平區","0","1","0","7","2","6","50","3","1","1","5","4","6","6","4","4","10","5","5","2","17","2","9","5","4","C03","7","9","1","10","2","14","","59","59","1","6","4","120.726929","24.149942","2"
"1245","66000","387130000C","(04)23274275","(04)23288582","2026","1","4","11","38","臺中市","南屯區","0","1","0","7","3","6","50","13","7","1","5","4","6","6","4","4","5","5","4","2","17","2","9","1","1","C03","7","6","1","10","2","14","","48","48","1","12","4","120.649575","24.132046","2"
"1246","66000","387130000C","(04)23274275","(04)23288582","2026","1","4","11","40","臺中市","東區","0","0","0","7","","","50","","","","","","","","","","","","","","","","","","","B03","","","1","","2","","","49","49","1","12","4","120.702292","24.139248","3"
"1247","66000","387130000C","(04)23274275","(04)23288582","2026","1","4","11","44","臺中市","西區","0","0","0","7","","","50","","","","","","","","","","","","","","9","","","","","C03","","","1","","1","","","82","82","1","13","4","120.676605","24.145446","3"
"1248","66000","387130000C","(04)23274275","(04)23288582","2026","1","4","11","48","臺中市","沙鹿區","0","0","0","7","","","50","","","","","","","","","","","","","","16","","","","","B03","","","1","","2","","","14","14","1","12","4","120.56745","24.21821","3"
"1249","66000","387130000C","(04)23274275","(04)23288582","2026","1","4","11","52","臺中市","西區","0","1","0","7","2","6","50","4","2","1","5","4","6","6","4","4","5","5","5","2","17","2","8","2","1","C03","7","5","1","10","2","12","","84","84","1","13","4","120.666615","24.148184","2"
"1250","66000","387130000C","(04)23274275","(04)23288582","2026","1","4","11","55","臺中市","大雅區","0","1","0","7","1","6","30","4","1","1","5","4","6","6","3","1","10","5","5","2","15","2","8","1","1","C03","7","9","3","19","5","11","","20","20","1","12","4","120.638032","24.22409","2"
"1251","66000","387130000C","(04)23274275","(04)23288582","2026","1","4","11","56","臺中市","新社區","0","0","0","7","","","40","","","","","","","","","","","","","","","","","","","B03","","","1","","1","","","51","51","1","12","4","120.806886","24.244684","3"
"1252","66000","387130000C","(04)23274275","(04)23288582","2026","1","4","11","58","臺中市","豐原區","0","0","0","7","","","50","","","","","","","","","","","","","","17","","","","","B03","","","1","","2","","","8","8","1","12","4","120.737528","24.255653","3"
"1253","66000","387130000C","(04)23274275","(04)23288582","2026","1","4","12","6","臺中市","西屯區","0","0","0","7","","","50","","","","","","","","","","","","","","13","","","","","B03","","","1","","1","","","59","59","1","12","4","120.645197","24.162863","3"
"1254","66000","387130000C","(04)23274275","(04)23288582","2026","1","4","12","6","臺中市","沙鹿區","0","0","0","7","","","50","","","","","","","","","","","","","","17","","","","","C03","","","1","","1","","","59","59","1","6","4","120.575728","24.225817","3"
"1255","66000","387130000C","(04)23274275","(04)23288582","2026","1","4","12","8","臺中市","烏日區","0","0","0","7","","","50","","","","","","","","","","","","","","13","","","","","B03","","","1","","1","","","7","7","1","6","4","120.587135","24.113227","3"
"1256","66000","387130000C","(04)23274275","(04)23288582","2026","1","4","12","13","臺中市","西區","0","1","0","7","3","6","40","13","8","1","5","4","6","6","4","4","1","4","1","2","17","2","8","2","1","C03","7","9","1","10","2","12","","43","43","1","12","4","120.658624","24.157164","2"
"1257","66000","387130000C","(04)23274275","(04)23288582","2026","1","4","12","15","臺中市","東區","0","0","0","7","","","50","","","","","","","","","","","","","","17","","","","","","","","","","","","","86","86","1","","","120.686962","24.130946","3"
"1258","66000","387130000C","(04)23274275","(04)23288582","2026","1","4","12","16","臺中市","霧峰區","0","0","0","7","","","40","","","","","","","","","","","","","","","","","","","B03","","","1","","2","","","84","84","1","8","4","120.699901","24.06663","3"
"1259","66000","387130000C","(04)23274275","(04)23288582","2026","1","4","12","17","臺中市","西屯區","0","2","0","7","2","6","50","4","1","1","5","4","6","6","1","1","10","5","5","2","16","2","9","5","1","C03","7","6","1","10","2","12","","11","11","1","12","4","120.63594","24.169216","2"
"1260","66000","387130000C","(04)23274275","(04)23288582","2026","1","4","12","17","臺中市","東勢區","0","1","0","7","2","6","50","4","1","1","5","4","6","6","1","1","10","5","5","2","17","3","10","3","1","B03","7","9","1","8","2","4","","21","21","1","12","4","120.830917","24.261979","2"
"1261","66000","387130000C","(04)23274275","(04)23288582","2026","1","4","12","25","臺中市","東勢區","0","1","0","7","2","6","50","3","1","1","5","4","6","6","1","1","10","5","5","2","17","3","10","3","1","B03","7","1","1","8","2","5","","84","84","1","12","4","120.832177","24.246109","2"
"1262","66000","387130000C","(04)23274275","(04)23288582","2026","1","4","12","27","臺中市","潭子區","0","0","0","7","","","40","","","","","","","","","","","","","","","","","","","B03","","","1","","2","","","51","51","1","13","4","120.703197","24.207223","3"
"1263","66000","387130000C","(04)23274275","(04)23288582","2026","1","4","12","27","臺中市","北區","0","1","0","7","2","6","50","4","1","1","5","4","6","6","1","1","10","5","5","2","16","2","8","1","1","C03","7","4","1","10","2","12","","39","39","1","12","4","120.689266","24.160213","2"
"1264","66000","387130000C","(04)23274275","(04)23288582","2026","1","4","12","28","臺中市","東區","0","1","0","7","2","6","50","3","1","1","5","4","6","6","1","1","10","5","5","2","16","3","10","3","1","B03","7","5","1","8","2","2","","47","47","1","6","4","120.689835","24.137606","2"
"1265","66000","387130000C","(04)23274275","(04)23288582","2026","1","4","12","28","臺中市","沙鹿區","0","0","0","7","","","50","","","","","","","","","","","","","","","","","","","B01","","","1","","2","","","45","45","1","6","4","120.568571","24.198386","3"
"1266","66000","387130000C","(04)23274275","(04)23288582","2026","1","4","12","31","臺中市","大雅區","0","0","0","7","","","0","","","","","","","","","","","","","","17","","","","","B03","","","1","","1","","","8","8","1","13","4","120.648904","24.221258","3"
"1267","66000","387130000C","(04)23274275","(04)23288582","2026","1","4","12","31","臺中市","大里區","0","2","0","7","2","6","40","4","1","1","5","4","6","6","1","1","5","2","5","1","15","2","9","1","1","C03","7","9","5","19","2","11","","21","21","1","13","4","120.68912","24.104679","2"
"1268","66000","387130000C","(04)23274275","(04)23288582","2026","1","4","12","36","臺中市","潭子區","0","0","0","7","","","50","","","","","","","","","","","","","","","","","","","B03","","","1","","2","","","84","84","1","13","4","120.709193","24.20098","3"
"1269","66000","387130000C","(04)23274275","(04)23288582","2026","1","4","12","36","臺中市","北區","0","2","0","7","2","6","50","4","1","1","5","4","6","6","4","4","5","4","5","2","15","2","9","1","1","C03","7","9","1","10","2","11","14","15","15","1","13","4","120.681921","24.167055","2"
"1270","66000","387130000C","(04)23274275","(04)23288582","2026","1","4","12","44","臺中市","大里區","0","0","0","7","","","50","","","","","","","","","","","","","","17","","","","","C03","","","1","","2","","","84","84","1","12","4","120.688631","24.080636","3"
"1271","66000","387130000C","(04)23274275","(04)23288582","2026","1","4","12","45","臺中市","西屯區","0","0","0","7","","","50","","","","","","","","","","","","","","12","","","","","B03","","","5","","1","","","40","40","1","13","4","120.647403","24.158642","3"
"1272","66000","387130000C","(04)23274275","(04)23288582","2026","1","4","12","46","臺中市","后里區","0","2","0","7","2","6","50","3","1","1","5","4","6","6","1","1","10","5","5","2","12","2","9","1","1","C03","7","6","1","10","2","14","","11","11","1","12","4","120.679976","24.315973","2"
"1273","66000","387130000C","(04)23274275","(04)23288582","2026","1","4","12","48","臺中市","北區","0","0","0","7","","","50","","","","","","","","","","","","","","","","","","","B03","","","1","","1","","","12","12","1","13","4","120.693055","24.154844","3"
"1274","66000","387130000C","(04)23274275","(04)23288582","2026","1","4","12","52","臺中市","豐原區","0","1","0","7","2","6","30","11","9","1","5","4","6","6","4","4","10","5","5","2","17","3","10","5","4","B03","7","6","1","8","2","8","","41","41","1","12","4","120.726395","24.241217","2"
"1275","66000","387130000C","(04)23274275","(04)23288582","2026","1","4","12","57","臺中市","大里區","0","0","0","7","","","50","","","","","","","","","","","","","","17","","","","","B03","","","1","","1","","","40","40","1","12","4","120.689737","24.1135","3"
"1276","66000","387130000C","(04)23274275","(04)23288582","2026","1","4","12","58","臺中市","梧棲區","0","0","0","7","","","50","","","","","","","","","","","","","","17","","","","","B03","","","1","","1","","","7","7","1","12","4","120.533014","24.2594","3"
"1277","66000","387130000C","(04)23274275","(04)23288582","2026","1","4","13","0","臺中市","南屯區","0","0","0","7","","","50","","","","","","","","","","","","","","17","","","","","B02","","","1","","2","","","8","8","1","12","4","120.649214","24.135788","3"
"1278","66000","387130000C","(04)23274275","(04)23288582","2026","1","4","13","0","臺中市","豐原區","0","1","0","7","1","6","50","13","9","1","5","4","6","6","4","4","9","4","5","2","17","3","10","1","1","C03","7","9","1","10","2","12","","85","85","1","6","4","120.715623","24.24995","2"
"1279","66000","387130000C","(04)23274275","(04)23288582","2026","1","4","13","3","臺中市","北區","0","0","0","7","","","50","","","","","","","","","","","","","","","","","","","B03","","","1","","1","","","49","49","1","12","4","120.681144","24.162263","4"
"1280","66000","387130000C","(04)23274275","(04)23288582","2026","1","4","13","8","臺中市","東區","0","0","0","7","","","50","","","","","","","","","","","","","","","","","","","B03","","","1","","1","","","7","7","1","13","4","120.709122","24.144469","3"
"1281","66000","387130000C","(04)23274275","(04)23288582","2026","1","4","13","9","臺中市","大里區","0","0","0","7","","","40","","","","","","","","","","","","","","16","","","","","B03","","","1","","2","","","24","24","1","12","4","120.692591","24.074748","3"
"1282","66000","387130000C","(04)23274275","(04)23288582","2026","1","4","13","14","臺中市","東區","0","1","0","7","1","6","50","3","1","1","5","4","6","6","4","4","1","4","5","2","17","3","10","5","4","B03","7","5","1","7","2","5","","14","14","1","13","4","120.710576","24.14188","2"
"1283","66000","387130000C","(04)23274275","(04)23288582","2026","1","4","13","15","臺中市","西屯區","0","1","0","7","2","6","50","3","1","1","5","4","6","6","4","4","10","5","5","2","16","2","8","1","1","C04","7","9","1","11","2","16","","59","59","1","12","4","120.637394","24.178337","2"
"1284","66000","387130000C","(04)23274275","(04)23288582","2026","1","4","13","15","臺中市","神岡區","0","1","0","7","2","6","50","11","9","1","5","4","6","6","4","4","5","5","5","1","18","2","9","2","1","C03","7","9","1","10","2","14","","84","84","1","6","4","120.682065","24.268903","2"
"1285","66000","387130000C","(04)23274275","(04)23288582","2026","1","4","13","18","臺中市","西屯區","0","0","0","7","","","50","","","","","","","","","","","","","","12","","","","","B03","","","1","","1","","","84","84","1","12","4","120.637551","24.163696","3"
"1286","66000","387130000C","(04)23274275","(04)23288582","2026","1","4","13","19","臺中市","梧棲區","0","0","0","7","","","50","","","","","","","","","","","","","","13","","","","","B03","","","1","","1","","","59","59","1","12","4","120.535913","24.258983","3"
"1287","66000","387130000C","(04)23274275","(04)23288582","2026","1","4","13","25","臺中市","中區","0","1","0","7","3","6","50","4","1","1","5","4","6","6","1","1","10","5","5","2","15","2","7","1","1","C03","7","9","1","10","2","11","","85","85","1","6","4","120.68574","24.140134","2"
"1288","66000","387130000C","(04)23274275","(04)23288582","2026","1","4","13","25","臺中市","西屯區","0","0","0","7","","","50","","","","","","","","","","","","","","17","","","","","B03","","","1","","2","","","51","51","1","12","4","120.642581","24.180391","3"
"1289","66000","387130000C","(04)23274275","(04)23288582","2026","1","4","13","29","臺中市","西屯區","0","1","0","7","2","6","50","4","1","1","5","4","6","6","1","1","1","4","4","2","13","2","9","2","1","C03","7","9","1","10","2","11","","7","7","1","12","4","120.627079","24.181221","2"
"1290","66000","387130000C","(04)23274275","(04)23288582","2026","1","4","13","30","臺中市","西屯區","0","1","0","7","2","6","50","13","9","1","5","4","6","6","4","4","3","4","5","2","12","2","9","5","4","C03","7","9","1","10","2","11","","84","84","1","12","4","120.654973","24.168894","2"
"1291","66000","387130000C","(04)23274275","(04)23288582","2026","1","4","13","38","臺中市","潭子區","0","1","0","7","3","6","60","3","1","1","5","4","6","6","3","1","1","4","4","1","13","3","10","3","1","B03","7","9","1","8","2","1","","7","7","1","13","4","120.708361","24.228752","2"
"1292","66000","387130000C","(04)23274275","(04)23288582","2026","1","4","13","42","臺中市","中區","0","1","0","7","2","6","50","4","1","1","5","4","6","6","1","1","10","5","5","2","17","3","10","3","1","B03","7","6","1","8","2","2","","48","48","1","12","4","120.679866","24.146237","2"
"1293","66000","387130000C","(04)23274275","(04)23288582","2026","1","4","13","42","臺中市","東區","0","2","0","7","3","6","50","4","1","1","5","4","6","6","4","4","10","5","5","2","15","2","9","2","1","C03","7","9","1","10","2","12","","15","15","1","13","4","120.693227","24.143143","2"
"1294","66000","387130000C","(04)23274275","(04)23288582","2026","1","4","13","43","臺中市","新社區","0","0","0","7","","","50","","","","","","","","","","","","","","","","","","","B03","","","1","","2","","","84","84","1","13","4","120.795504","24.20471","3"
"1295","66000","387130000C","(04)23274275","(04)23288582","2026","1","4","13","45","臺中市","西區","0","0","0","7","","","50","","","","","","","","","","","","","","13","","","","","C03","","","1","","1","","","7","7","1","12","4","120.662532","24.163519","3"
"1296","66000","387130000C","(04)23274275","(04)23288582","2026","1","4","13","46","臺中市","東勢區","0","0","0","7","","","50","","","","","","","","","","","","","","","","","","","B03","","","1","","1","","","84","84","1","13","4","120.830186","24.251466","3"
"1297","66000","387130000C","(04)23274275","(04)23288582","2026","1","4","13","50","臺中市","東區","0","0","0","7","","","50","","","","","","","","","","","","","","","","","","","C03","","","1","","1","","","12","12","1","12","4","120.704481","24.143298","3"
"1298","66000","387130000C","(04)23274275","(04)23288582","2026","1","4","13","52","臺中市","烏日區","0","1","0","7","2","6","50","3","1","1","5","4","6","6","1","1","10","5","5","2","12","3","10","5","4","B03","7","9","1","8","1","2","","21","21","1","13","4","120.586739","24.113249","2"
"1299","66000","387130000C","(04)23274275","(04)23288582","2026","1","4","14","0","臺中市","西區","0","2","0","7","3","6","30","3","1","1","5","4","6","6","4","4","10","5","5","2","16","3","10","2","1","C03","7","6","1","10","1","13","","84","84","1","12","4","120.664285","24.151656","2"
"1300","66000","387130000C","(04)23274275","(04)23288582","2026","1","4","14","0","臺中市","大里區","0","2","0","7","2","6","50","13","9","1","5","4","6","3","4","4","5","5","5","1","17","2","9","2","1","C03","7","1","1","10","2","11","","51","51","1","6","4","120.700848","24.08851","2"
"1301","66000","387130000C","(04)23274275","(04)23288582","2026","1","4","14","3","臺中市","龍井區","0","1","0","7","2","6","60","13","9","1","5","4","6","6","4","4","1","3","5","1","18","2","9","2","4","C03","7","21","1","10","2","15","","87","87","1","13","4","120.51472","24.199183","2"
"1302","66000","387130000C","(04)23274275","(04)23288582","2026","1","4","14","4","臺中市","潭子區","0","0","0","7","","","40","","","","","","","","","","","","","","17","","","","","B03","","","1","","2","","","84","84","1","12","4","120.69166","24.217679","3"
"1303","66000","387130000C","(04)23274275","(04)23288582","2026","1","4","14","10","臺中市","東區","0","1","0","7","2","6","50","4","1","1","5","4","6","6","2","1","10","5","5","2","17","3","10","2","1","C03","7","15","3","19","2","12","","84","84","1","6","4","120.696363","24.140076","2"
"1304","66000","387130000C","(04)23274275","(04)23288582","2026","1","4","14","10","臺中市","太平區","0","1","0","7","3","6","50","3","1","1","5","4","6","6","4","4","10","5","5","1","16","3","10","3","1","B03","7","1","1","8","2","7","","51","51","1","6","4","120.712508","24.157543","2"
"1305","66000","387130000C","(04)23274275","(04)23288582","2026","1","4","14","11","臺中市","太平區","0","1","0","7","2","6","50","4","1","1","5","4","6","6","1","1","10","5","5","2","18","2","8","1","1","F03","7","6","7","21","2","14","","59","59","1","12","4","120.722097","24.129072","2"
"1306","66000","387130000C","(04)23274275","(04)23288582","2026","1","4","14","15","臺中市","龍井區","0","0","0","7","","","50","","","","","","","","","","","","","","","","","","","B03","","","1","","1","","","85","85","1","6","4","120.548025","24.196326","3"
"1307","66000","387130000C","(04)23274275","(04)23288582","2026","1","4","14","15","臺中市","梧棲區","0","0","0","7","","","50","","","","","","","","","","","","","","17","","","","","B03","","","1","","2","","","84","84","1","12","4","120.539198","24.257802","4"
"1308","66000","387130000C","(04)23274275","(04)23288582","2026","1","4","14","18","臺中市","北屯區","0","0","0","7","","","50","","","","","","","","","","","","","","13","","","","","B03","","","1","","1","","","84","84","1","13","4","120.664694","24.186029","3"
"1309","66000","387130000C","(04)23274275","(04)23288582","2026","1","4","14","18","臺中市","清水區","0","1","0","7","3","6","50","13","9","1","5","4","6","6","4","4","5","5","5","2","18","2","9","5","1","F01","7","9","7","21","11","15","","84","84","1","12","4","120.583627","24.268488","2"
"1310","66000","387130000C","(04)23274275","(04)23288582","2026","1","4","14","22","臺中市","大里區","0","2","0","7","2","6","50","13","9","1","5","4","6","6","4","4","1","4","5","1","18","2","9","1","1","C03","7","9","1","10","2","11","","84","84","1","12","4","120.698592","24.113142","2"
"1311","66000","387130000C","(04)23274275","(04)23288582","2026","1","4","14","23","臺中市","豐原區","0","0","0","7","","","50","","","","","","","","","","","","","","17","","","","","B03","","","1","","2","","","8","8","1","13","4","120.749545","24.268486","3"
"1312","66000","387130000C","(04)23274275","(04)23288582","2026","1","4","14","24","臺中市","南區","0","0","0","7","","","50","","","","","","","","","","","","","","","","","","","B03","","","1","","2","","","7","7","1","13","4","120.669273","24.127858","3"
"1313","66000","387130000C","(04)23274275","(04)23288582","2026","1","4","14","24","臺中市","烏日區","0","2","0","7","2","6","50","4","1","1","5","4","6","6","1","1","10","5","5","2","17","2","9","5","4","C03","7","6","1","10","2","11","","11","11","1","12","4","120.62205","24.106466","2"
"1314","66000","387130000C","(04)23274275","(04)23288582","2026","1","4","14","27","臺中市","清水區","0","0","0","7","","","40","","","","","","","","","","","","","","","","","","","C03","","","1","","2","","","49","49","1","12","4","120.574835","24.267969","3"
"1315","66000","387130000C","(04)23274275","(04)23288582","2026","1","4","14","27","臺中市","豐原區","0","0","0","7","","","60","","","","","","","","","","","","","","12","","","","","B03","","","1","","2","","","40","40","1","13","4","120.726447","24.238193","3"
"1316","66000","387130000C","(04)23274275","(04)23288582","2026","1","4","14","29","臺中市","烏日區","0","0","0","7","","","50","","","","","","","","","","","","","","13","","","","","B03","","","1","","1","","","7","7","1","6","4","120.617186","24.116186","3"
"1317","66000","387130000C","(04)23274275","(04)23288582","2026","1","4","14","30","臺中市","大里區","0","1","0","7","2","6","60","4","1","1","5","4","6","6","1","1","1","2","4","2","12","3","10","3","1","B12","7","9","1","4","2","2","","84","84","1","13","4","120.691707","24.100508","2"
"1318","66000","387130000C","(04)23274275","(04)23288582","2026","1","4","14","32","臺中市","西屯區","0","0","0","7","","","50","","","","","","","","","","","","","","17","","","","","B12","","","1","","2","","","34","34","1","12","4","120.667158","24.177275","3"
"1319","66000","387130000C","(04)23274275","(04)23288582","2026","1","4","14","35","臺中市","大雅區","0","2","0","7","1","6","50","4","1","1","5","4","6","6","4","4","5","5","5","1","17","2","8","1","1","C03","7","6","1","10","2","12","","14","14","1","13","2","120.652733","24.226475","2"
"1320","66000","387130000C","(04)23274275","(04)23288582","2026","1","4","14","36","臺中市","中區","0","2","0","7","3","6","50","4","1","1","5","4","6","4","4","4","10","5","5","2","15","2","9","1","1","C03","7","9","1","10","2","11","","15","15","1","6","4","120.678434","24.145806","2"
"1321","66000","387130000C","(04)23274275","(04)23288582","2026","1","4","14","36","臺中市","清水區","0","0","0","7","","","50","","","","","","","","","","","","","","16","","","","","B03","","","1","","2","","","45","45","1","13","4","120.582542","24.26595","3"
"1322","66000","387130000C","(04)23274275","(04)23288582","2026","1","4","14","42","臺中市","西區","0","0","0","7","","","50","","","","","","","","","","","","","","17","","","","","B12","","","1","","2","","","85","85","1","12","4","120.671847","24.151711","3"
"1323","66000","387130000C","(04)23274275","(04)23288582","2026","1","4","14","44","臺中市","中區","0","0","0","7","","","50","","","","","","","","","","","","","","17","","","","","B01","","","1","","1","","","42","42","1","12","4","120.68096","24.143812","3"
"1324","66000","387130000C","(04)23274275","(04)23288582","2026","1","4","14","44","臺中市","東區","0","1","0","7","1","6","50","4","2","1","5","4","6","6","1","1","10","5","5","2","18","2","9","5","4","C03","7","21","1","10","2","14","","84","84","1","13","4","120.702178","24.141549","2"
"1325","66000","387130000C","(04)23274275","(04)23288582","2026","1","4","14","45","臺中市","北屯區","0","0","0","7","","","50","","","","","","","","","","","","","","13","","","","","C03","","","1","10","1","","","7","7","1","6","4","120.702543","24.186502","3"
"1326","66000","387130000C","(04)23274275","(04)23288582","2026","1","4","14","47","臺中市","豐原區","0","0","0","7","","","50","","","","","","","","","","","","","","17","","","","","B03","","","1","","2","","","7","7","1","12","4","120.716183","24.257443","3"
"1327","66000","387130000C","(04)23274275","(04)23288582","2026","1","4","14","52","臺中市","龍井區","0","1","0","7","2","6","50","3","2","1","5","4","6","6","4","4","5","5","5","2","16","3","10","2","1","C03","7","6","1","10","2","16","","14","14","1","6","4","120.577236","24.182244","2"
"1328","66000","387130000C","(04)23274275","(04)23288582","2026","1","4","14","55","臺中市","豐原區","0","1","0","7","2","6","50","3","1","1","5","4","6","6","4","4","1","4","4","1","17","2","8","2","4","C03","7","11","1","10","2","11","","46","46","1","12","4","120.756819","24.275372","2"