序號,縣市別代碼,機關代碼,市話,傳真,年,月,日,時,分,縣市,區,死亡數量,受傷數量,2-30,天候,道路照明設備,道路類別,道路速限,道路型態,事故位置,路面鋪裝,路面狀態,路面缺陷,障礙物,視距,號誌種類,號誌動作,分向設施,快車道或一般車道間,快慢車道間,路面邊線,事故類型及型態,受傷程度,主要傷處,保護裝備,行動電話或功能裝置,當事者區分(類別),車輛用途,當事者行動狀態,駕照狀態,駕照種類,飲酒情形,車輛撞擊部位最初,車輛撞擊部位其他,肇事因素個別,肇事因素主要,肇事逃逸,職業,共享經濟或外送平台,GPS座標X,GPS座標Y,事故類別
"1329","66000","387130000C","(04)23274275","(04)23288582","2026","1","4","14","57","臺中市","北區","0","1","0","7","2","6","50","3","1","1","5","4","6","6","2","1","5","4","5","2","16","2","9","6","1","F01","7","6","7","21","2","13","12","84","84","1","13","4","120.686441","24.147247","2"
"1330","66000","387130000C","(04)23274275","(04)23288582","2026","1","4","14","58","臺中市","豐原區","0","0","0","7","","","50","","","","","","","","","","","","","","17","","","","","B03","","","1","","2","","","7","7","1","6","4","120.744486","24.255609","3"
"1331","66000","387130000C","(04)23274275","(04)23288582","2026","1","4","15","4","臺中市","新社區","0","0","0","7","","","50","","","","","","","","","","","","","","","","","","","B03","","","1","","1","","","84","84","1","12","4","120.802073","24.206433","3"
"1332","66000","387130000C","(04)23274275","(04)23288582","2026","1","4","15","8","臺中市","霧峰區","0","2","0","7","2","6","50","13","9","1","5","4","6","6","4","4","5","5","5","1","17","2","8","2","1","C03","7","1","3","19","2","14","","51","51","1","12","4","120.702163","24.068441","2"
"1333","66000","387130000C","(04)23274275","(04)23288582","2026","1","4","15","10","臺中市","北屯區","0","1","0","7","2","6","50","13","9","1","5","4","6","6","4","4","10","5","5","2","17","2","8","1","1","C03","7","15","1","10","2","12","","59","59","1","6","4","120.723074","24.180994","2"
"1334","66000","387130000C","(04)23274275","(04)23288582","2026","1","4","15","10","臺中市","太平區","0","0","0","7","2","6","50","","","","","","","","","","","","","","","","","","","B03","","","1","","2","1","","84","84","1","12","4","120.715526","24.133708","3"
"1335","66000","387130000C","(04)23274275","(04)23288582","2026","1","4","15","12","臺中市","北屯區","0","0","0","7","","","50","","","","","","","","","","","","","","","","","","","C03","","","3","","1","","","84","84","1","13","4","120.686525","24.198086","3"
"1336","66000","387130000C","(04)23274275","(04)23288582","2026","1","4","15","13","臺中市","豐原區","0","2","0","7","2","6","30","13","9","1","5","4","6","6","4","4","10","5","5","1","10","3","10","5","4","B03","7","9","1","8","9","8","","41","41","2","12","4","120.729901","24.236085","2"
"1337","66000","387130000C","(04)23274275","(04)23288582","2026","1","4","15","15","臺中市","西區","0","0","0","7","","","50","","","","","","","","","","","","","","9","","","","","B03","","","1","","9","","","84","84","2","11","4","120.664027","24.156058","3"
"1338","66000","387130000C","(04)23274275","(04)23288582","2026","1","4","15","15","臺中市","大肚區","0","1","0","7","2","6","30","13","9","1","5","4","6","6","4","4","10","5","5","2","17","2","9","1","1","C03","7","12","1","10","2","11","","84","84","1","6","4","120.566947","24.123052","2"
"1339","66000","387130000C","(04)23274275","(04)23288582","2026","1","4","15","15","臺中市","新社區","0","0","0","7","","","50","","","","","","","","","","","","","","13","","","","","B03","","","1","","2","","","7","7","1","13","4","120.797936","24.202062","3"
"1340","66000","387130000C","(04)23274275","(04)23288582","2026","1","4","15","16","臺中市","龍井區","0","1","0","7","2","6","50","13","9","1","5","4","6","6","4","4","10","5","5","2","17","2","9","2","1","C03","7","9","1","10","2","14","","5","5","1","6","4","120.572557","24.179784","2"
"1341","66000","387130000C","(04)23274275","(04)23288582","2026","1","4","15","18","臺中市","北屯區","0","0","0","7","","","30","","","","","","","","","","","","","","13","","","","","B03","","","1","","1","","","58","58","1","6","4","120.725303","24.180826","3"
"1342","66000","387130000C","(04)23274275","(04)23288582","2026","1","4","15","19","臺中市","豐原區","0","0","0","7","","","50","","","","","","","","","","","","","","13","","","","","B03","","","1","","2","","","59","59","1","12","4","120.729875","24.255032","3"
"1343","66000","387130000C","(04)23274275","(04)23288582","2026","1","4","15","20","臺中市","北屯區","0","0","0","7","","","50","","","","","","","","","","","","","","12","","","","","B03","","","1","8","1","","","50","50","1","6","4","120.681082","24.192149","3"
"1344","66000","387130000C","(04)23274275","(04)23288582","2026","1","4","15","24","臺中市","西屯區","0","0","0","7","","","0","","","","","","","","","","","","","","12","","","","","B03","","","1","","1","","","8","8","1","12","4","120.615945","24.191264","3"
"1345","66000","387130000C","(04)23274275","(04)23288582","2026","1","4","15","25","臺中市","太平區","0","0","0","7","","","50","","","","","","","","","","","","","","","","","","","B03","","","1","","1","","","84","84","1","6","4","120.712492","24.145033","3"
"1346","66000","387130000C","(04)23274275","(04)23288582","2026","1","4","15","25","臺中市","太平區","0","1","0","7","3","6","30","3","1","1","5","4","6","6","4","4","10","5","5","2","16","3","10","3","1","B03","7","6","1","8","2","1","","12","12","1","6","4","120.705066","24.158568","2"
"1347","66000","387130000C","(04)23274275","(04)23288582","2026","1","4","15","29","臺中市","大甲區","0","1","0","7","3","6","30","13","9","1","5","4","6","6","4","4","10","5","5","2","18","2","9","1","1","C03","7","9","1","10","2","14","","59","59","1","6","4","120.628229","24.341042","2"
"1348","66000","387130000C","(04)23274275","(04)23288582","2026","1","4","15","30","臺中市","外埔區","0","1","0","7","3","6","50","5","1","1","5","4","6","6","1","1","10","5","5","2","16","3","10","3","1","B03","7","5","1","8","2","2","","20","20","1","6","4","120.639832","24.341108","2"
"1349","66000","387130000C","(04)23274275","(04)23288582","2026","1","4","15","41","臺中市","南屯區","0","0","0","7","","","50","","","","","","","","","","","","","","17","","","","","B03","","","1","","1","","","14","14","1","6","4","120.648801","24.130629","3"
"1350","66000","387130000C","(04)23274275","(04)23288582","2026","1","4","15","42","臺中市","大雅區","0","0","0","7","","","50","","","","","","","","","","","","","","","","","","","B12","","","1","","1","","","7","7","1","12","4","120.667879","24.215463","3"
"1351","66000","387130000C","(04)23274275","(04)23288582","2026","1","4","15","42","臺中市","北屯區","0","0","0","7","","","30","","","","","","","","","","","","","","14","","","","","B03","","","1","","1","","","49","49","1","6","4","120.671518","24.176792","4"
"1352","66000","387130000C","(04)23274275","(04)23288582","2026","1","4","15","43","臺中市","西屯區","0","1","0","7","2","6","50","13","9","1","5","4","6","6","4","4","5","5","5","2","2","3","10","5","4","B12","7","9","1","8","2","5","","84","84","1","13","4","120.666829","24.17541","2"
"1353","66000","387130000C","(04)23274275","(04)23288582","2026","1","4","15","44","臺中市","北區","0","0","0","7","3","6","50","3","2","1","5","4","6","6","2","1","10","5","5","2","17","","","","","B03","","","1","","2","","","7","7","1","13","4","120.677232","24.152858","3"
"1354","66000","387130000C","(04)23274275","(04)23288582","2026","1","4","15","45","臺中市","沙鹿區","0","0","0","7","","","40","","","","","","","","","","","","","","","","","","","B03","","","1","","2","","","82","82","1","6","4","120.570012","24.201444","3"
"1355","66000","387130000C","(04)23274275","(04)23288582","2026","1","4","15","48","臺中市","西區","0","0","0","7","","","40","","","","","","","","","","","","","","12","","","","","B03","","","1","","1","","","43","43","1","12","4","120.660948","24.158688","3"
"1356","66000","387130000C","(04)23274275","(04)23288582","2026","1","4","15","51","臺中市","北屯區","0","1","0","7","2","6","50","4","1","1","5","4","6","6","1","1","10","5","5","2","17","3","10","3","1","B03","7","1","1","8","2","8","","51","51","1","12","4","120.688613","24.18188","2"
"1357","66000","387130000C","(04)23274275","(04)23288582","2026","1","4","15","58","臺中市","北屯區","0","0","0","7","","","50","","","","","","","","","","","","","","12","","","","","B03","","","1","8","1","","","50","50","1","6","4","120.685383","24.174412","3"
"1358","66000","387130000C","(04)23274275","(04)23288582","2026","1","4","16","5","臺中市","北區","0","1","0","7","2","6","40","3","8","1","5","4","6","6","4","4","1","4","4","2","17","3","10","5","4","C02","7","5","1","9","2","13","","47","47","1","13","4","120.694187","24.154239","2"
"1359","66000","387130000C","(04)23274275","(04)23288582","2026","1","4","16","9","臺中市","西區","0","1","0","7","2","6","50","13","9","1","5","4","6","6","4","4","5","4","5","2","13","2","9","1","1","C03","7","9","1","10","2","11","","84","84","1","13","4","120.68073","24.136899","2"
"1360","66000","387130000C","(04)23274275","(04)23288582","2026","1","4","16","11","臺中市","北屯區","0","0","0","7","","","50","","","","","","","","","","","","","","","","","","","B03","","","1","","1","","","84","84","1","13","4","120.718538","24.160724","3"
"1361","66000","387130000C","(04)23274275","(04)23288582","2026","1","4","16","12","臺中市","南區","0","0","0","7","","","50","","","","","","","","","","","","","","14","","","","","B03","","","1","","9","","","49","49","2","12","4","120.660294","24.122784","3"
"1362","66000","387130000C","(04)23274275","(04)23288582","2026","1","4","16","16","臺中市","北屯區","0","0","0","7","","","50","","","","","","","","","","","","","","12","","","","","B03","","","1","","2","","","8","8","1","6","4","120.664019","24.189285","3"
"1363","66000","387130000C","(04)23274275","(04)23288582","2026","1","4","16","19","臺中市","太平區","0","1","0","7","2","6","50","3","1","1","5","4","6","6","1","1","10","5","5","2","15","3","10","3","1","B03","7","9","1","8","2","8","","21","21","1","12","4","120.715866","24.127385","2"
"1364","66000","387130000C","(04)23274275","(04)23288582","2026","1","4","16","20","臺中市","沙鹿區","0","3","0","7","2","6","30","4","1","1","5","4","6","6","4","4","10","5","5","2","15","2","8","1","1","C03","7","9","1","10","2","11","12","15","15","1","6","4","120.56729","24.250625","2"
"1365","66000","387130000C","(04)23274275","(04)23288582","2026","1","4","16","27","臺中市","北屯區","0","0","0","7","","","50","","","","","","","","","","","","","","12","","","","","C03","","","1","","1","","","8","8","1","6","4","120.662243","24.188408","3"
"1366","66000","387130000C","(04)23274275","(04)23288582","2026","1","4","16","30","臺中市","霧峰區","0","0","0","7","","","30","","","","","","","","","","","","","","","","","","","B03","","","1","","1","","","76","76","1","13","4","120.687554","24.086311","3"
"1367","66000","387130000C","(04)23274275","(04)23288582","2026","1","4","16","39","臺中市","西屯區","0","0","0","7","","","50","","","","","","","","","","","","","","17","","","","","C03","","","1","","2","","","39","39","1","12","4","120.658794","24.1761","3"
"1368","66000","387130000C","(04)23274275","(04)23288582","2026","1","4","16","41","臺中市","清水區","0","1","0","7","3","6","50","13","9","1","5","4","6","6","4","4","5","5","5","2","27","2","9","3","1","B03","7","9","1","8","2","1","","58","58","1","12","4","120.636282","24.270929","2"
"1369","66000","387130000C","(04)23274275","(04)23288582","2026","1","4","16","47","臺中市","北屯區","0","1","0","7","3","6","30","4","1","1","5","4","6","6","4","4","10","5","5","2","15","3","10","3","1","B03","7","9","1","8","2","5","","12","12","1","6","4","120.684495","24.173477","2"
"1370","66000","387130000C","(04)23274275","(04)23288582","2026","1","4","16","49","臺中市","梧棲區","0","0","0","7","","","50","","","","","","","","","","","","","","15","","","","","B03","","","1","","2","","","12","12","1","6","4","120.533684","24.265277","3"
"1371","66000","387130000C","(04)23274275","(04)23288582","2026","1","4","16","52","臺中市","西區","0","0","0","7","","","","","","","","","","","","","","","","","17","","","","","","","","","","","","","86","86","1","","","120.653047","24.148802","3"
"1372","66000","387130000C","(04)23274275","(04)23288582","2026","1","4","16","52","臺中市","西區","0","1","0","7","2","6","30","4","1","1","5","4","6","6","4","4","10","5","5","2","17","3","10","2","1","C03","7","9","1","10","2","11","14","20","20","1","12","4","120.656817","24.154633","2"
"1373","66000","387130000C","(04)23274275","(04)23288582","2026","1","4","16","52","臺中市","東區","0","0","0","7","","","50","","","","","","","","","","","","","","13","","","","","B03","","","1","","2","","","84","84","1","13","4","120.698054","24.144682","3"
"1374","66000","387130000C","(04)23274275","(04)23288582","2026","1","4","16","55","臺中市","外埔區","0","1","0","7","2","6","50","13","9","1","5","4","6","6","4","4","9","4","5","1","21","2","7","1","1","C03","7","9","3","19","2","11","","59","59","1","5","4","120.663747","24.34762","2"
"1375","66000","387130000C","(04)23274275","(04)23288582","2026","1","4","16","57","臺中市","豐原區","0","0","0","7","","","30","","","","","","","","","","","","","","16","","","","","C03","","","1","","2","","","14","14","1","13","4","120.729413","24.23419","4"
"1376","66000","387130000C","(04)23274275","(04)23288582","2026","1","4","17","5","臺中市","北屯區","0","2","0","7","1","6","50","13","9","1","5","4","6","6","4","4","5","4","5","2","17","2","7","1","1","C03","7","2","1","10","2","13","","49","49","1","13","4","120.728955","24.17701","2"
"1377","66000","387130000C","(04)23274275","(04)23288582","2026","1","4","17","7","臺中市","北屯區","0","0","0","7","","","50","","","","","","","","","","","","","","17","","","","","B03","","","1","","9","","","50","50","2","12","4","120.692696","24.175125","3"
"1378","66000","387130000C","(04)23274275","(04)23288582","2026","1","4","17","11","臺中市","后里區","0","1","0","7","1","6","50","4","1","1","5","4","6","6","1","1","10","5","5","2","16","3","10","3","1","B03","7","6","1","8","2","5","","11","11","1","6","4","120.72215","24.308791","2"
"1379","66000","387130000C","(04)23274275","(04)23288582","2026","1","4","17","12","臺中市","霧峰區","0","0","0","7","","","40","","","","","","","","","","","","","","","","","","","B03","","","1","","2","","","40","40","1","13","4","120.662629","24.067866","3"
"1380","66000","387130000C","(04)23274275","(04)23288582","2026","1","4","17","20","臺中市","南區","0","0","0","7","","","50","","","","","","","","","","","","","","","","","","","C03","","","1","","1","","","58","58","1","12","4","120.670726","24.114861","3"
"1381","66000","387130000C","(04)23274275","(04)23288582","2026","1","4","17","21","臺中市","北區","0","1","0","7","2","6","50","4","2","1","5","4","6","6","2","1","10","5","5","2","13","2","9","2","1","C03","7","9","1","10","1","11","","7","7","1","13","4","120.680301","24.152378","2"
"1382","66000","387130000C","(04)23274275","(04)23288582","2026","1","4","17","24","臺中市","豐原區","0","2","0","7","1","6","50","3","1","1","5","4","6","6","4","4","1","4","4","1","17","2","9","1","1","C03","7","6","1","10","4","11","","14","14","1","13","4","120.755727","24.274845","2"
"1383","66000","387130000C","(04)23274275","(04)23288582","2026","1","4","17","30","臺中市","南屯區","0","3","0","7","2","6","30","4","1","1","5","4","6","6","4","4","9","5","5","2","17","2","9","1","1","C03","7","9","1","10","2","11","","15","15","1","12","4","120.641425","24.138184","2"
"1384","66000","387130000C","(04)23274275","(04)23288582","2026","1","4","17","33","臺中市","南區","0","0","0","7","","","50","","","","","","","","","","","","","","21","","","","","B12","","","1","","11","","","84","84","1","12","4","120.655007","24.123763","3"
"1385","66000","387130000C","(04)23274275","(04)23288582","2026","1","4","17","33","臺中市","西屯區","0","0","0","7","","","50","","","","","","","","","","","","","","12","","","","","B03","","","1","","1","","","8","8","1","13","4","120.644537","24.171166","3"
"1386","66000","387130000C","(04)23274275","(04)23288582","2026","1","4","17","34","臺中市","北屯區","0","2","0","7","1","6","50","5","2","1","5","4","6","6","2","1","10","5","5","2","17","3","10","3","1","B03","7","6","1","8","2","8","","48","48","1","6","4","120.686492","24.18825","2"
"1387","66000","387130000C","(04)23274275","(04)23288582","2026","1","4","17","34","臺中市","沙鹿區","0","0","0","7","","","50","","","","","","","","","","","","","","","","","","","B03","","","1","","2","","","7","7","1","6","4","120.56646","24.202828","3"
"1388","66000","387130000C","(04)23274275","(04)23288582","2026","1","4","17","40","臺中市","西區","0","1","0","7","2","6","50","4","1","1","5","4","6","6","1","1","10","5","5","2","16","3","10","3","1","B03","7","6","1","8","2","6","","11","11","1","12","4","120.669784","24.13844","2"
"1389","66000","387130000C","(04)23274275","(04)23288582","2026","1","4","17","45","臺中市","南屯區","0","1","0","7","3","6","50","13","9","1","5","4","6","6","1","1","5","4","5","2","12","3","10","3","1","B03","7","1","1","8","2","8","","51","51","1","12","4","120.653143","24.129427","2"
"1390","66000","387130000C","(04)23274275","(04)23288582","2026","1","4","17","47","臺中市","西區","0","1","0","7","1","6","50","13","9","1","5","4","6","6","4","4","10","5","5","2","17","2","9","2","1","C03","7","9","1","10","2","11","","84","84","1","12","4","120.650649","24.144338","2"
"1391","66000","387130000C","(04)23274275","(04)23288582","2026","1","4","17","47","臺中市","西屯區","0","1","0","7","1","6","50","13","9","1","5","4","6","6","4","4","5","4","5","2","17","2","9","5","4","C03","7","9","1","10","2","11","","84","84","1","13","4","120.623684","24.185899","2"
"1392","66000","387130000C","(04)23274275","(04)23288582","2026","1","4","17","48","臺中市","梧棲區","0","0","0","7","","","50","","","","","","","","","","","","","","13","","","","","B03","","","1","","1","","","49","49","1","6","4","120.537049","24.258843","4"
"1393","66000","387130000C","(04)23274275","(04)23288582","2026","1","4","17","53","臺中市","潭子區","0","2","0","7","1","6","50","5","1","1","5","4","6","6","2","1","10","5","5","2","16","3","10","3","1","B03","7","5","1","8","2","2","","87","87","1","12","4","120.703371","24.200713","2"
"1394","66000","387130000C","(04)23274275","(04)23288582","2026","1","4","17","53","臺中市","太平區","0","0","0","7","","3","40","","","","","","","","","","","","","","17","","","","","B03","","","1","","2","","","58","58","1","6","4","120.708712","24.134108","3"
"1395","66000","387130000C","(04)23274275","(04)23288582","2026","1","4","17","54","臺中市","大里區","0","0","0","7","","","50","","","","","","","","","","","","","","13","","","","","B03","","","1","","2","","","84","84","1","13","4","120.678575","24.09692","3"
"1396","66000","387130000C","(04)23274275","(04)23288582","2026","1","4","18","12","臺中市","烏日區","0","1","0","7","3","6","30","13","9","1","5","4","6","6","4","4","10","5","5","1","10","2","9","1","1","C03","7","9","1","10","2","11","","84","84","1","6","4","120.606457","24.119512","2"
"1397","66000","387130000C","(04)23274275","(04)23288582","2026","1","4","18","15","臺中市","大肚區","0","1","0","7","1","6","30","4","1","1","5","4","6","6","4","4","10","5","5","2","15","3","10","3","1","B03","7","9","1","8","2","1","","15","15","1","6","4","120.53526","24.169432","2"
"1398","66000","387130000C","(04)23274275","(04)23288582","2026","1","4","18","19","臺中市","清水區","0","0","0","7","","","30","","","","","","","","","","","","","","15","","","","","B03","","","1","","2","","","12","12","1","13","4","120.58939","24.296992","3"
"1399","66000","387130000C","(04)23274275","(04)23288582","2026","1","4","18","20","臺中市","神岡區","0","0","0","7","","","50","","","","","","","","","","","","","","14","","","","","B03","","","1","","2","","","49","49","2","13","4","120.678437","24.249831","3"
"1400","66000","387130000C","(04)23274275","(04)23288582","2026","1","4","18","24","臺中市","大里區","0","0","0","7","","","50","","","","","","","","","","","","","","","","","","","B01","","","1","","2","","","84","84","1","12","4","120.701098","24.110661","3"
"1401","66000","387130000C","(04)23274275","(04)23288582","2026","1","4","18","25","臺中市","西屯區","0","0","0","7","","","50","","","","","","","","","","","","","","13","","","","","B03","","","1","","2","","","59","59","1","12","4","120.638644","24.158253","3"
"1402","66000","387130000C","(04)23274275","(04)23288582","2026","1","4","18","26","臺中市","太平區","0","1","0","7","1","6","50","13","9","1","5","4","6","6","4","4","5","5","5","1","16","3","10","1","1","C03","7","11","1","10","2","13","","45","45","1","12","4","120.701266","24.153279","2"
"1403","66000","387130000C","(04)23274275","(04)23288582","2026","1","4","18","36","臺中市","西屯區","0","0","0","7","","","50","","","","","","","","","","","","","","15","","","","","B03","","","1","","1","","","12","12","1","13","4","120.65496","24.199187","3"
"1404","66000","387130000C","(04)23274275","(04)23288582","2026","1","4","18","46","臺中市","西區","0","0","0","7","","","50","","","","","","","","","","","","","","12","","","","","C03","","","1","","1","","","84","84","1","12","4","120.667645","24.145066","3"
"1405","66000","387130000C","(04)23274275","(04)23288582","2026","1","4","18","46","臺中市","西屯區","0","1","0","7","1","6","50","3","1","1","5","4","6","6","4","4","5","4","4","2","13","2","9","5","4","C03","7","9","1","10","2","11","","7","7","1","12","2","120.652563","24.176128","2"
"1406","66000","387130000C","(04)23274275","(04)23288582","2026","1","4","18","49","臺中市","大里區","0","1","0","7","1","6","40","3","7","1","5","4","6","6","3","1","5","5","4","2","17","2","9","4","1","F01","7","6","7","21","2","11","","48","48","1","13","4","120.683835","24.109455","2"
"1407","66000","387130000C","(04)23274275","(04)23288582","2026","1","4","18","57","臺中市","北區","0","0","0","7","","","50","","","","","","","","","","","","","","13","","","","","B03","","","1","","1","","","84","84","1","12","4","120.674104","24.147159","3"
"1408","66000","387130000C","(04)23274275","(04)23288582","2026","1","4","18","57","臺中市","東勢區","0","1","0","7","1","6","50","13","7","1","5","4","6","6","4","4","5","5","5","1","6","2","8","6","5","H01","8","18","7","21","10","17","","95","95","1","13","5","120.828768","24.256448","2"
"1409","66000","387130000C","(04)23274275","(04)23288582","2026","1","4","19","1","臺中市","新社區","0","1","0","7","3","6","40","11","9","1","5","4","6","6","4","4","5","5","5","1","19","2","8","5","4","C03","7","9","1","10","2","11","12","84","84","1","13","4","120.884477","24.12368","2"
"1410","66000","387130000C","(04)23274275","(04)23288582","2026","1","4","19","7","臺中市","西區","0","0","0","7","","","50","","","","","","","","","","","","","","","","","","","B03","","","1","8","1","","","84","84","1","13","4","120.659695","24.157292","3"
"1411","66000","387130000C","(04)23274275","(04)23288582","2026","1","4","19","7","臺中市","北區","0","2","0","7","1","6","50","13","24","1","5","4","6","6","4","4","9","5","5","2","17","2","7","5","4","C03","7","9","1","10","2","11","","7","7","1","13","4","120.682339","24.159109","2"
"1412","66000","387130000C","(04)23274275","(04)23288582","2026","1","4","19","18","臺中市","西屯區","0","0","0","7","","","50","","","","","","","","","","","","","","13","","","","","B02","","","1","","1","","","56","56","1","13","4","120.624041","24.185477","3"
"1413","66000","387130000C","(04)23274275","(04)23288582","2026","1","4","19","23","臺中市","大里區","0","1","0","7","1","6","50","13","9","1","5","4","6","6","4","4","5","4","5","1","16","3","10","3","1","B03","7","11","1","8","2","5","","32","32","1","12","4","120.676858","24.115013","2"
"1414","66000","387130000C","(04)23274275","(04)23288582","2026","1","4","19","24","臺中市","北屯區","0","0","0","7","","","50","","","","","","","","","","","","","","16","","","","","B03","","","1","8","2","","","11","11","1","6","4","120.669421","24.177257","3"
"1415","66000","387130000C","(04)23274275","(04)23288582","2026","1","4","19","32","臺中市","北區","0","1","0","7","1","6","50","3","1","1","5","4","6","6","4","4","1","4","5","2","18","2","9","5","4","C03","7","12","1","10","2","12","","84","84","1","13","4","120.677121","24.15235","2"
"1416","66000","387130000C","(04)23274275","(04)23288582","2026","1","4","19","45","臺中市","北區","0","1","0","7","1","6","50","4","2","1","5","4","6","6","2","1","10","5","5","2","9","3","10","3","1","B03","7","5","1","8","2","5","","10","10","1","13","4","120.684717","24.142874","2"
"1417","66000","387130000C","(04)23274275","(04)23288582","2026","1","4","19","46","臺中市","大雅區","0","0","0","6","","","50","","","","","","","","","","","","","","","","","","","B03","","","1","","1","","","47","47","1","13","4","120.662594","24.219454","3"
"1418","66000","387130000C","(04)23274275","(04)23288582","2026","1","4","19","55","臺中市","南屯區","0","0","0","7","","","0","","","","","","","","","","","","","","17","","","","","C03","","","1","","2","","","50","50","1","12","4","120.64679","24.135845","3"
"1419","66000","387130000C","(04)23274275","(04)23288582","2026","1","4","20","0","臺中市","西區","0","0","0","6","","","50","","","","","","","","","","","","","","","","","","","B03","","","1","","1","","","84","84","2","13","4","120.65996","24.147222","3"
"1420","66000","387130000C","(04)23274275","(04)23288582","2026","1","4","20","2","臺中市","東區","0","2","0","7","1","6","50","4","1","1","5","4","6","6","4","4","10","5","5","2","15","2","9","1","1","C03","7","9","3","19","2","11","","15","15","1","12","4","120.71","24.143303","2"
"1421","66000","387130000C","(04)23274275","(04)23288582","2026","1","4","20","2","臺中市","神岡區","0","1","0","7","2","6","50","5","1","1","5","4","6","6","1","1","10","5","5","2","13","3","10","3","1","B03","7","6","1","8","2","8","","23","23","1","6","4","120.663974","24.258462","2"
"1422","66000","387130000C","(04)23274275","(04)23288582","2026","1","4","20","3","臺中市","北屯區","0","0","0","7","","","50","","","","","","","","","","","","","","13","","","","","B03","","","1","","1","","","59","59","1","6","4","120.690369","24.173986","3"
"1423","66000","387130000C","(04)23274275","(04)23288582","2026","1","4","20","7","臺中市","西屯區","0","2","0","7","1","6","50","3","1","1","5","4","6","6","4","4","10","5","5","2","17","3","10","5","4","B03","7","1","1","8","2","8","","51","51","1","13","4","120.65671","24.156737","2"
"1424","66000","387130000C","(04)23274275","(04)23288582","2026","1","4","20","8","臺中市","北屯區","0","0","0","7","","","50","","","","","","","","","","","","","","17","","","","","B03","","","1","","2","","","58","58","1","6","4","120.712822","24.168651","3"
"1425","66000","387130000C","(04)23274275","(04)23288582","2026","1","4","20","9","臺中市","北區","0","1","0","7","1","6","50","4","1","1","5","4","6","6","1","1","10","5","5","2","17","3","10","5","4","B03","7","5","1","8","2","2","","11","11","1","12","4","120.686685","24.163083","2"
"1426","66000","387130000C","(04)23274275","(04)23288582","2026","1","4","20","10","臺中市","大里區","0","0","0","7","","","50","","","","","","","","","","","","","","13","","","","","C03","","","1","","2","","","7","7","1","12","4","120.685712","24.089454","3"
"1427","66000","387130000C","(04)23274275","(04)23288582","2026","1","4","20","28","臺中市","東區","0","1","0","7","1","6","50","4","1","1","5","4","6","6","4","4","5","5","5","2","12","2","9","1","1","F01","7","6","7","21","2","14","","42","42","1","13","4","120.68727","24.141517","2"
"1428","66000","387130000C","(04)23274275","(04)23288582","2026","1","4","20","36","臺中市","西屯區","0","0","0","7","","","30","","","","","","","","","","","","","","14","","","","","B12","","","1","","2","","","78","78","1","12","4","120.645253","24.19655","3"
"1429","66000","387130000C","(04)23274275","(04)23288582","2026","1","4","20","39","臺中市","南屯區","0","0","0","7","","","50","","","","","","","","","","","","","","17","","","","","C03","","","1","","1","","","84","84","1","6","4","120.64365","24.136276","4"
"1430","66000","387130000C","(04)23274275","(04)23288582","2026","1","4","20","47","臺中市","西區","0","0","0","7","","","30","","","","","","","","","","","","","","14","","","","","B03","","","1","","1","","","49","49","1","12","4","120.663153","24.154249","3"
"1431","66000","387130000C","(04)23274275","(04)23288582","2026","1","4","20","49","臺中市","南區","0","1","0","7","1","6","50","4","1","1","5","4","6","6","1","1","10","5","5","2","9","3","10","5","4","B03","7","6","1","15","2","1","","84","84","1","12","4","120.684219","24.129114","2"
"1432","66000","387130000C","(04)23274275","(04)23288582","2026","1","4","20","51","臺中市","西屯區","0","0","0","7","","","50","","","","","","","","","","","","","","13","","","","","C03","","","1","","1","","","7","7","1","13","4","120.646632","24.174993","3"
"1433","66000","387130000C","(04)23274275","(04)23288582","2026","1","4","21","7","臺中市","太平區","0","0","0","7","","","50","","","","","","","","","","","","","","","","","","","B03","","","1","","1","","","84","84","1","12","4","120.734436","24.145485","3"
"1434","66000","387130000C","(04)23274275","(04)23288582","2026","1","4","21","9","臺中市","豐原區","0","2","0","7","1","6","50","3","1","1","5","4","6","6","3","1","5","5","4","1","16","3","10","1","1","C03","7","5","1","10","2","13","","47","47","1","13","4","120.724736","24.252231","2"
"1435","66000","387130000C","(04)23274275","(04)23288582","2026","1","4","21","11","臺中市","太平區","0","1","0","6","1","6","50","3","1","1","5","4","6","6","4","4","10","5","5","2","16","3","10","1","1","C03","7","6","1","10","2","14","","14","14","1","12","4","120.721306","24.12189","2"
"1436","66000","387130000C","(04)23274275","(04)23288582","2026","1","4","21","12","臺中市","南區","0","1","0","7","1","6","50","4","1","1","5","4","6","6","2","1","10","5","5","2","13","2","8","2","1","C03","7","9","1","10","1","11","","7","7","1","12","4","120.669613","24.118869","2"
"1437","66000","387130000C","(04)23274275","(04)23288582","2026","1","4","21","16","臺中市","南區","0","2","0","7","1","6","50","4","1","1","5","4","6","6","1","1","10","5","5","2","16","2","9","2","1","C03","7","6","1","10","2","12","","36","36","1","12","4","120.677942","24.129356","2"
"1438","66000","387130000C","(04)23274275","(04)23288582","2026","1","4","21","18","臺中市","南區","0","0","0","7","","","50","","","","","","","","","","","","","","","","","","","B03","","","1","","2","","","84","84","1","12","4","120.654101","24.126367","3"
"1439","66000","387130000C","(04)23274275","(04)23288582","2026","1","4","21","31","臺中市","東區","0","0","0","7","","","40","","","","","","","","","","","","","","9","","","","","F01","","","7","","2","","","51","51","1","13","4","120.689404","24.133747","3"