序號,縣市別代碼,機關代碼,市話,傳真,年,月,日,時,分,縣市,區,死亡數量,受傷數量,2-30,天候,道路照明設備,道路類別,道路速限,道路型態,事故位置,路面鋪裝,路面狀態,路面缺陷,障礙物,視距,號誌種類,號誌動作,分向設施,快車道或一般車道間,快慢車道間,路面邊線,事故類型及型態,受傷程度,主要傷處,保護裝備,行動電話或功能裝置,當事者區分(類別),車輛用途,當事者行動狀態,駕照狀態,駕照種類,飲酒情形,車輛撞擊部位最初,車輛撞擊部位其他,肇事因素個別,肇事因素主要,肇事逃逸,職業,共享經濟或外送平台,GPS座標X,GPS座標Y,事故類別
"1660","66000","387130000C","(04)23274275","(04)23288582","2026","1","5","13","3","臺中市","西屯區","0","2","0","7","2","6","50","3","2","1","5","4","6","6","4","4","10","5","5","2","16","2","9","1","1","C03","7","11","1","10","2","12","","45","45","1","12","4","120.652387","24.169639","2"
"1661","66000","387130000C","(04)23274275","(04)23288582","2026","1","5","13","5","臺中市","東區","0","2","0","7","2","6","30","3","1","1","5","4","6","6","4","4","10","5","5","2","9","2","9","1","1","C03","7","9","1","10","2","11","","84","84","1","13","4","120.684385","24.13283","2"
"1662","66000","387130000C","(04)23274275","(04)23288582","2026","1","5","13","5","臺中市","南屯區","0","0","0","7","","","40","","","","","","","","","","","","","","17","","","","","B03","","","1","","10","","","87","87","1","12","4","120.628315","24.117804","3"
"1663","66000","387130000C","(04)23274275","(04)23288582","2026","1","5","13","5","臺中市","霧峰區","0","0","0","7","","","40","","","","","","","","","","","","","","14","","","","","B03","","","1","","1","","","49","49","1","6","4","120.66199","24.069887","3"
"1664","66000","387130000C","(04)23274275","(04)23288582","2026","1","5","13","6","臺中市","烏日區","0","0","0","7","","","60","","","","","","","","","","","","","","13","","","","","B12","","","1","","1","","","7","7","1","6","4","120.65284","24.090219","3"
"1665","66000","387130000C","(04)23274275","(04)23288582","2026","1","5","13","8","臺中市","龍井區","0","0","0","7","","","40","","","","","","","","","","","","","","","","","","","B12","","","1","","2","","","84","84","1","6","4","120.510409","24.211086","3"
"1666","66000","387130000C","(04)23274275","(04)23288582","2026","1","5","13","10","臺中市","中區","0","1","0","7","3","6","50","4","1","1","5","4","6","6","1","1","10","5","5","2","16","3","10","3","1","B03","7","6","1","8","1","2","","11","11","1","12","4","120.684355","24.142255","2"
"1667","66000","387130000C","(04)23274275","(04)23288582","2026","1","5","13","13","臺中市","北屯區","0","0","0","7","","","50","","","","","","","","","","","","","","17","","","","","","","","","","","","","119","119","1","","","120.71087","24.165623","3"
"1668","66000","387130000C","(04)23274275","(04)23288582","2026","1","5","13","14","臺中市","烏日區","0","0","0","7","","","50","","","","","","","","","","","","","","13","","","","","C03","","","2","","1","","","7","7","1","6","4","120.624485","24.103682","4"
"1669","66000","387130000C","(04)23274275","(04)23288582","2026","1","5","13","15","臺中市","烏日區","0","1","0","7","3","6","50","4","2","1","5","4","6","6","4","4","1","4","1","2","16","3","10","3","1","B03","7","6","1","8","2","5","","84","84","1","6","4","120.616764","24.11379","2"
"1670","66000","387130000C","(04)23274275","(04)23288582","2026","1","5","13","17","臺中市","大里區","0","0","0","7","2","6","50","4","2","1","5","4","6","6","1","1","5","4","5","2","13","","","","","B12","","","1","","2","","","7","7","1","13","4","120.679124","24.109341","3"
"1671","66000","387130000C","(04)23274275","(04)23288582","2026","1","5","13","18","臺中市","霧峰區","0","0","0","7","","","40","","","","","","","","","","","","","","","","","","","C03","","","1","","2","","","84","84","1","5","4","120.714096","24.076815","3"
"1672","66000","387130000C","(04)23274275","(04)23288582","2026","1","5","13","30","臺中市","石岡區","0","0","0","7","","","50","","","","","","","","","","","","","","","","","","","B12","","","1","","1","","","59","59","1","12","4","120.791167","24.272675","3"
"1673","66000","387130000C","(04)23274275","(04)23288582","2026","1","5","13","33","臺中市","南屯區","0","0","0","7","","","50","","","","","","","","","","","","","","12","","","","","B03","","","1","","2","","","8","8","1","12","4","120.647076","24.140113","3"
"1674","66000","387130000C","(04)23274275","(04)23288582","2026","1","5","13","39","臺中市","北區","0","0","0","7","","","40","","","","","","","","","","","","","","","","","","","B03","","","1","","1","","","84","84","1","12","4","120.688712","24.153588","3"
"1675","66000","387130000C","(04)23274275","(04)23288582","2026","1","5","13","40","臺中市","龍井區","0","0","0","7","","","50","","","","","","","","","","","","","","12","","","","","C03","","","1","","1","","","7","7","1","6","4","120.593072","24.182623","4"
"1676","66000","387130000C","(04)23274275","(04)23288582","2026","1","5","13","46","臺中市","烏日區","0","2","0","7","2","6","30","13","9","1","5","4","6","6","4","4","10","5","5","2","13","2","8","2","1","C03","7","9","5","10","2","11","","7","7","1","6","4","120.60574","24.118499","2"
"1677","66000","387130000C","(04)23274275","(04)23288582","2026","1","5","13","49","臺中市","北屯區","0","0","0","7","","","50","","","","","","","","","","","","","","","","","","","B03","","","1","","1","","","84","84","1","13","4","120.666855","24.181029","3"
"1678","66000","387130000C","(04)23274275","(04)23288582","2026","1","5","13","50","臺中市","東區","0","1","0","7","1","6","50","13","8","1","5","4","6","6","4","4","1","4","4","2","12","3","10","5","4","B12","7","9","1","8","2","2","","8","8","1","13","4","120.696412","24.136245","2"
"1679","66000","387130000C","(04)23274275","(04)23288582","2026","1","5","13","52","臺中市","南屯區","0","2","0","7","2","6","50","13","9","1","5","4","6","6","4","4","1","4","5","2","17","3","10","4","1","B03","7","15","1","7","2","4","","76","76","1","6","4","120.654111","24.140212","2"
"1680","66000","387130000C","(04)23274275","(04)23288582","2026","1","5","13","55","臺中市","北屯區","0","0","0","7","","","50","","","","","","","","","","","","","","12","","","","","B03","","","1","","1","","","40","40","1","13","4","120.660129","24.192613","3"
"1681","66000","387130000C","(04)23274275","(04)23288582","2026","1","5","13","57","臺中市","南屯區","0","1","0","7","2","6","50","4","1","1","5","4","6","6","2","1","9","4","5","2","18","2","9","1","1","C03","7","9","3","19","2","14","","59","59","1","12","4","120.650754","24.150965","2"
"1682","66000","387130000C","(04)23274275","(04)23288582","2026","1","5","14","0","臺中市","西屯區","0","1","0","7","2","6","30","3","1","1","5","4","6","6","4","4","10","5","5","2","16","2","9","1","1","C03","7","6","1","10","2","14","","12","12","1","12","4","120.638831","24.172069","2"
"1683","66000","387130000C","(04)23274275","(04)23288582","2026","1","5","14","0","臺中市","大里區","0","1","0","7","2","6","50","4","1","1","5","4","6","6","1","1","10","5","5","2","17","2","9","1","1","C03","7","9","1","10","2","12","","21","21","1","12","4","120.66403","24.086747","2"
"1684","66000","387130000C","(04)23274275","(04)23288582","2026","1","5","14","3","臺中市","北區","0","1","0","7","2","6","50","4","1","1","5","4","6","6","1","1","10","5","5","2","17","2","9","5","4","C03","7","15","1","10","2","13","","48","48","1","13","4","120.698654","24.160221","2"
"1685","66000","387130000C","(04)23274275","(04)23288582","2026","1","5","14","7","臺中市","大里區","0","0","0","7","","","50","","","","","","","","","","","","","","17","","","","","B12","","","1","2","2","","","51","51","1","13","4","120.704435","24.095813","3"
"1686","66000","387130000C","(04)23274275","(04)23288582","2026","1","5","14","10","臺中市","沙鹿區","0","1","0","7","2","6","50","13","8","1","5","4","6","6","4","4","1","3","4","2","12","3","10","3","1","B03","7","9","1","8","2","2","","8","8","1","12","4","120.566973","24.253196","2"
"1687","66000","387130000C","(04)23274275","(04)23288582","2026","1","5","14","29","臺中市","西屯區","0","1","0","7","2","6","50","3","1","1","4","4","6","6","4","4","10","5","5","2","17","3","10","5","4","B12","7","5","1","4","9","16","","75","75","1","12","4","120.652056","24.172169","2"
"1688","66000","387130000C","(04)23274275","(04)23288582","2026","1","5","14","33","臺中市","神岡區","0","0","0","7","","","50","","","","","","","","","","","","","","17","","","","","B03","","","1","","1","","","59","59","1","6","4","120.673964","24.261213","3"
"1689","66000","387130000C","(04)23274275","(04)23288582","2026","1","5","14","36","臺中市","東區","0","1","0","7","2","6","50","4","1","1","5","4","6","6","1","1","10","5","5","2","15","2","9","2","1","C03","7","9","1","10","2","12","","21","21","1","12","4","120.692458","24.140022","2"
"1690","66000","387130000C","(04)23274275","(04)23288582","2026","1","5","14","41","臺中市","大雅區","0","1","0","7","3","6","50","13","8","1","5","4","6","6","4","4","5","2","4","2","17","3","10","3","1","B12","7","5","1","8","2","5","","84","84","1","12","4","120.669085","24.21589","2"
"1691","66000","387130000C","(04)23274275","(04)23288582","2026","1","5","14","44","臺中市","豐原區","0","0","0","7","","","50","","","","","","","","","","","","","","13","","","","","B03","","","1","","2","","","7","7","1","12","4","120.756604","24.275276","3"
"1692","66000","387130000C","(04)23274275","(04)23288582","2026","1","5","14","45","臺中市","太平區","0","0","0","7","","","40","","","","","","","","","","","","","","17","","","","","C03","","","1","","2","","","84","84","1","12","4","120.733651","24.146889","3"
"1693","66000","387130000C","(04)23274275","(04)23288582","2026","1","5","14","47","臺中市","西屯區","0","2","0","7","2","6","0","18","21","4","5","4","6","6","4","4","10","5","5","2","17","2","5","2","1","C03","7","1","1","10","2","14","","51","51","1","12","4","120.658035","24.178095","2"
"1694","66000","387130000C","(04)23274275","(04)23288582","2026","1","5","14","49","臺中市","北區","0","0","0","7","3","6","50","4","2","1","5","4","6","6","4","4","10","5","5","2","17","","","","","B13","","","1","","2","","","47","47","1","13","4","120.670125","24.168692","3"
"1695","66000","387130000C","(04)23274275","(04)23288582","2026","1","5","14","49","臺中市","清水區","0","0","0","7","","","30","","","","","","","","","","","","","","14","","","","","A05","","","1","","2","","","49","49","1","6","4","120.633044","24.29202","3"
"1696","66000","387130000C","(04)23274275","(04)23288582","2026","1","5","14","52","臺中市","潭子區","0","0","0","7","","","50","","","","","","","","","","","","","","","","","","","B03","","","1","","2","","","7","7","1","13","4","120.673741","24.208132","3"
"1697","66000","387130000C","(04)23274275","(04)23288582","2026","1","5","14","52","臺中市","東區","0","1","0","7","1","6","50","4","1","1","5","4","6","6","2","1","10","5","5","2","16","3","10","3","1","B02","7","6","1","8","2","6","","11","11","1","6","4","120.696654","24.138863","2"
"1698","66000","387130000C","(04)23274275","(04)23288582","2026","1","5","14","52","臺中市","北屯區","0","0","0","7","","","30","","","","","","","","","","","","","","17","","","","","B12","","","1","","1","","","59","59","1","12","4","120.693422","24.179521","3"
"1699","66000","387130000C","(04)23274275","(04)23288582","2026","1","5","14","54","臺中市","大雅區","0","1","0","7","3","6","30","13","9","1","5","4","6","6","4","4","10","5","5","1","14","3","10","3","1","A12","7","2","1","3","1","3","","49","49","1","13","4","120.665163","24.201859","2"
"1700","66000","387130000C","(04)23274275","(04)23288582","2026","1","5","14","54","臺中市","大里區","0","0","0","7","2","6","50","13","9","1","5","4","6","6","3","1","1","4","5","1","13","","","","","B12","","","1","","1","","","84","84","1","13","4","120.680645","24.107001","3"
"1701","66000","387130000C","(04)23274275","(04)23288582","2026","1","5","14","55","臺中市","北屯區","0","1","0","7","2","6","50","13","5","1","5","4","6","6","4","4","10","5","5","2","17","2","8","4","1","F01","7","1","7","21","2","11","","20","20","1","6","4","120.69296","24.163272","2"
"1702","66000","387130000C","(04)23274275","(04)23288582","2026","1","5","14","55","臺中市","大里區","0","0","0","7","","","40","","","","","","","","","","","","","","17","","","","","B03","","","1","","2","","","84","84","1","12","4","120.725339","24.092766","3"
"1703","66000","387130000C","(04)23274275","(04)23288582","2026","1","5","14","58","臺中市","西區","0","1","0","7","2","6","50","4","1","1","5","4","6","6","2","1","1","4","4","2","12","3","10","3","1","B12","7","5","1","3","2","2","","84","84","1","13","4","120.671231","24.145656","2"
"1704","66000","387130000C","(04)23274275","(04)23288582","2026","1","5","15","1","臺中市","豐原區","0","0","0","7","","","30","","","","","","","","","","","","","","16","","","","","B03","","","1","","1","","","12","12","1","13","4","120.696813","24.242606","3"
"1705","66000","387130000C","(04)23274275","(04)23288582","2026","1","5","15","9","臺中市","北屯區","0","0","0","7","","","30","","","","","","","","","","","","","","14","","","","","A12","","","1","","2","","","49","49","1","6","4","120.707693","24.171268","3"
"1706","66000","387130000C","(04)23274275","(04)23288582","2026","1","5","15","10","臺中市","東區","0","1","0","7","3","6","50","4","1","1","5","4","6","6","1","1","10","5","5","2","16","3","10","5","4","B03","7","5","1","8","2","2","","11","11","1","12","4","120.711268","24.144465","2"
"1707","66000","387130000C","(04)23274275","(04)23288582","2026","1","5","15","10","臺中市","北屯區","0","0","0","7","","","30","","","","","","","","","","","","","","","","","","","A12","","","1","","2","","","84","84","1","13","4","120.697626","24.178237","3"
"1708","66000","387130000C","(04)23274275","(04)23288582","2026","1","5","15","10","臺中市","西屯區","0","2","0","7","2","6","40","4","1","1","5","4","6","6","1","1","10","5","5","2","16","2","8","2","1","C03","7","6","3","19","2","11","","48","48","1","12","4","120.657522","24.167855","2"
"1709","66000","387130000C","(04)23274275","(04)23288582","2026","1","5","15","13","臺中市","豐原區","0","0","0","7","","","50","","","","","","","","","","","","","","13","","","","","B03","","","1","","2","","","56","56","1","12","4","120.704415","24.239395","3"
"1710","66000","387130000C","(04)23274275","(04)23288582","2026","1","5","15","18","臺中市","西區","0","1","0","7","2","6","50","4","2","1","5","4","6","6","1","1","10","5","5","2","12","2","9","2","1","C04","7","7","1","11","2","14","","42","42","1","12","4","120.675695","24.13873","2"
"1711","66000","387130000C","(04)23274275","(04)23288582","2026","1","5","15","20","臺中市","西屯區","0","0","0","7","","","50","","","","","","","","","","","","","","12","","","","","B03","","","1","","1","","","85","85","1","12","4","120.641018","24.167806","4"
"1712","66000","387130000C","(04)23274275","(04)23288582","2026","1","5","15","24","臺中市","東區","0","0","0","7","","","50","","","","","","","","","","","","","","16","","","","","B03","","","1","","1","","","11","11","1","13","4","120.700678","24.127254","3"
"1713","66000","387130000C","(04)23274275","(04)23288582","2026","1","5","15","26","臺中市","沙鹿區","0","0","0","7","","","50","","","","","","","","","","","","","","","","","","","B03","","","1","","1","","","12","12","1","13","4","120.560785","24.237033","3"
"1714","66000","387130000C","(04)23274275","(04)23288582","2026","1","5","15","28","臺中市","北屯區","0","0","0","7","","","50","","","","","","","","","","","","","","16","","","","","B03","","","1","","2","","","21","21","1","6","4","120.722072","24.18598","3"
"1715","66000","387130000C","(04)23274275","(04)23288582","2026","1","5","15","32","臺中市","西區","0","0","0","7","","","0","","","","","","","","","","","","","","17","","","","","C03","","","3","","9","","","84","84","1","12","4","120.662562","24.136571","3"
"1716","66000","387130000C","(04)23274275","(04)23288582","2026","1","5","15","35","臺中市","南屯區","0","0","0","7","","","40","","","","","","","","","","","","","","12","","","","","B03","","","1","","2","","","8","8","1","12","4","120.616359","24.152425","3"
"1717","66000","387130000C","(04)23274275","(04)23288582","2026","1","5","15","35","臺中市","豐原區","0","0","0","7","","","40","","","","","","","","","","","","","","17","","","","","B03","","","1","","9","","","87","87","1","13","4","120.733932","24.24738","3"
"1718","66000","387130000C","(04)23274275","(04)23288582","2026","1","5","15","36","臺中市","北屯區","0","0","0","7","","","50","","","","","","","","","","","","","","17","","","","","C03","","","1","","9","","","84","84","2","12","4","120.694259","24.16491","3"
"1719","66000","387130000C","(04)23274275","(04)23288582","2026","1","5","15","38","臺中市","南屯區","0","2","0","7","2","6","50","13","9","1","5","4","6","6","4","4","1","4","5","2","30","2","9","1","1","C03","7","9","1","10","2","11","","84","84","1","12","4","120.646593","24.141313","2"
"1720","66000","387130000C","(04)23274275","(04)23288582","2026","1","5","15","38","臺中市","神岡區","0","1","0","7","2","6","30","4","1","1","5","4","6","6","4","4","10","5","5","2","15","2","9","5","4","C03","7","9","1","10","2","11","","12","12","1","12","4","120.659271","24.27065","2"
"1721","66000","387130000C","(04)23274275","(04)23288582","2026","1","5","15","45","臺中市","大里區","0","1","0","7","2","6","50","4","1","1","5","4","6","6","1","1","3","4","4","1","12","3","10","3","1","B02","7","5","1","8","2","2","","47","47","1","6","4","120.697453","24.082797","2"
"1722","66000","387130000C","(04)23274275","(04)23288582","2026","1","5","15","46","臺中市","西屯區","0","1","0","7","2","6","40","13","8","1","5","4","6","6","4","4","5","5","5","2","13","2","9","2","4","C03","7","9","1","10","2","11","","59","59","1","13","4","120.644293","24.165332","2"
"1723","66000","387130000C","(04)23274275","(04)23288582","2026","1","5","15","49","臺中市","大里區","0","2","0","7","2","6","50","4","1","1","5","4","6","6","4","4","10","5","5","2","16","3","10","1","1","C03","7","4","1","10","2","12","","1","1","1","12","4","120.702233","24.110096","2"
"1724","66000","387130000C","(04)23274275","(04)23288582","2026","1","5","15","50","臺中市","烏日區","0","0","0","7","2","6","30","13","7","1","5","4","6","6","4","4","1","4","5","2","12","3","10","3","1","B03","7","8","1","8","1","7","","40","40","1","6","4","120.616278","24.111486","3"
"1725","66000","387130000C","(04)23274275","(04)23288582","2026","1","5","15","50","臺中市","和平區","0","0","0","7","","","50","","","","","","","","","","","","","","20","","","","","B02","","","1","","1","","","59","59","1","12","4","120.921403","24.186059","3"
"1726","66000","387130000C","(04)23274275","(04)23288582","2026","1","5","15","53","臺中市","東區","0","0","0","7","","","50","","","","","","","","","","","","","","","","","","","B12","","","1","","1","","","84","84","1","12","4","120.696471","24.135639","3"
"1727","66000","387130000C","(04)23274275","(04)23288582","2026","1","5","15","54","臺中市","烏日區","0","0","0","7","","","50","","","","","","","","","","","","","","13","","","","","B03","","","1","","2","","","84","84","1","6","4","120.629316","24.101295","3"
"1728","66000","387130000C","(04)23274275","(04)23288582","2026","1","5","15","57","臺中市","大里區","0","0","0","7","","","60","","","","","","","","","","","","","","13","","","","","B03","","","1","","2","","","7","7","1","12","4","120.688869","24.079801","3"
"1729","66000","387130000C","(04)23274275","(04)23288582","2026","1","5","16","1","臺中市","龍井區","0","0","0","7","","","40","","","","","","","","","","","","","","","","","","","A12","","","1","","1","","","84","84","1","6","4","120.497571","24.204363","3"
"1730","66000","387130000C","(04)23274275","(04)23288582","2026","1","5","16","2","臺中市","霧峰區","0","0","0","7","","","40","","","","","","","","","","","","","","13","","","","","B03","","","1","","2","","","59","59","1","12","4","120.663324","24.062902","3"
"1731","66000","387130000C","(04)23274275","(04)23288582","2026","1","5","16","4","臺中市","梧棲區","0","0","0","7","","","50","","","","","","","","","","","","","","17","","","","","B03","","","1","","2","","","8","8","1","6","4","120.542537","24.243596","3"
"1732","66000","387130000C","(04)23274275","(04)23288582","2026","1","5","16","6","臺中市","南屯區","0","0","0","7","","","50","","","","","","","","","","","","","","","","","","","B03","","","1","","1","","","49","49","1","6","4","120.65244","24.149965","3"
"1733","66000","387130000C","(04)23274275","(04)23288582","2026","1","5","16","7","臺中市","西屯區","0","0","0","7","","","50","","","","","","","","","","","","","","17","","","","","B13","","","1","","2","","","84","84","1","12","4","120.606685","24.169049","3"
"1734","66000","387130000C","(04)23274275","(04)23288582","2026","1","5","16","15","臺中市","大雅區","0","1","0","7","3","6","50","13","9","1","5","4","6","6","4","4","9","4","5","2","17","3","10","3","1","B03","7","1","1","8","2","1","","51","51","1","13","4","120.647691","24.215291","2"
"1735","66000","387130000C","(04)23274275","(04)23288582","2026","1","5","16","15","臺中市","霧峰區","0","0","0","7","","","60","","","","","","","","","","","","","","","","","","","B03","","","1","","1","","","84","84","1","12","4","120.692521","24.045471","3"
"1736","66000","387130000C","(04)23274275","(04)23288582","2026","1","5","16","15","臺中市","沙鹿區","0","0","0","7","","","40","","","","","","","","","","","","","","11","","","","","B03","","","1","","2","","","51","51","1","12","4","120.577866","24.223486","4"
"1737","66000","387130000C","(04)23274275","(04)23288582","2026","1","5","16","24","臺中市","西區","0","0","0","7","","","0","","","","","","","","","","","","","","17","","","","","C03","","","1","","2","","","39","39","1","12","4","120.664773","24.150631","3"
"1738","66000","387130000C","(04)23274275","(04)23288582","2026","1","5","16","25","臺中市","大雅區","0","0","0","7","","","50","","","","","","","","","","","","","","","","","","","B03","","","1","","1","","","48","48","1","12","4","120.647679","24.214981","3"
"1739","66000","387130000C","(04)23274275","(04)23288582","2026","1","5","16","30","臺中市","北區","0","1","0","7","2","6","30","4","1","1","5","4","6","6","4","4","10","5","5","2","15","3","10","5","4","C03","7","9","1","10","2","11","","15","15","1","13","4","120.695763","24.152462","2"
"1740","66000","387130000C","(04)23274275","(04)23288582","2026","1","5","16","30","臺中市","北屯區","0","0","0","7","","","30","","","","","","","","","","","","","","14","","","","","B12","","","1","","2","","","49","49","1","6","4","120.664571","24.197264","3"
"1741","66000","387130000C","(04)23274275","(04)23288582","2026","1","5","16","31","臺中市","北屯區","0","1","0","7","3","6","50","13","9","1","5","4","6","6","4","4","9","5","5","2","17","2","9","1","1","C03","7","9","1","10","2","11","","84","84","1","12","4","120.678748","24.175155","2"
"1742","66000","387130000C","(04)23274275","(04)23288582","2026","1","5","16","36","臺中市","南屯區","0","0","0","7","","","50","","","","","","","","","","","","","","13","","","","","B03","","","1","","2","","","59","59","1","12","4","120.64697","24.141942","3"
"1743","66000","387130000C","(04)23274275","(04)23288582","2026","1","5","16","37","臺中市","西屯區","0","0","0","7","","","40","","","","","","","","","","","","","","13","","","","","B03","","","1","","1","","","7","7","1","13","4","120.64576","24.164542","3"
"1744","66000","387130000C","(04)23274275","(04)23288582","2026","1","5","16","37","臺中市","太平區","0","1","0","7","2","6","50","13","9","1","5","4","6","6","4","4","5","5","5","1","17","3","10","5","4","C03","7","9","1","10","2","11","","85","85","1","5","4","120.749004","24.124626","2"
"1745","66000","387130000C","(04)23274275","(04)23288582","2026","1","5","16","37","臺中市","后里區","0","1","0","7","3","6","50","13","7","1","5","4","6","6","4","4","8","3","5","1","18","2","9","1","1","C03","7","9","1","10","2","14","","59","59","1","6","4","120.683232","24.315594","2"
"1746","66000","387130000C","(04)23274275","(04)23288582","2026","1","5","16","39","臺中市","西屯區","0","0","0","7","","","70","","","","","","","","","","","","","","14","","","","","B03","","","1","","2","","","82","82","1","12","4","120.616692","24.182479","3"
"1747","66000","387130000C","(04)23274275","(04)23288582","2026","1","5","16","47","臺中市","西屯區","0","0","0","7","","","30","","","","","","","","","","","","","","14","","","","","B12","","","1","","1","","","49","49","1","12","4","120.640281","24.172385","3"
"1748","66000","387130000C","(04)23274275","(04)23288582","2026","1","5","16","50","臺中市","北區","0","1","0","7","2","6","50","3","9","1","5","4","6","6","4","4","5","5","5","2","17","3","10","5","4","C03","7","9","1","10","2","12","","39","39","1","13","4","120.676451","24.164541","2"
"1749","66000","387130000C","(04)23274275","(04)23288582","2026","1","5","16","50","臺中市","西屯區","0","0","0","7","","","50","","","","","","","","","","","","","","13","","","","","B03","","","1","","1","","","7","7","1","12","4","120.609225","24.184229","3"
"1750","66000","387130000C","(04)23274275","(04)23288582","2026","1","5","16","54","臺中市","梧棲區","0","0","0","7","","3","90","","","","","","","","","","","","","","30","","","","","B03","","","1","","2","","","87","87","1","12","4","120.534217","24.245156","3"
"1751","66000","387130000C","(04)23274275","(04)23288582","2026","1","5","16","56","臺中市","北區","0","1","0","7","3","6","50","4","2","1","5","4","6","6","1","1","5","5","5","2","13","3","10","3","1","B03","7","9","1","8","2","1","","84","84","1","12","4","120.686668","24.161525","2"
"1752","66000","387130000C","(04)23274275","(04)23288582","2026","1","5","16","58","臺中市","北屯區","0","2","0","7","1","6","50","13","9","1","5","4","6","6","4","4","3","4","5","2","12","2","9","1","1","C03","7","9","1","10","2","14","","84","84","1","13","4","120.693913","24.17107","2"
"1753","66000","387130000C","(04)23274275","(04)23288582","2026","1","5","17","0","臺中市","烏日區","0","3","0","7","3","6","30","3","1","1","5","4","6","6","4","4","10","5","5","1","16","2","9","2","1","C03","7","6","5","10","2","11","","84","84","1","12","4","120.631901","24.108569","2"
"1754","66000","387130000C","(04)23274275","(04)23288582","2026","1","5","17","1","臺中市","霧峰區","0","2","0","7","2","6","50","3","1","1","5","4","6","6","4","4","10","5","5","2","17","2","7","1","1","C03","7","6","1","10","2","14","","14","14","1","6","4","120.69792","24.069103","2"
"1755","66000","387130000C","(04)23274275","(04)23288582","2026","1","5","17","4","臺中市","太平區","0","0","0","7","","","50","","","","","","","","","","","","","","13","","","","","B03","","","1","","1","","","84","84","1","12","4","120.725646","24.149887","3"
"1756","66000","387130000C","(04)23274275","(04)23288582","2026","1","5","17","5","臺中市","北屯區","0","2","0","7","2","6","30","3","1","1","5","4","6","6","4","4","10","5","5","2","10","2","9","1","1","C03","7","9","1","10","2","11","","41","41","1","12","4","120.718835","24.183651","2"
"1757","66000","387130000C","(04)23274275","(04)23288582","2026","1","5","17","7","臺中市","梧棲區","0","0","0","7","","","50","","","","","","","","","","","","","","20","","","","","B03","","","1","","1","","","8","8","1","12","4","120.542293","24.241192","3"
"1758","66000","387130000C","(04)23274275","(04)23288582","2026","1","5","17","8","臺中市","潭子區","0","1","0","7","2","6","50","3","2","1","5","4","6","6","4","4","5","5","5","1","18","2","7","2","1","C03","7","6","1","9","2","14","","84","84","1","13","4","120.701394","24.223034","2"
"1759","66000","387130000C","(04)23274275","(04)23288582","2026","1","5","17","8","臺中市","神岡區","0","2","0","7","3","6","50","13","9","1","5","4","6","6","4","4","5","5","4","2","16","2","9","1","1","C03","7","6","3","19","2","14","","39","39","1","12","4","120.693861","24.265335","2"
"1760","66000","387130000C","(04)23274275","(04)23288582","2026","1","5","17","9","臺中市","大甲區","0","1","0","7","1","6","50","13","8","1","5","4","6","6","4","4","5","4","4","2","16","3","10","3","1","B03","7","5","1","8","2","5","","84","84","1","6","4","120.624711","24.34126","2"
"1761","66000","387130000C","(04)23274275","(04)23288582","2026","1","5","17","10","臺中市","北屯區","0","1","0","7","3","6","50","5","1","1","5","4","6","6","1","1","10","5","5","2","16","2","8","2","1","C03","7","9","1","9","2","12","","84","84","1","6","4","120.712554","24.168961","2"
"1762","66000","387130000C","(04)23274275","(04)23288582","2026","1","5","17","14","臺中市","沙鹿區","0","0","0","7","","","50","","","","","","","","","","","","","","","","","","","C03","","","1","","1","","","7","7","1","12","4","120.560836","24.241137","3"
"1763","66000","387130000C","(04)23274275","(04)23288582","2026","1","5","17","16","臺中市","西屯區","0","0","0","7","","","60","","","","","","","","","","","","","","12","","","","","B01","","","1","","1","","","40","40","1","13","4","120.64275","24.157007","3"
"1764","66000","387130000C","(04)23274275","(04)23288582","2026","1","5","17","16","臺中市","太平區","0","1","0","7","2","6","50","4","1","1","5","4","6","6","1","1","10","5","5","2","17","3","10","5","4","B03","7","6","1","8","2","5","","11","11","1","6","4","120.722512","24.142383","2"
"1765","66000","387130000C","(04)23274275","(04)23288582","2026","1","5","17","17","臺中市","北區","0","0","0","7","3","6","50","18","24","1","5","4","6","6","4","4","9","5","5","2","35","","","","","B03","","","1","","1","","","59","59","1","13","4","120.681993","24.154534","3"
"1766","66000","387130000C","(04)23274275","(04)23288582","2026","1","5","17","17","臺中市","西屯區","0","1","0","7","2","6","50","4","1","1","5","4","6","6","1","1","10","5","5","2","13","3","10","5","4","B03","7","9","1","8","2","1","","7","7","1","12","4","120.606703","24.169191","2"
"1767","66000","387130000C","(04)23274275","(04)23288582","2026","1","5","17","18","臺中市","北屯區","0","0","0","7","","3","80","","","","","","","","","","","","","","13","","","","","B03","","","1","","2","","","7","7","1","12","4","120.720754","24.169048","3"
"1768","66000","387130000C","(04)23274275","(04)23288582","2026","1","5","17","18","臺中市","西屯區","0","2","0","7","1","6","50","4","2","1","5","4","6","6","2","1","5","5","4","2","16","2","9","2","1","C03","7","6","1","10","2","12","","48","48","1","13","4","120.663321","24.178081","2"
"1769","66000","387130000C","(04)23274275","(04)23288582","2026","1","5","17","20","臺中市","西屯區","0","1","0","7","1","6","40","13","19","1","5","4","6","6","4","4","10","5","5","2","3","2","9","1","1","C03","7","9","1","10","2","11","","10","10","1","12","4","120.64448","24.185994","2"
"1770","66000","387130000C","(04)23274275","(04)23288582","2026","1","5","17","21","臺中市","南屯區","0","0","0","7","","","50","","","","","","","","","","","","","","13","","","","","C03","","","1","","1","","","7","7","1","6","2","120.630794","24.147186","4"