序號,縣市別代碼,機關代碼,市話,傳真,年,月,日,時,分,縣市,區,死亡數量,受傷數量,2-30,天候,道路照明設備,道路類別,道路速限,道路型態,事故位置,路面鋪裝,路面狀態,路面缺陷,障礙物,視距,號誌種類,號誌動作,分向設施,快車道或一般車道間,快慢車道間,路面邊線,事故類型及型態,受傷程度,主要傷處,保護裝備,行動電話或功能裝置,當事者區分(類別),車輛用途,當事者行動狀態,駕照狀態,駕照種類,飲酒情形,車輛撞擊部位最初,車輛撞擊部位其他,肇事因素個別,肇事因素主要,肇事逃逸,職業,共享經濟或外送平台,GPS座標X,GPS座標Y,事故類別
"1771","66000","387130000C","(04)23274275","(04)23288582","2026","1","5","17","21","臺中市","西屯區","0","1","0","7","1","6","40","13","8","1","5","4","6","6","4","4","1","5","1","2","13","3","10","4","1","F01","7","9","7","21","2","11","","58","58","1","12","4","120.601599","24.182263","2"
"1772","66000","387130000C","(04)23274275","(04)23288582","2026","1","5","17","25","臺中市","龍井區","0","0","0","7","","","50","","","","","","","","","","","","","","","","","","","B03","","","1","","1","","","56","56","1","6","4","120.513446","24.227697","3"
"1773","66000","387130000C","(04)23274275","(04)23288582","2026","1","5","17","26","臺中市","北屯區","0","0","0","7","","","50","","","","","","","","","","","","","","","","","","","C03","","","3","","1","","","84","84","1","12","4","120.687651","24.17177","3"
"1774","66000","387130000C","(04)23274275","(04)23288582","2026","1","5","17","26","臺中市","西屯區","0","0","0","7","","","40","","","","","","","","","","","","","","13","","","","","B03","","","1","","1","","","7","7","1","12","4","120.657803","24.15848","3"
"1775","66000","387130000C","(04)23274275","(04)23288582","2026","1","5","17","26","臺中市","龍井區","0","0","0","7","","","60","","","","","","","","","","","","","","","","","","","A11","","","1","","1","","","68","68","1","6","4","120.550075","24.216837","3"
"1776","66000","387130000C","(04)23274275","(04)23288582","2026","1","5","17","28","臺中市","南屯區","0","0","0","7","","","50","","","","","","","","","","","","","","12","","","","","A04","","","1","","9","","","84","84","1","12","4","120.639798","24.151095","3"
"1777","66000","387130000C","(04)23274275","(04)23288582","2026","1","5","17","28","臺中市","西屯區","0","0","0","7","","","50","","","","","","","","","","","","","","13","","","","","C03","","","1","","1","","","59","59","1","12","4","120.619735","24.187244","3"
"1778","66000","387130000C","(04)23274275","(04)23288582","2026","1","5","17","28","臺中市","神岡區","0","2","0","7","2","6","15","4","1","1","5","4","6","6","4","4","10","5","5","2","17","2","9","4","1","F01","7","9","7","21","2","12","","12","12","1","6","4","120.692199","24.235558","2"
"1779","66000","387130000C","(04)23274275","(04)23288582","2026","1","5","17","35","臺中市","霧峰區","0","2","0","7","1","6","50","4","1","1","5","4","6","6","1","1","10","5","5","2","17","2","8","2","1","C03","7","6","1","10","2","11","","85","85","1","12","4","120.69909","24.067771","2"
"1780","66000","387130000C","(04)23274275","(04)23288582","2026","1","5","17","36","臺中市","北屯區","0","0","0","7","","","50","","","","","","","","","","","","","","","","","","","A05","","","1","","2","","","7","7","1","12","4","120.670992","24.199449","3"
"1781","66000","387130000C","(04)23274275","(04)23288582","2026","1","5","17","38","臺中市","大雅區","0","1","0","7","1","6","30","3","2","1","5","4","6","6","4","4","10","5","5","2","16","2","9","2","1","C03","7","6","1","10","2","12","","12","12","1","13","4","120.645603","24.208259","2"
"1782","66000","387130000C","(04)23274275","(04)23288582","2026","1","5","17","38","臺中市","西屯區","0","1","0","7","1","6","50","4","1","1","5","4","6","6","2","1","10","5","5","2","13","2","7","2","1","C03","7","9","1","10","2","11","","84","84","1","12","4","120.642808","24.15891","2"
"1783","66000","387130000C","(04)23274275","(04)23288582","2026","1","5","17","40","臺中市","南屯區","0","1","0","7","1","6","50","3","1","1","5","4","6","6","4","4","5","4","4","2","17","2","9","2","1","C03","7","6","1","10","2","12","","13","13","1","12","4","120.612398","24.151439","2"
"1784","66000","387130000C","(04)23274275","(04)23288582","2026","1","5","17","43","臺中市","龍井區","0","0","0","7","1","6","50","3","1","1","5","4","6","6","4","4","10","5","5","2","13","","","","","C03","","","1","","2","","","8","8","1","6","4","120.58739","24.178804","3"
"1785","66000","387130000C","(04)23274275","(04)23288582","2026","1","5","17","44","臺中市","西屯區","0","0","0","7","","","50","","","","","","","","","","","","","","13","","","","","B02","","","1","","1","","","7","7","1","12","4","120.646256","24.173011","3"
"1786","66000","387130000C","(04)23274275","(04)23288582","2026","1","5","17","44","臺中市","大里區","0","1","0","7","1","6","50","4","2","1","5","4","6","6","1","1","5","5","4","1","16","3","10","5","4","B03","7","9","1","8","2","1","","21","21","1","12","4","120.706531","24.095396","2"
"1787","66000","387130000C","(04)23274275","(04)23288582","2026","1","5","17","45","臺中市","外埔區","0","1","0","7","1","6","50","3","9","1","5","4","6","6","4","4","5","5","5","2","18","2","9","1","1","C03","7","9","1","10","2","11","","59","59","1","12","4","120.65589","24.331462","2"
"1788","66000","387130000C","(04)23274275","(04)23288582","2026","1","5","17","45","臺中市","石岡區","0","1","0","7","1","6","70","13","7","1","5","4","6","6","4","4","1","4","4","1","13","2","3","5","4","B03","7","9","1","8","2","1","","84","84","1","12","4","120.780582","24.274224","2"
"1789","66000","387130000C","(04)23274275","(04)23288582","2026","1","5","17","47","臺中市","北區","0","0","0","7","","","40","","","","","","","","","","","","","","14","","","","","C03","","","1","","1","","","84","84","1","13","4","120.682336","24.148523","3"
"1790","66000","387130000C","(04)23274275","(04)23288582","2026","1","5","17","48","臺中市","南區","0","0","0","7","","","50","","","","","","","","","","","","","","12","","","","","B12","","","1","","1","","","40","40","1","12","4","120.668509","24.119033","3"
"1791","66000","387130000C","(04)23274275","(04)23288582","2026","1","5","17","48","臺中市","東區","0","1","0","7","1","6","30","4","2","1","5","4","6","6","4","4","10","5","5","2","18","2","9","2","1","C03","7","9","1","10","2","14","","84","84","1","12","4","120.693213","24.143452","2"
"1792","66000","387130000C","(04)23274275","(04)23288582","2026","1","5","17","49","臺中市","北屯區","0","0","0","7","","","50","","","","","","","","","","","","","","17","","","","","","","","","","","","","86","86","1","","","120.711921","24.182228","3"
"1793","66000","387130000C","(04)23274275","(04)23288582","2026","1","5","17","50","臺中市","潭子區","0","1","0","7","1","6","50","3","1","1","5","4","6","6","2","1","10","5","5","2","16","3","10","3","1","B03","7","6","1","8","2","2","","11","11","1","12","4","120.721859","24.198024","2"
"1794","66000","387130000C","(04)23274275","(04)23288582","2026","1","5","17","50","臺中市","大里區","0","0","0","7","","","60","","","","","","","","","","","","","","16","","","","","B03","","","1","","2","","","87","87","1","13","4","120.684134","24.103841","3"
"1795","66000","387130000C","(04)23274275","(04)23288582","2026","1","5","17","51","臺中市","大里區","0","1","0","7","1","6","50","13","9","1","5","4","6","6","4","4","1","4","5","1","12","3","10","3","1","B03","7","8","1","8","2","4","","40","40","1","13","4","120.701249","24.122215","2"
"1796","66000","387130000C","(04)23274275","(04)23288582","2026","1","5","17","52","臺中市","大里區","0","0","0","7","","","30","","","","","","","","","","","","","","","","","","","C03","","","1","","2","","","78","78","1","12","4","120.675994","24.11076","3"
"1797","66000","387130000C","(04)23274275","(04)23288582","2026","1","5","17","53","臺中市","西區","0","1","0","7","1","6","50","4","1","1","5","4","6","6","2","1","1","4","5","2","15","2","9","2","1","C03","7","9","1","10","2","12","","84","84","1","13","4","120.660948","24.159187","2"
"1798","66000","387130000C","(04)23274275","(04)23288582","2026","1","5","17","53","臺中市","西屯區","0","1","0","7","1","6","50","3","9","1","5","4","6","6","4","4","5","4","5","2","18","2","9","1","1","C03","7","9","1","10","2","14","","85","85","1","12","4","120.624457","24.194859","2"
"1799","66000","387130000C","(04)23274275","(04)23288582","2026","1","5","17","54","臺中市","西區","0","0","0","7","","","30","","","","","","","","","","","","","","14","","","","","B03","","","1","","2","","","49","49","1","13","4","120.662558","24.135986","3"
"1800","66000","387130000C","(04)23274275","(04)23288582","2026","1","5","17","55","臺中市","北區","0","3","0","7","1","6","50","13","9","1","5","4","6","6","3","1","10","4","5","2","13","2","8","1","1","C03","7","9","1","10","2","13","","84","84","1","12","4","120.667891","24.156817","2"
"1801","66000","387130000C","(04)23274275","(04)23288582","2026","1","5","17","55","臺中市","北屯區","0","0","0","7","","","50","","","","","","","","","","","","","","13","","","","","B03","","","1","","1","","","58","58","1","6","4","120.683335","24.191611","3"
"1802","66000","387130000C","(04)23274275","(04)23288582","2026","1","5","17","58","臺中市","太平區","0","1","0","7","1","6","50","13","9","1","5","4","6","6","4","4","5","5","5","1","12","2","9","5","4","C03","7","9","1","10","2","11","","59","59","1","6","4","120.73059","24.112373","2"
"1803","66000","387130000C","(04)23274275","(04)23288582","2026","1","5","17","59","臺中市","北區","0","0","0","7","","","50","","","","","","","","","","","","","","17","","","","","C03","","","1","","1","","","7","7","1","13","4","120.678157","24.163346","3"
"1804","66000","387130000C","(04)23274275","(04)23288582","2026","1","5","17","59","臺中市","北屯區","0","0","0","7","","","50","","","","","","","","","","","","","","12","","","","","A12","","","1","7","2","","","40","40","1","6","4","120.719447","24.162526","3"
"1805","66000","387130000C","(04)23274275","(04)23288582","2026","1","5","18","1","臺中市","大雅區","0","1","0","7","3","6","50","13","9","1","5","4","6","6","4","4","3","4","5","1","12","3","10","5","4","A41","7","4","1","1","2","2","","8","8","1","12","4","120.613548","24.227682","2"
"1806","66000","387130000C","(04)23274275","(04)23288582","2026","1","5","18","2","臺中市","南屯區","0","1","0","7","1","6","50","13","8","1","5","4","6","6","4","4","5","4","4","2","16","3","10","3","1","B03","7","11","1","8","2","1","","45","45","1","12","4","120.644462","24.153729","2"
"1807","66000","387130000C","(04)23274275","(04)23288582","2026","1","5","18","4","臺中市","北屯區","0","2","0","7","1","6","50","4","2","1","5","4","6","6","1","1","3","4","5","2","12","2","9","1","1","C03","7","6","1","10","2","11","","11","11","1","13","4","120.688289","24.176588","2"
"1808","66000","387130000C","(04)23274275","(04)23288582","2026","1","5","18","6","臺中市","西區","0","1","0","7","1","6","40","4","1","1","5","4","6","6","1","1","10","5","5","2","13","2","9","2","1","C03","7","9","1","10","2","11","","7","7","1","12","4","120.665592","24.132164","2"
"1809","66000","387130000C","(04)23274275","(04)23288582","2026","1","5","18","8","臺中市","南屯區","0","0","0","7","","","40","","","","","","","","","","","","","","12","","","","","B03","","","1","","2","","","8","8","1","12","4","120.650679","24.152759","3"
"1810","66000","387130000C","(04)23274275","(04)23288582","2026","1","5","18","10","臺中市","南屯區","0","1","0","7","1","6","50","4","1","1","5","4","6","6","4","4","10","5","5","2","16","3","10","3","1","B03","7","6","1","8","2","4","","12","12","1","6","4","120.639609","24.129525","2"
"1811","66000","387130000C","(04)23274275","(04)23288582","2026","1","5","18","10","臺中市","太平區","0","0","0","7","","","50","","","","","","","","","","","","","","13","","","","","C03","","","1","","1","","","84","84","1","12","4","120.716616","24.150797","3"
"1812","66000","387130000C","(04)23274275","(04)23288582","2026","1","5","18","12","臺中市","梧棲區","0","0","0","7","","","50","","","","","","","","","","","","","","12","","","","","B03","","","1","","1","","","50","50","1","12","4","120.534738","24.251267","3"
"1813","66000","387130000C","(04)23274275","(04)23288582","2026","1","5","18","13","臺中市","南區","0","0","0","7","","","50","","","","","","","","","","","","","","12","","","","","B03","","","1","","2","","","84","84","1","13","4","120.668729","24.129026","3"
"1814","66000","387130000C","(04)23274275","(04)23288582","2026","1","5","18","13","臺中市","南屯區","0","0","0","7","","","50","","","","","","","","","","","","","","","","","","","C03","","","1","","1","","","59","59","1","12","4","120.633693","24.152184","3"
"1815","66000","387130000C","(04)23274275","(04)23288582","2026","1","5","18","13","臺中市","大里區","0","0","0","7","","","30","","","","","","","","","","","","","","","","","","","B03","","","1","","9","","","8","8","2","12","4","120.69477","24.122844","3"
"1816","66000","387130000C","(04)23274275","(04)23288582","2026","1","5","18","15","臺中市","南區","0","1","0","7","1","6","50","13","24","1","5","4","6","6","4","4","3","5","5","2","17","3","10","5","4","B03","7","5","1","8","2","2","","42","42","1","12","4","120.653433","24.113201","2"
"1817","66000","387130000C","(04)23274275","(04)23288582","2026","1","5","18","15","臺中市","南屯區","0","1","0","7","2","6","50","13","9","1","5","4","6","6","4","4","1","4","5","2","16","3","10","3","1","B03","7","5","1","8","2","2","","84","84","1","12","4","120.639671","24.141896","2"
"1818","66000","387130000C","(04)23274275","(04)23288582","2026","1","5","18","16","臺中市","西屯區","0","1","0","7","1","6","40","13","9","1","5","4","6","6","4","4","5","5","5","2","13","3","10","3","1","B03","7","9","5","19","2","1","","7","7","1","12","4","120.662503","24.169015","2"
"1819","66000","387130000C","(04)23274275","(04)23288582","2026","1","5","18","16","臺中市","西屯區","0","0","0","7","","3","80","","","","","","","","","","","","","","12","","","","","B02","","","1","","1","","","85","85","1","12","4","120.655487","24.199483","3"
"1820","66000","387130000C","(04)23274275","(04)23288582","2026","1","5","18","18","臺中市","北屯區","0","1","0","6","1","6","40","13","7","1","5","4","6","6","4","4","1","4","4","1","12","3","10","3","1","B03","7","1","1","8","2","4","","51","51","1","6","4","120.717466","24.163736","2"
"1821","66000","387130000C","(04)23274275","(04)23288582","2026","1","5","18","19","臺中市","大雅區","0","0","0","7","","","60","","","","","","","","","","","","","","","","","","","B12","","","1","","2","","","84","84","1","12","4","120.650224","24.211994","3"
"1822","66000","387130000C","(04)23274275","(04)23288582","2026","1","5","18","19","臺中市","大肚區","0","1","0","7","1","6","50","3","1","1","5","4","6","6","1","1","10","5","5","2","22","2","9","1","1","C03","7","9","1","10","2","11","","84","84","1","6","4","120.538132","24.160156","2"
"1823","66000","387130000C","(04)23274275","(04)23288582","2026","1","5","18","21","臺中市","西屯區","0","0","0","7","","","50","","","","","","","","","","","","","","17","","","","","C01","","","1","","2","","","82","82","1","12","4","120.584553","24.170945","3"
"1824","66000","387130000C","(04)23274275","(04)23288582","2026","1","5","18","22","臺中市","后里區","0","0","0","7","","","50","","","","","","","","","","","","","","12","","","","","B12","","","1","","2","","","50","50","1","6","4","120.709626","24.303541","3"
"1825","66000","387130000C","(04)23274275","(04)23288582","2026","1","5","18","23","臺中市","西區","0","0","0","6","","","50","","","","","","","","","","","","","","","","","","","C03","","","1","","1","","","7","7","1","12","4","120.652115","24.146735","3"
"1826","66000","387130000C","(04)23274275","(04)23288582","2026","1","5","18","25","臺中市","南屯區","0","1","0","7","1","6","50","13","9","1","5","4","6","6","4","4","1","3","5","2","16","3","10","3","1","B12","7","5","1","8","2","2","","47","47","1","6","4","120.646313","24.132699","2"
"1827","66000","387130000C","(04)23274275","(04)23288582","2026","1","5","18","25","臺中市","西屯區","0","0","0","7","","","40","","","","","","","","","","","","","","12","","","","","B03","","","1","","1","","","40","40","1","13","4","120.642288","24.166504","3"
"1828","66000","387130000C","(04)23274275","(04)23288582","2026","1","5","18","28","臺中市","潭子區","0","0","0","7","","","50","","","","","","","","","","","","","","","","","","","B03","","","1","","2","","","45","45","1","13","4","120.686118","24.210192","3"
"1829","66000","387130000C","(04)23274275","(04)23288582","2026","1","5","18","28","臺中市","西屯區","0","0","0","7","","","50","","","","","","","","","","","","","","13","","","","","B03","","","1","","1","","","59","59","1","12","4","120.606139","24.187383","3"
"1830","66000","387130000C","(04)23274275","(04)23288582","2026","1","5","18","30","臺中市","南屯區","0","1","0","7","2","6","50","4","1","1","5","4","6","6","1","1","9","4","5","2","12","3","10","3","1","B03","7","5","1","8","2","2","","39","39","1","12","4","120.634265","24.144436","2"
"1831","66000","387130000C","(04)23274275","(04)23288582","2026","1","5","18","32","臺中市","北屯區","0","0","0","7","","","50","","","","","","","","","","","","","","","","","","","B03","","","1","","1","","","47","47","1","12","4","120.67085","24.201311","3"
"1832","66000","387130000C","(04)23274275","(04)23288582","2026","1","5","18","32","臺中市","北屯區","0","2","0","7","1","6","50","3","2","1","5","4","6","6","1","1","3","4","5","2","13","2","9","1","1","C03","7","9","1","10","2","11","","84","84","1","13","4","120.668692","24.178225","2"
"1833","66000","387130000C","(04)23274275","(04)23288582","2026","1","5","18","32","臺中市","大里區","0","0","0","7","","","50","","","","","","","","","","","","","","","","","","","C03","","","1","","1","","","87","7","1","6","4","120.682945","24.079285","3"
"1834","66000","387130000C","(04)23274275","(04)23288582","2026","1","5","18","36","臺中市","東區","0","2","0","7","1","6","50","4","4","1","5","4","6","6","2","1","5","5","4","2","13","3","10","3","1","B12","7","9","1","7","2","1","","84","84","1","12","4","120.705483","24.137497","2"
"1835","66000","387130000C","(04)23274275","(04)23288582","2026","1","5","18","38","臺中市","太平區","0","1","0","7","1","6","30","4","1","1","5","4","6","6","4","4","10","5","5","2","16","2","7","5","4","C03","7","9","1","10","2","14","","12","12","1","6","2","120.706467","24.157872","2"
"1836","66000","387130000C","(04)23274275","(04)23288582","2026","1","5","18","42","臺中市","龍井區","0","2","0","7","1","6","50","3","2","1","5","4","6","6","4","4","5","5","5","1","16","2","9","2","1","C03","7","6","1","10","2","11","","4","4","1","6","4","120.58359","24.181108","2"
"1837","66000","387130000C","(04)23274275","(04)23288582","2026","1","5","18","45","臺中市","北屯區","0","0","0","7","","","30","","","","","","","","","","","","","","17","","","","","B03","","","1","","2","","","58","58","1","6","4","120.695528","24.166776","3"
"1838","66000","387130000C","(04)23274275","(04)23288582","2026","1","5","18","45","臺中市","西屯區","0","1","0","7","2","6","30","11","9","1","5","4","6","6","4","4","10","5","5","2","17","2","8","2","4","C03","7","9","1","10","2","14","","84","84","1","12","4","120.631389","24.172153","2"
"1839","66000","387130000C","(04)23274275","(04)23288582","2026","1","5","18","48","臺中市","太平區","0","0","0","7","1","6","50","3","1","1","5","4","6","6","3","1","10","5","5","2","16","","","","","C03","","","1","","2","","","7","7","1","12","4","120.733791","24.143995","3"
"1840","66000","387130000C","(04)23274275","(04)23288582","2026","1","5","18","49","臺中市","大里區","0","0","0","7","","","50","","","","","","","","","","","","","","13","","","","","B03","","","1","","2","","","54","54","1","12","4","120.691573","24.091848","3"
"1841","66000","387130000C","(04)23274275","(04)23288582","2026","1","5","18","49","臺中市","大里區","0","2","0","7","1","6","50","13","8","1","5","4","6","6","4","4","1","4","4","1","13","2","9","2","1","C03","7","9","1","10","2","11","","7","7","1","12","4","120.691962","24.091179","2"
"1842","66000","387130000C","(04)23274275","(04)23288582","2026","1","5","18","58","臺中市","霧峰區","0","1","0","7","1","6","50","3","9","1","5","4","6","6","4","4","1","4","5","1","17","2","9","5","4","C03","7","11","1","10","2","15","","84","84","1","12","4","120.699377","24.076764","2"
"1843","66000","387130000C","(04)23274275","(04)23288582","2026","1","5","18","59","臺中市","西屯區","0","0","0","7","","3","40","","","","","","","","","","","","","","13","","","","","B03","","","1","","1","","","59","59","1","13","4","120.635498","24.182221","3"
"1844","66000","387130000C","(04)23274275","(04)23288582","2026","1","5","19","2","臺中市","西屯區","0","2","0","7","1","6","50","3","9","1","5","4","6","6","4","4","5","4","5","2","13","2","8","5","4","C02","7","9","1","9","2","11","","7","7","1","12","4","120.645","24.18095","2"
"1845","66000","387130000C","(04)23274275","(04)23288582","2026","1","5","19","7","臺中市","西屯區","0","0","0","7","","","50","","","","","","","","","","","","","","16","","","","","B03","","","1","","1","","","21","21","1","12","4","120.653197","24.168746","3"
"1846","66000","387130000C","(04)23274275","(04)23288582","2026","1","5","19","7","臺中市","大里區","0","0","0","7","","","50","","","","","","","","","","","","","","","","","","","B03","","","1","","2","","","8","8","1","6","4","120.695717","24.096447","3"
"1847","66000","387130000C","(04)23274275","(04)23288582","2026","1","5","19","8","臺中市","太平區","0","0","0","7","","","50","","","","","","","","","","","","","","13","","","","","B03","","","1","","2","","","84","84","1","12","4","120.716189","24.133468","3"
"1848","66000","387130000C","(04)23274275","(04)23288582","2026","1","5","19","8","臺中市","龍井區","0","1","0","7","1","6","50","5","2","1","5","4","6","6","4","4","10","5","5","2","17","3","10","2","1","C03","7","9","1","10","2","15","","41","41","1","6","4","120.569804","24.175665","2"
"1849","66000","387130000C","(04)23274275","(04)23288582","2026","1","5","19","9","臺中市","北區","0","1","0","7","3","6","50","3","1","1","5","4","6","6","2","1","10","5","5","2","23","2","1","5","4","B01","7","6","1","4","2","8","","48","48","1","13","4","120.680971","24.163157","2"
"1850","66000","387130000C","(04)23274275","(04)23288582","2026","1","5","19","15","臺中市","大雅區","0","0","0","7","","","60","","","","","","","","","","","","","","","","","","","B03","","","1","","2","","","84","84","1","12","4","120.649574","24.214797","3"
"1851","66000","387130000C","(04)23274275","(04)23288582","2026","1","5","19","17","臺中市","北屯區","0","0","0","7","","3","40","","","","","","","","","","","","","","13","","","","","B03","","","1","","1","","","7","7","1","12","4","120.721957","24.185081","3"
"1852","66000","387130000C","(04)23274275","(04)23288582","2026","1","5","19","26","臺中市","西屯區","0","0","0","7","","","30","","","","","","","","","","","","","","15","","","","","C03","","","1","","1","","","15","15","1","12","4","120.617361","24.189575","3"
"1853","66000","387130000C","(04)23274275","(04)23288582","2026","1","5","19","34","臺中市","龍井區","0","1","0","7","1","6","50","3","1","1","5","4","6","6","4","4","5","5","5","2","16","3","10","3","1","B01","7","1","1","4","2","1","8","51","51","1","6","4","120.592797","24.181815","2"
"1854","66000","387130000C","(04)23274275","(04)23288582","2026","1","5","19","35","臺中市","豐原區","0","1","0","7","1","6","50","13","7","1","5","4","6","6","4","4","9","5","4","2","17","3","10","3","1","B03","7","1","1","8","2","1","","51","51","1","13","4","120.714813","24.249878","2"
"1855","66000","387130000C","(04)23274275","(04)23288582","2026","1","5","19","40","臺中市","烏日區","0","1","0","7","2","6","30","4","1","1","5","4","6","6","4","4","10","5","5","2","15","3","10","2","1","C03","7","15","5","10","2","11","","12","12","1","6","4","120.639687","24.104143","2"
"1856","66000","387130000C","(04)23274275","(04)23288582","2026","1","5","19","41","臺中市","北區","0","0","0","7","","","50","","","","","","","","","","","","","","17","","","","","B03","","","1","","1","","","40","40","1","13","4","120.671313","24.162654","3"
"1857","66000","387130000C","(04)23274275","(04)23288582","2026","1","5","19","41","臺中市","南區","0","1","0","7","1","6","50","4","1","1","5","4","6","6","2","1","10","5","5","2","13","3","10","3","1","B03","7","9","3","19","2","1","","7","7","1","12","4","120.666775","24.11862","2"
"1858","66000","387130000C","(04)23274275","(04)23288582","2026","1","5","19","44","臺中市","中區","0","0","0","7","","","50","","","","","","","","","","","","","","17","","","","","B03","","","1","","1","","","84","84","1","13","4","120.684794","24.137531","3"
"1859","66000","387130000C","(04)23274275","(04)23288582","2026","1","5","19","44","臺中市","西屯區","0","0","0","7","","","50","","","","","","","","","","","","","","13","","","","","B03","","","1","","2","","","59","59","1","12","4","120.621585","24.18004","3"
"1860","66000","387130000C","(04)23274275","(04)23288582","2026","1","5","19","55","臺中市","沙鹿區","0","0","0","7","","","40","","","","","","","","","","","","","","14","","","","","B03","","","1","","2","","","49","49","1","12","4","120.570481","24.217697","4"
"1861","66000","387130000C","(04)23274275","(04)23288582","2026","1","5","19","56","臺中市","大雅區","0","0","0","7","","","50","","","","","","","","","","","","","","","","","","","B03","","","1","","1","","","8","8","1","13","4","120.65081","24.223301","3"
"1862","66000","387130000C","(04)23274275","(04)23288582","2026","1","5","19","57","臺中市","西屯區","0","1","0","6","1","6","50","5","1","1","5","4","6","6","2","1","10","5","5","2","15","3","10","2","4","C03","7","9","1","10","2","11","","85","85","1","13","4","120.661089","24.171528","2"
"1863","66000","387130000C","(04)23274275","(04)23288582","2026","1","5","20","4","臺中市","北屯區","0","1","0","7","1","6","50","4","2","1","5","4","6","6","1","1","5","4","5","2","12","3","10","1","1","C03","7","9","1","10","2","11","","85","85","1","6","4","120.718973","24.175773","2"
"1864","66000","387130000C","(04)23274275","(04)23288582","2026","1","5","20","5","臺中市","南屯區","0","1","0","7","1","6","50","4","1","1","5","4","6","6","2","1","5","4","5","2","16","3","10","3","1","B03","7","6","1","8","2","2","","11","11","1","12","4","120.620819","24.139912","2"
"1865","66000","387130000C","(04)23274275","(04)23288582","2026","1","5","20","8","臺中市","北區","0","0","0","7","2","6","50","18","9","1","5","4","6","6","4","4","9","5","5","2","17","","","","","B12","","","1","","9","","","84","84","2","13","4","120.673361","24.172113","3"
"1866","66000","387130000C","(04)23274275","(04)23288582","2026","1","5","20","15","臺中市","大甲區","0","1","0","7","1","6","50","4","9","1","5","4","6","6","1","1","5","2","5","1","17","2","9","2","1","C03","7","8","1","10","2","14","","35","35","1","6","4","120.627551","24.351073","2"
"1867","66000","387130000C","(04)23274275","(04)23288582","2026","1","5","20","24","臺中市","霧峰區","0","2","0","7","1","6","50","13","9","1","5","4","6","6","4","4","5","5","5","1","17","2","9","5","4","F02","7","6","7","21","2","13","","48","48","1","12","4","120.709611","24.076756","2"
"1868","66000","387130000C","(04)23274275","(04)23288582","2026","1","5","20","36","臺中市","潭子區","0","1","0","7","1","6","30","3","2","1","5","4","6","6","4","4","10","5","5","2","16","3","10","3","1","B03","7","5","1","8","2","4","","14","14","1","13","4","120.713603","24.205253","2"
"1869","66000","387130000C","(04)23274275","(04)23288582","2026","1","5","20","37","臺中市","太平區","0","1","0","7","1","6","50","4","1","1","5","4","6","6","4","4","10","5","5","2","16","3","10","1","1","F03","7","6","7","21","2","11","","48","48","1","12","4","120.712524","24.125689","2"
"1870","66000","387130000C","(04)23274275","(04)23288582","2026","1","5","20","44","臺中市","烏日區","0","1","0","7","1","6","50","11","9","1","5","4","6","6","4","4","1","4","5","2","17","2","8","2","1","C03","7","9","1","10","2","14","","84","84","1","6","4","120.614412","24.113958","2"
"1871","66000","387130000C","(04)23274275","(04)23288582","2026","1","5","20","46","臺中市","龍井區","0","2","0","7","1","6","50","4","1","1","5","4","6","6","2","1","5","5","5","2","16","3","10","3","1","B03","7","6","1","8","11","4","8","11","11","1","6","4","120.581758","24.175784","2"
"1872","66000","387130000C","(04)23274275","(04)23288582","2026","1","5","20","50","臺中市","大雅區","0","0","0","7","","","60","","","","","","","","","","","","","","","","","","","B03","","","1","","1","","","7","7","1","13","4","120.65057","24.210301","3"
"1873","66000","387130000C","(04)23274275","(04)23288582","2026","1","5","20","50","臺中市","大里區","0","0","0","7","","","40","","","","","","","","","","","","","","","","","","","B03","","","1","","2","","","7","7","1","12","4","120.701566","24.100418","3"
"1874","66000","387130000C","(04)23274275","(04)23288582","2026","1","5","20","58","臺中市","大雅區","0","0","0","7","","","40","","","","","","","","","","","","","","","","","","","B03","","","1","","2","","","50","50","1","12","4","120.631325","24.238951","3"
"1875","66000","387130000C","(04)23274275","(04)23288582","2026","1","5","21","0","臺中市","外埔區","0","0","0","7","1","6","0","13","14","1","5","4","6","6","4","4","5","4","4","1","17","3","10","3","1","B03","7","2","1","8","2","3","","49","49","1","12","4","120.653136","24.33179","3"
"1876","66000","387130000C","(04)23274275","(04)23288582","2026","1","5","21","0","臺中市","豐原區","0","0","0","7","","","30","","","","","","","","","","","","","","16","","","","","B03","","","1","","2","","","42","42","1","13","4","120.739922","24.274013","3"
"1877","66000","387130000C","(04)23274275","(04)23288582","2026","1","5","21","5","臺中市","西屯區","0","0","0","7","","","50","","","","","","","","","","","","","","12","","","","","B03","","","1","","2","","","45","45","1","13","4","120.656588","24.163604","3"
"1878","66000","387130000C","(04)23274275","(04)23288582","2026","1","5","21","7","臺中市","北屯區","0","1","0","7","1","6","50","3","2","1","5","4","6","6","4","4","10","4","5","2","18","2","9","1","1","C03","7","5","1","10","2","12","","84","84","1","13","4","120.687416","24.173615","2"
"1879","66000","387130000C","(04)23274275","(04)23288582","2026","1","5","21","12","臺中市","大甲區","0","1","0","7","3","6","50","3","1","1","5","4","6","6","2","1","10","5","5","2","3","3","10","3","1","B03","7","6","1","8","2","1","","10","10","1","6","4","120.627694","24.347551","2"
"1880","66000","387130000C","(04)23274275","(04)23288582","2026","1","5","21","13","臺中市","沙鹿區","0","0","0","6","","","60","","","","","","","","","","","","","","18","","","","","A12","","","1","","2","","","88","88","1","12","4","120.560255","24.209773","3"
"1881","66000","387130000C","(04)23274275","(04)23288582","2026","1","5","21","13","臺中市","大甲區","0","0","0","7","","","50","","","","","","","","","","","","","","9","","","","","B03","","","1","","1","","","84","84","1","12","4","120.616738","24.349478","3"