序號,縣市別代碼,機關代碼,市話,傳真,年,月,日,時,分,縣市,區,死亡數量,受傷數量,2-30,天候,道路照明設備,道路類別,道路速限,道路型態,事故位置,路面鋪裝,路面狀態,路面缺陷,障礙物,視距,號誌種類,號誌動作,分向設施,快車道或一般車道間,快慢車道間,路面邊線,事故類型及型態,受傷程度,主要傷處,保護裝備,行動電話或功能裝置,當事者區分(類別),車輛用途,當事者行動狀態,駕照狀態,駕照種類,飲酒情形,車輛撞擊部位最初,車輛撞擊部位其他,肇事因素個別,肇事因素主要,肇事逃逸,職業,共享經濟或外送平台,GPS座標X,GPS座標Y,事故類別
"1882","66000","387130000C","(04)23274275","(04)23288582","2026","1","5","21","15","臺中市","北屯區","0","0","0","7","","","50","","","","","","","","","","","","","","30","","","","","B12","","","1","","2","","","45","45","1","6","4","120.699952","24.18526","3"
"1883","66000","387130000C","(04)23274275","(04)23288582","2026","1","5","21","18","臺中市","北屯區","0","0","0","7","","","40","","","","","","","","","","","","","","13","","","","","C03","","","1","","1","","","7","7","1","5","4","120.683392","24.19781","3"
"1884","66000","387130000C","(04)23274275","(04)23288582","2026","1","5","21","26","臺中市","中區","0","1","0","7","1","6","50","4","1","1","5","4","6","6","2","1","5","4","4","2","11","3","10","3","1","B03","7","6","1","8","2","1","","11","11","1","13","4","120.67874","24.147174","2"
"1885","66000","387130000C","(04)23274275","(04)23288582","2026","1","5","21","37","臺中市","東區","0","1","0","7","1","6","50","13","8","1","5","4","6","6","4","4","5","5","4","2","11","2","9","2","1","C03","7","6","1","10","2","14","","39","39","1","13","4","120.707095","24.14461","2"
"1886","66000","387130000C","(04)23274275","(04)23288582","2026","1","5","21","38","臺中市","沙鹿區","0","2","0","7","2","6","50","13","9","1","5","4","6","6","4","4","5","5","5","1","17","2","8","1","1","C03","7","9","1","10","2","12","","8","8","1","5","4","120.578033","24.22218","2"
"1887","66000","387130000C","(04)23274275","(04)23288582","2026","1","5","21","42","臺中市","北區","0","0","0","7","","","50","","","","","","","","","","","","","","13","","","","","A02","","","1","","2","","","7","7","1","13","4","120.686022","24.15388","3"
"1888","66000","387130000C","(04)23274275","(04)23288582","2026","1","5","22","0","臺中市","北區","0","0","0","7","","","40","","","","","","","","","","","","","","14","","","","","B03","","","1","","2","","","48","48","1","13","4","120.68075","24.148919","3"
"1889","66000","387130000C","(04)23274275","(04)23288582","2026","1","5","22","12","臺中市","北區","0","0","0","7","","","50","","","","","","","","","","","","","","14","","","","","B03","","","1","","1","","","49","49","1","12","4","120.675097","24.160269","3"
"1890","66000","387130000C","(04)23274275","(04)23288582","2026","1","5","22","22","臺中市","潭子區","0","0","0","7","","","30","","","","","","","","","","","","","","","","","","","B03","","","1","","2","","","49","49","1","13","4","120.688113","24.228855","3"
"1891","66000","387130000C","(04)23274275","(04)23288582","2026","1","5","22","25","臺中市","北區","0","0","0","7","","","50","","","","","","","","","","","","","","17","","","","","B03","","","1","","2","","","84","84","1","12","4","120.678799","24.169317","3"
"1892","66000","387130000C","(04)23274275","(04)23288582","2026","1","5","22","36","臺中市","南屯區","0","0","0","7","","","30","","","","","","","","","","","","","","14","","","","","B03","","","1","","1","","","49","49","1","12","4","120.612452","24.1493","3"
"1893","66000","387130000C","(04)23274275","(04)23288582","2026","1","5","22","46","臺中市","北區","0","2","0","7","1","6","50","4","4","1","5","4","6","6","1","1","4","2","5","2","13","3","10","1","1","C03","7","9","1","10","2","11","","59","59","1","13","4","120.678293","24.167056","2"
"1894","66000","387130000C","(04)23274275","(04)23288582","2026","1","5","22","54","臺中市","霧峰區","0","1","0","7","2","6","30","13","9","1","5","4","6","6","4","4","10","5","5","2","17","2","9","2","1","C03","7","9","1","10","2","11","","8","8","1","12","4","120.687602","24.044389","2"
"1895","66000","387130000C","(04)23274275","(04)23288582","2026","1","5","23","8","臺中市","太平區","0","1","0","7","1","6","50","13","9","1","5","4","6","6","4","4","5","5","5","1","16","3","10","3","1","B03","7","11","1","8","2","4","","45","45","1","12","4","120.734425","24.156215","2"
"1896","66000","387130000C","(04)23274275","(04)23288582","2026","1","5","23","10","臺中市","大雅區","0","1","0","7","1","6","50","13","9","1","5","4","6","6","4","4","10","5","5","2","18","2","9","5","4","C03","7","9","1","10","2","12","","87","87","1","12","4","120.654502","24.222502","2"
"1897","66000","387130000C","(04)23274275","(04)23288582","2026","1","5","23","25","臺中市","西區","0","1","0","6","2","6","40","13","8","1","5","4","6","6","1","1","5","5","4","2","17","2","9","1","1","C03","7","9","1","10","2","11","","84","84","1","12","4","120.669495","24.134485","2"
"1898","66000","387130000C","(04)23274275","(04)23288582","2026","1","5","23","27","臺中市","北區","0","0","0","7","","","50","","","","","","","","","","","","","","13","","","","","B03","","","1","","1","","","59","59","1","12","4","120.684846","24.160632","3"
"1899","66000","387130000C","(04)23274275","(04)23288582","2026","1","5","23","30","臺中市","北屯區","0","1","0","7","3","6","50","13","9","1","5","4","6","6","4","4","5","4","5","2","16","3","10","3","1","B03","7","11","1","8","2","4","","45","45","1","6","4","120.709014","24.170748","2"
"1900","66000","387130000C","(04)23274275","(04)23288582","2026","1","6","0","32","臺中市","中區","0","1","0","6","2","6","50","13","7","1","5","4","6","6","4","4","5","4","5","2","18","2","9","1","1","C03","7","9","1","10","2","12","","84","84","1","12","4","120.681163","24.138949","2"
"1901","66000","387130000C","(04)23274275","(04)23288582","2026","1","6","1","2","臺中市","西屯區","0","3","0","7","1","6","50","4","9","1","5","4","6","6","2","1","3","4","5","2","12","2","9","1","1","C03","7","1","1","10","2","13","","51","51","1","5","4","120.644673","24.170783","2"
"1902","66000","387130000C","(04)23274275","(04)23288582","2026","1","6","1","27","臺中市","西區","0","3","0","6","2","6","50","3","1","1","5","4","6","6","4","4","10","5","5","2","17","2","9","1","1","C03","7","1","1","10","2","14","","51","51","1","13","4","120.649874","24.146119","2"
"1903","66000","387130000C","(04)23274275","(04)23288582","2026","1","6","2","37","臺中市","北區","0","0","0","7","","","50","","","","","","","","","","","","","","28","","","","","C03","","","1","","1","","","84","84","1","12","4","120.676257","24.157035","3"
"1904","66000","387130000C","(04)23274275","(04)23288582","2026","1","6","4","41","臺中市","潭子區","0","2","0","7","1","6","60","4","1","1","5","4","6","6","2","1","1","4","5","1","15","2","9","2","1","C03","7","9","2","19","2","11","","21","21","1","13","4","120.712119","24.213024","2"
"1905","66000","387130000C","(04)23274275","(04)23288582","2026","1","6","6","9","臺中市","南屯區","0","0","0","7","","","50","","","","","","","","","","","","","","","","","","","B03","","","1","","2","","","84","84","1","13","4","120.612011","24.1367","3"
"1906","66000","387130000C","(04)23274275","(04)23288582","2026","1","6","6","25","臺中市","沙鹿區","0","0","0","7","","","50","","","","","","","","","","","","","","13","","","","","B03","","","1","","2","","","7","7","1","6","4","120.614702","24.242577","3"
"1907","66000","387130000C","(04)23274275","(04)23288582","2026","1","6","6","59","臺中市","東區","0","1","0","7","3","6","50","4","9","1","5","4","6","6","1","1","5","5","5","2","17","3","10","5","4","B03","7","9","1","8","2","2","","84","84","1","6","4","120.701504","24.125372","2"
"1908","66000","387130000C","(04)23274275","(04)23288582","2026","1","6","7","0","臺中市","大雅區","0","0","0","7","","","70","","","","","","","","","","","","","","","","","","","B03","","","1","","1","","","84","84","1","12","4","120.64278","24.22896","3"
"1909","66000","387130000C","(04)23274275","(04)23288582","2026","1","6","7","7","臺中市","潭子區","0","0","0","7","","","60","","","","","","","","","","","","","","","","","","","C03","","","1","","2","","","7","7","1","13","4","120.705472","24.211539","3"
"1910","66000","387130000C","(04)23274275","(04)23288582","2026","1","6","7","11","臺中市","北區","0","0","0","7","","","50","","","","","","","","","","","","","","11","","","","","C03","","","1","","1","","","48","48","1","13","4","120.684857","24.142803","3"
"1911","66000","387130000C","(04)23274275","(04)23288582","2026","1","6","7","11","臺中市","南屯區","0","0","0","7","","","50","","","","","","","","","","","","","","","","","","","B03","","","1","","1","","","85","85","1","12","4","120.635088","24.131652","3"
"1912","66000","387130000C","(04)23274275","(04)23288582","2026","1","6","7","11","臺中市","西屯區","0","1","0","7","2","6","40","13","8","1","5","4","6","6","4","4","1","4","1","2","18","2","9","5","4","C03","7","9","1","10","2","12","","84","84","1","13","4","120.646059","24.164958","2"
"1913","66000","387130000C","(04)23274275","(04)23288582","2026","1","6","7","12","臺中市","豐原區","0","0","0","7","","","50","","","","","","","","","","","","","","13","","","","","C03","","","5","","2","","","7","7","1","12","4","120.71482","24.245232","3"
"1914","66000","387130000C","(04)23274275","(04)23288582","2026","1","6","7","17","臺中市","大里區","0","2","0","7","2","6","40","3","1","1","5","4","6","6","3","1","5","2","5","1","16","2","9","1","1","C03","7","6","1","10","4","11","","11","11","1","13","4","120.689421","24.117339","2"
"1915","66000","387130000C","(04)23274275","(04)23288582","2026","1","6","7","20","臺中市","龍井區","0","1","0","7","1","6","50","11","9","1","5","4","6","6","4","4","9","4","5","1","17","2","9","1","1","C03","7","9","1","10","2","11","","8","8","1","6","4","120.596503","24.188066","2"
"1916","66000","387130000C","(04)23274275","(04)23288582","2026","1","6","7","21","臺中市","龍井區","0","0","0","7","","","50","","","","","","","","","","","","","","12","","","","","B03","","","1","","3","","","8","8","1","6","4","120.575594","24.180796","3"
"1917","66000","387130000C","(04)23274275","(04)23288582","2026","1","6","7","22","臺中市","沙鹿區","0","2","0","7","2","6","70","4","1","1","5","4","6","6","1","1","10","5","5","2","17","2","8","3","1","B03","7","9","1","8","2","8","","21","21","1","12","4","120.58087","24.201711","2"
"1918","66000","387130000C","(04)23274275","(04)23288582","2026","1","6","7","23","臺中市","東區","0","2","0","7","2","6","50","3","1","1","5","4","6","6","4","4","10","5","5","2","16","2","9","2","1","C03","7","6","1","10","2","12","","48","48","1","12","4","120.701116","24.143943","2"
"1919","66000","387130000C","(04)23274275","(04)23288582","2026","1","6","7","25","臺中市","南屯區","0","2","0","7","3","6","40","3","1","1","5","4","6","6","1","1","10","5","5","2","13","2","9","2","1","C03","7","9","1","10","2","12","","59","59","1","13","4","120.597445","24.155327","2"
"1920","66000","387130000C","(04)23274275","(04)23288582","2026","1","6","7","25","臺中市","南屯區","0","2","0","7","3","6","50","13","8","1","5","4","6","6","4","4","1","4","4","2","13","2","9","1","1","C03","7","9","1","10","2","11","","7","7","1","12","4","120.640532","24.149605","2"
"1921","66000","387130000C","(04)23274275","(04)23288582","2026","1","6","7","26","臺中市","南屯區","0","0","0","7","","","40","","","","","","","","","","","","","","","","","","","B12","","","1","","1","","","84","84","2","13","4","120.627641","24.14464","3"
"1922","66000","387130000C","(04)23274275","(04)23288582","2026","1","6","7","30","臺中市","大里區","0","0","0","7","","","50","","","","","","","","","","","","","","17","","","","","B03","","","1","","2","","","84","84","1","6","4","120.700705","24.096278","3"
"1923","66000","387130000C","(04)23274275","(04)23288582","2026","1","6","7","30","臺中市","梧棲區","0","0","0","7","","","50","","","","","","","","","","","","","","14","","","","","B03","","","1","","2","","","49","49","1","6","4","120.540056","24.253717","3"
"1924","66000","387130000C","(04)23274275","(04)23288582","2026","1","6","7","30","臺中市","沙鹿區","0","0","0","7","","","50","","","","","","","","","","","","","","17","","","","","B03","","","1","","1","","","51","51","1","6","4","120.567123","24.24486","3"
"1925","66000","387130000C","(04)23274275","(04)23288582","2026","1","6","7","30","臺中市","沙鹿區","0","1","0","7","2","6","60","13","8","1","5","4","6","6","4","4","8","3","4","1","17","3","10","5","4","C03","7","9","1","10","11","12","","7","7","1","13","4","120.609723","24.245744","2"
"1926","66000","387130000C","(04)23274275","(04)23288582","2026","1","6","7","30","臺中市","豐原區","0","1","0","7","1","6","50","3","1","1","5","4","6","6","4","4","5","4","4","2","18","2","9","1","1","C03","7","9","1","10","2","11","","84","84","1","6","4","120.731662","24.242333","2"
"1927","66000","387130000C","(04)23274275","(04)23288582","2026","1","6","7","33","臺中市","霧峰區","0","1","0","7","2","6","50","13","9","1","5","4","6","6","4","4","10","5","5","1","16","3","10","3","1","B03","7","9","1","8","2","2","","8","8","1","12","4","120.663848","24.059867","2"
"1928","66000","387130000C","(04)23274275","(04)23288582","2026","1","6","7","33","臺中市","沙鹿區","0","0","0","7","","","60","","","","","","","","","","","","","","","","","","","B03","","","1","","2","","","8","8","1","13","4","120.597558","24.249988","3"
"1929","66000","387130000C","(04)23274275","(04)23288582","2026","1","6","7","35","臺中市","大里區","0","0","0","7","","","50","","","","","","","","","","","","","","17","","","","","C03","","","3","19","1","","","84","84","1","13","4","120.695845","24.087653","3"
"1930","66000","387130000C","(04)23274275","(04)23288582","2026","1","6","7","36","臺中市","西屯區","0","1","0","7","1","6","50","3","1","1","5","4","6","6","2","1","10","5","5","2","16","3","10","3","1","B03","7","5","1","8","2","5","","11","11","1","12","4","120.620656","24.171359","2"
"1931","66000","387130000C","(04)23274275","(04)23288582","2026","1","6","7","36","臺中市","龍井區","0","1","0","7","1","6","50","4","1","1","5","4","6","6","3","1","10","5","5","2","16","3","10","3","1","B03","7","6","1","8","2","4","","8","8","1","6","4","120.5926","24.181542","2"
"1932","66000","387130000C","(04)23274275","(04)23288582","2026","1","6","7","38","臺中市","烏日區","0","2","0","7","3","6","30","3","1","1","5","4","6","6","4","4","10","5","5","2","17","2","8","2","1","C03","7","6","1","10","2","11","","14","14","1","6","4","120.606116","24.107993","2"
"1933","66000","387130000C","(04)23274275","(04)23288582","2026","1","6","7","38","臺中市","神岡區","0","2","0","7","1","6","25","4","1","1","5","4","6","6","4","4","5","5","5","1","15","2","9","1","4","F01","7","9","7","21","2","14","","12","12","1","12","4","120.689","24.238579","2"
"1934","66000","387130000C","(04)23274275","(04)23288582","2026","1","6","7","40","臺中市","潭子區","0","1","0","7","2","6","30","13","9","1","5","4","6","6","4","4","10","5","5","2","14","3","10","3","1","B03","7","2","1","8","2","7","","49","49","1","13","4","120.698786","24.203096","2"
"1935","66000","387130000C","(04)23274275","(04)23288582","2026","1","6","7","40","臺中市","龍井區","0","0","0","7","","","50","","","","","","","","","","","","","","","","","","","C03","","","1","","2","","","7","7","1","12","4","120.554022","24.189292","3"
"1936","66000","387130000C","(04)23274275","(04)23288582","2026","1","6","7","41","臺中市","東區","0","1","0","7","3","6","50","3","1","1","5","4","6","6","2","1","10","5","5","2","18","2","9","2","1","C03","7","9","1","10","2","14","","59","59","1","13","4","120.686872","24.136114","2"
"1937","66000","387130000C","(04)23274275","(04)23288582","2026","1","6","7","42","臺中市","北屯區","0","0","0","7","","","50","","","","","","","","","","","","","","13","","","","","F03","","","1","","2","","","84","84","1","12","4","120.692794","24.162343","3"
"1938","66000","387130000C","(04)23274275","(04)23288582","2026","1","6","7","42","臺中市","西屯區","0","2","0","7","2","6","50","3","1","1","5","4","6","6","1","1","5","4","4","2","16","2","9","2","1","C03","7","6","1","10","2","14","","20","20","1","12","4","120.666057","24.178165","2"
"1939","66000","387130000C","(04)23274275","(04)23288582","2026","1","6","7","43","臺中市","西屯區","0","0","0","7","","","50","","","","","","","","","","","","","","17","","","","","B03","","","1","","11","","","45","45","2","12","4","120.663039","24.165777","3"
"1940","66000","387130000C","(04)23274275","(04)23288582","2026","1","6","7","45","臺中市","太平區","0","0","0","7","2","6","50","","","","","","","","","","","","","","","","","","","C03","","","1","","2","11","","7","7","1","12","4","120.722496","24.118977","3"
"1941","66000","387130000C","(04)23274275","(04)23288582","2026","1","6","7","46","臺中市","北區","0","0","0","7","","","30","","","","","","","","","","","","","","17","","","","","C02","","","1","","2","","","51","51","1","13","4","120.685837","24.16536","3"
"1942","66000","387130000C","(04)23274275","(04)23288582","2026","1","6","7","48","臺中市","神岡區","0","1","0","7","2","6","50","3","2","1","5","4","6","6","4","4","9","5","5","2","30","2","9","5","4","C03","7","9","1","10","2","16","","84","84","1","12","4","120.696649","24.254687","2"
"1943","66000","387130000C","(04)23274275","(04)23288582","2026","1","6","7","49","臺中市","潭子區","0","1","0","7","3","6","60","13","7","1","5","4","6","6","4","4","1","4","4","1","17","3","10","3","1","B03","7","7","1","4","2","5","","40","40","1","13","4","120.705469","24.214641","2"
"1944","66000","387130000C","(04)23274275","(04)23288582","2026","1","6","7","49","臺中市","北屯區","0","0","0","7","","","50","","","","","","","","","","","","","","13","","","","","B03","","","1","","1","","","58","58","1","12","4","120.720949","24.159342","3"
"1945","66000","387130000C","(04)23274275","(04)23288582","2026","1","6","7","50","臺中市","南屯區","0","1","0","7","3","6","40","3","1","1","5","4","6","6","1","1","10","5","5","2","13","3","10","2","1","C03","7","5","1","10","1","11","","59","59","1","13","4","120.597509","24.155288","2"
"1946","66000","387130000C","(04)23274275","(04)23288582","2026","1","6","7","50","臺中市","南屯區","0","0","0","7","","3","40","","","","","","","","","","","","","","13","","","","","B03","","","1","","9","","","7","7","1","13","4","120.623173","24.150046","3"
"1947","66000","387130000C","(04)23274275","(04)23288582","2026","1","6","7","51","臺中市","西區","0","1","0","7","2","6","50","4","1","1","5","4","6","6","1","1","10","5","5","2","17","2","9","1","1","C03","7","9","1","10","2","12","","21","21","1","13","4","120.667297","24.140617","2"
"1948","66000","387130000C","(04)23274275","(04)23288582","2026","1","6","7","52","臺中市","大里區","0","1","0","7","2","6","50","13","9","1","5","4","6","6","4","4","5","4","5","1","17","3","10","3","1","A04","7","7","1","2","2","5","","40","40","1","12","4","120.689834","24.113653","2"
"1949","66000","387130000C","(04)23274275","(04)23288582","2026","1","6","7","53","臺中市","南區","0","1","0","7","2","6","50","4","1","1","5","4","6","6","1","1","10","5","5","2","13","3","10","3","1","B03","7","9","1","8","2","1","","7","7","1","6","4","120.659352","24.130145","2"
"1950","66000","387130000C","(04)23274275","(04)23288582","2026","1","6","7","53","臺中市","西屯區","0","0","0","7","","","50","","","","","","","","","","","","","","13","","","","","B03","","","1","","1","","","7","7","1","12","4","120.63918","24.168997","3"
"1951","66000","387130000C","(04)23274275","(04)23288582","2026","1","6","7","53","臺中市","西屯區","0","1","0","7","2","6","50","13","9","1","5","4","6","6","1","1","5","4","5","1","13","2","9","2","1","C03","7","9","1","10","2","11","","7","7","1","12","4","120.606513","24.19294","2"
"1952","66000","387130000C","(04)23274275","(04)23288582","2026","1","6","7","53","臺中市","西屯區","0","1","0","7","2","6","50","13","8","1","5","4","6","6","4","4","5","4","4","2","17","3","10","5","4","B03","7","6","1","8","2","2","","48","48","1","12","4","120.638451","24.162308","2"
"1953","66000","387130000C","(04)23274275","(04)23288582","2026","1","6","7","54","臺中市","沙鹿區","0","1","0","7","2","6","50","3","1","1","5","4","6","6","4","4","10","5","5","2","17","3","10","3","1","B03","7","11","1","8","2","4","","45","45","1","12","4","120.565728","24.201119","2"
"1954","66000","387130000C","(04)23274275","(04)23288582","2026","1","6","7","54","臺中市","神岡區","0","1","0","7","1","6","50","3","1","1","5","4","6","6","1","1","5","5","5","1","16","2","9","1","4","C03","7","6","1","10","2","12","","11","11","1","12","4","120.657801","24.277877","2"
"1955","66000","387130000C","(04)23274275","(04)23288582","2026","1","6","7","55","臺中市","北屯區","0","1","0","7","2","6","50","4","1","1","5","4","6","6","4","4","10","5","5","2","15","3","10","3","1","B03","7","9","1","8","2","5","","15","15","1","6","4","120.690109","24.16383","2"
"1956","66000","387130000C","(04)23274275","(04)23288582","2026","1","6","7","55","臺中市","西屯區","0","0","0","7","","","60","","","","","","","","","","","","","","","","","","","B03","","","1","","2","","","87","87","2","12","4","120.646721","24.155564","3"
"1957","66000","387130000C","(04)23274275","(04)23288582","2026","1","6","8","1","臺中市","神岡區","0","0","0","7","","","50","","","","","","","","","","","","","","13","","","","","B03","","","1","","2","","","7","7","1","12","4","120.689494","24.241107","3"
"1958","66000","387130000C","(04)23274275","(04)23288582","2026","1","6","8","2","臺中市","西區","0","0","0","7","","","60","","","","","","","","","","","","","","","","","","","B03","","","1","","1","","","84","84","1","6","4","120.666337","24.153159","3"
"1959","66000","387130000C","(04)23274275","(04)23288582","2026","1","6","8","2","臺中市","后里區","0","1","0","7","3","6","50","4","1","1","5","4","6","6","4","4","10","5","5","2","15","2","9","1","1","C03","7","9","1","10","2","12","","20","20","1","6","4","120.699273","24.317661","2"
"1960","66000","387130000C","(04)23274275","(04)23288582","2026","1","6","8","3","臺中市","大里區","0","0","0","7","2","6","50","3","2","1","5","4","6","6","1","1","5","5","5","1","17","","","","","B03","","","1","","2","","","84","84","1","13","4","120.666301","24.11233","3"
"1961","66000","387130000C","(04)23274275","(04)23288582","2026","1","6","8","4","臺中市","東區","0","1","0","7","3","6","50","4","9","1","5","4","6","6","2","1","5","5","5","2","16","3","10","5","4","C03","7","6","1","10","2","11","","11","11","1","6","4","120.701252","24.142721","2"
"1962","66000","387130000C","(04)23274275","(04)23288582","2026","1","6","8","4","臺中市","西屯區","0","1","0","7","2","6","50","13","9","1","5","4","6","6","4","4","1","4","5","1","13","3","10","2","1","C03","7","9","1","10","2","11","","7","7","1","12","4","120.605528","24.193117","2"
"1963","66000","387130000C","(04)23274275","(04)23288582","2026","1","6","8","4","臺中市","龍井區","0","0","0","7","","","50","","","","","","","","","","","","","","17","","","","","C03","","","1","","1","","","84","84","1","6","4","120.583255","24.180069","3"
"1964","66000","387130000C","(04)23274275","(04)23288582","2026","1","6","8","5","臺中市","東區","0","1","0","7","2","6","50","13","9","1","5","4","6","6","4","4","10","4","5","2","9","3","10","3","1","B03","7","1","1","8","1","8","","51","51","1","12","4","120.688231","24.138373","2"
"1965","66000","387130000C","(04)23274275","(04)23288582","2026","1","6","8","5","臺中市","大甲區","0","0","0","7","","","50","","","","","","","","","","","","","","17","","","","","C03","","","1","","9","","","58","58","1","6","4","120.651081","24.401597","3"
"1966","66000","387130000C","(04)23274275","(04)23288582","2026","1","6","8","9","臺中市","西屯區","0","0","0","7","","","50","","","","","","","","","","","","","","14","","","","","B03","","","1","","1","","","49","49","1","13","4","120.657886","24.174098","3"
"1967","66000","387130000C","(04)23274275","(04)23288582","2026","1","6","8","9","臺中市","西屯區","0","0","0","7","","","50","","","","","","","","","","","","","","12","","","","","B03","","","1","","2","","","84","84","1","12","4","120.644099","24.171522","3"
"1968","66000","387130000C","(04)23274275","(04)23288582","2026","1","6","8","10","臺中市","西屯區","0","1","0","7","1","6","0","3","3","1","5","4","6","6","2","1","10","5","5","2","14","3","10","3","1","B03","7","2","1","8","2","3","","49","49","1","12","4","120.627015","24.159561","2"
"1969","66000","387130000C","(04)23274275","(04)23288582","2026","1","6","8","11","臺中市","西區","0","1","0","7","1","6","50","5","8","1","5","4","6","6","1","1","1","4","3","2","13","3","10","3","1","B01","7","9","1","8","2","5","","7","7","1","13","4","120.6703","24.150678","2"
"1970","66000","387130000C","(04)23274275","(04)23288582","2026","1","6","8","12","臺中市","西屯區","0","0","0","7","","","50","","","","","","","","","","","","","","13","","","","","C03","","","1","","1","","","7","7","1","12","4","120.63229","24.18297","3"
"1971","66000","387130000C","(04)23274275","(04)23288582","2026","1","6","8","13","臺中市","大安區","0","1","0","7","2","6","50","3","1","1","5","4","6","6","4","4","10","5","5","2","16","3","10","3","1","B03","7","6","1","8","2","8","","20","20","1","6","4","120.606128","24.367228","2"
"1972","66000","387130000C","(04)23274275","(04)23288582","2026","1","6","8","15","臺中市","西區","0","0","0","7","","","30","","","","","","","","","","","","","","17","","","","","B03","","","1","","2","","","51","51","1","12","4","120.653709","24.150443","3"
"1973","66000","387130000C","(04)23274275","(04)23288582","2026","1","6","8","15","臺中市","南屯區","0","0","0","7","","","50","","","","","","","","","","","","","","16","","","","","B03","","","1","","2","","","47","47","1","12","4","120.622664","24.15009","3"
"1974","66000","387130000C","(04)23274275","(04)23288582","2026","1","6","8","15","臺中市","烏日區","0","2","0","7","2","6","40","4","1","1","5","4","6","6","1","1","10","5","5","2","16","2","9","2","1","C03","7","6","1","10","2","11","","48","48","1","6","4","120.621983","24.106443","2"
"1975","66000","387130000C","(04)23274275","(04)23288582","2026","1","6","8","15","臺中市","后里區","0","2","0","7","3","6","50","13","12","1","5","4","6","6","1","1","1","4","4","1","13","2","8","1","1","C03","7","9","1","10","2","11","","7","7","1","6","4","120.722155","24.304396","2"
"1976","66000","387130000C","(04)23274275","(04)23288582","2026","1","6","8","15","臺中市","豐原區","0","1","0","7","2","6","50","5","2","1","5","4","6","1","1","1","1","5","5","1","11","2","9","2","4","C03","7","9","1","10","2","11","","84","84","1","12","4","120.717133","24.243799","2"
"1977","66000","387130000C","(04)23274275","(04)23288582","2026","1","6","8","16","臺中市","北區","0","1","0","7","2","6","50","3","1","1","5","4","6","6","1","1","10","5","5","2","16","3","10","1","1","C03","7","5","1","10","2","12","","11","11","1","12","4","120.68353","24.153497","2"
"1978","66000","387130000C","(04)23274275","(04)23288582","2026","1","6","8","18","臺中市","西區","0","1","0","7","2","6","50","3","1","1","5","4","6","6","4","4","10","5","5","2","16","3","10","5","4","B03","7","5","1","8","2","8","","14","14","1","13","4","120.665066","24.13796","2"
"1979","66000","387130000C","(04)23274275","(04)23288582","2026","1","6","8","20","臺中市","大里區","0","0","0","7","","","50","","","","","","","","","","","","","","","","","","","B03","","","1","","11","","","8","8","1","12","4","120.692146","24.078108","3"
"1980","66000","387130000C","(04)23274275","(04)23288582","2026","1","6","8","22","臺中市","清水區","0","0","0","7","","","50","","","","","","","","","","","","","","","","","","","C03","","","1","","1","","","8","8","1","12","4","120.567356","24.270642","3"
"1981","66000","387130000C","(04)23274275","(04)23288582","2026","1","6","8","22","臺中市","神岡區","0","1","0","7","1","6","60","3","1","1","5","4","6","6","1","1","1","4","5","1","17","2","9","1","4","C03","7","12","3","19","2","14","","43","43","1","12","4","120.685021","24.246602","2"
"1982","66000","387130000C","(04)23274275","(04)23288582","2026","1","6","8","22","臺中市","豐原區","0","2","0","7","3","6","30","4","1","1","5","4","6","6","4","4","5","5","4","2","15","2","9","1","4","C03","7","9","1","10","2","12","","12","12","1","12","4","120.705611","24.253489","2"
"1983","66000","387130000C","(04)23274275","(04)23288582","2026","1","6","8","23","臺中市","北屯區","0","1","0","7","2","6","50","13","9","1","5","4","6","6","4","4","1","2","5","2","18","2","9","2","1","C03","7","9","1","10","2","16","","82","82","1","12","4","120.682266","24.185479","2"
"1984","66000","387130000C","(04)23274275","(04)23288582","2026","1","6","8","25","臺中市","南區","0","0","0","7","","","40","","","","","","","","","","","","","","","","","","","C03","","","1","","2","","","8","8","1","13","4","120.674736","24.126933","3"
"1985","66000","387130000C","(04)23274275","(04)23288582","2026","1","6","8","25","臺中市","神岡區","0","0","0","7","","","30","","","","","","","","","","","","","","27","","","","","B03","","","1","","2","","","59","59","1","12","4","120.643097","24.245958","3"
"1986","66000","387130000C","(04)23274275","(04)23288582","2026","1","6","8","26","臺中市","北屯區","0","0","0","7","","","50","","","","","","","","","","","","","","12","","","","","C03","","","1","","1","","","59","59","1","12","4","120.676153","24.173555","3"
"1987","66000","387130000C","(04)23274275","(04)23288582","2026","1","6","8","27","臺中市","后里區","0","1","0","7","3","6","50","13","9","1","5","4","6","6","4","4","5","4","5","1","13","2","9","3","1","B03","7","9","1","8","2","1","","59","59","1","6","4","120.719349","24.295429","2"
"1988","66000","387130000C","(04)23274275","(04)23288582","2026","1","6","8","29","臺中市","北區","0","2","0","7","1","6","50","4","2","1","5","4","6","6","1","1","5","4","5","2","12","2","9","5","4","C03","7","5","1","10","2","12","","11","11","1","13","4","120.667432","24.165327","2"
"1989","66000","387130000C","(04)23274275","(04)23288582","2026","1","6","8","31","臺中市","大里區","0","1","0","7","2","6","50","3","1","1","5","4","6","6","4","4","10","5","5","2","17","2","9","1","1","C03","7","6","1","10","2","11","","85","85","1","12","4","120.684546","24.095655","2"
"1990","66000","387130000C","(04)23274275","(04)23288582","2026","1","6","8","32","臺中市","南屯區","0","0","0","7","","","50","","","","","","","","","","","","","","13","","","","","C03","","","1","","2","","","7","7","1","13","4","120.648892","24.146806","3"
"1991","66000","387130000C","(04)23274275","(04)23288582","2026","1","6","8","32","臺中市","后里區","0","1","0","7","3","6","50","3","19","1","5","4","6","6","1","1","10","5","5","2","3","3","10","3","1","B03","7","6","1","8","2","8","","48","48","1","6","4","120.692546","24.313845","2"