序號,縣市別代碼,機關代碼,市話,傳真,年,月,日,時,分,縣市,區,死亡數量,受傷數量,2-30,天候,道路照明設備,道路類別,道路速限,道路型態,事故位置,路面鋪裝,路面狀態,路面缺陷,障礙物,視距,號誌種類,號誌動作,分向設施,快車道或一般車道間,快慢車道間,路面邊線,事故類型及型態,受傷程度,主要傷處,保護裝備,行動電話或功能裝置,當事者區分(類別),車輛用途,當事者行動狀態,駕照狀態,駕照種類,飲酒情形,車輛撞擊部位最初,車輛撞擊部位其他,肇事因素個別,肇事因素主要,肇事逃逸,職業,共享經濟或外送平台,GPS座標X,GPS座標Y,事故類別
"1992","66000","387130000C","(04)23274275","(04)23288582","2026","1","6","8","33","臺中市","西屯區","0","1","0","7","2","6","50","4","1","1","5","4","6","6","1","1","10","5","5","2","16","3","10","1","4","C03","7","6","1","10","1","14","","84","84","1","12","4","120.650871","24.166529","2"
"1993","66000","387130000C","(04)23274275","(04)23288582","2026","1","6","8","36","臺中市","西區","0","0","0","7","","","50","","","","","","","","","","","","","","13","","","","","B03","","","1","","2","","","56","56","1","13","4","120.661092","24.156442","4"
"1994","66000","387130000C","(04)23274275","(04)23288582","2026","1","6","8","37","臺中市","大雅區","0","1","0","7","3","6","30","3","1","1","5","4","6","6","4","4","10","5","5","2","18","2","9","2","1","C03","7","5","1","10","2","12","","84","84","1","12","4","120.631193","24.239909","2"
"1995","66000","387130000C","(04)23274275","(04)23288582","2026","1","6","8","38","臺中市","大里區","0","2","0","7","3","6","50","3","1","1","5","4","6","6","4","4","10","5","5","2","16","2","9","1","1","C03","7","9","1","10","2","11","","15","15","1","12","4","120.695655","24.083875","2"
"1996","66000","387130000C","(04)23274275","(04)23288582","2026","1","6","8","39","臺中市","大雅區","0","1","0","7","3","6","30","11","9","1","5","4","6","6","4","4","10","5","5","1","18","2","9","1","1","C03","7","9","1","9","2","12","","84","84","1","12","4","120.640409","24.220866","2"
"1997","66000","387130000C","(04)23274275","(04)23288582","2026","1","6","8","40","臺中市","北屯區","0","0","0","7","","","50","","","","","","","","","","","","","","","","","","","B03","","","1","","2","","","14","14","1","6","4","120.668902","24.173892","3"
"1998","66000","387130000C","(04)23274275","(04)23288582","2026","1","6","8","41","臺中市","西屯區","0","1","0","7","2","6","50","3","2","1","5","4","6","6","4","4","1","5","5","2","16","3","10","3","1","B03","7","5","1","8","2","4","","12","12","1","12","4","120.650878","24.164781","2"
"1999","66000","387130000C","(04)23274275","(04)23288582","2026","1","6","8","45","臺中市","西屯區","0","0","0","7","","","50","","","","","","","","","","","","","","13","","","","","B03","","","1","","1","","","7","7","1","13","4","120.655837","24.158937","3"
"2000","66000","387130000C","(04)23274275","(04)23288582","2026","1","6","8","46","臺中市","西屯區","0","1","0","7","1","6","40","3","1","1","5","4","6","6","2","1","10","5","5","2","16","3","10","3","1","B03","7","5","1","8","2","2","","11","11","1","12","4","120.657181","24.162574","2"
"2001","66000","387130000C","(04)23274275","(04)23288582","2026","1","6","8","46","臺中市","大里區","0","0","0","7","2","6","60","13","7","1","5","4","6","","1","1","1","4","4","2","13","","","","","C03","","","1","","2","","","7","7","1","13","4","120.669875","24.103215","3"
"2002","66000","387130000C","(04)23274275","(04)23288582","2026","1","6","8","48","臺中市","北屯區","0","1","0","7","2","6","50","3","1","1","5","4","6","6","4","4","9","4","4","2","17","3","10","3","1","B03","7","1","1","8","2","8","","51","51","1","6","4","120.687299","24.169757","2"
"2003","66000","387130000C","(04)23274275","(04)23288582","2026","1","6","8","49","臺中市","神岡區","0","2","0","7","1","6","30","11","9","1","5","4","6","6","4","4","10","5","5","2","10","2","9","1","4","C03","7","9","1","10","2","14","","41","41","1","12","4","120.711868","24.258928","2"
"2004","66000","387130000C","(04)23274275","(04)23288582","2026","1","6","8","50","臺中市","西屯區","0","0","0","7","","","50","","","","","","","","","","","","","","13","","","","","B03","","","1","","2","","","7","7","1","12","4","120.632214","24.17047","3"
"2005","66000","387130000C","(04)23274275","(04)23288582","2026","1","6","8","50","臺中市","豐原區","0","1","0","7","1","6","50","13","7","1","5","4","6","6","4","4","9","4","4","2","17","2","9","1","1","C03","7","9","1","10","2","11","","7","7","1","6","4","120.733397","24.257632","2"
"2006","66000","387130000C","(04)23274275","(04)23288582","2026","1","6","8","55","臺中市","西屯區","0","0","0","6","","","50","","","","","","","","","","","","","","13","","","","","C03","","","3","","2","","","7","7","1","12","4","120.6363","24.170097","3"
"2007","66000","387130000C","(04)23274275","(04)23288582","2026","1","6","8","58","臺中市","大里區","0","1","0","7","2","6","50","13","9","1","5","4","6","6","1","1","5","4","5","1","17","3","10","3","1","B03","7","9","1","8","2","1","","7","7","1","12","4","120.67482","24.105794","2"
"2008","66000","387130000C","(04)23274275","(04)23288582","2026","1","6","8","59","臺中市","北區","0","0","0","7","","","50","","","","","","","","","","","","","","13","","","","","C03","","","1","","1","","","7","7","1","13","4","120.688767","24.146927","3"
"2009","66000","387130000C","(04)23274275","(04)23288582","2026","1","6","9","1","臺中市","西屯區","0","2","0","7","1","3","80","13","9","1","5","4","6","6","4","4","1","4","5","2","13","2","1","5","4","B03","7","9","1","8","2","1","","58","58","1","13","4","120.629671","24.164645","2"
"2010","66000","387130000C","(04)23274275","(04)23288582","2026","1","6","9","3","臺中市","北區","0","2","0","7","2","6","30","13","9","1","5","4","6","6","4","4","10","4","5","2","17","2","9","1","1","C03","7","1","1","10","2","11","","51","51","1","12","4","120.669959","24.17288","2"
"2011","66000","387130000C","(04)23274275","(04)23288582","2026","1","6","9","4","臺中市","西屯區","0","0","0","7","","","50","","","","","","","","","","","","","","","","","","","A31","","","1","","1","","","59","59","1","12","4","120.616891","24.188607","3"
"2012","66000","387130000C","(04)23274275","(04)23288582","2026","1","6","9","6","臺中市","西區","0","0","0","7","","","50","","","","","","","","","","","","","","17","","","","","C03","","","1","","1","","","7","7","1","12","4","120.670857","24.137521","3"
"2013","66000","387130000C","(04)23274275","(04)23288582","2026","1","6","9","7","臺中市","潭子區","0","0","0","7","","","30","","","","","","","","","","","","","","","","","","","B03","","","1","","2","","","41","41","1","13","4","120.722512","24.199097","3"
"2014","66000","387130000C","(04)23274275","(04)23288582","2026","1","6","9","14","臺中市","北區","0","1","0","7","3","6","50","4","2","1","5","4","6","6","4","4","5","4","5","2","13","3","10","5","4","C03","7","9","1","10","2","11","","7","7","1","13","4","120.686665","24.155377","2"
"2015","66000","387130000C","(04)23274275","(04)23288582","2026","1","6","9","16","臺中市","大里區","0","0","0","7","","","50","","","","","","","","","","","","","","17","","","","","B03","","","1","8","2","","","84","84","1","13","4","120.6964","24.085363","3"
"2016","66000","387130000C","(04)23274275","(04)23288582","2026","1","6","9","16","臺中市","沙鹿區","0","1","0","7","2","6","50","13","7","1","5","4","6","6","4","4","1","4","4","2","13","3","10","3","1","B03","7","9","1","8","2","1","","7","7","1","6","4","120.56881","24.224344","2"
"2017","66000","387130000C","(04)23274275","(04)23288582","2026","1","6","9","17","臺中市","神岡區","0","1","0","7","1","6","30","13","9","1","5","4","6","6","4","4","10","5","5","2","14","3","10","5","4","B12","7","2","1","8","2","3","","49","49","1","12","4","120.697414","24.25659","2"
"2018","66000","387130000C","(04)23274275","(04)23288582","2026","1","6","9","18","臺中市","西區","0","2","0","7","3","6","50","4","2","1","5","4","6","6","4","4","5","4","5","2","13","2","9","1","1","C03","7","9","1","10","1","11","","7","7","1","6","4","120.661486","24.149837","2"
"2019","66000","387130000C","(04)23274275","(04)23288582","2026","1","6","9","18","臺中市","沙鹿區","0","0","0","7","","","50","","","","","","","","","","","","","","","","","","","B03","","","1","","2","","","12","12","1","12","4","120.572557","24.211305","3"
"2020","66000","387130000C","(04)23274275","(04)23288582","2026","1","6","9","25","臺中市","豐原區","0","1","0","7","1","6","50","5","1","1","5","4","6","6","1","1","5","4","4","2","17","3","10","3","1","B03","7","5","1","8","2","5","","20","20","1","6","4","120.722174","24.256893","2"
"2021","66000","387130000C","(04)23274275","(04)23288582","2026","1","6","9","26","臺中市","北屯區","0","2","0","7","1","3","50","13","17","1","5","4","6","6","4","4","10","4","5","2","13","2","9","3","1","B12","7","9","1","8","2","1","","84","84","1","13","4","120.666788","24.201149","2"
"2022","66000","387130000C","(04)23274275","(04)23288582","2026","1","6","9","28","臺中市","西屯區","0","0","0","7","","","30","","","","","","","","","","","","","","14","","","","","B13","","","1","","1","","","49","49","1","12","4","120.62334","24.194397","3"
"2023","66000","387130000C","(04)23274275","(04)23288582","2026","1","6","9","30","臺中市","豐原區","0","0","0","7","","","50","","","","","","","","","","","","","","13","","","","","B12","","","1","","2","","","7","7","1","12","4","120.716552","24.25152","3"
"2024","66000","387130000C","(04)23274275","(04)23288582","2026","1","6","9","31","臺中市","西屯區","0","0","0","7","","3","40","","","","","","","","","","","","","","13","","","","","B12","","","1","","1","","","84","84","1","12","4","120.630608","24.167001","3"
"2025","66000","387130000C","(04)23274275","(04)23288582","2026","1","6","9","31","臺中市","豐原區","0","1","0","7","2","6","30","3","2","1","5","4","6","6","4","4","10","5","5","2","17","3","10","5","4","B03","7","6","1","8","2","7","","14","14","1","12","4","120.724353","24.238636","2"
"2026","66000","387130000C","(04)23274275","(04)23288582","2026","1","6","9","35","臺中市","沙鹿區","0","1","0","7","2","6","50","13","9","1","5","4","6","6","4","4","8","3","5","2","18","2","9","5","4","C03","7","9","1","10","2","14","","84","84","1","13","4","120.566833","24.24048","2"
"2027","66000","387130000C","(04)23274275","(04)23288582","2026","1","6","9","37","臺中市","北屯區","0","2","0","7","2","6","50","3","1","1","5","4","6","6","2","1","10","5","5","2","17","2","5","1","1","C03","7","1","3","19","2","11","","51","51","1","13","4","120.705434","24.190769","2"
"2028","66000","387130000C","(04)23274275","(04)23288582","2026","1","6","9","39","臺中市","西屯區","0","0","0","7","","","50","","","","","","","","","","","","","","13","","","","","B03","","","1","","1","","","84","84","1","12","4","120.644611","24.201638","3"
"2029","66000","387130000C","(04)23274275","(04)23288582","2026","1","6","9","47","臺中市","神岡區","0","0","0","7","","","30","","","","","","","","","","","","","","17","","","","","B12","","","1","","1","","","49","49","1","12","4","120.694399","24.239946","3"
"2030","66000","387130000C","(04)23274275","(04)23288582","2026","1","6","9","49","臺中市","南屯區","0","0","0","7","","","50","","","","","","","","","","","","","","","","","","","B03","","","1","","1","","","59","59","1","12","4","120.611369","24.138322","3"
"2031","66000","387130000C","(04)23274275","(04)23288582","2026","1","6","9","54","臺中市","大甲區","0","1","0","7","3","6","50","13","9","1","5","4","6","6","4","4","5","5","5","2","12","2","9","1","1","F03","7","1","7","21","2","14","","51","51","1","12","4","120.624729","24.348581","2"
"2032","66000","387130000C","(04)23274275","(04)23288582","2026","1","6","9","59","臺中市","大甲區","0","0","0","7","","","70","","","","","","","","","","","","","","16","","","","","C03","","","3","","9","","","20","20","2","6","4","120.618154","24.338836","3"
"2033","66000","387130000C","(04)23274275","(04)23288582","2026","1","6","10","2","臺中市","龍井區","0","1","0","7","2","6","50","4","2","1","5","4","6","6","4","4","10","5","5","2","16","3","10","3","1","B03","7","6","1","8","2","8","","39","39","1","6","4","120.592443","24.188318","2"
"2034","66000","387130000C","(04)23274275","(04)23288582","2026","1","6","10","5","臺中市","潭子區","0","0","0","7","","","60","","","","","","","","","","","","","","12","","","","","B12","","","1","","2","","","40","40","1","13","4","120.686521","24.206026","3"
"2035","66000","387130000C","(04)23274275","(04)23288582","2026","1","6","10","5","臺中市","太平區","0","1","0","7","2","6","50","3","1","1","5","4","6","6","4","4","10","5","5","2","16","2","8","2","1","C03","7","9","1","10","2","11","","20","20","1","12","4","120.733419","24.153879","2"
"2036","66000","387130000C","(04)23274275","(04)23288582","2026","1","6","10","8","臺中市","大雅區","0","1","0","7","3","6","50","4","2","1","5","4","6","6","1","1","5","2","3","2","17","3","10","1","1","C03","7","9","1","10","2","11","","21","21","1","12","4","120.629067","24.206211","2"
"2037","66000","387130000C","(04)23274275","(04)23288582","2026","1","6","10","9","臺中市","西區","0","0","0","7","","","40","","","","","","","","","","","","","","13","","","","","C03","","","1","10","1","","","84","84","1","13","4","120.659894","24.158815","3"
"2038","66000","387130000C","(04)23274275","(04)23288582","2026","1","6","10","10","臺中市","沙鹿區","0","1","0","7","2","6","50","5","1","1","5","4","6","6","1","1","10","5","5","2","17","3","10","3","1","B03","7","6","1","8","2","4","","59","59","1","6","4","120.569538","24.237225","2"
"2039","66000","387130000C","(04)23274275","(04)23288582","2026","1","6","10","16","臺中市","大里區","0","1","0","7","2","6","50","13","9","1","5","4","6","6","4","4","1","4","5","1","17","2","9","1","1","C03","7","9","1","10","2","12","","84","84","1","12","4","120.683768","24.097482","2"
"2040","66000","387130000C","(04)23274275","(04)23288582","2026","1","6","10","16","臺中市","新社區","0","1","0","7","2","6","30","4","1","1","5","4","6","6","4","4","10","5","5","1","17","3","10","5","4","B03","7","9","1","8","2","8","","84","84","1","13","4","120.800652","24.201207","2"
"2041","66000","387130000C","(04)23274275","(04)23288582","2026","1","6","10","17","臺中市","東區","0","1","0","7","2","6","50","13","9","1","5","4","6","6","4","4","1","4","5","2","23","2","9","2","1","C03","7","9","1","10","2","11","","84","84","1","6","4","120.686079","24.135715","2"
"2042","66000","387130000C","(04)23274275","(04)23288582","2026","1","6","10","17","臺中市","沙鹿區","0","1","0","7","2","6","40","13","8","1","5","4","6","6","4","4","1","4","1","2","17","3","10","3","1","B03","7","1","1","8","2","8","","51","51","1","12","4","120.573506","24.230587","2"
"2043","66000","387130000C","(04)23274275","(04)23288582","2026","1","6","10","19","臺中市","太平區","0","1","0","7","2","6","50","4","1","1","5","4","6","6","2","1","10","5","5","2","16","2","9","2","1","C03","7","9","1","10","2","14","12","84","84","1","12","4","120.712149","24.144434","2"
"2044","66000","387130000C","(04)23274275","(04)23288582","2026","1","6","10","20","臺中市","清水區","0","1","0","7","3","6","40","11","8","1","5","4","6","6","4","4","1","4","4","1","13","2","9","2","1","C03","7","9","1","10","2","11","","59","59","1","12","4","120.569827","24.268746","2"
"2045","66000","387130000C","(04)23274275","(04)23288582","2026","1","6","10","20","臺中市","東勢區","0","1","0","7","2","6","50","3","2","1","5","4","6","6","4","4","5","5","5","1","12","3","10","1","1","C03","7","4","1","10","2","14","","84","84","1","12","4","120.830262","24.250748","2"
"2046","66000","387130000C","(04)23274275","(04)23288582","2026","1","6","10","23","臺中市","豐原區","0","0","0","7","","","30","","","","","","","","","","","","","","14","","","","","B12","","","1","","1","","","84","84","1","12","4","120.737278","24.234861","3"
"2047","66000","387130000C","(04)23274275","(04)23288582","2026","1","6","10","25","臺中市","清水區","0","2","0","7","3","6","50","13","9","1","5","4","6","6","4","4","9","5","5","1","13","2","9","2","1","C03","7","9","1","10","2","11","","7","7","1","12","4","120.565364","24.268443","2"
"2048","66000","387130000C","(04)23274275","(04)23288582","2026","1","6","10","39","臺中市","烏日區","0","1","0","7","2","9","30","13","9","1","5","4","6","6","4","4","10","5","5","1","17","3","10","2","1","C03","7","6","1","10","2","12","","48","48","1","6","4","120.641707","24.102574","2"
"2049","66000","387130000C","(04)23274275","(04)23288582","2026","1","6","10","41","臺中市","南區","0","0","0","7","","","50","","","","","","","","","","","","","","","","","","","C03","","","1","","1","","","85","85","1","6","4","120.650286","24.11581","3"
"2050","66000","387130000C","(04)23274275","(04)23288582","2026","1","6","10","46","臺中市","太平區","0","0","0","7","","","30","","","","","","","","","","","","","","17","","","","","A11","","","1","","2","","","78","78","1","12","4","120.707634","24.122894","3"
"2051","66000","387130000C","(04)23274275","(04)23288582","2026","1","6","10","47","臺中市","大里區","0","0","0","7","","","50","","","","","","","","","","","","","","","","","","","B03","","","1","","2","","","59","59","1","12","4","120.703742","24.093107","4"
"2052","66000","387130000C","(04)23274275","(04)23288582","2026","1","6","10","49","臺中市","大里區","0","1","0","7","2","6","30","11","9","1","5","4","6","6","4","4","10","5","5","2","11","3","10","1","1","C03","7","9","1","10","2","14","","8","8","1","13","4","120.681444","24.116316","2"
"2053","66000","387130000C","(04)23274275","(04)23288582","2026","1","6","10","50","臺中市","沙鹿區","0","0","0","7","","","50","","","","","","","","","","","","","","17","","","","","C03","","","1","","1","","","59","59","1","6","4","120.562538","24.245794","3"
"2054","66000","387130000C","(04)23274275","(04)23288582","2026","1","6","10","57","臺中市","西區","0","1","0","7","1","6","50","13","7","1","5","4","6","6","4","4","5","4","4","2","13","2","9","1","1","C03","7","9","1","10","2","11","","7","7","1","13","4","120.66171","24.138081","2"
"2055","66000","387130000C","(04)23274275","(04)23288582","2026","1","6","10","59","臺中市","豐原區","0","0","0","7","","","50","","","","","","","","","","","","","","14","","","","","B12","","","1","","2","","","49","49","1","12","4","120.726041","24.247023","3"
"2056","66000","387130000C","(04)23274275","(04)23288582","2026","1","6","11","3","臺中市","北區","0","1","0","7","2","6","50","3","1","1","5","4","6","6","4","4","5","5","5","2","18","2","9","1","1","C03","7","9","1","10","2","14","","43","43","1","12","4","120.690516","24.160198","2"
"2057","66000","387130000C","(04)23274275","(04)23288582","2026","1","6","11","6","臺中市","南屯區","0","1","0","7","3","6","50","3","1","1","5","4","6","6","4","4","10","5","5","2","17","2","9","1","1","C03","7","5","1","10","2","14","","14","14","1","12","4","120.642326","24.138504","2"
"2058","66000","387130000C","(04)23274275","(04)23288582","2026","1","6","11","10","臺中市","西區","0","1","0","7","3","6","30","4","1","1","5","4","6","6","4","4","10","5","5","2","18","2","9","2","1","C03","7","9","1","10","2","14","","6","6","1","12","4","120.659473","24.145805","2"
"2059","66000","387130000C","(04)23274275","(04)23288582","2026","1","6","11","10","臺中市","西屯區","0","1","0","7","2","6","40","13","7","1","5","4","6","6","4","4","5","4","4","2","17","2","9","5","1","C03","7","1","1","10","2","14","","51","51","1","12","4","120.646315","24.170812","2"
"2060","66000","387130000C","(04)23274275","(04)23288582","2026","1","6","11","14","臺中市","太平區","0","0","0","7","","","50","","","","","","","","","","","","","","13","","","","","B03","","","1","","2","","","84","84","1","12","4","120.71707","24.124071","3"
"2061","66000","387130000C","(04)23274275","(04)23288582","2026","1","6","11","24","臺中市","太平區","0","0","0","7","2","6","50","","","","","","","","","","","","","","","","","","","B03","","","1","","2","8","","7","7","1","12","4","120.710985","24.126829","3"
"2062","66000","387130000C","(04)23274275","(04)23288582","2026","1","6","11","25","臺中市","東區","0","0","0","7","","","50","","","","","","","","","","","","","","","","","","","C03","","","1","","1","","","84","84","1","12","4","120.689098","24.138514","3"
"2063","66000","387130000C","(04)23274275","(04)23288582","2026","1","6","11","25","臺中市","西屯區","0","0","0","7","","","50","","","","","","","","","","","","","","12","","","","","B01","","","1","","1","","","40","40","1","12","4","120.648828","24.16195","3"
"2064","66000","387130000C","(04)23274275","(04)23288582","2026","1","6","11","25","臺中市","豐原區","0","0","0","7","","","50","","","","","","","","","","","","","","17","","","","","B03","","","1","","2","","","7","7","1","6","4","120.726317","24.242095","3"
"2065","66000","387130000C","(04)23274275","(04)23288582","2026","1","6","11","26","臺中市","中區","0","0","0","7","","","50","","","","","","","","","","","","","","","","","","","B02","","","1","","1","","","8","8","1","6","4","120.676833","24.143189","3"
"2066","66000","387130000C","(04)23274275","(04)23288582","2026","1","6","11","26","臺中市","南屯區","0","0","0","7","","","50","","","","","","","","","","","","","","","","","","","B03","","","1","","1","","","40","40","1","13","4","120.65058","24.150753","3"
"2067","66000","387130000C","(04)23274275","(04)23288582","2026","1","6","11","26","臺中市","豐原區","0","1","0","7","2","6","50","5","1","1","5","4","6","6","1","1","1","4","5","1","17","2","9","5","4","C03","7","12","1","10","2","15","","84","84","1","12","4","120.709218","24.252827","2"
"2068","66000","387130000C","(04)23274275","(04)23288582","2026","1","6","11","30","臺中市","潭子區","0","0","0","7","","3","80","","","","","","","","","","","","","","","","","","","B03","","","1","","9","","","43","43","1","13","4","120.703569","24.200852","3"
"2069","66000","387130000C","(04)23274275","(04)23288582","2026","1","6","11","30","臺中市","南屯區","0","0","0","7","","","50","","","","","","","","","","","","","","","","","","","B03","","","1","","2","","","59","59","1","12","4","120.62138","24.13472","3"
"2070","66000","387130000C","(04)23274275","(04)23288582","2026","1","6","11","31","臺中市","南屯區","0","2","0","7","3","6","50","4","1","1","5","4","6","6","1","1","10","5","5","2","15","2","9","1","1","C03","7","9","1","10","2","11","","21","21","1","12","4","120.652889","24.143797","2"
"2071","66000","387130000C","(04)23274275","(04)23288582","2026","1","6","11","35","臺中市","東區","0","0","0","7","","","50","","","","","","","","","","","","","","13","","","","","C03","","","1","","1","","","7","7","1","6","4","120.689825","24.132619","3"
"2072","66000","387130000C","(04)23274275","(04)23288582","2026","1","6","11","35","臺中市","南屯區","0","0","0","7","","","50","","","","","","","","","","","","","","13","","","","","B03","","","1","","1","","","82","82","1","13","4","120.627926","24.140205","3"
"2073","66000","387130000C","(04)23274275","(04)23288582","2026","1","6","11","37","臺中市","西屯區","0","1","0","7","2","6","40","13","17","1","5","4","6","6","2","1","1","4","1","2","13","3","10","5","4","B03","7","9","1","8","2","1","","84","84","1","13","4","120.632545","24.170095","2"
"2074","66000","387130000C","(04)23274275","(04)23288582","2026","1","6","11","40","臺中市","霧峰區","0","0","0","7","","6","40","","","","","","","","","","","","","","17","","","","","C03","","","1","10","2","","","84","84","1","13","4","120.705957","24.073021","3"
"2075","66000","387130000C","(04)23274275","(04)23288582","2026","1","6","11","41","臺中市","西區","0","1","0","7","2","6","50","13","9","1","5","4","6","6","4","4","5","5","5","2","2","3","10","5","4","B03","7","9","1","8","2","5","","84","84","1","13","4","120.672166","24.138981","2"
"2076","66000","387130000C","(04)23274275","(04)23288582","2026","1","6","11","41","臺中市","霧峰區","0","0","0","7","","","50","","","","","","","","","","","","","","17","","","","","B03","","","1","","2","","","84","84","1","6","4","120.697226","24.063437","3"
"2077","66000","387130000C","(04)23274275","(04)23288582","2026","1","6","11","43","臺中市","太平區","0","2","0","7","2","6","50","4","1","1","5","4","6","6","4","4","10","5","5","2","16","2","8","2","1","F03","7","6","7","21","2","12","","14","14","1","12","4","120.724401","24.14037","2"
"2078","66000","387130000C","(04)23274275","(04)23288582","2026","1","6","11","44","臺中市","清水區","0","0","0","7","","","50","","","","","","","","","","","","","","","","","","","B12","","","1","","2","","","49","49","1","12","4","120.551715","24.262049","3"
"2079","66000","387130000C","(04)23274275","(04)23288582","2026","1","6","11","45","臺中市","西屯區","0","0","0","7","","","50","","","","","","","","","","","","","","14","","","","","B03","","","1","","1","","","49","49","1","12","4","120.637269","24.172531","3"
"2080","66000","387130000C","(04)23274275","(04)23288582","2026","1","6","11","48","臺中市","南屯區","0","2","0","7","2","6","40","3","1","1","5","4","6","6","4","4","1","5","1","2","18","2","9","2","1","C03","7","9","1","10","2","16","","84","84","1","13","4","120.586801","24.161465","2"
"2081","66000","387130000C","(04)23274275","(04)23288582","2026","1","6","11","50","臺中市","大甲區","0","0","0","7","","","50","","","","","","","","","","","","","","14","","","","","A04","","","1","","2","","","49","49","1","12","4","120.642717","24.419938","3"
"2082","66000","387130000C","(04)23274275","(04)23288582","2026","1","6","11","51","臺中市","東區","0","1","0","7","3","6","50","4","1","1","5","4","6","6","1","1","10","5","5","2","17","3","10","3","1","A12","7","6","1","5","2","5","","11","11","1","13","4","120.706185","24.146172","2"
"2083","66000","387130000C","(04)23274275","(04)23288582","2026","1","6","11","53","臺中市","沙鹿區","0","0","0","6","","","50","","","","","","","","","","","","","","","","","","","B03","","","1","","2","","","15","15","1","13","4","120.56927","24.258314","3"
"2084","66000","387130000C","(04)23274275","(04)23288582","2026","1","6","11","53","臺中市","豐原區","0","1","0","7","3","6","40","4","1","1","5","4","6","6","1","1","5","5","4","2","15","3","10","1","4","C03","7","9","1","10","2","12","","21","21","1","12","4","120.71864","24.238098","2"
"2085","66000","387130000C","(04)23274275","(04)23288582","2026","1","6","11","54","臺中市","東區","0","1","0","7","3","6","50","13","8","1","5","4","6","6","4","4","5","4","4","2","17","3","10","5","4","C03","7","9","1","10","2","11","","84","84","1","6","4","120.7075","24.144478","2"
"2086","66000","387130000C","(04)23274275","(04)23288582","2026","1","6","11","55","臺中市","北區","0","1","0","7","2","6","30","4","1","1","5","4","6","6","4","4","5","5","5","2","15","2","8","1","1","C03","7","9","1","10","2","11","","15","15","1","12","2","120.683603","24.146779","2"
"2087","66000","387130000C","(04)23274275","(04)23288582","2026","1","6","11","57","臺中市","西屯區","0","0","0","7","","","50","","","","","","","","","","","","","","14","","","","","B03","","","1","","1","","","49","49","1","12","4","120.655902","24.169031","3"
"2088","66000","387130000C","(04)23274275","(04)23288582","2026","1","6","12","0","臺中市","南區","0","0","0","7","","","50","","","","","","","","","","","","","","12","","","","","B01","","","1","","1","","","49","49","1","13","4","120.676723","24.131541","3"
"2089","66000","387130000C","(04)23274275","(04)23288582","2026","1","6","12","0","臺中市","南屯區","0","0","0","7","","","50","","","","","","","","","","","","","","","","","","","B03","","","1","","9","","","77","77","1","12","4","120.639278","24.137899","3"
"2090","66000","387130000C","(04)23274275","(04)23288582","2026","1","6","12","0","臺中市","大里區","0","1","0","7","2","6","50","13","9","1","5","4","6","6","4","4","9","5","5","2","17","3","10","3","1","B12","7","2","1","8","2","3","","49","49","1","12","4","120.704066","24.108097","2"
"2091","66000","387130000C","(04)23274275","(04)23288582","2026","1","6","12","1","臺中市","北屯區","0","0","0","7","","","50","","","","","","","","","","","","","","13","","","","","C04","","","3","","1","","","7","7","1","12","4","120.666973","24.178311","4"
"2092","66000","387130000C","(04)23274275","(04)23288582","2026","1","6","12","2","臺中市","大雅區","0","1","0","7","1","6","30","3","1","1","5","4","6","6","4","4","10","5","5","1","17","3","10","3","1","B03","7","6","1","8","2","8","","20","20","1","12","4","120.645573","24.208311","2"
"2093","66000","387130000C","(04)23274275","(04)23288582","2026","1","6","12","7","臺中市","大雅區","0","1","0","7","3","6","50","4","1","1","5","4","6","6","1","1","10","5","5","2","17","3","10","5","4","C03","7","6","1","10","2","14","","23","23","1","12","4","120.636961","24.217376","2"
"2094","66000","387130000C","(04)23274275","(04)23288582","2026","1","6","12","8","臺中市","西區","0","0","0","7","","","","","","","","","","","","","","","","","17","","","","","","","","","","","","","84","84","1","","","120.665613","24.138065","3"
"2095","66000","387130000C","(04)23274275","(04)23288582","2026","1","6","12","10","臺中市","豐原區","0","0","0","7","","","50","","","","","","","","","","","","","","12","","","","","B12","","","1","","2","","","59","59","1","13","4","120.726304","24.245991","3"
"2096","66000","387130000C","(04)23274275","(04)23288582","2026","1","6","12","15","臺中市","烏日區","0","0","0","7","","","50","","","","","","","","","","","","","","17","","","","","B03","","","1","","1","","","50","50","1","6","4","120.623804","24.102959","3"
"2097","66000","387130000C","(04)23274275","(04)23288582","2026","1","6","12","16","臺中市","西區","0","0","0","7","","","50","","","","","","","","","","","","","","13","","","","","C03","","","1","","1","","","7","7","1","13","4","120.661827","24.140118","3"
"2098","66000","387130000C","(04)23274275","(04)23288582","2026","1","6","12","17","臺中市","新社區","0","0","0","7","","","30","","","","","","","","","","","","","","","","","","","B03","","","1","","2","","","84","84","1","12","4","120.794719","24.225546","3"
"2099","66000","387130000C","(04)23274275","(04)23288582","2026","1","6","12","21","臺中市","西屯區","0","0","0","7","","","50","","","","","","","","","","","","","","13","","","","","B03","","","1","","1","","","56","56","1","12","4","120.630949","24.15848","3"
"2100","66000","387130000C","(04)23274275","(04)23288582","2026","1","6","12","22","臺中市","西區","0","0","0","7","","","30","","","","","","","","","","","","","","","","","","","B03","","","1","","1","","","12","12","1","6","4","120.653816","24.153593","3"
"2101","66000","387130000C","(04)23274275","(04)23288582","2026","1","6","12","22","臺中市","大肚區","0","0","0","7","","","50","","","","","","","","","","","","","","13","","","","","C03","","","1","","1","","","7","7","1","6","4","120.581388","24.174678","4"
"2102","66000","387130000C","(04)23274275","(04)23288582","2026","1","6","12","23","臺中市","西屯區","0","0","0","7","","","50","","","","","","","","","","","","","","","","","","","B03","","","1","","2","","","59","59","1","12","4","120.657905","24.170417","3"