序號,縣市別代碼,機關代碼,市話,傳真,年,月,日,時,分,縣市,區,死亡數量,受傷數量,2-30,天候,道路照明設備,道路類別,道路速限,道路型態,事故位置,路面鋪裝,路面狀態,路面缺陷,障礙物,視距,號誌種類,號誌動作,分向設施,快車道或一般車道間,快慢車道間,路面邊線,事故類型及型態,受傷程度,主要傷處,保護裝備,行動電話或功能裝置,當事者區分(類別),車輛用途,當事者行動狀態,駕照狀態,駕照種類,飲酒情形,車輛撞擊部位最初,車輛撞擊部位其他,肇事因素個別,肇事因素主要,肇事逃逸,職業,共享經濟或外送平台,GPS座標X,GPS座標Y,事故類別
"2103","66000","387130000C","(04)23274275","(04)23288582","2026","1","6","12","25","臺中市","東區","0","1","0","7","2","6","50","4","1","1","5","4","6","6","2","1","10","5","5","2","17","2","9","2","1","C03","7","9","1","10","2","11","","7","7","1","12","4","120.700104","24.138866","2"
"2104","66000","387130000C","(04)23274275","(04)23288582","2026","1","6","12","26","臺中市","西區","0","0","0","7","","","50","","","","","","","","","","","","","","","","","","","B12","","","1","8","1","","","40","40","1","13","4","120.661743","24.16016","3"
"2105","66000","387130000C","(04)23274275","(04)23288582","2026","1","6","12","29","臺中市","北區","0","1","0","7","3","6","50","4","2","1","5","4","6","6","1","1","5","4","5","2","13","2","8","5","4","C03","7","9","1","10","2","11","","7","7","1","13","4","120.677344","24.155528","2"
"2106","66000","387130000C","(04)23274275","(04)23288582","2026","1","6","12","31","臺中市","西屯區","0","0","0","7","","","40","","","","","","","","","","","","","","17","","","","","B03","","","1","","2","","","84","84","1","12","4","120.65154","24.16381","3"
"2107","66000","387130000C","(04)23274275","(04)23288582","2026","1","6","12","31","臺中市","沙鹿區","0","1","0","7","2","6","50","13","9","1","5","4","6","6","4","4","5","5","5","1","17","3","10","1","1","C03","7","1","1","10","2","11","","51","51","1","6","4","120.561138","24.237759","2"
"2108","66000","387130000C","(04)23274275","(04)23288582","2026","1","6","12","32","臺中市","后里區","0","0","0","7","","","50","","","","","","","","","","","","","","25","","","","","B03","","","1","","2","","","84","84","1","12","4","120.69507","24.306917","3"
"2109","66000","387130000C","(04)23274275","(04)23288582","2026","1","6","12","34","臺中市","西屯區","0","0","0","7","","","50","","","","","","","","","","","","","","12","","","","","B03","","","1","","1","","","40","40","1","13","4","120.656254","24.200308","3"
"2110","66000","387130000C","(04)23274275","(04)23288582","2026","1","6","12","35","臺中市","南屯區","0","0","0","7","","","50","","","","","","","","","","","","","","17","","","","","B03","","","1","","2","","","51","51","1","12","4","120.651022","24.148861","3"
"2111","66000","387130000C","(04)23274275","(04)23288582","2026","1","6","12","42","臺中市","南屯區","0","1","0","7","3","6","40","13","8","1","5","4","6","6","4","4","1","4","1","2","18","2","9","2","1","C03","7","9","1","10","2","14","","59","59","1","13","4","120.589266","24.159246","2"
"2112","66000","387130000C","(04)23274275","(04)23288582","2026","1","6","12","43","臺中市","潭子區","0","1","0","7","3","6","50","3","1","1","5","4","6","6","4","4","4","5","5","1","18","2","8","1","1","C03","7","9","1","10","2","14","","84","84","1","13","4","120.673782","24.207437","2"
"2113","66000","387130000C","(04)23274275","(04)23288582","2026","1","6","12","47","臺中市","南區","0","0","0","7","","","50","","","","","","","","","","","","","","17","","","","","B03","","","1","","1","","","84","84","1","5","4","120.650059","24.120652","3"
"2114","66000","387130000C","(04)23274275","(04)23288582","2026","1","6","12","48","臺中市","北屯區","0","0","0","7","","","50","","","","","","","","","","","","","","17","","","","","C03","","","3","","9","","","48","48","1","12","4","120.692794","24.162343","3"
"2115","66000","387130000C","(04)23274275","(04)23288582","2026","1","6","12","49","臺中市","東區","0","0","0","7","","","30","","","","","","","","","","","","","","","","","","","B03","","","1","","1","","","49","49","1","13","4","120.692874","24.143362","3"
"2116","66000","387130000C","(04)23274275","(04)23288582","2026","1","6","12","51","臺中市","中區","0","0","0","7","","","50","","","","","","","","","","","","","","14","","","","","B02","","","1","","1","","","49","49","1","13","4","120.681984","24.136612","3"
"2117","66000","387130000C","(04)23274275","(04)23288582","2026","1","6","12","54","臺中市","大肚區","0","1","0","7","2","6","50","13","9","1","5","4","6","6","4","4","5","4","5","1","13","2","8","1","1","C03","7","9","5","19","2","11","","59","59","1","12","4","120.543242","24.162397","2"
"2118","66000","387130000C","(04)23274275","(04)23288582","2026","1","6","12","55","臺中市","南屯區","0","2","0","7","2","6","40","13","8","1","5","4","6","6","4","4","5","4","4","2","17","2","9","1","1","C03","7","9","1","10","2","11","","84","84","1","13","4","120.648922","24.153494","2"
"2119","66000","387130000C","(04)23274275","(04)23288582","2026","1","6","13","2","臺中市","南區","0","1","0","7","3","6","50","13","9","1","5","4","6","6","2","1","3","5","5","2","17","3","10","5","4","B03","7","9","1","8","2","1","","84","84","1","6","4","120.661463","24.12172","2"
"2120","66000","387130000C","(04)23274275","(04)23288582","2026","1","6","13","7","臺中市","西區","0","1","0","7","2","6","50","4","1","1","5","4","6","6","2","1","5","5","4","2","12","3","10","3","1","B03","7","5","1","8","2","5","","47","47","1","13","4","120.655609","24.154795","2"
"2121","66000","387130000C","(04)23274275","(04)23288582","2026","1","6","13","10","臺中市","南區","0","2","0","7","2","6","50","13","9","1","5","4","6","6","4","4","1","4","5","2","13","2","9","2","1","C03","7","9","1","10","2","11","","7","7","1","12","4","120.659194","24.111126","2"
"2122","66000","387130000C","(04)23274275","(04)23288582","2026","1","6","13","20","臺中市","大雅區","0","0","0","7","","","50","","","","","","","","","","","","","","","","","","","B03","","","1","","2","","","7","7","1","13","4","120.646522","24.225099","3"
"2123","66000","387130000C","(04)23274275","(04)23288582","2026","1","6","13","20","臺中市","清水區","0","1","0","7","3","6","50","3","1","1","5","4","6","6","4","4","5","4","5","1","17","3","10","3","1","B12","7","1","1","8","2","8","","51","51","1","12","4","120.570342","24.276082","2"
"2124","66000","387130000C","(04)23274275","(04)23288582","2026","1","6","13","23","臺中市","北區","0","0","0","7","","","50","","","","","","","","","","","","","","14","","","","","B12","","","1","","9","","","49","49","2","13","4","120.696003","24.155209","3"
"2125","66000","387130000C","(04)23274275","(04)23288582","2026","1","6","13","24","臺中市","西屯區","0","0","0","7","","","50","","","","","","","","","","","","","","16","","","","","C03","","","3","","2","","","40","40","1","12","4","120.64716","24.16881","3"
"2126","66000","387130000C","(04)23274275","(04)23288582","2026","1","6","13","29","臺中市","西區","0","0","0","7","","","50","","","","","","","","","","","","","","","","","","","B03","","","1","8","1","","","42","42","1","13","4","120.658502","24.155427","3"
"2127","66000","387130000C","(04)23274275","(04)23288582","2026","1","6","13","33","臺中市","梧棲區","0","0","0","7","","","30","","","","","","","","","","","","","","15","","","","","C03","","","1","","9","","","15","15","2","6","4","120.542204","24.225766","3"
"2128","66000","387130000C","(04)23274275","(04)23288582","2026","1","6","13","42","臺中市","西區","0","0","0","7","","","50","","","","","","","","","","","","","","12","","","","","B03","","","1","","2","","","84","84","1","13","4","120.667908","24.143713","3"
"2129","66000","387130000C","(04)23274275","(04)23288582","2026","1","6","13","46","臺中市","東區","0","0","0","7","","","30","","","","","","","","","","","","","","","","","","","B03","","","1","","1","","","14","14","1","12","4","120.69567","24.147206","3"
"2130","66000","387130000C","(04)23274275","(04)23288582","2026","1","6","13","46","臺中市","北屯區","0","0","0","7","","","50","","","","","","","","","","","","","","","","","","","B03","","","1","","1","","","84","84","1","13","4","120.698164","24.183673","3"
"2131","66000","387130000C","(04)23274275","(04)23288582","2026","1","6","13","52","臺中市","南屯區","0","1","0","7","2","6","50","4","1","1","5","4","6","6","2","1","5","4","4","2","15","3","10","2","1","C03","7","9","1","10","2","12","","21","21","1","12","4","120.637423","24.134025","2"
"2132","66000","387130000C","(04)23274275","(04)23288582","2026","1","6","13","57","臺中市","西屯區","0","0","0","7","","","50","","","","","","","","","","","","","","","","","","","B03","","","1","","2","","","23","23","1","12","4","120.640966","24.155755","3"
"2133","66000","387130000C","(04)23274275","(04)23288582","2026","1","6","13","58","臺中市","北屯區","0","0","0","7","","","50","","","","","","","","","","","","","","16","","","","","B03","","","1","","1","","","11","11","1","13","4","120.720712","24.175857","3"
"2134","66000","387130000C","(04)23274275","(04)23288582","2026","1","6","14","2","臺中市","龍井區","0","1","0","7","2","6","50","3","1","1","5","4","6","6","4","4","5","4","5","1","16","2","9","1","1","C03","7","9","1","10","2","14","","84","84","1","6","4","120.512907","24.19645","2"
"2135","66000","387130000C","(04)23274275","(04)23288582","2026","1","6","14","3","臺中市","西屯區","0","0","0","7","","","40","","","","","","","","","","","","","","13","","","","","C03","","","1","","1","","","7","7","1","12","4","120.64808","24.163158","3"
"2136","66000","387130000C","(04)23274275","(04)23288582","2026","1","6","14","5","臺中市","西屯區","0","0","0","7","","","50","","","","","","","","","","","","","","14","","","","","B03","","","1","","1","","","49","49","1","13","4","120.588758","24.176998","3"
"2137","66000","387130000C","(04)23274275","(04)23288582","2026","1","6","14","6","臺中市","大里區","0","0","0","7","2","6","50","13","2","1","5","4","6","6","1","1","1","4","5","1","13","","","","","B03","","","1","","1","","","84","84","1","13","4","120.680843","24.105516","3"
"2138","66000","387130000C","(04)23274275","(04)23288582","2026","1","6","14","7","臺中市","西屯區","0","0","0","7","","","50","","","","","","","","","","","","","","14","","","","","B03","","","1","","1","","","59","59","1","12","4","120.624857","24.178352","3"
"2139","66000","387130000C","(04)23274275","(04)23288582","2026","1","6","14","8","臺中市","太平區","0","1","0","7","2","6","50","3","1","1","5","4","6","6","4","4","10","5","5","2","16","3","10","3","1","B03","7","6","1","8","2","8","1","14","14","1","12","4","120.722665","24.103778","2"
"2140","66000","387130000C","(04)23274275","(04)23288582","2026","1","6","14","11","臺中市","太平區","0","0","0","7","","","30","","","","","","","","","","","","","","11","","","","","B12","","","1","","2","","","41","41","1","12","4","120.712011","24.125426","3"
"2141","66000","387130000C","(04)23274275","(04)23288582","2026","1","6","14","15","臺中市","南區","0","0","0","7","","","50","","","","","","","","","","","","","","","","","","","B03","","","1","","1","","","7","7","1","6","4","120.657468","24.133669","3"
"2142","66000","387130000C","(04)23274275","(04)23288582","2026","1","6","14","20","臺中市","西區","0","1","0","7","2","6","30","3","1","1","5","4","6","6","4","4","5","4","5","2","15","3","10","3","1","B03","7","9","1","8","2","5","","13","13","1","13","4","120.661621","24.146371","2"
"2143","66000","387130000C","(04)23274275","(04)23288582","2026","1","6","14","32","臺中市","沙鹿區","0","0","0","7","","","40","","","","","","","","","","","","","","","","","","","C03","","","1","","1","","","7","7","1","12","4","120.585228","24.25065","3"
"2144","66000","387130000C","(04)23274275","(04)23288582","2026","1","6","14","33","臺中市","東區","0","0","0","7","","","50","","","","","","","","","","","","","","","","","","","B03","","","1","","1","","","7","7","1","13","4","120.706422","24.129471","3"
"2145","66000","387130000C","(04)23274275","(04)23288582","2026","1","6","14","33","臺中市","太平區","0","0","0","7","2","6","30","","","","","","","","","","","","","","","","","","","B03","","","1","","2","5","","84","84","1","12","4","120.712363","24.125048","3"
"2146","66000","387130000C","(04)23274275","(04)23288582","2026","1","6","14","35","臺中市","北屯區","0","0","0","7","","","","","","","","","","","","","","","","","","","","","","","","","","","","","","26","26","1","","","120.737308","24.178427","4"
"2147","66000","387130000C","(04)23274275","(04)23288582","2026","1","6","14","38","臺中市","北屯區","0","0","0","7","","","50","","","","","","","","","","","","","","","","","","","C03","","","1","","2","","","58","58","1","6","4","120.76018","24.199844","3"
"2148","66000","387130000C","(04)23274275","(04)23288582","2026","1","6","14","42","臺中市","太平區","0","1","0","7","2","6","40","13","9","1","5","4","6","6","4","4","5","5","4","2","2","3","10","2","1","C03","7","9","1","10","2","12","","84","84","1","12","4","120.713313","24.125455","2"
"2149","66000","387130000C","(04)23274275","(04)23288582","2026","1","6","14","43","臺中市","北屯區","0","0","0","7","","","30","","","","","","","","","","","","","","14","","","","","B03","","","1","","2","","","49","49","1","12","4","120.681447","24.175281","3"
"2150","66000","387130000C","(04)23274275","(04)23288582","2026","1","6","14","45","臺中市","大雅區","0","0","0","7","","","50","","","","","","","","","","","","","","","","","","","B03","","","1","","1","","","40","40","1","13","4","120.638901","24.23275","3"
"2151","66000","387130000C","(04)23274275","(04)23288582","2026","1","6","14","46","臺中市","南屯區","0","0","0","7","","","50","","","","","","","","","","","","","","14","","","","","B03","","","1","","2","","","50","50","1","12","4","120.624974","24.144727","3"
"2152","66000","387130000C","(04)23274275","(04)23288582","2026","1","6","14","47","臺中市","烏日區","0","2","0","7","3","6","30","3","1","1","5","4","6","6","4","4","10","5","5","2","16","2","9","2","1","C03","7","6","1","10","2","12","","14","14","1","6","4","120.635429","24.109883","2"
"2153","66000","387130000C","(04)23274275","(04)23288582","2026","1","6","14","50","臺中市","東勢區","0","0","0","7","","","50","","","","","","","","","","","","","","","","","","","B03","","","1","","9","","","49","49","2","12","4","120.828163","24.257397","3"
"2154","66000","387130000C","(04)23274275","(04)23288582","2026","1","6","14","51","臺中市","北屯區","0","2","0","7","2","6","50","4","1","1","5","4","6","6","4","4","10","5","5","2","15","2","9","1","1","C03","7","9","1","10","2","14","","12","12","1","13","4","120.714669","24.180099","2"
"2155","66000","387130000C","(04)23274275","(04)23288582","2026","1","6","14","52","臺中市","大里區","0","0","0","7","","","50","","","","","","","","","","","","","","17","","","","","C03","","","1","","2","","","7","7","1","12","4","120.690099","24.106194","3"
"2156","66000","387130000C","(04)23274275","(04)23288582","2026","1","6","14","54","臺中市","霧峰區","0","0","0","7","","","","","","","","","","","","","","","","","17","","","","","","","","","","","","","119","119","2","","","120.70718","24.073559","3"
"2157","66000","387130000C","(04)23274275","(04)23288582","2026","1","6","14","58","臺中市","大雅區","0","1","0","7","3","6","50","4","1","1","5","4","6","6","1","1","10","5","5","2","16","2","9","5","4","C03","7","9","1","10","2","11","","7","7","1","12","4","120.655102","24.235066","2"
"2158","66000","387130000C","(04)23274275","(04)23288582","2026","1","6","15","1","臺中市","北區","0","0","0","7","3","6","50","18","24","1","5","4","6","6","4","4","10","5","5","2","17","","","","","B03","","","1","","2","","","8","8","1","13","4","120.677112","24.160519","4"
"2159","66000","387130000C","(04)23274275","(04)23288582","2026","1","6","15","1","臺中市","太平區","0","2","0","7","2","6","50","13","9","1","5","4","6","6","4","4","10","5","5","2","17","2","9","2","1","C03","7","1","1","10","2","11","","51","51","1","12","4","120.718334","24.126531","2"
"2160","66000","387130000C","(04)23274275","(04)23288582","2026","1","6","15","4","臺中市","沙鹿區","0","0","0","7","","","50","","","","","","","","","","","","","","","","","","","B12","","","1","","1","","","8","8","1","12","4","120.557406","24.233992","3"
"2161","66000","387130000C","(04)23274275","(04)23288582","2026","1","6","15","5","臺中市","豐原區","0","0","0","7","2","2","50","13","9","1","5","4","6","6","2","1","1","2","5","2","12","3","10","3","1","B03","7","8","1","8","2","5","","8","8","1","12","4","120.704932","24.250003","3"
"2162","66000","387130000C","(04)23274275","(04)23288582","2026","1","6","15","6","臺中市","北區","0","1","0","7","2","6","50","13","9","1","5","4","6","6","4","4","5","5","5","2","17","2","9","5","1","C03","7","9","1","10","2","11","","59","59","1","13","4","120.680931","24.167908","2"
"2163","66000","387130000C","(04)23274275","(04)23288582","2026","1","6","15","10","臺中市","中區","0","3","0","1","2","6","50","4","1","1","5","4","5","6","1","1","5","4","5","2","16","2","9","2","1","C03","7","5","1","10","2","12","","11","11","1","12","4","120.678333","24.144748","2"
"2164","66000","387130000C","(04)23274275","(04)23288582","2026","1","6","15","10","臺中市","梧棲區","0","0","0","7","","","60","","","","","","","","","","","","","","12","","","","","B03","","","1","","2","","","48","48","1","12","4","120.513085","24.227302","3"
"2165","66000","387130000C","(04)23274275","(04)23288582","2026","1","6","15","13","臺中市","北屯區","0","0","0","7","","","50","","","","","","","","","","","","","","17","","","","","B03","","","1","","2","","","84","84","1","12","4","120.680082","24.184902","3"
"2166","66000","387130000C","(04)23274275","(04)23288582","2026","1","6","15","13","臺中市","大里區","0","0","0","7","","","","","","","","","","","","","","","","","17","","","","","","","","","","","","","119","119","1","","","120.682256","24.104495","3"
"2167","66000","387130000C","(04)23274275","(04)23288582","2026","1","6","15","20","臺中市","大雅區","0","2","0","7","3","6","60","4","1","1","5","4","6","6","1","1","10","5","5","2","13","2","9","2","1","C03","7","9","1","10","2","11","","59","59","1","12","4","120.660618","24.231863","2"
"2168","66000","387130000C","(04)23274275","(04)23288582","2026","1","6","15","21","臺中市","西屯區","0","1","0","7","2","6","50","4","1","1","5","4","6","6","1","1","8","4","5","1","12","2","9","5","4","C03","7","9","1","10","2","13","","8","8","1","13","4","120.64559","24.172381","2"
"2169","66000","387130000C","(04)23274275","(04)23288582","2026","1","6","15","26","臺中市","西區","0","1","0","7","2","6","50","4","1","1","5","4","6","6","1","1","10","5","5","2","17","2","9","1","1","C03","7","15","1","10","2","11","","85","85","1","12","4","120.663713","24.130587","2"
"2170","66000","387130000C","(04)23274275","(04)23288582","2026","1","6","15","28","臺中市","龍井區","0","2","0","7","2","6","50","3","1","1","5","4","6","6","4","4","5","5","4","2","16","2","8","3","1","B03","7","9","1","8","2","1","","6","6","1","12","4","120.559068","24.199476","2"
"2171","66000","387130000C","(04)23274275","(04)23288582","2026","1","6","15","28","臺中市","烏日區","0","1","0","7","2","6","60","4","1","1","5","4","6","6","1","1","10","5","5","2","16","2","9","1","1","C03","7","6","1","10","2","11","","11","11","1","6","4","120.62734","24.10404","2"
"2172","66000","387130000C","(04)23274275","(04)23288582","2026","1","6","15","29","臺中市","西區","0","2","0","7","3","6","0","13","8","1","5","4","6","6","4","4","1","4","1","2","3","2","5","6","5","H01","8","16","7","21","10","17","","95","95","1","6","5","120.659894","24.158815","2"
"2173","66000","387130000C","(04)23274275","(04)23288582","2026","1","6","15","30","臺中市","太平區","0","1","0","7","2","6","50","13","9","1","5","4","6","6","4","4","5","5","5","2","18","2","9","1","1","F03","7","9","7","21","2","14","","84","84","1","12","4","120.717522","24.124837","2"
"2174","66000","387130000C","(04)23274275","(04)23288582","2026","1","6","15","31","臺中市","北屯區","0","2","0","7","3","6","50","4","2","1","5","4","6","6","1","1","4","5","5","2","13","2","9","1","1","C03","7","9","1","10","2","13","","84","84","1","12","4","120.670848","24.174967","2"
"2175","66000","387130000C","(04)23274275","(04)23288582","2026","1","6","15","31","臺中市","豐原區","0","0","0","7","","","50","","","","","","","","","","","","","","13","","","","","B03","","","1","","2","","","61","61","1","12","4","120.720459","24.243342","3"
"2176","66000","387130000C","(04)23274275","(04)23288582","2026","1","6","15","37","臺中市","烏日區","0","0","0","7","","","60","","","","","","","","","","","","","","13","","","","","B12","","","1","","1","","","84","84","1","6","4","120.624607","24.104165","3"
"2177","66000","387130000C","(04)23274275","(04)23288582","2026","1","6","15","39","臺中市","新社區","0","1","0","7","3","6","50","18","9","1","5","4","6","6","3","1","9","5","5","1","12","2","9","5","4","C03","7","6","1","10","2","12","","24","24","1","12","4","120.815508","24.185044","2"
"2178","66000","387130000C","(04)23274275","(04)23288582","2026","1","6","15","40","臺中市","大里區","0","0","0","7","","","50","","","","","","","","","","","","","","","","","","","C03","","","1","","9","","","48","48","2","12","4","120.679577","24.10935","3"
"2179","66000","387130000C","(04)23274275","(04)23288582","2026","1","6","15","45","臺中市","清水區","0","0","0","7","","","50","","","","","","","","","","","","","","17","","","","","B12","","","1","","2","","","76","76","1","12","4","120.571077","24.259731","3"
"2180","66000","387130000C","(04)23274275","(04)23288582","2026","1","6","15","47","臺中市","北屯區","0","0","0","7","","","50","","","","","","","","","","","","","","","","","","","B03","","","1","","1","","","84","84","1","13","4","120.704738","24.172365","3"
"2181","66000","387130000C","(04)23274275","(04)23288582","2026","1","6","15","49","臺中市","豐原區","0","1","0","7","2","6","50","13","7","1","5","4","6","6","4","4","5","4","4","2","17","2","7","1","1","F03","7","9","7","21","2","12","","43","43","1","13","4","120.71107","24.243069","2"
"2182","66000","387130000C","(04)23274275","(04)23288582","2026","1","6","15","53","臺中市","西屯區","0","0","0","7","","","50","","","","","","","","","","","","","","13","","","","","B03","","","1","","1","","","59","59","1","12","4","120.623817","24.185445","3"
"2183","66000","387130000C","(04)23274275","(04)23288582","2026","1","6","15","54","臺中市","西區","0","0","0","7","","","30","","","","","","","","","","","","","","12","","","","","B03","","","1","","1","","","7","7","1","13","4","120.676675","24.140607","3"
"2184","66000","387130000C","(04)23274275","(04)23288582","2026","1","6","16","0","臺中市","龍井區","0","0","0","7","2","6","50","13","7","1","5","4","6","6","2","1","1","4","3","2","17","","","","","B12","","","1","","1","","","84","84","1","6","4","120.573765","24.18524","3"
"2185","66000","387130000C","(04)23274275","(04)23288582","2026","1","6","16","1","臺中市","霧峰區","0","0","0","7","","3","80","","","","","","","","","","","","","","","","","","","B12","","","1","","2","","","40","40","1","6","4","120.682595","24.077996","3"
"2186","66000","387130000C","(04)23274275","(04)23288582","2026","1","6","16","2","臺中市","南屯區","0","0","0","7","","","50","","","","","","","","","","","","","","","","","","","B12","","","1","","1","","","73","73","1","6","4","120.634135","24.146088","3"
"2187","66000","387130000C","(04)23274275","(04)23288582","2026","1","6","16","5","臺中市","大里區","0","0","0","7","2","6","30","4","1","1","5","4","6","6","4","4","10","5","5","2","17","","","","","B03","","","1","","2","","","82","82","1","6","4","120.699593","24.081945","3"
"2188","66000","387130000C","(04)23274275","(04)23288582","2026","1","6","16","5","臺中市","大肚區","0","0","0","7","","","50","","","","","","","","","","","","","","","","","","","B03","","","1","","2","","","84","84","1","6","4","120.547976","24.143177","3"
"2189","66000","387130000C","(04)23274275","(04)23288582","2026","1","6","16","6","臺中市","后里區","0","0","0","7","","","50","","","","","","","","","","","","","","17","","","","","B03","","","1","","2","","","84","84","1","6","4","120.704629","24.315998","3"
"2190","66000","387130000C","(04)23274275","(04)23288582","2026","1","6","16","7","臺中市","西區","0","0","0","1","","","50","","","","","","","","","","","","","","17","","","","","B03","","","1","","1","","","40","40","1","12","4","120.658521","24.157295","3"
"2191","66000","387130000C","(04)23274275","(04)23288582","2026","1","6","16","9","臺中市","東區","0","0","0","7","","","50","","","","","","","","","","","","","","13","","","","","C03","","","5","","1","","","7","7","1","12","4","120.692182","24.139965","3"
"2192","66000","387130000C","(04)23274275","(04)23288582","2026","1","6","16","9","臺中市","南區","0","2","0","7","3","6","50","4","1","1","5","4","6","6","4","4","10","5","5","2","16","2","8","5","4","C03","7","6","1","10","1","14","","48","48","1","12","4","120.655845","24.110022","2"
"2193","66000","387130000C","(04)23274275","(04)23288582","2026","1","6","16","10","臺中市","西屯區","0","1","0","7","2","6","50","13","9","1","5","4","6","6","4","4","5","4","5","2","12","3","10","3","1","B03","7","5","1","8","2","5","","47","47","1","13","4","120.64527","24.172085","2"
"2194","66000","387130000C","(04)23274275","(04)23288582","2026","1","6","16","12","臺中市","大甲區","0","1","0","7","3","6","50","4","2","1","5","4","6","6","1","1","4","5","5","1","17","2","9","1","1","C03","7","9","1","10","2","11","","59","59","1","6","4","120.61929","24.348548","2"
"2195","66000","387130000C","(04)23274275","(04)23288582","2026","1","6","16","14","臺中市","太平區","0","2","0","7","2","6","50","3","2","1","5","4","6","6","4","4","5","5","4","2","12","2","7","2","1","C03","7","4","1","10","2","14","","87","87","1","12","4","120.718008","24.103545","2"
"2196","66000","387130000C","(04)23274275","(04)23288582","2026","1","6","16","16","臺中市","北屯區","0","2","0","7","2","6","50","3","1","1","5","4","6","6","4","4","10","5","5","2","16","2","8","2","1","C03","7","6","1","10","2","12","","14","14","1","6","4","120.661393","24.187757","2"
"2197","66000","387130000C","(04)23274275","(04)23288582","2026","1","6","16","18","臺中市","豐原區","0","0","0","7","","","50","","","","","","","","","","","","","","13","","","","","B03","","","5","","1","","","59","59","1","12","4","120.70612","24.250038","3"
"2198","66000","387130000C","(04)23274275","(04)23288582","2026","1","6","16","19","臺中市","北屯區","0","0","0","7","","","50","","","","","","","","","","","","","","17","","","","","B03","","","1","","1","","","59","59","1","12","4","120.687298","24.184888","3"
"2199","66000","387130000C","(04)23274275","(04)23288582","2026","1","6","16","20","臺中市","大里區","0","1","0","7","2","6","50","13","9","1","5","4","6","6","4","4","5","4","5","2","17","3","10","3","1","B12","7","1","1","8","2","16","","85","85","1","12","4","120.695833","24.111182","2"
"2200","66000","387130000C","(04)23274275","(04)23288582","2026","1","6","16","26","臺中市","太平區","0","1","0","7","2","6","50","13","8","1","5","4","6","6","4","4","5","5","4","2","17","2","9","2","1","C03","7","9","1","10","2","14","","84","84","1","12","4","120.708765","24.159166","2"
"2201","66000","387130000C","(04)23274275","(04)23288582","2026","1","6","16","29","臺中市","大里區","0","1","0","7","2","6","50","13","9","1","5","4","6","6","4","4","1","5","5","1","17","2","9","1","1","C03","7","9","1","10","2","14","","85","85","1","6","4","120.693807","24.100356","2"
"2202","66000","387130000C","(04)23274275","(04)23288582","2026","1","6","16","33","臺中市","南屯區","0","1","0","7","3","6","30","13","9","1","5","4","6","6","4","4","5","5","5","2","9","3","10","6","5","H04","8","20","7","21","2","17","","95","95","1","12","5","120.625256","24.115552","2"
"2203","66000","387130000C","(04)23274275","(04)23288582","2026","1","6","16","33","臺中市","大里區","0","1","0","7","3","6","50","4","1","1","5","4","6","6","2","1","3","4","4","1","16","3","10","5","4","B03","7","6","1","8","2","2","","84","84","1","13","4","120.696757","24.111175","2"
"2204","66000","387130000C","(04)23274275","(04)23288582","2026","1","6","16","40","臺中市","北屯區","0","1","0","7","1","6","50","3","2","1","5","4","6","6","1","1","3","4","4","2","13","2","9","1","1","C03","7","9","1","10","2","11","","84","84","1","13","4","120.665541","24.18246","2"
"2205","66000","387130000C","(04)23274275","(04)23288582","2026","1","6","16","43","臺中市","大雅區","0","0","0","7","","","30","","","","","","","","","","","","","","","","","","","B03","","","1","","2","","","48","48","1","13","4","120.656714","24.221235","3"
"2206","66000","387130000C","(04)23274275","(04)23288582","2026","1","6","16","45","臺中市","梧棲區","0","0","0","7","","","70","","","","","","","","","","","","","","14","","","","","B03","","","1","","2","","","49","49","1","6","4","120.556866","24.25345","3"
"2207","66000","387130000C","(04)23274275","(04)23288582","2026","1","6","16","46","臺中市","西區","0","1","0","7","2","6","50","3","2","1","5","4","6","6","2","1","5","4","5","1","12","2","9","2","1","C03","7","15","1","10","2","12","","84","84","1","13","4","120.663461","24.150858","2"
"2208","66000","387130000C","(04)23274275","(04)23288582","2026","1","6","16","48","臺中市","大里區","0","1","0","7","2","6","30","3","1","1","5","4","6","6","4","4","10","5","5","2","16","3","10","3","1","B03","7","6","1","8","2","8","","14","14","1","6","4","120.694297","24.092904","2"
"2209","66000","387130000C","(04)23274275","(04)23288582","2026","1","6","16","48","臺中市","烏日區","0","0","0","7","2","6","40","3","1","1","5","4","6","6","4","4","5","4","4","1","15","3","10","3","1","B03","7","6","1","8","2","7","","14","14","1","6","4","120.656463","24.095571","4"
"2210","66000","387130000C","(04)23274275","(04)23288582","2026","1","6","16","50","臺中市","南屯區","0","0","0","7","","","50","","","","","","","","","","","","","","","","","","","C03","","","1","","11","","","87","87","1","12","4","120.64217","24.141566","3"
"2211","66000","387130000C","(04)23274275","(04)23288582","2026","1","6","16","50","臺中市","北屯區","0","1","0","7","3","6","50","4","1","1","5","4","6","6","4","4","10","5","5","2","15","3","10","3","1","B03","7","9","1","8","2","1","","12","12","1","6","4","120.680355","24.179414","2"
"2212","66000","387130000C","(04)23274275","(04)23288582","2026","1","6","16","54","臺中市","沙鹿區","0","2","0","7","3","6","40","13","8","1","5","4","6","6","4","4","1","4","3","2","13","3","10","1","1","C03","7","9","1","10","9","11","","7","7","2","6","4","120.571041","24.235201","2"
"2213","66000","387130000C","(04)23274275","(04)23288582","2026","1","6","16","55","臺中市","西屯區","0","1","0","7","2","6","50","4","1","1","5","4","6","6","4","4","10","5","5","2","12","3","10","3","1","B03","7","9","1","8","2","6","","85","85","1","12","4","120.66714","24.177129","2"