序號,縣市別代碼,機關代碼,市話,傳真,年,月,日,時,分,縣市,區,死亡數量,受傷數量,2-30,天候,道路照明設備,道路類別,道路速限,道路型態,事故位置,路面鋪裝,路面狀態,路面缺陷,障礙物,視距,號誌種類,號誌動作,分向設施,快車道或一般車道間,快慢車道間,路面邊線,事故類型及型態,受傷程度,主要傷處,保護裝備,行動電話或功能裝置,當事者區分(類別),車輛用途,當事者行動狀態,駕照狀態,駕照種類,飲酒情形,車輛撞擊部位最初,車輛撞擊部位其他,肇事因素個別,肇事因素主要,肇事逃逸,職業,共享經濟或外送平台,GPS座標X,GPS座標Y,事故類別
"2214","66000","387130000C","(04)23274275","(04)23288582","2026","1","6","16","55","臺中市","太平區","0","1","0","7","2","6","50","3","1","1","5","4","6","6","4","4","10","5","5","2","16","3","10","2","1","C03","7","5","1","10","2","12","","47","47","1","12","4","120.734286","24.144377","2"
"2215","66000","387130000C","(04)23274275","(04)23288582","2026","1","6","16","56","臺中市","北屯區","0","1","0","7","3","6","50","3","1","1","5","4","6","6","1","1","10","5","5","2","13","2","9","1","1","C03","7","9","1","10","2","11","","7","7","1","6","4","120.665877","24.182652","2"
"2216","66000","387130000C","(04)23274275","(04)23288582","2026","1","6","16","58","臺中市","烏日區","0","0","0","7","","","50","","","","","","","","","","","","","","17","","","","","B03","","","1","","1","","","51","51","1","6","4","120.624255","24.102669","4"
"2217","66000","387130000C","(04)23274275","(04)23288582","2026","1","6","17","5","臺中市","南屯區","0","2","0","7","2","6","50","13","7","1","5","4","6","6","4","4","9","4","4","2","17","2","7","1","1","C03","7","1","1","10","2","11","","51","51","1","12","4","120.625954","24.113387","2"
"2218","66000","387130000C","(04)23274275","(04)23288582","2026","1","6","17","5","臺中市","太平區","0","2","0","7","2","6","50","4","1","1","5","4","6","6","4","4","10","5","5","2","15","2","9","2","1","C03","7","9","1","10","2","11","","15","15","1","12","4","120.723539","24.136928","2"
"2219","66000","387130000C","(04)23274275","(04)23288582","2026","1","6","17","6","臺中市","西屯區","0","0","0","7","","","40","","","","","","","","","","","","","","17","","","","","C03","","","1","","9","","","50","50","2","12","4","120.636594","24.165183","3"
"2220","66000","387130000C","(04)23274275","(04)23288582","2026","1","6","17","6","臺中市","梧棲區","0","2","0","7","1","6","30","4","1","1","5","4","6","6","1","1","10","5","5","2","16","2","9","1","1","F02","7","6","7","21","2","11","","85","85","1","12","4","120.541175","24.226153","2"
"2221","66000","387130000C","(04)23274275","(04)23288582","2026","1","6","17","7","臺中市","大里區","0","0","0","7","","","50","","","","","","","","","","","","","","12","","","","","B03","","","1","","2","","","40","40","1","13","4","120.69985","24.114641","3"
"2222","66000","387130000C","(04)23274275","(04)23288582","2026","1","6","17","8","臺中市","西區","0","0","0","7","","","50","","","","","","","","","","","","","","","","","","","B03","","","1","","1","","","84","84","1","6","4","120.652147","24.148829","3"
"2223","66000","387130000C","(04)23274275","(04)23288582","2026","1","6","17","9","臺中市","梧棲區","0","2","0","7","3","6","60","13","9","1","5","4","6","6","4","4","1","4","5","1","12","2","9","1","1","C03","7","9","1","10","2","13","","37","37","1","6","4","120.535122","24.246946","2"
"2224","66000","387130000C","(04)23274275","(04)23288582","2026","1","6","17","11","臺中市","大里區","0","0","0","7","","","50","","","","","","","","","","","","","","","","","","","C03","","","5","","11","","","34","34","1","6","4","120.703097","24.09615","3"
"2225","66000","387130000C","(04)23274275","(04)23288582","2026","1","6","17","12","臺中市","南屯區","0","2","0","7","1","6","50","4","1","1","5","4","6","6","1","1","1","5","5","2","15","2","4","1","1","C03","7","9","1","10","2","11","","21","21","1","6","4","120.640214","24.117275","2"
"2226","66000","387130000C","(04)23274275","(04)23288582","2026","1","6","17","12","臺中市","西屯區","0","1","0","7","2","6","50","13","9","1","5","4","6","6","4","4","8","4","5","1","17","3","10","5","4","B03","7","1","5","8","2","4","","51","51","1","13","4","120.650141","24.162912","2"
"2227","66000","387130000C","(04)23274275","(04)23288582","2026","1","6","17","12","臺中市","太平區","0","1","0","7","2","6","50","13","24","1","5","4","6","6","4","4","9","5","5","2","17","3","10","3","1","B03","7","1","1","8","2","8","","51","51","1","12","4","120.71707","24.124071","2"
"2228","66000","387130000C","(04)23274275","(04)23288582","2026","1","6","17","14","臺中市","西屯區","0","1","0","7","1","6","50","3","2","1","5","4","6","6","4","4","4","1","5","1","13","2","7","1","4","C03","7","9","1","10","2","11","","59","59","1","12","4","120.593548","24.179898","2"
"2229","66000","387130000C","(04)23274275","(04)23288582","2026","1","6","17","15","臺中市","北區","0","0","0","7","","","50","","","","","","","","","","","","","","13","","","","","B03","","","1","","1","","","7","7","1","13","4","120.675754","24.150337","3"
"2230","66000","387130000C","(04)23274275","(04)23288582","2026","1","6","17","15","臺中市","北屯區","0","1","0","7","1","6","50","13","9","1","5","4","6","6","4","4","10","4","5","2","18","2","8","1","1","C03","7","9","1","10","2","12","","84","84","1","13","4","120.673482","24.189803","2"
"2231","66000","387130000C","(04)23274275","(04)23288582","2026","1","6","17","15","臺中市","西屯區","0","1","0","7","2","6","50","4","1","1","5","4","6","6","1","1","10","5","5","2","13","2","9","2","1","C03","7","9","1","10","2","11","","7","7","1","12","4","120.649484","24.162272","2"
"2232","66000","387130000C","(04)23274275","(04)23288582","2026","1","6","17","15","臺中市","霧峰區","0","0","0","7","2","6","50","13","9","1","5","4","6","6","4","4","5","5","5","1","16","","","","","B03","","","1","","2","","","34","34","1","6","4","120.686297","24.053246","3"
"2233","66000","387130000C","(04)23274275","(04)23288582","2026","1","6","17","15","臺中市","大甲區","0","0","0","7","","","50","","","","","","","","","","","","","","16","","","","","B03","","","1","","1","","","14","14","1","12","4","120.617161","24.351834","3"
"2234","66000","387130000C","(04)23274275","(04)23288582","2026","1","6","17","18","臺中市","南區","0","1","0","7","2","6","50","3","1","1","5","4","6","6","2","1","5","5","5","2","3","3","10","1","1","F01","7","6","7","21","2","11","","10","10","1","13","4","120.684824","24.128982","2"
"2235","66000","387130000C","(04)23274275","(04)23288582","2026","1","6","17","20","臺中市","西屯區","0","0","0","7","","","30","","","","","","","","","","","","","","30","","","","","C03","","","1","","2","","","59","59","1","13","4","120.643529","24.176587","3"
"2236","66000","387130000C","(04)23274275","(04)23288582","2026","1","6","17","20","臺中市","沙鹿區","0","1","0","6","2","6","40","5","2","1","5","4","6","6","1","1","1","4","4","1","18","2","3","1","1","C03","7","9","2","19","2","12","","59","59","1","12","4","120.575403","24.25263","2"
"2237","66000","387130000C","(04)23274275","(04)23288582","2026","1","6","17","20","臺中市","神岡區","0","2","0","7","1","6","50","13","7","1","5","4","3","6","4","4","5","4","4","2","12","2","9","1","1","C03","7","1","3","19","2","13","","51","51","1","12","4","120.68005","24.248425","2"
"2238","66000","387130000C","(04)23274275","(04)23288582","2026","1","6","17","22","臺中市","外埔區","0","0","0","6","","","50","","","","","","","","","","","","","","13","","","","","B03","","","1","","2","","","59","59","1","5","4","120.635929","24.343436","3"
"2239","66000","387130000C","(04)23274275","(04)23288582","2026","1","6","17","22","臺中市","豐原區","0","1","0","7","1","6","30","13","9","1","5","4","6","6","4","4","10","5","5","1","10","2","9","1","1","C03","7","9","1","10","2","11","12","41","41","1","13","4","120.758242","24.245095","2"
"2240","66000","387130000C","(04)23274275","(04)23288582","2026","1","6","17","30","臺中市","大里區","0","0","0","7","","","50","","","","","","","","","","","","","","16","","","","","C03","","","","","1","","","48","48","1","6","4","120.677997","24.112067","3"
"2241","66000","387130000C","(04)23274275","(04)23288582","2026","1","6","17","30","臺中市","神岡區","0","2","0","7","3","6","50","13","9","1","5","4","6","6","4","4","9","5","5","1","12","2","9","1","1","C03","7","9","1","10","2","11","","7","7","1","13","4","120.681316","24.259769","2"
"2242","66000","387130000C","(04)23274275","(04)23288582","2026","1","6","17","31","臺中市","北區","0","0","0","7","","","50","","","","","","","","","","","","","","16","","","","","F03","","","1","","1","11","","11","11","1","12","4","120.675433","24.152215","3"
"2243","66000","387130000C","(04)23274275","(04)23288582","2026","1","6","17","31","臺中市","后里區","0","0","0","7","","","50","","","","","","","","","","","","","","16","","","","","B03","","","1","","2","","","20","20","1","6","4","120.716792","24.326851","3"
"2244","66000","387130000C","(04)23274275","(04)23288582","2026","1","6","17","32","臺中市","西屯區","0","2","0","7","1","6","40","3","1","1","5","4","6","6","2","1","10","5","5","2","16","2","9","6","1","F01","7","6","7","21","1","14","","11","11","1","4","4","120.646793","24.171028","2"
"2245","66000","387130000C","(04)23274275","(04)23288582","2026","1","6","17","32","臺中市","西屯區","0","0","0","7","","3","80","","","","","","","","","","","","","","12","","","","","A11","","","1","","2","","","40","40","1","12","4","120.644831","24.194613","3"
"2246","66000","387130000C","(04)23274275","(04)23288582","2026","1","6","17","33","臺中市","北區","0","1","0","7","2","6","50","3","1","1","5","4","6","6","4","4","2","4","5","2","17","3","10","3","1","B03","7","14","1","8","2","2","","76","76","1","12","4","120.684218","24.149475","2"
"2247","66000","387130000C","(04)23274275","(04)23288582","2026","1","6","17","34","臺中市","西區","0","1","0","7","1","6","50","4","1","1","5","4","6","6","2","1","1","2","1","2","16","3","10","3","1","B03","7","6","5","8","5","5","","84","84","1","13","4","120.671985","24.149129","2"
"2248","66000","387130000C","(04)23274275","(04)23288582","2026","1","6","17","34","臺中市","西屯區","0","1","0","7","1","6","50","4","1","1","5","4","6","6","1","1","1","4","1","1","16","3","10","5","4","B03","7","5","1","8","2","2","","38","38","1","13","4","120.656411","24.199829","2"
"2249","66000","387130000C","(04)23274275","(04)23288582","2026","1","6","17","34","臺中市","太平區","0","0","0","7","","","50","","","","","","","","","","","","","","17","","","","","C03","","","1","","2","","","84","84","1","12","4","120.733483","24.143045","3"
"2250","66000","387130000C","(04)23274275","(04)23288582","2026","1","6","17","34","臺中市","龍井區","0","0","0","7","","","50","","","","","","","","","","","","","","","","","","","B03","","","1","","2","","","8","8","1","12","4","120.523817","24.197028","3"
"2251","66000","387130000C","(04)23274275","(04)23288582","2026","1","6","17","34","臺中市","梧棲區","0","0","0","6","","","50","","","","","","","","","","","","","","13","","","","","B03","","","1","","2","","","7","7","1","12","4","120.537673","24.249204","3"
"2252","66000","387130000C","(04)23274275","(04)23288582","2026","1","6","17","35","臺中市","豐原區","0","0","0","7","","","30","","","","","","","","","","","","","","1","","","","","B03","","","1","","2","","","8","8","1","6","4","120.727415","24.231318","3"
"2253","66000","387130000C","(04)23274275","(04)23288582","2026","1","6","17","36","臺中市","后里區","0","0","0","7","1","6","50","3","14","1","5","4","6","6","1","1","5","4","4","1","12","","","","","B03","","","1","","11","","","27","27","2","6","4","120.710572","24.310709","3"
"2254","66000","387130000C","(04)23274275","(04)23288582","2026","1","6","17","37","臺中市","南屯區","0","1","0","7","1","6","30","13","9","1","5","4","6","6","4","4","10","5","5","2","11","3","10","2","4","C03","7","4","1","10","2","14","","84","84","1","6","4","120.613435","24.150862","2"
"2255","66000","387130000C","(04)23274275","(04)23288582","2026","1","6","17","37","臺中市","北屯區","0","0","0","7","","","50","","","","","","","","","","","","","","13","","","","","B03","","","1","","1","","","7","7","1","12","4","120.690448","24.173976","3"
"2256","66000","387130000C","(04)23274275","(04)23288582","2026","1","6","17","38","臺中市","北屯區","0","1","0","7","1","6","50","13","9","1","5","4","6","6","4","4","3","4","5","2","13","2","9","1","1","C03","7","9","1","10","2","11","","84","84","1","13","4","120.680009","24.200821","2"
"2257","66000","387130000C","(04)23274275","(04)23288582","2026","1","6","17","40","臺中市","潭子區","0","1","0","7","1","6","50","4","1","1","5","4","6","6","1","1","5","5","5","2","16","3","10","3","1","B03","7","11","1","8","2","5","","84","84","1","13","4","120.705616","24.218114","2"
"2258","66000","387130000C","(04)23274275","(04)23288582","2026","1","6","17","40","臺中市","北區","0","0","0","7","","","50","","","","","","","","","","","","","","13","","","","","C03","","","1","","1","11","","59","59","1","12","4","120.672502","24.168899","3"
"2259","66000","387130000C","(04)23274275","(04)23288582","2026","1","6","17","40","臺中市","南屯區","0","0","0","7","","","50","","","","","","","","","","","","","","","","","","","B03","","","1","","2","","","59","59","1","12","4","120.621033","24.151473","3"
"2260","66000","387130000C","(04)23274275","(04)23288582","2026","1","6","17","41","臺中市","西屯區","0","1","0","7","1","6","50","4","1","1","5","4","6","6","2","1","10","5","5","2","11","3","10","3","4","B02","7","6","1","8","2","5","","11","11","1","12","4","120.637449","24.177602","2"
"2261","66000","387130000C","(04)23274275","(04)23288582","2026","1","6","17","41","臺中市","大里區","0","1","0","7","1","6","50","3","1","1","5","4","6","6","4","4","10","5","5","2","14","3","10","3","1","B03","7","2","1","8","2","8","","49","49","1","12","4","120.697743","24.094609","2"
"2262","66000","387130000C","(04)23274275","(04)23288582","2026","1","6","17","42","臺中市","北區","0","0","0","7","","","50","","","","","","","","","","","","","","12","","","","","C03","","","1","","2","","","8","8","1","13","4","120.676978","24.163351","3"
"2263","66000","387130000C","(04)23274275","(04)23288582","2026","1","6","17","42","臺中市","西屯區","0","0","0","7","","","50","","","","","","","","","","","","","","13","","","","","C03","","","1","","2","","","7","7","1","13","4","120.608219","24.188939","3"
"2264","66000","387130000C","(04)23274275","(04)23288582","2026","1","6","17","43","臺中市","東區","0","0","0","7","","","50","","","","","","","","","","","","","","","","","","","B03","","","1","","1","","","21","21","1","13","4","120.704769","24.130631","4"
"2265","66000","387130000C","(04)23274275","(04)23288582","2026","1","6","17","44","臺中市","沙鹿區","0","0","0","6","","","50","","","","","","","","","","","","","","13","","","","","B12","","","1","","2","","","7","7","1","12","4","120.570069","24.201394","3"
"2266","66000","387130000C","(04)23274275","(04)23288582","2026","1","6","17","45","臺中市","西屯區","0","1","0","7","2","6","50","4","1","1","5","4","6","6","2","1","10","5","5","2","16","3","10","3","1","B03","7","6","1","8","2","1","","11","11","1","12","4","120.640948","24.173531","2"
"2267","66000","387130000C","(04)23274275","(04)23288582","2026","1","6","17","46","臺中市","南屯區","0","2","0","7","1","6","50","13","7","1","5","4","6","6","4","4","9","4","4","2","13","2","9","1","1","C03","7","9","1","10","2","11","","7","7","1","12","4","120.616916","24.155203","2"
"2268","66000","387130000C","(04)23274275","(04)23288582","2026","1","6","17","47","臺中市","清水區","0","1","0","7","1","6","50","4","1","1","5","4","6","6","1","1","1","1","4","2","16","3","10","3","1","B03","7","6","1","8","2","1","","11","11","1","13","4","120.575407","24.269161","2"
"2269","66000","387130000C","(04)23274275","(04)23288582","2026","1","6","17","49","臺中市","南屯區","0","3","0","7","1","6","50","4","1","1","5","4","6","6","4","4","5","5","5","2","13","2","9","1","1","C03","7","9","1","10","2","11","","7","7","1","6","4","120.637912","24.139272","2"
"2270","66000","387130000C","(04)23274275","(04)23288582","2026","1","6","17","49","臺中市","沙鹿區","0","1","0","7","1","6","50","4","1","1","5","4","6","6","1","1","5","5","5","2","17","3","10","3","1","B03","7","11","1","8","2","5","","45","45","1","12","4","120.558754","24.233577","2"
"2271","66000","387130000C","(04)23274275","(04)23288582","2026","1","6","17","50","臺中市","北區","0","0","0","7","","","50","","","","","","","","","","","","","","17","","","","","C03","","","1","","1","","","7","7","1","13","4","120.672268","24.169357","3"
"2272","66000","387130000C","(04)23274275","(04)23288582","2026","1","6","17","50","臺中市","南屯區","0","2","0","7","1","6","50","13","7","1","5","4","6","6","4","4","5","5","4","2","3","2","9","6","5","H01","8","16","7","21","10","17","","95","95","1","6","5","120.65509","24.143077","2"
"2273","66000","387130000C","(04)23274275","(04)23288582","2026","1","6","17","50","臺中市","西屯區","0","1","0","7","1","6","50","4","1","1","5","4","6","6","4","4","10","5","5","2","11","3","10","3","1","B03","7","6","1","8","2","1","","14","14","1","12","4","120.646243","24.184308","2"
"2274","66000","387130000C","(04)23274275","(04)23288582","2026","1","6","17","51","臺中市","西屯區","0","0","0","7","","","50","","","","","","","","","","","","","","13","","","","","C03","","","1","","1","","","59","59","1","12","4","120.633822","24.163069","3"
"2275","66000","387130000C","(04)23274275","(04)23288582","2026","1","6","17","52","臺中市","沙鹿區","0","0","0","7","","","50","","","","","","","","","","","","","","","","","","","B03","","","1","","1","","","40","40","1","13","4","120.568961","24.222853","3"
"2276","66000","387130000C","(04)23274275","(04)23288582","2026","1","6","17","53","臺中市","北屯區","0","1","0","7","1","6","50","4","1","1","5","4","6","6","4","4","10","5","5","2","13","3","10","3","1","B03","7","6","1","8","2","1","","7","7","1","6","4","120.68204","24.176299","2"
"2277","66000","387130000C","(04)23274275","(04)23288582","2026","1","6","17","55","臺中市","北屯區","0","1","0","7","1","6","50","13","9","1","5","4","6","6","4","4","1","4","5","2","18","2","9","2","1","C03","7","9","1","10","2","14","","87","87","1","6","4","120.684767","24.185583","2"
"2278","66000","387130000C","(04)23274275","(04)23288582","2026","1","6","17","56","臺中市","北屯區","0","1","0","7","1","6","50","13","9","1","5","4","6","6","4","4","5","4","5","2","12","2","8","1","1","C03","7","9","1","10","2","11","","84","84","1","13","4","120.683752","24.177468","2"
"2279","66000","387130000C","(04)23274275","(04)23288582","2026","1","6","17","56","臺中市","北屯區","0","2","0","7","1","6","50","4","1","1","5","4","6","6","1","1","1","5","5","2","16","2","9","1","1","C03","7","6","1","10","2","11","","11","11","1","6","4","120.668128","24.197954","2"
"2280","66000","387130000C","(04)23274275","(04)23288582","2026","1","6","17","58","臺中市","南區","0","0","0","7","","","50","","","","","","","","","","","","","","13","","","","","B03","","","1","","2","","","7","7","1","12","4","120.657742","24.113223","3"
"2281","66000","387130000C","(04)23274275","(04)23288582","2026","1","6","17","58","臺中市","南屯區","0","0","0","7","","","","","","","","","","","","","","","","","","","","","","","","","","","","","","85","85","1","","","120.621626","24.150835","3"
"2282","66000","387130000C","(04)23274275","(04)23288582","2026","1","6","17","58","臺中市","西屯區","0","0","0","7","","","70","","","","","","","","","","","","","","13","","","","","B03","","","1","","1","","","84","84","1","12","4","120.625506","24.178102","3"
"2283","66000","387130000C","(04)23274275","(04)23288582","2026","1","6","17","58","臺中市","太平區","0","0","0","7","","","50","","","","","","","","","","","","","","17","","","","","C03","","","3","","2","","","8","8","1","12","4","120.721945","24.144927","3"
"2284","66000","387130000C","(04)23274275","(04)23288582","2026","1","6","17","59","臺中市","南屯區","0","1","0","7","1","6","50","4","1","1","5","4","6","6","2","1","1","4","5","2","13","2","8","1","1","C03","7","9","1","10","2","11","","59","59","1","12","4","120.646565","24.13189","2"
"2285","66000","387130000C","(04)23274275","(04)23288582","2026","1","6","18","0","臺中市","北區","0","0","0","7","","","50","","","","","","","","","","","","","","13","","","","","C03","","","1","","2","","","7","7","1","13","4","120.677373","24.172925","3"
"2286","66000","387130000C","(04)23274275","(04)23288582","2026","1","6","18","1","臺中市","石岡區","0","0","0","7","","","70","","","","","","","","","","","","","","","","","","","B12","","","1","","1","","","85","85","1","12","4","120.784028","24.274523","3"
"2287","66000","387130000C","(04)23274275","(04)23288582","2026","1","6","18","4","臺中市","東區","0","0","0","7","","","50","","","","","","","","","","","","","","12","","","","","B03","","","1","","1","","","40","40","1","13","4","120.701478","24.125237","3"
"2288","66000","387130000C","(04)23274275","(04)23288582","2026","1","6","18","4","臺中市","北屯區","0","0","0","7","","","50","","","","","","","","","","","","","","13","","","","","C03","","","1","","1","","","7","7","1","12","4","120.709636","24.174651","3"
"2289","66000","387130000C","(04)23274275","(04)23288582","2026","1","6","18","4","臺中市","大甲區","0","0","0","7","1","6","50","3","1","1","5","4","6","6","4","4","5","5","5","2","14","","","","","","","","","","","","","49","49","","","","120.614355","24.351701","3"
"2290","66000","387130000C","(04)23274275","(04)23288582","2026","1","6","18","5","臺中市","南屯區","0","0","0","7","","","50","","","","","","","","","","","","","","","","","","","B03","","","1","","1","","","7","7","1","6","4","120.646646","24.153608","3"
"2291","66000","387130000C","(04)23274275","(04)23288582","2026","1","6","18","5","臺中市","北屯區","0","1","0","7","1","6","50","3","2","1","5","4","6","6","4","4","5","4","5","2","12","3","10","1","1","C04","7","11","1","10","2","11","","45","45","1","13","4","120.687597","24.194619","2"
"2292","66000","387130000C","(04)23274275","(04)23288582","2026","1","6","18","5","臺中市","烏日區","0","0","0","7","","3","80","","","","","","","","","","","","","","12","","","","","B03","","","1","","1","","","40","40","1","6","4","120.616521","24.107356","3"
"2293","66000","387130000C","(04)23274275","(04)23288582","2026","1","6","18","7","臺中市","外埔區","0","1","0","7","1","6","50","3","1","1","5","4","6","6","4","4","10","5","5","2","16","3","10","3","1","B03","7","6","1","8","2","5","","14","14","1","12","4","120.675607","24.331111","2"
"2294","66000","387130000C","(04)23274275","(04)23288582","2026","1","6","18","9","臺中市","東區","0","0","0","7","","","50","","","","","","","","","","","","","","","","","","","B12","","","1","","1","","","40","40","1","12","4","120.693129","24.132818","3"
"2295","66000","387130000C","(04)23274275","(04)23288582","2026","1","6","18","10","臺中市","烏日區","0","1","0","7","1","6","60","10","7","1","5","4","6","6","4","4","1","4","1","1","9","3","10","3","1","B03","7","9","1","8","2","1","","84","84","1","6","4","120.648301","24.091509","2"
"2296","66000","387130000C","(04)23274275","(04)23288582","2026","1","6","18","10","臺中市","豐原區","0","2","0","7","1","6","50","5","1","1","5","4","6","6","2","1","5","5","4","2","16","2","9","1","1","C03","7","6","1","10","2","12","14","11","11","1","13","4","120.717376","24.246237","2"
"2297","66000","387130000C","(04)23274275","(04)23288582","2026","1","6","18","11","臺中市","石岡區","0","0","0","7","","","40","","","","","","","","","","","","","","","","","","","C03","","","1","","1","","","1","1","1","12","4","120.788166","24.274047","3"
"2298","66000","387130000C","(04)23274275","(04)23288582","2026","1","6","18","12","臺中市","太平區","0","1","0","7","1","6","30","3","1","1","5","4","6","6","1","1","10","5","5","2","16","3","10","2","1","C03","7","9","1","10","2","11","","85","85","1","12","4","120.733324","24.118464","2"
"2299","66000","387130000C","(04)23274275","(04)23288582","2026","1","6","18","13","臺中市","南屯區","0","1","0","7","1","6","40","4","1","1","5","4","6","6","1","1","10","5","5","2","17","3","10","5","4","B03","7","5","1","8","2","2","","20","20","1","6","4","120.635614","24.144891","2"
"2300","66000","387130000C","(04)23274275","(04)23288582","2026","1","6","18","16","臺中市","東區","0","1","0","7","3","6","50","13","9","1","5","4","6","6","4","4","5","4","5","2","13","3","10","5","4","B03","7","15","1","8","2","3","","40","40","1","12","4","120.701444","24.132109","2"
"2301","66000","387130000C","(04)23274275","(04)23288582","2026","1","6","18","17","臺中市","北區","0","0","0","7","","","50","","","","","","","","","","","","","","17","","","","","C03","","","1","","2","","","7","7","1","13","4","120.684883","24.161959","3"
"2302","66000","387130000C","(04)23274275","(04)23288582","2026","1","6","18","19","臺中市","南屯區","0","1","0","7","1","6","50","13","7","1","5","4","6","6","4","4","5","4","4","2","17","2","9","1","1","C04","7","8","1","8","2","12","","34","34","1","12","4","120.641355","24.136249","2"
"2303","66000","387130000C","(04)23274275","(04)23288582","2026","1","6","18","20","臺中市","西區","0","0","0","1","","","30","","","","","","","","","","","","","","17","","","","","B03","","","1","","2","","","84","84","1","12","4","120.656085","24.142244","3"
"2304","66000","387130000C","(04)23274275","(04)23288582","2026","1","6","18","20","臺中市","西屯區","0","0","0","7","","","50","","","","","","","","","","","","","","13","","","","","C03","","","1","","1","","","59","59","1","12","4","120.623939","24.177561","3"
"2305","66000","387130000C","(04)23274275","(04)23288582","2026","1","6","18","21","臺中市","南屯區","0","0","0","7","","","50","","","","","","","","","","","","","","13","","","","","B03","","","1","","2","","","7","7","1","6","4","120.647597","24.124399","3"
"2306","66000","387130000C","(04)23274275","(04)23288582","2026","1","6","18","24","臺中市","太平區","0","0","0","7","","","50","","","","","","","","","","","","","","13","","","","","B03","","","1","","2","","","7","7","1","12","4","120.728598","24.150132","3"
"2307","66000","387130000C","(04)23274275","(04)23288582","2026","1","6","18","25","臺中市","大雅區","0","0","0","7","","","50","","","","","","","","","","","","","","","","","","","C03","","","1","","1","","","7","7","1","13","4","120.675135","24.215322","3"
"2308","66000","387130000C","(04)23274275","(04)23288582","2026","1","6","18","28","臺中市","北區","0","0","0","7","","","50","","","","","","","","","","","","","","17","","","","","B03","","","1","","2","","","8","8","1","13","4","120.678425","24.171345","3"
"2309","66000","387130000C","(04)23274275","(04)23288582","2026","1","6","18","29","臺中市","太平區","0","0","0","7","","","50","","","","","","","","","","","","","","","","","","","B03","","","1","","1","","","7","7","1","12","4","120.712983","24.159623","3"
"2310","66000","387130000C","(04)23274275","(04)23288582","2026","1","6","18","30","臺中市","大雅區","0","0","0","7","","","0","","","","","","","","","","","","","","","","","","","B03","","","1","","1","","","51","51","1","12","4","120.648212","24.222593","3"
"2311","66000","387130000C","(04)23274275","(04)23288582","2026","1","6","18","30","臺中市","西屯區","0","0","0","7","","","50","","","","","","","","","","","","","","13","","","","","B01","","","1","","2","","","7","7","1","12","4","120.643742","24.166324","3"
"2312","66000","387130000C","(04)23274275","(04)23288582","2026","1","6","18","32","臺中市","西區","0","0","0","6","","","50","","","","","","","","","","","","","","","","","","","C03","","","1","","1","","","7","7","1","13","4","120.670931","24.140192","3"
"2313","66000","387130000C","(04)23274275","(04)23288582","2026","1","6","18","38","臺中市","西屯區","0","2","0","7","1","6","30","4","1","1","5","4","6","6","4","4","10","5","5","2","15","2","9","1","1","C03","7","9","1","10","2","14","","13","13","1","5","4","120.65029","24.166966","2"
"2314","66000","387130000C","(04)23274275","(04)23288582","2026","1","6","18","40","臺中市","南屯區","0","0","0","7","","","50","","","","","","","","","","","","","","","","","","","B03","","","1","","11","","","8","8","2","12","4","120.642055","24.146977","3"
"2315","66000","387130000C","(04)23274275","(04)23288582","2026","1","6","18","40","臺中市","西屯區","0","0","0","7","","","50","","","","","","","","","","","","","","13","","","","","C03","","","1","","1","","","7","7","1","12","4","120.642153","24.16443","3"
"2316","66000","387130000C","(04)23274275","(04)23288582","2026","1","6","18","42","臺中市","太平區","0","0","0","7","","3","80","","","","","","","","","","","","","","17","","","","","B03","","","1","","2","","","40","40","1","12","4","120.714469","24.149128","3"
"2317","66000","387130000C","(04)23274275","(04)23288582","2026","1","6","18","46","臺中市","南屯區","0","0","0","7","","","50","","","","","","","","","","","","","","13","","","","","C03","","","1","","1","","","59","59","1","12","4","120.635737","24.148586","3"
"2318","66000","387130000C","(04)23274275","(04)23288582","2026","1","6","18","48","臺中市","龍井區","0","1","0","7","1","6","50","4","1","1","5","4","6","6","2","1","1","5","5","2","13","3","10","3","1","B03","7","6","1","8","2","1","","7","7","1","6","4","120.592577","24.182928","2"
"2319","66000","387130000C","(04)23274275","(04)23288582","2026","1","6","18","56","臺中市","潭子區","0","0","0","7","","3","40","","","","","","","","","","","","","","","","","","","B03","","","1","","2","","","7","7","1","13","4","120.701552","24.201177","3"
"2320","66000","387130000C","(04)23274275","(04)23288582","2026","1","6","18","59","臺中市","西區","0","2","0","7","1","6","50","4","2","1","5","4","6","6","2","1","5","4","5","1","13","2","9","2","1","C03","7","9","1","10","2","11","","84","84","1","13","4","120.671221","24.134393","2"
"2321","66000","387130000C","(04)23274275","(04)23288582","2026","1","6","19","0","臺中市","大里區","0","1","0","7","1","6","50","4","1","1","5","4","6","6","1","1","10","5","5","2","16","2","8","1","1","C03","7","6","3","19","2","11","","11","11","1","12","4","120.695735","24.096478","2"
"2322","66000","387130000C","(04)23274275","(04)23288582","2026","1","6","19","4","臺中市","霧峰區","0","1","0","7","2","6","50","13","7","1","5","4","6","6","4","4","5","5","4","1","13","2","9","1","1","C03","7","9","1","10","2","14","","56","56","1","12","4","120.698501","24.06418","2"
"2323","66000","387130000C","(04)23274275","(04)23288582","2026","1","6","19","6","臺中市","南區","0","0","0","7","","","50","","","","","","","","","","","","","","12","","","","","C03","","","1","","2","","","50","50","1","13","4","120.664593","24.126949","3"
"2324","66000","387130000C","(04)23274275","(04)23288582","2026","1","6","19","7","臺中市","東區","0","1","0","7","1","6","50","4","1","1","4","4","6","6","1","1","10","5","5","2","17","2","9","5","4","C03","7","9","1","10","2","11","","84","84","1","12","4","120.690168","24.129614","2"