序號,縣市別代碼,機關代碼,市話,傳真,年,月,日,時,分,縣市,區,死亡數量,受傷數量,2-30,天候,道路照明設備,道路類別,道路速限,道路型態,事故位置,路面鋪裝,路面狀態,路面缺陷,障礙物,視距,號誌種類,號誌動作,分向設施,快車道或一般車道間,快慢車道間,路面邊線,事故類型及型態,受傷程度,主要傷處,保護裝備,行動電話或功能裝置,當事者區分(類別),車輛用途,當事者行動狀態,駕照狀態,駕照種類,飲酒情形,車輛撞擊部位最初,車輛撞擊部位其他,肇事因素個別,肇事因素主要,肇事逃逸,職業,共享經濟或外送平台,GPS座標X,GPS座標Y,事故類別
"2325","66000","387130000C","(04)23274275","(04)23288582","2026","1","6","19","7","臺中市","南屯區","0","0","0","7","","","50","","","","","","","","","","","","","","13","","","","","B03","","","1","","1","","","7","7","1","6","4","120.612776","24.15415","3"
"2326","66000","387130000C","(04)23274275","(04)23288582","2026","1","6","19","11","臺中市","大肚區","0","0","0","7","","","50","","","","","","","","","","","","","","13","","","","","B03","","","1","","1","","","59","59","1","6","4","120.554956","24.129683","3"
"2327","66000","387130000C","(04)23274275","(04)23288582","2026","1","6","19","13","臺中市","北屯區","0","0","0","7","","","50","","","","","","","","","","","","","","17","","","","","B03","","","1","","1","","","50","50","1","6","4","120.718903","24.17202","3"
"2328","66000","387130000C","(04)23274275","(04)23288582","2026","1","6","19","14","臺中市","豐原區","0","1","0","7","1","6","50","13","8","1","5","4","6","6","4","4","5","4","4","2","17","3","10","1","1","C03","7","6","1","10","2","11","","34","34","1","13","4","120.713467","24.250798","2"
"2329","66000","387130000C","(04)23274275","(04)23288582","2026","1","6","19","17","臺中市","北區","0","0","0","7","","","30","","","","","","","","","","","","","","17","","","","","C03","","","1","","1","","","15","15","1","13","4","120.683601","24.14677","3"
"2330","66000","387130000C","(04)23274275","(04)23288582","2026","1","6","19","17","臺中市","南屯區","0","0","0","7","","","40","","","","","","","","","","","","","","30","","","","","B03","","","1","","2","","","59","59","1","6","4","120.652519","24.152326","3"
"2331","66000","387130000C","(04)23274275","(04)23288582","2026","1","6","19","19","臺中市","西屯區","0","0","0","7","","","50","","","","","","","","","","","","","","16","","","","","B03","","","1","","1","","","40","40","1","13","4","120.643859","24.156368","3"
"2332","66000","387130000C","(04)23274275","(04)23288582","2026","1","6","19","20","臺中市","南屯區","0","0","0","7","","","50","","","","","","","","","","","","","","","","","","","B03","","","1","","2","","","59","59","1","6","4","120.623907","24.140051","3"
"2333","66000","387130000C","(04)23274275","(04)23288582","2026","1","6","19","28","臺中市","大里區","0","1","0","7","1","6","60","4","1","1","5","4","6","6","1","1","3","2","4","2","16","3","10","3","1","B03","7","5","1","8","2","2","","47","47","1","12","4","120.688525","24.080743","2"
"2334","66000","387130000C","(04)23274275","(04)23288582","2026","1","6","19","28","臺中市","大甲區","0","2","0","7","1","6","50","4","1","1","5","4","6","6","1","1","10","5","5","2","16","3","10","3","1","B03","7","6","1","8","2","6","","14","14","1","6","4","120.619702","24.3498","2"
"2335","66000","387130000C","(04)23274275","(04)23288582","2026","1","6","19","29","臺中市","潭子區","0","0","0","7","","","50","","","","","","","","","","","","","","","","","","","B03","","","1","","2","","","24","24","1","13","4","120.698959","24.194539","3"
"2336","66000","387130000C","(04)23274275","(04)23288582","2026","1","6","19","31","臺中市","中區","0","1","0","7","1","6","50","4","1","4","5","4","6","6","2","1","5","5","4","2","18","2","9","1","1","C03","7","5","1","10","2","14","","82","82","1","13","4","120.675896","24.14413","2"
"2337","66000","387130000C","(04)23274275","(04)23288582","2026","1","6","19","39","臺中市","太平區","0","0","0","6","","","50","","","","","","","","","","","","","","","","","","","B03","","","1","","1","","","49","49","1","12","4","120.712905","24.159454","3"
"2338","66000","387130000C","(04)23274275","(04)23288582","2026","1","6","19","42","臺中市","北屯區","0","1","0","7","1","6","50","4","2","1","5","4","6","6","1","1","1","4","5","2","13","3","10","3","1","B03","7","9","1","8","2","5","","59","59","1","6","4","120.679354","24.169614","2"
"2339","66000","387130000C","(04)23274275","(04)23288582","2026","1","6","19","42","臺中市","清水區","0","0","0","7","","","50","","","","","","","","","","","","","","","","","","","B03","","","1","","2","","","51","51","1","12","4","120.54651","24.263738","3"
"2340","66000","387130000C","(04)23274275","(04)23288582","2026","1","6","19","43","臺中市","西屯區","0","0","0","7","","","40","","","","","","","","","","","","","","13","","","","","B03","","","1","","2","","","58","58","1","12","4","120.644656","24.163382","3"
"2341","66000","387130000C","(04)23274275","(04)23288582","2026","1","6","19","49","臺中市","烏日區","0","1","0","7","1","6","60","13","7","1","5","4","6","6","4","4","1","4","1","1","18","2","8","1","1","C03","7","11","1","10","2","14","","84","84","1","6","4","120.647962","24.081035","2"
"2342","66000","387130000C","(04)23274275","(04)23288582","2026","1","6","20","2","臺中市","中區","0","1","0","7","1","6","50","4","2","1","5","4","6","6","2","1","5","4","5","1","18","2","9","2","1","C03","7","12","1","10","9","12","","84","84","1","13","4","120.678294","24.143456","2"
"2343","66000","387130000C","(04)23274275","(04)23288582","2026","1","6","20","9","臺中市","南區","0","1","0","7","1","6","50","4","1","1","5","4","6","6","1","1","10","5","5","2","2","3","10","1","1","C03","7","1","1","10","2","11","","10","10","1","12","4","120.666788","24.116877","2"
"2344","66000","387130000C","(04)23274275","(04)23288582","2026","1","6","20","12","臺中市","霧峰區","0","1","0","7","1","6","40","13","8","1","5","4","6","6","4","4","1","5","4","1","28","2","9","1","1","C03","7","9","1","10","2","11","","84","84","1","6","4","120.682982","24.035783","2"
"2345","66000","387130000C","(04)23274275","(04)23288582","2026","1","6","20","16","臺中市","潭子區","0","0","0","7","","","60","","","","","","","","","","","","","","","","","","","B03","","","1","","2","","","45","45","1","13","4","120.708893","24.232724","3"
"2346","66000","387130000C","(04)23274275","(04)23288582","2026","1","6","20","19","臺中市","西屯區","0","0","0","7","","","30","","","","","","","","","","","","","","35","","","","","C03","","","1","","1","","","85","85","1","12","4","120.665336","24.16855","3"
"2347","66000","387130000C","(04)23274275","(04)23288582","2026","1","6","20","20","臺中市","北屯區","0","0","0","7","","","50","","","","","","","","","","","","","","","","","","","B03","","","1","","6","","","84","84","1","13","4","120.71539","24.164892","3"
"2348","66000","387130000C","(04)23274275","(04)23288582","2026","1","6","20","24","臺中市","太平區","0","0","0","7","","","50","","","","","","","","","","","","","","12","","","","","B02","","","1","","2","","","40","40","1","12","4","120.714584","24.148885","3"
"2349","66000","387130000C","(04)23274275","(04)23288582","2026","1","6","20","25","臺中市","潭子區","0","1","0","7","1","6","50","4","1","1","5","4","6","6","1","1","10","5","5","2","16","3","10","3","1","B03","7","6","1","8","2","6","","11","11","1","13","4","120.67884","24.204403","2"
"2350","66000","387130000C","(04)23274275","(04)23288582","2026","1","6","20","25","臺中市","清水區","0","0","0","7","","","50","","","","","","","","","","","","","","","","","","","B03","","","1","","1","","","50","50","1","12","4","120.574497","24.265129","3"
"2351","66000","387130000C","(04)23274275","(04)23288582","2026","1","6","20","29","臺中市","中區","0","1","0","7","1","6","40","3","2","1","5","4","6","6","4","4","5","5","4","2","12","3","10","3","1","B03","7","1","1","8","2","4","","51","51","1","6","4","120.679335","24.147382","2"
"2352","66000","387130000C","(04)23274275","(04)23288582","2026","1","6","20","40","臺中市","大雅區","0","0","0","7","","","50","","","","","","","","","","","","","","","","","","","B03","","","1","","2","","","7","7","1","13","4","120.647685","24.221369","3"
"2353","66000","387130000C","(04)23274275","(04)23288582","2026","1","6","20","53","臺中市","西區","0","0","0","7","1","6","50","3","2","1","5","4","6","6","2","1","1","4","1","2","12","","","","","B03","","","1","","2","","","40","40","1","13","4","120.671897","24.148861","3"
"2354","66000","387130000C","(04)23274275","(04)23288582","2026","1","6","20","54","臺中市","北屯區","0","0","0","7","","","50","","","","","","","","","","","","","","12","","","","","B03","","","1","","1","","","40","40","1","12","4","120.661534","24.190443","3"
"2355","66000","387130000C","(04)23274275","(04)23288582","2026","1","6","20","57","臺中市","潭子區","0","1","0","7","1","6","50","4","1","1","5","4","6","6","2","1","5","4","5","2","17","3","10","3","1","B03","7","11","1","8","2","5","","11","11","1","13","4","120.705154","24.207085","2"
"2356","66000","387130000C","(04)23274275","(04)23288582","2026","1","6","20","58","臺中市","北屯區","0","0","0","7","","","50","","","","","","","","","","","","","","17","","","","","B03","","","1","","2","","","45","45","1","12","4","120.696362","24.181272","3"
"2357","66000","387130000C","(04)23274275","(04)23288582","2026","1","6","21","0","臺中市","北區","0","1","0","7","1","6","50","13","9","1","5","4","6","6","4","4","5","4","5","2","17","2","9","5","4","F03","7","9","7","21","1","15","","84","84","1","13","4","120.700156","24.160034","2"
"2358","66000","387130000C","(04)23274275","(04)23288582","2026","1","6","21","2","臺中市","大甲區","0","0","0","7","1","6","50","3","2","1","5","4","6","6","1","1","5","4","5","1","11","3","10","3","1","B03","7","5","1","8","8","8","","53","53","1","6","4","120.625183","24.340223","3"
"2359","66000","387130000C","(04)23274275","(04)23288582","2026","1","6","21","6","臺中市","豐原區","0","0","0","7","","","50","","","","","","","","","","","","","","13","","","","","B03","","","1","","2","","","7","7","1","6","4","120.721873","24.274804","3"
"2360","66000","387130000C","(04)23274275","(04)23288582","2026","1","6","21","10","臺中市","東區","0","0","0","7","","","50","","","","","","","","","","","","","","14","","","","","B03","","","1","","1","","","50","50","1","13","4","120.701378","24.131758","3"
"2361","66000","387130000C","(04)23274275","(04)23288582","2026","1","6","21","19","臺中市","西屯區","0","0","0","7","","","50","","","","","","","","","","","","","","16","","","","","B03","","","1","","2","","","40","40","1","13","4","120.649758","24.16268","3"
"2362","66000","387130000C","(04)23274275","(04)23288582","2026","1","6","21","23","臺中市","大里區","0","1","0","7","3","6","25","13","9","1","5","4","6","6","4","4","10","4","5","1","18","2","9","5","4","C04","7","9","1","10","2","11","","84","84","1","13","2","120.6813","24.10397","2"
"2363","66000","387130000C","(04)23274275","(04)23288582","2026","1","6","21","25","臺中市","南屯區","0","1","0","7","1","6","50","4","1","1","5","4","6","6","1","1","9","5","5","2","17","3","10","3","1","B03","7","11","1","8","2","3","","45","45","1","13","4","120.613039","24.138548","2"
"2364","66000","387130000C","(04)23274275","(04)23288582","2026","1","6","21","26","臺中市","南屯區","0","1","0","7","1","6","50","13","9","1","5","4","6","6","4","4","5","4","5","2","13","3","10","1","1","C03","7","9","1","10","2","11","","7","7","1","6","4","120.643158","24.146911","2"
"2365","66000","387130000C","(04)23274275","(04)23288582","2026","1","6","21","28","臺中市","西屯區","0","2","0","7","1","6","40","4","1","1","5","4","6","6","1","1","10","5","5","2","13","2","8","2","1","C03","7","9","1","10","2","11","","7","7","1","12","4","120.643","24.177031","2"
"2366","66000","387130000C","(04)23274275","(04)23288582","2026","1","6","21","32","臺中市","潭子區","0","0","0","7","","","50","","","","","","","","","","","","","","","","","","","B03","","","1","","2","","","4","4","1","13","4","120.695375","24.194235","3"
"2367","66000","387130000C","(04)23274275","(04)23288582","2026","1","6","21","39","臺中市","東區","0","2","0","7","1","6","50","4","1","1","5","4","6","6","1","1","10","5","5","2","13","2","9","5","4","C03","7","9","1","10","1","11","","84","84","1","12","4","120.687829","24.136516","2"
"2368","66000","387130000C","(04)23274275","(04)23288582","2026","1","6","21","41","臺中市","西區","0","0","0","7","","","50","","","","","","","","","","","","","","17","","","","","B03","","","1","","1","","","50","50","1","13","4","120.668656","24.148437","3"
"2369","66000","387130000C","(04)23274275","(04)23288582","2026","1","6","21","55","臺中市","東區","0","0","0","7","","","50","","","","","","","","","","","","","","16","","","","","C03","","","1","","1","","","11","11","1","12","4","120.700123","24.140066","3"
"2370","66000","387130000C","(04)23274275","(04)23288582","2026","1","6","22","3","臺中市","大甲區","0","0","0","7","","","60","","","","","","","","","","","","","","","","","","","B03","","","1","","1","","","59","59","1","6","4","120.61765","24.351543","3"
"2371","66000","387130000C","(04)23274275","(04)23288582","2026","1","6","22","5","臺中市","沙鹿區","0","1","0","7","1","6","50","13","9","1","5","4","6","6","4","4","9","5","5","1","17","2","8","2","1","C03","7","9","1","9","2","11","","59","59","1","6","2","120.577282","24.223555","2"
"2372","66000","387130000C","(04)23274275","(04)23288582","2026","1","6","22","12","臺中市","西屯區","0","1","0","7","1","6","40","13","8","1","5","3","6","6","4","4","1","3","1","1","18","2","9","2","1","C03","7","9","1","10","2","11","","87","87","1","12","4","120.651239","24.16216","2"
"2373","66000","387130000C","(04)23274275","(04)23288582","2026","1","6","22","17","臺中市","后里區","0","1","0","7","1","6","40","13","9","1","5","4","6","6","4","4","9","5","5","2","12","2","9","1","1","C03","7","9","1","10","2","11","","59","59","1","12","4","120.719707","24.32054","2"
"2374","66000","387130000C","(04)23274275","(04)23288582","2026","1","6","22","20","臺中市","西屯區","0","0","0","7","","","40","","","","","","","","","","","","","","13","","","","","C03","","","1","","2","","","7","7","1","13","4","120.656088","24.159268","3"
"2375","66000","387130000C","(04)23274275","(04)23288582","2026","1","6","22","45","臺中市","北屯區","0","1","0","7","1","6","50","4","1","1","5","4","6","6","1","1","10","5","5","2","16","3","10","3","1","B03","7","6","1","8","1","2","","11","11","1","6","4","120.70213","24.169871","2"
"2376","66000","387130000C","(04)23274275","(04)23288582","2026","1","6","22","55","臺中市","北區","0","0","0","7","","","30","","","","","","","","","","","","","","15","","","","","C03","","","1","","2","","","15","15","1","12","4","120.672071","24.156489","3"
"2377","66000","387130000C","(04)23274275","(04)23288582","2026","1","6","22","57","臺中市","大肚區","0","1","0","7","1","6","50","4","1","1","5","4","6","6","1","1","10","5","5","2","17","3","10","2","1","C03","7","12","1","10","2","16","","21","21","1","6","4","120.578848","24.120949","2"
"2378","66000","387130000C","(04)23274275","(04)23288582","2026","1","6","23","8","臺中市","西屯區","0","0","0","7","","","50","","","","","","","","","","","","","","14","","","","","G03","","","1","","9","","","84","84","1","12","4","120.641333","24.168086","3"
"2379","66000","387130000C","(04)23274275","(04)23288582","2026","1","6","23","15","臺中市","東區","0","0","0","7","","","50","","","","","","","","","","","","","","17","","","","","C03","","","1","","1","","","85","85","1","12","4","120.691188","24.134759","4"
"2380","66000","387130000C","(04)23274275","(04)23288582","2026","1","6","23","24","臺中市","西屯區","0","0","0","7","","","50","","","","","","","","","","","","","","12","","","","","C03","","","1","","1","","","8","8","1","12","4","120.637903","24.175713","3"
"2381","66000","387130000C","(04)23274275","(04)23288582","2026","1","6","23","29","臺中市","中區","0","1","0","6","2","6","50","13","9","1","5","4","6","6","4","4","10","4","5","2","17","3","10","1","1","C03","7","6","1","10","2","14","","48","48","1","13","4","120.674608","24.143694","2"
"2382","66000","387130000C","(04)23274275","(04)23288582","2026","1","6","23","43","臺中市","烏日區","0","0","0","7","","","","","","","","","","","","","","","","","","","","","","","","","","","","","","85","85","1","","","120.623271","24.108391","3"
"2383","66000","387130000C","(04)23274275","(04)23288582","2026","1","7","0","6","臺中市","西屯區","0","0","0","7","","","40","","","","","","","","","","","","","","","","","","","B03","","","3","","9","","","49","49","1","13","4","120.615816","24.191266","3"
"2384","66000","387130000C","(04)23274275","(04)23288582","2026","1","7","0","30","臺中市","西屯區","0","0","0","7","","","40","","","","","","","","","","","","","","17","","","","","B12","","","1","","2","","","50","50","1","13","4","120.644647","24.178982","3"
"2385","66000","387130000C","(04)23274275","(04)23288582","2026","1","7","0","40","臺中市","霧峰區","0","1","0","7","1","6","40","11","7","1","5","4","6","6","4","4","5","5","4","2","18","2","9","5","4","C03","7","9","1","10","2","15","","84","84","1","12","4","120.720994","24.063702","2"
"2386","66000","387130000C","(04)23274275","(04)23288582","2026","1","7","0","42","臺中市","石岡區","0","0","0","7","","","50","","","","","","","","","","","","","","19","","","","","B03","","","1","","2","","","84","84","1","13","4","120.762891","24.277118","3"
"2387","66000","387130000C","(04)23274275","(04)23288582","2026","1","7","1","5","臺中市","北屯區","0","1","0","7","1","6","50","12","9","1","5","4","6","6","4","4","9","5","4","2","12","2","9","2","1","C03","7","11","5","19","2","12","","82","82","1","6","4","120.730465","24.177661","2"
"2388","66000","387130000C","(04)23274275","(04)23288582","2026","1","7","1","30","臺中市","豐原區","0","0","0","7","","","50","","","","","","","","","","","","","","13","","","","","B03","","","1","","2","","","7","7","1","12","4","120.707101","24.255122","3"
"2389","66000","387130000C","(04)23274275","(04)23288582","2026","1","7","1","49","臺中市","西屯區","0","2","0","7","1","6","50","4","1","1","5","4","6","6","4","4","10","5","5","2","15","2","9","2","4","C03","7","9","1","10","2","11","","15","15","1","12","4","120.667152","24.17714","2"
"2390","66000","387130000C","(04)23274275","(04)23288582","2026","1","7","2","44","臺中市","中區","0","0","0","7","","","50","","","","","","","","","","","","","","14","","","","","B03","","","1","","2","","","49","49","1","13","4","120.676856","24.142759","3"
"2391","66000","387130000C","(04)23274275","(04)23288582","2026","1","7","3","10","臺中市","北區","0","0","0","7","","","50","","","","","","","","","","","","","","17","","","","","F01","","","7","","2","","","59","59","1","12","4","120.68528","24.15014","3"
"2392","66000","387130000C","(04)23274275","(04)23288582","2026","1","7","3","59","臺中市","梧棲區","0","0","0","7","","","70","","","","","","","","","","","","","","23","","","","","B03","","","1","","2","","","87","87","1","6","4","120.553957","24.243216","3"
"2393","66000","387130000C","(04)23274275","(04)23288582","2026","1","7","4","5","臺中市","北屯區","0","1","0","7","1","6","40","13","8","1","5","4","6","6","4","4","1","4","4","2","17","2","9","1","1","C03","7","9","1","10","1","11","","59","59","1","6","4","120.686727","24.194171","2"
"2394","66000","387130000C","(04)23274275","(04)23288582","2026","1","7","5","56","臺中市","西屯區","0","0","0","7","","","50","","","","","","","","","","","","","","13","","","","","B03","","","1","","1","","","59","59","1","13","4","120.637443","24.17886","3"
"2395","66000","387130000C","(04)23274275","(04)23288582","2026","1","7","6","18","臺中市","大甲區","0","1","0","6","1","9","40","13","9","1","5","4","6","6","4","4","10","4","5","1","27","3","10","5","4","B03","7","9","1","8","2","1","","84","84","1","13","4","120.625803","24.434609","2"
"2396","66000","387130000C","(04)23274275","(04)23288582","2026","1","7","6","37","臺中市","霧峰區","0","1","0","7","2","6","70","11","9","1","5","4","6","6","4","4","1","4","5","1","23","2","9","5","4","B03","7","15","1","8","9","5","","84","84","1","12","4","120.686392","24.026326","2"
"2397","66000","387130000C","(04)23274275","(04)23288582","2026","1","7","6","52","臺中市","北屯區","0","3","0","6","3","6","50","3","1","1","5","4","6","3","4","4","10","5","5","2","16","2","9","2","1","C03","7","6","1","10","2","14","","14","14","1","6","4","120.667111","24.178299","2"
"2398","66000","387130000C","(04)23274275","(04)23288582","2026","1","7","6","53","臺中市","豐原區","0","0","0","7","","","50","","","","","","","","","","","","","","13","","","","","B03","","","1","","1","","","7","7","1","12","4","120.696863","24.241984","3"
"2399","66000","387130000C","(04)23274275","(04)23288582","2026","1","7","6","58","臺中市","大里區","0","0","0","7","3","6","50","11","9","1","5","4","6","6","4","4","5","5","5","2","11","","","","","A11","","","1","","2","","","84","84","1","12","4","120.679128","24.102944","3"
"2400","66000","387130000C","(04)23274275","(04)23288582","2026","1","7","7","5","臺中市","南區","0","0","0","7","","","50","","","","","","","","","","","","","","17","","","","","B03","","","1","","2","","","50","50","1","12","4","120.681503","24.119266","3"
"2401","66000","387130000C","(04)23274275","(04)23288582","2026","1","7","7","5","臺中市","烏日區","0","0","0","7","","","50","","","","","","","","","","","","","","13","","","","","B12","","","1","","1","","","7","7","1","13","4","120.642416","24.10932","3"
"2402","66000","387130000C","(04)23274275","(04)23288582","2026","1","7","7","5","臺中市","龍井區","0","1","0","7","2","6","50","4","1","1","5","4","6","6","2","1","10","5","5","2","16","2","8","1","1","C04","7","6","1","10","2","14","","84","84","1","6","4","120.592862","24.182846","2"
"2403","66000","387130000C","(04)23274275","(04)23288582","2026","1","7","7","6","臺中市","西區","0","0","0","7","","","50","","","","","","","","","","","","","","13","","","","","C03","","","1","","1","","","7","7","1","12","4","120.677215","24.14021","3"
"2404","66000","387130000C","(04)23274275","(04)23288582","2026","1","7","7","13","臺中市","太平區","0","1","0","7","2","6","50","4","1","1","5","4","6","6","1","1","5","5","4","1","16","2","9","2","1","C03","7","1","3","19","2","14","","51","51","1","12","4","120.737741","24.131417","2"
"2405","66000","387130000C","(04)23274275","(04)23288582","2026","1","7","7","14","臺中市","太平區","0","0","0","7","","","50","","","","","","","","","","","","","","","","","","","B03","","","1","","1","","","7","7","1","12","4","120.71468","24.146229","3"
"2406","66000","387130000C","(04)23274275","(04)23288582","2026","1","7","7","17","臺中市","西區","0","1","0","7","2","6","50","4","1","1","5","4","6","6","1","1","10","5","5","2","16","2","9","1","2","C03","7","9","1","10","2","12","","61","61","1","13","4","120.658785","24.142951","2"
"2407","66000","387130000C","(04)23274275","(04)23288582","2026","1","7","7","18","臺中市","霧峰區","0","2","0","7","2","6","50","3","1","1","5","4","6","6","4","4","5","2","5","1","16","2","9","2","1","C03","7","6","1","10","2","14","","11","11","1","13","4","120.697315","24.069355","2"
"2408","66000","387130000C","(04)23274275","(04)23288582","2026","1","7","7","19","臺中市","西屯區","0","0","0","7","","","50","","","","","","","","","","","","","","13","","","","","C03","","","1","","1","","","7","7","1","13","4","120.661434","24.171213","3"
"2409","66000","387130000C","(04)23274275","(04)23288582","2026","1","7","7","20","臺中市","北屯區","0","0","0","7","","","30","","","","","","","","","","","","","","17","","","","","B03","","","1","","9","","","50","50","1","12","4","120.663592","24.187911","3"
"2410","66000","387130000C","(04)23274275","(04)23288582","2026","1","7","7","23","臺中市","西區","0","1","0","7","1","6","50","5","1","1","5","4","6","6","1","1","5","4","5","2","12","3","10","3","1","B03","7","5","4","8","2","5","","47","47","1","13","4","120.66839","24.132087","2"
"2411","66000","387130000C","(04)23274275","(04)23288582","2026","1","7","7","24","臺中市","石岡區","0","1","0","7","2","6","50","3","1","1","5","4","6","6","3","1","8","5","5","1","12","2","9","1","1","C03","7","9","1","10","2","11","","7","7","1","12","4","120.791152","24.271874","2"
"2412","66000","387130000C","(04)23274275","(04)23288582","2026","1","7","7","26","臺中市","太平區","0","0","0","7","","","50","","","","","","","","","","","","","","","","","","","B03","","","1","","2","","","58","58","1","12","4","120.73223","24.134759","3"
"2413","66000","387130000C","(04)23274275","(04)23288582","2026","1","7","7","29","臺中市","大雅區","0","0","0","7","","","50","","","","","","","","","","","","","","","","","","","B03","","","1","","1","","","40","40","1","13","4","120.648355","24.221185","3"
"2414","66000","387130000C","(04)23274275","(04)23288582","2026","1","7","7","30","臺中市","東區","0","0","0","7","","","50","","","","","","","","","","","","","","17","","","","","B12","","","1","","1","","","61","61","1","6","4","120.699001","24.147061","3"
"2415","66000","387130000C","(04)23274275","(04)23288582","2026","1","7","7","30","臺中市","神岡區","0","0","0","7","","","50","","","","","","","","","","","","","","30","","","","","C03","","","1","","1","","","11","11","1","13","4","120.680021","24.266162","3"
"2416","66000","387130000C","(04)23274275","(04)23288582","2026","1","7","7","32","臺中市","太平區","0","4","0","7","3","6","50","3","1","1","5","4","6","6","4","4","10","5","5","2","16","2","9","1","1","C03","7","6","1","10","2","14","","14","14","1","12","4","120.727794","24.134511","2"
"2417","66000","387130000C","(04)23274275","(04)23288582","2026","1","7","7","33","臺中市","太平區","0","1","0","7","2","6","50","5","1","1","5","4","6","6","1","1","10","5","5","2","16","3","10","2","1","C03","7","1","1","10","2","12","","51","51","1","12","4","120.711184","24.126781","2"
"2418","66000","387130000C","(04)23274275","(04)23288582","2026","1","7","7","34","臺中市","大甲區","0","1","0","7","2","6","40","13","9","1","5","4","6","6","1","1","6","3","5","1","11","3","10","1","1","C03","7","11","1","10","2","11","","46","46","1","12","4","120.624719","24.352021","2"
"2419","66000","387130000C","(04)23274275","(04)23288582","2026","1","7","7","36","臺中市","北區","0","0","0","7","","","50","","","","","","","","","","","","","","16","","","","","C03","","","1","","1","","","11","11","1","13","4","120.671947","24.171812","3"
"2420","66000","387130000C","(04)23274275","(04)23288582","2026","1","7","7","40","臺中市","大雅區","0","2","0","7","3","6","50","13","9","1","5","4","6","6","4","4","10","5","5","2","17","2","8","2","1","C03","7","1","1","10","2","14","","51","51","1","13","4","120.633257","24.242188","2"
"2421","66000","387130000C","(04)23274275","(04)23288582","2026","1","7","7","40","臺中市","大甲區","0","1","0","7","3","6","50","13","9","1","5","4","6","6","4","4","1","4","4","1","17","3","10","3","1","B03","7","1","1","8","2","1","","51","51","1","6","4","120.618214","24.353561","2"
"2422","66000","387130000C","(04)23274275","(04)23288582","2026","1","7","7","42","臺中市","北區","0","1","0","7","2","6","50","4","2","1","5","4","6","6","2","1","10","5","5","2","12","3","10","3","1","B03","7","9","1","8","2","2","","8","8","1","13","4","120.682408","24.146146","2"
"2423","66000","387130000C","(04)23274275","(04)23288582","2026","1","7","7","42","臺中市","東區","0","0","0","7","2","6","50","13","7","1","5","4","6","6","4","4","5","4","4","2","13","3","10","3","1","B03","7","9","1","3","6","1","","84","84","1","12","4","120.704637","24.130305","3"
"2424","66000","387130000C","(04)23274275","(04)23288582","2026","1","7","7","44","臺中市","豐原區","0","1","0","7","2","6","50","3","1","1","5","4","6","6","2","1","1","4","4","2","16","3","10","5","4","B03","7","6","1","8","2","1","","11","11","1","12","4","120.704552","24.237326","2"
"2425","66000","387130000C","(04)23274275","(04)23288582","2026","1","7","7","49","臺中市","南屯區","0","1","0","7","2","6","50","13","8","1","5","4","6","6","4","4","9","5","4","2","17","3","10","2","1","C03","7","10","1","10","2","11","","84","84","1","12","4","120.612036","24.136497","2"
"2426","66000","387130000C","(04)23274275","(04)23288582","2026","1","7","7","50","臺中市","南屯區","0","2","0","6","2","6","50","3","1","1","5","4","6","6","1","1","5","4","5","2","16","2","9","2","1","F03","7","6","7","21","2","12","","11","11","1","12","4","120.607231","24.138505","2"
"2427","66000","387130000C","(04)23274275","(04)23288582","2026","1","7","7","50","臺中市","西屯區","0","2","0","7","2","6","50","3","1","1","5","4","6","6","2","1","4","4","5","2","16","3","10","5","4","B03","7","6","1","8","2","2","","11","11","1","13","4","120.61034","24.188182","2"
"2428","66000","387130000C","(04)23274275","(04)23288582","2026","1","7","7","52","臺中市","西屯區","0","1","0","7","1","6","50","13","9","1","5","4","6","6","4","4","5","5","5","2","12","2","9","1","1","C03","7","9","1","10","2","12","","8","8","1","12","4","120.643758","24.176233","2"
"2429","66000","387130000C","(04)23274275","(04)23288582","2026","1","7","7","53","臺中市","北屯區","0","0","0","7","","","50","","","","","","","","","","","","","","17","","","","","C03","","","1","","2","","","12","12","1","6","4","120.699381","24.164048","3"
"2430","66000","387130000C","(04)23274275","(04)23288582","2026","1","7","7","53","臺中市","北屯區","0","0","0","7","","","50","","","","","","","","","","","","","","","","","","","B03","","","1","","1","","","58","58","1","6","4","120.711109","24.180117","3"
"2431","66000","387130000C","(04)23274275","(04)23288582","2026","1","7","7","55","臺中市","西區","0","2","0","7","1","6","50","4","1","1","5","4","6","6","1","1","10","5","5","2","13","2","9","2","1","C03","7","9","1","10","2","11","","21","21","1","12","4","120.65738","24.146711","2"
"2432","66000","387130000C","(04)23274275","(04)23288582","2026","1","7","7","56","臺中市","太平區","0","1","0","7","2","6","50","13","9","1","5","4","6","6","4","4","10","5","4","1","13","3","10","2","1","C03","7","9","1","10","1","11","","7","7","1","12","4","120.714284","24.131663","2"
"2433","66000","387130000C","(04)23274275","(04)23288582","2026","1","7","7","56","臺中市","太平區","0","1","0","7","3","6","50","13","9","1","5","4","6","6","4","4","9","5","5","1","18","2","9","1","1","C03","7","9","1","10","2","14","","84","84","1","12","4","120.709471","24.115931","2"
"2434","66000","387130000C","(04)23274275","(04)23288582","2026","1","7","7","57","臺中市","東區","0","0","0","7","","","50","","","","","","","","","","","","","","17","","","","","C03","","","1","","1","","","84","84","1","12","4","120.698701","24.129538","3"
"2435","66000","387130000C","(04)23274275","(04)23288582","2026","1","7","7","59","臺中市","北區","0","2","0","7","2","6","50","4","1","1","5","4","6","6","4","4","5","5","5","2","15","2","7","1","1","C03","7","9","1","10","2","11","","15","15","1","12","4","120.678815","24.158209","2"