序號,縣市別代碼,機關代碼,市話,傳真,年,月,日,時,分,縣市,區,死亡數量,受傷數量,2-30,天候,道路照明設備,道路類別,道路速限,道路型態,事故位置,路面鋪裝,路面狀態,路面缺陷,障礙物,視距,號誌種類,號誌動作,分向設施,快車道或一般車道間,快慢車道間,路面邊線,事故類型及型態,受傷程度,主要傷處,保護裝備,行動電話或功能裝置,當事者區分(類別),車輛用途,當事者行動狀態,駕照狀態,駕照種類,飲酒情形,車輛撞擊部位最初,車輛撞擊部位其他,肇事因素個別,肇事因素主要,肇事逃逸,職業,共享經濟或外送平台,GPS座標X,GPS座標Y,事故類別
"2436","66000","387130000C","(04)23274275","(04)23288582","2026","1","7","8","0","臺中市","南屯區","0","2","0","7","3","6","50","13","9","1","5","4","6","6","1","1","5","4","5","2","13","2","9","2","1","C03","7","9","1","10","2","14","","59","59","2","13","4","120.646817","24.137433","2"
"2437","66000","387130000C","(04)23274275","(04)23288582","2026","1","7","8","0","臺中市","烏日區","0","0","0","7","","","70","","","","","","","","","","","","","","12","","","","","B03","","","5","","1","","","84","84","1","6","4","120.590013","24.113621","3"
"2438","66000","387130000C","(04)23274275","(04)23288582","2026","1","7","8","3","臺中市","西區","0","0","0","7","","","50","","","","","","","","","","","","","","","","","","","C03","","","1","","2","","","7","7","1","12","4","120.657094","24.150373","3"
"2439","66000","387130000C","(04)23274275","(04)23288582","2026","1","7","8","5","臺中市","南區","0","0","0","7","","","50","","","","","","","","","","","","","","17","","","","","B12","","","1","","1","","","7","7","1","12","4","120.67926","24.119028","3"
"2440","66000","387130000C","(04)23274275","(04)23288582","2026","1","7","8","5","臺中市","西屯區","0","1","0","7","2","6","40","13","7","1","5","4","6","6","4","4","5","4","4","2","16","2","9","4","1","F01","7","6","7","21","2","14","","48","48","1","12","4","120.619809","24.169517","2"
"2441","66000","387130000C","(04)23274275","(04)23288582","2026","1","7","8","7","臺中市","北區","0","0","0","7","","","50","","","","","","","","","","","","","","17","","","","","C03","","","1","","1","","","84","84","2","12","4","120.701267","24.155708","3"
"2442","66000","387130000C","(04)23274275","(04)23288582","2026","1","7","8","7","臺中市","西屯區","0","0","0","7","","","50","","","","","","","","","","","","","","13","","","","","B03","","","1","","1","","","7","7","1","12","4","120.648432","24.155666","3"
"2443","66000","387130000C","(04)23274275","(04)23288582","2026","1","7","8","8","臺中市","太平區","0","1","0","7","2","6","30","13","9","1","5","4","6","6","4","4","10","5","5","1","13","3","10","2","1","C03","7","9","1","10","2","11","","7","7","1","12","4","120.711448","24.125879","2"
"2444","66000","387130000C","(04)23274275","(04)23288582","2026","1","7","8","10","臺中市","龍井區","0","0","0","7","","","50","","","","","","","","","","","","","","17","","","","","B03","","","1","","1","","","48","48","1","6","4","120.591669","24.190074","3"
"2445","66000","387130000C","(04)23274275","(04)23288582","2026","1","7","8","11","臺中市","北屯區","0","0","0","7","","","50","","","","","","","","","","","","","","12","","","","","B12","","","1","","1","","","51","51","1","12","4","120.685771","24.188635","3"
"2446","66000","387130000C","(04)23274275","(04)23288582","2026","1","7","8","11","臺中市","太平區","0","1","0","7","3","6","50","4","1","1","5","4","6","6","1","1","10","5","5","2","16","3","10","1","1","C03","7","6","1","10","2","12","","11","11","1","12","4","120.714706","24.141418","2"
"2447","66000","387130000C","(04)23274275","(04)23288582","2026","1","7","8","12","臺中市","霧峰區","0","2","0","7","2","6","40","4","1","1","5","4","6","6","1","1","10","5","5","2","15","2","9","2","1","C03","7","9","1","10","2","12","","21","21","1","6","4","120.680398","24.038708","2"
"2448","66000","387130000C","(04)23274275","(04)23288582","2026","1","7","8","12","臺中市","大里區","0","1","0","7","2","6","50","3","1","1","5","4","6","6","4","4","10","5","5","2","16","2","9","1","1","C03","7","1","1","10","2","11","","51","51","1","12","4","120.703805","24.097253","2"
"2449","66000","387130000C","(04)23274275","(04)23288582","2026","1","7","8","13","臺中市","西屯區","0","0","0","7","","","50","","","","","","","","","","","","","","","","","","","C03","","","1","","2","","","84","84","1","12","4","120.656028","24.17052","3"
"2450","66000","387130000C","(04)23274275","(04)23288582","2026","1","7","8","13","臺中市","烏日區","0","1","0","7","2","6","30","5","1","1","5","4","6","6","1","1","10","5","5","2","11","2","9","2","1","C03","7","9","1","10","2","11","","21","21","1","6","4","120.647265","24.062954","2"
"2451","66000","387130000C","(04)23274275","(04)23288582","2026","1","7","8","15","臺中市","豐原區","0","2","0","7","3","6","60","4","1","1","5","4","6","6","1","1","1","4","4","1","13","3","10","5","4","B03","7","9","1","8","2","1","","7","7","1","12","4","120.703168","24.241247","2"
"2452","66000","387130000C","(04)23274275","(04)23288582","2026","1","7","8","16","臺中市","西屯區","0","1","0","7","2","6","40","13","9","1","5","4","6","6","1","1","1","5","1","2","13","2","8","1","4","C03","7","9","1","9","2","11","","7","7","1","13","4","120.62498","24.206888","2"
"2453","66000","387130000C","(04)23274275","(04)23288582","2026","1","7","8","16","臺中市","龍井區","0","0","0","7","","","50","","","","","","","","","","","","","","13","","","","","C03","","","1","","2","","","7","7","1","6","4","120.592502","24.181474","4"
"2454","66000","387130000C","(04)23274275","(04)23288582","2026","1","7","8","18","臺中市","北屯區","0","0","0","7","","","50","","","","","","","","","","","","","","13","","","","","B03","","","1","","1","","","59","59","1","13","4","120.676074","24.199472","3"
"2455","66000","387130000C","(04)23274275","(04)23288582","2026","1","7","8","18","臺中市","神岡區","0","0","0","7","","","50","","","","","","","","","","","","","","13","","","","","B03","","","1","","2","","","84","84","1","12","4","120.677963","24.281458","3"
"2456","66000","387130000C","(04)23274275","(04)23288582","2026","1","7","8","18","臺中市","豐原區","0","1","0","7","2","6","50","4","1","1","5","4","6","6","2","1","5","4","4","2","17","2","9","1","1","C03","7","9","1","10","2","16","","84","84","1","12","4","120.714914","24.247317","2"
"2457","66000","387130000C","(04)23274275","(04)23288582","2026","1","7","8","19","臺中市","大雅區","0","1","0","7","2","6","50","13","9","1","5","4","6","6","4","4","1","4","5","1","17","3","10","3","1","B03","7","5","1","8","2","7","","20","20","1","12","4","120.649301","24.221641","2"
"2458","66000","387130000C","(04)23274275","(04)23288582","2026","1","7","8","19","臺中市","北屯區","0","1","0","7","3","6","50","4","1","1","5","4","6","6","1","1","10","5","5","2","18","2","9","2","1","C03","7","9","1","9","2","12","","84","84","1","6","4","120.67915","24.178237","2"
"2459","66000","387130000C","(04)23274275","(04)23288582","2026","1","7","8","19","臺中市","龍井區","0","1","0","7","1","6","40","13","8","1","5","4","6","6","1","1","3","4","3","1","13","2","8","1","1","C03","7","9","1","10","2","11","","7","7","1","6","4","120.587244","24.18515","2"
"2460","66000","387130000C","(04)23274275","(04)23288582","2026","1","7","8","20","臺中市","北屯區","0","2","0","7","3","3","80","13","9","1","5","4","6","6","4","4","2","4","5","2","13","2","9","3","1","B12","7","9","1","8","2","1","","7","7","1","6","4","120.701285","24.201544","2"
"2461","66000","387130000C","(04)23274275","(04)23288582","2026","1","7","8","22","臺中市","南區","0","0","0","7","","","0","","","","","","","","","","","","","","17","","","","","C03","","","1","","2","","","84","84","1","4","4","120.685626","24.128787","3"
"2462","66000","387130000C","(04)23274275","(04)23288582","2026","1","7","8","23","臺中市","大里區","0","1","0","7","2","6","50","13","8","1","5","4","6","6","4","4","1","5","4","1","17","3","10","3","1","E04","7","1","1","6","2","4","","51","51","1","12","4","120.670168","24.100281","2"
"2463","66000","387130000C","(04)23274275","(04)23288582","2026","1","7","8","26","臺中市","大里區","0","1","0","7","2","6","50","3","2","1","5","4","6","6","4","4","5","2","5","1","17","3","10","3","1","B03","7","6","1","8","2","8","","39","39","1","13","4","120.710283","24.090238","2"
"2464","66000","387130000C","(04)23274275","(04)23288582","2026","1","7","8","26","臺中市","太平區","0","1","0","7","2","6","50","4","1","1","5","4","6","6","1","1","10","5","5","2","3","3","10","3","1","B03","7","6","1","8","2","4","","10","10","1","12","4","120.717414","24.156944","2"
"2465","66000","387130000C","(04)23274275","(04)23288582","2026","1","7","8","30","臺中市","北屯區","0","0","0","7","","","50","","","","","","","","","","","","","","17","","","","","B03","","","3","","2","","","20","20","1","6","4","120.710706","24.174056","4"
"2466","66000","387130000C","(04)23274275","(04)23288582","2026","1","7","8","31","臺中市","北屯區","0","2","0","7","2","6","50","5","1","1","5","4","6","6","2","1","10","5","5","2","13","2","7","2","1","C03","7","9","1","10","2","11","","7","7","1","6","4","120.659946","24.192856","2"
"2467","66000","387130000C","(04)23274275","(04)23288582","2026","1","7","8","31","臺中市","大里區","0","1","0","7","2","6","40","13","8","1","5","4","1","6","4","4","1","5","4","1","29","2","9","1","1","C03","7","9","1","10","2","14","","84","84","1","13","4","120.672198","24.107306","2"
"2468","66000","387130000C","(04)23274275","(04)23288582","2026","1","7","8","33","臺中市","大里區","0","1","0","7","2","6","50","13","9","1","5","4","6","6","1","1","5","4","5","1","17","2","9","1","1","C03","7","9","1","10","2","11","","7","7","1","12","4","120.687324","24.120875","2"
"2469","66000","387130000C","(04)23274275","(04)23288582","2026","1","7","8","34","臺中市","西屯區","0","1","0","7","2","6","50","3","1","1","5","4","6","6","1","1","10","5","5","2","16","3","10","5","4","B03","7","5","1","8","2","6","","47","47","1","12","4","120.613385","24.172376","2"
"2470","66000","387130000C","(04)23274275","(04)23288582","2026","1","7","8","35","臺中市","北屯區","0","2","0","7","2","6","50","4","1","1","5","4","6","6","2","1","1","2","5","2","13","2","8","2","1","C03","7","9","1","10","2","14","","7","7","1","12","4","120.69104","24.171618","2"
"2471","66000","387130000C","(04)23274275","(04)23288582","2026","1","7","8","37","臺中市","烏日區","0","0","0","7","","","40","","","","","","","","","","","","","","","","","","","B12","","","1","","1","","","8","8","1","6","4","120.65457","24.094864","3"
"2472","66000","387130000C","(04)23274275","(04)23288582","2026","1","7","8","40","臺中市","北區","0","0","0","7","","","50","","","","","","","","","","","","","","","","","","","C03","","","1","","2","","","65","65","1","12","4","120.667678","24.163834","3"
"2473","66000","387130000C","(04)23274275","(04)23288582","2026","1","7","8","41","臺中市","潭子區","0","1","0","7","3","6","60","4","1","1","5","4","6","6","1","1","1","4","5","2","17","3","10","2","1","C03","7","9","3","19","2","14","","8","8","1","13","4","120.688133","24.216082","2"
"2474","66000","387130000C","(04)23274275","(04)23288582","2026","1","7","8","42","臺中市","南屯區","0","0","0","7","","","50","","","","","","","","","","","","","","14","","","","","B12","","","1","","1","","","84","84","1","12","4","120.64056","24.14852","3"
"2475","66000","387130000C","(04)23274275","(04)23288582","2026","1","7","8","42","臺中市","新社區","0","1","0","7","2","6","50","3","9","1","5","4","6","6","4","4","5","5","5","1","16","3","10","5","4","B03","7","5","1","8","2","7","","14","14","1","13","4","120.795643","24.210083","2"
"2476","66000","387130000C","(04)23274275","(04)23288582","2026","1","7","8","43","臺中市","北屯區","0","2","0","7","3","6","50","4","1","1","5","4","6","6","4","4","10","5","5","2","15","2","9","2","1","C03","7","9","1","10","9","11","","12","12","2","6","4","120.695077","24.184281","2"
"2477","66000","387130000C","(04)23274275","(04)23288582","2026","1","7","8","43","臺中市","西屯區","0","1","0","7","2","6","50","4","2","1","5","4","6","6","2","1","4","2","5","2","16","3","10","5","4","B03","7","5","1","8","2","5","","11","11","1","13","4","120.622185","24.174168","2"
"2478","66000","387130000C","(04)23274275","(04)23288582","2026","1","7","8","44","臺中市","潭子區","0","0","0","7","","","50","","","","","","","","","","","","","","","","","","","B03","","","1","","2","","","21","21","1","13","4","120.692237","24.22051","3"
"2479","66000","387130000C","(04)23274275","(04)23288582","2026","1","7","8","45","臺中市","霧峰區","0","2","0","7","1","6","50","4","1","1","5","4","6","6","3","1","10","5","5","2","16","2","9","1","1","C03","7","6","1","10","2","11","","15","15","1","12","4","120.709432","24.076718","2"
"2480","66000","387130000C","(04)23274275","(04)23288582","2026","1","7","8","47","臺中市","北屯區","0","1","0","7","2","6","40","4","1","1","5","4","6","6","2","1","10","5","5","2","16","3","10","1","1","C03","7","9","1","10","2","11","","21","21","1","13","4","120.672476","24.181003","2"
"2481","66000","387130000C","(04)23274275","(04)23288582","2026","1","7","8","48","臺中市","北區","0","1","0","7","2","6","50","4","1","1","5","4","6","6","1","1","5","4","4","2","17","3","10","3","1","B03","7","6","1","8","2","2","","20","20","1","12","4","120.667558","24.153812","2"
"2482","66000","387130000C","(04)23274275","(04)23288582","2026","1","7","8","49","臺中市","西屯區","0","2","0","7","2","6","50","13","7","1","5","4","6","6","4","4","5","5","4","2","17","2","9","2","1","C03","7","11","1","10","2","12","","45","45","1","5","4","120.667971","24.174721","2"
"2483","66000","387130000C","(04)23274275","(04)23288582","2026","1","7","8","50","臺中市","沙鹿區","0","0","0","7","2","6","50","13","7","1","5","4","6","6","4","4","4","3","4","2","12","","","","","B12","","","1","","1","","","76","76","1","12","4","120.559874","24.239264","3"
"2484","66000","387130000C","(04)23274275","(04)23288582","2026","1","7","8","50","臺中市","梧棲區","0","1","0","7","2","6","30","4","1","1","5","4","6","6","4","4","10","5","5","2","15","2","9","1","1","C03","7","9","1","10","2","12","","13","13","1","6","2","120.538302","24.245037","2"
"2485","66000","387130000C","(04)23274275","(04)23288582","2026","1","7","8","52","臺中市","北區","0","1","0","7","2","6","30","3","2","1","5","4","6","6","4","4","10","5","5","2","17","3","10","2","1","C03","7","5","1","10","2","13","","13","13","1","13","4","120.67019","24.156516","2"
"2486","66000","387130000C","(04)23274275","(04)23288582","2026","1","7","8","57","臺中市","太平區","0","0","0","7","","","50","","","","","","","","","","","","","","","","","","","B03","","","1","","1","","","15","15","1","12","4","120.718575","24.11375","3"
"2487","66000","387130000C","(04)23274275","(04)23288582","2026","1","7","8","58","臺中市","烏日區","0","0","0","7","","","30","","","","","","","","","","","","","","14","","","","","B03","","","1","","1","","","49","49","1","13","4","120.634099","24.097508","3"
"2488","66000","387130000C","(04)23274275","(04)23288582","2026","1","7","8","59","臺中市","潭子區","0","1","0","7","2","6","50","4","2","1","5","4","6","6","2","1","1","5","5","2","17","2","9","1","1","C03","7","9","1","10","2","14","","43","43","1","13","4","120.711636","24.20978","2"
"2489","66000","387130000C","(04)23274275","(04)23288582","2026","1","7","9","2","臺中市","南屯區","0","0","0","7","","","","","","","","","","","","","","","","","","","","","","","","","","","","","","119","119","1","","","120.630023","24.145032","3"
"2490","66000","387130000C","(04)23274275","(04)23288582","2026","1","7","9","3","臺中市","西屯區","0","0","0","7","","","30","","","","","","","","","","","","","","","","","","","B03","","","1","","2","","","7","7","1","13","4","120.613178","24.162979","3"
"2491","66000","387130000C","(04)23274275","(04)23288582","2026","1","7","9","8","臺中市","太平區","0","1","0","7","2","6","50","4","4","1","5","4","6","6","1","1","5","4","5","2","13","2","8","3","1","B03","7","9","3","19","2","1","","7","7","1","12","4","120.700462","24.148197","2"
"2492","66000","387130000C","(04)23274275","(04)23288582","2026","1","7","9","13","臺中市","西屯區","0","1","0","7","2","6","40","3","1","1","5","4","6","6","1","1","10","5","5","2","12","3","10","3","4","B03","7","5","1","8","2","5","","20","20","1","13","4","120.61184","24.184648","2"
"2493","66000","387130000C","(04)23274275","(04)23288582","2026","1","7","9","13","臺中市","西屯區","0","0","0","7","","","50","","","","","","","","","","","","","","13","","","","","B03","","","1","","1","","","82","82","1","12","4","120.615228","24.182508","3"
"2494","66000","387130000C","(04)23274275","(04)23288582","2026","1","7","9","14","臺中市","西屯區","0","2","0","7","2","6","50","4","2","1","5","4","6","6","2","1","4","5","4","1","12","2","9","5","4","C03","7","8","1","10","2","13","","40","40","1","13","4","120.652529","24.156511","2"
"2495","66000","387130000C","(04)23274275","(04)23288582","2026","1","7","9","22","臺中市","神岡區","0","2","0","7","2","6","40","13","8","1","5","4","6","6","4","4","1","4","4","1","17","2","9","5","4","C03","7","9","1","10","2","11","","7","7","1","13","4","120.690727","24.229537","2"
"2496","66000","387130000C","(04)23274275","(04)23288582","2026","1","7","9","23","臺中市","北屯區","0","1","0","7","3","6","50","4","1","1","5","4","6","6","4","4","10","5","5","2","17","2","9","2","1","C03","7","9","1","10","2","12","","85","85","1","6","4","120.696159","24.161312","2"
"2497","66000","387130000C","(04)23274275","(04)23288582","2026","1","7","9","24","臺中市","東區","0","0","0","7","","","50","","","","","","","","","","","","","","17","","","","","","","","","","","","","119","119","1","","","120.698857","24.133603","3"
"2498","66000","387130000C","(04)23274275","(04)23288582","2026","1","7","9","24","臺中市","南屯區","0","0","0","7","","","50","","","","","","","","","","","","","","","","","","","B11","","","1","","1","","","14","14","1","12","4","120.64069","24.14327","3"
"2499","66000","387130000C","(04)23274275","(04)23288582","2026","1","7","9","25","臺中市","南屯區","0","1","0","7","3","6","50","13","9","1","5","4","6","6","4","4","1","2","5","2","12","2","9","2","1","C03","7","8","1","10","2","14","","35","35","1","13","4","120.638333","24.142171","2"
"2500","66000","387130000C","(04)23274275","(04)23288582","2026","1","7","9","27","臺中市","西屯區","0","0","0","7","","","30","","","","","","","","","","","","","","13","","","","","C03","","","1","","1","","","7","7","1","12","4","120.642955","24.189229","3"
"2501","66000","387130000C","(04)23274275","(04)23288582","2026","1","7","9","28","臺中市","沙鹿區","0","0","0","7","","","60","","","","","","","","","","","","","","","","","","","B03","","","1","","1","","","26","26","1","12","4","120.579046","24.250166","3"
"2502","66000","387130000C","(04)23274275","(04)23288582","2026","1","7","9","29","臺中市","霧峰區","0","1","0","7","2","6","40","3","1","1","5","4","6","6","4","4","10","5","5","2","13","2","9","2","1","C03","7","9","1","10","2","11","","7","7","1","6","4","120.704054","24.071491","2"
"2503","66000","387130000C","(04)23274275","(04)23288582","2026","1","7","9","30","臺中市","西屯區","0","0","0","7","","","40","","","","","","","","","","","","","","17","","","","","B03","","","1","","9","","","50","50","1","12","4","120.58478","24.170763","3"
"2504","66000","387130000C","(04)23274275","(04)23288582","2026","1","7","9","31","臺中市","大甲區","0","1","0","7","2","6","50","3","9","1","5","4","6","6","4","4","6","3","5","1","12","3","10","1","1","C03","7","9","3","19","1","11","","7","7","2","12","4","120.616214","24.341334","2"
"2505","66000","387130000C","(04)23274275","(04)23288582","2026","1","7","9","33","臺中市","豐原區","0","0","0","7","","","50","","","","","","","","","","","","","","14","","","","","B03","","","1","","2","","","49","49","1","12","4","120.743364","24.264026","3"
"2506","66000","387130000C","(04)23274275","(04)23288582","2026","1","7","9","36","臺中市","東區","0","1","0","7","2","6","50","4","1","1","5","4","6","6","1","1","9","4","4","2","17","3","10","3","1","B03","7","1","1","8","2","8","","51","51","1","12","4","120.70474","24.135237","2"
"2507","66000","387130000C","(04)23274275","(04)23288582","2026","1","7","9","36","臺中市","東區","0","0","0","7","","","50","","","","","","","","","","","","","","17","","","","","B03","","","1","","1","","","51","51","1","6","4","120.7059","24.129811","3"
"2508","66000","387130000C","(04)23274275","(04)23288582","2026","1","7","9","37","臺中市","太平區","0","1","0","7","2","6","30","13","9","1","5","4","6","6","4","4","10","5","5","2","9","3","10","5","4","B03","7","2","1","8","2","6","","49","49","1","12","4","120.732726","24.119641","2"
"2509","66000","387130000C","(04)23274275","(04)23288582","2026","1","7","9","38","臺中市","大里區","0","0","0","7","","","50","","","","","","","","","","","","","","17","","","","","B03","","","1","","2","","","7","7","1","13","4","120.697423","24.083011","3"
"2510","66000","387130000C","(04)23274275","(04)23288582","2026","1","7","9","40","臺中市","北區","0","0","0","7","","","50","","","","","","","","","","","","","","17","","","","","B03","","","5","","1","","","84","84","1","13","4","120.664048","24.161804","3"
"2511","66000","387130000C","(04)23274275","(04)23288582","2026","1","7","9","40","臺中市","北屯區","0","0","0","7","","","50","","","","","","","","","","","","","","13","","","","","C03","","","1","","2","","","7","7","1","6","4","120.670835","24.175199","3"
"2512","66000","387130000C","(04)23274275","(04)23288582","2026","1","7","9","44","臺中市","潭子區","0","0","0","7","","3","40","","","","","","","","","","","","","","","","","","","B03","","","1","","2","","","7","7","1","13","4","120.699515","24.201381","3"
"2513","66000","387130000C","(04)23274275","(04)23288582","2026","1","7","9","48","臺中市","北區","0","1","0","7","3","6","50","4","2","1","5","4","6","6","1","1","5","2","5","2","12","3","10","5","4","C03","7","6","1","10","2","14","","11","11","1","13","4","120.678841","24.159032","2"
"2514","66000","387130000C","(04)23274275","(04)23288582","2026","1","7","9","48","臺中市","南區","0","1","0","7","2","6","30","4","1","1","5","4","6","6","3","1","10","5","5","2","15","3","10","3","1","B03","7","9","1","8","2","2","6","20","20","1","12","4","120.66556","24.12146","2"
"2515","66000","387130000C","(04)23274275","(04)23288582","2026","1","7","9","50","臺中市","南區","0","1","0","7","1","6","50","3","1","1","5","4","6","6","4","4","1","4","5","2","12","3","10","3","1","B03","7","7","1","8","2","5","","85","85","1","6","4","120.658782","24.118195","2"
"2516","66000","387130000C","(04)23274275","(04)23288582","2026","1","7","9","51","臺中市","大里區","0","1","0","7","2","6","50","4","1","1","5","4","6","6","1","1","10","5","5","2","16","2","9","2","1","C03","7","9","1","10","2","11","","21","21","1","12","4","120.691723","24.100529","2"
"2517","66000","387130000C","(04)23274275","(04)23288582","2026","1","7","9","52","臺中市","南屯區","0","0","0","7","","","50","","","","","","","","","","","","","","14","","","","","B03","","","1","","2","","","50","50","1","12","4","120.627383","24.144936","3"
"2518","66000","387130000C","(04)23274275","(04)23288582","2026","1","7","9","54","臺中市","大里區","0","2","0","7","2","6","50","5","1","1","5","4","6","6","1","1","10","5","5","2","17","2","9","1","1","C03","7","9","1","10","2","11","","7","7","1","12","4","120.689904","24.112775","2"
"2519","66000","387130000C","(04)23274275","(04)23288582","2026","1","7","9","56","臺中市","北屯區","0","1","0","7","2","6","50","4","1","1","5","4","6","6","2","1","10","5","5","2","16","3","10","2","1","C03","7","5","1","10","2","12","","11","11","1","12","4","120.676339","24.184541","2"
"2520","66000","387130000C","(04)23274275","(04)23288582","2026","1","7","9","56","臺中市","西屯區","0","0","0","7","","3","40","","","","","","","","","","","","","","13","","","","","B12","","","1","","1","","","7","7","1","12","4","120.633593","24.173632","3"
"2521","66000","387130000C","(04)23274275","(04)23288582","2026","1","7","9","57","臺中市","西區","0","0","0","7","","","30","","","","","","","","","","","","","","","","","","","B02","","","1","8","1","","","84","84","1","13","4","120.665773","24.148197","3"
"2522","66000","387130000C","(04)23274275","(04)23288582","2026","1","7","9","57","臺中市","北區","0","1","0","7","2","6","50","3","1","1","5","4","6","6","4","4","5","5","5","2","17","2","9","1","1","C03","7","6","1","10","2","14","","34","34","1","12","4","120.676642","24.152202","2"
"2523","66000","387130000C","(04)23274275","(04)23288582","2026","1","7","9","59","臺中市","東區","0","1","0","7","2","6","50","3","1","1","5","4","6","6","4","4","9","4","4","2","17","3","10","3","1","B03","7","11","1","8","1","4","","45","45","1","12","4","120.692388","24.140678","2"
"2524","66000","387130000C","(04)23274275","(04)23288582","2026","1","7","10","0","臺中市","西屯區","0","2","0","7","2","6","30","3","1","1","5","4","6","6","4","4","10","5","5","2","6","2","9","6","5","H01","8","18","7","21","10","17","","98","98","1","13","5","120.648435","24.17496","2"
"2525","66000","387130000C","(04)23274275","(04)23288582","2026","1","7","10","1","臺中市","沙鹿區","0","0","0","7","","","50","","","","","","","","","","","","","","","","","","","C03","","","1","","1","","","84","84","1","13","4","120.561011","24.241826","3"
"2526","66000","387130000C","(04)23274275","(04)23288582","2026","1","7","10","7","臺中市","太平區","0","1","0","7","3","6","0","18","21","4","5","4","6","6","4","4","10","5","5","2","18","2","9","6","4","F01","7","9","7","21","2","14","","54","54","1","12","4","120.719578","24.120435","2"
"2527","66000","387130000C","(04)23274275","(04)23288582","2026","1","7","10","10","臺中市","大肚區","0","0","0","7","","","30","","","","","","","","","","","","","","","","","","","A11","","","1","","2","","","59","59","1","6","4","120.574454","24.132621","3"
"2528","66000","387130000C","(04)23274275","(04)23288582","2026","1","7","10","10","臺中市","沙鹿區","0","1","0","7","2","6","40","13","8","1","5","4","6","6","4","4","1","3","1","2","12","2","8","2","1","C03","7","9","1","10","2","11","","59","59","1","12","4","120.57669","24.225572","2"
"2529","66000","387130000C","(04)23274275","(04)23288582","2026","1","7","10","12","臺中市","大雅區","0","1","0","7","2","6","60","13","8","1","5","4","6","6","4","4","3","4","4","1","12","3","10","3","1","B03","7","5","1","8","2","2","","84","84","1","13","4","120.645379","24.225195","2"
"2530","66000","387130000C","(04)23274275","(04)23288582","2026","1","7","10","18","臺中市","潭子區","0","2","0","7","2","6","60","13","7","1","5","4","6","6","4","4","1","4","4","2","13","2","3","3","1","B03","7","9","1","8","2","1","","59","59","1","13","4","120.686739","24.209623","2"
"2531","66000","387130000C","(04)23274275","(04)23288582","2026","1","7","10","19","臺中市","北區","0","0","0","7","","","50","","","","","","","","","","","","","","12","","","","","B03","","","1","","1","","","7","7","1","13","4","120.666051","24.15916","3"
"2532","66000","387130000C","(04)23274275","(04)23288582","2026","1","7","10","20","臺中市","西屯區","0","2","0","7","2","6","30","3","1","1","5","4","6","6","4","4","10","5","5","2","17","2","8","1","4","C03","7","6","1","10","2","11","","15","15","1","12","4","120.643099","24.174903","2"
"2533","66000","387130000C","(04)23274275","(04)23288582","2026","1","7","10","21","臺中市","西區","0","0","0","7","","","50","","","","","","","","","","","","","","13","","","","","B03","","","1","","1","","","61","61","1","12","4","120.657226","24.152262","3"
"2534","66000","387130000C","(04)23274275","(04)23288582","2026","1","7","10","21","臺中市","西區","0","1","0","7","1","6","50","4","2","1","5","4","6","6","4","4","5","4","5","2","17","2","8","1","1","C03","7","5","1","10","2","12","","59","59","1","13","4","120.66162","24.153335","2"
"2535","66000","387130000C","(04)23274275","(04)23288582","2026","1","7","10","23","臺中市","西屯區","0","1","0","7","2","6","50","4","1","1","5","4","6","6","1","1","10","5","5","2","17","3","10","3","4","B03","7","5","1","8","1","8","","84","84","1","13","4","120.635879","24.181852","2"
"2536","66000","387130000C","(04)23274275","(04)23288582","2026","1","7","10","29","臺中市","中區","0","1","0","7","2","6","30","4","1","1","5","4","6","6","4","4","5","4","5","2","15","2","9","1","1","C03","7","9","1","10","11","12","","12","12","1","12","4","120.677105","24.144527","2"
"2537","66000","387130000C","(04)23274275","(04)23288582","2026","1","7","10","30","臺中市","西屯區","0","0","0","7","","","50","","","","","","","","","","","","","","17","","","","","C03","","","1","","1","","","50","50","1","13","4","120.659656","24.161108","3"
"2538","66000","387130000C","(04)23274275","(04)23288582","2026","1","7","10","35","臺中市","東區","0","0","0","7","","","30","","","","","","","","","","","","","","","","","","","C03","","","3","","1","","","15","15","1","12","4","120.690198","24.133809","3"
"2539","66000","387130000C","(04)23274275","(04)23288582","2026","1","7","10","37","臺中市","龍井區","0","0","0","7","","","50","","","","","","","","","","","","","","13","","","","","C03","","","1","","1","","","7","7","1","6","4","120.5926","24.181542","3"
"2540","66000","387130000C","(04)23274275","(04)23288582","2026","1","7","10","42","臺中市","豐原區","0","0","0","7","","","30","","","","","","","","","","","","","","11","","","","","B03","","","1","","2","","","8","8","1","12","4","120.707252","24.246505","3"
"2541","66000","387130000C","(04)23274275","(04)23288582","2026","1","7","10","43","臺中市","大里區","0","0","0","7","","","50","","","","","","","","","","","","","","","","","","","C03","","","1","","2","","","7","7","1","13","4","120.700555","24.088888","3"
"2542","66000","387130000C","(04)23274275","(04)23288582","2026","1","7","10","43","臺中市","東勢區","0","1","0","7","2","6","60","3","2","1","5","4","6","6","1","1","9","4","4","1","13","2","8","1","1","C03","7","9","1","10","2","11","","7","7","1","12","4","120.82458","24.25692","2"
"2543","66000","387130000C","(04)23274275","(04)23288582","2026","1","7","10","45","臺中市","潭子區","0","0","0","7","","","50","","","","","","","","","","","","","","","","","","","C03","","","1","","2","","","7","7","1","13","4","120.6986","24.223368","3"
"2544","66000","387130000C","(04)23274275","(04)23288582","2026","1","7","10","52","臺中市","中區","0","1","0","7","2","6","50","4","9","1","5","4","6","6","4","4","5","4","5","2","17","3","10","5","4","B03","7","1","1","8","2","4","","51","51","1","13","4","120.676021","24.145385","2"
"2545","66000","387130000C","(04)23274275","(04)23288582","2026","1","7","10","53","臺中市","東區","0","0","0","7","","","50","","","","","","","","","","","","","","17","","","","","B03","","","1","","1","","","8","8","1","6","4","120.689769","24.12641","3"