序號,縣市別代碼,機關代碼,市話,傳真,年,月,日,時,分,縣市,區,死亡數量,受傷數量,2-30,天候,道路照明設備,道路類別,道路速限,道路型態,事故位置,路面鋪裝,路面狀態,路面缺陷,障礙物,視距,號誌種類,號誌動作,分向設施,快車道或一般車道間,快慢車道間,路面邊線,事故類型及型態,受傷程度,主要傷處,保護裝備,行動電話或功能裝置,當事者區分(類別),車輛用途,當事者行動狀態,駕照狀態,駕照種類,飲酒情形,車輛撞擊部位最初,車輛撞擊部位其他,肇事因素個別,肇事因素主要,肇事逃逸,職業,共享經濟或外送平台,GPS座標X,GPS座標Y,事故類別
"2546","66000","387130000C","(04)23274275","(04)23288582","2026","1","7","10","56","臺中市","西屯區","0","1","0","7","2","6","50","13","9","1","5","4","6","6","2","1","1","2","5","2","18","2","9","5","4","C03","7","9","1","10","2","14","","84","84","1","13","4","120.637862","24.16312","2"
"2547","66000","387130000C","(04)23274275","(04)23288582","2026","1","7","10","58","臺中市","北屯區","0","1","0","7","2","6","50","5","1","1","5","4","6","6","2","1","1","2","5","2","17","2","9","2","1","C03","7","9","1","10","2","12","","5","5","1","12","4","120.697745","24.170349","2"
"2548","66000","387130000C","(04)23274275","(04)23288582","2026","1","7","10","59","臺中市","太平區","0","1","0","7","2","6","50","3","2","1","5","4","6","6","4","4","5","4","5","1","16","2","9","2","1","C03","7","9","2","19","2","14","","84","84","1","12","4","120.716312","24.127733","2"
"2549","66000","387130000C","(04)23274275","(04)23288582","2026","1","7","11","0","臺中市","大里區","0","0","0","7","2","6","40","13","14","1","5","4","6","6","1","1","5","2","5","1","17","","","","","B03","","","1","","2","","","50","50","1","13","4","120.68972","24.113461","3"
"2550","66000","387130000C","(04)23274275","(04)23288582","2026","1","7","11","2","臺中市","豐原區","0","0","0","7","","","50","","","","","","","","","","","","","","12","","","","","F03","","","1","","2","","","40","40","1","12","4","120.720555","24.251734","3"
"2551","66000","387130000C","(04)23274275","(04)23288582","2026","1","7","11","7","臺中市","南屯區","0","1","0","7","2","6","50","13","9","1","5","4","6","6","4","4","1","4","5","2","18","2","9","2","1","C03","7","9","1","10","2","12","","84","84","1","13","4","120.639736","24.141952","2"
"2552","66000","387130000C","(04)23274275","(04)23288582","2026","1","7","11","10","臺中市","大肚區","0","0","0","7","","","30","","","","","","","","","","","","","","","","","","","","","","","","","","","119","119","1","","","120.554585","24.143011","3"
"2553","66000","387130000C","(04)23274275","(04)23288582","2026","1","7","11","11","臺中市","西屯區","0","0","0","7","","","50","","","","","","","","","","","","","","","","","","","B03","","","1","","2","","","51","51","1","13","4","120.604227","24.185258","3"
"2554","66000","387130000C","(04)23274275","(04)23288582","2026","1","7","11","13","臺中市","梧棲區","0","0","0","7","","","50","","","","","","","","","","","","","","13","","","","","B03","","","1","","1","","","7","7","1","6","4","120.538489","24.248543","3"
"2555","66000","387130000C","(04)23274275","(04)23288582","2026","1","7","11","15","臺中市","霧峰區","0","2","0","7","2","6","50","13","9","1","5","4","6","6","4","4","5","5","4","1","17","2","8","1","1","C03","7","11","1","10","2","14","","34","34","1","6","4","120.700627","24.066343","2"
"2556","66000","387130000C","(04)23274275","(04)23288582","2026","1","7","11","18","臺中市","潭子區","0","1","0","7","3","6","50","3","2","1","5","4","6","6","4","4","1","4","4","2","15","3","10","2","1","C03","7","9","1","10","2","11","","39","39","1","13","4","120.705025","24.214397","2"
"2557","66000","387130000C","(04)23274275","(04)23288582","2026","1","7","11","18","臺中市","西屯區","0","1","0","7","2","6","50","4","1","1","5","4","6","6","3","1","10","5","5","1","15","3","10","3","1","B03","7","9","1","8","2","1","","24","24","1","12","4","120.64362","24.192046","2"
"2558","66000","387130000C","(04)23274275","(04)23288582","2026","1","7","11","18","臺中市","大里區","0","0","0","7","","","50","","","","","","","","","","","","","","","","","","","B12","","","1","","2","","","47","47","1","12","4","120.70329","24.108255","3"
"2559","66000","387130000C","(04)23274275","(04)23288582","2026","1","7","11","20","臺中市","潭子區","0","0","0","7","","","0","","","","","","","","","","","","","","","","","","","B03","","","1","","2","","","84","84","1","13","4","120.698917","24.205824","3"
"2560","66000","387130000C","(04)23274275","(04)23288582","2026","1","7","11","20","臺中市","西區","0","1","0","7","1","6","50","4","2","1","5","4","6","6","1","1","5","4","5","2","13","3","10","3","1","B03","7","9","1","8","2","1","","59","59","1","13","4","120.666808","24.129948","2"
"2561","66000","387130000C","(04)23274275","(04)23288582","2026","1","7","11","23","臺中市","西屯區","0","0","0","7","","","50","","","","","","","","","","","","","","16","","","","","B03","","","1","","1","","","14","14","1","12","4","120.621282","24.174279","3"
"2562","66000","387130000C","(04)23274275","(04)23288582","2026","1","7","11","25","臺中市","大里區","0","1","0","7","2","6","50","3","1","1","5","4","6","6","1","1","10","5","5","2","18","2","9","1","1","F02","7","9","7","21","2","11","","54","54","1","12","4","120.689882","24.11154","2"
"2563","66000","387130000C","(04)23274275","(04)23288582","2026","1","7","11","27","臺中市","北區","0","0","0","7","","","50","","","","","","","","","","","","","","","","","","","B03","","","1","","2","","","49","49","1","13","4","120.671934","24.163333","3"
"2564","66000","387130000C","(04)23274275","(04)23288582","2026","1","7","11","27","臺中市","神岡區","0","0","0","7","","","50","","","","","","","","","","","","","","13","","","","","B03","","","1","","1","","","59","59","1","12","4","120.696786","24.254653","3"
"2565","66000","387130000C","(04)23274275","(04)23288582","2026","1","7","11","30","臺中市","東區","0","0","0","7","","","50","","","","","","","","","","","","","","12","","","","","B03","","","1","","1","","","84","84","1","13","4","120.705857","24.134232","3"
"2566","66000","387130000C","(04)23274275","(04)23288582","2026","1","7","11","30","臺中市","西屯區","0","0","0","7","","","50","","","","","","","","","","","","","","17","","","","","C03","","","1","","1","","","8","8","1","13","4","120.618148","24.184293","4"
"2567","66000","387130000C","(04)23274275","(04)23288582","2026","1","7","11","30","臺中市","梧棲區","0","1","0","7","2","6","50","4","1","1","5","4","6","6","4","4","10","5","5","2","16","2","9","1","1","C03","7","6","1","10","2","12","","14","14","1","6","4","120.547585","24.233168","2"
"2568","66000","387130000C","(04)23274275","(04)23288582","2026","1","7","11","32","臺中市","西屯區","0","1","0","7","2","6","40","3","8","1","5","4","6","6","2","1","1","5","1","2","13","2","9","5","4","C03","7","9","1","10","2","14","","84","84","1","13","4","120.615369","24.183119","2"
"2569","66000","387130000C","(04)23274275","(04)23288582","2026","1","7","11","34","臺中市","西屯區","0","1","0","7","1","6","40","4","1","1","5","4","6","6","2","1","10","5","5","2","16","3","10","1","1","C03","7","5","1","10","2","12","","84","84","1","12","4","120.646502","24.164561","2"
"2570","66000","387130000C","(04)23274275","(04)23288582","2026","1","7","11","36","臺中市","西屯區","0","0","0","7","","","30","","","","","","","","","","","","","","14","","","","","B03","","","1","","2","","","49","49","1","12","4","120.647219","24.182051","3"
"2571","66000","387130000C","(04)23274275","(04)23288582","2026","1","7","11","47","臺中市","清水區","0","1","0","7","3","6","30","4","1","1","5","4","6","6","4","4","9","5","5","2","15","2","8","1","1","C03","7","9","1","10","2","11","","15","15","1","12","4","120.56057","24.258038","2"
"2572","66000","387130000C","(04)23274275","(04)23288582","2026","1","7","11","50","臺中市","西屯區","0","0","0","7","","","50","","","","","","","","","","","","","","","","","","","B03","","","1","","1","","","59","59","1","12","4","120.637862","24.16312","3"
"2573","66000","387130000C","(04)23274275","(04)23288582","2026","1","7","11","50","臺中市","西屯區","0","1","0","7","2","6","50","13","9","1","5","4","6","6","4","4","10","4","5","2","16","3","10","3","1","A02","7","5","1","2","2","2","","47","47","1","13","4","120.654426","24.202954","2"
"2574","66000","387130000C","(04)23274275","(04)23288582","2026","1","7","11","51","臺中市","北區","0","0","0","7","","","50","","","","","","","","","","","","","","12","","","","","B03","","","1","","2","","","84","84","1","13","4","120.684916","24.167886","3"
"2575","66000","387130000C","(04)23274275","(04)23288582","2026","1","7","11","52","臺中市","北屯區","0","1","0","7","2","6","40","13","8","1","5","4","6","6","4","4","1","4","4","2","17","2","9","2","1","C03","7","9","1","10","2","11","","59","59","1","12","4","120.686319","24.204584","2"
"2576","66000","387130000C","(04)23274275","(04)23288582","2026","1","7","11","55","臺中市","大甲區","0","1","0","7","2","6","50","4","9","1","5","4","6","6","1","1","6","3","5","1","11","3","10","1","1","C03","7","6","1","10","2","16","","11","11","1","12","4","120.62574","24.348494","2"
"2577","66000","387130000C","(04)23274275","(04)23288582","2026","1","7","11","58","臺中市","北屯區","0","2","0","7","3","6","50","13","12","1","5","4","6","6","1","1","5","5","4","2","13","2","9","2","1","C03","7","9","1","10","2","11","","7","7","1","6","4","120.690083","24.180862","2"
"2578","66000","387130000C","(04)23274275","(04)23288582","2026","1","7","12","0","臺中市","南屯區","0","0","0","7","","","50","","","","","","","","","","","","","","","","","","","C03","","","1","","1","","","39","39","1","12","4","120.645241","24.129805","3"
"2579","66000","387130000C","(04)23274275","(04)23288582","2026","1","7","12","4","臺中市","龍井區","0","1","0","7","2","6","50","13","9","1","5","4","6","6","4","4","9","4","5","1","16","3","10","3","1","B12","7","5","1","8","2","5","","8","8","1","6","4","120.583352","24.179648","2"
"2580","66000","387130000C","(04)23274275","(04)23288582","2026","1","7","12","6","臺中市","南屯區","0","0","0","7","","","50","","","","","","","","","","","","","","17","","","","","B03","","","1","","1","","","59","59","1","13","4","120.611579","24.134833","3"
"2581","66000","387130000C","(04)23274275","(04)23288582","2026","1","7","12","6","臺中市","后里區","0","1","0","7","3","6","50","3","1","1","5","4","6","6","3","1","5","5","5","1","16","3","10","3","1","B12","7","6","1","8","2","1","","24","24","1","6","4","120.714072","24.30733","2"
"2582","66000","387130000C","(04)23274275","(04)23288582","2026","1","7","12","8","臺中市","大雅區","0","1","0","7","3","6","50","5","1","1","5","4","6","6","1","1","10","5","5","2","17","3","10","5","4","B03","7","6","1","8","2","1","","11","11","1","12","4","120.650814","24.227002","2"
"2583","66000","387130000C","(04)23274275","(04)23288582","2026","1","7","12","8","臺中市","太平區","0","1","0","7","2","6","50","4","2","1","5","4","6","6","1","1","5","5","5","1","13","3","10","2","1","C03","7","15","1","10","2","13","","42","42","1","12","4","120.715262","24.119612","2"
"2584","66000","387130000C","(04)23274275","(04)23288582","2026","1","7","12","8","臺中市","烏日區","0","1","0","7","3","6","70","4","2","1","5","4","6","6","4","4","1","2","4","1","13","3","10","3","1","B03","7","7","1","8","2","2","","85","85","1","6","4","120.59039","24.113934","2"
"2585","66000","387130000C","(04)23274275","(04)23288582","2026","1","7","12","9","臺中市","西屯區","0","1","0","7","2","6","40","13","8","1","5","4","6","6","2","1","1","5","1","2","13","3","10","5","4","C03","7","9","1","10","2","11","","59","59","1","13","4","120.618846","24.181146","2"
"2586","66000","387130000C","(04)23274275","(04)23288582","2026","1","7","12","9","臺中市","烏日區","0","0","0","7","","","50","","","","","","","","","","","","","","13","","","","","B12","","","1","","1","","","7","7","1","6","4","120.634207","24.106235","3"
"2587","66000","387130000C","(04)23274275","(04)23288582","2026","1","7","12","10","臺中市","北屯區","0","1","0","7","3","6","50","13","9","1","5","4","6","6","4","4","5","4","5","2","13","2","9","2","1","C03","7","9","1","10","2","11","","84","84","1","12","2","120.725773","24.176046","2"
"2588","66000","387130000C","(04)23274275","(04)23288582","2026","1","7","12","10","臺中市","西屯區","0","0","0","7","","","50","","","","","","","","","","","","","","13","","","","","B03","","","1","","1","","","59","59","1","13","4","120.649343","24.1627","3"
"2589","66000","387130000C","(04)23274275","(04)23288582","2026","1","7","12","13","臺中市","龍井區","0","1","0","7","2","6","50","13","7","1","5","4","6","6","4","4","3","4","1","2","13","2","9","1","1","C03","7","9","1","10","2","11","","7","7","1","12","4","120.546118","24.193849","2"
"2590","66000","387130000C","(04)23274275","(04)23288582","2026","1","7","12","17","臺中市","東區","0","1","0","7","2","6","50","4","1","1","5","4","6","6","1","1","9","4","4","2","17","3","10","3","1","B03","7","5","1","8","2","5","","47","47","1","12","4","120.698021","24.147943","2"
"2591","66000","387130000C","(04)23274275","(04)23288582","2026","1","7","12","22","臺中市","北區","0","0","0","7","","","50","","","","","","","","","","","","","","13","","","","","C02","","","3","","2","","","7","7","1","13","4","120.677483","24.154648","3"
"2592","66000","387130000C","(04)23274275","(04)23288582","2026","1","7","12","22","臺中市","大里區","0","1","0","7","2","6","50","4","2","1","5","4","6","6","1","1","5","5","5","1","16","3","10","3","1","B03","7","1","1","8","2","8","","51","51","1","13","4","120.684405","24.104561","2"
"2593","66000","387130000C","(04)23274275","(04)23288582","2026","1","7","12","25","臺中市","潭子區","0","0","0","7","","","50","","","","","","","","","","","","","","12","","","","","B03","","","1","","2","","","8","8","1","13","4","120.706535","24.211444","3"
"2594","66000","387130000C","(04)23274275","(04)23288582","2026","1","7","12","27","臺中市","南區","0","0","0","7","","","50","","","","","","","","","","","","","","17","","","","","C04","","","1","","1","","","21","21","1","6","4","120.67659","24.131752","3"
"2595","66000","387130000C","(04)23274275","(04)23288582","2026","1","7","12","29","臺中市","北區","0","0","0","7","","","50","","","","","","","","","","","","","","13","","","","","C03","","","1","","1","","","7","7","1","13","4","120.66629","24.155614","3"
"2596","66000","387130000C","(04)23274275","(04)23288582","2026","1","7","12","29","臺中市","西屯區","0","0","0","7","","","30","","","","","","","","","","","","","","14","","","","","B12","","","1","","1","","","50","50","1","12","4","120.628439","24.188761","3"
"2597","66000","387130000C","(04)23274275","(04)23288582","2026","1","7","12","30","臺中市","龍井區","0","0","0","7","","","40","","","","","","","","","","","","","","17","","","","","A41","","","1","","2","","","8","8","1","6","4","120.587157","24.189661","3"
"2598","66000","387130000C","(04)23274275","(04)23288582","2026","1","7","12","31","臺中市","龍井區","0","0","0","7","","","30","","","","","","","","","","","","","","","","","","","B12","","","1","","2","","","68","68","1","12","4","120.525727","24.21398","3"
"2599","66000","387130000C","(04)23274275","(04)23288582","2026","1","7","12","35","臺中市","北屯區","0","1","0","7","2","6","50","13","9","1","5","4","6","6","4","4","9","4","4","2","17","2","9","1","1","C03","7","9","1","10","2","15","","85","85","1","6","4","120.690312","24.176007","2"
"2600","66000","387130000C","(04)23274275","(04)23288582","2026","1","7","12","39","臺中市","大甲區","0","2","0","7","2","6","50","4","1","1","5","4","6","6","4","4","10","5","5","2","15","2","9","2","1","C03","7","9","1","10","2","11","","13","13","1","6","4","120.62388","24.345332","2"
"2601","66000","387130000C","(04)23274275","(04)23288582","2026","1","7","12","44","臺中市","沙鹿區","0","1","0","7","2","6","50","3","1","1","5","4","6","6","4","4","10","5","5","2","17","3","10","3","1","B03","7","1","1","8","2","4","","51","51","1","12","4","120.560054","24.238346","2"
"2602","66000","387130000C","(04)23274275","(04)23288582","2026","1","7","12","46","臺中市","西屯區","0","0","0","7","","","50","","","","","","","","","","","","","","","","","","","B03","","","1","","1","","","40","40","1","12","4","120.630999","24.183211","3"
"2603","66000","387130000C","(04)23274275","(04)23288582","2026","1","7","12","47","臺中市","西屯區","0","0","0","7","","","40","","","","","","","","","","","","","","","","","","","B03","","","1","","1","","","7","7","1","13","4","120.644656","24.163382","3"
"2604","66000","387130000C","(04)23274275","(04)23288582","2026","1","7","12","48","臺中市","北屯區","0","1","0","7","2","6","50","13","7","1","5","4","6","6","4","4","9","4","4","2","17","3","10","2","1","C03","7","11","1","10","2","14","","45","45","1","6","4","120.66126","24.189161","2"
"2605","66000","387130000C","(04)23274275","(04)23288582","2026","1","7","12","52","臺中市","潭子區","0","0","0","7","","","50","","","","","","","","","","","","","","","","","","","B03","","","1","","2","","","49","49","1","13","4","120.674515","24.203442","3"
"2606","66000","387130000C","(04)23274275","(04)23288582","2026","1","7","12","52","臺中市","南屯區","0","0","0","7","","","50","","","","","","","","","","","","","","14","","","","","C03","","","1","","1","","","49","49","1","12","4","120.639496","24.148716","3"
"2607","66000","387130000C","(04)23274275","(04)23288582","2026","1","7","12","59","臺中市","南屯區","0","0","0","7","3","6","50","13","8","1","5","4","6","6","4","4","9","5","4","2","17","","","","","B12","","","1","","1","","","59","59","1","12","4","120.646199","24.141353","3"
"2608","66000","387130000C","(04)23274275","(04)23288582","2026","1","7","13","0","臺中市","東區","0","0","0","7","","","40","","","","","","","","","","","","","","","","","","","B03","","","1","","9","","","87","87","1","12","4","120.693164","24.148162","3"
"2609","66000","387130000C","(04)23274275","(04)23288582","2026","1","7","13","0","臺中市","龍井區","0","0","0","7","","","50","","","","","","","","","","","","","","17","","","","","B12","","","1","","1","","","51","51","1","6","4","120.583987","24.181317","3"
"2610","66000","387130000C","(04)23274275","(04)23288582","2026","1","7","13","1","臺中市","霧峰區","0","1","0","7","2","6","50","3","1","1","5","4","6","6","4","4","10","5","5","2","13","3","10","1","1","C03","7","9","1","10","2","11","","7","7","1","12","4","120.69686","24.062583","2"
"2611","66000","387130000C","(04)23274275","(04)23288582","2026","1","7","13","9","臺中市","北區","0","0","0","7","","","50","","","","","","","","","","","","","","13","","","","","C03","","","1","","1","","","84","84","1","13","4","120.683508","24.148272","3"
"2612","66000","387130000C","(04)23274275","(04)23288582","2026","1","7","13","9","臺中市","北屯區","0","1","0","7","1","6","50","3","1","1","5","4","6","6","2","1","1","4","5","2","16","3","10","3","1","B12","7","6","1","8","2","6","","11","11","1","12","4","120.727801","24.159716","2"
"2613","66000","387130000C","(04)23274275","(04)23288582","2026","1","7","13","19","臺中市","霧峰區","0","2","0","7","2","6","50","4","1","1","5","4","6","6","4","4","10","5","5","2","17","2","9","2","1","C03","7","5","1","10","2","13","","84","84","1","6","4","120.726656","24.059869","2"
"2614","66000","387130000C","(04)23274275","(04)23288582","2026","1","7","13","19","臺中市","龍井區","0","0","0","7","","","40","","","","","","","","","","","","","","","","","","","B03","","","1","","2","","","8","8","1","12","4","120.548578","24.187133","3"
"2615","66000","387130000C","(04)23274275","(04)23288582","2026","1","7","13","20","臺中市","北屯區","0","0","0","7","","","","","","","","","","","","","","","","","17","","","","","","","","","","","","","86","86","1","","","120.672837","24.176159","3"
"2616","66000","387130000C","(04)23274275","(04)23288582","2026","1","7","13","20","臺中市","北屯區","0","0","0","7","","","30","","","","","","","","","","","","","","11","","","","","B03","","","1","","1","","","8","8","1","6","4","120.668399","24.179487","3"
"2617","66000","387130000C","(04)23274275","(04)23288582","2026","1","7","13","21","臺中市","西區","0","3","0","7","3","6","50","4","1","1","5","4","6","6","1","1","10","5","5","2","16","2","9","1","1","C03","7","5","1","10","2","12","","84","84","1","6","4","120.675855","24.133176","2"
"2618","66000","387130000C","(04)23274275","(04)23288582","2026","1","7","13","22","臺中市","西屯區","0","1","0","7","2","6","50","4","1","1","5","4","6","6","2","1","10","5","5","2","12","2","8","1","4","C03","7","5","1","10","2","12","","84","84","1","12","4","120.610803","24.191005","2"
"2619","66000","387130000C","(04)23274275","(04)23288582","2026","1","7","13","24","臺中市","西屯區","0","1","0","7","2","6","50","4","1","1","5","4","6","6","4","4","10","5","5","2","15","2","9","1","4","C03","7","9","1","10","2","12","","15","15","1","13","4","120.61631","24.18435","2"
"2620","66000","387130000C","(04)23274275","(04)23288582","2026","1","7","13","33","臺中市","北區","0","0","0","7","","","40","","","","","","","","","","","","","","30","","","","","B13","","","1","","2","","","84","84","1","12","4","120.700878","24.157351","3"
"2621","66000","387130000C","(04)23274275","(04)23288582","2026","1","7","13","33","臺中市","南區","0","1","0","7","2","6","30","13","9","1","5","4","6","6","4","4","10","5","5","2","17","3","10","3","1","B03","7","1","1","8","2","8","","51","51","1","6","4","120.671367","24.123325","2"
"2622","66000","387130000C","(04)23274275","(04)23288582","2026","1","7","13","33","臺中市","大里區","0","2","0","7","2","6","50","3","1","1","5","4","6","6","4","4","10","5","5","2","17","2","9","1","1","C04","7","5","1","10","2","11","","14","14","1","12","4","120.687658","24.109144","2"
"2623","66000","387130000C","(04)23274275","(04)23288582","2026","1","7","13","40","臺中市","北屯區","0","1","0","7","2","6","50","4","2","1","5","4","6","6","1","1","1","4","5","2","13","2","9","1","1","C03","7","9","1","10","1","11","","7","7","1","12","4","120.693965","24.171312","2"
"2624","66000","387130000C","(04)23274275","(04)23288582","2026","1","7","13","55","臺中市","大雅區","0","0","0","7","","","60","","","","","","","","","","","","","","","","","","","C03","","","1","","1","","","7","7","1","12","4","120.64641","24.222976","3"
"2625","66000","387130000C","(04)23274275","(04)23288582","2026","1","7","14","0","臺中市","南區","0","1","0","7","2","6","50","4","1","1","5","4","6","6","2","1","3","4","5","2","16","2","9","2","1","C04","7","9","1","10","2","14","","26","26","1","13","4","120.653289","24.121969","2"
"2626","66000","387130000C","(04)23274275","(04)23288582","2026","1","7","14","6","臺中市","北屯區","0","0","0","7","","","50","","","","","","","","","","","","","","","","","","","C03","","","1","","1","","","42","42","1","6","4","120.693671","24.171291","3"
"2627","66000","387130000C","(04)23274275","(04)23288582","2026","1","7","14","10","臺中市","西區","0","0","0","7","","","50","","","","","","","","","","","","","","12","","","","","B01","","","1","","1","","","7","7","1","13","4","120.674701","24.132784","4"
"2628","66000","387130000C","(04)23274275","(04)23288582","2026","1","7","14","15","臺中市","大里區","0","0","0","7","2","6","30","3","24","1","5","4","6","6","4","4","10","5","5","2","25","","","","","B12","","","1","","2","","","84","84","1","13","4","120.687294","24.114092","3"
"2629","66000","387130000C","(04)23274275","(04)23288582","2026","1","7","14","17","臺中市","北區","0","0","0","7","","","40","","","","","","","","","","","","","","17","","","","","B11","","","1","","9","","","84","84","1","13","4","120.672779","24.169177","3"
"2630","66000","387130000C","(04)23274275","(04)23288582","2026","1","7","14","31","臺中市","中區","0","1","0","7","2","6","50","4","2","1","5","4","6","6","2","1","5","4","5","2","13","2","8","2","1","C03","7","9","1","10","2","11","","7","7","1","12","4","120.678952","24.139018","2"
"2631","66000","387130000C","(04)23274275","(04)23288582","2026","1","7","14","35","臺中市","北屯區","0","1","0","7","1","6","50","4","2","1","5","4","6","6","1","1","5","4","5","2","18","2","9","1","1","C03","7","9","1","10","2","12","","84","84","1","13","4","120.710992","24.174791","2"
"2632","66000","387130000C","(04)23274275","(04)23288582","2026","1","7","14","36","臺中市","霧峰區","0","1","0","7","2","6","40","4","14","1","5","4","6","6","4","4","5","4","4","1","17","2","9","2","1","C03","7","6","1","10","2","11","","84","84","1","13","4","120.726944","24.059917","2"
"2633","66000","387130000C","(04)23274275","(04)23288582","2026","1","7","14","41","臺中市","神岡區","0","0","0","7","1","6","30","3","1","1","5","","6","6","4","4","10","5","5","2","28","","","","","B12","","","1","","1","","","87","87","1","12","4","120.705192","24.266192","3"
"2634","66000","387130000C","(04)23274275","(04)23288582","2026","1","7","14","42","臺中市","北屯區","0","0","0","7","","","50","","","","","","","","","","","","","","14","","","","","B03","","","1","","2","","","49","49","1","6","4","120.720099","24.180175","3"
"2635","66000","387130000C","(04)23274275","(04)23288582","2026","1","7","14","43","臺中市","西屯區","0","0","0","7","","","50","","","","","","","","","","","","","","","","","","","C03","","","1","","1","","","40","40","1","13","4","120.617857","24.185429","4"
"2636","66000","387130000C","(04)23274275","(04)23288582","2026","1","7","14","46","臺中市","南區","0","2","0","7","2","6","50","3","2","1","5","4","6","6","1","1","9","4","4","2","17","3","10","3","1","B03","7","9","1","8","2","1","","56","56","1","12","4","120.662881","24.12676","2"
"2637","66000","387130000C","(04)23274275","(04)23288582","2026","1","7","14","54","臺中市","太平區","0","1","0","7","3","6","50","3","9","1","5","4","6","6","2","1","5","4","5","1","16","2","9","1","1","C03","7","8","1","10","2","14","","40","40","1","12","4","120.727256","24.134368","2"
"2638","66000","387130000C","(04)23274275","(04)23288582","2026","1","7","14","56","臺中市","北屯區","0","0","0","7","","","50","","","","","","","","","","","","","","","","","","","B03","","","1","","1","","","49","49","1","13","4","120.698372","24.170985","3"
"2639","66000","387130000C","(04)23274275","(04)23288582","2026","1","7","15","0","臺中市","東區","0","1","0","7","2","6","50","4","2","1","5","4","6","6","4","4","10","5","5","2","19","2","9","2","1","C03","7","15","1","10","11","11","","84","84","1","12","4","120.6879","24.145849","2"
"2640","66000","387130000C","(04)23274275","(04)23288582","2026","1","7","15","0","臺中市","西屯區","0","0","0","7","","","50","","","","","","","","","","","","","","","","","","","B03","","","1","","9","","","87","87","1","13","4","120.658006","24.194687","4"
"2641","66000","387130000C","(04)23274275","(04)23288582","2026","1","7","15","1","臺中市","神岡區","0","0","0","7","","","30","","","","","","","","","","","","","","14","","","","","B03","","","3","","2","","","49","49","1","13","4","120.692621","24.247112","3"
"2642","66000","387130000C","(04)23274275","(04)23288582","2026","1","7","15","8","臺中市","沙鹿區","0","1","0","7","3","6","60","3","1","1","5","4","6","6","1","1","10","5","5","2","16","3","10","3","1","B03","7","5","1","8","2","5","","38","38","1","12","4","120.555897","24.212782","2"
"2643","66000","387130000C","(04)23274275","(04)23288582","2026","1","7","15","11","臺中市","龍井區","0","1","0","7","2","6","50","13","9","1","5","4","6","6","2","1","9","5","5","2","13","3","10","2","1","C03","7","9","1","10","2","11","","7","7","1","6","4","120.582297","24.177854","2"
"2644","66000","387130000C","(04)23274275","(04)23288582","2026","1","7","15","12","臺中市","太平區","0","2","0","7","2","6","50","4","2","1","5","4","6","6","1","1","5","2","4","2","17","2","9","2","1","C03","7","9","1","10","2","11","14","58","58","1","12","4","120.712054","24.15589","2"
"2645","66000","387130000C","(04)23274275","(04)23288582","2026","1","7","15","12","臺中市","龍井區","0","1","0","7","2","6","40","13","9","1","5","4","6","6","2","1","3","4","3","2","13","3","10","3","1","B02","7","9","1","4","2","1","","7","7","1","6","4","120.578839","24.188381","2"
"2646","66000","387130000C","(04)23274275","(04)23288582","2026","1","7","15","13","臺中市","西屯區","0","1","0","7","2","6","40","4","1","1","5","4","6","6","2","1","10","5","5","2","16","3","10","5","4","B12","7","5","1","8","2","2","","65","65","1","13","4","120.624245","24.17845","2"
"2647","66000","387130000C","(04)23274275","(04)23288582","2026","1","7","15","18","臺中市","北區","0","1","0","7","2","6","50","4","1","1","5","4","6","6","1","1","2","4","5","2","17","3","10","5","1","B03","7","9","3","19","2","2","","8","8","1","13","4","120.683508","24.148272","2"
"2648","66000","387130000C","(04)23274275","(04)23288582","2026","1","7","15","19","臺中市","南區","0","1","0","7","2","6","50","3","2","1","5","4","6","6","3","1","10","5","5","2","12","2","9","2","1","C03","7","8","1","9","2","14","","40","40","1","12","4","120.677493","24.124152","2"
"2649","66000","387130000C","(04)23274275","(04)23288582","2026","1","7","15","25","臺中市","大肚區","0","0","0","7","","","50","","","","","","","","","","","","","","","","","","","B03","","","1","","2","","","7","7","1","6","4","120.548129","24.142797","3"
"2650","66000","387130000C","(04)23274275","(04)23288582","2026","1","7","15","27","臺中市","北屯區","0","0","0","7","","","50","","","","","","","","","","","","","","13","","","","","B03","","","1","","1","","","7","7","1","12","4","120.692242","24.164941","3"
"2651","66000","387130000C","(04)23274275","(04)23288582","2026","1","7","15","28","臺中市","北屯區","0","0","0","7","","","50","","","","","","","","","","","","","","13","","","","","B03","","","1","","1","","","7","7","1","6","4","120.680444","24.201303","3"
"2652","66000","387130000C","(04)23274275","(04)23288582","2026","1","7","15","29","臺中市","南屯區","0","1","0","7","3","6","50","4","4","1","5","4","6","6","2","1","5","5","5","2","13","3","10","5","4","B12","7","9","1","8","2","8","","59","59","1","6","4","120.649818","24.129501","2"
"2653","66000","387130000C","(04)23274275","(04)23288582","2026","1","7","15","29","臺中市","北屯區","0","1","0","7","3","6","50","13","9","1","5","4","6","6","4","4","9","5","5","2","16","2","9","1","1","C03","7","9","1","10","2","11","","7","7","1","6","4","120.706393","24.183836","2"
"2654","66000","387130000C","(04)23274275","(04)23288582","2026","1","7","15","31","臺中市","北屯區","0","0","0","7","","","50","","","","","","","","","","","","","","","","","","","B03","","","1","","1","","","84","84","1","13","4","120.707513","24.186694","3"
"2655","66000","387130000C","(04)23274275","(04)23288582","2026","1","7","15","34","臺中市","北屯區","0","1","0","7","1","6","50","4","2","1","5","4","6","6","1","1","5","4","4","2","15","2","9","1","1","C03","7","9","1","8","9","11","","21","21","2","13","4","120.680473","24.197879","2"