序號,縣市別代碼,機關代碼,市話,傳真,年,月,日,時,分,縣市,區,死亡數量,受傷數量,2-30,天候,道路照明設備,道路類別,道路速限,道路型態,事故位置,路面鋪裝,路面狀態,路面缺陷,障礙物,視距,號誌種類,號誌動作,分向設施,快車道或一般車道間,快慢車道間,路面邊線,事故類型及型態,受傷程度,主要傷處,保護裝備,行動電話或功能裝置,當事者區分(類別),車輛用途,當事者行動狀態,駕照狀態,駕照種類,飲酒情形,車輛撞擊部位最初,車輛撞擊部位其他,肇事因素個別,肇事因素主要,肇事逃逸,職業,共享經濟或外送平台,GPS座標X,GPS座標Y,事故類別
"2656","66000","387130000C","(04)23274275","(04)23288582","2026","1","7","15","35","臺中市","南屯區","0","0","0","7","","","50","","","","","","","","","","","","","","16","","","","","B03","","","1","","1","","","11","11","1","12","4","120.623141","24.145201","3"
"2657","66000","387130000C","(04)23274275","(04)23288582","2026","1","7","15","43","臺中市","北區","0","1","0","7","2","6","50","3","9","1","5","4","6","6","1","1","5","4","5","2","17","2","9","5","4","C03","7","8","1","10","2","13","","40","40","1","13","4","120.688411","24.151722","2"
"2658","66000","387130000C","(04)23274275","(04)23288582","2026","1","7","15","44","臺中市","西屯區","0","2","0","7","2","6","30","4","1","1","5","4","6","6","4","4","10","5","5","2","16","2","8","2","1","C03","7","9","1","10","2","11","","15","15","1","12","4","120.647486","24.202738","2"
"2659","66000","387130000C","(04)23274275","(04)23288582","2026","1","7","15","44","臺中市","霧峰區","0","1","0","7","2","6","50","3","1","1","5","4","6","6","4","4","10","5","5","2","17","3","10","5","4","B03","7","15","1","8","2","5","","40","40","1","13","4","120.699176","24.06812","2"
"2660","66000","387130000C","(04)23274275","(04)23288582","2026","1","7","15","45","臺中市","西屯區","0","1","0","7","2","6","50","3","1","1","5","4","6","6","4","4","10","5","5","2","12","3","10","3","4","B03","7","5","1","8","2","2","","14","14","1","12","4","120.65094","24.164841","2"
"2661","66000","387130000C","(04)23274275","(04)23288582","2026","1","7","15","52","臺中市","豐原區","0","1","0","7","2","6","50","4","1","1","5","4","6","6","2","1","5","4","4","2","17","3","10","3","1","B03","7","5","1","8","2","5","","84","84","1","12","4","120.725095","24.240602","2"
"2662","66000","387130000C","(04)23274275","(04)23288582","2026","1","7","15","55","臺中市","大里區","0","1","0","7","2","6","50","3","2","1","5","4","6","6","1","1","5","4","4","1","18","2","9","3","1","B12","7","15","1","8","2","1","","84","84","1","12","4","120.719348","24.097766","2"
"2663","66000","387130000C","(04)23274275","(04)23288582","2026","1","7","15","56","臺中市","大里區","0","0","0","7","","","50","","","","","","","","","","","","","","13","","","","","C03","","","1","","1","","","7","7","1","12","4","120.71461","24.094849","3"
"2664","66000","387130000C","(04)23274275","(04)23288582","2026","1","7","15","57","臺中市","西區","0","0","0","7","","","50","","","","","","","","","","","","","","13","","","","","B03","","","1","","2","","","7","7","1","12","4","120.673371","24.147706","3"
"2665","66000","387130000C","(04)23274275","(04)23288582","2026","1","7","15","59","臺中市","太平區","0","0","0","7","","","50","","","","","","","","","","","","","","17","","","","","C03","","","1","","9","","","50","50","2","12","4","120.718991","24.133554","3"
"2666","66000","387130000C","(04)23274275","(04)23288582","2026","1","7","16","0","臺中市","豐原區","0","0","0","7","2","6","50","4","9","1","5","4","6","6","2","1","1","4","5","2","13","3","10","1","1","C03","7","9","1","10","2","1","","7","7","1","12","4","120.704718","24.254968","3"
"2667","66000","387130000C","(04)23274275","(04)23288582","2026","1","7","16","2","臺中市","南屯區","0","1","0","7","3","6","50","13","9","1","5","4","6","6","4","4","5","4","5","2","12","2","9","1","1","C03","7","9","1","10","2","14","","8","8","1","12","4","120.645191","24.134865","2"
"2668","66000","387130000C","(04)23274275","(04)23288582","2026","1","7","16","2","臺中市","豐原區","0","0","0","7","","","50","","","","","","","","","","","","","","","","","","","B03","","","1","","2","","","51","51","1","13","4","120.710749","24.253222","3"
"2669","66000","387130000C","(04)23274275","(04)23288582","2026","1","7","16","5","臺中市","大里區","0","0","0","7","","","50","","","","","","","","","","","","","","17","","","","","C03","","","","","2","","","84","84","1","6","2","120.683791","24.113279","3"
"2670","66000","387130000C","(04)23274275","(04)23288582","2026","1","7","16","5","臺中市","大里區","0","1","0","7","2","6","50","3","2","1","5","4","6","6","1","1","3","4","4","1","13","2","9","2","1","C03","7","9","1","10","2","11","","7","7","1","13","4","120.69481","24.089167","2"
"2671","66000","387130000C","(04)23274275","(04)23288582","2026","1","7","16","6","臺中市","烏日區","0","1","0","7","2","6","50","13","8","1","5","4","6","6","4","4","1","4","4","1","18","2","9","5","4","C03","7","9","1","10","2","14","","83","83","1","12","4","120.619971","24.105699","2"
"2672","66000","387130000C","(04)23274275","(04)23288582","2026","1","7","16","13","臺中市","東區","0","1","0","7","2","6","50","4","1","1","5","4","6","6","1","1","10","5","5","2","18","2","9","1","1","C03","7","9","1","10","2","14","","84","84","1","12","4","120.701252","24.142721","2"
"2673","66000","387130000C","(04)23274275","(04)23288582","2026","1","7","16","16","臺中市","神岡區","0","0","0","7","","","40","","","","","","","","","","","","","","14","","","","","B03","","","1","","1","","","49","49","1","13","4","120.675091","24.251626","3"
"2674","66000","387130000C","(04)23274275","(04)23288582","2026","1","7","16","17","臺中市","潭子區","0","0","0","7","","","60","","","","","","","","","","","","","","","","","","","B03","","","1","","2","","","7","7","1","13","4","120.686746","24.209379","3"
"2675","66000","387130000C","(04)23274275","(04)23288582","2026","1","7","16","17","臺中市","清水區","0","1","0","7","3","6","50","13","9","1","5","4","6","6","2","1","5","5","5","2","17","3","10","3","1","B03","7","9","1","8","2","5","","85","85","1","12","4","120.573965","24.268071","2"
"2676","66000","387130000C","(04)23274275","(04)23288582","2026","1","7","16","19","臺中市","太平區","0","0","0","7","","","30","","","","","","","","","","","","","","","","","","","C03","","","1","","9","","","50","50","2","12","4","120.732994","24.142782","3"
"2677","66000","387130000C","(04)23274275","(04)23288582","2026","1","7","16","20","臺中市","潭子區","0","0","0","7","","","50","","","","","","","","","","","","","","","","","","","C03","","","1","","2","","","7","7","1","13","4","120.705396","24.209626","3"
"2678","66000","387130000C","(04)23274275","(04)23288582","2026","1","7","16","21","臺中市","新社區","0","0","0","7","","","50","","","","","","","","","","","","","","14","","","","","B12","","","1","","2","","","49","49","1","13","4","120.81873","24.225179","3"
"2679","66000","387130000C","(04)23274275","(04)23288582","2026","1","7","16","22","臺中市","西區","0","0","0","7","","","40","","","","","","","","","","","","","","","","","","","B03","","","1","","2","","","8","8","1","6","4","120.655239","24.153264","3"
"2680","66000","387130000C","(04)23274275","(04)23288582","2026","1","7","16","24","臺中市","北區","0","0","0","7","","","50","","","","","","","","","","","","","","","","","","","C03","","","1","","1","","","84","84","1","12","4","120.67488","24.146458","4"
"2681","66000","387130000C","(04)23274275","(04)23288582","2026","1","7","16","24","臺中市","后里區","0","1","0","7","2","6","50","13","9","1","5","4","6","6","4","4","9","5","5","1","17","3","10","3","1","B03","7","1","1","8","2","5","","51","51","1","12","4","120.713373","24.306441","2"
"2682","66000","387130000C","(04)23274275","(04)23288582","2026","1","7","16","29","臺中市","南屯區","0","1","0","7","2","6","50","3","1","1","5","4","6","6","4","4","10","5","5","2","16","3","10","3","1","B03","7","6","1","8","2","5","","14","14","1","12","4","120.621048","24.145346","2"
"2683","66000","387130000C","(04)23274275","(04)23288582","2026","1","7","16","30","臺中市","大雅區","0","0","0","7","","","50","","","","","","","","","","","","","","","","","","","C03","","","1","","2","","","84","84","1","13","4","120.646812","24.225776","3"
"2684","66000","387130000C","(04)23274275","(04)23288582","2026","1","7","16","30","臺中市","南屯區","0","0","0","7","","","50","","","","","","","","","","","","","","","","","","","C03","","","1","","1","","","40","40","1","12","4","120.653398","24.155219","3"
"2685","66000","387130000C","(04)23274275","(04)23288582","2026","1","7","16","30","臺中市","西屯區","0","1","0","7","2","6","50","4","1","1","5","4","6","6","1","1","10","5","5","2","16","3","10","3","1","A11","7","6","1","3","2","2","","11","11","1","12","4","120.617503","24.159699","2"
"2686","66000","387130000C","(04)23274275","(04)23288582","2026","1","7","16","30","臺中市","沙鹿區","0","3","0","7","2","6","50","4","1","1","5","4","6","6","2","1","1","4","5","1","17","2","8","1","1","C03","7","9","1","10","2","11","","21","21","2","12","4","120.562379","24.24022","2"
"2687","66000","387130000C","(04)23274275","(04)23288582","2026","1","7","16","32","臺中市","烏日區","0","0","0","7","2","6","50","13","9","1","5","4","6","6","4","4","5","5","5","2","12","3","10","3","1","B03","7","9","1","8","1","15","","85","85","1","6","4","120.638093","24.107787","3"
"2688","66000","387130000C","(04)23274275","(04)23288582","2026","1","7","16","35","臺中市","東區","0","1","0","7","3","6","1","4","2","1","5","4","6","6","1","1","10","5","5","2","17","2","9","5","4","C03","7","15","1","10","2","11","","84","84","1","12","4","120.711268","24.144465","2"
"2689","66000","387130000C","(04)23274275","(04)23288582","2026","1","7","16","38","臺中市","西屯區","0","2","0","7","3","6","50","4","1","1","5","4","6","6","1","1","10","5","5","2","16","2","9","5","4","C03","7","6","1","8","2","14","","42","42","1","13","4","120.655113","24.176191","2"
"2690","66000","387130000C","(04)23274275","(04)23288582","2026","1","7","16","40","臺中市","梧棲區","0","0","0","7","","","40","","","","","","","","","","","","","","14","","","","","B12","","","1","","1","","","49","49","1","6","4","120.551006","24.244907","3"
"2691","66000","387130000C","(04)23274275","(04)23288582","2026","1","7","16","40","臺中市","沙鹿區","0","1","0","7","2","6","60","3","2","1","5","4","6","6","4","4","1","4","4","1","17","3","10","3","1","B12","7","5","1","8","2","5","","14","14","1","12","4","120.613781","24.244326","2"
"2692","66000","387130000C","(04)23274275","(04)23288582","2026","1","7","16","43","臺中市","西屯區","0","3","0","7","2","6","60","4","1","1","5","4","6","6","2","1","10","5","5","2","17","2","3","5","4","B03","7","6","1","8","2","5","8","25","25","1","13","4","120.627364","24.159493","2"
"2693","66000","387130000C","(04)23274275","(04)23288582","2026","1","7","16","44","臺中市","北屯區","0","0","0","7","","","50","","","","","","","","","","","","","","17","","","","","B12","","","1","","9","","","42","42","1","6","4","120.722476","24.174219","3"
"2694","66000","387130000C","(04)23274275","(04)23288582","2026","1","7","16","50","臺中市","大甲區","0","1","0","7","3","6","50","4","1","1","5","4","6","6","1","1","10","5","5","2","17","2","9","1","1","C03","7","6","1","10","2","11","","7","7","1","6","4","120.619369","24.340624","2"
"2695","66000","387130000C","(04)23274275","(04)23288582","2026","1","7","16","53","臺中市","沙鹿區","0","0","0","7","","","0","","","","","","","","","","","","","","17","","","","","B03","","","1","","1","","","51","51","1","12","4","120.566269","24.200041","3"
"2696","66000","387130000C","(04)23274275","(04)23288582","2026","1","7","16","55","臺中市","北區","0","1","0","7","2","6","50","4","1","1","5","4","6","6","1","1","10","5","5","2","17","3","10","5","4","B03","7","15","1","8","2","7","","47","47","1","13","4","120.681054","24.158101","2"
"2697","66000","387130000C","(04)23274275","(04)23288582","2026","1","7","16","56","臺中市","大甲區","0","1","0","7","2","6","50","13","9","1","5","4","6","6","4","4","5","5","4","1","16","3","10","3","1","B03","7","5","1","8","2","2","","84","84","1","6","4","120.627232","24.345539","2"
"2698","66000","387130000C","(04)23274275","(04)23288582","2026","1","7","16","59","臺中市","西屯區","0","1","0","7","2","6","40","13","8","1","5","4","6","6","4","4","1","4","1","1","17","2","9","5","4","C03","7","9","1","10","2","12","","59","59","1","13","4","120.630356","24.166657","2"
"2699","66000","387130000C","(04)23274275","(04)23288582","2026","1","7","16","59","臺中市","大里區","0","0","0","7","","6","30","","","","","","","","","","","","","","17","","","","","B12","","","1","8","2","","","49","49","1","13","4","120.70042","24.082518","3"
"2700","66000","387130000C","(04)23274275","(04)23288582","2026","1","7","17","1","臺中市","大里區","0","0","0","7","","","50","","","","","","","","","","","","","","15","","","","","C03","","","1","","2","","","21","21","1","13","4","120.678676","24.097936","3"
"2701","66000","387130000C","(04)23274275","(04)23288582","2026","1","7","17","3","臺中市","烏日區","0","0","0","7","","","30","","","","","","","","","","","","","","14","","","","","B03","","","1","","1","","","49","49","1","13","4","120.632204","24.10109","3"
"2702","66000","387130000C","(04)23274275","(04)23288582","2026","1","7","17","5","臺中市","沙鹿區","0","1","0","7","2","6","30","3","1","1","5","4","6","6","4","4","10","5","5","2","16","3","10","3","1","B03","7","6","1","8","2","1","","12","12","1","6","4","120.566162","24.234851","2"
"2703","66000","387130000C","(04)23274275","(04)23288582","2026","1","7","17","14","臺中市","西屯區","0","2","0","7","2","6","30","4","1","1","5","4","6","6","4","4","10","5","5","2","12","2","7","6","1","F01","7","6","7","21","2","11","","48","48","1","12","4","120.664609","24.167651","2"
"2704","66000","387130000C","(04)23274275","(04)23288582","2026","1","7","17","15","臺中市","大雅區","0","1","0","7","3","6","50","13","9","1","5","4","6","6","4","4","4","5","5","1","17","3","10","5","4","B03","7","9","1","8","2","6","","84","84","1","13","4","120.657144","24.224451","2"
"2705","66000","387130000C","(04)23274275","(04)23288582","2026","1","7","17","15","臺中市","豐原區","0","0","0","7","","","30","","","","","","","","","","","","","","17","","","","","B03","","","1","","2","","","85","85","1","12","4","120.725014","24.22157","3"
"2706","66000","387130000C","(04)23274275","(04)23288582","2026","1","7","17","16","臺中市","大雅區","0","1","0","7","1","6","30","13","9","1","5","4","6","6","4","4","10","5","5","2","18","2","9","2","1","C03","7","9","1","10","2","14","","84","84","1","12","4","120.610782","24.2213","2"
"2707","66000","387130000C","(04)23274275","(04)23288582","2026","1","7","17","17","臺中市","北屯區","0","0","0","7","","","50","","","","","","","","","","","","","","13","","","","","C03","","","1","","1","","","7","7","1","12","4","120.703055","24.169627","3"
"2708","66000","387130000C","(04)23274275","(04)23288582","2026","1","7","17","19","臺中市","西區","0","1","0","7","2","6","50","5","1","1","5","4","6","6","1","1","10","5","5","2","18","2","9","2","1","C03","7","9","1","10","2","12","","85","85","1","12","4","120.672554","24.131784","2"
"2709","66000","387130000C","(04)23274275","(04)23288582","2026","1","7","17","20","臺中市","北區","0","2","0","7","2","6","50","4","1","1","5","4","6","6","1","1","5","4","5","2","17","2","9","5","1","C03","7","6","1","10","2","12","","11","11","1","13","4","120.667561","24.153802","2"
"2710","66000","387130000C","(04)23274275","(04)23288582","2026","1","7","17","20","臺中市","大里區","0","1","0","7","1","6","40","13","8","1","5","4","6","6","4","4","9","5","4","2","17","2","8","2","1","C03","7","2","1","10","2","12","","49","49","1","6","4","120.717449","24.094485","2"
"2711","66000","387130000C","(04)23274275","(04)23288582","2026","1","7","17","21","臺中市","南屯區","0","1","0","7","1","6","40","13","9","1","5","4","6","6","4","4","10","5","5","2","17","3","10","5","4","B03","7","15","1","8","2","4","","76","76","1","6","4","120.612043","24.147453","2"
"2712","66000","387130000C","(04)23274275","(04)23288582","2026","1","7","17","22","臺中市","西區","0","2","0","7","1","6","50","4","4","1","5","4","6","6","2","1","8","5","5","2","18","2","9","2","1","C04","7","9","1","11","2","12","","84","84","1","12","4","120.675407","24.141707","2"
"2713","66000","387130000C","(04)23274275","(04)23288582","2026","1","7","17","25","臺中市","大肚區","0","0","0","6","","","30","","","","","","","","","","","","","","16","","","","","B03","","","1","","2","","","85","85","1","6","4","120.577993","24.167673","4"
"2714","66000","387130000C","(04)23274275","(04)23288582","2026","1","7","17","25","臺中市","梧棲區","0","0","0","7","","","50","","","","","","","","","","","","","","17","","","","","C03","","","3","","1","","","48","48","1","12","4","120.529884","24.253836","3"
"2715","66000","387130000C","(04)23274275","(04)23288582","2026","1","7","17","30","臺中市","豐原區","0","1","0","7","1","6","50","5","1","1","5","4","6","6","2","1","5","5","4","2","16","3","10","3","1","B03","7","5","1","8","2","5","","47","47","1","6","4","120.718056","24.251809","2"
"2716","66000","387130000C","(04)23274275","(04)23288582","2026","1","7","17","32","臺中市","潭子區","0","1","0","7","1","6","60","3","2","1","5","4","6","6","2","1","1","4","4","1","13","2","8","2","1","C03","7","9","5","19","2","11","","7","7","1","13","4","120.702414","24.192168","2"
"2717","66000","387130000C","(04)23274275","(04)23288582","2026","1","7","17","33","臺中市","北區","0","0","0","7","","","50","","","","","","","","","","","","","","","","","","","C03","","","1","","1","","","8","8","1","12","4","120.683806","24.149307","3"
"2718","66000","387130000C","(04)23274275","(04)23288582","2026","1","7","17","35","臺中市","中區","0","0","0","7","","","50","","","","","","","","","","","","","","","","","","","B03","","","1","","2","","","49","49","1","6","4","120.682624","24.13958","3"
"2719","66000","387130000C","(04)23274275","(04)23288582","2026","1","7","17","35","臺中市","北屯區","0","0","0","7","","","50","","","","","","","","","","","","","","12","","","","","C03","","","1","","2","","","51","51","1","6","4","120.689087","24.163747","3"
"2720","66000","387130000C","(04)23274275","(04)23288582","2026","1","7","17","35","臺中市","沙鹿區","0","1","0","7","3","6","40","5","2","1","5","4","1","6","2","1","10","5","5","2","16","3","10","3","1","B03","7","5","1","8","2","2","","84","84","1","6","4","120.579417","24.221291","2"
"2721","66000","387130000C","(04)23274275","(04)23288582","2026","1","7","17","36","臺中市","東區","0","1","0","7","2","6","40","13","8","1","5","4","6","6","4","4","5","5","4","2","13","3","10","2","1","C03","7","9","1","10","2","11","","84","84","1","13","4","120.697417","24.138716","2"
"2722","66000","387130000C","(04)23274275","(04)23288582","2026","1","7","17","37","臺中市","北屯區","0","0","0","7","","","50","","","","","","","","","","","","","","12","","","","","B03","","","1","","1","","","59","59","1","12","4","120.67945","24.17151","3"
"2723","66000","387130000C","(04)23274275","(04)23288582","2026","1","7","17","37","臺中市","烏日區","0","1","0","7","1","3","50","10","9","1","5","4","6","6","4","4","10","5","5","1","13","3","10","3","1","B01","7","9","1","8","2","1","","7","7","1","6","4","120.618128","24.119805","2"
"2724","66000","387130000C","(04)23274275","(04)23288582","2026","1","7","17","38","臺中市","西屯區","0","0","0","7","","","50","","","","","","","","","","","","","","13","","","","","B03","","","1","","2","","","55","55","1","12","4","120.644297","24.202113","3"
"2725","66000","387130000C","(04)23274275","(04)23288582","2026","1","7","17","40","臺中市","北屯區","0","0","0","7","","","50","","","","","","","","","","","","","","","","","","","C03","","","1","","1","","","7","7","1","13","4","120.722267","24.185963","4"
"2726","66000","387130000C","(04)23274275","(04)23288582","2026","1","7","17","40","臺中市","北屯區","0","1","0","7","1","6","50","3","2","1","5","4","6","6","1","1","3","4","5","2","12","3","10","3","1","B03","7","5","1","8","2","2","","20","20","1","13","4","120.735876","24.175287","2"
"2727","66000","387130000C","(04)23274275","(04)23288582","2026","1","7","17","41","臺中市","西屯區","0","0","0","7","","","40","","","","","","","","","","","","","","12","","","","","C03","","","1","","2","","","7","7","1","12","2","120.639328","24.179858","3"
"2728","66000","387130000C","(04)23274275","(04)23288582","2026","1","7","17","42","臺中市","清水區","0","1","0","7","1","6","50","4","2","1","5","4","6","6","1","1","8","3","4","1","17","3","10","3","1","B03","7","5","1","8","2","1","","85","85","1","12","4","120.575634","24.278246","2"
"2729","66000","387130000C","(04)23274275","(04)23288582","2026","1","7","17","43","臺中市","梧棲區","0","1","0","7","1","6","50","4","2","1","5","4","6","6","2","1","5","5","4","2","16","3","10","3","1","B03","7","11","1","8","2","7","","45","45","1","12","4","120.535087","24.263165","2"
"2730","66000","387130000C","(04)23274275","(04)23288582","2026","1","7","17","44","臺中市","大甲區","0","0","0","6","","","50","","","","","","","","","","","","","","15","","","","","B03","","","4","","2","","","25","25","1","13","4","120.642693","24.418089","3"
"2731","66000","387130000C","(04)23274275","(04)23288582","2026","1","7","17","46","臺中市","南屯區","0","0","0","7","1","6","50","13","9","1","5","4","6","6","4","4","3","4","5","2","12","","","","","B03","","","1","","9","","","40","40","1","12","4","120.622023","24.150504","3"
"2732","66000","387130000C","(04)23274275","(04)23288582","2026","1","7","17","47","臺中市","西屯區","0","0","0","7","","","50","","","","","","","","","","","","","","17","","","","","B03","","","1","","2","","","8","8","1","13","4","120.663908","24.178106","3"
"2733","66000","387130000C","(04)23274275","(04)23288582","2026","1","7","17","47","臺中市","西屯區","0","2","0","7","1","6","50","13","9","1","5","4","6","6","4","4","1","4","1","1","13","2","9","5","4","C03","7","9","1","10","1","11","","7","7","1","13","4","120.628712","24.161935","2"
"2734","66000","387130000C","(04)23274275","(04)23288582","2026","1","7","17","49","臺中市","龍井區","0","0","0","7","2","6","50","3","2","1","5","4","6","6","4","4","10","5","5","2","13","","","","","C03","","","1","","2","","","7","7","1","6","4","120.581213","24.185016","3"
"2735","66000","387130000C","(04)23274275","(04)23288582","2026","1","7","17","50","臺中市","霧峰區","0","0","0","7","","","40","","","","","","","","","","","","","","11","","","","","","","","","","","","","85","85","2","","","120.686793","24.036423","3"
"2736","66000","387130000C","(04)23274275","(04)23288582","2026","1","7","17","56","臺中市","大肚區","0","0","0","7","1","6","50","13","14","1","5","4","6","6","4","4","8","4","5","1","17","","","","","B03","","","1","","2","","","8","8","2","6","4","120.544698","24.150952","3"
"2737","66000","387130000C","(04)23274275","(04)23288582","2026","1","7","17","58","臺中市","西屯區","0","0","0","7","","","50","","","","","","","","","","","","","","12","","","","","B03","","","1","","1","","","8","8","1","12","4","120.641856","24.169813","3"
"2738","66000","387130000C","(04)23274275","(04)23288582","2026","1","7","17","58","臺中市","西屯區","0","1","0","7","1","6","50","4","1","1","5","4","6","6","2","1","10","5","5","2","16","2","9","1","1","C03","7","6","1","10","2","11","","84","84","1","12","4","120.593033","24.183126","2"
"2739","66000","387130000C","(04)23274275","(04)23288582","2026","1","7","18","0","臺中市","南屯區","0","2","0","7","1","6","50","3","1","1","5","4","6","6","4","4","5","4","5","2","17","2","8","2","1","C03","7","9","1","10","2","11","","7","7","1","12","4","120.628841","24.153096","2"
"2740","66000","387130000C","(04)23274275","(04)23288582","2026","1","7","18","0","臺中市","南屯區","0","0","0","7","","","50","","","","","","","","","","","","","","17","","","","","C03","","","1","","9","","","51","51","2","12","2","120.649858","24.142419","3"
"2741","66000","387130000C","(04)23274275","(04)23288582","2026","1","7","18","0","臺中市","豐原區","0","0","0","7","2","6","50","4","9","1","5","4","6","6","4","4","8","5","5","2","11","3","10","3","1","B03","7","6","1","8","2","8","","7","7","1","12","4","120.718856","24.250565","4"
"2742","66000","387130000C","(04)23274275","(04)23288582","2026","1","7","18","1","臺中市","大雅區","0","2","0","7","3","6","50","4","2","1","5","4","6","6","4","4","5","5","5","1","11","2","9","1","1","C03","7","9","1","10","2","14","","34","34","1","12","4","120.647332","24.225796","2"
"2743","66000","387130000C","(04)23274275","(04)23288582","2026","1","7","18","5","臺中市","南屯區","0","0","0","7","","","50","","","","","","","","","","","","","","","","","","","B03","","","1","","1","","","59","59","1","13","4","120.643289","24.150617","3"
"2744","66000","387130000C","(04)23274275","(04)23288582","2026","1","7","18","5","臺中市","沙鹿區","0","0","0","6","","","50","","","","","","","","","","","","","","35","","","","","C03","","","1","","2","","","87","87","1","12","4","120.566618","24.22991","4"
"2745","66000","387130000C","(04)23274275","(04)23288582","2026","1","7","18","7","臺中市","東區","0","0","0","7","","","50","","","","","","","","","","","","","","13","","","","","B03","","","1","","1","","","7","7","1","12","4","120.709122","24.144469","3"
"2746","66000","387130000C","(04)23274275","(04)23288582","2026","1","7","18","7","臺中市","西屯區","0","0","0","7","","","50","","","","","","","","","","","","","","12","","","","","B03","","","1","","9","","","40","40","1","13","4","120.655099","24.200503","3"
"2747","66000","387130000C","(04)23274275","(04)23288582","2026","1","7","18","8","臺中市","西區","0","2","0","7","1","6","40","3","1","1","5","4","6","6","4","4","1","4","1","2","17","3","10","3","1","B03","7","7","1","8","2","5","","84","84","1","12","4","120.661552","24.155812","2"
"2748","66000","387130000C","(04)23274275","(04)23288582","2026","1","7","18","8","臺中市","西區","0","2","0","7","1","6","50","3","2","1","5","4","6","6","4","4","5","4","5","2","3","2","9","6","5","H01","8","16","7","21","10","17","","95","95","1","13","5","120.669429","24.146687","2"
"2749","66000","387130000C","(04)23274275","(04)23288582","2026","1","7","18","9","臺中市","北區","0","0","0","7","","","50","","","","","","","","","","","","","","17","","","","","B03","","","1","","2","","","84","84","1","13","4","120.669277","24.172518","3"
"2750","66000","387130000C","(04)23274275","(04)23288582","2026","1","7","18","11","臺中市","北屯區","0","0","0","7","","","50","","","","","","","","","","","","","","13","","","","","B03","","","1","","1","","","84","84","1","6","4","120.710258","24.186888","3"
"2751","66000","387130000C","(04)23274275","(04)23288582","2026","1","7","18","13","臺中市","豐原區","0","0","0","7","","","50","","","","","","","","","","","","","","","","","","","C03","","","1","","2","","","7","7","1","13","4","120.726906","24.245174","3"
"2752","66000","387130000C","(04)23274275","(04)23288582","2026","1","7","18","14","臺中市","北屯區","0","0","0","7","","","50","","","","","","","","","","","","","","13","","","","","C03","","","1","","1","","","59","59","1","6","4","120.69307","24.171376","3"
"2753","66000","387130000C","(04)23274275","(04)23288582","2026","1","7","18","15","臺中市","西屯區","0","0","0","7","","","50","","","","","","","","","","","","","","13","","","","","C03","","","1","","1","","","7","7","1","13","4","120.58855","24.172697","3"
"2754","66000","387130000C","(04)23274275","(04)23288582","2026","1","7","18","16","臺中市","西屯區","0","0","0","7","","","50","","","","","","","","","","","","","","13","","","","","B03","","","1","","1","","","59","59","1","13","4","120.646525","24.164752","3"
"2755","66000","387130000C","(04)23274275","(04)23288582","2026","1","7","18","17","臺中市","西屯區","0","0","0","7","","","40","","","","","","","","","","","","","","13","","","","","C03","","","1","","2","","","7","7","1","12","4","120.6344","24.168576","3"
"2756","66000","387130000C","(04)23274275","(04)23288582","2026","1","7","18","18","臺中市","北區","0","1","0","7","2","6","50","3","1","1","5","4","6","6","4","4","5","5","5","2","17","3","10","5","1","B03","7","9","1","8","1","1","","84","84","1","13","4","120.683245","24.152066","2"
"2757","66000","387130000C","(04)23274275","(04)23288582","2026","1","7","18","18","臺中市","西屯區","0","0","0","7","","","50","","","","","","","","","","","","","","13","","","","","B03","","","1","","2","","","59","59","1","12","4","120.659713","24.165012","3"
"2758","66000","387130000C","(04)23274275","(04)23288582","2026","1","7","18","20","臺中市","大雅區","0","0","0","7","","","50","","","","","","","","","","","","","","","","","","","C03","","","1","","2","","","7","7","1","13","4","120.654429","24.224493","3"
"2759","66000","387130000C","(04)23274275","(04)23288582","2026","1","7","18","21","臺中市","中區","0","1","0","7","1","6","50","4","2","1","5","4","6","6","2","1","8","3","5","2","12","3","10","3","1","B03","7","7","1","8","2","2","","40","40","1","12","4","120.684322","24.142197","2"
"2760","66000","387130000C","(04)23274275","(04)23288582","2026","1","7","18","21","臺中市","霧峰區","0","0","0","7","","","30","","","","","","","","","","","","","","14","","","","","B03","","","1","","2","","","50","50","1","12","4","120.69435","24.0443","3"
"2761","66000","387130000C","(04)23274275","(04)23288582","2026","1","7","18","23","臺中市","西區","0","0","0","7","","","50","","","","","","","","","","","","","","","","","","","B03","","","1","","2","","","7","7","1","6","4","120.669357","24.138794","3"
"2762","66000","387130000C","(04)23274275","(04)23288582","2026","1","7","18","23","臺中市","西屯區","0","0","0","7","","","50","","","","","","","","","","","","","","13","","","","","B03","","","1","","1","","","59","59","1","13","4","120.649122","24.171145","3"
"2763","66000","387130000C","(04)23274275","(04)23288582","2026","1","7","18","26","臺中市","南區","0","2","0","7","1","6","50","3","1","1","5","4","6","6","4","4","10","5","5","2","17","2","9","1","1","C03","7","6","1","10","2","12","","14","14","1","12","4","120.659507","24.124597","2"
"2764","66000","387130000C","(04)23274275","(04)23288582","2026","1","7","18","27","臺中市","東區","0","0","0","7","","","50","","","","","","","","","","","","","","13","","","","","B03","","","1","","1","","","7","7","1","12","4","120.700633","24.142715","3"
"2765","66000","387130000C","(04)23274275","(04)23288582","2026","1","7","18","30","臺中市","外埔區","0","0","0","7","2","6","","13","9","1","5","4","6","6","4","4","10","5","5","2","17","","","","","","","","","","","","","59","59","2","","","120.645763","24.34156","3"
"2766","66000","387130000C","(04)23274275","(04)23288582","2026","1","7","18","32","臺中市","北區","0","2","0","7","1","6","40","4","4","1","5","4","6","6","1","1","1","2","5","2","13","2","9","5","4","C03","7","9","1","10","2","14","","84","84","1","13","4","120.687396","24.155533","2"