序號,縣市別代碼,機關代碼,市話,傳真,年,月,日,時,分,縣市,區,死亡數量,受傷數量,2-30,天候,道路照明設備,道路類別,道路速限,道路型態,事故位置,路面鋪裝,路面狀態,路面缺陷,障礙物,視距,號誌種類,號誌動作,分向設施,快車道或一般車道間,快慢車道間,路面邊線,事故類型及型態,受傷程度,主要傷處,保護裝備,行動電話或功能裝置,當事者區分(類別),車輛用途,當事者行動狀態,駕照狀態,駕照種類,飲酒情形,車輛撞擊部位最初,車輛撞擊部位其他,肇事因素個別,肇事因素主要,肇事逃逸,職業,共享經濟或外送平台,GPS座標X,GPS座標Y,事故類別
"2767","66000","387130000C","(04)23274275","(04)23288582","2026","1","7","18","34","臺中市","南屯區","0","1","0","7","1","6","50","13","9","1","5","4","6","6","4","4","5","4","5","2","12","2","7","1","1","C03","7","9","3","19","2","14","","7","7","1","12","4","120.622888","24.140467","2"
"2768","66000","387130000C","(04)23274275","(04)23288582","2026","1","7","18","35","臺中市","南區","0","0","0","7","","","50","","","","","","","","","","","","","","13","","","","","B03","","","1","","2","","","7","7","1","13","4","120.656309","24.119622","3"
"2769","66000","387130000C","(04)23274275","(04)23288582","2026","1","7","18","36","臺中市","南屯區","0","2","0","7","1","6","40","4","1","1","5","4","6","6","3","1","10","5","5","2","15","2","9","2","4","C03","7","9","1","10","2","11","","24","24","1","6","4","120.640306","24.140965","2"
"2770","66000","387130000C","(04)23274275","(04)23288582","2026","1","7","18","37","臺中市","大里區","0","0","0","7","","","40","","","","","","","","","","","","","","","","","","","B03","","","1","","2","","","49","49","1","13","4","120.704094","24.095073","3"
"2771","66000","387130000C","(04)23274275","(04)23288582","2026","1","7","18","37","臺中市","烏日區","0","0","0","7","","","50","","","","","","","","","","","","","","","","","","","B12","","","1","","2","","","40","40","1","13","4","120.610833","24.11391","3"
"2772","66000","387130000C","(04)23274275","(04)23288582","2026","1","7","18","38","臺中市","北屯區","0","0","0","7","","3","80","","","","","","","","","","","","","","","","","","","B03","","","1","","1","","","84","84","1","13","4","120.720576","24.166212","4"
"2773","66000","387130000C","(04)23274275","(04)23288582","2026","1","7","18","38","臺中市","太平區","0","1","0","7","1","6","50","13","9","1","5","4","6","6","4","4","9","5","5","2","12","3","10","3","1","B03","7","1","1","8","2","4","","51","51","1","12","4","120.720431","24.127825","2"
"2774","66000","387130000C","(04)23274275","(04)23288582","2026","1","7","18","39","臺中市","西屯區","0","1","0","7","1","6","50","3","1","1","5","4","6","6","2","1","10","5","5","2","17","3","10","5","4","B03","7","11","1","8","1","5","","26","26","1","13","4","120.638409","24.167721","2"
"2775","66000","387130000C","(04)23274275","(04)23288582","2026","1","7","18","40","臺中市","南屯區","0","0","0","7","","","50","","","","","","","","","","","","","","","","","","","B03","","","1","","2","","","51","51","1","12","4","120.644696","24.140082","3"
"2776","66000","387130000C","(04)23274275","(04)23288582","2026","1","7","18","40","臺中市","北屯區","0","0","0","7","","","50","","","","","","","","","","","","","","13","","","","","C03","","","1","","1","","","7","7","1","12","4","120.669835","24.177452","3"
"2777","66000","387130000C","(04)23274275","(04)23288582","2026","1","7","18","40","臺中市","大里區","0","1","0","7","1","6","50","4","2","1","5","4","6","6","1","1","10","5","5","2","17","3","10","3","1","B03","7","6","1","8","2","16","","85","85","1","12","4","120.681263","24.112897","2"
"2778","66000","387130000C","(04)23274275","(04)23288582","2026","1","7","18","42","臺中市","烏日區","0","0","0","7","1","6","50","3","1","1","5","4","6","6","1","1","1","4","5","2","12","3","10","3","1","B03","7","6","1","8","1","5","","84","84","1","6","4","120.616844","24.116186","3"
"2779","66000","387130000C","(04)23274275","(04)23288582","2026","1","7","18","43","臺中市","北屯區","0","1","0","7","1","6","50","3","2","1","5","4","6","6","1","1","5","4","4","2","13","3","10","3","1","B03","7","9","1","8","2","1","","84","84","1","13","4","120.696809","24.174249","2"
"2780","66000","387130000C","(04)23274275","(04)23288582","2026","1","7","18","45","臺中市","西屯區","0","0","0","7","","","","","","","","","","","","","","","","","17","","","","","","","","","","","","","119","119","1","","","120.619082","24.181271","3"
"2781","66000","387130000C","(04)23274275","(04)23288582","2026","1","7","18","47","臺中市","北屯區","0","2","0","7","1","6","50","13","8","1","5","4","6","6","4","4","1","4","4","2","13","2","9","2","1","C03","7","9","1","10","2","11","","84","84","1","6","4","120.660466","24.191977","2"
"2782","66000","387130000C","(04)23274275","(04)23288582","2026","1","7","18","47","臺中市","北屯區","0","0","0","7","","","50","","","","","","","","","","","","","","17","","","","","B12","","","1","","2","","","85","85","1","12","4","120.726147","24.165316","3"
"2783","66000","387130000C","(04)23274275","(04)23288582","2026","1","7","18","48","臺中市","西區","0","1","0","7","1","6","50","4","1","1","5","4","6","6","1","1","7","5","5","2","12","3","10","3","1","B03","7","1","1","8","2","7","","51","51","1","13","4","120.671904","24.151465","2"
"2784","66000","387130000C","(04)23274275","(04)23288582","2026","1","7","18","50","臺中市","北區","0","1","0","7","1","6","50","5","1","1","5","4","6","6","2","1","1","4","5","2","17","3","10","3","1","B03","7","15","1","8","2","2","","26","26","1","12","4","120.686131","24.154639","2"
"2785","66000","387130000C","(04)23274275","(04)23288582","2026","1","7","18","51","臺中市","南區","0","0","0","7","","","50","","","","","","","","","","","","","","17","","","","","B03","","","1","","1","","","87","87","1","12","4","120.654608","24.121206","3"
"2786","66000","387130000C","(04)23274275","(04)23288582","2026","1","7","18","56","臺中市","大雅區","0","2","0","7","1","6","30","4","1","1","5","4","6","6","4","4","10","5","5","2","17","2","8","2","1","C03","7","9","1","10","2","12","","20","20","1","12","4","120.62629","24.20974","2"
"2787","66000","387130000C","(04)23274275","(04)23288582","2026","1","7","18","56","臺中市","北屯區","0","0","0","7","","","50","","","","","","","","","","","","","","13","","","","","B03","","","1","","1","","","59","59","1","6","4","120.668122","24.178521","3"
"2788","66000","387130000C","(04)23274275","(04)23288582","2026","1","7","18","57","臺中市","沙鹿區","0","1","0","7","1","6","50","13","7","1","5","4","6","6","4","4","1","4","4","2","13","2","8","2","1","C03","7","9","1","10","2","11","","7","7","1","6","4","120.567808","24.22696","2"
"2789","66000","387130000C","(04)23274275","(04)23288582","2026","1","7","18","58","臺中市","南屯區","0","1","0","7","1","6","50","13","8","1","5","4","6","6","4","4","5","4","4","2","13","3","10","3","1","B03","7","7","1","8","2","3","","40","40","1","12","4","120.634943","24.15285","2"
"2790","66000","387130000C","(04)23274275","(04)23288582","2026","1","7","19","6","臺中市","霧峰區","0","0","0","7","","","50","","","","","","","","","","","","","","17","","","","","B03","","","1","8","1","","","84","84","1","13","4","120.698948","24.066971","3"
"2791","66000","387130000C","(04)23274275","(04)23288582","2026","1","7","19","17","臺中市","清水區","0","0","0","7","","","60","","","","","","","","","","","","","","","","","","","B03","","","1","","5","","","14","14","1","12","4","120.548249","24.278577","3"
"2792","66000","387130000C","(04)23274275","(04)23288582","2026","1","7","19","18","臺中市","北屯區","0","0","0","7","","","","","","","","","","","","","","","","","","","","","","","","","","","","","","119","119","1","","","120.681252","24.171186","3"
"2793","66000","387130000C","(04)23274275","(04)23288582","2026","1","7","19","18","臺中市","霧峰區","0","0","0","7","","","60","","","","","","","","","","","","","","23","","","","","B03","","","1","","1","","","59","59","1","13","4","120.664505","24.083078","3"
"2794","66000","387130000C","(04)23274275","(04)23288582","2026","1","7","19","20","臺中市","太平區","0","1","0","7","1","6","50","13","7","1","5","4","6","6","4","4","5","5","5","1","12","2","9","1","1","C03","7","1","1","10","2","14","","51","51","1","12","4","120.720142","24.157139","2"
"2795","66000","387130000C","(04)23274275","(04)23288582","2026","1","7","19","21","臺中市","西區","0","1","0","7","1","6","50","5","1","1","5","4","6","6","2","1","1","3","5","2","12","3","10","3","1","B03","7","7","1","8","2","2","","26","26","1","12","4","120.669798","24.150561","2"
"2796","66000","387130000C","(04)23274275","(04)23288582","2026","1","7","19","25","臺中市","大雅區","0","0","0","7","","","50","","","","","","","","","","","","","","","","","","","C03","","","3","","9","","","7","7","2","12","4","120.647307","24.226408","3"
"2797","66000","387130000C","(04)23274275","(04)23288582","2026","1","7","19","25","臺中市","南區","0","1","0","7","1","6","50","13","8","1","5","4","6","6","4","4","7","5","4","2","17","3","10","3","1","B03","7","2","1","8","2","3","","49","49","1","12","4","120.656165","24.123649","2"
"2798","66000","387130000C","(04)23274275","(04)23288582","2026","1","7","19","26","臺中市","太平區","0","3","0","7","1","3","80","13","9","1","5","4","6","6","4","4","1","3","5","1","13","3","10","3","1","B13","7","9","1","8","2","1","","84","84","1","12","4","120.714097","24.14843","2"
"2799","66000","387130000C","(04)23274275","(04)23288582","2026","1","7","19","29","臺中市","北屯區","0","0","0","7","","","50","","","","","","","","","","","","","","13","","","","","B03","","","1","","2","","","59","59","1","6","4","120.684559","24.172007","3"
"2800","66000","387130000C","(04)23274275","(04)23288582","2026","1","7","19","31","臺中市","南區","0","0","0","7","","","40","","","","","","","","","","","","","","13","","","","","C03","","","1","","1","","","84","84","1","12","4","120.653655","24.113751","3"
"2801","66000","387130000C","(04)23274275","(04)23288582","2026","1","7","19","40","臺中市","北區","0","0","0","7","","","50","","","","","","","","","","","","","","17","","","","","B03","","","6","","1","","","85","85","1","13","4","120.690664","24.157147","4"
"2802","66000","387130000C","(04)23274275","(04)23288582","2026","1","7","19","41","臺中市","南屯區","0","0","0","7","1","6","50","13","9","1","5","4","6","6","4","4","5","5","5","2","13","","","","","B03","","","1","","1","","","59","59","1","12","4","120.652896","24.134035","3"
"2803","66000","387130000C","(04)23274275","(04)23288582","2026","1","7","19","41","臺中市","霧峰區","0","1","0","7","1","6","50","4","1","1","5","4","6","6","1","1","10","5","5","2","17","3","10","1","1","C03","7","5","1","10","2","12","","47","47","1","12","4","120.698291","24.062041","2"
"2804","66000","387130000C","(04)23274275","(04)23288582","2026","1","7","19","43","臺中市","沙鹿區","0","0","0","7","","","30","","","","","","","","","","","","","","14","","","","","B03","","","1","","9","","","49","49","1","12","4","120.567956","24.249895","3"
"2805","66000","387130000C","(04)23274275","(04)23288582","2026","1","7","19","44","臺中市","西屯區","0","1","0","7","1","6","50","3","1","1","5","4","6","6","2","1","10","5","5","2","12","3","10","2","4","C03","7","9","1","10","2","13","","7","7","1","12","2","120.643317","24.170409","2"
"2806","66000","387130000C","(04)23274275","(04)23288582","2026","1","7","19","45","臺中市","北屯區","0","1","0","7","1","6","50","13","9","1","5","4","6","6","4","4","10","5","5","2","17","2","9","1","1","C03","7","9","1","10","2","11","","84","84","1","12","4","120.703906","24.171768","2"
"2807","66000","387130000C","(04)23274275","(04)23288582","2026","1","7","19","49","臺中市","豐原區","0","1","0","7","1","6","50","4","19","1","5","4","6","6","2","1","5","5","5","2","9","3","10","1","1","C03","7","6","1","10","2","11","","10","10","1","12","4","120.720473","24.249342","2"
"2808","66000","387130000C","(04)23274275","(04)23288582","2026","1","7","19","50","臺中市","北區","0","0","0","7","","","50","","","","","","","","","","","","","","17","","","","","B03","","","1","","1","","","59","59","1","13","4","120.683255","24.157317","3"
"2809","66000","387130000C","(04)23274275","(04)23288582","2026","1","7","19","51","臺中市","太平區","0","1","0","7","1","6","50","4","1","1","5","4","6","6","4","4","5","5","5","2","15","2","9","1","1","C03","7","9","1","10","2","11","","15","15","1","12","4","120.721129","24.116524","2"
"2810","66000","387130000C","(04)23274275","(04)23288582","2026","1","7","19","53","臺中市","北屯區","0","2","0","7","1","6","50","13","9","1","5","4","6","6","4","4","5","4","5","2","13","2","9","1","1","C03","7","9","1","10","2","11","","7","7","1","12","4","120.73498","24.177173","2"
"2811","66000","387130000C","(04)23274275","(04)23288582","2026","1","7","19","53","臺中市","大里區","0","2","0","7","1","6","50","13","7","1","5","4","6","6","4","4","5","5","4","1","13","2","9","2","1","C03","7","9","1","10","2","11","14","7","7","1","12","4","120.703092","24.089834","2"
"2812","66000","387130000C","(04)23274275","(04)23288582","2026","1","7","19","56","臺中市","霧峰區","0","1","0","7","1","6","50","4","1","1","5","4","6","6","1","1","10","5","5","2","16","3","10","3","1","B03","7","6","1","8","2","1","","11","11","1","12","4","120.684388","24.051018","2"
"2813","66000","387130000C","(04)23274275","(04)23288582","2026","1","7","19","59","臺中市","東區","0","0","0","7","","","30","","","","","","","","","","","","","","25","","","","","B02","","","1","","2","","","84","84","1","13","4","120.705054","24.13999","3"
"2814","66000","387130000C","(04)23274275","(04)23288582","2026","1","7","20","1","臺中市","龍井區","0","0","0","7","1","6","50","3","1","1","5","4","6","6","4","4","5","5","5","2","16","","","","","C03","","","5","","2","","","4","4","1","6","4","120.588661","24.180727","3"
"2815","66000","387130000C","(04)23274275","(04)23288582","2026","1","7","20","2","臺中市","北區","0","1","0","7","1","6","30","4","1","1","5","4","6","6","1","1","10","5","5","2","16","2","9","5","4","C03","7","6","1","10","2","14","","48","48","1","13","4","120.67799","24.165699","2"
"2816","66000","387130000C","(04)23274275","(04)23288582","2026","1","7","20","5","臺中市","東勢區","0","1","0","7","1","6","40","11","9","1","5","4","6","6","4","4","9","5","5","1","18","2","7","5","4","C03","7","9","2","19","2","12","","84","84","1","12","4","120.854742","24.235856","2"
"2817","66000","387130000C","(04)23274275","(04)23288582","2026","1","7","20","9","臺中市","豐原區","0","0","0","7","","","30","","","","","","","","","","","","","","","","","","","C03","","","1","","2","","","24","24","1","13","4","120.713187","24.255209","3"
"2818","66000","387130000C","(04)23274275","(04)23288582","2026","1","7","20","15","臺中市","西屯區","0","3","0","7","1","3","80","13","9","1","5","4","6","6","4","4","1","4","4","2","13","2","9","5","4","A12","7","9","1","8","2","1","","59","59","1","13","4","120.651773","24.19768","2"
"2819","66000","387130000C","(04)23274275","(04)23288582","2026","1","7","20","22","臺中市","大雅區","0","1","0","7","1","6","30","5","1","1","5","4","6","6","4","4","10","5","5","2","17","2","8","2","1","C03","7","15","1","10","2","13","","20","20","1","12","4","120.646824","24.231149","2"
"2820","66000","387130000C","(04)23274275","(04)23288582","2026","1","7","20","31","臺中市","烏日區","0","1","0","7","1","6","50","3","1","1","5","4","6","6","1","1","1","4","4","2","12","2","8","1","1","C03","7","6","1","10","2","14","","48","48","1","6","4","120.626055","24.108802","2"
"2821","66000","387130000C","(04)23274275","(04)23288582","2026","1","7","20","31","臺中市","烏日區","0","2","0","7","1","6","40","3","8","1","5","4","6","6","1","1","1","4","1","2","13","2","8","1","1","C03","7","9","1","10","2","14","","7","7","1","6","4","120.612377","24.102917","2"
"2822","66000","387130000C","(04)23274275","(04)23288582","2026","1","7","20","34","臺中市","西區","0","1","0","7","1","6","40","4","1","1","5","4","6","6","2","1","1","4","1","2","12","3","10","3","1","B03","7","5","1","8","2","5","","47","47","1","13","4","120.666615","24.153063","2"
"2823","66000","387130000C","(04)23274275","(04)23288582","2026","1","7","20","38","臺中市","西屯區","0","0","0","7","","","50","","","","","","","","","","","","","","17","","","","","B01","","","1","","2","","","51","51","1","13","4","120.639895","24.161876","3"
"2824","66000","387130000C","(04)23274275","(04)23288582","2026","1","7","20","39","臺中市","西屯區","0","0","0","7","","","50","","","","","","","","","","","","","","17","","","","","B02","","","1","","1","","","45","45","1","13","4","120.646823","24.175054","3"
"2825","66000","387130000C","(04)23274275","(04)23288582","2026","1","7","20","43","臺中市","北屯區","0","0","0","7","","","50","","","","","","","","","","","","","","13","","","","","B03","","","1","","1","","","59","59","1","6","4","120.699208","24.175883","3"
"2826","66000","387130000C","(04)23274275","(04)23288582","2026","1","7","20","50","臺中市","大雅區","0","0","0","7","","","70","","","","","","","","","","","","","","","","","","","B03","","","1","","1","","","7","7","1","13","4","120.642273","24.229109","3"
"2827","66000","387130000C","(04)23274275","(04)23288582","2026","1","7","20","52","臺中市","北區","0","1","0","7","1","6","50","4","1","1","5","4","6","6","1","1","5","4","5","2","17","2","8","1","1","C03","7","15","1","4","2","12","","84","84","1","12","4","120.682374","24.153977","2"
"2828","66000","387130000C","(04)23274275","(04)23288582","2026","1","7","20","52","臺中市","南區","0","1","0","7","1","6","50","4","1","1","5","4","6","6","2","1","10","5","5","2","12","2","9","2","1","C03","7","5","1","10","2","11","14","42","42","1","12","4","120.679171","24.126939","2"
"2829","66000","387130000C","(04)23274275","(04)23288582","2026","1","7","20","52","臺中市","西屯區","0","1","0","7","1","6","50","4","9","1","5","4","6","6","4","4","5","4","5","2","17","3","10","3","1","B03","7","2","1","8","2","4","","49","49","1","12","4","120.604083","24.18655","2"
"2830","66000","387130000C","(04)23274275","(04)23288582","2026","1","7","21","6","臺中市","西屯區","0","0","0","7","","","0","","","","","","","","","","","","","","14","","","","","B03","","","1","","1","","","49","49","1","12","4","120.636993","24.183183","3"
"2831","66000","387130000C","(04)23274275","(04)23288582","2026","1","7","21","7","臺中市","北屯區","0","1","0","7","1","6","50","4","2","1","5","4","6","6","1","1","3","4","4","2","18","2","9","1","1","C03","7","9","1","10","2","12","","84","84","1","13","4","120.686343","24.185534","2"
"2832","66000","387130000C","(04)23274275","(04)23288582","2026","1","7","21","7","臺中市","西屯區","0","1","0","7","1","6","50","13","8","1","5","4","6","6","4","4","1","4","4","2","17","3","10","5","4","B03","7","5","1","8","2","16","","47","47","1","13","4","120.642314","24.164427","2"
"2833","66000","387130000C","(04)23274275","(04)23288582","2026","1","7","21","9","臺中市","南區","0","2","0","7","1","6","50","4","1","1","5","4","6","6","1","1","10","5","5","2","13","2","9","1","1","C03","7","9","1","10","2","11","","7","7","1","12","4","120.663368","24.121688","2"
"2834","66000","387130000C","(04)23274275","(04)23288582","2026","1","7","21","9","臺中市","南區","0","2","0","7","1","6","50","3","1","1","5","4","6","6","4","4","10","5","5","2","16","2","9","5","4","F03","7","6","7","21","2","15","","14","14","1","12","4","120.659453","24.126184","2"
"2835","66000","387130000C","(04)23274275","(04)23288582","2026","1","7","21","10","臺中市","西屯區","0","0","0","7","","","30","","","","","","","","","","","","","","14","","","","","B03","","","1","","1","","","50","50","1","13","4","120.614332","24.174","3"
"2836","66000","387130000C","(04)23274275","(04)23288582","2026","1","7","21","21","臺中市","南屯區","0","1","0","7","1","6","50","13","9","1","5","4","6","6","4","4","5","5","5","1","18","2","9","1","1","C03","7","9","1","10","2","12","","59","59","1","12","4","120.581061","24.143679","2"
"2837","66000","387130000C","(04)23274275","(04)23288582","2026","1","7","21","23","臺中市","大里區","0","1","0","7","1","6","60","13","12","1","5","4","6","6","4","4","1","4","4","1","17","3","10","3","1","B03","7","1","1","8","2","7","","51","51","1","6","4","120.684088","24.103599","2"
"2838","66000","387130000C","(04)23274275","(04)23288582","2026","1","7","21","24","臺中市","大里區","0","0","0","7","","","50","","","","","","","","","","","","","","12","","","","","B03","","","1","","1","","","84","84","1","12","4","120.698424","24.089672","3"
"2839","66000","387130000C","(04)23274275","(04)23288582","2026","1","7","21","31","臺中市","太平區","0","0","0","7","","","30","","","","","","","","","","","","","","","","","","","B03","","","1","","10","","","8","8","1","12","4","120.701394","24.148737","3"
"2840","66000","387130000C","(04)23274275","(04)23288582","2026","1","7","21","39","臺中市","西屯區","0","0","0","7","","","40","","","","","","","","","","","","","","14","","","","","B03","","","1","","2","","","49","49","1","12","4","120.621441","24.185643","3"
"2841","66000","387130000C","(04)23274275","(04)23288582","2026","1","7","21","50","臺中市","烏日區","0","0","0","7","","","50","","","","","","","","","","","","","","12","","","","","A11","","","1","","2","","","8","8","1","6","4","120.610609","24.113735","3"
"2842","66000","387130000C","(04)23274275","(04)23288582","2026","1","7","21","54","臺中市","東區","0","0","0","7","","","50","","","","","","","","","","","","","","13","","","","","B03","","","1","","1","","","84","84","1","13","4","120.708708","24.135523","3"
"2843","66000","387130000C","(04)23274275","(04)23288582","2026","1","7","22","0","臺中市","南屯區","0","0","0","7","1","6","40","13","8","1","5","4","6","6","4","4","1","4","4","2","13","","","","","C03","","","1","","1","","","7","7","1","6","4","120.641226","24.151145","3"
"2844","66000","387130000C","(04)23274275","(04)23288582","2026","1","7","22","0","臺中市","北屯區","0","1","0","7","1","6","40","13","8","1","5","4","6","6","2","1","3","4","4","2","18","2","9","1","1","C03","7","9","1","10","2","12","","82","82","1","12","4","120.66491","24.184055","2"
"2845","66000","387130000C","(04)23274275","(04)23288582","2026","1","7","22","11","臺中市","南屯區","0","0","0","7","","","50","","","","","","","","","","","","","","14","","","","","B12","","","1","","2","","","49","49","1","12","4","120.628518","24.115797","3"
"2846","66000","387130000C","(04)23274275","(04)23288582","2026","1","7","22","14","臺中市","霧峰區","0","1","0","7","1","6","30","13","9","1","5","2","1","6","4","4","10","5","5","2","18","2","9","5","4","C03","7","9","1","10","2","14","","84","84","1","13","4","120.713505","24.075716","2"
"2847","66000","387130000C","(04)23274275","(04)23288582","2026","1","7","22","21","臺中市","北屯區","0","0","0","7","","","50","","","","","","","","","","","","","","13","","","","","C03","","","1","","1","","","7","7","1","6","4","120.703328","24.169631","3"
"2848","66000","387130000C","(04)23274275","(04)23288582","2026","1","7","22","22","臺中市","東區","0","2","0","7","1","6","30","4","1","1","5","4","6","6","4","4","10","5","5","2","15","2","9","2","1","C03","7","9","1","10","2","11","14","15","15","1","12","4","120.696118","24.151291","2"
"2849","66000","387130000C","(04)23274275","(04)23288582","2026","1","7","22","23","臺中市","潭子區","0","1","0","6","1","6","60","13","7","1","5","4","6","6","4","4","1","4","4","1","17","2","9","3","1","B03","7","1","1","8","2","1","","84","84","1","13","4","120.709437","24.233571","2"
"2850","66000","387130000C","(04)23274275","(04)23288582","2026","1","7","22","26","臺中市","西屯區","0","1","0","7","1","6","40","5","2","1","5","4","6","6","3","1","1","3","1","1","12","3","10","3","4","B03","7","7","1","8","2","2","","40","40","1","12","4","120.649652","24.162341","2"
"2851","66000","387130000C","(04)23274275","(04)23288582","2026","1","7","22","26","臺中市","神岡區","0","1","0","6","1","6","50","3","1","1","5","4","6","6","1","1","5","5","5","2","17","2","9","5","4","C03","7","9","1","10","2","11","","21","21","1","12","4","120.698398","24.252997","2"
"2852","66000","387130000C","(04)23274275","(04)23288582","2026","1","7","22","32","臺中市","西屯區","0","1","0","7","1","6","50","4","1","1","5","4","6","6","2","1","10","5","5","2","16","3","10","5","4","C03","7","5","1","10","2","12","","84","84","1","13","4","120.650707","24.166493","2"
"2853","66000","387130000C","(04)23274275","(04)23288582","2026","1","7","22","34","臺中市","北屯區","0","1","0","7","1","6","50","4","1","1","5","4","6","6","1","1","10","5","5","2","13","2","9","1","1","C03","7","9","1","10","2","11","","7","7","1","5","4","120.699603","24.165144","2"
"2854","66000","387130000C","(04)23274275","(04)23288582","2026","1","7","22","41","臺中市","太平區","0","0","0","7","1","6","50","3","2","1","5","4","6","6","2","1","5","5","5","1","11","","","","","B03","","","1","","2","","","84","84","1","12","4","120.717357","24.123627","3"
"2855","66000","387130000C","(04)23274275","(04)23288582","2026","1","7","22","49","臺中市","北屯區","0","0","0","7","","","50","","","","","","","","","","","","","","","","","","","B03","","","1","","1","","","11","11","1","13","4","120.721121","24.176723","3"
"2856","66000","387130000C","(04)23274275","(04)23288582","2026","1","7","22","56","臺中市","東區","0","1","0","7","1","6","50","13","7","1","5","4","6","6","4","4","7","5","4","2","28","","","","","","","","","","","","","118","118","1","","","120.704556","24.134632","2"
"2857","66000","387130000C","(04)23274275","(04)23288582","2026","1","7","23","1","臺中市","北區","0","1","0","7","1","6","40","4","2","1","5","4","6","6","1","1","5","5","4","2","17","2","9","2","1","C03","7","9","1","10","2","15","","84","84","1","12","4","120.675137","24.166926","2"
"2858","66000","387130000C","(04)23274275","(04)23288582","2026","1","7","23","24","臺中市","西屯區","0","0","0","7","","","50","","","","","","","","","","","","","","12","","","","","B03","","","1","","1","","","42","42","1","12","4","120.605432","24.188825","3"
"2859","66000","387130000C","(04)23274275","(04)23288582","2026","1","7","23","30","臺中市","南區","0","0","0","7","","","50","","","","","","","","","","","","","","","","","","","B03","","","1","","2","","","35","35","1","6","4","120.667403","24.114285","3"
"2860","66000","387130000C","(04)23274275","(04)23288582","2026","1","7","23","37","臺中市","西屯區","0","0","0","7","","","50","","","","","","","","","","","","","","13","","","","","B03","","","1","","1","","","84","84","1","13","4","120.657722","24.163269","3"
"2861","66000","387130000C","(04)23274275","(04)23288582","2026","1","7","23","41","臺中市","豐原區","0","2","0","7","1","6","50","4","9","1","5","4","6","6","2","1","1","2","5","2","13","2","1","3","1","B03","7","9","1","8","2","1","","7","7","1","12","4","120.720538","24.23668","2"
"2862","66000","387130000C","(04)23274275","(04)23288582","2026","1","7","23","44","臺中市","大里區","0","1","0","6","1","6","50","4","2","1","5","4","6","6","1","1","5","4","4","2","18","2","9","1","1","C03","7","14","1","9","2","12","","59","59","1","12","4","120.694619","24.111467","2"
"2863","66000","387130000C","(04)23274275","(04)23288582","2026","1","8","0","2","臺中市","西屯區","0","0","0","7","","","50","","","","","","","","","","","","","","13","","","","","B03","","","1","","1","","","59","59","1","12","4","120.65256","24.166391","3"
"2864","66000","387130000C","(04)23274275","(04)23288582","2026","1","8","0","20","臺中市","南屯區","0","0","0","7","1","6","50","13","9","1","5","4","6","6","4","4","5","5","5","2","14","","","","","B03","","","1","","1","","","49","49","1","12","4","120.634469","24.141345","3"
"2865","66000","387130000C","(04)23274275","(04)23288582","2026","1","8","0","22","臺中市","北屯區","0","2","0","7","1","6","50","13","9","1","5","4","6","6","4","4","9","5","5","2","12","2","9","1","1","C03","7","9","1","10","2","14","","59","59","1","12","4","120.720788","24.159384","2"
"2866","66000","387130000C","(04)23274275","(04)23288582","2026","1","8","0","25","臺中市","西屯區","0","1","0","7","1","6","40","13","8","1","5","4","6","6","4","4","1","4","1","2","29","2","9","2","1","C03","7","9","1","10","2","11","","84","84","1","12","4","120.656471","24.159078","2"
"2867","66000","387130000C","(04)23274275","(04)23288582","2026","1","8","0","26","臺中市","北屯區","0","2","0","7","1","6","50","13","7","1","5","4","6","6","4","4","9","5","4","2","18","2","8","2","1","C01","7","9","1","9","2","14","","59","59","1","12","4","120.684768","24.186925","2"
"2868","66000","387130000C","(04)23274275","(04)23288582","2026","1","8","0","39","臺中市","南屯區","0","1","0","7","1","6","50","4","1","1","5","4","6","6","1","1","10","5","5","2","3","3","10","3","1","B03","7","6","1","8","2","1","","10","10","1","12","4","120.642612","24.148678","2"
"2869","66000","387130000C","(04)23274275","(04)23288582","2026","1","8","1","56","臺中市","烏日區","0","1","0","7","3","6","30","13","9","1","5","4","6","6","4","4","10","5","5","1","20","2","9","1","1","C03","7","9","5","10","2","12","14","84","84","1","6","4","120.630546","24.048745","2"
"2870","66000","387130000C","(04)23274275","(04)23288582","2026","1","8","2","16","臺中市","南屯區","0","0","0","7","","","50","","","","","","","","","","","","","","28","","","","","C03","","","3","","2","","","43","43","1","12","4","120.639283","24.128249","3"
"2871","66000","387130000C","(04)23274275","(04)23288582","2026","1","8","3","0","臺中市","太平區","0","0","0","7","","","50","","","","","","","","","","","","","","","","","","","B03","","","1","","2","","","59","59","1","12","4","120.719016","24.148693","3"
"2872","66000","387130000C","(04)23274275","(04)23288582","2026","1","8","3","20","臺中市","中區","0","2","0","7","1","6","50","4","2","1","5","4","6","6","2","1","5","5","4","1","17","3","10","3","1","B12","7","9","1","8","2","1","","21","21","1","13","4","120.678778","24.14719","2"
"2873","66000","387130000C","(04)23274275","(04)23288582","2026","1","8","4","15","臺中市","大里區","0","0","0","7","1","6","30","13","9","1","5","4","6","6","4","4","10","5","5","2","17","","","","","B03","","","1","","2","","","84","84","1","6","4","120.699748","24.093337","3"
"2874","66000","387130000C","(04)23274275","(04)23288582","2026","1","8","4","40","臺中市","北屯區","0","0","0","7","","","60","","","","","","","","","","","","","","13","","","","","B03","","","5","","1","","","59","59","1","12","4","120.719062","24.163107","3"
"2875","66000","387130000C","(04)23274275","(04)23288582","2026","1","8","5","32","臺中市","北區","0","0","0","7","","","50","","","","","","","","","","","","","","13","","","","","B01","","","1","","1","","","59","59","1","12","4","120.677734","24.150866","4"
"2876","66000","387130000C","(04)23274275","(04)23288582","2026","1","8","5","32","臺中市","西屯區","0","1","0","7","1","6","30","4","1","1","5","4","6","6","4","4","10","5","5","2","15","3","10","5","4","B03","7","9","1","8","3","2","","12","12","1","12","4","120.642182","24.179957","2"