序號,縣市別代碼,機關代碼,市話,傳真,年,月,日,時,分,縣市,區,死亡數量,受傷數量,2-30,天候,道路照明設備,道路類別,道路速限,道路型態,事故位置,路面鋪裝,路面狀態,路面缺陷,障礙物,視距,號誌種類,號誌動作,分向設施,快車道或一般車道間,快慢車道間,路面邊線,事故類型及型態,受傷程度,主要傷處,保護裝備,行動電話或功能裝置,當事者區分(類別),車輛用途,當事者行動狀態,駕照狀態,駕照種類,飲酒情形,車輛撞擊部位最初,車輛撞擊部位其他,肇事因素個別,肇事因素主要,肇事逃逸,職業,共享經濟或外送平台,GPS座標X,GPS座標Y,事故類別
"2877","66000","387130000C","(04)23274275","(04)23288582","2026","1","8","5","36","臺中市","大雅區","0","2","0","7","3","6","50","4","2","1","5","4","6","6","1","1","9","4","5","1","11","3","10","3","1","B03","7","6","1","8","2","6","","85","85","1","13","4","120.65431","24.229416","2"
"2878","66000","387130000C","(04)23274275","(04)23288582","2026","1","8","5","43","臺中市","北屯區","0","0","0","7","","","50","","","","","","","","","","","","","","12","","","","","B03","","","1","","2","","","40","40","1","6","4","120.66451","24.185","3"
"2879","66000","387130000C","(04)23274275","(04)23288582","2026","1","8","6","8","臺中市","大雅區","0","2","0","7","3","6","60","13","9","1","5","4","6","6","4","4","1","3","5","1","13","2","9","5","4","C03","7","9","1","10","2","11","","7","7","1","12","4","120.649549","24.215337","2"
"2880","66000","387130000C","(04)23274275","(04)23288582","2026","1","8","6","23","臺中市","烏日區","0","1","0","7","3","6","50","3","1","1","5","4","6","6","1","1","1","2","3","1","16","3","10","3","1","B03","7","5","1","8","2","5","","47","47","1","5","4","120.613336","24.10309","2"
"2881","66000","387130000C","(04)23274275","(04)23288582","2026","1","8","6","27","臺中市","北區","0","1","0","7","2","6","50","11","9","1","5","4","6","6","2","1","1","5","5","2","18","2","9","1","1","C03","7","5","1","10","2","12","","84","84","1","13","4","120.674507","24.162862","2"
"2882","66000","387130000C","(04)23274275","(04)23288582","2026","1","8","6","30","臺中市","大里區","0","0","0","7","1","6","50","13","10","1","5","4","6","6","4","4","5","5","4","1","13","","","","","B03","","","1","","2","","","82","82","1","6","4","120.715087","24.094353","3"
"2883","66000","387130000C","(04)23274275","(04)23288582","2026","1","8","6","34","臺中市","西區","0","1","0","7","2","6","50","4","1","1","5","4","6","6","2","1","5","4","5","2","17","3","10","3","1","B03","7","6","1","8","2","4","","11","11","1","13","4","120.667057","24.132123","2"
"2884","66000","387130000C","(04)23274275","(04)23288582","2026","1","8","6","50","臺中市","太平區","0","2","0","7","2","6","30","13","9","1","5","4","6","6","4","4","10","5","5","2","16","2","9","2","1","C03","7","1","1","10","2","14","","51","51","1","12","4","120.726624","24.145673","2"
"2885","66000","387130000C","(04)23274275","(04)23288582","2026","1","8","6","53","臺中市","西屯區","0","1","0","7","2","6","30","4","1","1","5","4","6","6","4","4","10","5","5","2","15","2","9","5","4","C03","7","9","1","10","2","11","14","12","12","1","12","4","120.6055","24.186445","2"
"2886","66000","387130000C","(04)23274275","(04)23288582","2026","1","8","7","3","臺中市","西屯區","0","0","0","7","","","50","","","","","","","","","","","","","","17","","","","","A11","","","1","","2","","","40","40","1","13","4","120.606418","24.16173","3"
"2887","66000","387130000C","(04)23274275","(04)23288582","2026","1","8","7","9","臺中市","神岡區","0","0","0","7","","","50","","","","","","","","","","","","","","2","","","","","C03","","","1","","2","","","7","7","1","12","4","120.669179","24.257212","3"
"2888","66000","387130000C","(04)23274275","(04)23288582","2026","1","8","7","13","臺中市","南區","0","0","0","7","","","50","","","","","","","","","","","","","","17","","","","","C03","","","1","","1","","","39","39","1","12","4","120.65893","24.124329","3"
"2889","66000","387130000C","(04)23274275","(04)23288582","2026","1","8","7","13","臺中市","西屯區","0","0","0","7","","3","80","","","","","","","","","","","","","","13","","","","","B03","","","1","","2","","","7","7","1","13","4","120.634948","24.179291","3"
"2890","66000","387130000C","(04)23274275","(04)23288582","2026","1","8","7","13","臺中市","霧峰區","0","0","0","7","","","40","","","","","","","","","","","","","","17","","","","","B03","","","1","","1","","","7","7","1","13","4","120.680271","24.065188","3"
"2891","66000","387130000C","(04)23274275","(04)23288582","2026","1","8","7","16","臺中市","清水區","0","1","0","7","3","6","50","13","9","1","5","4","6","6","4","4","9","4","5","1","16","3","10","3","1","B03","7","11","1","12","2","8","","45","45","1","12","4","120.599605","24.306512","2"
"2892","66000","387130000C","(04)23274275","(04)23288582","2026","1","8","7","17","臺中市","北屯區","0","2","0","7","2","6","50","4","1","1","5","4","6","6","1","3","10","5","5","2","17","2","9","1","1","C03","7","6","3","19","2","15","","14","14","1","6","4","120.703974","24.181296","2"
"2893","66000","387130000C","(04)23274275","(04)23288582","2026","1","8","7","20","臺中市","大里區","0","1","0","7","3","6","30","4","1","1","5","4","6","6","4","4","10","5","5","2","15","3","10","1","1","C03","7","9","1","10","2","11","","15","15","1","6","4","120.700783","24.104977","2"
"2894","66000","387130000C","(04)23274275","(04)23288582","2026","1","8","7","23","臺中市","東區","0","0","0","7","","","50","","","","","","","","","","","","","","17","","","","","F01","","","7","","2","","","21","21","1","13","4","120.697448","24.144685","3"
"2895","66000","387130000C","(04)23274275","(04)23288582","2026","1","8","7","25","臺中市","南屯區","0","0","0","7","","","40","","","","","","","","","","","","","","","","","","","B03","","","1","","9","","","84","84","2","12","4","120.640424","24.147962","3"
"2896","66000","387130000C","(04)23274275","(04)23288582","2026","1","8","7","25","臺中市","北屯區","0","0","0","7","","","50","","","","","","","","","","","","","","","","","","","B03","","","1","","1","","","40","40","1","6","4","120.721811","24.181854","3"
"2897","66000","387130000C","(04)23274275","(04)23288582","2026","1","8","7","25","臺中市","沙鹿區","0","0","0","7","","","40","","","","","","","","","","","","","","14","","","","","B03","","","1","","2","","","49","49","1","6","4","120.557675","24.211282","3"
"2898","66000","387130000C","(04)23274275","(04)23288582","2026","1","8","7","26","臺中市","大甲區","0","1","0","7","2","6","40","3","9","1","5","4","6","6","1","1","6","3","5","1","11","3","10","3","1","B03","7","6","1","8","2","2","","11","11","1","12","4","120.63176","24.339989","2"
"2899","66000","387130000C","(04)23274275","(04)23288582","2026","1","8","7","27","臺中市","大肚區","0","0","0","7","","","50","","","","","","","","","","","","","","","","","","","C03","","","1","","2","","","7","7","1","12","4","120.574774","24.169843","3"
"2900","66000","387130000C","(04)23274275","(04)23288582","2026","1","8","7","30","臺中市","北屯區","0","0","0","7","","","50","","","","","","","","","","","","","","12","","","","","B03","","","1","","2","","","84","84","1","6","4","120.68624","24.188258","3"
"2901","66000","387130000C","(04)23274275","(04)23288582","2026","1","8","7","30","臺中市","西屯區","0","3","0","7","1","6","50","4","1","1","5","4","6","6","2","1","10","5","5","2","12","2","8","1","1","C03","7","1","1","10","2","14","","51","51","1","12","4","120.615055","24.187757","2"
"2902","66000","387130000C","(04)23274275","(04)23288582","2026","1","8","7","30","臺中市","大里區","0","1","0","7","2","6","50","3","1","1","5","4","6","6","4","4","5","5","5","2","13","3","10","3","1","B03","7","9","1","8","2","8","","84","84","1","12","4","120.680735","24.094902","2"
"2903","66000","387130000C","(04)23274275","(04)23288582","2026","1","8","7","30","臺中市","沙鹿區","0","1","0","7","2","6","50","3","9","1","5","4","6","6","4","4","4","4","5","1","12","3","10","3","1","B03","7","5","1","8","2","2","","84","84","1","12","4","120.568045","24.223403","2"
"2904","66000","387130000C","(04)23274275","(04)23288582","2026","1","8","7","31","臺中市","大里區","0","0","0","7","","","40","","","","","","","","","","","","","","17","","","","","C03","","","2","","9","","","50","50","2","13","4","120.681088","24.11285","3"
"2905","66000","387130000C","(04)23274275","(04)23288582","2026","1","8","7","32","臺中市","南區","0","1","0","7","2","6","50","4","1","1","5","4","6","6","1","1","10","5","5","2","16","3","10","3","1","B01","7","6","1","4","2","2","","11","11","1","12","4","120.66341","24.113439","2"
"2906","66000","387130000C","(04)23274275","(04)23288582","2026","1","8","7","32","臺中市","北屯區","0","1","0","7","2","6","50","4","1","1","5","4","6","6","2","1","5","4","5","2","16","3","10","3","1","B03","7","6","1","8","2","2","","48","48","1","12","4","120.699599","24.1648","2"
"2907","66000","387130000C","(04)23274275","(04)23288582","2026","1","8","7","33","臺中市","中區","0","1","0","7","2","6","50","4","1","1","5","4","6","6","1","1","10","5","5","2","15","3","10","4","4","B12","7","9","1","3","2","1","","21","21","1","13","4","120.685649","24.140123","2"
"2908","66000","387130000C","(04)23274275","(04)23288582","2026","1","8","7","35","臺中市","北屯區","0","0","0","7","","3","80","","","","","","","","","","","","","","13","","","","","B03","","","1","","1","","","7","7","1","6","4","120.721943","24.183092","3"
"2909","66000","387130000C","(04)23274275","(04)23288582","2026","1","8","7","37","臺中市","豐原區","0","0","0","7","","","30","","","","","","","","","","","","","","17","","","","","B03","","","1","","2","","","8","8","1","12","4","120.701276","24.231488","3"
"2910","66000","387130000C","(04)23274275","(04)23288582","2026","1","8","7","38","臺中市","潭子區","0","2","0","7","3","6","50","13","9","1","5","4","6","6","4","4","9","5","5","2","17","2","9","2","1","C03","7","1","1","10","2","14","12","51","51","1","13","4","120.704704","24.195715","2"
"2911","66000","387130000C","(04)23274275","(04)23288582","2026","1","8","7","38","臺中市","西屯區","0","0","0","7","","","50","","","","","","","","","","","","","","13","","","","","B03","","","1","","1","","","59","59","1","13","4","120.643985","24.200709","4"
"2912","66000","387130000C","(04)23274275","(04)23288582","2026","1","8","7","38","臺中市","大里區","0","1","0","7","2","6","60","13","12","1","5","4","6","6","4","4","9","4","4","1","13","2","9","2","1","C03","7","9","1","10","2","11","","7","7","1","13","4","120.688784","24.079439","2"
"2913","66000","387130000C","(04)23274275","(04)23288582","2026","1","8","7","42","臺中市","神岡區","0","2","0","7","2","6","30","4","1","1","5","4","6","6","4","4","10","5","5","2","17","2","9","2","1","C03","7","9","1","10","2","11","","15","15","1","6","4","120.668302","24.269971","2"
"2914","66000","387130000C","(04)23274275","(04)23288582","2026","1","8","7","43","臺中市","大雅區","0","1","0","7","3","6","50","3","1","1","5","4","6","6","4","4","10","5","5","2","17","3","10","5","4","C03","7","6","3","19","2","13","","14","14","1","12","4","120.654889","24.23478","2"
"2915","66000","387130000C","(04)23274275","(04)23288582","2026","1","8","7","43","臺中市","西屯區","0","1","0","7","2","6","50","4","1","1","5","4","6","6","2","1","10","5","5","2","12","2","8","1","1","C03","7","5","1","10","2","11","","7","7","1","13","4","120.639596","24.184995","2"
"2916","66000","387130000C","(04)23274275","(04)23288582","2026","1","8","7","44","臺中市","大里區","0","1","0","7","2","6","50","3","1","1","5","4","6","6","4","4","10","5","5","2","17","2","8","2","1","C03","7","6","1","10","2","12","","14","14","1","6","4","120.702706","24.094155","2"
"2917","66000","387130000C","(04)23274275","(04)23288582","2026","1","8","7","45","臺中市","南屯區","0","0","0","7","","","50","","","","","","","","","","","","","","13","","","","","B02","","","1","","1","","","7","7","1","12","4","120.642612","24.153676","3"
"2918","66000","387130000C","(04)23274275","(04)23288582","2026","1","8","7","45","臺中市","東勢區","0","0","0","7","","","50","","","","","","","","","","","","","","","","","","","B03","","","1","","1","","","51","51","1","12","4","120.829774","24.253508","3"
"2919","66000","387130000C","(04)23274275","(04)23288582","2026","1","8","7","47","臺中市","北區","0","0","0","7","","","50","","","","","","","","","","","","","","12","","","","","B03","","","1","","1","","","84","84","1","13","4","120.672158","24.171061","3"
"2920","66000","387130000C","(04)23274275","(04)23288582","2026","1","8","7","47","臺中市","大里區","0","1","0","7","2","6","50","3","1","1","5","4","6","6","4","4","10","5","5","1","17","2","9","1","1","C03","7","9","1","10","2","12","","84","84","1","13","4","120.694279","24.094987","2"
"2921","66000","387130000C","(04)23274275","(04)23288582","2026","1","8","7","48","臺中市","北區","0","1","0","7","2","6","50","3","1","1","5","4","6","6","4","4","10","5","5","2","17","3","10","3","1","B03","7","6","1","8","2","4","","12","12","1","12","4","120.683767","24.15524","2"
"2922","66000","387130000C","(04)23274275","(04)23288582","2026","1","8","7","48","臺中市","東區","0","1","0","7","2","6","50","13","9","1","5","4","6","6","4","4","5","5","5","2","13","3","10","3","1","B03","7","9","1","8","2","8","","82","82","1","12","4","120.700455","24.127538","2"
"2923","66000","387130000C","(04)23274275","(04)23288582","2026","1","8","7","49","臺中市","西屯區","0","1","0","7","2","9","30","13","14","1","5","4","6","6","4","4","10","5","5","1","17","3","10","3","1","B03","7","1","1","8","2","1","","51","51","1","12","4","120.651242","24.170049","2"
"2924","66000","387130000C","(04)23274275","(04)23288582","2026","1","8","7","49","臺中市","太平區","0","1","0","7","2","6","30","13","9","1","5","4","6","6","4","4","10","5","5","2","17","2","9","1","1","F03","7","15","7","21","2","13","","42","42","1","12","4","120.712581","24.124842","2"
"2925","66000","387130000C","(04)23274275","(04)23288582","2026","1","8","7","50","臺中市","大雅區","0","1","0","7","1","6","50","4","1","1","5","4","6","6","4","4","5","5","5","1","28","2","9","2","1","C03","7","9","1","10","2","11","","84","84","1","12","4","120.649403","24.241929","2"
"2926","66000","387130000C","(04)23274275","(04)23288582","2026","1","8","7","50","臺中市","沙鹿區","0","1","0","7","2","6","30","13","9","1","5","4","6","6","4","4","10","5","5","2","10","2","9","1","1","C03","7","9","1","10","2","11","","41","41","1","12","4","120.578774","24.23059","2"
"2927","66000","387130000C","(04)23274275","(04)23288582","2026","1","8","7","50","臺中市","大甲區","0","1","0","7","3","6","50","4","1","1","5","4","6","6","1","1","10","5","5","2","17","3","10","3","1","B03","7","2","1","8","2","3","","49","49","1","6","4","120.646597","24.404953","2"
"2928","66000","387130000C","(04)23274275","(04)23288582","2026","1","8","7","51","臺中市","大肚區","0","2","0","7","1","6","50","13","9","1","5","4","6","6","4","4","10","5","5","2","16","2","8","1","1","C03","7","6","1","10","2","12","","20","20","1","6","4","120.57798","24.168778","2"
"2929","66000","387130000C","(04)23274275","(04)23288582","2026","1","8","7","55","臺中市","潭子區","0","0","0","7","","","60","","","","","","","","","","","","","","","","","","","B03","","","1","","2","","","7","7","1","13","4","120.704458","24.204386","3"
"2930","66000","387130000C","(04)23274275","(04)23288582","2026","1","8","7","56","臺中市","北區","0","0","0","7","","","50","","","","","","","","","","","","","","12","","","","","B03","","","1","","2","","","84","84","1","13","4","120.686023","24.161619","3"
"2931","66000","387130000C","(04)23274275","(04)23288582","2026","1","8","7","58","臺中市","豐原區","0","0","0","7","","","30","","","","","","","","","","","","","","25","","","","","B03","","","1","","2","","","84","84","1","12","4","120.713283","24.264509","3"
"2932","66000","387130000C","(04)23274275","(04)23288582","2026","1","8","7","58","臺中市","豐原區","0","0","0","7","","","50","","","","","","","","","","","","","","9","","","","","B03","","","1","","1","","","56","56","1","12","4","120.702885","24.249448","3"
"2933","66000","387130000C","(04)23274275","(04)23288582","2026","1","8","8","0","臺中市","北區","0","0","0","7","","","50","","","","","","","","","","","","","","17","","","","","C03","","","1","","9","","","84","84","2","13","4","120.675103","24.146297","3"
"2934","66000","387130000C","(04)23274275","(04)23288582","2026","1","8","8","0","臺中市","大肚區","0","2","0","7","2","6","50","13","9","1","5","4","6","6","4","4","4","5","5","1","13","2","9","1","1","C03","7","9","1","10","2","11","","7","7","1","6","4","120.558315","24.153025","2"
"2935","66000","387130000C","(04)23274275","(04)23288582","2026","1","8","8","0","臺中市","梧棲區","0","1","0","7","2","6","30","4","1","1","5","4","6","6","4","4","10","5","5","2","15","2","8","1","1","C03","7","9","1","9","2","11","","12","12","1","12","4","120.541765","24.246241","2"
"2936","66000","387130000C","(04)23274275","(04)23288582","2026","1","8","8","2","臺中市","西屯區","0","0","0","7","","","60","","","","","","","","","","","","","","13","","","","","B03","","","1","","1","","","59","59","1","12","4","120.641335","24.16757","3"
"2937","66000","387130000C","(04)23274275","(04)23288582","2026","1","8","8","7","臺中市","豐原區","0","1","0","7","2","6","50","4","1","1","5","4","6","6","1","1","1","4","5","1","17","2","9","2","4","C03","7","9","1","10","2","11","","21","21","1","12","4","120.727489","24.248876","2"
"2938","66000","387130000C","(04)23274275","(04)23288582","2026","1","8","8","7","臺中市","神岡區","0","1","0","7","2","6","50","3","1","1","5","4","6","6","1","1","10","5","5","2","16","3","10","5","4","B03","7","5","1","8","2","6","","11","11","1","12","4","120.658559","24.267025","2"
"2939","66000","387130000C","(04)23274275","(04)23288582","2026","1","8","8","11","臺中市","北屯區","0","2","0","7","2","6","50","13","9","1","5","4","6","6","4","4","1","3","5","2","13","2","8","1","1","C03","7","9","1","10","2","11","","7","7","1","12","4","120.701714","24.181745","2"
"2940","66000","387130000C","(04)23274275","(04)23288582","2026","1","8","8","13","臺中市","北屯區","0","1","0","7","2","6","50","4","2","1","5","4","6","6","1","1","10","5","5","2","18","2","9","1","1","C03","7","9","1","10","2","15","","82","82","1","6","4","120.70213","24.169871","2"
"2941","66000","387130000C","(04)23274275","(04)23288582","2026","1","8","8","14","臺中市","北區","0","0","0","7","","","50","","","","","","","","","","","","","","17","","","","","B03","","","1","","1","","","84","84","1","13","4","120.686111","24.15334","3"
"2942","66000","387130000C","(04)23274275","(04)23288582","2026","1","8","8","15","臺中市","西區","0","0","0","7","","","30","","","","","","","","","","","","","","","","","","","B03","","","1","8","2","","","51","51","1","13","4","120.662348","24.162571","3"
"2943","66000","387130000C","(04)23274275","(04)23288582","2026","1","8","8","15","臺中市","南屯區","0","0","0","7","","","50","","","","","","","","","","","","","","12","","","","","B03","","","1","","1","","","34","34","1","13","4","120.620343","24.139872","3"
"2944","66000","387130000C","(04)23274275","(04)23288582","2026","1","8","8","16","臺中市","西區","0","1","0","7","2","6","50","4","2","1","5","4","6","6","1","1","5","4","4","2","17","3","10","2","1","C03","7","1","1","10","2","14","","85","85","1","12","4","120.667406","24.140836","2"
"2945","66000","387130000C","(04)23274275","(04)23288582","2026","1","8","8","17","臺中市","西屯區","0","0","0","7","","","30","","","","","","","","","","","","","","12","","","","","B03","","","1","","1","","","8","8","1","13","4","120.61402","24.181621","3"
"2946","66000","387130000C","(04)23274275","(04)23288582","2026","1","8","8","19","臺中市","東區","0","0","0","7","","","50","","","","","","","","","","","","","","17","","","","","G01","","","1","","2","","","84","84","1","12","4","120.688478","24.135087","3"
"2947","66000","387130000C","(04)23274275","(04)23288582","2026","1","8","8","19","臺中市","西屯區","0","1","0","7","2","6","35","11","8","1","5","4","6","6","4","4","1","5","1","2","12","3","10","5","4","B03","7","9","1","8","2","2","","8","8","1","13","4","120.62849","24.175966","2"
"2948","66000","387130000C","(04)23274275","(04)23288582","2026","1","8","8","20","臺中市","大甲區","0","0","0","7","","","50","","","","","","","","","","","","","","8","","","","","C03","","","1","","1","","","84","84","1","12","4","120.612862","24.348235","3"
"2949","66000","387130000C","(04)23274275","(04)23288582","2026","1","8","8","22","臺中市","大里區","0","2","0","7","2","6","50","4","2","1","5","4","6","6","1","1","9","4","4","2","13","2","9","2","1","C03","7","9","1","10","2","11","","7","7","1","13","4","120.695636","24.088182","2"
"2950","66000","387130000C","(04)23274275","(04)23288582","2026","1","8","8","23","臺中市","龍井區","0","0","0","7","","","60","","","","","","","","","","","","","","","","","","","B03","","","1","","1","","","84","84","1","12","4","120.57377","24.189079","3"
"2951","66000","387130000C","(04)23274275","(04)23288582","2026","1","8","8","24","臺中市","北區","0","1","0","7","2","6","50","4","1","1","5","4","6","6","2","1","2","4","4","2","13","2","9","1","1","C03","7","9","1","10","2","11","","59","59","1","12","4","120.687248","24.155681","2"
"2952","66000","387130000C","(04)23274275","(04)23288582","2026","1","8","8","25","臺中市","北屯區","0","2","0","7","2","6","50","4","1","1","5","4","6","6","2","1","1","2","5","2","16","3","10","3","1","D03","7","6","1","8","2","6","","11","11","1","10","4","120.720953","24.169893","2"
"2953","66000","387130000C","(04)23274275","(04)23288582","2026","1","8","8","25","臺中市","北屯區","0","1","0","7","2","6","30","3","2","1","5","4","6","6","4","4","10","5","5","2","17","2","9","2","1","C03","7","6","1","10","2","11","","41","41","1","6","4","120.70378","24.166145","2"
"2954","66000","387130000C","(04)23274275","(04)23288582","2026","1","8","8","25","臺中市","沙鹿區","0","1","0","7","2","6","50","13","8","1","5","4","6","6","4","4","1","4","4","1","13","2","7","2","1","C03","7","9","1","10","2","11","","59","59","1","5","4","120.608538","24.246225","2"
"2955","66000","387130000C","(04)23274275","(04)23288582","2026","1","8","8","25","臺中市","豐原區","0","0","0","7","","","60","","","","","","","","","","","","","","14","","","","","B03","","","1","","2","","","49","49","1","12","4","120.71289","24.262037","4"
"2956","66000","387130000C","(04)23274275","(04)23288582","2026","1","8","8","27","臺中市","南屯區","0","1","0","7","2","6","50","13","9","1","5","4","6","6","4","4","10","5","5","2","17","3","10","3","1","B03","7","1","1","8","1","5","","51","51","1","13","4","120.639469","24.141222","2"
"2957","66000","387130000C","(04)23274275","(04)23288582","2026","1","8","8","28","臺中市","太平區","0","0","0","7","","","50","","","","","","","","","","","","","","13","","","","","B03","","","1","","2","","","7","7","1","12","4","120.721444","24.142731","3"
"2958","66000","387130000C","(04)23274275","(04)23288582","2026","1","8","8","29","臺中市","西屯區","0","1","0","7","1","6","30","13","9","1","5","4","6","6","4","4","1","4","5","2","13","2","8","1","1","F03","7","9","7","21","2","11","","7","7","1","12","4","120.660064","24.201174","2"
"2959","66000","387130000C","(04)23274275","(04)23288582","2026","1","8","8","31","臺中市","西屯區","0","0","0","7","","","50","","","","","","","","","","","","","","","","","","","C03","","","1","","2","","","8","8","1","12","4","120.651882","24.206701","3"
"2960","66000","387130000C","(04)23274275","(04)23288582","2026","1","8","8","31","臺中市","西屯區","0","0","0","7","","","40","","","","","","","","","","","","","","14","","","","","B03","","","1","","2","","","49","49","1","13","4","120.646396","24.172765","3"
"2961","66000","387130000C","(04)23274275","(04)23288582","2026","1","8","8","34","臺中市","潭子區","0","1","0","7","3","6","40","4","2","1","5","4","6","6","1","1","1","4","4","1","17","3","10","2","1","C03","7","9","1","10","2","14","","85","85","1","13","4","120.70606","24.219805","2"
"2962","66000","387130000C","(04)23274275","(04)23288582","2026","1","8","8","40","臺中市","神岡區","0","1","0","7","2","6","50","13","9","1","5","4","6","6","4","4","1","4","5","1","13","2","9","2","1","C03","7","4","1","10","2","11","","59","59","1","6","4","120.682018","24.24572","2"
"2963","66000","387130000C","(04)23274275","(04)23288582","2026","1","8","8","43","臺中市","西屯區","0","0","0","7","","","50","","","","","","","","","","","","","","17","","","","","B03","","","1","","2","","","8","8","1","13","4","120.609024","24.157797","3"
"2964","66000","387130000C","(04)23274275","(04)23288582","2026","1","8","8","45","臺中市","北屯區","0","0","0","7","","","50","","","","","","","","","","","","","","17","","","","","B03","","","1","","1","","","84","84","1","6","4","120.673676","24.174154","3"
"2965","66000","387130000C","(04)23274275","(04)23288582","2026","1","8","8","46","臺中市","后里區","0","1","0","7","2","6","50","11","9","1","5","4","6","6","4","4","5","5","5","2","11","2","8","2","1","C03","7","5","1","10","2","11","","84","84","1","12","4","120.715839","24.304702","2"
"2966","66000","387130000C","(04)23274275","(04)23288582","2026","1","8","8","47","臺中市","南屯區","0","0","0","7","","","50","","","","","","","","","","","","","","12","","","","","B03","","","1","","1","","","84","84","1","13","4","120.628399","24.140188","3"
"2967","66000","387130000C","(04)23274275","(04)23288582","2026","1","8","8","47","臺中市","北屯區","0","0","0","7","","","50","","","","","","","","","","","","","","13","","","","","C03","","","1","","1","","","7","7","1","13","4","120.673507","24.174136","3"
"2968","66000","387130000C","(04)23274275","(04)23288582","2026","1","8","8","49","臺中市","東區","0","2","0","7","2","6","50","3","1","1","5","4","6","6","4","4","10","5","5","2","17","2","9","1","1","C03","7","4","1","10","2","12","","1","1","1","12","4","120.694298","24.132955","2"
"2969","66000","387130000C","(04)23274275","(04)23288582","2026","1","8","8","51","臺中市","大里區","0","1","0","7","2","6","50","13","9","1","5","4","6","6","4","4","5","5","5","2","17","3","10","3","1","B12","7","11","1","8","2","1","","39","39","1","6","4","120.696525","24.08403","2"
"2970","66000","387130000C","(04)23274275","(04)23288582","2026","1","8","8","52","臺中市","豐原區","0","0","0","7","","","50","","","","","","","","","","","","","","30","","","","","B03","","","1","","2","","","84","84","1","12","4","120.736019","24.252035","3"
"2971","66000","387130000C","(04)23274275","(04)23288582","2026","1","8","8","55","臺中市","西區","0","0","0","7","","","50","","","","","","","","","","","","","","","","","","","B03","","","1","8","1","","","14","14","1","13","4","120.658321","24.151663","3"
"2972","66000","387130000C","(04)23274275","(04)23288582","2026","1","8","8","55","臺中市","西屯區","0","0","0","7","","","50","","","","","","","","","","","","","","12","","","","","B03","","","1","","2","","","8","8","1","13","4","120.635157","24.173137","3"
"2973","66000","387130000C","(04)23274275","(04)23288582","2026","1","8","8","57","臺中市","太平區","0","1","0","7","2","6","30","4","1","1","5","4","6","6","4","4","10","5","5","2","15","2","7","2","1","C03","7","9","1","10","2","11","","15","15","1","12","4","120.725663","24.142796","2"
"2974","66000","387130000C","(04)23274275","(04)23288582","2026","1","8","8","58","臺中市","西屯區","0","4","0","7","2","6","40","13","8","1","5","4","6","6","2","1","1","4","1","2","13","2","9","5","4","C03","7","9","1","10","2","11","","7","7","1","13","4","120.64882","24.163409","2"
"2975","66000","387130000C","(04)23274275","(04)23288582","2026","1","8","8","59","臺中市","龍井區","0","0","0","7","","","60","","","","","","","","","","","","","","","","","","","B03","","","1","","1","","","7","7","1","12","4","120.573422","24.185409","3"
"2976","66000","387130000C","(04)23274275","(04)23288582","2026","1","8","9","5","臺中市","北區","0","0","0","7","","","50","","","","","","","","","","","","","","12","","","","","C03","","","1","","1","","","40","40","1","13","4","120.691736","24.156217","3"
"2977","66000","387130000C","(04)23274275","(04)23288582","2026","1","8","9","6","臺中市","龍井區","0","0","0","7","","","50","","","","","","","","","","","","","","","","","","","B03","","","1","","1","","","49","49","1","12","4","120.585377","24.185763","3"
"2978","66000","387130000C","(04)23274275","(04)23288582","2026","1","8","9","7","臺中市","北屯區","0","0","0","7","","","50","","","","","","","","","","","","","","17","","","","","C03","","","1","","2","","","84","84","1","6","4","120.685008","24.169434","4"
"2979","66000","387130000C","(04)23274275","(04)23288582","2026","1","8","9","8","臺中市","北區","0","0","0","7","","","50","","","","","","","","","","","","","","17","","","","","C03","","","3","","9","","","84","84","2","13","4","120.693615","24.159643","3"
"2980","66000","387130000C","(04)23274275","(04)23288582","2026","1","8","9","10","臺中市","西屯區","0","2","0","7","1","6","30","4","1","1","5","4","6","6","2","1","10","5","5","2","16","2","9","1","1","C03","7","6","1","10","2","11","","11","11","1","12","4","120.655253","24.178113","2"
"2981","66000","387130000C","(04)23274275","(04)23288582","2026","1","8","9","13","臺中市","大里區","0","2","0","7","2","6","50","4","1","1","5","4","6","6","4","4","10","5","5","2","15","2","9","4","1","F02","7","9","7","21","5","12","","20","20","1","12","4","120.682579","24.114399","2"
"2982","66000","387130000C","(04)23274275","(04)23288582","2026","1","8","9","18","臺中市","北屯區","0","0","0","7","","","50","","","","","","","","","","","","","","","","","","","B03","","","1","","1","","","40","40","1","6","4","120.721558","24.182693","3"
"2983","66000","387130000C","(04)23274275","(04)23288582","2026","1","8","9","18","臺中市","西屯區","0","0","0","7","","","50","","","","","","","","","","","","","","12","","","","","B03","","","1","","2","","","8","8","1","13","4","120.624633","24.185421","3"
"2984","66000","387130000C","(04)23274275","(04)23288582","2026","1","8","9","22","臺中市","南區","0","1","0","7","2","6","50","3","1","1","5","4","6","6","1","1","3","4","4","2","30","2","9","1","1","C03","7","6","1","10","2","16","","48","48","1","12","4","120.679468","24.120504","2"
"2985","66000","387130000C","(04)23274275","(04)23288582","2026","1","8","9","24","臺中市","豐原區","0","0","0","7","","","50","","","","","","","","","","","","","","17","","","","","C03","","","1","","2","","","84","84","1","12","4","120.718835","24.250455","4"
"2986","66000","387130000C","(04)23274275","(04)23288582","2026","1","8","9","25","臺中市","大甲區","0","0","0","7","","","50","","","","","","","","","","","","","","","","","","","A12","","","1","","1","","","8","8","1","12","4","120.633343","24.356021","3"