序號,縣市別代碼,機關代碼,市話,傳真,年,月,日,時,分,縣市,區,死亡數量,受傷數量,2-30,天候,道路照明設備,道路類別,道路速限,道路型態,事故位置,路面鋪裝,路面狀態,路面缺陷,障礙物,視距,號誌種類,號誌動作,分向設施,快車道或一般車道間,快慢車道間,路面邊線,事故類型及型態,受傷程度,主要傷處,保護裝備,行動電話或功能裝置,當事者區分(類別),車輛用途,當事者行動狀態,駕照狀態,駕照種類,飲酒情形,車輛撞擊部位最初,車輛撞擊部位其他,肇事因素個別,肇事因素主要,肇事逃逸,職業,共享經濟或外送平台,GPS座標X,GPS座標Y,事故類別
"2987","66000","387130000C","(04)23274275","(04)23288582","2026","1","8","9","26","臺中市","南屯區","0","0","0","7","2","6","50","4","1","1","5","4","6","6","4","4","9","4","5","2","12","","","","","B12","","","1","","1","","","40","40","1","12","4","120.634382","24.13638","3"
"2988","66000","387130000C","(04)23274275","(04)23288582","2026","1","8","9","27","臺中市","霧峰區","0","0","0","7","","","50","","","","","","","","","","","","","","17","","","","","A12","","","1","","2","","","11","11","1","13","4","120.696529","24.060991","3"
"2989","66000","387130000C","(04)23274275","(04)23288582","2026","1","8","9","35","臺中市","西區","0","1","0","7","2","6","60","13","8","1","5","4","6","6","4","4","1","4","1","2","12","2","9","1","1","C03","7","8","1","10","2","14","","40","40","1","12","4","120.661188","24.15601","2"
"2990","66000","387130000C","(04)23274275","(04)23288582","2026","1","8","9","35","臺中市","西屯區","0","0","0","7","","","50","","","","","","","","","","","","","","","","","","","B03","","","1","","2","","","8","8","1","13","4","120.602633","24.182917","3"
"2991","66000","387130000C","(04)23274275","(04)23288582","2026","1","8","9","40","臺中市","西屯區","0","0","0","7","","","60","","","","","","","","","","","","","","","","","","","B02","","","1","","2","","","7","7","1","12","4","120.648536","24.163585","3"
"2992","66000","387130000C","(04)23274275","(04)23288582","2026","1","8","9","41","臺中市","烏日區","0","0","0","7","","","50","","","","","","","","","","","","","","17","","","","","B03","","","1","","2","","","40","40","1","13","4","120.650596","24.106919","3"
"2993","66000","387130000C","(04)23274275","(04)23288582","2026","1","8","9","43","臺中市","北屯區","0","1","0","7","2","6","50","4","1","1","5","4","6","6","2","1","1","4","5","2","18","2","8","2","1","C03","7","9","1","10","2","16","","85","85","1","12","4","120.692794","24.162343","2"
"2994","66000","387130000C","(04)23274275","(04)23288582","2026","1","8","9","44","臺中市","北區","0","1","0","7","2","6","50","13","9","1","5","4","6","6","4","4","5","4","5","2","17","3","10","1","1","C03","7","11","1","10","1","14","","84","84","1","13","4","120.681198","24.156748","2"
"2995","66000","387130000C","(04)23274275","(04)23288582","2026","1","8","9","44","臺中市","北屯區","0","1","0","7","2","6","30","5","1","1","5","4","6","6","3","1","10","5","5","2","17","2","9","2","1","C03","7","9","1","9","2","11","","24","24","1","6","4","120.683326","24.197126","2"
"2996","66000","387130000C","(04)23274275","(04)23288582","2026","1","8","9","45","臺中市","西屯區","0","2","0","7","2","6","30","13","9","1","5","4","6","6","4","4","10","5","5","2","12","2","9","5","4","C03","7","1","1","10","2","14","13","51","51","1","12","4","120.645968","24.168236","2"
"2997","66000","387130000C","(04)23274275","(04)23288582","2026","1","8","9","45","臺中市","沙鹿區","0","2","0","7","2","6","30","11","9","1","5","4","6","6","4","4","10","5","5","2","11","2","8","2","1","C03","7","9","1","10","2","11","","41","41","1","12","4","120.596925","24.220919","2"
"2998","66000","387130000C","(04)23274275","(04)23288582","2026","1","8","9","48","臺中市","西屯區","0","2","0","7","2","6","30","13","9","1","5","4","6","6","4","4","10","5","5","2","17","2","9","1","4","C03","7","1","1","10","1","11","","51","51","1","13","4","120.647988","24.176584","2"
"2999","66000","387130000C","(04)23274275","(04)23288582","2026","1","8","9","50","臺中市","清水區","0","1","0","7","3","6","30","4","1","1","5","4","6","6","4","4","10","5","5","2","18","2","9","1","1","C03","7","5","1","10","2","12","","58","58","1","12","4","120.538699","24.282667","2"
"3000","66000","387130000C","(04)23274275","(04)23288582","2026","1","8","9","52","臺中市","南區","0","0","0","7","","","40","","","","","","","","","","","","","","","","","","","B03","","","","","9","","","55","55","2","13","4","120.660605","24.119144","3"
"3001","66000","387130000C","(04)23274275","(04)23288582","2026","1","8","9","54","臺中市","豐原區","0","1","0","7","2","6","50","4","4","1","5","4","6","6","2","1","5","4","4","1","16","2","9","1","1","C03","7","6","1","10","2","14","","48","48","1","12","4","120.726797","24.251709","2"
"3002","66000","387130000C","(04)23274275","(04)23288582","2026","1","8","9","56","臺中市","潭子區","0","2","0","7","3","6","60","3","1","1","5","4","6","6","1","1","1","4","4","2","18","2","7","2","1","C03","7","9","1","10","2","12","","84","84","1","13","4","120.702276","24.187616","2"
"3003","66000","387130000C","(04)23274275","(04)23288582","2026","1","8","10","0","臺中市","梧棲區","0","0","0","7","","","50","","","","","","","","","","","","","","17","","","","","C03","","","1","","1","","","50","50","1","6","4","120.538684","24.248043","3"
"3004","66000","387130000C","(04)23274275","(04)23288582","2026","1","8","10","4","臺中市","豐原區","0","1","0","7","2","6","50","13","7","1","5","4","6","6","4","4","5","5","5","2","13","2","7","5","4","C03","7","9","1","10","2","11","","54","54","1","12","4","120.714501","24.250743","2"
"3005","66000","387130000C","(04)23274275","(04)23288582","2026","1","8","10","5","臺中市","西屯區","0","0","0","7","","","60","","","","","","","","","","","","","","13","","","","","B03","","","1","","1","","","7","7","1","13","4","120.632103","24.170355","3"
"3006","66000","387130000C","(04)23274275","(04)23288582","2026","1","8","10","6","臺中市","霧峰區","0","0","0","7","","","50","","","","","","","","","","","","","","17","","","","","B03","","","1","","2","","","7","7","1","13","4","120.712787","24.077158","3"
"3007","66000","387130000C","(04)23274275","(04)23288582","2026","1","8","10","9","臺中市","龍井區","0","0","0","7","","","30","","","","","","","","","","","","","","","","","","","B12","","","1","","1","","","8","8","1","12","4","120.589434","24.178897","3"
"3008","66000","387130000C","(04)23274275","(04)23288582","2026","1","8","10","13","臺中市","龍井區","0","0","0","7","","","50","","","","","","","","","","","","","","","","","","","B12","","","1","","2","","","49","49","1","12","4","120.536596","24.176975","3"
"3009","66000","387130000C","(04)23274275","(04)23288582","2026","1","8","10","15","臺中市","西屯區","0","0","0","7","","","60","","","","","","","","","","","","","","13","","","","","B03","","","1","","1","","","49","49","1","12","4","120.624804","24.178416","3"
"3010","66000","387130000C","(04)23274275","(04)23288582","2026","1","8","10","16","臺中市","豐原區","0","0","0","7","","","60","","","","","","","","","","","","","","17","","","","","B12","","","1","","2","","","8","8","1","12","4","120.726468","24.237354","3"
"3011","66000","387130000C","(04)23274275","(04)23288582","2026","1","8","10","17","臺中市","西屯區","0","0","0","7","","","50","","","","","","","","","","","","","","","","","","","C03","","","1","","1","","","49","49","1","13","4","120.587015","24.171278","3"
"3012","66000","387130000C","(04)23274275","(04)23288582","2026","1","8","10","17","臺中市","東勢區","0","2","0","7","2","6","30","3","2","1","5","4","6","6","4","4","5","4","4","2","17","2","9","5","4","C03","7","5","1","10","2","13","","14","14","1","13","4","120.829513","24.258125","2"
"3013","66000","387130000C","(04)23274275","(04)23288582","2026","1","8","10","20","臺中市","霧峰區","0","0","0","7","","","30","","","","","","","","","","","","","","14","","","","","A41","","","1","","2","","","49","49","1","6","4","120.661195","24.045515","3"
"3014","66000","387130000C","(04)23274275","(04)23288582","2026","1","8","10","21","臺中市","大肚區","0","0","0","7","","","50","","","","","","","","","","","","","","","","","","","C03","","","1","","2","","","51","51","1","12","4","120.574589","24.160123","4"
"3015","66000","387130000C","(04)23274275","(04)23288582","2026","1","8","10","22","臺中市","中區","0","1","0","7","2","6","50","4","1","1","5","4","6","6","1","1","10","5","5","2","15","3","10","5","4","B03","7","9","1","8","2","5","","21","21","1","13","4","120.678296","24.146743","2"
"3016","66000","387130000C","(04)23274275","(04)23288582","2026","1","8","10","22","臺中市","東區","0","0","0","7","","","50","","","","","","","","","","","","","","","","","","","B03","","","1","","2","","","49","49","1","12","4","120.709175","24.145661","3"
"3017","66000","387130000C","(04)23274275","(04)23288582","2026","1","8","10","25","臺中市","西屯區","0","0","0","7","","","30","","","","","","","","","","","","","","11","","","","","B03","","","1","","2","","","84","84","1","13","4","120.636308","24.188958","3"
"3018","66000","387130000C","(04)23274275","(04)23288582","2026","1","8","10","25","臺中市","太平區","0","0","0","7","","","30","","","","","","","","","","","","","","13","","","","","C03","","","1","","1","","","7","7","1","13","4","120.712247","24.12523","3"
"3019","66000","387130000C","(04)23274275","(04)23288582","2026","1","8","10","25","臺中市","東勢區","0","1","0","7","2","6","40","4","1","1","5","4","6","6","4","4","10","5","5","1","17","2","8","5","4","C03","7","9","1","10","2","12","","12","12","1","13","4","120.827678","24.25886","2"
"3020","66000","387130000C","(04)23274275","(04)23288582","2026","1","8","10","30","臺中市","南屯區","0","0","0","7","","","50","","","","","","","","","","","","","","14","","","","","B03","","","1","","1","","","49","49","1","13","4","120.613313","24.148754","3"
"3021","66000","387130000C","(04)23274275","(04)23288582","2026","1","8","10","30","臺中市","北屯區","0","0","0","7","","","50","","","","","","","","","","","","","","13","","","","","C03","","","1","","1","","","7","7","1","6","4","120.701831","24.182039","3"
"3022","66000","387130000C","(04)23274275","(04)23288582","2026","1","8","10","30","臺中市","大肚區","0","0","0","7","","","30","","","","","","","","","","","","","","","","","","","B03","","","1","","2","","","49","49","1","6","4","120.575462","24.125062","3"
"3023","66000","387130000C","(04)23274275","(04)23288582","2026","1","8","10","31","臺中市","豐原區","0","0","0","7","","","50","","","","","","","","","","","","","","13","","","","","B03","","","1","","2","","","84","84","1","12","4","120.71999","24.251714","3"
"3024","66000","387130000C","(04)23274275","(04)23288582","2026","1","8","10","32","臺中市","北屯區","0","0","0","7","","","50","","","","","","","","","","","","","","17","","","","","B12","","","1","","2","","","76","76","1","13","4","120.724951","24.176014","3"
"3025","66000","387130000C","(04)23274275","(04)23288582","2026","1","8","10","32","臺中市","大里區","0","1","0","7","3","6","60","4","1","1","5","4","6","6","1","1","10","5","5","2","16","2","9","1","1","C03","7","6","1","10","2","14","","23","23","1","13","4","120.67142","24.102424","2"
"3026","66000","387130000C","(04)23274275","(04)23288582","2026","1","8","10","34","臺中市","太平區","0","0","0","7","","","50","","","","","","","","","","","","","","","","","","","B03","","","1","","2","","","84","84","1","12","4","120.731637","24.139768","3"
"3027","66000","387130000C","(04)23274275","(04)23288582","2026","1","8","10","37","臺中市","西屯區","0","2","0","7","2","6","50","13","7","1","5","4","6","6","4","4","5","5","4","2","13","2","9","5","4","B03","7","9","1","8","2","1","4","52","52","1","12","4","120.666709","24.171988","2"
"3028","66000","387130000C","(04)23274275","(04)23288582","2026","1","8","10","37","臺中市","豐原區","0","0","0","7","","","50","","","","","","","","","","","","","","13","","","","","B03","","","1","","2","","","84","84","1","12","4","120.709633","24.250548","4"
"3029","66000","387130000C","(04)23274275","(04)23288582","2026","1","8","10","38","臺中市","北屯區","0","0","0","7","","","50","","","","","","","","","","","","","","13","","","","","B03","","","1","","2","","","83","83","1","6","4","120.680009","24.200821","3"
"3030","66000","387130000C","(04)23274275","(04)23288582","2026","1","8","10","45","臺中市","大雅區","0","1","0","7","3","6","50","13","9","1","5","4","6","6","4","4","9","5","5","2","12","2","9","1","1","C03","7","9","1","10","2","12","","8","8","1","12","4","120.654502","24.222502","2"
"3031","66000","387130000C","(04)23274275","(04)23288582","2026","1","8","10","45","臺中市","烏日區","0","0","0","7","","","50","","","","","","","","","","","","","","13","","","","","B03","","","1","","1","","","7","7","1","6","4","120.618552","24.116051","3"
"3032","66000","387130000C","(04)23274275","(04)23288582","2026","1","8","10","50","臺中市","大甲區","0","0","0","7","","","50","","","","","","","","","","","","","","","","","","","B12","","","1","","1","","","73","73","1","6","4","120.636443","24.353152","3"
"3033","66000","387130000C","(04)23274275","(04)23288582","2026","1","8","10","51","臺中市","烏日區","0","0","0","7","","","50","","","","","","","","","","","","","","13","","","","","B12","","","1","","1","","","7","7","1","13","4","120.62982","24.095705","3"
"3034","66000","387130000C","(04)23274275","(04)23288582","2026","1","8","10","53","臺中市","南屯區","0","0","0","7","","","50","","","","","","","","","","","","","","","","","","","B03","","","1","","1","","","7","7","1","12","4","120.654585","24.136705","3"
"3035","66000","387130000C","(04)23274275","(04)23288582","2026","1","8","10","53","臺中市","清水區","0","0","0","7","","","30","","","","","","","","","","","","","","","","","","","B03","","","1","","11","","","51","51","1","12","4","120.575017","24.268585","3"
"3036","66000","387130000C","(04)23274275","(04)23288582","2026","1","8","10","56","臺中市","大里區","0","1","0","7","2","6","50","13","9","1","5","4","6","6","1","1","9","4","5","1","12","2","9","2","1","C03","7","6","1","10","2","14","","8","8","1","12","4","120.701118","24.102747","2"
"3037","66000","387130000C","(04)23274275","(04)23288582","2026","1","8","10","57","臺中市","南屯區","0","0","0","7","","","50","","","","","","","","","","","","","","12","","","","","B03","","","1","","1","","","40","40","1","13","4","120.618404","24.14527","3"
"3038","66000","387130000C","(04)23274275","(04)23288582","2026","1","8","11","1","臺中市","北屯區","0","0","0","7","","","50","","","","","","","","","","","","","","","","","","","B02","","","1","","2","","","49","49","1","6","4","120.719513","24.180021","3"
"3039","66000","387130000C","(04)23274275","(04)23288582","2026","1","8","11","6","臺中市","西屯區","0","1","0","7","2","6","50","13","9","1","5","4","6","6","4","4","8","4","5","2","17","2","7","5","4","C03","7","9","1","10","2","11","","82","82","1","13","4","120.637647","24.176688","2"
"3040","66000","387130000C","(04)23274275","(04)23288582","2026","1","8","11","7","臺中市","北屯區","0","1","0","7","2","6","50","4","1","1","5","4","6","6","2","1","1","2","5","2","13","2","9","2","1","C03","7","9","1","10","2","11","","7","7","1","12","4","120.67965","24.172812","2"
"3041","66000","387130000C","(04)23274275","(04)23288582","2026","1","8","11","9","臺中市","大里區","0","0","0","7","","","50","","","","","","","","","","","","","","12","","","","","C03","","","1","","2","","","39","39","1","13","4","120.689575","24.106568","3"
"3042","66000","387130000C","(04)23274275","(04)23288582","2026","1","8","11","10","臺中市","西區","0","1","0","7","1","6","50","4","1","1","5","4","6","6","1","1","5","4","4","2","16","2","9","1","1","C03","7","6","1","10","2","14","","36","36","1","13","4","120.669804","24.149104","2"
"3043","66000","387130000C","(04)23274275","(04)23288582","2026","1","8","11","12","臺中市","龍井區","0","0","0","7","","","50","","","","","","","","","","","","","","","","","","","B03","","","1","","1","","","51","51","1","12","4","120.592308","24.181546","3"
"3044","66000","387130000C","(04)23274275","(04)23288582","2026","1","8","11","13","臺中市","潭子區","0","1","0","7","2","6","50","13","7","1","5","4","6","6","4","4","1","4","4","1","11","2","9","2","1","C03","7","8","1","10","2","14","","40","40","1","13","4","120.704081","24.215837","2"
"3045","66000","387130000C","(04)23274275","(04)23288582","2026","1","8","11","20","臺中市","北屯區","0","0","0","7","","","30","","","","","","","","","","","","","","13","","","","","C03","","","1","","1","","","7","7","1","6","4","120.665054","24.184343","4"
"3046","66000","387130000C","(04)23274275","(04)23288582","2026","1","8","11","20","臺中市","烏日區","0","2","0","7","2","6","50","3","1","1","5","4","6","6","4","4","4","4","5","1","16","2","9","1","1","C03","7","11","1","10","2","14","","14","14","1","6","4","120.625053","24.106953","2"
"3047","66000","387130000C","(04)23274275","(04)23288582","2026","1","8","11","20","臺中市","大甲區","0","0","0","7","","","50","","","","","","","","","","","","","","","","","","","B03","","","1","","1","","","8","8","1","12","4","120.622218","24.346076","3"
"3048","66000","387130000C","(04)23274275","(04)23288582","2026","1","8","11","20","臺中市","大甲區","0","1","0","7","2","6","40","4","9","1","5","4","6","6","4","4","7","5","5","2","11","3","10","3","1","B03","7","9","1","8","2","8","","15","15","1","12","4","120.636024","24.412549","2"
"3049","66000","387130000C","(04)23274275","(04)23288582","2026","1","8","11","23","臺中市","沙鹿區","0","1","0","7","2","6","50","4","1","1","5","4","6","6","4","4","10","5","5","2","16","2","8","1","1","C03","7","5","1","10","2","14","11","12","12","1","12","4","120.566867","24.249753","2"
"3050","66000","387130000C","(04)23274275","(04)23288582","2026","1","8","11","25","臺中市","西區","0","1","0","7","2","6","30","13","9","1","5","4","6","6","4","4","5","5","5","2","14","3","10","3","1","B03","7","2","1","8","2","3","","49","49","1","12","4","120.661903","24.154105","2"
"3051","66000","387130000C","(04)23274275","(04)23288582","2026","1","8","11","30","臺中市","北屯區","0","0","0","7","","","30","","","","","","","","","","","","","","12","","","","","A12","","","1","","2","","","8","8","1","6","4","120.745237","24.192812","3"
"3052","66000","387130000C","(04)23274275","(04)23288582","2026","1","8","11","32","臺中市","烏日區","0","0","0","7","","","50","","","","","","","","","","","","","","12","","","","","A12","","","1","","2","","","2","2","1","13","4","120.627724","24.10407","3"
"3053","66000","387130000C","(04)23274275","(04)23288582","2026","1","8","11","34","臺中市","西屯區","0","0","0","7","","","50","","","","","","","","","","","","","","17","","","","","C03","","","1","","1","","","7","7","1","13","4","120.644166","24.174967","3"
"3054","66000","387130000C","(04)23274275","(04)23288582","2026","1","8","11","38","臺中市","西區","0","0","0","7","","","50","","","","","","","","","","","","","","","","","","","C03","","","1","10","2","","","51","51","1","13","4","120.661903","24.154105","3"
"3055","66000","387130000C","(04)23274275","(04)23288582","2026","1","8","11","40","臺中市","南屯區","0","2","0","7","3","6","50","4","1","1","5","4","6","6","4","4","10","5","5","2","15","2","9","2","1","C03","7","9","1","10","2","12","","15","15","1","13","4","120.647746","24.155636","2"
"3056","66000","387130000C","(04)23274275","(04)23288582","2026","1","8","11","40","臺中市","北屯區","0","1","0","7","2","6","50","4","1","1","5","4","6","6","2","1","10","5","5","2","12","3","10","3","1","B03","7","9","1","8","2","2","","8","8","1","6","4","120.664209","24.185597","2"
"3057","66000","387130000C","(04)23274275","(04)23288582","2026","1","8","11","40","臺中市","大甲區","0","2","0","7","3","6","50","13","9","1","5","4","6","6","4","4","5","5","5","1","16","2","8","1","1","C03","7","1","1","10","2","14","11","51","51","1","6","4","120.624618","24.34694","2"
"3058","66000","387130000C","(04)23274275","(04)23288582","2026","1","8","11","43","臺中市","北區","0","1","0","7","2","6","30","4","1","1","5","4","6","6","4","4","10","5","5","2","17","3","10","3","1","B03","7","6","1","8","2","1","","12","12","1","13","4","120.684378","24.163804","2"
"3059","66000","387130000C","(04)23274275","(04)23288582","2026","1","8","11","43","臺中市","北屯區","0","2","0","7","2","6","30","4","1","1","5","4","6","6","4","4","5","5","5","2","15","2","7","2","1","C03","7","9","1","10","2","11","","15","15","1","12","4","120.695214","24.161945","2"
"3060","66000","387130000C","(04)23274275","(04)23288582","2026","1","8","11","44","臺中市","大甲區","0","0","0","7","3","6","50","4","2","1","5","4","6","6","1","1","5","5","5","1","13","","","","","C03","","","1","","1","","","7","7","1","12","4","120.619108","24.34047","3"
"3061","66000","387130000C","(04)23274275","(04)23288582","2026","1","8","11","48","臺中市","北屯區","0","0","0","7","","","50","","","","","","","","","","","","","","17","","","","","B03","","","1","","2","","","12","12","1","6","4","120.721587","24.160329","3"
"3062","66000","387130000C","(04)23274275","(04)23288582","2026","1","8","11","50","臺中市","北屯區","0","1","0","7","3","6","50","3","1","1","5","4","6","6","4","4","10","5","5","2","12","3","10","3","1","B03","7","1","1","8","2","4","","51","51","1","6","4","120.690517","24.178452","2"
"3063","66000","387130000C","(04)23274275","(04)23288582","2026","1","8","11","55","臺中市","西屯區","0","0","0","7","","","60","","","","","","","","","","","","","","","","","","","B03","","","1","","1","","","40","40","1","13","4","120.64683","24.164474","4"
"3064","66000","387130000C","(04)23274275","(04)23288582","2026","1","8","11","55","臺中市","豐原區","0","0","0","7","","","50","","","","","","","","","","","","","","17","","","","","B03","","","1","","2","","","2","2","1","12","4","120.720901","24.251569","4"
"3065","66000","387130000C","(04)23274275","(04)23288582","2026","1","8","12","9","臺中市","北區","0","1","0","7","2","6","50","13","9","1","5","4","6","6","2","1","3","4","5","2","17","3","10","3","1","B03","7","1","1","8","2","4","","51","51","1","12","4","120.684878","24.161933","2"
"3066","66000","387130000C","(04)23274275","(04)23288582","2026","1","8","12","14","臺中市","南區","0","1","0","7","3","6","50","3","1","1","5","4","6","6","4","4","10","5","5","2","16","3","10","3","1","B03","7","6","1","8","2","1","","14","14","1","12","4","120.660205","24.11318","2"
"3067","66000","387130000C","(04)23274275","(04)23288582","2026","1","8","12","17","臺中市","西區","0","0","0","7","","","50","","","","","","","","","","","","","","","","","","","C03","","","1","","1","","","84","84","1","13","4","120.656922","24.151007","3"
"3068","66000","387130000C","(04)23274275","(04)23288582","2026","1","8","12","22","臺中市","西屯區","0","1","0","7","2","6","40","13","9","1","5","4","6","6","4","4","1","4","1","1","14","3","10","3","1","B12","7","2","1","8","2","3","","82","82","1","12","4","120.634425","24.175642","2"
"3069","66000","387130000C","(04)23274275","(04)23288582","2026","1","8","12","25","臺中市","豐原區","0","1","0","7","2","6","50","13","8","1","5","4","6","6","4","4","10","5","4","2","17","2","8","3","1","B03","7","5","1","8","2","8","","82","82","1","13","4","120.723986","24.244517","2"
"3070","66000","387130000C","(04)23274275","(04)23288582","2026","1","8","12","30","臺中市","大雅區","0","1","0","7","3","6","50","13","9","1","5","4","6","6","4","4","5","4","5","1","17","3","10","5","4","A11","7","14","1","7","2","4","","73","73","1","12","4","120.648868","24.226757","2"
"3071","66000","387130000C","(04)23274275","(04)23288582","2026","1","8","12","35","臺中市","沙鹿區","0","0","0","7","","","50","","","","","","","","","","","","","","12","","","","","C03","","","1","","2","","","85","85","1","12","4","120.579473","24.217357","4"
"3072","66000","387130000C","(04)23274275","(04)23288582","2026","1","8","12","39","臺中市","西區","0","0","0","7","","","50","","","","","","","","","","","","","","17","","","","","C03","","","1","","1","","","50","50","1","12","4","120.661342","24.151464","3"
"3073","66000","387130000C","(04)23274275","(04)23288582","2026","1","8","12","40","臺中市","西屯區","0","1","0","7","2","6","50","13","9","1","5","4","6","6","4","4","1","4","5","2","12","2","9","5","4","C03","7","9","1","10","2","12","","8","8","1","12","4","120.616667","24.185691","2"
"3074","66000","387130000C","(04)23274275","(04)23288582","2026","1","8","12","41","臺中市","北屯區","0","0","0","7","","","50","","","","","","","","","","","","","","","","","","","B03","","","1","","2","","","42","42","1","6","4","120.66397","24.185582","3"
"3075","66000","387130000C","(04)23274275","(04)23288582","2026","1","8","12","42","臺中市","大里區","0","0","0","7","","","50","","","","","","","","","","","","","","","","","","","C03","","","1","","2","","","84","84","1","12","4","120.677102","24.098794","3"
"3076","66000","387130000C","(04)23274275","(04)23288582","2026","1","8","12","44","臺中市","北區","0","0","0","7","","","50","","","","","","","","","","","","","","17","","","","","B03","","","1","","2","","","39","39","1","13","4","120.677155","24.150953","3"
"3077","66000","387130000C","(04)23274275","(04)23288582","2026","1","8","12","45","臺中市","南屯區","0","0","0","7","","","50","","","","","","","","","","","","","","13","","","","","C03","","","1","","1","","","59","59","1","13","4","120.645497","24.136965","3"
"3078","66000","387130000C","(04)23274275","(04)23288582","2026","1","8","12","49","臺中市","南屯區","0","1","0","7","2","6","40","4","1","1","5","4","6","6","1","1","9","4","1","2","17","2","9","1","1","C03","7","9","1","10","2","12","","7","7","1","12","4","120.636492","24.155815","2"
"3079","66000","387130000C","(04)23274275","(04)23288582","2026","1","8","12","51","臺中市","大里區","0","2","0","7","2","6","50","4","1","1","5","4","6","6","4","4","3","5","5","2","15","2","9","2","1","C03","7","9","3","19","2","11","","15","15","1","13","4","120.715312","24.095674","2"
"3080","66000","387130000C","(04)23274275","(04)23288582","2026","1","8","12","55","臺中市","潭子區","0","1","0","7","2","6","50","13","9","1","5","4","6","6","4","4","9","5","5","1","12","3","10","1","1","C03","7","7","1","10","2","12","","40","40","1","13","4","120.696928","24.194422","2"
"3081","66000","387130000C","(04)23274275","(04)23288582","2026","1","8","13","7","臺中市","西屯區","0","1","0","7","2","6","50","13","7","1","5","4","6","6","4","4","5","4","4","2","13","2","8","1","4","C03","7","9","1","10","2","11","","7","7","1","13","4","120.644403","24.187404","2"
"3082","66000","387130000C","(04)23274275","(04)23288582","2026","1","8","13","15","臺中市","東區","0","0","0","7","","","50","","","","","","","","","","","","","","","","","","","B12","","","1","","2","","","51","51","1","6","4","120.687499","24.135149","3"
"3083","66000","387130000C","(04)23274275","(04)23288582","2026","1","8","13","22","臺中市","神岡區","0","1","0","7","2","6","30","4","1","1","5","4","6","6","4","4","10","5","5","2","15","2","9","5","4","C03","7","9","1","10","2","11","","12","12","1","12","4","120.685734","24.25146","2"
"3084","66000","387130000C","(04)23274275","(04)23288582","2026","1","8","13","23","臺中市","太平區","0","1","0","7","2","6","50","3","2","1","5","4","6","6","4","4","5","4","5","2","17","2","8","5","1","F06","7","9","7","21","1","11","","84","84","1","13","4","120.713955","24.152433","2"
"3085","66000","387130000C","(04)23274275","(04)23288582","2026","1","8","13","25","臺中市","西區","0","0","0","7","","","50","","","","","","","","","","","","","","17","","","","","B03","","","1","","1","","","7","7","2","12","4","120.653825","24.151761","3"
"3086","66000","387130000C","(04)23274275","(04)23288582","2026","1","8","13","25","臺中市","梧棲區","0","0","0","7","","","50","","","","","","","","","","","","","","12","","","","","B03","","","1","","2","","","8","8","1","12","4","120.542313","24.243743","3"
"3087","66000","387130000C","(04)23274275","(04)23288582","2026","1","8","13","25","臺中市","梧棲區","0","0","0","7","","","40","","","","","","","","","","","","","","17","","","","","B03","","","1","","1","","","87","87","1","12","4","120.53351","24.260014","3"
"3088","66000","387130000C","(04)23274275","(04)23288582","2026","1","8","13","27","臺中市","東區","0","0","0","7","","","50","","","","","","","","","","","","","","17","","","","","C03","","","1","","2","","","7","7","1","12","4","120.705951","24.130065","3"
"3089","66000","387130000C","(04)23274275","(04)23288582","2026","1","8","13","30","臺中市","烏日區","0","1","0","7","2","6","40","3","1","1","5","4","6","6","4","4","1","4","4","2","18","2","9","1","1","C03","7","9","1","10","2","12","","85","85","1","6","4","120.615155","24.105978","2"
"3090","66000","387130000C","(04)23274275","(04)23288582","2026","1","8","13","32","臺中市","南屯區","0","1","0","7","3","6","50","13","8","1","5","4","6","6","4","4","1","2","5","2","18","2","9","1","1","C03","7","9","1","10","2","14","","59","59","1","12","4","120.623117","24.149415","2"
"3091","66000","387130000C","(04)23274275","(04)23288582","2026","1","8","13","38","臺中市","霧峰區","0","1","0","7","2","6","30","13","9","1","5","4","6","6","4","4","10","5","5","2","17","2","9","1","1","C03","7","9","1","10","2","11","","7","7","1","13","4","120.675046","24.036703","2"
"3092","66000","387130000C","(04)23274275","(04)23288582","2026","1","8","13","40","臺中市","南屯區","0","3","0","7","3","6","50","4","1","1","5","4","6","6","3","1","5","5","5","2","15","2","9","1","1","C03","7","9","1","10","1","11","","20","20","1","12","4","120.640309","24.140905","2"
"3093","66000","387130000C","(04)23274275","(04)23288582","2026","1","8","13","40","臺中市","北屯區","0","0","0","7","","","50","","","","","","","","","","","","","","13","","","","","B12","","","1","","2","","","7","7","1","6","4","120.719475","24.163003","3"
"3094","66000","387130000C","(04)23274275","(04)23288582","2026","1","8","13","48","臺中市","南屯區","0","1","0","7","3","6","40","4","4","1","5","4","6","6","2","1","5","5","5","2","16","2","9","2","4","C03","7","6","1","10","2","14","","48","48","1","6","4","120.610442","24.135683","2"
"3095","66000","387130000C","(04)23274275","(04)23288582","2026","1","8","13","48","臺中市","西屯區","0","1","0","7","2","6","50","4","1","1","5","4","6","6","2","1","4","4","5","2","13","3","10","5","4","B03","7","5","1","8","2","1","","84","84","1","13","4","120.647894","24.174161","2"
"3096","66000","387130000C","(04)23274275","(04)23288582","2026","1","8","13","48","臺中市","西屯區","0","0","0","7","","","50","","","","","","","","","","","","","","13","","","","","B03","","","1","","1","","","7","7","1","12","4","120.656902","24.200379","3"
"3097","66000","387130000C","(04)23274275","(04)23288582","2026","1","8","13","49","臺中市","大里區","0","1","0","7","3","6","50","11","9","1","5","4","6","6","4","4","1","5","1","1","17","2","9","2","1","C03","7","10","1","10","2","11","","84","84","1","13","4","120.687392","24.093907","2"