序號,縣市別代碼,機關代碼,市話,傳真,年,月,日,時,分,縣市,區,死亡數量,受傷數量,2-30,天候,道路照明設備,道路類別,道路速限,道路型態,事故位置,路面鋪裝,路面狀態,路面缺陷,障礙物,視距,號誌種類,號誌動作,分向設施,快車道或一般車道間,快慢車道間,路面邊線,事故類型及型態,受傷程度,主要傷處,保護裝備,行動電話或功能裝置,當事者區分(類別),車輛用途,當事者行動狀態,駕照狀態,駕照種類,飲酒情形,車輛撞擊部位最初,車輛撞擊部位其他,肇事因素個別,肇事因素主要,肇事逃逸,職業,共享經濟或外送平台,GPS座標X,GPS座標Y,事故類別
"3098","66000","387130000C","(04)23274275","(04)23288582","2026","1","8","13","54","臺中市","西屯區","0","0","0","7","","","50","","","","","","","","","","","","","","14","","","","","B03","","","1","","2","","","49","49","1","13","4","120.614182","24.176651","3"
"3099","66000","387130000C","(04)23274275","(04)23288582","2026","1","8","13","54","臺中市","霧峰區","0","0","0","7","","","30","","","","","","","","","","","","","","14","","","","","B03","","","1","","2","","","49","49","1","13","4","120.713697","24.072399","3"
"3100","66000","387130000C","(04)23274275","(04)23288582","2026","1","8","13","54","臺中市","太平區","0","0","0","7","","","30","","","","","","","","","","","","","","","","","","","B03","","","1","","1","","","50","50","1","12","4","120.719418","24.145604","3"
"3101","66000","387130000C","(04)23274275","(04)23288582","2026","1","8","13","54","臺中市","外埔區","0","0","0","7","3","6","50","12","9","1","5","4","6","6","4","4","5","5","5","1","11","3","10","3","1","B03","7","9","1","8","2","8","","84","84","1","6","4","120.682063","24.344592","3"
"3102","66000","387130000C","(04)23274275","(04)23288582","2026","1","8","13","56","臺中市","北區","0","0","0","7","","","50","","","","","","","","","","","","","","17","","","","","B03","","","1","","2","","","47","47","1","12","4","120.682592","24.153204","3"
"3103","66000","387130000C","(04)23274275","(04)23288582","2026","1","8","13","56","臺中市","大里區","0","0","0","7","","","50","","","","","","","","","","","","","","","","","","","B03","","","1","","2","","","7","7","1","12","4","120.689598","24.118242","3"
"3104","66000","387130000C","(04)23274275","(04)23288582","2026","1","8","13","57","臺中市","南屯區","0","0","0","7","","","50","","","","","","","","","","","","","","","","","","","B12","","","1","","1","","","15","15","1","12","4","120.634272","24.112399","3"
"3105","66000","387130000C","(04)23274275","(04)23288582","2026","1","8","13","57","臺中市","沙鹿區","0","1","0","7","2","6","50","3","1","1","5","4","6","6","4","4","10","5","5","2","16","3","10","3","1","B03","7","11","1","8","11","8","","45","45","1","6","4","120.601936","24.258717","2"
"3106","66000","387130000C","(04)23274275","(04)23288582","2026","1","8","14","0","臺中市","大肚區","0","0","0","7","","","50","","","","","","","","","","","","","","","","","","","B03","","","1","","2","","","49","49","1","6","4","120.544477","24.153941","3"
"3107","66000","387130000C","(04)23274275","(04)23288582","2026","1","8","14","1","臺中市","太平區","0","1","0","7","2","6","50","3","1","1","5","4","6","6","4","4","10","5","5","2","16","3","10","3","1","B03","7","6","1","8","2","1","","14","14","1","13","4","120.717776","24.148768","2"
"3108","66000","387130000C","(04)23274275","(04)23288582","2026","1","8","14","2","臺中市","潭子區","0","0","0","7","","","60","","","","","","","","","","","","","","","","","","","B03","","","1","","2","","","7","7","1","13","4","120.707188","24.223878","3"
"3109","66000","387130000C","(04)23274275","(04)23288582","2026","1","8","14","2","臺中市","大里區","0","1","0","7","2","6","50","13","9","1","5","4","6","6","4","4","9","5","4","1","17","3","10","3","1","B03","7","11","1","8","2","1","","45","45","1","6","4","120.664728","24.096763","2"
"3110","66000","387130000C","(04)23274275","(04)23288582","2026","1","8","14","4","臺中市","北屯區","0","0","0","7","","","50","","","","","","","","","","","","","","","","","","","B12","","","1","","1","","","49","49","1","13","4","120.687815","24.184226","4"
"3111","66000","387130000C","(04)23274275","(04)23288582","2026","1","8","14","7","臺中市","西屯區","0","0","0","7","","","50","","","","","","","","","","","","","","","","","","","C03","","","1","","1","","","21","21","1","13","4","120.627073","24.159661","3"
"3112","66000","387130000C","(04)23274275","(04)23288582","2026","1","8","14","8","臺中市","太平區","0","1","0","7","3","6","50","4","2","1","5","4","6","6","2","1","10","5","5","2","18","2","9","1","1","C03","7","9","1","10","2","12","","59","59","1","12","4","120.71822","24.13153","2"
"3113","66000","387130000C","(04)23274275","(04)23288582","2026","1","8","14","9","臺中市","大甲區","0","0","0","7","","","50","","","","","","","","","","","","","","","","","","","C03","","","1","","1","","","35","35","1","12","4","120.621201","24.342187","3"
"3114","66000","387130000C","(04)23274275","(04)23288582","2026","1","8","14","12","臺中市","神岡區","0","0","0","7","","","50","","","","","","","","","","","","","","2","","","","","B03","","","1","","2","","","35","35","1","12","4","120.693018","24.248245","3"
"3115","66000","387130000C","(04)23274275","(04)23288582","2026","1","8","14","13","臺中市","沙鹿區","0","0","0","7","","","60","","","","","","","","","","","","","","12","","","","","B02","","","1","","2","","","40","40","1","12","4","120.570052","24.237022","3"
"3116","66000","387130000C","(04)23274275","(04)23288582","2026","1","8","14","13","臺中市","豐原區","0","1","0","7","2","6","50","3","1","1","5","4","6","6","4","4","5","4","4","2","12","2","9","1","1","C03","7","6","3","19","2","14","","8","8","1","12","4","120.725634","24.254616","2"
"3117","66000","387130000C","(04)23274275","(04)23288582","2026","1","8","14","17","臺中市","北區","0","0","0","7","","","50","","","","","","","","","","","","","","17","","","","","B12","","","1","","2","","","84","84","1","13","4","120.696317","24.158259","3"
"3118","66000","387130000C","(04)23274275","(04)23288582","2026","1","8","14","19","臺中市","北屯區","0","1","0","7","2","6","30","3","1","1","5","4","6","6","4","4","10","5","5","2","17","2","9","1","1","C03","7","6","1","10","2","12","","14","14","1","6","4","120.668598","24.187093","2"
"3119","66000","387130000C","(04)23274275","(04)23288582","2026","1","8","14","20","臺中市","大甲區","0","0","0","7","","","50","","","","","","","","","","","","","","","","","","","B03","","","3","","1","","","59","59","2","6","4","120.625642","24.340005","3"
"3120","66000","387130000C","(04)23274275","(04)23288582","2026","1","8","14","21","臺中市","沙鹿區","0","0","0","7","","","30","","","","","","","","","","","","","","13","","","","","B03","","","1","","2","","","82","82","1","6","4","120.557508","24.225094","3"
"3121","66000","387130000C","(04)23274275","(04)23288582","2026","1","8","14","25","臺中市","大雅區","0","1","0","7","3","6","30","3","9","1","5","4","6","6","4","4","10","5","5","1","17","3","10","5","4","B03","7","5","1","8","2","8","","20","20","1","13","4","120.665252","24.211844","2"
"3122","66000","387130000C","(04)23274275","(04)23288582","2026","1","8","14","25","臺中市","東區","0","0","0","7","","","50","","","","","","","","","","","","","","","","","","","B03","","","1","","1","","","84","84","1","12","4","120.710301","24.149214","3"
"3123","66000","387130000C","(04)23274275","(04)23288582","2026","1","8","14","28","臺中市","霧峰區","0","0","0","7","","","40","","","","","","","","","","","","","","","","","","","B12","","","1","","2","","","11","11","1","13","4","120.662655","24.072613","3"
"3124","66000","387130000C","(04)23274275","(04)23288582","2026","1","8","14","31","臺中市","豐原區","0","1","0","7","2","6","50","4","1","1","5","4","6","6","1","1","5","5","4","2","16","3","10","5","4","B03","7","5","1","8","2","6","","11","11","1","12","4","120.718936","24.251731","2"
"3125","66000","387130000C","(04)23274275","(04)23288582","2026","1","8","14","33","臺中市","大里區","0","0","0","7","","","50","","","","","","","","","","","","","","","","","","","B03","","","1","","2","","","82","82","1","12","4","120.686527","24.095206","3"
"3126","66000","387130000C","(04)23274275","(04)23288582","2026","1","8","14","36","臺中市","潭子區","0","0","0","7","","","30","","","","","","","","","","","","","","","","","","","B12","","","1","","2","","","49","49","1","13","4","120.705746","24.217628","3"
"3127","66000","387130000C","(04)23274275","(04)23288582","2026","1","8","14","38","臺中市","西屯區","0","0","0","7","","","60","","","","","","","","","","","","","","","","","","","B03","","","1","","1","","","40","40","1","12","4","120.6496","24.162432","3"
"3128","66000","387130000C","(04)23274275","(04)23288582","2026","1","8","14","44","臺中市","南區","0","1","0","7","2","6","50","13","9","1","5","4","6","6","4","4","3","4","5","2","18","2","9","2","1","C04","7","9","1","10","2","12","","84","84","1","12","4","120.678227","24.128264","2"
"3129","66000","387130000C","(04)23274275","(04)23288582","2026","1","8","14","45","臺中市","東區","0","0","0","7","","","50","","","","","","","","","","","","","","","","","","","B03","","","1","","1","","","23","23","1","6","4","120.686859","24.136089","3"
"3130","66000","387130000C","(04)23274275","(04)23288582","2026","1","8","14","45","臺中市","南屯區","0","0","0","7","3","6","40","13","8","1","5","4","6","6","4","4","3","4","4","2","12","","","","","C03","","","1","","1","","","8","8","1","12","4","120.628486","24.151403","3"
"3131","66000","387130000C","(04)23274275","(04)23288582","2026","1","8","14","45","臺中市","太平區","0","1","0","7","2","6","50","3","7","1","5","4","6","6","4","4","5","4","4","2","16","2","8","2","1","C03","7","1","1","10","2","11","","51","51","1","13","4","120.712844","24.131789","2"
"3132","66000","387130000C","(04)23274275","(04)23288582","2026","1","8","14","53","臺中市","西區","0","0","0","7","","","50","","","","","","","","","","","","","","12","","","","","B03","","","1","","2","","","8","8","1","13","4","120.677024","24.140374","3"
"3133","66000","387130000C","(04)23274275","(04)23288582","2026","1","8","14","57","臺中市","大肚區","0","1","0","7","2","6","50","13","9","1","5","4","6","6","4","4","5","2","5","1","17","3","10","5","1","B03","7","1","1","8","2","5","","51","51","1","6","4","120.547918","24.151855","2"
"3134","66000","387130000C","(04)23274275","(04)23288582","2026","1","8","14","59","臺中市","西屯區","0","1","0","7","2","6","30","3","1","1","5","4","6","6","4","4","10","5","5","1","16","3","10","5","4","B03","7","6","1","8","2","1","","14","14","1","13","4","120.644249","24.175078","2"
"3135","66000","387130000C","(04)23274275","(04)23288582","2026","1","8","15","0","臺中市","北屯區","0","0","0","7","","","50","","","","","","","","","","","","","","13","","","","","B03","","","1","","1","","","7","7","1","12","4","120.7555","24.1999","3"
"3136","66000","387130000C","(04)23274275","(04)23288582","2026","1","8","15","0","臺中市","北屯區","0","1","0","7","2","6","50","4","1","1","5","4","6","6","2","1","10","5","5","2","16","3","10","3","1","B03","7","5","1","8","2","6","","47","47","1","12","4","120.718848","24.172595","2"
"3137","66000","387130000C","(04)23274275","(04)23288582","2026","1","8","15","0","臺中市","西屯區","0","0","0","7","","","50","","","","","","","","","","","","","","13","","","","","B03","","","1","","2","","","50","50","1","12","4","120.636006","24.159668","3"
"3138","66000","387130000C","(04)23274275","(04)23288582","2026","1","8","15","2","臺中市","太平區","0","0","0","7","","","50","","","","","","","","","","","","","","17","","","","","B12","","","1","","10","","","78","78","1","12","4","120.718894","24.140783","3"
"3139","66000","387130000C","(04)23274275","(04)23288582","2026","1","8","15","3","臺中市","大里區","0","1","0","7","2","6","50","3","1","1","5","4","6","6","4","4","10","5","5","2","1","2","9","6","5","H01","8","16","7","21","10","17","","95","95","1","12","5","120.697234","24.083628","2"
"3140","66000","387130000C","(04)23274275","(04)23288582","2026","1","8","15","3","臺中市","神岡區","0","0","0","7","","","30","","","","","","","","","","","","","","16","","","","","B03","","","1","","2","","","14","14","1","12","4","120.708081","24.271774","3"
"3141","66000","387130000C","(04)23274275","(04)23288582","2026","1","8","15","7","臺中市","沙鹿區","0","2","0","7","2","6","50","3","1","1","5","4","6","6","4","4","10","5","5","2","17","3","10","3","1","B03","7","1","1","8","2","4","","51","51","1","12","4","120.554234","24.224972","2"
"3142","66000","387130000C","(04)23274275","(04)23288582","2026","1","8","15","10","臺中市","外埔區","0","0","0","7","3","6","50","13","9","1","5","4","6","6","1","1","5","4","5","1","12","3","10","3","1","B12","7","9","1","8","2","5","","40","40","1","6","4","120.639825","24.341211","3"
"3143","66000","387130000C","(04)23274275","(04)23288582","2026","1","8","15","14","臺中市","北屯區","0","2","0","7","3","6","50","3","1","1","5","4","6","6","2","1","10","5","5","2","17","2","9","2","1","C03","7","6","1","10","2","14","","25","25","1","6","4","120.665849","24.182704","2"
"3144","66000","387130000C","(04)23274275","(04)23288582","2026","1","8","15","16","臺中市","北屯區","0","1","0","7","1","6","50","3","8","1","5","4","6","6","1","1","5","5","5","2","13","3","10","1","1","C03","7","9","1","10","2","11","","7","7","1","6","4","120.689995","24.165009","2"
"3145","66000","387130000C","(04)23274275","(04)23288582","2026","1","8","15","25","臺中市","沙鹿區","0","0","0","7","","","50","","","","","","","","","","","","","","14","","","","","B12","","","1","","2","","","49","49","1","6","4","120.563051","24.251691","3"
"3146","66000","387130000C","(04)23274275","(04)23288582","2026","1","8","15","26","臺中市","石岡區","0","0","0","7","","","50","","","","","","","","","","","","","","13","","","","","B03","","","1","","2","","","7","7","1","13","4","120.816333","24.259806","3"
"3147","66000","387130000C","(04)23274275","(04)23288582","2026","1","8","15","28","臺中市","北區","0","1","0","7","2","6","50","3","2","1","5","4","6","6","4","4","10","5","4","2","13","2","9","1","1","C03","7","9","1","10","2","11","","7","7","1","13","4","120.682917","24.14562","2"
"3148","66000","387130000C","(04)23274275","(04)23288582","2026","1","8","15","28","臺中市","西屯區","0","0","0","7","","","50","","","","","","","","","","","","","","13","","","","","C03","","","1","","1","","","7","7","1","12","4","120.655719","24.158345","3"
"3149","66000","387130000C","(04)23274275","(04)23288582","2026","1","8","15","28","臺中市","豐原區","0","0","0","7","","","50","","","","","","","","","","","","","","14","","","","","B03","","","1","","2","","","49","49","1","12","4","120.713979","24.253214","3"
"3150","66000","387130000C","(04)23274275","(04)23288582","2026","1","8","15","29","臺中市","北屯區","0","1","0","7","1","6","50","4","2","1","5","4","6","6","1","1","5","4","4","2","12","2","9","1","1","C03","7","9","1","10","2","11","","84","84","1","13","4","120.722489","24.172549","2"
"3151","66000","387130000C","(04)23274275","(04)23288582","2026","1","8","15","30","臺中市","南區","0","0","0","7","","","50","","","","","","","","","","","","","","","","","","","B03","","","1","","2","","","7","7","1","12","4","120.670076","24.114792","3"
"3152","66000","387130000C","(04)23274275","(04)23288582","2026","1","8","15","30","臺中市","西屯區","0","1","0","7","2","6","40","13","8","1","5","4","6","6","4","4","3","5","3","2","18","2","9","5","4","C03","7","9","1","10","2","12","","59","59","1","13","4","120.622214","24.178963","2"
"3153","66000","387130000C","(04)23274275","(04)23288582","2026","1","8","15","38","臺中市","豐原區","0","1","0","7","2","6","50","4","1","1","5","4","6","6","1","1","1","4","4","1","17","3","10","5","4","B13","7","6","1","7","2","2","","11","11","1","12","4","120.747697","24.266552","2"
"3154","66000","387130000C","(04)23274275","(04)23288582","2026","1","8","15","39","臺中市","太平區","0","0","0","7","","","50","","","","","","","","","","","","","","","","","","","C03","","","1","","2","","","58","58","1","12","4","120.722595","24.103569","3"
"3155","66000","387130000C","(04)23274275","(04)23288582","2026","1","8","15","41","臺中市","神岡區","0","1","0","7","2","6","50","13","9","1","5","4","6","6","4","4","3","4","5","2","12","2","1","5","4","B03","7","9","1","8","6","1","","53","53","1","12","4","120.695338","24.233161","2"
"3156","66000","387130000C","(04)23274275","(04)23288582","2026","1","8","15","44","臺中市","西屯區","0","0","0","7","","","50","","","","","","","","","","","","","","13","","","","","B03","","","1","","1","","","56","56","1","12","4","120.602375","24.183303","3"
"3157","66000","387130000C","(04)23274275","(04)23288582","2026","1","8","15","44","臺中市","大肚區","0","0","0","7","","","50","","","","","","","","","","","","","","","","","","","B12","","","1","","2","","","49","49","1","6","4","120.565126","24.123099","3"
"3158","66000","387130000C","(04)23274275","(04)23288582","2026","1","8","15","45","臺中市","南屯區","0","0","0","7","","","50","","","","","","","","","","","","","","13","","","","","B03","","","1","","1","","","56","56","1","6","4","120.638314","24.133759","3"
"3159","66000","387130000C","(04)23274275","(04)23288582","2026","1","8","15","47","臺中市","南屯區","0","2","0","7","2","6","50","13","8","1","5","4","6","6","4","4","9","4","4","2","17","2","9","1","1","C03","7","9","1","10","2","11","","4","4","1","12","4","120.615887","24.151618","2"
"3160","66000","387130000C","(04)23274275","(04)23288582","2026","1","8","15","48","臺中市","后里區","0","1","0","7","2","6","50","13","7","1","5","4","6","6","4","4","5","5","4","2","3","2","9","6","5","H01","8","20","7","21","2","17","","95","95","1","12","5","120.710966","24.304508","2"
"3161","66000","387130000C","(04)23274275","(04)23288582","2026","1","8","15","50","臺中市","潭子區","0","0","0","7","","","50","","","","","","","","","","","","","","","","","","","B03","","","1","","2","","","8","8","1","13","4","120.700711","24.188358","3"
"3162","66000","387130000C","(04)23274275","(04)23288582","2026","1","8","15","52","臺中市","神岡區","0","0","0","7","","","50","","","","","","","","","","","","","","17","","","","","B03","","","1","","1","","","51","51","1","12","4","120.712448","24.256648","3"
"3163","66000","387130000C","(04)23274275","(04)23288582","2026","1","8","15","53","臺中市","西屯區","0","2","0","7","2","6","50","4","1","1","5","4","6","6","4","4","8","5","5","1","15","2","9","5","4","C03","7","9","1","10","2","13","","13","13","1","13","4","120.661704","24.166124","2"
"3164","66000","387130000C","(04)23274275","(04)23288582","2026","1","8","15","55","臺中市","南屯區","0","0","0","7","3","6","30","13","9","1","5","4","6","6","4","4","10","5","5","2","14","","","","","B12","","","1","","1","","","49","49","1","12","4","120.629951","24.156363","3"
"3165","66000","387130000C","(04)23274275","(04)23288582","2026","1","8","15","56","臺中市","北屯區","0","1","0","7","2","6","40","13","24","1","5","4","6","6","2","1","10","5","5","2","12","2","8","1","1","C03","7","7","1","10","2","12","","8","8","1","12","4","120.68948","24.180691","2"
"3166","66000","387130000C","(04)23274275","(04)23288582","2026","1","8","15","59","臺中市","西屯區","0","1","0","7","2","6","40","4","1","1","5","4","6","6","1","1","10","5","5","2","12","2","9","2","1","C03","7","9","1","10","2","14","","84","84","1","12","4","120.652906","24.160564","2"
"3167","66000","387130000C","(04)23274275","(04)23288582","2026","1","8","15","59","臺中市","太平區","0","0","0","7","","","50","","","","","","","","","","","","","","13","","","","","B12","","","1","","1","","","84","84","1","13","4","120.714343","24.149312","3"
"3168","66000","387130000C","(04)23274275","(04)23288582","2026","1","8","16","1","臺中市","西屯區","0","2","0","7","2","6","50","3","1","1","5","4","6","6","4","4","10","5","5","2","12","2","1","5","4","C03","7","9","1","10","2","11","","84","84","1","13","4","120.645276","24.186426","2"
"3169","66000","387130000C","(04)23274275","(04)23288582","2026","1","8","16","4","臺中市","北屯區","0","0","0","7","","","50","","","","","","","","","","","","","","12","","","","","C03","","","1","","9","","","36","36","2","12","4","120.697609","24.170391","3"
"3170","66000","387130000C","(04)23274275","(04)23288582","2026","1","8","16","4","臺中市","霧峰區","0","1","0","7","3","6","30","11","9","1","5","4","6","6","4","4","10","5","5","2","10","2","9","1","1","C03","7","9","1","10","2","11","","84","84","1","12","4","120.685337","24.059487","2"
"3171","66000","387130000C","(04)23274275","(04)23288582","2026","1","8","16","8","臺中市","南區","0","1","0","7","2","6","50","3","1","1","5","4","6","6","1","1","10","5","5","2","16","2","9","2","1","C03","7","9","1","10","2","11","12","21","21","1","12","4","120.64474","24.109909","2"
"3172","66000","387130000C","(04)23274275","(04)23288582","2026","1","8","16","9","臺中市","東區","0","0","0","7","","","50","","","","","","","","","","","","","","16","","","","","B03","","","1","","1","","","11","11","1","12","4","120.689118","24.136979","3"
"3173","66000","387130000C","(04)23274275","(04)23288582","2026","1","8","16","10","臺中市","太平區","0","1","0","7","3","6","30","11","9","1","5","4","6","6","4","4","4","5","5","1","18","2","9","1","1","C03","7","6","1","10","2","14","","6","6","1","12","4","120.817565","24.086663","2"
"3174","66000","387130000C","(04)23274275","(04)23288582","2026","1","8","16","11","臺中市","大里區","0","0","0","7","","","60","","","","","","","","","","","","","","13","","","","","B12","","","1","","2","","","7","7","1","13","4","120.690909","24.100987","3"
"3175","66000","387130000C","(04)23274275","(04)23288582","2026","1","8","16","18","臺中市","西屯區","0","2","0","7","2","6","50","3","9","1","5","4","6","6","1","1","5","4","5","2","12","2","8","1","4","C03","7","4","1","10","2","12","","85","85","1","12","4","120.606865","24.193766","2"
"3176","66000","387130000C","(04)23274275","(04)23288582","2026","1","8","16","20","臺中市","大里區","0","0","0","7","","","50","","","","","","","","","","","","","","16","","","","","C03","","","1","","2","","","45","45","1","6","4","120.692752","24.107249","4"
"3177","66000","387130000C","(04)23274275","(04)23288582","2026","1","8","16","21","臺中市","沙鹿區","0","3","0","7","2","6","30","4","1","1","5","4","6","6","4","4","10","5","5","2","15","2","8","1","1","C03","7","9","1","10","2","11","","12","12","1","6","4","120.570197","24.230066","2"
"3178","66000","387130000C","(04)23274275","(04)23288582","2026","1","8","16","22","臺中市","霧峰區","0","0","0","7","","","50","","","","","","","","","","","","","","","","","","","B03","","","1","","2","","","50","50","1","13","4","120.698338","24.062674","3"
"3179","66000","387130000C","(04)23274275","(04)23288582","2026","1","8","16","23","臺中市","太平區","0","3","0","7","2","6","30","4","1","1","5","4","6","6","4","4","10","5","5","2","15","2","9","1","1","C03","7","9","1","10","2","11","","15","15","1","12","4","120.720561","24.115467","2"
"3180","66000","387130000C","(04)23274275","(04)23288582","2026","1","8","16","23","臺中市","沙鹿區","0","0","0","7","","","50","","","","","","","","","","","","","","14","","","","","B03","","","1","","1","","","82","82","1","6","4","120.562324","24.239866","3"
"3181","66000","387130000C","(04)23274275","(04)23288582","2026","1","8","16","27","臺中市","西屯區","0","1","0","7","1","6","50","4","1","1","5","4","6","6","1","1","10","5","5","2","16","3","10","5","4","B02","7","6","1","8","2","1","","11","11","1","13","4","120.63601","24.169147","2"
"3182","66000","387130000C","(04)23274275","(04)23288582","2026","1","8","16","29","臺中市","西屯區","0","1","0","7","2","6","50","13","9","1","5","4","6","6","4","4","5","4","5","2","16","2","8","1","1","C03","7","9","1","10","1","11","","85","85","1","12","4","120.656077","24.173197","2"
"3183","66000","387130000C","(04)23274275","(04)23288582","2026","1","8","16","30","臺中市","大甲區","0","0","0","7","","","50","","","","","","","","","","","","","","","","","","","A02","","","1","","2","","","35","35","1","6","4","120.63928","24.363104","3"
"3184","66000","387130000C","(04)23274275","(04)23288582","2026","1","8","16","36","臺中市","西屯區","0","2","0","7","2","6","40","4","1","1","5","4","6","6","1","1","1","4","1","1","15","2","9","5","4","C03","7","9","1","10","2","11","","85","85","1","13","4","120.644552","24.194331","2"
"3185","66000","387130000C","(04)23274275","(04)23288582","2026","1","8","16","38","臺中市","太平區","0","2","0","7","2","6","30","4","1","1","5","4","6","6","4","4","10","5","5","2","15","2","9","2","1","C03","7","9","1","10","2","12","","12","12","1","13","4","120.723869","24.141424","2"
"3186","66000","387130000C","(04)23274275","(04)23288582","2026","1","8","16","39","臺中市","南屯區","0","2","0","7","3","6","50","13","9","1","5","4","6","6","4","4","9","5","4","2","17","2","9","1","1","C03","7","11","1","10","2","14","","20","20","1","12","4","120.61041","24.133328","2"
"3187","66000","387130000C","(04)23274275","(04)23288582","2026","1","8","16","41","臺中市","北區","0","0","0","7","","","40","","","","","","","","","","","","","","16","","","","","C03","","","1","","1","","","84","84","1","12","4","120.663985","24.157598","3"
"3188","66000","387130000C","(04)23274275","(04)23288582","2026","1","8","16","48","臺中市","北屯區","0","0","0","7","","","50","","","","","","","","","","","","","","17","","","","","B03","","","1","","1","","","84","84","1","6","4","120.69084","24.173219","3"
"3189","66000","387130000C","(04)23274275","(04)23288582","2026","1","8","16","50","臺中市","北區","0","1","0","7","2","6","30","4","1","1","5","4","6","6","4","4","5","5","5","2","17","2","9","5","1","C03","7","9","1","10","2","14","","15","15","1","13","4","120.679946","24.151512","2"
"3190","66000","387130000C","(04)23274275","(04)23288582","2026","1","8","16","51","臺中市","北區","0","0","0","7","","","50","","","","","","","","","","","","","","13","","","","","B03","","","5","","1","","","59","59","1","13","4","120.679202","24.152477","3"
"3191","66000","387130000C","(04)23274275","(04)23288582","2026","1","8","16","53","臺中市","太平區","0","1","0","7","3","6","50","3","7","1","5","4","6","6","4","4","5","5","4","1","13","2","9","1","1","C03","7","9","1","10","2","11","","58","58","1","12","4","120.71758","24.148756","2"
"3192","66000","387130000C","(04)23274275","(04)23288582","2026","1","8","17","0","臺中市","北屯區","0","1","0","7","3","6","50","4","1","1","5","4","6","6","1","1","10","5","5","2","16","2","9","4","1","F01","7","6","7","21","2","14","","48","48","1","3","4","120.713289","24.167225","2"
"3193","66000","387130000C","(04)23274275","(04)23288582","2026","1","8","17","3","臺中市","大里區","0","0","0","7","","","50","","","","","","","","","","","","","","11","","","","","F03","","","1","","2","","","84","84","1","13","4","120.689746","24.106648","3"
"3194","66000","387130000C","(04)23274275","(04)23288582","2026","1","8","17","8","臺中市","大里區","0","0","0","7","","","50","","","","","","","","","","","","","","","","","","","B03","","","5","","2","","","7","7","1","12","4","120.70265","24.100967","3"
"3195","66000","387130000C","(04)23274275","(04)23288582","2026","1","8","17","9","臺中市","西屯區","0","1","0","7","2","6","40","13","8","1","5","4","6","6","4","4","1","5","1","2","12","3","10","3","1","B03","7","1","1","8","2","4","","51","51","1","12","4","120.637853","24.159294","2"
"3196","66000","387130000C","(04)23274275","(04)23288582","2026","1","8","17","10","臺中市","豐原區","0","0","0","7","","","50","","","","","","","","","","","","","","17","","","","","B03","","","1","","2","","","8","8","1","13","4","120.722506","24.254721","3"
"3197","66000","387130000C","(04)23274275","(04)23288582","2026","1","8","17","11","臺中市","潭子區","0","0","0","7","","","30","","","","","","","","","","","","","","","","","","","B03","","","1","","2","","","84","84","1","13","4","120.695518","24.212928","3"
"3198","66000","387130000C","(04)23274275","(04)23288582","2026","1","8","17","11","臺中市","東區","0","0","0","7","","","40","","","","","","","","","","","","","","16","","","","","B03","","","1","","1","","","87","87","1","12","4","120.699655","24.144697","3"
"3199","66000","387130000C","(04)23274275","(04)23288582","2026","1","8","17","11","臺中市","南區","0","1","0","7","3","6","30","4","1","1","5","4","6","6","4","4","10","5","5","2","15","3","10","3","1","B02","7","9","1","8","2","8","","84","84","1","6","4","120.680213","24.120599","2"
"3200","66000","387130000C","(04)23274275","(04)23288582","2026","1","8","17","11","臺中市","清水區","0","0","0","7","","","50","","","","","","","","","","","","","","","","","","","B03","","","1","","2","","","51","51","1","12","4","120.541367","24.279596","3"
"3201","66000","387130000C","(04)23274275","(04)23288582","2026","1","8","17","11","臺中市","后里區","0","1","0","7","3","6","40","13","7","1","5","4","6","6","4","4","9","4","4","1","17","3","10","3","1","B03","7","1","1","8","2","8","","20","20","1","6","4","120.71872","24.30949","2"
"3202","66000","387130000C","(04)23274275","(04)23288582","2026","1","8","17","13","臺中市","大肚區","0","0","0","7","","","50","","","","","","","","","","","","","","","","","","","B11","","","1","","2","","","84","84","1","6","4","120.551779","24.136938","3"
"3203","66000","387130000C","(04)23274275","(04)23288582","2026","1","8","17","14","臺中市","龍井區","0","0","0","7","","","30","","","","","","","","","","","","","","14","","","","","B03","","","1","","2","","","49","49","1","6","4","120.584258","24.180597","3"
"3204","66000","387130000C","(04)23274275","(04)23288582","2026","1","8","17","15","臺中市","中區","0","1","0","7","1","6","50","3","2","1","5","4","6","6","4","4","5","4","5","2","16","3","10","2","1","C03","7","9","1","10","2","12","","39","39","1","13","4","120.681383","24.144176","2"
"3205","66000","387130000C","(04)23274275","(04)23288582","2026","1","8","17","16","臺中市","北區","0","1","0","7","1","6","50","4","1","1","5","4","6","6","1","1","10","5","5","2","16","3","10","3","1","B03","7","6","1","8","2","6","","48","48","1","13","4","120.675884","24.171452","2"
"3206","66000","387130000C","(04)23274275","(04)23288582","2026","1","8","17","16","臺中市","西屯區","0","2","0","7","2","6","50","13","8","1","5","4","6","6","4","4","9","5","4","2","16","2","9","5","4","C03","7","1","1","10","2","15","","51","51","1","13","4","120.637327","24.174229","2"
"3207","66000","387130000C","(04)23274275","(04)23288582","2026","1","8","17","16","臺中市","神岡區","0","1","0","7","1","6","50","13","9","1","5","4","6","6","4","4","5","4","4","2","18","2","9","2","4","C03","7","9","1","10","2","14","","84","84","1","12","4","120.677754","24.250122","2"
"3208","66000","387130000C","(04)23274275","(04)23288582","2026","1","8","17","17","臺中市","西區","0","0","0","7","","","50","","","","","","","","","","","","","","","","","","","C03","","","1","","1","","","7","7","1","13","4","120.66194","24.150119","4"