序號,縣市別代碼,機關代碼,市話,傳真,年,月,日,時,分,縣市,區,死亡數量,受傷數量,2-30,天候,道路照明設備,道路類別,道路速限,道路型態,事故位置,路面鋪裝,路面狀態,路面缺陷,障礙物,視距,號誌種類,號誌動作,分向設施,快車道或一般車道間,快慢車道間,路面邊線,事故類型及型態,受傷程度,主要傷處,保護裝備,行動電話或功能裝置,當事者區分(類別),車輛用途,當事者行動狀態,駕照狀態,駕照種類,飲酒情形,車輛撞擊部位最初,車輛撞擊部位其他,肇事因素個別,肇事因素主要,肇事逃逸,職業,共享經濟或外送平台,GPS座標X,GPS座標Y,事故類別
"3209","66000","387130000C","(04)23274275","(04)23288582","2026","1","8","17","17","臺中市","北屯區","0","1","0","7","1","6","50","4","2","1","5","4","6","6","4","4","5","4","5","2","17","3","10","1","1","C03","7","6","1","10","2","13","","20","20","1","13","4","120.684595","24.173569","2"
"3210","66000","387130000C","(04)23274275","(04)23288582","2026","1","8","17","18","臺中市","霧峰區","0","0","0","6","","","50","","","","","","","","","","","","","","13","","","","","B03","","","1","","1","","","62","62","1","12","4","120.691587","24.057859","3"
"3211","66000","387130000C","(04)23274275","(04)23288582","2026","1","8","17","19","臺中市","大里區","0","1","0","7","1","6","50","3","1","1","5","4","6","6","3","1","5","5","5","1","3","3","10","3","1","B03","7","6","1","8","2","5","","58","58","1","6","4","120.684259","24.117057","2"
"3212","66000","387130000C","(04)23274275","(04)23288582","2026","1","8","17","20","臺中市","南屯區","0","1","0","7","3","6","40","13","8","1","5","4","6","6","4","4","5","5","4","2","16","3","10","2","4","C03","7","5","1","10","2","13","","65","65","1","6","4","120.609646","24.138271","2"
"3213","66000","387130000C","(04)23274275","(04)23288582","2026","1","8","17","20","臺中市","北屯區","0","1","0","7","2","6","50","13","9","1","5","4","6","6","1","1","10","5","5","2","13","3","10","5","4","B03","7","9","1","8","1","1","","7","7","1","12","4","120.724715","24.175041","2"
"3214","66000","387130000C","(04)23274275","(04)23288582","2026","1","8","17","20","臺中市","太平區","0","0","0","7","","","50","","","","","","","","","","","","","","17","","","","","B03","","","1","","2","","","51","51","1","13","4","120.704791","24.1613","3"
"3215","66000","387130000C","(04)23274275","(04)23288582","2026","1","8","17","20","臺中市","太平區","0","1","0","7","2","6","50","3","1","1","5","4","6","6","4","4","10","5","5","2","13","2","7","2","1","C03","7","9","1","10","2","11","","7","7","1","13","4","120.734172","24.143938","2"
"3216","66000","387130000C","(04)23274275","(04)23288582","2026","1","8","17","22","臺中市","大甲區","0","2","0","7","3","6","50","3","1","1","5","4","6","6","4","4","10","5","5","2","17","2","9","1","1","C03","7","1","1","10","2","12","","51","51","1","6","4","120.61354","24.352129","2"
"3217","66000","387130000C","(04)23274275","(04)23288582","2026","1","8","17","24","臺中市","太平區","0","1","0","7","3","6","50","4","1","1","5","4","6","6","1","1","10","5","5","2","16","2","8","1","1","C03","7","9","1","10","2","11","","20","20","1","12","4","120.724554","24.130126","2"
"3218","66000","387130000C","(04)23274275","(04)23288582","2026","1","8","17","24","臺中市","石岡區","0","0","0","7","","","40","","","","","","","","","","","","","","12","","","","","C03","","","1","","1","","","7","7","1","13","4","120.784572","24.274504","3"
"3219","66000","387130000C","(04)23274275","(04)23288582","2026","1","8","17","25","臺中市","東區","0","1","0","7","1","6","50","4","1","1","5","4","6","6","1","1","9","4","5","2","11","3","10","3","1","B03","7","6","1","8","2","5","2","11","11","1","12","4","120.690279","24.126364","2"
"3220","66000","387130000C","(04)23274275","(04)23288582","2026","1","8","17","26","臺中市","大甲區","0","0","0","7","","","70","","","","","","","","","","","","","","","","","","","B03","","","1","","2","","","7","7","1","12","4","120.650095","24.379548","3"
"3221","66000","387130000C","(04)23274275","(04)23288582","2026","1","8","17","32","臺中市","北屯區","0","0","0","7","","","40","","","","","","","","","","","","","","13","","","","","C03","","","1","","1","","","7","7","1","12","4","120.689355","24.162887","3"
"3222","66000","387130000C","(04)23274275","(04)23288582","2026","1","8","17","33","臺中市","北屯區","0","0","0","7","","","30","","","","","","","","","","","","","","17","","","","","B03","","","1","","2","","","51","51","1","12","4","120.680173","24.174557","3"
"3223","66000","387130000C","(04)23274275","(04)23288582","2026","1","8","17","33","臺中市","西屯區","0","0","0","7","","","50","","","","","","","","","","","","","","13","","","","","B03","","","1","","1","","","58","58","1","12","4","120.665871","24.178255","3"
"3224","66000","387130000C","(04)23274275","(04)23288582","2026","1","8","17","34","臺中市","南屯區","0","1","0","7","1","6","50","4","1","1","5","4","6","6","2","1","5","4","4","2","17","2","9","2","1","C03","7","9","1","10","2","14","","59","59","1","12","4","120.641479","24.132116","2"
"3225","66000","387130000C","(04)23274275","(04)23288582","2026","1","8","17","35","臺中市","南區","0","1","0","7","1","6","50","13","9","1","5","4","6","6","4","4","1","4","5","2","18","2","9","2","1","C03","7","9","1","10","2","14","","84","84","1","12","4","120.670412","24.118998","2"
"3226","66000","387130000C","(04)23274275","(04)23288582","2026","1","8","17","35","臺中市","北屯區","0","1","0","7","1","6","50","13","9","1","5","4","6","6","4","4","10","5","5","2","10","3","10","1","1","C03","7","9","1","10","2","11","","41","41","1","13","4","120.697727","24.190255","2"
"3227","66000","387130000C","(04)23274275","(04)23288582","2026","1","8","17","35","臺中市","清水區","0","2","0","7","3","9","40","4","2","1","5","4","6","6","1","1","8","3","4","1","17","2","9","1","1","C03","7","9","1","10","2","11","","58","58","1","12","4","120.566888","24.268497","2"
"3228","66000","387130000C","(04)23274275","(04)23288582","2026","1","8","17","35","臺中市","清水區","0","2","0","7","1","6","30","3","1","1","5","4","6","6","4","4","10","5","5","2","16","2","9","1","1","C03","7","6","1","10","2","14","","14","14","1","12","4","120.571577","24.279954","2"
"3229","66000","387130000C","(04)23274275","(04)23288582","2026","1","8","17","37","臺中市","西屯區","0","0","0","7","","3","80","","","","","","","","","","","","","","12","","","","","B03","","","1","","1","","","40","40","1","12","4","120.628233","24.161872","3"
"3230","66000","387130000C","(04)23274275","(04)23288582","2026","1","8","17","39","臺中市","北屯區","0","1","0","7","1","6","50","4","1","1","5","4","6","6","2","1","10","5","5","2","17","3","10","3","1","B11","7","6","1","4","2","1","","11","11","1","6","4","120.724566","24.169521","2"
"3231","66000","387130000C","(04)23274275","(04)23288582","2026","1","8","17","40","臺中市","太平區","0","2","0","7","3","6","50","4","1","1","5","4","6","6","4","4","10","5","5","2","15","3","10","3","1","B12","7","9","1","8","2","8","","12","12","1","12","4","120.719362","24.112901","2"
"3232","66000","387130000C","(04)23274275","(04)23288582","2026","1","8","17","40","臺中市","龍井區","0","1","0","7","1","6","50","13","8","1","5","4","6","6","4","4","1","4","4","1","12","3","10","3","1","B03","7","8","1","8","2","4","","40","40","1","12","4","120.537814","24.201207","2"
"3233","66000","387130000C","(04)23274275","(04)23288582","2026","1","8","17","41","臺中市","南區","0","0","0","7","","","50","","","","","","","","","","","","","","12","","","","","B03","","","1","","1","","","84","84","1","12","4","120.658741","24.1172","3"
"3234","66000","387130000C","(04)23274275","(04)23288582","2026","1","8","17","42","臺中市","神岡區","0","2","0","7","2","6","50","4","1","1","5","4","6","6","1","1","10","5","5","2","16","2","9","5","4","C03","7","6","1","10","2","11","","48","48","1","12","4","120.711235","24.261463","2"
"3235","66000","387130000C","(04)23274275","(04)23288582","2026","1","8","17","44","臺中市","南區","0","1","0","7","1","6","50","13","12","1","5","4","6","6","4","4","9","4","4","2","12","3","10","5","4","B03","7","7","1","8","2","2","","40","40","1","12","4","120.660486","24.132759","2"
"3236","66000","387130000C","(04)23274275","(04)23288582","2026","1","8","17","44","臺中市","石岡區","0","0","0","7","","","70","","","","","","","","","","","","","","12","","","","","B03","","","1","","1","","","40","40","1","13","4","120.773491","24.274845","3"
"3237","66000","387130000C","(04)23274275","(04)23288582","2026","1","8","17","47","臺中市","南屯區","0","1","0","7","1","6","50","13","8","1","5","4","6","6","4","4","1","4","1","2","12","2","8","1","1","C03","7","9","1","10","1","11","","7","7","1","12","4","120.623739","24.14985","2"
"3238","66000","387130000C","(04)23274275","(04)23288582","2026","1","8","17","47","臺中市","烏日區","0","0","0","7","","","50","","","","","","","","","","","","","","","","","","","B03","","","1","","1","","","84","84","1","13","4","120.646718","24.085892","3"
"3239","66000","387130000C","(04)23274275","(04)23288582","2026","1","8","17","47","臺中市","外埔區","0","2","0","7","1","6","50","13","8","1","5","4","6","6","4","4","9","5","4","1","3","2","9","6","5","H01","8","16","7","21","10","17","","98","98","1","12","5","120.655399","24.32993","2"
"3240","66000","387130000C","(04)23274275","(04)23288582","2026","1","8","17","48","臺中市","南區","0","0","0","7","","","50","","","","","","","","","","","","","","","","","","","C03","","","1","","1","","","51","51","1","6","4","120.671972","24.126984","3"
"3241","66000","387130000C","(04)23274275","(04)23288582","2026","1","8","17","49","臺中市","南屯區","0","0","0","7","1","6","40","13","8","1","5","4","6","6","4","4","3","5","3","2","13","","","","","B03","","","1","","1","","","59","59","1","12","4","120.612089","24.150461","3"
"3242","66000","387130000C","(04)23274275","(04)23288582","2026","1","8","17","50","臺中市","北區","0","1","0","7","1","6","30","13","9","1","5","4","6","6","4","4","10","5","5","2","18","2","9","5","1","C03","7","9","1","10","2","14","","84","84","1","13","4","120.691001","24.149911","2"
"3243","66000","387130000C","(04)23274275","(04)23288582","2026","1","8","17","50","臺中市","龍井區","0","0","0","6","","","50","","","","","","","","","","","","","","1","","","","","B03","","","1","","2","","","85","85","1","6","4","120.592074","24.181495","3"
"3244","66000","387130000C","(04)23274275","(04)23288582","2026","1","8","17","50","臺中市","沙鹿區","0","1","0","7","1","6","50","13","9","1","5","4","6","6","4","4","9","5","5","2","17","3","10","2","1","C03","7","1","1","10","2","14","","51","51","1","6","4","120.57021","24.237221","2"
"3245","66000","387130000C","(04)23274275","(04)23288582","2026","1","8","17","52","臺中市","北屯區","0","0","0","7","","3","40","","","","","","","","","","","","","","12","","","","","B03","","","1","","1","","","2","2","1","6","4","120.672212","24.200878","3"
"3246","66000","387130000C","(04)23274275","(04)23288582","2026","1","8","17","52","臺中市","大里區","0","1","0","7","1","6","50","3","1","1","5","4","6","6","4","4","5","5","5","1","16","2","9","2","1","F03","7","4","7","21","2","14","","1","1","1","13","4","120.727503","24.088484","2"
"3247","66000","387130000C","(04)23274275","(04)23288582","2026","1","8","17","56","臺中市","北區","0","0","0","7","","","","","","","","","","","","","","","","","13","","","","","","","","","","","","","86","86","1","","","120.671848","24.172507","3"
"3248","66000","387130000C","(04)23274275","(04)23288582","2026","1","8","17","56","臺中市","南屯區","0","2","0","7","1","6","50","4","9","1","5","4","6","6","2","1","10","5","5","2","13","2","9","2","4","C03","7","9","1","10","2","11","","7","7","1","6","4","120.649924","24.140223","2"
"3249","66000","387130000C","(04)23274275","(04)23288582","2026","1","8","17","57","臺中市","北屯區","0","1","0","7","1","6","50","13","7","1","5","4","6","6","4","4","9","4","4","2","13","2","8","1","1","C03","7","9","1","10","2","11","","7","7","1","13","4","120.669784","24.177721","2"
"3250","66000","387130000C","(04)23274275","(04)23288582","2026","1","8","17","57","臺中市","龍井區","0","0","0","7","","","50","","","","","","","","","","","","","","","","","","","B03","","","1","","1","","","7","7","1","12","4","120.508844","24.200514","3"
"3251","66000","387130000C","(04)23274275","(04)23288582","2026","1","8","17","57","臺中市","清水區","0","0","0","7","","","50","","","","","","","","","","","","","","","","","","","B03","","","1","","2","","","50","50","2","12","4","120.562904","24.27526","3"
"3252","66000","387130000C","(04)23274275","(04)23288582","2026","1","8","17","58","臺中市","潭子區","0","0","0","7","","","60","","","","","","","","","","","","","","","","","","","C03","","","3","","2","","","7","7","1","13","4","120.702671","24.196317","3"
"3253","66000","387130000C","(04)23274275","(04)23288582","2026","1","8","18","0","臺中市","大甲區","0","0","0","7","","","50","","","","","","","","","","","","","","","","","","","B03","","","1","","1","","","7","7","1","6","4","120.6423","24.366261","3"
"3254","66000","387130000C","(04)23274275","(04)23288582","2026","1","8","18","1","臺中市","北屯區","0","0","0","7","","","50","","","","","","","","","","","","","","13","","","","","B03","","","1","","2","","","7","7","1","12","4","120.692865","24.200643","3"
"3255","66000","387130000C","(04)23274275","(04)23288582","2026","1","8","18","2","臺中市","龍井區","0","0","0","7","","","30","","","","","","","","","","","","","","10","","","","","C03","","","1","","1","","","41","41","1","6","4","120.592159","24.181049","4"
"3256","66000","387130000C","(04)23274275","(04)23288582","2026","1","8","18","3","臺中市","大里區","0","3","0","7","3","6","50","13","9","1","5","4","6","6","3","1","5","4","5","1","13","2","9","5","4","C03","7","9","1","10","2","11","","7","7","1","13","4","120.684466","24.115237","2"
"3257","66000","387130000C","(04)23274275","(04)23288582","2026","1","8","18","5","臺中市","太平區","0","0","0","6","","","50","","","","","","","","","","","","","","","","","","","C03","","","3","","2","","","58","58","1","12","4","120.70606","24.149637","3"
"3258","66000","387130000C","(04)23274275","(04)23288582","2026","1","8","18","8","臺中市","大里區","0","1","0","7","1","6","50","4","1","1","5","4","6","6","2","1","5","5","5","1","17","2","9","1","1","C03","7","9","1","10","2","14","","84","84","1","6","2","120.68185","24.109813","2"
"3259","66000","387130000C","(04)23274275","(04)23288582","2026","1","8","18","12","臺中市","南屯區","0","2","0","7","1","6","50","13","9","1","5","4","6","6","4","4","5","4","4","2","17","2","8","1","1","C03","7","7","1","10","2","12","","40","40","1","6","4","120.617294","24.139434","2"
"3260","66000","387130000C","(04)23274275","(04)23288582","2026","1","8","18","12","臺中市","太平區","0","0","0","7","","","40","","","","","","","","","","","","","","13","","","","","C03","","","1","","1","","","84","84","1","13","4","120.727626","24.150011","3"
"3261","66000","387130000C","(04)23274275","(04)23288582","2026","1","8","18","12","臺中市","沙鹿區","0","2","0","7","1","6","30","13","9","1","5","4","6","6","4","4","10","5","5","2","16","2","9","2","1","C03","7","6","1","9","2","11","","84","84","1","6","4","120.565036","24.248692","2"
"3262","66000","387130000C","(04)23274275","(04)23288582","2026","1","8","18","13","臺中市","北屯區","0","0","0","7","","","50","","","","","","","","","","","","","","","","","","","B03","","","1","","1","","","84","84","1","13","4","120.716109","24.165708","3"
"3263","66000","387130000C","(04)23274275","(04)23288582","2026","1","8","18","15","臺中市","南屯區","0","1","0","7","2","6","50","4","1","1","5","4","6","6","4","4","9","4","5","2","13","2","9","1","1","C03","7","9","1","10","2","11","","7","7","1","12","4","120.629346","24.117878","2"
"3264","66000","387130000C","(04)23274275","(04)23288582","2026","1","8","18","15","臺中市","北屯區","0","1","0","7","1","6","30","13","9","1","5","4","6","6","4","4","10","5","5","2","12","3","10","1","1","C03","7","15","1","10","2","14","","84","84","1","12","4","120.671515","24.178089","2"
"3265","66000","387130000C","(04)23274275","(04)23288582","2026","1","8","18","15","臺中市","后里區","0","1","0","7","1","6","40","11","9","1","5","4","6","6","4","4","5","5","5","1","17","3","10","3","1","B03","7","8","1","8","2","8","","20","20","1","6","4","120.718639","24.311853","2"
"3266","66000","387130000C","(04)23274275","(04)23288582","2026","1","8","18","16","臺中市","沙鹿區","0","1","0","7","1","6","50","13","9","1","5","4","6","6","4","4","9","5","5","1","17","3","10","3","1","B03","7","1","1","8","2","4","","51","51","1","12","4","120.551181","24.232102","2"
"3267","66000","387130000C","(04)23274275","(04)23288582","2026","1","8","18","17","臺中市","西屯區","0","0","0","7","","","50","","","","","","","","","","","","","","13","","","","","B03","","","1","","1","","","94","94","1","13","4","120.618147","24.184874","3"
"3268","66000","387130000C","(04)23274275","(04)23288582","2026","1","8","18","17","臺中市","大里區","0","1","0","7","1","6","50","4","1","1","5","4","6","6","4","4","10","5","5","2","16","2","8","1","1","C03","7","9","1","10","2","14","","12","12","1","12","4","120.69297","24.086336","2"
"3269","66000","387130000C","(04)23274275","(04)23288582","2026","1","8","18","18","臺中市","南屯區","0","0","0","7","1","6","50","13","9","1","5","4","6","6","1","1","3","4","5","2","13","","","","","B03","","","1","","1","","","7","7","1","12","4","120.616332","24.153576","3"
"3270","66000","387130000C","(04)23274275","(04)23288582","2026","1","8","18","18","臺中市","龍井區","0","1","0","7","1","6","50","13","9","1","5","4","6","6","4","4","5","5","5","1","28","2","9","1","1","C03","7","9","1","10","2","11","","87","87","1","6","4","120.582005","24.177112","2"
"3271","66000","387130000C","(04)23274275","(04)23288582","2026","1","8","18","20","臺中市","西屯區","0","0","0","7","","","50","","","","","","","","","","","","","","13","","","","","C03","","","1","","1","","","7","7","1","12","4","120.6684","24.17804","3"
"3272","66000","387130000C","(04)23274275","(04)23288582","2026","1","8","18","21","臺中市","潭子區","0","1","0","7","1","6","30","4","1","1","5","4","6","6","3","1","10","5","5","2","15","3","10","2","1","C03","7","9","1","10","2","11","","58","58","1","12","4","120.701906","24.193696","2"
"3273","66000","387130000C","(04)23274275","(04)23288582","2026","1","8","18","21","臺中市","北屯區","0","1","0","7","1","6","50","13","7","1","5","4","6","6","2","1","5","4","4","2","13","2","9","2","1","C03","7","9","1","9","2","11","","85","85","1","12","4","120.696845","24.164864","2"
"3274","66000","387130000C","(04)23274275","(04)23288582","2026","1","8","18","22","臺中市","西區","0","1","0","7","1","6","50","13","8","1","5","4","6","6","4","4","1","4","4","2","17","3","10","3","1","B02","7","1","1","8","2","8","","51","51","1","13","4","120.664323","24.14001","2"
"3275","66000","387130000C","(04)23274275","(04)23288582","2026","1","8","18","26","臺中市","東區","0","0","0","7","","","50","","","","","","","","","","","","","","","","","","","A04","","","1","","1","","","78","78","1","12","4","120.693464","24.133077","3"
"3276","66000","387130000C","(04)23274275","(04)23288582","2026","1","8","18","26","臺中市","太平區","0","1","0","7","1","3","40","10","16","1","5","4","6","6","4","4","1","4","4","1","13","3","10","3","1","B03","7","9","1","8","2","8","","84","84","1","13","4","120.714097","24.14843","2"
"3277","66000","387130000C","(04)23274275","(04)23288582","2026","1","8","18","27","臺中市","豐原區","0","0","0","7","1","6","50","13","8","1","5","4","6","6","4","4","5","5","4","2","14","3","10","3","1","B03","7","2","1","8","2","3","","49","49","1","12","4","120.733576","24.251799","3"
"3278","66000","387130000C","(04)23274275","(04)23288582","2026","1","8","18","28","臺中市","西區","0","0","0","7","","","50","","","","","","","","","","","","","","13","","","","","B03","","","1","","1","","","59","59","1","13","4","120.657502","24.150866","3"
"3279","66000","387130000C","(04)23274275","(04)23288582","2026","1","8","18","29","臺中市","霧峰區","0","0","0","7","","","30","","","","","","","","","","","","","","14","","","","","B03","","","1","","2","","","49","49","1","12","4","120.71709","24.072097","3"
"3280","66000","387130000C","(04)23274275","(04)23288582","2026","1","8","18","30","臺中市","大里區","0","0","0","7","","","50","","","","","","","","","","","","","","","","","","","F03","","","7","","2","","","4","4","1","13","4","120.715101","24.094427","3"
"3281","66000","387130000C","(04)23274275","(04)23288582","2026","1","8","18","31","臺中市","北區","0","1","0","7","1","6","50","13","9","1","5","4","6","6","4","4","1","4","5","2","17","2","9","1","1","C03","7","9","1","10","2","15","","84","84","1","13","4","120.683472","24.148091","2"
"3282","66000","387130000C","(04)23274275","(04)23288582","2026","1","8","18","32","臺中市","南屯區","0","0","0","7","1","6","50","13","9","1","5","4","6","6","1","1","5","4","5","2","13","","","","","B03","","","1","","2","","","7","7","1","12","4","120.649744","24.150436","3"
"3283","66000","387130000C","(04)23274275","(04)23288582","2026","1","8","18","32","臺中市","西屯區","0","2","0","7","1","6","50","12","8","1","5","4","6","6","4","4","5","4","4","2","16","3","10","5","4","B03","7","5","1","8","2","2","","84","84","1","12","4","120.605728","24.170696","2"
"3284","66000","387130000C","(04)23274275","(04)23288582","2026","1","8","18","33","臺中市","西區","0","4","0","6","2","6","50","4","1","1","5","4","6","6","1","1","10","5","5","2","17","2","9","1","1","C03","7","9","1","10","2","11","","7","7","1","12","4","120.654957","24.147145","2"
"3285","66000","387130000C","(04)23274275","(04)23288582","2026","1","8","18","35","臺中市","北區","0","1","0","7","1","6","50","4","1","1","5","4","6","6","1","1","1","4","5","2","16","3","10","3","1","B03","7","5","1","8","2","2","","47","47","1","12","4","120.683457","24.153517","2"
"3286","66000","387130000C","(04)23274275","(04)23288582","2026","1","8","18","35","臺中市","沙鹿區","0","0","0","7","","","60","","","","","","","","","","","","","","13","","","","","B03","","","1","","1","","","7","7","1","6","4","120.573102","24.230911","3"
"3287","66000","387130000C","(04)23274275","(04)23288582","2026","1","8","18","36","臺中市","西屯區","0","0","0","7","","","50","","","","","","","","","","","","","","13","","","","","C03","","","1","","1","","","7","7","1","13","4","120.615284","24.182747","3"
"3288","66000","387130000C","(04)23274275","(04)23288582","2026","1","8","18","40","臺中市","西屯區","0","1","0","7","1","6","60","13","7","1","5","4","6","6","1","1","3","4","3","2","13","3","10","3","1","B03","7","9","1","8","1","1","","7","7","1","12","4","120.644195","24.165661","2"
"3289","66000","387130000C","(04)23274275","(04)23288582","2026","1","8","18","40","臺中市","大里區","0","0","0","7","","3","80","","","","","","","","","","","","","","13","","","","","B03","","","1","","2","","","7","7","1","6","4","120.699237","24.113929","3"
"3290","66000","387130000C","(04)23274275","(04)23288582","2026","1","8","18","41","臺中市","霧峰區","0","1","0","6","1","6","50","13","9","1","5","4","6","6","4","4","9","5","5","1","16","3","10","3","1","B12","7","11","1","8","2","1","","46","46","1","12","4","120.709764","24.074211","2"
"3291","66000","387130000C","(04)23274275","(04)23288582","2026","1","8","18","42","臺中市","南屯區","0","0","0","7","","","50","","","","","","","","","","","","","","13","","","","","B03","","","1","","1","","","59","59","1","6","4","120.631844","24.144879","3"
"3292","66000","387130000C","(04)23274275","(04)23288582","2026","1","8","18","43","臺中市","西屯區","0","1","0","7","1","6","50","3","1","1","5","4","6","6","3","1","10","5","5","2","16","2","8","2","1","C03","7","9","1","10","1","11","","6","6","1","12","4","120.665183","24.178181","2"
"3293","66000","387130000C","(04)23274275","(04)23288582","2026","1","8","18","44","臺中市","龍井區","0","1","0","7","1","6","50","3","1","1","5","4","6","6","4","4","10","5","5","2","30","2","7","1","1","C03","7","6","1","10","9","12","","85","85","1","6","4","120.590187","24.180133","2"
"3294","66000","387130000C","(04)23274275","(04)23288582","2026","1","8","18","44","臺中市","東勢區","0","0","0","7","","","50","","","","","","","","","","","","","","","","","","","B03","","","1","","1","","","84","84","1","13","4","120.824159","24.262063","3"
"3295","66000","387130000C","(04)23274275","(04)23288582","2026","1","8","18","45","臺中市","北區","0","0","0","7","","","50","","","","","","","","","","","","","","17","","","","","C03","","","1","","2","","","26","26","1","13","4","120.683508","24.148272","3"
"3296","66000","387130000C","(04)23274275","(04)23288582","2026","1","8","18","45","臺中市","大里區","0","0","0","7","","","50","","","","","","","","","","","","","","","","","","","B03","","","1","","2","","","59","59","1","12","4","120.691554","24.086495","3"
"3297","66000","387130000C","(04)23274275","(04)23288582","2026","1","8","18","48","臺中市","南區","0","1","0","7","1","6","50","13","9","1","5","4","6","6","4","4","7","5","5","2","16","3","10","3","1","B03","7","6","1","8","2","2","","20","20","1","12","4","120.666816","24.113837","2"
"3298","66000","387130000C","(04)23274275","(04)23288582","2026","1","8","18","48","臺中市","西屯區","0","0","0","7","","","50","","","","","","","","","","","","","","17","","","","","B03","","","1","","1","","","26","26","1","13","4","120.653361","24.195265","3"
"3299","66000","387130000C","(04)23274275","(04)23288582","2026","1","8","18","50","臺中市","南區","0","0","0","7","","","50","","","","","","","","","","","","","","13","","","","","B03","","","1","","1","","","84","84","1","12","4","120.679307","24.131424","3"
"3300","66000","387130000C","(04)23274275","(04)23288582","2026","1","8","18","51","臺中市","沙鹿區","0","1","0","7","3","6","30","4","1","1","5","4","6","6","3","1","10","5","5","2","17","3","10","1","1","C03","7","9","1","10","2","16","","24","24","1","6","4","120.57373","24.229068","2"
"3301","66000","387130000C","(04)23274275","(04)23288582","2026","1","8","18","52","臺中市","太平區","0","2","0","7","1","6","50","13","9","1","5","4","6","6","4","4","5","5","5","2","3","2","5","6","5","H01","8","16","7","21","10","17","","95","95","1","13","5","120.716468","24.145444","2"
"3302","66000","387130000C","(04)23274275","(04)23288582","2026","1","8","18","54","臺中市","北區","0","0","0","7","","","50","","","","","","","","","","","","","","17","","","","","A12","","","1","","1","","","50","50","1","13","4","120.677848","24.152872","3"
"3303","66000","387130000C","(04)23274275","(04)23288582","2026","1","8","18","54","臺中市","北區","0","1","0","7","1","6","50","4","1","1","5","4","6","6","1","1","5","5","5","2","17","2","9","1","1","C03","7","9","1","10","1","12","","7","7","1","13","4","120.676567","24.160407","2"
"3304","66000","387130000C","(04)23274275","(04)23288582","2026","1","8","18","54","臺中市","南屯區","0","0","0","7","","","50","","","","","","","","","","","","","","","","","","","B03","","","1","","1","","","40","40","1","12","4","120.647958","24.137297","3"
"3305","66000","387130000C","(04)23274275","(04)23288582","2026","1","8","18","54","臺中市","南屯區","0","0","0","7","1","6","50","13","9","1","5","4","6","6","1","1","5","5","5","2","13","","","","","C03","","","1","","1","","","7","7","1","12","4","120.649498","24.149908","3"
"3306","66000","387130000C","(04)23274275","(04)23288582","2026","1","8","18","58","臺中市","北屯區","0","0","0","7","","3","40","","","","","","","","","","","","","","13","","","","","B03","","","1","","1","","","7","7","1","6","4","120.721017","24.171838","3"
"3307","66000","387130000C","(04)23274275","(04)23288582","2026","1","8","19","0","臺中市","豐原區","0","0","0","7","","","30","","","","","","","","","","","","","","14","","","","","B03","","","1","","1","","","49","49","1","6","4","120.730195","24.267878","3"
"3308","66000","387130000C","(04)23274275","(04)23288582","2026","1","8","19","2","臺中市","西區","0","2","0","7","1","6","40","4","8","1","5","4","6","6","2","1","1","3","1","2","13","2","9","2","1","C03","7","9","1","10","2","11","12","7","7","1","12","4","120.659209","24.156871","2"
"3309","66000","387130000C","(04)23274275","(04)23288582","2026","1","8","19","3","臺中市","東區","0","0","0","7","","","50","","","","","","","","","","","","","","","","","","","B03","","","1","","1","","","7","7","1","12","4","120.702041","24.140474","3"
"3310","66000","387130000C","(04)23274275","(04)23288582","2026","1","8","19","3","臺中市","北屯區","0","2","0","7","1","6","50","13","9","1","5","4","6","6","4","4","3","4","5","2","13","2","9","1","1","C03","7","9","1","10","2","11","","7","7","1","13","4","120.670397","24.17394","2"
"3311","66000","387130000C","(04)23274275","(04)23288582","2026","1","8","19","7","臺中市","豐原區","0","0","0","7","","","50","","","","","","","","","","","","","","17","","","","","A11","","","1","","2","","","8","8","2","12","4","120.715535","24.248068","3"
"3312","66000","387130000C","(04)23274275","(04)23288582","2026","1","8","19","10","臺中市","西屯區","0","1","0","7","1","6","50","13","9","1","5","4","6","6","4","4","5","4","5","2","13","2","8","5","4","C03","7","5","1","8","2","11","","7","7","1","13","4","120.644176","24.171624","2"
"3313","66000","387130000C","(04)23274275","(04)23288582","2026","1","8","19","14","臺中市","西屯區","0","0","0","7","","","50","","","","","","","","","","","","","","16","","","","","B01","","","1","","2","","","14","14","1","12","4","120.61525","24.186447","3"
"3314","66000","387130000C","(04)23274275","(04)23288582","2026","1","8","19","18","臺中市","西屯區","0","2","0","7","1","6","40","13","8","1","5","4","6","6","4","4","3","4","5","2","18","2","9","5","4","C03","7","9","1","10","2","16","","84","84","1","13","4","120.655558","24.159685","2"
"3315","66000","387130000C","(04)23274275","(04)23288582","2026","1","8","19","25","臺中市","北屯區","0","2","0","7","2","6","50","13","7","1","5","4","6","6","4","4","10","5","5","2","13","2","9","5","4","C03","7","9","1","10","2","11","","7","7","1","12","4","120.690662","24.173638","2"
"3316","66000","387130000C","(04)23274275","(04)23288582","2026","1","8","19","33","臺中市","清水區","0","1","0","7","3","6","30","4","1","1","5","4","6","6","4","4","9","4","5","1","17","2","9","1","1","C03","7","9","1","10","2","11","","12","12","1","12","4","120.564806","24.281986","2"
"3317","66000","387130000C","(04)23274275","(04)23288582","2026","1","8","19","33","臺中市","后里區","0","0","0","7","1","6","50","4","9","1","5","4","6","6","4","4","5","4","5","2","17","","","","","B01","","","1","","11","","","59","59","2","6","4","120.700936","24.326462","3"
"3318","66000","387130000C","(04)23274275","(04)23288582","2026","1","8","19","42","臺中市","西區","0","0","0","7","","","50","","","","","","","","","","","","","","","","","","","B03","","","1","","2","","","49","49","1","6","4","120.666382","24.136","3"