序號,縣市別代碼,機關代碼,市話,傳真,年,月,日,時,分,縣市,區,死亡數量,受傷數量,2-30,天候,道路照明設備,道路類別,道路速限,道路型態,事故位置,路面鋪裝,路面狀態,路面缺陷,障礙物,視距,號誌種類,號誌動作,分向設施,快車道或一般車道間,快慢車道間,路面邊線,事故類型及型態,受傷程度,主要傷處,保護裝備,行動電話或功能裝置,當事者區分(類別),車輛用途,當事者行動狀態,駕照狀態,駕照種類,飲酒情形,車輛撞擊部位最初,車輛撞擊部位其他,肇事因素個別,肇事因素主要,肇事逃逸,職業,共享經濟或外送平台,GPS座標X,GPS座標Y,事故類別
"3319","66000","387130000C","(04)23274275","(04)23288582","2026","1","8","19","42","臺中市","北屯區","0","1","0","7","1","6","50","4","2","1","5","4","6","6","1","1","3","4","5","2","12","3","10","3","1","B03","7","9","1","8","2","1","","84","84","1","13","4","120.701036","24.169546","2"
"3320","66000","387130000C","(04)23274275","(04)23288582","2026","1","8","19","43","臺中市","大里區","0","2","0","7","3","6","50","3","1","1","5","4","6","6","3","1","5","4","5","1","16","2","9","5","4","C03","7","6","1","10","2","11","","11","11","1","13","4","120.689439","24.117326","2"
"3321","66000","387130000C","(04)23274275","(04)23288582","2026","1","8","19","47","臺中市","西屯區","0","1","0","7","1","6","40","4","1","1","5","4","6","6","1","1","3","4","3","2","13","2","8","1","1","C03","7","9","1","10","1","11","","7","7","1","12","4","120.64937","24.162471","2"
"3322","66000","387130000C","(04)23274275","(04)23288582","2026","1","8","19","52","臺中市","南屯區","0","1","0","7","1","6","50","13","7","1","5","4","6","6","4","4","9","5","4","2","13","2","9","1","1","C03","7","9","1","10","1","11","","7","7","1","12","4","120.612202","24.1498","2"
"3323","66000","387130000C","(04)23274275","(04)23288582","2026","1","8","19","58","臺中市","大雅區","0","0","0","7","","","30","","","","","","","","","","","","","","","","","","","B03","","","1","","1","","","14","14","1","13","4","120.661602","24.226518","3"
"3324","66000","387130000C","(04)23274275","(04)23288582","2026","1","8","20","3","臺中市","西屯區","0","0","0","7","","","50","","","","","","","","","","","","","","13","","","","","C03","","","1","","1","","","59","59","1","13","4","120.615752","24.190229","3"
"3325","66000","387130000C","(04)23274275","(04)23288582","2026","1","8","20","5","臺中市","西區","0","1","0","6","1","6","40","13","8","1","5","4","6","6","4","4","1","5","5","2","17","3","10","3","1","B03","7","9","1","8","2","2","","8","8","1","13","4","120.664617","24.15408","2"
"3326","66000","387130000C","(04)23274275","(04)23288582","2026","1","8","20","6","臺中市","西區","0","2","0","7","1","6","40","4","2","1","5","4","6","6","2","1","1","4","4","2","13","2","9","1","1","C03","7","9","1","10","1","11","","59","59","1","13","4","120.657158","24.15235","2"
"3327","66000","387130000C","(04)23274275","(04)23288582","2026","1","8","20","8","臺中市","大雅區","0","2","0","7","1","6","50","4","1","1","5","4","6","6","4","4","10","5","5","2","17","2","9","2","1","C03","7","9","3","19","2","11","","20","20","1","12","4","120.656804","24.225835","2"
"3328","66000","387130000C","(04)23274275","(04)23288582","2026","1","8","20","12","臺中市","龍井區","0","0","0","7","","","30","","","","","","","","","","","","","","12","","","","","B03","","","1","","10","","","76","76","1","6","4","120.525686","24.207803","3"
"3329","66000","387130000C","(04)23274275","(04)23288582","2026","1","8","20","20","臺中市","大雅區","0","0","0","7","","","50","","","","","","","","","","","","","","","","","","","B12","","","5","","1","","","50","50","1","13","4","120.650758","24.216499","3"
"3330","66000","387130000C","(04)23274275","(04)23288582","2026","1","8","20","22","臺中市","西區","0","0","0","7","","","50","","","","","","","","","","","","","","12","","","","","B03","","","5","","2","","","7","7","1","12","4","120.657381","24.135235","3"
"3331","66000","387130000C","(04)23274275","(04)23288582","2026","1","8","20","24","臺中市","北區","0","1","0","7","1","6","30","13","9","1","5","4","6","6","4","4","10","5","5","2","17","3","10","3","1","B03","7","1","1","8","2","5","","51","51","1","12","4","120.664584","24.164437","2"
"3332","66000","387130000C","(04)23274275","(04)23288582","2026","1","8","20","24","臺中市","霧峰區","0","0","0","7","","","50","","","","","","","","","","","","","","","","","","","B03","","","1","","2","","","50","50","1","12","4","120.696816","24.0632","3"
"3333","66000","387130000C","(04)23274275","(04)23288582","2026","1","8","20","26","臺中市","西區","0","0","0","7","","","50","","","","","","","","","","","","","","13","","","","","B03","","","1","","1","","","59","59","1","13","4","120.660532","24.150747","3"
"3334","66000","387130000C","(04)23274275","(04)23288582","2026","1","8","20","28","臺中市","西屯區","0","0","0","7","","","60","","","","","","","","","","","","","","12","","","","","B03","","","1","","1","","","8","8","1","12","4","120.641149","24.167692","3"
"3335","66000","387130000C","(04)23274275","(04)23288582","2026","1","8","20","30","臺中市","西區","0","0","0","7","","","50","","","","","","","","","","","","","","","","","","","B03","","","1","","2","","","49","49","1","6","4","120.664499","24.147852","3"
"3336","66000","387130000C","(04)23274275","(04)23288582","2026","1","8","20","42","臺中市","潭子區","0","0","0","7","","","50","","","","","","","","","","","","","","","","","","","C03","","","1","","2","","","7","7","1","12","4","120.70072","24.216181","3"
"3337","66000","387130000C","(04)23274275","(04)23288582","2026","1","8","20","44","臺中市","西屯區","0","1","0","7","1","6","50","13","9","1","5","4","6","6","3","1","5","5","5","2","13","2","8","5","4","C03","7","9","1","10","2","11","","7","7","1","13","4","120.638358","24.181198","2"
"3338","66000","387130000C","(04)23274275","(04)23288582","2026","1","8","20","44","臺中市","豐原區","0","1","0","7","2","6","50","9","8","1","5","4","6","6","4","4","5","5","5","1","12","2","9","1","1","C03","7","9","1","10","2","14","","84","84","1","12","4","120.720308","24.250591","2"
"3339","66000","387130000C","(04)23274275","(04)23288582","2026","1","8","20","46","臺中市","南區","0","0","0","7","","","50","","","","","","","","","","","","","","13","","","","","B03","","","1","","1","","","84","84","1","12","4","120.657407","24.129679","3"
"3340","66000","387130000C","(04)23274275","(04)23288582","2026","1","8","21","3","臺中市","南屯區","0","0","0","7","","","50","","","","","","","","","","","","","","17","","","","","B03","","","1","","1","","","45","45","1","12","4","120.636137","24.15431","3"
"3341","66000","387130000C","(04)23274275","(04)23288582","2026","1","8","21","6","臺中市","西區","0","0","0","7","","","50","","","","","","","","","","","","","","","","","","","C03","","","1","","9","","","43","43","1","12","4","120.672801","24.148423","3"
"3342","66000","387130000C","(04)23274275","(04)23288582","2026","1","8","21","6","臺中市","南區","0","1","0","7","1","6","50","13","9","1","5","4","6","6","4","4","5","4","5","2","17","3","10","3","1","B03","7","1","1","8","2","8","","51","51","1","12","4","120.662611","24.116873","2"
"3343","66000","387130000C","(04)23274275","(04)23288582","2026","1","8","21","20","臺中市","北區","0","0","0","7","","","0","","","","","","","","","","","","","","17","","","","","C03","","","1","","2","","","84","84","1","13","4","120.684106","24.14638","3"
"3344","66000","387130000C","(04)23274275","(04)23288582","2026","1","8","21","30","臺中市","西屯區","0","0","0","7","","","50","","","","","","","","","","","","","","30","","","","","C03","","","1","","2","","","87","87","1","12","4","120.640715","24.161456","3"
"3345","66000","387130000C","(04)23274275","(04)23288582","2026","1","8","21","33","臺中市","北區","0","0","0","7","","","50","","","","","","","","","","","","","","16","","","","","B03","","","1","","1","","","14","14","1","13","4","120.674582","24.161615","3"
"3346","66000","387130000C","(04)23274275","(04)23288582","2026","1","8","21","36","臺中市","南區","0","0","0","7","","","50","","","","","","","","","","","","","","13","","","","","B03","","","5","","2","","","7","7","1","12","4","120.67926","24.119028","3"
"3347","66000","387130000C","(04)23274275","(04)23288582","2026","1","8","21","38","臺中市","北屯區","0","1","0","7","1","6","50","3","8","1","5","4","6","6","4","4","1","5","5","2","18","2","8","1","1","F02","7","9","7","21","2","12","","91","91","1","6","4","120.693302","24.161941","2"
"3348","66000","387130000C","(04)23274275","(04)23288582","2026","1","8","21","41","臺中市","北屯區","0","0","0","7","","","50","","","","","","","","","","","","","","11","","","","","C03","","","1","","9","","","42","42","1","6","4","120.683826","24.177631","3"
"3349","66000","387130000C","(04)23274275","(04)23288582","2026","1","8","21","44","臺中市","大肚區","0","1","0","7","1","6","30","13","9","1","5","4","6","6","4","4","10","5","5","1","19","2","9","2","1","C03","7","9","1","10","11","14","","59","59","1","6","4","120.535262","24.167974","2"
"3350","66000","387130000C","(04)23274275","(04)23288582","2026","1","8","22","2","臺中市","豐原區","0","2","0","7","1","6","50","4","9","1","5","4","6","6","2","1","5","5","4","2","18","2","9","1","1","C03","7","6","1","10","2","16","","84","84","1","12","4","120.710564","24.243901","2"
"3351","66000","387130000C","(04)23274275","(04)23288582","2026","1","8","22","5","臺中市","大里區","0","2","0","7","1","6","50","13","9","1","5","4","6","6","4","4","5","5","5","1","17","2","9","1","1","C03","7","9","1","10","2","11","12","4","4","1","6","4","120.702499","24.111027","2"
"3352","66000","387130000C","(04)23274275","(04)23288582","2026","1","8","22","21","臺中市","西區","0","1","0","7","1","6","50","3","2","1","5","4","6","6","2","1","5","4","5","1","18","2","9","2","1","C03","7","9","1","10","2","14","","84","84","1","13","4","120.6735","24.136627","2"
"3353","66000","387130000C","(04)23274275","(04)23288582","2026","1","8","22","43","臺中市","西區","0","0","0","7","","","30","","","","","","","","","","","","","","17","","","","","B03","","","1","","1","","","59","59","1","13","4","120.658125","24.145387","3"
"3354","66000","387130000C","(04)23274275","(04)23288582","2026","1","8","23","6","臺中市","北區","0","1","0","7","1","6","50","11","9","1","5","4","6","6","4","4","5","4","5","2","18","2","9","1","1","C03","7","9","1","10","2","12","","59","59","1","5","4","120.685226","24.143096","2"
"3355","66000","387130000C","(04)23274275","(04)23288582","2026","1","8","23","22","臺中市","北屯區","0","2","0","7","1","6","50","4","1","1","5","4","6","6","1","1","10","5","5","2","15","2","9","1","1","C03","7","9","1","10","2","11","12","21","21","1","12","4","120.715832","24.1681","2"
"3356","66000","387130000C","(04)23274275","(04)23288582","2026","1","8","23","25","臺中市","北屯區","0","0","0","7","","","","","","","","","","","","","","","","","17","","","","","","","","","","","","","119","119","1","","","120.689377","24.178192","3"
"3357","66000","387130000C","(04)23274275","(04)23288582","2026","1","8","23","28","臺中市","西區","0","0","0","7","","","50","","","","","","","","","","","","","","","","","","","B03","","","1","","1","","","84","84","1","12","4","120.66871","24.131904","3"
"3358","66000","387130000C","(04)23274275","(04)23288582","2026","1","8","23","33","臺中市","潭子區","0","0","0","6","","","50","","","","","","","","","","","","","","","","","","","C03","","","1","","2","","","84","84","1","13","4","120.714808","24.219999","3"
"3359","66000","387130000C","(04)23274275","(04)23288582","2026","1","8","23","52","臺中市","西區","0","1","0","7","1","6","50","4","2","1","5","4","6","6","2","1","5","4","5","1","18","2","9","2","1","C03","7","6","1","10","2","14","","84","84","1","13","4","120.653837","24.155554","2"
"3360","66000","387130000C","(04)23274275","(04)23288582","2026","1","9","0","4","臺中市","南區","0","0","0","7","","","50","","","","","","","","","","","","","","23","","","","","B03","","","1","","2","","","84","84","1","6","4","120.670061","24.119029","3"
"3361","66000","387130000C","(04)23274275","(04)23288582","2026","1","9","1","4","臺中市","北區","0","1","0","7","1","6","50","13","9","1","5","4","6","6","4","4","5","5","5","2","17","3","10","3","1","B03","7","1","1","8","2","1","","51","51","1","12","4","120.691612","24.157667","2"
"3362","66000","387130000C","(04)23274275","(04)23288582","2026","1","9","1","55","臺中市","西屯區","0","1","0","7","1","6","50","4","1","1","5","4","6","6","2","1","10","5","5","2","16","3","10","5","4","B03","7","5","1","8","2","2","","84","84","1","12","4","120.654957","24.176079","2"
"3363","66000","387130000C","(04)23274275","(04)23288582","2026","1","9","2","21","臺中市","西區","0","1","0","7","1","6","50","13","9","1","5","4","6","6","4","4","5","5","5","2","30","2","9","5","4","B03","7","6","1","8","8","1","","84","84","1","12","4","120.669954","24.146457","2"
"3364","66000","387130000C","(04)23274275","(04)23288582","2026","1","9","3","17","臺中市","西區","0","0","0","7","","","50","","","","","","","","","","","","","","17","","","","","B01","","","1","","2","","","13","13","1","13","4","120.653437","24.155201","3"
"3365","66000","387130000C","(04)23274275","(04)23288582","2026","1","9","5","0","臺中市","北屯區","0","1","0","7","1","6","50","4","2","1","5","4","6","6","2","1","5","5","4","2","13","2","1","1","1","C03","7","9","1","10","3","11","","59","59","1","12","4","120.69422","24.171352","2"
"3366","66000","387130000C","(04)23274275","(04)23288582","2026","1","9","6","15","臺中市","中區","0","0","0","7","","","50","","","","","","","","","","","","","","","","","","","B03","","","1","","1","","","7","7","1","12","4","120.680848","24.145404","3"
"3367","66000","387130000C","(04)23274275","(04)23288582","2026","1","9","6","38","臺中市","太平區","0","1","0","7","3","6","40","13","7","1","5","4","6","6","4","4","5","2","5","1","12","2","9","1","1","C03","7","8","1","10","2","14","","40","40","1","6","4","120.704654","24.162176","2"
"3368","66000","387130000C","(04)23274275","(04)23288582","2026","1","9","6","47","臺中市","清水區","0","0","0","7","","","50","","","","","","","","","","","","","","","","","","","B03","","","1","","2","","","8","8","1","12","4","120.574497","24.265129","3"
"3369","66000","387130000C","(04)23274275","(04)23288582","2026","1","9","6","48","臺中市","豐原區","0","1","0","7","2","6","60","5","1","1","5","4","6","6","2","1","1","4","4","2","16","2","8","1","1","C03","7","7","1","10","2","12","","26","26","1","12","4","120.729913","24.243717","2"
"3370","66000","387130000C","(04)23274275","(04)23288582","2026","1","9","6","50","臺中市","大雅區","0","1","0","7","3","6","30","13","9","1","5","4","6","6","4","4","10","5","5","2","17","2","9","5","4","C03","7","15","1","10","2","12","","84","84","1","13","4","120.643504","24.218058","2"
"3371","66000","387130000C","(04)23274275","(04)23288582","2026","1","9","6","50","臺中市","神岡區","0","1","0","7","2","6","50","4","1","1","5","4","6","6","1","1","10","4","5","2","17","2","9","5","4","C03","7","9","1","10","2","16","","6","6","1","12","4","120.696095","24.248364","2"
"3372","66000","387130000C","(04)23274275","(04)23288582","2026","1","9","6","51","臺中市","北屯區","0","1","0","7","2","6","50","4","1","1","5","4","6","6","2","1","10","5","5","2","16","2","9","1","1","C03","7","9","1","10","2","14","","21","21","1","12","4","120.69083","24.182327","2"
"3373","66000","387130000C","(04)23274275","(04)23288582","2026","1","9","7","0","臺中市","北區","0","0","0","7","3","6","50","13","24","1","5","4","6","6","4","4","10","5","5","2","17","","","","","B03","","","1","","9","","","49","49","1","13","4","120.670998","24.16781","3"
"3374","66000","387130000C","(04)23274275","(04)23288582","2026","1","9","7","1","臺中市","南屯區","0","0","0","7","","","40","","","","","","","","","","","","","","17","","","","","B03","","","1","","9","","","50","50","1","6","4","120.636625","24.153584","3"
"3375","66000","387130000C","(04)23274275","(04)23288582","2026","1","9","7","3","臺中市","西屯區","0","0","0","7","","","50","","","","","","","","","","","","","","13","","","","","A11","","","1","","2","","","7","7","1","12","4","120.660205","24.201313","3"
"3376","66000","387130000C","(04)23274275","(04)23288582","2026","1","9","7","6","臺中市","霧峰區","0","0","0","7","","","30","","","","","","","","","","","","","","11","","","","","B03","","","1","","2","","","84","84","1","6","4","120.681823","24.063945","3"
"3377","66000","387130000C","(04)23274275","(04)23288582","2026","1","9","7","8","臺中市","神岡區","0","4","0","7","2","6","50","3","1","1","5","4","6","6","4","4","10","5","5","2","17","2","7","1","1","C03","7","6","1","10","2","13","","48","48","1","6","4","120.673506","24.253309","2"
"3378","66000","387130000C","(04)23274275","(04)23288582","2026","1","9","7","11","臺中市","太平區","0","0","0","7","","","30","","","","","","","","","","","","","","","","","","","B03","","","1","","2","","","14","14","1","12","4","120.716668","24.117735","3"
"3379","66000","387130000C","(04)23274275","(04)23288582","2026","1","9","7","12","臺中市","北屯區","0","0","0","7","","","50","","","","","","","","","","","","","","13","","","","","B12","","","3","","2","","","84","84","1","6","4","120.686481","24.196892","3"
"3380","66000","387130000C","(04)23274275","(04)23288582","2026","1","9","7","15","臺中市","北屯區","0","1","0","7","2","6","50","4","4","1","5","4","6","6","2","1","10","5","5","2","13","3","10","3","1","B03","7","9","1","8","2","1","","84","84","1","6","4","120.679896","24.175166","2"
"3381","66000","387130000C","(04)23274275","(04)23288582","2026","1","9","7","15","臺中市","沙鹿區","0","0","0","7","","","50","","","","","","","","","","","","","","","","","","","B03","","","1","","2","","","50","50","1","12","4","120.567123","24.24486","3"
"3382","66000","387130000C","(04)23274275","(04)23288582","2026","1","9","7","15","臺中市","后里區","0","0","0","7","2","6","50","4","9","1","5","4","6","6","1","1","1","5","5","1","13","3","10","3","1","B03","7","9","1","8","2","1","","59","59","1","12","4","120.709767","24.303921","3"
"3383","66000","387130000C","(04)23274275","(04)23288582","2026","1","9","7","21","臺中市","沙鹿區","0","2","0","7","2","6","50","13","9","1","5","4","6","6","4","4","5","5","5","2","17","3","10","2","1","C03","7","11","1","10","2","11","","20","20","1","9","4","120.561006","24.235997","2"
"3384","66000","387130000C","(04)23274275","(04)23288582","2026","1","9","7","22","臺中市","潭子區","0","0","0","7","","","50","","","","","","","","","","","","","","16","","","","","C03","","","1","","2","","","11","11","1","13","4","120.71629","24.204339","3"
"3385","66000","387130000C","(04)23274275","(04)23288582","2026","1","9","7","23","臺中市","后里區","0","1","0","7","2","6","50","5","1","1","5","4","6","6","1","1","5","2","4","1","16","3","10","3","1","B03","7","5","1","8","2","2","","84","84","1","12","4","120.696852","24.313183","2"
"3386","66000","387130000C","(04)23274275","(04)23288582","2026","1","9","7","26","臺中市","北屯區","0","1","0","7","2","6","50","4","1","1","5","4","6","6","1","1","10","5","5","2","30","2","9","1","1","C03","7","9","1","10","2","12","","82","82","1","6","4","120.687469","24.188227","2"
"3387","66000","387130000C","(04)23274275","(04)23288582","2026","1","9","7","27","臺中市","龍井區","0","1","0","7","2","6","60","4","1","1","5","4","6","6","2","1","10","5","5","2","16","3","10","5","4","B03","7","5","1","8","2","15","","38","38","1","12","4","120.574066","24.18118","2"
"3388","66000","387130000C","(04)23274275","(04)23288582","2026","1","9","7","27","臺中市","神岡區","0","0","0","7","","","50","","","","","","","","","","","","","","2","","","","","B03","","","1","","2","","","59","59","1","12","4","120.701244","24.25187","3"
"3389","66000","387130000C","(04)23274275","(04)23288582","2026","1","9","7","32","臺中市","東區","0","0","0","7","","","50","","","","","","","","","","","","","","17","","","","","C03","","","1","","1","","","40","40","1","12","4","120.706313","24.129796","3"
"3390","66000","387130000C","(04)23274275","(04)23288582","2026","1","9","7","33","臺中市","南屯區","0","1","0","7","2","6","30","13","9","1","5","4","6","6","4","4","9","5","5","2","17","3","10","3","1","B03","7","1","1","8","2","8","","51","51","1","12","4","120.647891","24.148248","2"
"3391","66000","387130000C","(04)23274275","(04)23288582","2026","1","9","7","35","臺中市","西屯區","0","0","0","7","","","50","","","","","","","","","","","","","","13","","","","","C03","","","1","","1","","","7","7","1","13","4","120.638563","24.180277","3"
"3392","66000","387130000C","(04)23274275","(04)23288582","2026","1","9","7","37","臺中市","豐原區","0","1","0","7","2","6","50","4","1","1","5","4","6","6","1","1","10","4","5","2","16","4","11","2","1","C03","7","6","1","10","2","13","","11","11","1","13","4","120.722474","24.252148","2"
"3393","66000","387130000C","(04)23274275","(04)23288582","2026","1","9","7","39","臺中市","梧棲區","0","2","0","7","3","6","40","4","1","1","5","4","6","6","1","1","10","5","5","2","13","2","9","2","1","C03","7","9","1","10","2","11","","7","7","1","6","4","120.55187","24.244463","2"
"3394","66000","387130000C","(04)23274275","(04)23288582","2026","1","9","7","40","臺中市","北區","0","3","0","7","2","6","50","3","1","1","5","4","6","6","4","4","10","5","5","2","17","2","9","1","1","C03","7","9","1","10","2","12","","84","84","1","13","4","120.677707","24.15227","2"
"3395","66000","387130000C","(04)23274275","(04)23288582","2026","1","9","7","40","臺中市","南屯區","0","0","0","7","","","50","","","","","","","","","","","","","","13","","","","","C03","","","1","","1","","","7","7","1","12","4","120.596317","24.152512","4"
"3396","66000","387130000C","(04)23274275","(04)23288582","2026","1","9","7","41","臺中市","東勢區","0","0","0","7","","","50","","","","","","","","","","","","","","","","","4","","C03","","","1","","1","","","51","51","1","12","4","120.834893","24.253202","3"
"3397","66000","387130000C","(04)23274275","(04)23288582","2026","1","9","7","42","臺中市","北區","0","0","0","7","","","50","","","","","","","","","","","","","","17","","","","","B03","","","1","","9","","","84","84","1","13","4","120.695093","24.156654","3"
"3398","66000","387130000C","(04)23274275","(04)23288582","2026","1","9","7","44","臺中市","西屯區","0","0","0","7","","","50","","","","","","","","","","","","","","13","","","","","C03","","","1","","1","","","58","58","1","13","4","120.641688","24.192571","3"
"3399","66000","387130000C","(04)23274275","(04)23288582","2026","1","9","7","45","臺中市","北區","0","1","0","7","2","6","50","11","8","1","5","4","6","6","4","4","3","4","4","2","17","3","10","3","1","B03","7","7","1","8","2","5","","40","40","1","12","4","120.682883","24.146039","2"
"3400","66000","387130000C","(04)23274275","(04)23288582","2026","1","9","7","46","臺中市","大里區","0","1","0","7","2","6","50","13","9","1","5","4","6","6","4","4","10","4","5","1","17","3","10","3","1","B03","7","13","1","8","9","4","","76","76","1","12","4","120.683515","24.098028","2"
"3401","66000","387130000C","(04)23274275","(04)23288582","2026","1","9","7","47","臺中市","西屯區","0","2","0","7","2","6","40","4","1","1","5","4","6","6","2","1","10","5","5","2","13","2","9","1","1","C03","7","9","1","10","2","11","","7","7","1","12","4","120.65272","24.160669","2"
"3402","66000","387130000C","(04)23274275","(04)23288582","2026","1","9","7","47","臺中市","大里區","0","0","0","6","","","50","","","","","","","","","","","","","","17","","","","","B03","","","1","","1","","","7","7","1","13","4","120.691","24.092262","3"
"3403","66000","387130000C","(04)23274275","(04)23288582","2026","1","9","7","50","臺中市","西區","0","0","0","7","","","50","","","","","","","","","","","","","","","","","","","B03","","","1","8","2","","","84","84","1","13","4","120.658783","24.135153","3"
"3404","66000","387130000C","(04)23274275","(04)23288582","2026","1","9","7","50","臺中市","太平區","0","0","0","7","","","50","","","","","","","","","","","","","","13","","","","","C04","","","3","","1","","","7","7","1","12","4","120.72047","24.156123","3"
"3405","66000","387130000C","(04)23274275","(04)23288582","2026","1","9","7","50","臺中市","太平區","0","1","0","7","2","6","30","3","1","1","5","4","6","6","4","4","10","5","5","2","17","2","9","1","1","C03","7","9","1","10","2","12","","59","59","1","12","4","120.728247","24.123324","2"
"3406","66000","387130000C","(04)23274275","(04)23288582","2026","1","9","7","50","臺中市","烏日區","0","1","0","7","2","6","30","13","9","1","5","4","6","6","4","4","10","5","5","2","18","2","8","1","1","C03","7","9","1","12","2","14","","84","84","1","6","4","120.647734","24.07623","2"
"3407","66000","387130000C","(04)23274275","(04)23288582","2026","1","9","7","50","臺中市","沙鹿區","0","0","0","7","2","6","60","13","7","1","5","4","6","6","1","1","1","3","4","2","12","","","","","B03","","","1","","1","","","40","40","1","12","4","120.586322","24.250119","3"
"3408","66000","387130000C","(04)23274275","(04)23288582","2026","1","9","7","50","臺中市","清水區","0","0","0","7","","","50","","","","","","","","","","","","","","17","","","","","C03","","","1","","2","","","84","84","1","12","4","120.628533","24.292745","3"
"3409","66000","387130000C","(04)23274275","(04)23288582","2026","1","9","7","52","臺中市","南屯區","0","0","0","7","","","50","","","","","","","","","","","","","","","","","","","B03","","","1","","1","","","47","47","1","13","4","120.640412","24.153642","3"
"3410","66000","387130000C","(04)23274275","(04)23288582","2026","1","9","7","55","臺中市","西屯區","0","2","0","7","2","6","50","3","1","1","5","4","6","6","4","4","10","5","5","2","13","2","8","5","4","C03","7","9","1","10","2","11","","7","7","1","13","4","120.614966","24.182126","2"
"3411","66000","387130000C","(04)23274275","(04)23288582","2026","1","9","7","55","臺中市","豐原區","0","1","0","7","2","6","50","3","1","1","5","4","6","6","2","1","5","5","4","2","17","2","9","1","1","C03","7","5","1","10","2","14","","59","59","1","12","4","120.74143","24.255724","2"
"3412","66000","387130000C","(04)23274275","(04)23288582","2026","1","9","7","58","臺中市","西屯區","0","2","0","7","2","6","30","4","1","1","5","4","6","6","4","4","10","5","5","2","15","2","9","1","1","C03","7","9","1","10","2","12","","15","15","1","13","4","120.652498","24.164745","2"
"3413","66000","387130000C","(04)23274275","(04)23288582","2026","1","9","7","58","臺中市","西屯區","0","0","0","7","","","40","","","","","","","","","","","","","","","","","","","B03","","","1","","9","","","8","8","1","13","4","120.639457","24.155884","3"
"3414","66000","387130000C","(04)23274275","(04)23288582","2026","1","9","8","0","臺中市","東區","0","2","0","7","3","6","50","5","1","1","5","4","6","6","1","1","10","5","5","2","16","2","8","3","1","B12","7","15","1","8","2","2","","11","11","1","12","4","120.696964","24.140111","2"
"3415","66000","387130000C","(04)23274275","(04)23288582","2026","1","9","8","0","臺中市","大肚區","0","0","0","7","","","30","","","","","","","","","","","","","","17","","","","","B03","","","1","","2","","","85","85","1","6","4","120.580582","24.172767","4"
"3416","66000","387130000C","(04)23274275","(04)23288582","2026","1","9","8","1","臺中市","大里區","0","1","0","7","2","6","30","4","9","1","5","4","6","6","4","4","10","5","5","2","16","3","10","3","1","B03","7","6","1","8","2","8","","12","12","1","6","4","120.707596","24.097097","2"
"3417","66000","387130000C","(04)23274275","(04)23288582","2026","1","9","8","3","臺中市","北屯區","0","1","0","7","2","6","50","13","8","1","5","4","6","6","4","4","9","4","4","2","16","3","10","3","1","B03","7","6","1","8","2","5","","20","20","1","6","4","120.676182","24.197123","2"
"3418","66000","387130000C","(04)23274275","(04)23288582","2026","1","9","8","5","臺中市","南屯區","0","0","0","7","","","50","","","","","","","","","","","","","","13","","","","","B03","","","1","","1","","","7","7","1","12","4","120.643927","24.132043","3"
"3419","66000","387130000C","(04)23274275","(04)23288582","2026","1","9","8","7","臺中市","北區","0","1","0","7","2","6","50","13","7","1","5","4","6","6","4","4","5","4","4","2","13","2","9","1","1","C03","7","9","3","19","9","11","","84","84","2","13","4","120.678702","24.148156","2"
"3420","66000","387130000C","(04)23274275","(04)23288582","2026","1","9","8","9","臺中市","烏日區","0","0","0","7","","","40","","","","","","","","","","","","","","14","","","","","B03","","","1","","1","","","49","49","1","13","4","120.598287","24.110882","3"
"3421","66000","387130000C","(04)23274275","(04)23288582","2026","1","9","8","10","臺中市","清水區","0","0","0","7","","","30","","","","","","","","","","","","","","17","","","","","A12","","","1","","2","","","8","8","1","12","4","120.58479","24.28935","3"
"3422","66000","387130000C","(04)23274275","(04)23288582","2026","1","9","8","12","臺中市","大里區","0","1","0","7","3","6","60","11","7","1","5","4","6","6","4","4","1","4","5","2","13","3","10","1","1","C03","7","9","1","10","2","11","","7","7","1","13","4","120.691196","24.10085","2"
"3423","66000","387130000C","(04)23274275","(04)23288582","2026","1","9","8","12","臺中市","后里區","0","1","0","7","2","6","50","4","1","1","5","4","6","6","4","4","5","5","5","1","14","3","10","3","1","B12","7","2","1","8","2","3","","49","49","1","12","4","120.720262","24.307854","2"
"3424","66000","387130000C","(04)23274275","(04)23288582","2026","1","9","8","15","臺中市","南屯區","0","1","0","7","2","6","30","3","2","1","5","4","6","6","4","4","10","5","5","2","16","2","9","2","1","C03","7","6","1","10","1","11","","48","48","1","13","4","120.635032","24.136553","2"
"3425","66000","387130000C","(04)23274275","(04)23288582","2026","1","9","8","19","臺中市","北區","0","2","0","7","2","6","50","13","7","1","5","4","6","6","4","4","3","4","4","2","13","2","9","1","1","C03","7","8","1","10","2","11","","59","59","1","12","4","120.671934","24.172249","2"
"3426","66000","387130000C","(04)23274275","(04)23288582","2026","1","9","8","20","臺中市","潭子區","0","0","0","7","","","50","","","","","","","","","","","","","","16","","","","","B12","","","1","","2","","","20","20","1","12","4","120.69096","24.215317","3"
"3427","66000","387130000C","(04)23274275","(04)23288582","2026","1","9","8","20","臺中市","西區","0","1","0","7","2","6","50","3","1","1","5","4","6","6","4","4","9","4","5","2","13","3","10","1","1","C03","7","12","1","10","2","11","","7","7","1","12","4","120.667992","24.153427","2"
"3428","66000","387130000C","(04)23274275","(04)23288582","2026","1","9","8","20","臺中市","南屯區","0","1","0","7","2","6","50","4","1","1","5","4","6","6","2","1","9","4","5","2","13","3","10","3","1","B03","7","9","1","8","2","1","","59","59","1","12","4","120.634115","24.158222","2"
"3429","66000","387130000C","(04)23274275","(04)23288582","2026","1","9","8","21","臺中市","西區","0","0","0","7","","","50","","","","","","","","","","","","","","12","","","","","B03","","","1","","11","","","77","77","1","12","4","120.655551","24.139883","3"