序號,縣市別代碼,機關代碼,市話,傳真,年,月,日,時,分,縣市,區,死亡數量,受傷數量,2-30,天候,道路照明設備,道路類別,道路速限,道路型態,事故位置,路面鋪裝,路面狀態,路面缺陷,障礙物,視距,號誌種類,號誌動作,分向設施,快車道或一般車道間,快慢車道間,路面邊線,事故類型及型態,受傷程度,主要傷處,保護裝備,行動電話或功能裝置,當事者區分(類別),車輛用途,當事者行動狀態,駕照狀態,駕照種類,飲酒情形,車輛撞擊部位最初,車輛撞擊部位其他,肇事因素個別,肇事因素主要,肇事逃逸,職業,共享經濟或外送平台,GPS座標X,GPS座標Y,事故類別
"3430","66000","387130000C","(04)23274275","(04)23288582","2026","1","9","8","25","臺中市","太平區","0","2","0","7","2","6","50","13","7","1","5","4","6","6","4","4","9","5","4","1","16","2","8","2","1","C03","7","6","1","10","2","12","","20","20","1","12","4","120.716461","24.150069","2"
"3431","66000","387130000C","(04)23274275","(04)23288582","2026","1","9","8","26","臺中市","北區","0","0","0","7","","","50","","","","","","","","","","","","","","13","","","","","C03","","","1","","2","","","61","61","1","13","4","120.684449","24.153976","3"
"3432","66000","387130000C","(04)23274275","(04)23288582","2026","1","9","8","26","臺中市","北區","0","0","0","7","3","6","50","18","24","1","5","4","6","6","4","4","3","4","4","2","35","","","","","B03","","","1","","2","","","7","7","1","13","4","120.686597","24.146302","3"
"3433","66000","387130000C","(04)23274275","(04)23288582","2026","1","9","8","30","臺中市","西屯區","0","2","0","7","2","6","50","3","2","1","5","4","6","6","1","1","10","5","5","2","16","2","9","5","4","C03","7","1","1","10","2","14","","51","51","1","12","4","120.666034","24.178181","2"
"3434","66000","387130000C","(04)23274275","(04)23288582","2026","1","9","8","32","臺中市","西區","0","0","0","7","","","50","","","","","","","","","","","","","","","","","","","B03","","","1","","1","","","59","59","1","12","4","120.651638","24.146628","3"
"3435","66000","387130000C","(04)23274275","(04)23288582","2026","1","9","8","32","臺中市","西區","0","1","0","7","2","6","50","4","1","1","5","4","6","6","1","1","10","5","5","2","16","3","10","5","4","B01","7","5","1","2","2","6","","47","47","1","13","4","120.653087","24.151022","2"
"3436","66000","387130000C","(04)23274275","(04)23288582","2026","1","9","8","33","臺中市","北區","0","0","0","7","","","50","","","","","","","","","","","","","","17","","","","","C03","","","1","","1","","","84","84","1","12","4","120.694","24.159318","3"
"3437","66000","387130000C","(04)23274275","(04)23288582","2026","1","9","8","33","臺中市","大里區","0","1","0","7","2","6","40","13","9","1","5","4","6","6","4","4","9","4","5","1","17","3","10","1","1","C03","7","9","1","10","2","11","","84","84","1","13","4","120.710821","24.086039","2"
"3438","66000","387130000C","(04)23274275","(04)23288582","2026","1","9","8","33","臺中市","大甲區","0","0","0","7","","","40","","","","","","","","","","","","","","","","","","","A12","","","1","","1","","","49","49","1","12","4","120.613009","24.333811","3"
"3439","66000","387130000C","(04)23274275","(04)23288582","2026","1","9","8","35","臺中市","西區","0","0","0","7","","","50","","","","","","","","","","","","","","","","","","","C03","","","1","10","1","","","87","87","1","13","4","120.663186","24.156542","3"
"3440","66000","387130000C","(04)23274275","(04)23288582","2026","1","9","8","37","臺中市","東區","0","0","0","7","","","50","","","","","","","","","","","","","","17","","","","","B12","","","1","","1","","","50","50","1","12","4","120.688094","24.133887","3"
"3441","66000","387130000C","(04)23274275","(04)23288582","2026","1","9","8","38","臺中市","太平區","0","1","0","7","2","6","50","4","1","1","5","4","6","6","2","1","10","5","5","2","13","2","9","1","1","C02","7","9","1","9","2","11","","59","59","1","12","4","120.717848","24.158421","2"
"3442","66000","387130000C","(04)23274275","(04)23288582","2026","1","9","8","39","臺中市","西屯區","0","0","0","7","","","50","","","","","","","","","","","","","","14","","","","","B03","","","1","","1","","","49","49","1","13","4","120.668111","24.178082","3"
"3443","66000","387130000C","(04)23274275","(04)23288582","2026","1","9","8","40","臺中市","烏日區","0","0","0","7","","","50","","","","","","","","","","","","","","13","","","","","A02","","","1","","2","","","84","84","1","6","4","120.641759","24.108973","3"
"3444","66000","387130000C","(04)23274275","(04)23288582","2026","1","9","8","42","臺中市","東區","0","0","0","7","","","50","","","","","","","","","","","","","","","","","","","C03","","","1","","1","","","84","84","1","13","4","120.709303","24.145061","3"
"3445","66000","387130000C","(04)23274275","(04)23288582","2026","1","9","8","42","臺中市","南屯區","0","1","0","7","2","6","50","4","1","1","5","4","6","6","2","1","9","4","1","2","12","3","10","3","1","B03","7","5","1","8","2","2","","47","47","1","12","4","120.622739","24.14035","2"
"3446","66000","387130000C","(04)23274275","(04)23288582","2026","1","9","8","42","臺中市","西屯區","0","1","0","7","2","6","50","4","1","1","5","4","6","6","2","1","4","4","5","2","16","3","10","5","4","B03","7","6","1","8","2","2","","11","11","1","13","4","120.63745","24.175863","2"
"3447","66000","387130000C","(04)23274275","(04)23288582","2026","1","9","8","44","臺中市","北屯區","0","0","0","7","","","50","","","","","","","","","","","","","","17","","","","","B03","","","1","","1","","","84","84","1","6","4","120.707282","24.174686","3"
"3448","66000","387130000C","(04)23274275","(04)23288582","2026","1","9","8","44","臺中市","太平區","0","0","0","7","","","50","","","","","","","","","","","","","","17","","","","","B03","","","1","","2","","","59","59","1","12","4","120.700935","24.152707","3"
"3449","66000","387130000C","(04)23274275","(04)23288582","2026","1","9","8","45","臺中市","西屯區","0","1","0","7","2","6","30","3","1","1","5","4","6","6","4","4","10","5","5","2","13","3","10","3","1","B01","7","6","1","4","1","8","","84","84","1","12","4","120.618321","24.177387","2"
"3450","66000","387130000C","(04)23274275","(04)23288582","2026","1","9","8","45","臺中市","龍井區","0","0","0","7","","","40","","","","","","","","","","","","","","","","","","","B03","","","1","","1","","","84","84","1","12","4","120.583294","24.186912","3"
"3451","66000","387130000C","(04)23274275","(04)23288582","2026","1","9","8","46","臺中市","大里區","0","0","0","7","","","30","","","","","","","","","","","","","","16","","","","","B03","","","1","","1","","","14","14","1","6","4","120.682486","24.071923","3"
"3452","66000","387130000C","(04)23274275","(04)23288582","2026","1","9","8","49","臺中市","潭子區","0","2","0","7","2","6","50","5","1","1","5","4","6","6","2","1","5","5","5","1","16","2","8","1","1","C03","7","9","3","19","2","12","","4","4","1","13","4","120.70979","24.215173","2"
"3453","66000","387130000C","(04)23274275","(04)23288582","2026","1","9","8","49","臺中市","北屯區","0","1","0","7","2","6","50","4","1","1","5","4","6","6","1","1","10","5","5","2","18","2","9","1","1","C03","7","6","1","10","2","12","","82","82","1","6","4","120.686024","24.179177","2"
"3454","66000","387130000C","(04)23274275","(04)23288582","2026","1","9","8","49","臺中市","烏日區","0","1","0","7","2","6","40","4","1","1","5","4","6","6","2","1","10","5","5","2","17","2","9","5","4","C03","7","9","1","10","2","11","","21","21","1","13","4","120.646633","24.110374","2"
"3455","66000","387130000C","(04)23274275","(04)23288582","2026","1","9","8","49","臺中市","龍井區","0","0","0","7","","","30","","","","","","","","","","","","","","17","","","","","F02","","","7","","1","","","85","85","1","6","4","120.584578","24.183194","4"
"3456","66000","387130000C","(04)23274275","(04)23288582","2026","1","9","8","49","臺中市","梧棲區","0","1","0","7","3","6","50","4","1","1","5","4","6","6","4","4","10","5","5","2","15","2","9","1","1","C03","7","9","1","10","2","11","","15","15","1","6","4","120.533302","24.257465","2"
"3457","66000","387130000C","(04)23274275","(04)23288582","2026","1","9","8","51","臺中市","大里區","0","1","0","7","2","6","50","13","8","1","5","4","6","6","1","1","9","4","4","2","16","3","10","3","1","B03","7","5","1","8","2","6","","26","26","1","12","4","120.676189","24.085822","2"
"3458","66000","387130000C","(04)23274275","(04)23288582","2026","1","9","8","52","臺中市","南屯區","0","0","0","7","","","50","","","","","","","","","","","","","","12","","","","","B03","","","1","","9","","","39","39","2","12","4","120.647949","24.152443","3"
"3459","66000","387130000C","(04)23274275","(04)23288582","2026","1","9","8","55","臺中市","南屯區","0","0","0","7","","","40","","","","","","","","","","","","","","12","","","","","B03","","","1","","1","","","8","8","1","12","4","120.615262","24.147583","3"
"3460","66000","387130000C","(04)23274275","(04)23288582","2026","1","9","8","55","臺中市","太平區","0","0","0","7","","","50","","","","","","","","","","","","","","","","","","","B03","","","1","","2","","","84","84","1","12","4","120.711457","24.140981","3"
"3461","66000","387130000C","(04)23274275","(04)23288582","2026","1","9","8","57","臺中市","霧峰區","0","1","0","7","2","6","40","13","9","1","5","4","6","6","4","4","5","4","5","1","17","2","9","1","1","C03","7","6","1","10","2","11","","39","39","1","13","4","120.715145","24.073769","2"
"3462","66000","387130000C","(04)23274275","(04)23288582","2026","1","9","8","59","臺中市","西屯區","0","1","0","7","2","6","50","4","1","1","5","4","6","6","2","1","10","5","5","2","16","3","10","5","4","B03","7","6","1","8","2","5","","11","11","1","13","4","120.636021","24.164157","2"
"3463","66000","387130000C","(04)23274275","(04)23288582","2026","1","9","9","0","臺中市","梧棲區","0","0","0","7","","","50","","","","","","","","","","","","","","14","","","","","B03","","","1","","2","","","50","50","1","6","4","120.547788","24.242429","3"
"3464","66000","387130000C","(04)23274275","(04)23288582","2026","1","9","9","1","臺中市","龍井區","0","0","0","7","","","30","","","","","","","","","","","","","","","","","","","C03","","","1","","2","","","62","62","1","12","4","120.591928","24.188702","3"
"3465","66000","387130000C","(04)23274275","(04)23288582","2026","1","9","9","2","臺中市","大里區","0","1","0","7","3","6","40","4","1","1","5","4","6","6","1","1","10","5","5","2","16","3","10","3","1","B03","7","5","1","7","2","2","","11","11","1","6","4","120.671786","24.108023","2"
"3466","66000","387130000C","(04)23274275","(04)23288582","2026","1","9","9","5","臺中市","西屯區","0","0","0","7","","","50","","","","","","","","","","","","","","","","","","","C03","","","1","","1","","","7","7","1","13","4","120.62036","24.186936","4"
"3467","66000","387130000C","(04)23274275","(04)23288582","2026","1","9","9","10","臺中市","大雅區","0","1","0","7","3","6","50","4","1","1","5","4","6","6","1","1","4","3","4","1","17","3","10","5","4","B03","7","9","1","8","2","5","","84","84","1","13","4","120.629595","24.208695","2"
"3468","66000","387130000C","(04)23274275","(04)23288582","2026","1","9","9","12","臺中市","新社區","0","0","0","7","","","50","","","","","","","","","","","","","","","","","","","B03","","","1","","2","","","55","55","1","13","4","120.813154","24.188947","3"
"3469","66000","387130000C","(04)23274275","(04)23288582","2026","1","9","9","20","臺中市","豐原區","0","1","0","7","2","6","50","3","1","1","5","4","6","6","1","1","5","4","5","1","13","3","10","1","1","C03","7","9","1","10","2","11","","5","5","1","12","4","120.720997","24.269508","2"
"3470","66000","387130000C","(04)23274275","(04)23288582","2026","1","9","9","21","臺中市","大里區","0","0","0","7","","","50","","","","","","","","","","","","","","","","","","","B12","","","1","","2","","","48","48","1","12","4","120.667171","24.097474","4"
"3471","66000","387130000C","(04)23274275","(04)23288582","2026","1","9","9","22","臺中市","中區","0","1","0","7","2","6","50","4","1","1","5","4","6","6","2","1","5","4","5","2","17","2","9","2","1","C03","7","6","1","10","11","14","","84","84","1","12","4","120.68016","24.138706","2"
"3472","66000","387130000C","(04)23274275","(04)23288582","2026","1","9","9","22","臺中市","西屯區","0","1","0","7","2","6","50","3","2","1","5","4","6","6","1","1","5","4","4","2","17","2","9","5","4","C03","7","6","3","19","2","12","","25","25","1","12","4","120.608097","24.169427","2"
"3473","66000","387130000C","(04)23274275","(04)23288582","2026","1","9","9","25","臺中市","東區","0","2","0","7","2","6","50","4","4","1","5","4","6","6","2","1","5","5","5","2","13","2","9","2","1","C03","7","9","1","10","2","11","","7","7","1","12","4","120.698234","24.147998","2"
"3474","66000","387130000C","(04)23274275","(04)23288582","2026","1","9","9","26","臺中市","潭子區","0","1","0","7","2","6","50","4","2","1","5","4","6","6","2","1","5","5","5","1","12","2","9","4","1","F01","7","10","7","21","2","14","","8","8","1","13","4","120.700338","24.211636","2"
"3475","66000","387130000C","(04)23274275","(04)23288582","2026","1","9","9","26","臺中市","北區","0","0","0","7","3","6","50","4","1","1","5","4","6","6","4","4","10","5","5","2","17","","","","","B03","","","1","","1","","","14","14","1","13","4","120.680257","24.162697","3"
"3476","66000","387130000C","(04)23274275","(04)23288582","2026","1","9","9","27","臺中市","大里區","0","0","0","7","","","50","","","","","","","","","","","","","","17","","","","","B03","","","1","","2","","","39","39","1","6","4","120.698397","24.08064","3"
"3477","66000","387130000C","(04)23274275","(04)23288582","2026","1","9","9","30","臺中市","龍井區","0","1","0","7","2","6","30","3","1","1","5","4","6","6","4","4","10","5","5","2","16","2","9","5","4","C03","7","9","1","10","2","11","","7","7","1","12","4","120.589462","24.183556","2"
"3478","66000","387130000C","(04)23274275","(04)23288582","2026","1","9","9","35","臺中市","西屯區","0","0","0","7","","","70","","","","","","","","","","","","","","13","","","","","B03","","","1","","1","","","59","59","1","13","4","120.621771","24.179958","4"
"3479","66000","387130000C","(04)23274275","(04)23288582","2026","1","9","9","37","臺中市","中區","0","1","0","7","2","6","50","4","1","1","5","4","6","6","3","1","10","5","5","2","15","3","10","5","4","B12","7","9","1","8","2","7","","24","24","1","13","4","120.675788","24.142878","2"
"3480","66000","387130000C","(04)23274275","(04)23288582","2026","1","9","9","39","臺中市","神岡區","0","1","0","7","2","6","1","3","1","1","5","4","6","6","4","4","10","5","5","2","17","3","10","3","1","B03","7","6","1","8","2","8","","48","48","1","6","4","120.69551","24.239154","2"
"3481","66000","387130000C","(04)23274275","(04)23288582","2026","1","9","9","40","臺中市","北區","0","1","0","7","2","6","50","5","1","1","5","4","6","6","2","1","10","5","5","2","17","2","9","1","1","C03","7","6","1","10","2","11","","84","84","1","13","4","120.676177","24.158253","2"
"3482","66000","387130000C","(04)23274275","(04)23288582","2026","1","9","9","42","臺中市","南屯區","0","1","0","7","2","6","50","4","4","1","5","4","6","6","2","1","5","4","4","2","13","2","9","2","1","C03","7","9","1","10","2","11","","84","84","1","13","4","120.610568","24.131793","2"
"3483","66000","387130000C","(04)23274275","(04)23288582","2026","1","9","9","55","臺中市","北區","0","1","0","7","2","6","50","4","1","1","5","4","6","6","2","1","3","4","5","2","17","2","9","2","1","C03","7","9","1","10","2","11","","59","59","1","12","4","120.676367","24.163384","2"
"3484","66000","387130000C","(04)23274275","(04)23288582","2026","1","9","10","0","臺中市","北區","0","0","0","7","","","30","","","","","","","","","","","","","","17","","","","","B12","","","1","","1","","","49","49","1","13","4","120.677746","24.15535","3"
"3485","66000","387130000C","(04)23274275","(04)23288582","2026","1","9","10","3","臺中市","西屯區","0","0","0","7","","","40","","","","","","","","","","","","","","12","","","","","B03","","","1","","1","","","40","40","1","12","4","120.653212","24.160842","3"
"3486","66000","387130000C","(04)23274275","(04)23288582","2026","1","9","10","3","臺中市","沙鹿區","0","1","0","7","3","6","40","13","7","1","5","4","6","6","2","1","1","5","5","2","17","3","10","3","1","B03","7","1","1","8","2","8","","51","51","1","12","4","120.577024","24.225685","2"
"3487","66000","387130000C","(04)23274275","(04)23288582","2026","1","9","10","4","臺中市","北區","0","1","0","7","3","6","50","3","1","1","5","4","6","6","4","4","10","5","5","2","17","3","10","5","4","B03","7","6","1","8","2","2","","12","12","1","13","4","120.689674","24.154878","2"
"3488","66000","387130000C","(04)23274275","(04)23288582","2026","1","9","10","7","臺中市","北區","0","0","0","7","","","30","","","","","","","","","","","","","","17","","","","","C03","","","1","","1","","","84","84","1","13","4","120.681225","24.158219","3"
"3489","66000","387130000C","(04)23274275","(04)23288582","2026","1","9","10","7","臺中市","南區","0","0","0","7","","","50","","","","","","","","","","","","","","17","","","","","B03","","","1","","2","","","84","84","1","12","4","120.688311","24.132422","3"
"3490","66000","387130000C","(04)23274275","(04)23288582","2026","1","9","10","7","臺中市","太平區","0","0","0","7","","","50","","","","","","","","","","","","","","17","","","","","B03","","","1","","2","","","84","84","1","12","4","120.716316","24.124321","3"
"3491","66000","387130000C","(04)23274275","(04)23288582","2026","1","9","10","10","臺中市","北屯區","0","1","0","7","2","6","50","3","1","1","5","4","6","6","1","1","10","5","5","2","17","3","10","3","1","B03","7","5","1","8","2","6","","47","47","1","6","4","120.696631","24.164871","2"
"3492","66000","387130000C","(04)23274275","(04)23288582","2026","1","9","10","10","臺中市","北屯區","0","0","0","7","","","30","","","","","","","","","","","","","","10","","","","","C03","","","1","","1","","","48","48","1","6","4","120.682295","24.192154","3"
"3493","66000","387130000C","(04)23274275","(04)23288582","2026","1","9","10","10","臺中市","西屯區","0","2","0","7","2","6","50","4","1","1","5","4","6","6","2","1","10","5","5","2","13","2","9","5","4","C03","7","9","1","10","2","11","","7","7","1","13","4","120.660774","24.201426","2"
"3494","66000","387130000C","(04)23274275","(04)23288582","2026","1","9","10","11","臺中市","北屯區","0","0","0","7","","","50","","","","","","","","","","","","","","","","","","","B03","","","1","","2","","","21","21","1","6","4","120.66405","24.185568","3"
"3495","66000","387130000C","(04)23274275","(04)23288582","2026","1","9","10","12","臺中市","西區","0","0","0","7","","","50","","","","","","","","","","","","","","12","","","","","B03","","","1","","2","","","8","8","1","12","4","120.662496","24.156834","3"
"3496","66000","387130000C","(04)23274275","(04)23288582","2026","1","9","10","12","臺中市","太平區","0","0","0","7","","3","","","","","","","","","","","","","","","","","","","","","","","","","","","","116","116","1","","","120.714097","24.14843","3"
"3497","66000","387130000C","(04)23274275","(04)23288582","2026","1","9","10","14","臺中市","潭子區","0","0","0","7","","","40","","","","","","","","","","","","","","9","","","","","A12","","","1","","2","","","59","59","1","12","4","120.72373","24.218462","3"
"3498","66000","387130000C","(04)23274275","(04)23288582","2026","1","9","10","17","臺中市","北區","0","1","0","7","2","6","50","3","1","1","5","4","6","6","4","4","3","4","5","2","17","3","10","3","1","B03","7","5","1","8","2","2","","84","84","1","12","4","120.673004","24.167469","2"
"3499","66000","387130000C","(04)23274275","(04)23288582","2026","1","9","10","18","臺中市","大里區","0","1","0","7","3","6","50","3","2","1","5","4","6","6","4","4","5","5","5","1","13","2","9","1","1","C03","7","9","1","10","2","11","","7","7","1","13","4","120.682407","24.093076","2"
"3500","66000","387130000C","(04)23274275","(04)23288582","2026","1","9","10","20","臺中市","北區","0","1","0","7","2","6","50","4","2","1","5","4","6","6","1","1","5","5","5","2","18","2","9","5","1","C03","7","6","1","10","2","12","","84","84","1","13","4","120.668237","24.161748","2"
"3501","66000","387130000C","(04)23274275","(04)23288582","2026","1","9","10","23","臺中市","太平區","0","1","0","7","2","6","50","4","2","1","5","4","6","6","1","1","5","4","5","1","16","2","8","2","1","C03","7","5","1","10","2","14","","22","22","1","13","4","120.70368","24.153244","2"
"3502","66000","387130000C","(04)23274275","(04)23288582","2026","1","9","10","24","臺中市","大里區","0","1","0","7","2","6","40","3","1","1","5","4","6","6","4","4","10","5","5","1","17","3","10","1","1","C03","7","9","1","10","2","12","","1","1","1","13","4","120.69981","24.089024","2"
"3503","66000","387130000C","(04)23274275","(04)23288582","2026","1","9","10","26","臺中市","太平區","0","0","0","7","","","50","","","","","","","","","","","","","","","","","","","B12","","","1","","2","","","84","84","1","12","4","120.72469","24.14182","3"
"3504","66000","387130000C","(04)23274275","(04)23288582","2026","1","9","10","28","臺中市","南區","0","1","0","7","2","6","50","4","1","1","5","4","6","6","1","1","9","4","4","2","17","3","10","3","1","B01","7","11","1","4","2","1","","45","45","1","12","4","120.658189","24.117577","2"
"3505","66000","387130000C","(04)23274275","(04)23288582","2026","1","9","10","29","臺中市","外埔區","0","0","0","7","3","6","30","13","9","1","5","4","6","6","4","4","10","5","5","2","17","3","10","3","1","B12","7","13","1","8","2","7","","76","76","1","6","4","120.638456","24.343046","3"
"3506","66000","387130000C","(04)23274275","(04)23288582","2026","1","9","10","31","臺中市","大雅區","0","1","0","7","2","6","50","4","1","1","5","4","6","6","2","1","5","4","5","1","12","3","10","3","1","B12","7","5","1","8","3","6","","84","84","1","13","4","120.645774","24.225703","2"
"3507","66000","387130000C","(04)23274275","(04)23288582","2026","1","9","10","32","臺中市","大肚區","0","0","0","7","","","50","","","","","","","","","","","","","","","","","","","B03","","","1","","2","","","7","7","1","6","4","120.54434","24.154255","3"
"3508","66000","387130000C","(04)23274275","(04)23288582","2026","1","9","10","33","臺中市","南區","0","0","0","7","","","","","","","","","","","","","","","","","","","","","","","","","","","","","","119","119","1","","","120.665533","24.125806","3"
"3509","66000","387130000C","(04)23274275","(04)23288582","2026","1","9","10","37","臺中市","東勢區","0","1","0","7","2","6","50","3","1","1","5","4","6","6","4","4","10","5","5","2","17","2","9","2","1","C03","7","6","1","10","2","11","","20","20","1","12","4","120.827491","24.261162","2"
"3510","66000","387130000C","(04)23274275","(04)23288582","2026","1","9","10","44","臺中市","龍井區","0","1","0","7","2","6","40","13","8","1","5","4","6","6","4","4","10","4","3","2","23","2","9","5","4","C03","7","9","1","10","2","15","","8","8","1","12","4","120.573865","24.185589","2"
"3511","66000","387130000C","(04)23274275","(04)23288582","2026","1","9","10","45","臺中市","北屯區","0","0","0","7","","","50","","","","","","","","","","","","","","13","","","","","B12","","","1","","1","","","59","59","1","6","4","120.691243","24.171653","3"
"3512","66000","387130000C","(04)23274275","(04)23288582","2026","1","9","10","49","臺中市","太平區","0","1","0","7","2","6","40","13","9","1","5","4","6","6","4","4","5","5","5","2","22","3","10","3","1","B03","7","15","3","19","2","8","2","55","55","1","12","4","120.704987","24.125381","2"
"3513","66000","387130000C","(04)23274275","(04)23288582","2026","1","9","10","49","臺中市","清水區","0","0","0","7","","","40","","","","","","","","","","","","","","","","","","","B12","","","1","","2","","","59","59","1","12","4","120.586389","24.287842","3"
"3514","66000","387130000C","(04)23274275","(04)23288582","2026","1","9","10","50","臺中市","南區","0","1","0","7","2","6","50","4","1","1","5","4","6","6","2","1","10","5","5","2","17","3","10","3","1","B02","7","15","1","8","2","4","","84","84","1","12","4","120.649905","24.120648","2"
"3515","66000","387130000C","(04)23274275","(04)23288582","2026","1","9","10","54","臺中市","太平區","0","0","0","7","","","50","","","","","","","","","","","","","","16","","","","","B03","","","1","","2","","","34","34","1","13","4","120.729024","24.134483","3"
"3516","66000","387130000C","(04)23274275","(04)23288582","2026","1","9","10","58","臺中市","大里區","0","1","0","7","2","6","50","13","9","1","5","4","6","6","4","4","5","4","4","2","17","2","9","2","1","C03","7","6","1","10","2","11","","26","26","1","12","4","120.683881","24.109866","2"
"3517","66000","387130000C","(04)23274275","(04)23288582","2026","1","9","11","0","臺中市","太平區","0","0","0","7","","","","","","","","","","","","","","","","","17","","","","","","","","","","","","","119","119","1","","","120.723923","24.133582","3"
"3518","66000","387130000C","(04)23274275","(04)23288582","2026","1","9","11","2","臺中市","大肚區","0","0","0","7","","","70","","","","","","","","","","","","","","","","","","","A42","","","1","","2","","","40","40","1","6","4","120.553729","24.133569","3"
"3519","66000","387130000C","(04)23274275","(04)23288582","2026","1","9","11","4","臺中市","大雅區","0","0","0","7","","","0","","","","","","","","","","","","","","","","","","","A11","","","1","","2","","","51","51","1","12","4","120.64024","24.227313","3"
"3520","66000","387130000C","(04)23274275","(04)23288582","2026","1","9","11","4","臺中市","和平區","0","2","0","7","3","6","50","6","9","1","5","4","6","6","4","4","5","5","5","1","11","3","10","3","1","A04","7","12","1","2","2","8","8","39","39","1","13","4","120.984382","24.184425","2"
"3521","66000","387130000C","(04)23274275","(04)23288582","2026","1","9","11","11","臺中市","太平區","0","0","0","7","","","30","","","","","","","","","","","","","","17","","","","","B12","","","1","","2","","","49","49","1","12","4","120.730361","24.106336","3"
"3522","66000","387130000C","(04)23274275","(04)23288582","2026","1","9","11","22","臺中市","潭子區","0","1","0","7","3","6","50","3","1","1","5","4","6","6","4","4","5","4","4","2","17","3","10","3","1","B03","7","6","1","8","2","1","","14","14","1","13","4","120.703468","24.210614","2"
"3523","66000","387130000C","(04)23274275","(04)23288582","2026","1","9","11","22","臺中市","大甲區","0","0","0","7","","","","","","","","","","","","","","","","","","","","","","","","","","","","","","8","8","1","","","120.625945","24.348976","4"
"3524","66000","387130000C","(04)23274275","(04)23288582","2026","1","9","11","25","臺中市","南屯區","0","0","0","7","","3","80","","","","","","","","","","","","","","13","","","","","B03","","","1","","1","","","7","7","1","12","4","120.621618","24.134699","3"
"3525","66000","387130000C","(04)23274275","(04)23288582","2026","1","9","11","26","臺中市","東區","0","1","0","7","3","6","50","4","1","1","5","4","6","6","4","4","10","5","5","2","16","2","9","2","1","C03","7","4","1","10","2","15","","1","1","1","12","4","120.696751","24.126425","2"
"3526","66000","387130000C","(04)23274275","(04)23288582","2026","1","9","11","30","臺中市","南屯區","0","0","0","7","","","50","","","","","","","","","","","","","","13","","","","","B03","","","1","","1","","","59","59","1","12","4","120.635735","24.143409","3"
"3527","66000","387130000C","(04)23274275","(04)23288582","2026","1","9","11","30","臺中市","大肚區","0","1","0","7","2","6","40","13","8","1","5","4","6","6","4","4","1","4","4","1","14","3","10","3","1","B12","7","2","1","10","2","6","","49","49","1","6","4","120.565997","24.122802","2"
"3528","66000","387130000C","(04)23274275","(04)23288582","2026","1","9","11","30","臺中市","大甲區","0","0","0","7","","","50","","","","","","","","","","","","","","14","","","","","B12","","","1","","1","","","49","49","1","12","4","120.643669","24.400079","3"
"3529","66000","387130000C","(04)23274275","(04)23288582","2026","1","9","11","34","臺中市","南屯區","0","1","0","7","2","6","40","4","1","1","5","4","6","6","2","1","9","4","1","2","12","3","10","3","1","B03","7","5","1","8","2","2","","25","25","1","12","4","120.623146","24.149866","2"
"3530","66000","387130000C","(04)23274275","(04)23288582","2026","1","9","11","34","臺中市","太平區","0","2","0","7","2","6","30","4","1","1","5","4","6","6","4","4","10","5","5","2","15","2","8","2","1","C03","7","9","1","10","2","12","","15","15","1","13","2","120.719284","24.125931","2"
"3531","66000","387130000C","(04)23274275","(04)23288582","2026","1","9","11","35","臺中市","北屯區","0","1","0","7","2","3","80","13","7","1","5","4","6","6","4","4","1","4","5","1","13","2","1","3","1","B03","7","9","1","8","2","1","","84","84","1","6","4","120.722581","24.189639","2"
"3532","66000","387130000C","(04)23274275","(04)23288582","2026","1","9","11","36","臺中市","烏日區","0","0","0","7","","","40","","","","","","","","","","","","","","13","","","","","C03","","","1","","1","","","7","7","1","13","4","120.623305","24.104655","3"
"3533","66000","387130000C","(04)23274275","(04)23288582","2026","1","9","11","38","臺中市","南屯區","0","1","0","7","2","6","40","5","2","1","5","4","6","6","2","1","1","4","1","2","17","3","10","2","1","C03","7","5","1","10","2","16","","14","14","1","12","4","120.607929","24.151401","2"
"3534","66000","387130000C","(04)23274275","(04)23288582","2026","1","9","11","41","臺中市","中區","0","1","0","7","2","6","50","4","1","1","5","4","6","6","1","1","10","5","5","2","16","3","10","5","4","B03","7","6","1","8","2","1","","11","11","1","13","4","120.680981","24.143814","2"
"3535","66000","387130000C","(04)23274275","(04)23288582","2026","1","9","11","44","臺中市","大里區","0","0","1","7","2","6","30","3","1","1","5","4","6","6","4","4","10","5","5","2","17","5","1","4","1","C03","7","5","1","10","9","14","","85","85","1","12","4","120.735464","24.088188","2"
"3536","66000","387130000C","(04)23274275","(04)23288582","2026","1","9","11","47","臺中市","太平區","0","1","0","7","2","6","30","4","1","1","5","4","6","6","4","4","10","5","5","2","15","3","10","3","1","B01","7","9","1","4","2","2","","15","15","1","12","4","120.718344","24.117632","2"
"3537","66000","387130000C","(04)23274275","(04)23288582","2026","1","9","11","48","臺中市","梧棲區","0","2","0","7","2","6","30","4","1","1","5","4","6","6","4","4","10","5","5","2","16","2","9","1","1","C03","7","6","1","10","2","11","","12","12","1","12","4","120.550842","24.260028","2"
"3538","66000","387130000C","(04)23274275","(04)23288582","2026","1","9","11","50","臺中市","北屯區","0","2","0","7","2","6","30","3","1","1","5","4","6","6","4","4","10","5","5","2","17","2","9","3","1","B03","7","6","1","8","2","5","","14","14","1","6","4","120.698232","24.178439","2"
"3539","66000","387130000C","(04)23274275","(04)23288582","2026","1","9","11","52","臺中市","豐原區","0","1","0","7","2","6","50","3","1","1","5","4","6","6","4","4","10","5","5","2","18","2","9","2","1","C03","7","6","1","10","2","14","","90","90","1","13","4","120.725349","24.250482","2"