序號,縣市別代碼,機關代碼,市話,傳真,年,月,日,時,分,縣市,區,死亡數量,受傷數量,2-30,天候,道路照明設備,道路類別,道路速限,道路型態,事故位置,路面鋪裝,路面狀態,路面缺陷,障礙物,視距,號誌種類,號誌動作,分向設施,快車道或一般車道間,快慢車道間,路面邊線,事故類型及型態,受傷程度,主要傷處,保護裝備,行動電話或功能裝置,當事者區分(類別),車輛用途,當事者行動狀態,駕照狀態,駕照種類,飲酒情形,車輛撞擊部位最初,車輛撞擊部位其他,肇事因素個別,肇事因素主要,肇事逃逸,職業,共享經濟或外送平台,GPS座標X,GPS座標Y,事故類別
"3540","66000","387130000C","(04)23274275","(04)23288582","2026","1","9","11","55","臺中市","北區","0","0","0","7","","","50","","","","","","","","","","","","","","17","","","","","B03","","","1","","1","","","84","84","1","13","4","120.688954","24.153401","3"
"3541","66000","387130000C","(04)23274275","(04)23288582","2026","1","9","11","58","臺中市","太平區","0","1","0","7","2","6","50","4","1","1","5","4","6","6","4","4","10","5","5","2","16","2","9","2","1","C03","7","6","1","10","1","11","","14","14","1","13","4","120.718612","24.117312","2"
"3542","66000","387130000C","(04)23274275","(04)23288582","2026","1","9","11","58","臺中市","后里區","0","2","0","7","2","6","30","3","2","1","5","4","6","6","4","4","10","5","5","2","17","2","4","2","1","C03","7","6","1","10","2","11","","48","48","1","12","4","120.725699","24.310907","2"
"3543","66000","387130000C","(04)23274275","(04)23288582","2026","1","9","12","0","臺中市","大里區","0","0","0","7","","","40","","","","","","","","","","","","","","12","","","","","B12","","","1","","2","","","8","8","1","6","4","120.693492","24.108542","3"
"3544","66000","387130000C","(04)23274275","(04)23288582","2026","1","9","12","4","臺中市","北區","0","0","0","7","","","30","","","","","","","","","","","","","","17","","","","","C03","","","1","","2","","","14","14","1","13","4","120.684383","24.16442","3"
"3545","66000","387130000C","(04)23274275","(04)23288582","2026","1","9","12","9","臺中市","南區","0","2","0","7","2","6","50","3","1","1","5","4","6","6","1","1","9","4","4","2","17","2","9","2","1","C03","7","9","1","10","2","11","","7","7","1","12","4","120.660508","24.115492","2"
"3546","66000","387130000C","(04)23274275","(04)23288582","2026","1","9","12","11","臺中市","西屯區","0","0","0","7","","","50","","","","","","","","","","","","","","12","","","","","B03","","","1","","1","","","35","35","1","13","4","120.630662","24.158291","3"
"3547","66000","387130000C","(04)23274275","(04)23288582","2026","1","9","12","12","臺中市","西屯區","0","0","0","7","","","50","","","","","","","","","","","","","","12","","","","","B03","","","1","","1","","","58","58","1","13","4","120.635594","24.176057","3"
"3548","66000","387130000C","(04)23274275","(04)23288582","2026","1","9","12","12","臺中市","大里區","0","0","0","7","","","50","","","","","","","","","","","","","","","","","","","B03","","","1","","2","","","84","84","1","12","4","120.689919","24.112116","3"
"3549","66000","387130000C","(04)23274275","(04)23288582","2026","1","9","12","14","臺中市","北區","0","0","0","7","3","6","50","18","24","1","5","4","6","6","4","4","5","5","5","2","17","","","","","C03","","","1","","1","","","49","49","1","13","4","120.686354","24.152734","3"
"3550","66000","387130000C","(04)23274275","(04)23288582","2026","1","9","12","14","臺中市","沙鹿區","0","0","0","7","","","50","","","","","","","","","","","","","","13","","","","","C03","","","1","","1","","","7","7","1","6","4","120.562194","24.246239","3"
"3551","66000","387130000C","(04)23274275","(04)23288582","2026","1","9","12","15","臺中市","西屯區","0","0","0","7","","","50","","","","","","","","","","","","","","15","","","","","C02","","","1","","1","","","84","84","1","12","4","120.628945","24.162482","3"
"3552","66000","387130000C","(04)23274275","(04)23288582","2026","1","9","12","15","臺中市","梧棲區","0","0","0","7","","","70","","","","","","","","","","","","","","13","","","","","B03","","","1","","1","","","7","7","1","6","4","120.542161","24.247634","3"
"3553","66000","387130000C","(04)23274275","(04)23288582","2026","1","9","12","18","臺中市","太平區","0","1","0","7","2","6","50","3","9","1","5","4","6","6","4","4","5","5","5","1","13","2","8","2","1","C03","7","9","1","10","2","13","","7","7","1","12","4","120.732639","24.137551","2"
"3554","66000","387130000C","(04)23274275","(04)23288582","2026","1","9","12","19","臺中市","西區","0","1","0","7","2","6","50","3","1","1","5","4","6","6","4","4","10","5","5","2","16","3","10","1","1","C03","7","5","3","19","2","13","","47","47","1","13","4","120.666711","24.133377","2"
"3555","66000","387130000C","(04)23274275","(04)23288582","2026","1","9","12","19","臺中市","西屯區","0","0","0","7","","","30","","","","","","","","","","","","","","12","","","","","B01","","","1","","1","","","84","84","1","13","4","120.629732","24.165589","3"
"3556","66000","387130000C","(04)23274275","(04)23288582","2026","1","9","12","22","臺中市","太平區","0","1","0","7","2","6","50","3","1","1","5","4","6","6","4","4","10","5","5","2","13","3","10","1","1","C03","7","9","1","10","2","11","","84","84","1","12","4","120.716217","24.127646","2"
"3557","66000","387130000C","(04)23274275","(04)23288582","2026","1","9","12","23","臺中市","西區","0","0","0","7","","","50","","","","","","","","","","","","","","","","","","","B12","","","1","","1","","","8","8","1","13","4","120.665627","24.137962","3"
"3558","66000","387130000C","(04)23274275","(04)23288582","2026","1","9","12","26","臺中市","大里區","0","1","0","7","2","6","50","4","1","1","5","4","6","6","1","1","5","5","5","1","16","3","10","3","1","B03","7","6","1","8","2","1","","11","11","1","13","4","120.680046","24.095586","2"
"3559","66000","387130000C","(04)23274275","(04)23288582","2026","1","9","12","26","臺中市","太平區","0","0","0","7","","","50","","","","","","","","","","","","","","13","","","","","B03","","","3","","1","","","59","59","1","12","4","120.712877","24.14393","3"
"3560","66000","387130000C","(04)23274275","(04)23288582","2026","1","9","12","30","臺中市","南屯區","0","0","0","7","","","40","","","","","","","","","","","","","","12","","","","","B03","","","1","","2","","","8","8","1","12","4","120.638557","24.140322","3"
"3561","66000","387130000C","(04)23274275","(04)23288582","2026","1","9","12","32","臺中市","西區","0","1","0","7","2","6","50","13","9","1","5","4","6","6","1","1","1","2","5","2","12","3","10","5","4","B03","7","7","1","8","2","5","","35","35","1","13","4","120.668346","24.129897","2"
"3562","66000","387130000C","(04)23274275","(04)23288582","2026","1","9","12","32","臺中市","大里區","0","2","0","7","3","6","50","5","1","1","5","4","6","6","1","1","1","4","5","1","13","2","7","1","1","C03","7","9","1","10","2","12","","7","7","1","13","4","120.686922","24.095373","2"
"3563","66000","387130000C","(04)23274275","(04)23288582","2026","1","9","12","41","臺中市","南屯區","0","1","0","7","3","6","50","13","9","1","5","4","6","6","4","4","5","5","5","2","18","2","9","1","1","C03","7","9","1","10","2","12","","59","59","1","12","4","120.603027","24.159499","2"
"3564","66000","387130000C","(04)23274275","(04)23288582","2026","1","9","12","46","臺中市","霧峰區","0","1","0","7","2","6","50","3","1","1","5","4","6","6","4","4","10","5","5","2","13","2","9","2","1","C03","7","9","1","10","2","11","","7","7","1","6","4","120.715109","24.074272","2"
"3565","66000","387130000C","(04)23274275","(04)23288582","2026","1","9","12","51","臺中市","西屯區","0","1","0","7","2","6","50","4","3","1","5","4","6","6","1","1","10","5","5","2","17","3","10","1","4","C03","7","6","5","19","2","12","","48","48","1","13","4","120.645527","24.172403","2"
"3566","66000","387130000C","(04)23274275","(04)23288582","2026","1","9","12","53","臺中市","北屯區","0","0","0","7","","","50","","","","","","","","","","","","","","","","","","","B03","","","1","","1","","","42","42","1","6","4","120.673821","24.174051","3"
"3567","66000","387130000C","(04)23274275","(04)23288582","2026","1","9","12","55","臺中市","烏日區","0","2","0","7","2","6","40","13","8","1","5","4","6","6","4","4","1","4","4","1","12","2","9","1","1","C03","7","3","1","10","2","13","","84","84","1","6","4","120.641114","24.108824","2"
"3568","66000","387130000C","(04)23274275","(04)23288582","2026","1","9","12","57","臺中市","北區","0","0","0","7","","","50","","","","","","","","","","","","","","17","","","","","C03","","","1","","2","","","84","84","1","13","4","120.679921","24.162545","3"
"3569","66000","387130000C","(04)23274275","(04)23288582","2026","1","9","12","57","臺中市","豐原區","0","1","0","7","2","6","50","13","9","1","5","4","3","6","4","4","5","5","5","2","17","2","7","1","1","C03","7","1","1","10","2","14","12","51","51","1","13","4","120.719871","24.25338","2"
"3570","66000","387130000C","(04)23274275","(04)23288582","2026","1","9","13","2","臺中市","南屯區","0","0","0","7","3","6","50","13","9","1","5","4","6","6","1","1","3","5","3","2","13","","","","","B12","","","1","","2","","","59","59","1","12","4","120.608323","24.151212","3"
"3571","66000","387130000C","(04)23274275","(04)23288582","2026","1","9","13","15","臺中市","北區","0","0","0","7","","","50","","","","","","","","","","","","","","14","","","","","B12","","","1","","2","","","49","49","1","12","4","120.680725","24.162517","3"
"3572","66000","387130000C","(04)23274275","(04)23288582","2026","1","9","13","19","臺中市","東區","0","1","0","7","2","6","50","13","7","1","5","4","6","6","4","4","9","5","2","2","17","2","8","1","1","C03","7","9","1","10","2","11","12","7","7","1","12","4","120.689404","24.133747","2"
"3573","66000","387130000C","(04)23274275","(04)23288582","2026","1","9","13","20","臺中市","東區","0","1","0","7","2","6","50","3","2","1","5","4","6","6","1","1","5","5","4","2","13","3","10","3","1","B03","7","9","1","8","2","5","","84","84","1","12","4","120.695156","24.138882","2"
"3574","66000","387130000C","(04)23274275","(04)23288582","2026","1","9","13","21","臺中市","西區","0","0","0","7","","","30","","","","","","","","","","","","","","","","","","","B03","","","1","","1","","","8","8","1","13","4","120.658471","24.156679","4"
"3575","66000","387130000C","(04)23274275","(04)23288582","2026","1","9","13","28","臺中市","西屯區","0","1","0","7","2","6","30","4","1","1","5","4","6","6","3","1","10","5","5","2","15","2","8","1","1","C03","7","9","1","10","2","11","","24","24","1","12","4","120.650313","24.169226","2"
"3576","66000","387130000C","(04)23274275","(04)23288582","2026","1","9","13","29","臺中市","西區","0","0","0","7","","","50","","","","","","","","","","","","","","16","","","","","B03","","","1","","2","","","11","11","1","12","4","120.670543","24.139137","3"
"3577","66000","387130000C","(04)23274275","(04)23288582","2026","1","9","13","30","臺中市","北區","0","0","0","7","","","50","","","","","","","","","","","","","","17","","","","","B03","","","1","","2","","","8","8","1","13","4","120.671934","24.163333","4"
"3578","66000","387130000C","(04)23274275","(04)23288582","2026","1","9","13","30","臺中市","大里區","0","0","0","7","","","40","","","","","","","","","","","","","","17","","","","","B03","","","1","","2","","","56","56","1","13","4","120.687889","24.072056","3"
"3579","66000","387130000C","(04)23274275","(04)23288582","2026","1","9","13","31","臺中市","西屯區","0","0","0","7","","","50","","","","","","","","","","","","","","17","","","","","B03","","","1","","2","","","8","8","1","13","4","120.614878","24.185208","4"
"3580","66000","387130000C","(04)23274275","(04)23288582","2026","1","9","13","37","臺中市","北屯區","0","1","0","7","2","6","50","13","24","1","5","4","6","6","4","4","9","5","4","2","18","2","7","2","1","C04","7","9","1","10","1","14","","59","59","1","12","4","120.690876","24.169351","2"
"3581","66000","387130000C","(04)23274275","(04)23288582","2026","1","9","13","38","臺中市","西區","0","0","0","7","","","50","","","","","","","","","","","","","","13","","","","","C03","","","1","","1","","","7","7","1","13","4","120.658927","24.155771","3"
"3582","66000","387130000C","(04)23274275","(04)23288582","2026","1","9","13","39","臺中市","東區","0","1","0","7","3","6","50","5","1","1","5","4","6","6","1","1","10","5","5","2","16","3","10","3","1","B03","7","5","1","8","2","5","","11","11","1","12","4","120.694517","24.142816","2"
"3583","66000","387130000C","(04)23274275","(04)23288582","2026","1","9","13","39","臺中市","西屯區","0","0","0","7","","","40","","","","","","","","","","","","","","","","","","","C03","","","1","","2","","","7","7","1","13","4","120.638482","24.169172","3"
"3584","66000","387130000C","(04)23274275","(04)23288582","2026","1","9","13","39","臺中市","太平區","0","1","0","7","2","6","50","5","1","1","5","4","6","6","1","1","10","5","5","2","16","2","9","2","1","C03","7","9","1","10","2","14","","7","7","1","13","4","120.718013","24.12286","2"
"3585","66000","387130000C","(04)23274275","(04)23288582","2026","1","9","13","42","臺中市","烏日區","0","0","0","7","","","50","","","","","","","","","","","","","","13","","","","","B03","","","1","","1","","","7","7","1","6","4","120.632734","24.110103","3"
"3586","66000","387130000C","(04)23274275","(04)23288582","2026","1","9","13","43","臺中市","沙鹿區","0","0","0","7","","","50","","","","","","","","","","","","","","14","","","","","B12","","","1","","2","","","49","49","1","6","4","120.567521","24.204714","3"
"3587","66000","387130000C","(04)23274275","(04)23288582","2026","1","9","13","44","臺中市","北屯區","0","1","0","7","2","6","50","13","7","1","5","4","6","6","4","4","5","5","4","2","12","2","9","1","1","C03","7","8","3","19","2","14","","42","42","1","12","4","120.709697","24.166965","2"
"3588","66000","387130000C","(04)23274275","(04)23288582","2026","1","9","13","46","臺中市","北區","0","0","0","7","3","6","50","18","24","1","5","4","6","6","4","4","10","5","5","2","13","","","","","C03","","","1","","2","","","7","7","1","13","4","120.675459","24.149921","3"
"3589","66000","387130000C","(04)23274275","(04)23288582","2026","1","9","13","47","臺中市","大里區","0","0","0","7","","","50","","","","","","","","","","","","","","17","","","","","B03","","","1","","2","","","59","59","1","6","4","120.687643","24.102965","3"
"3590","66000","387130000C","(04)23274275","(04)23288582","2026","1","9","13","50","臺中市","南屯區","0","0","0","7","3","6","40","13","8","1","5","4","6","6","4","4","5","4","4","2","14","","","","","B03","","","1","","1","","","49","50","1","12","4","120.633821","24.146921","3"
"3591","66000","387130000C","(04)23274275","(04)23288582","2026","1","9","13","52","臺中市","沙鹿區","0","1","0","7","2","6","50","13","7","1","5","4","6","6","4","4","1","4","4","2","13","4","11","5","4","B03","7","9","6","20","11","1","","7","7","2","13","4","120.56283","24.23353","2"
"3592","66000","387130000C","(04)23274275","(04)23288582","2026","1","9","13","52","臺中市","沙鹿區","0","0","0","7","","","50","","","","","","","","","","","","","","17","","","","","B12","","","1","","9","","","84","84","2","6","4","120.559387","24.239826","3"
"3593","66000","387130000C","(04)23274275","(04)23288582","2026","1","9","13","53","臺中市","西屯區","0","1","0","7","2","6","50","3","2","1","5","4","6","6","1","1","5","4","5","2","12","2","9","5","4","C03","7","6","1","10","2","14","","8","8","1","12","4","120.6335","24.172006","2"
"3594","66000","387130000C","(04)23274275","(04)23288582","2026","1","9","13","55","臺中市","東區","0","2","0","7","2","6","50","4","1","1","5","4","6","6","1","1","9","4","4","2","17","2","9","1","1","C03","7","9","1","10","2","12","","8","8","1","12","4","120.699863","24.142767","2"
"3595","66000","387130000C","(04)23274275","(04)23288582","2026","1","9","13","58","臺中市","潭子區","0","0","0","7","","","60","","","","","","","","","","","","","","","","","","","B03","","","1","","2","","","7","7","1","13","4","120.703376","24.199518","3"
"3596","66000","387130000C","(04)23274275","(04)23288582","2026","1","9","14","4","臺中市","西區","0","2","0","7","2","6","30","3","1","1","5","4","6","6","4","4","9","4","5","2","17","2","9","1","1","C03","7","6","1","10","2","14","","14","14","1","12","2","120.666072","24.150605","2"
"3597","66000","387130000C","(04)23274275","(04)23288582","2026","1","9","14","4","臺中市","北區","0","0","0","7","","","40","","","","","","","","","","","","","","17","","","","","B03","","","1","","2","","","84","84","1","12","4","120.673509","24.169918","3"
"3598","66000","387130000C","(04)23274275","(04)23288582","2026","1","9","14","13","臺中市","北區","0","0","0","7","","","40","","","","","","","","","","","","","","12","","","","","C03","","","1","","1","","","84","84","2","12","4","120.67979","24.148119","3"
"3599","66000","387130000C","(04)23274275","(04)23288582","2026","1","9","14","17","臺中市","東區","0","0","0","7","","","50","","","","","","","","","","","","","","","","","","","C03","","","1","","1","","","51","51","1","12","4","120.708915","24.149247","3"
"3600","66000","387130000C","(04)23274275","(04)23288582","2026","1","9","14","17","臺中市","北屯區","0","3","0","7","2","6","50","13","8","1","5","4","6","6","4","4","1","4","4","2","12","2","9","1","1","C03","7","9","1","10","2","11","","84","84","1","6","4","120.685811","24.18132","2"
"3601","66000","387130000C","(04)23274275","(04)23288582","2026","1","9","14","18","臺中市","南屯區","0","1","0","7","2","6","50","4","2","1","5","4","6","6","2","1","9","4","5","2","13","2","9","1","1","C03","7","9","1","10","2","11","","7","7","1","12","4","120.613023","24.138797","2"
"3602","66000","387130000C","(04)23274275","(04)23288582","2026","1","9","14","19","臺中市","西區","0","0","0","7","","","50","","","","","","","","","","","","","","13","","","","","B03","","","1","","1","","","7","7","1","13","4","120.671413","24.145343","3"
"3603","66000","387130000C","(04)23274275","(04)23288582","2026","1","9","14","19","臺中市","北屯區","0","3","0","7","2","6","50","3","1","1","1","4","6","6","1","1","10","5","5","2","17","2","9","1","1","C03","7","6","1","10","2","12","","48","48","1","6","4","120.708215","24.170281","2"
"3604","66000","387130000C","(04)23274275","(04)23288582","2026","1","9","14","29","臺中市","南屯區","0","0","0","7","3","6","50","13","9","1","5","4","6","6","1","1","3","4","5","2","13","","","","","C03","","","1","","1","","","7","7","1","12","4","120.635244","24.151299","3"
"3605","66000","387130000C","(04)23274275","(04)23288582","2026","1","9","14","33","臺中市","西區","0","0","0","7","","","50","","","","","","","","","","","","","","","","","","","C03","","","1","","2","","","7","7","1","12","4","120.660951","24.159175","3"
"3606","66000","387130000C","(04)23274275","(04)23288582","2026","1","9","14","33","臺中市","北屯區","0","2","0","7","2","6","50","4","2","1","5","4","6","6","2","1","10","5","5","2","17","2","9","2","1","C03","7","7","1","10","2","13","","42","42","1","6","4","120.690811","24.171792","2"
"3607","66000","387130000C","(04)23274275","(04)23288582","2026","1","9","14","33","臺中市","后里區","0","1","0","7","3","6","40","13","7","1","5","4","6","6","4","4","5","4","4","1","12","2","9","1","1","C04","7","9","3","19","2","14","","84","84","1","6","4","120.69294","24.313762","2"
"3608","66000","387130000C","(04)23274275","(04)23288582","2026","1","9","14","35","臺中市","北屯區","0","0","0","7","","","50","","","","","","","","","","","","","","13","","","","","B03","","","1","","1","","","59","59","1","12","4","120.719457","24.160884","3"
"3609","66000","387130000C","(04)23274275","(04)23288582","2026","1","9","14","36","臺中市","大雅區","0","1","0","7","3","6","30","13","9","1","5","4","6","6","4","4","10","5","5","1","17","2","9","1","1","C03","7","9","1","10","1","11","","6","6","1","12","4","120.644769","24.232419","2"
"3610","66000","387130000C","(04)23274275","(04)23288582","2026","1","9","14","36","臺中市","太平區","0","0","0","7","","3","80","","","","","","","","","","","","","","","","","","","B03","","","1","","2","","","7","7","1","12","4","120.714097","24.14843","3"
"3611","66000","387130000C","(04)23274275","(04)23288582","2026","1","9","14","36","臺中市","烏日區","0","0","0","7","","","50","","","","","","","","","","","","","","12","","","","","B03","","","1","","1","","","2","2","1","13","4","120.618724","24.115942","3"
"3612","66000","387130000C","(04)23274275","(04)23288582","2026","1","9","14","39","臺中市","南區","0","0","0","7","","","50","","","","","","","","","","","","","","17","","","","","B03","","","1","","2","","","50","50","1","12","4","120.657464","24.126729","3"
"3613","66000","387130000C","(04)23274275","(04)23288582","2026","1","9","14","39","臺中市","北屯區","0","2","0","7","2","6","30","12","9","1","5","4","6","6","4","4","10","5","5","1","10","2","9","3","1","B12","7","9","1","8","2","1","","41","41","1","6","4","120.755219","24.168774","2"
"3614","66000","387130000C","(04)23274275","(04)23288582","2026","1","9","14","40","臺中市","南屯區","0","0","0","7","3","6","50","13","9","1","5","4","6","6","4","4","3","4","5","2","13","","","","","B03","","","1","","1","","","7","7","1","12","4","120.639524","24.142035","3"
"3615","66000","387130000C","(04)23274275","(04)23288582","2026","1","9","14","41","臺中市","龍井區","0","1","0","7","2","6","30","11","9","1","5","4","6","6","4","4","10","5","5","2","16","3","10","3","1","B03","7","6","1","8","1","8","","20","20","1","12","4","120.524825","24.214614","2"
"3616","66000","387130000C","(04)23274275","(04)23288582","2026","1","9","14","44","臺中市","潭子區","0","1","0","7","3","6","40","11","9","1","5","4","6","6","4","4","1","5","5","1","17","2","9","2","1","C03","7","9","1","10","2","14","","84","84","1","13","4","120.712623","24.194293","2"
"3617","66000","387130000C","(04)23274275","(04)23288582","2026","1","9","14","45","臺中市","西區","0","0","0","7","","","50","","","","","","","","","","","","","","","","","","","B03","","","1","","2","","","8","8","1","13","4","120.673503","24.147725","3"
"3618","66000","387130000C","(04)23274275","(04)23288582","2026","1","9","14","51","臺中市","北屯區","0","0","0","7","","3","40","","","","","","","","","","","","","","13","","","","","B03","","","1","","2","","","84","84","1","6","4","120.66968","24.177502","3"
"3619","66000","387130000C","(04)23274275","(04)23288582","2026","1","9","14","54","臺中市","北屯區","0","0","0","7","","","50","","","","","","","","","","","","","","17","","","","","C03","","","1","","2","","","45","45","1","6","4","120.664262","24.184077","3"
"3620","66000","387130000C","(04)23274275","(04)23288582","2026","1","9","14","54","臺中市","西屯區","0","1","0","7","2","6","0","13","9","1","5","4","6","6","4","4","5","5","5","2","17","3","10","3","1","B03","7","1","1","8","2","8","","51","51","1","12","4","120.636405","24.176666","2"
"3621","66000","387130000C","(04)23274275","(04)23288582","2026","1","9","14","55","臺中市","烏日區","0","0","0","7","","","70","","","","","","","","","","","","","","13","","","","","B03","","","1","","1","","","7","7","1","6","4","120.606485","24.108501","3"
"3622","66000","387130000C","(04)23274275","(04)23288582","2026","1","9","14","56","臺中市","西區","0","0","0","7","","","50","","","","","","","","","","","","","","16","","","","","B03","","","1","","1","","","11","11","1","12","4","120.657332","24.139292","3"
"3623","66000","387130000C","(04)23274275","(04)23288582","2026","1","9","14","57","臺中市","潭子區","0","1","0","7","3","6","60","13","7","1","5","4","6","6","4","4","1","4","4","1","17","3","10","3","1","B03","7","13","1","8","2","8","","76","76","1","13","4","120.702385","24.190458","2"
"3624","66000","387130000C","(04)23274275","(04)23288582","2026","1","9","15","3","臺中市","西區","0","0","0","7","","","50","","","","","","","","","","","","","","17","","","","","B03","","","1","","2","","","50","50","1","13","4","120.657172","24.134968","3"
"3625","66000","387130000C","(04)23274275","(04)23288582","2026","1","9","15","3","臺中市","西區","0","0","0","7","","","40","","","","","","","","","","","","","","","","","","","B03","","","1","","2","","","8","8","1","6","4","120.665258","24.132064","3"
"3626","66000","387130000C","(04)23274275","(04)23288582","2026","1","9","15","4","臺中市","北區","0","0","0","7","","","60","","","","","","","","","","","","","","13","","","","","B03","","","1","","1","","","84","84","1","12","4","120.665639","24.154102","3"
"3627","66000","387130000C","(04)23274275","(04)23288582","2026","1","9","15","4","臺中市","龍井區","0","1","0","7","2","6","50","13","8","1","5","4","6","6","4","4","1","2","4","2","12","3","10","3","1","B03","7","7","1","8","2","5","","40","40","1","12","4","120.546187","24.193061","2"
"3628","66000","387130000C","(04)23274275","(04)23288582","2026","1","9","15","6","臺中市","南屯區","0","0","0","7","3","6","50","13","9","1","5","4","6","6","1","1","1","4","5","2","13","","","","","B03","","","1","","1","","","7","7","1","12","4","120.646918","24.148801","3"
"3629","66000","387130000C","(04)23274275","(04)23288582","2026","1","9","15","10","臺中市","新社區","0","0","0","7","","","50","","","","","","","","","","","","","","17","","","","","H04","","","7","","1","","","98","98","1","13","4","120.808618","24.242903","3"
"3630","66000","387130000C","(04)23274275","(04)23288582","2026","1","9","15","12","臺中市","霧峰區","0","1","0","7","1","6","40","13","9","1","5","4","6","6","4","4","9","4","4","1","17","2","9","2","1","C03","7","9","1","10","2","11","","7","7","1","13","4","120.675479","24.041436","2"
"3631","66000","387130000C","(04)23274275","(04)23288582","2026","1","9","15","13","臺中市","霧峰區","0","0","0","7","","","30","","","","","","","","","","","","","","17","","","","","B12","","","1","","2","","","49","49","1","12","4","120.699901","24.063395","3"
"3632","66000","387130000C","(04)23274275","(04)23288582","2026","1","9","15","14","臺中市","豐原區","0","1","0","7","2","6","50","4","1","1","5","4","6","6","4","4","10","5","5","2","16","3","10","5","4","B03","7","6","1","8","2","16","","12","12","1","12","4","120.7251","24.246482","2"
"3633","66000","387130000C","(04)23274275","(04)23288582","2026","1","9","15","18","臺中市","西屯區","0","1","0","7","2","6","0","18","21","4","5","4","6","6","4","4","10","5","5","2","18","2","9","6","1","F01","7","9","7","21","2","11","","84","84","1","12","1","120.655102","24.175965","2"
"3634","66000","387130000C","(04)23274275","(04)23288582","2026","1","9","15","20","臺中市","太平區","0","0","0","7","","","50","","","","","","","","","","","","","","11","","","","","B12","","","1","","2","","","39","39","1","12","4","120.714458","24.123016","3"
"3635","66000","387130000C","(04)23274275","(04)23288582","2026","1","9","15","23","臺中市","北區","0","1","0","7","2","6","50","4","1","1","5","4","6","6","1","1","10","5","5","2","18","2","8","5","4","C03","7","9","1","10","2","14","","84","84","1","12","4","120.682333","24.160321","2"
"3636","66000","387130000C","(04)23274275","(04)23288582","2026","1","9","15","25","臺中市","潭子區","0","1","0","7","3","6","60","13","7","1","5","4","6","6","4","4","1","3","4","1","17","2","7","2","1","C03","7","12","1","10","2","14","","84","84","1","13","4","120.703132","24.200219","2"
"3637","66000","387130000C","(04)23274275","(04)23288582","2026","1","9","15","25","臺中市","清水區","0","1","0","7","2","6","50","13","14","1","5","4","6","6","4","4","9","4","5","1","18","2","9","1","1","C03","7","5","1","10","2","11","","54","54","1","13","4","120.56119","24.28481","2"
"3638","66000","387130000C","(04)23274275","(04)23288582","2026","1","9","15","27","臺中市","梧棲區","0","0","0","7","","","70","","","","","","","","","","","","","","13","","","","","B03","","","1","","1","","","59","59","1","12","4","120.548014","24.245778","3"
"3639","66000","387130000C","(04)23274275","(04)23288582","2026","1","9","15","30","臺中市","西屯區","0","2","0","7","2","6","30","3","1","1","5","4","6","6","4","4","10","5","5","2","16","2","9","1","1","C03","7","6","1","10","2","11","","48","48","1","12","4","120.644371","24.178143","2"
"3640","66000","387130000C","(04)23274275","(04)23288582","2026","1","9","15","30","臺中市","大甲區","0","0","0","7","","","50","","","","","","","","","","","","","","","","","","","B03","","","1","","1","","","84","84","1","6","4","120.627428","24.34072","3"
"3641","66000","387130000C","(04)23274275","(04)23288582","2026","1","9","15","32","臺中市","南屯區","0","1","0","7","3","6","50","13","9","1","5","4","6","6","4","4","1","4","5","2","13","3","10","3","1","B02","7","9","1","8","2","1","","7","7","1","12","4","120.646789","24.146405","2"
"3642","66000","387130000C","(04)23274275","(04)23288582","2026","1","9","15","36","臺中市","沙鹿區","0","1","0","7","2","6","50","13","9","1","5","4","6","6","4","4","5","5","5","2","13","2","9","2","1","C03","7","9","1","10","2","11","","7","7","1","6","4","120.570975","24.199042","2"
"3643","66000","387130000C","(04)23274275","(04)23288582","2026","1","9","15","44","臺中市","南屯區","0","0","0","7","3","6","50","13","9","1","5","4","6","6","4","4","5","4","5","2","13","","","","","B03","","","1","","1","","","7","7","1","12","4","120.622888","24.140467","3"
"3644","66000","387130000C","(04)23274275","(04)23288582","2026","1","9","15","45","臺中市","南屯區","0","0","0","7","3","6","50","13","9","1","5","4","6","6","4","4","5","5","5","2","14","","","","","B03","","","1","","1","","","49","49","1","12","4","120.630703","24.142871","3"
"3645","66000","387130000C","(04)23274275","(04)23288582","2026","1","9","15","45","臺中市","西屯區","0","0","0","7","","","50","","","","","","","","","","","","","","13","","","","","B03","","","1","","1","","","7","7","1","13","4","120.647877","24.196575","3"
"3646","66000","387130000C","(04)23274275","(04)23288582","2026","1","9","15","45","臺中市","霧峰區","0","1","0","7","2","6","50","13","9","1","5","4","6","6","4","4","10","5","5","2","18","2","9","1","1","C03","7","9","1","10","2","12","","59","59","1","12","4","120.667438","24.078625","2"
"3647","66000","387130000C","(04)23274275","(04)23288582","2026","1","9","15","46","臺中市","豐原區","0","0","0","7","","","60","","","","","","","","","","","","","","17","","","","","A12","","","1","","2","","","8","8","1","12","4","120.735912","24.260557","4"
"3648","66000","387130000C","(04)23274275","(04)23288582","2026","1","9","15","48","臺中市","南區","0","1","0","7","3","6","50","13","8","1","5","4","6","6","4","4","3","4","4","2","12","2","9","2","1","C03","7","10","1","10","2","14","","42","42","1","12","4","120.665434","24.126763","2"
"3649","66000","387130000C","(04)23274275","(04)23288582","2026","1","9","15","50","臺中市","大里區","0","0","0","7","","","50","","","","","","","","","","","","","","","","","","","B03","","","1","","2","","","40","40","1","12","4","120.690357","24.092506","3"
"3650","66000","387130000C","(04)23274275","(04)23288582","2026","1","9","15","51","臺中市","南區","0","2","0","7","1","6","50","4","1","1","5","4","6","6","1","1","9","4","5","2","12","3","10","3","1","B03","7","9","1","8","2","1","","7","7","1","12","4","120.658456","24.13106","2"