序號,縣市別代碼,機關代碼,市話,傳真,年,月,日,時,分,縣市,區,死亡數量,受傷數量,2-30,天候,道路照明設備,道路類別,道路速限,道路型態,事故位置,路面鋪裝,路面狀態,路面缺陷,障礙物,視距,號誌種類,號誌動作,分向設施,快車道或一般車道間,快慢車道間,路面邊線,事故類型及型態,受傷程度,主要傷處,保護裝備,行動電話或功能裝置,當事者區分(類別),車輛用途,當事者行動狀態,駕照狀態,駕照種類,飲酒情形,車輛撞擊部位最初,車輛撞擊部位其他,肇事因素個別,肇事因素主要,肇事逃逸,職業,共享經濟或外送平台,GPS座標X,GPS座標Y,事故類別
"3651","66000","387130000C","(04)23274275","(04)23288582","2026","1","9","15","52","臺中市","大雅區","0","0","0","7","","","50","","","","","","","","","","","","","","","","","","","B03","","","1","","1","","","7","7","1","13","4","120.653529","24.225158","3"
"3652","66000","387130000C","(04)23274275","(04)23288582","2026","1","9","15","53","臺中市","大里區","0","0","0","7","","","50","","","","","","","","","","","","","","","","","","","C03","","","1","","2","","","85","85","1","12","4","120.666287","24.112239","3"
"3653","66000","387130000C","(04)23274275","(04)23288582","2026","1","9","15","55","臺中市","西屯區","0","2","0","7","2","6","50","4","1","1","5","4","6","6","2","1","10","5","5","2","16","2","9","5","4","C03","7","6","1","10","2","14","","48","48","1","12","4","120.642535","24.164224","2"
"3654","66000","387130000C","(04)23274275","(04)23288582","2026","1","9","15","55","臺中市","烏日區","0","0","0","7","","","50","","","","","","","","","","","","","","14","","","","","B03","","","1","","2","","","49","49","1","6","4","120.608704","24.1037","4"
"3655","66000","387130000C","(04)23274275","(04)23288582","2026","1","9","15","56","臺中市","南屯區","0","0","0","7","3","6","50","13","9","1","5","4","6","6","4","4","5","4","5","2","12","","","","","B03","","","1","","1","","","59","59","1","12","4","120.636823","24.136583","3"
"3656","66000","387130000C","(04)23274275","(04)23288582","2026","1","9","15","57","臺中市","南區","0","1","0","7","2","6","50","4","1","1","5","4","6","6","2","1","10","5","5","2","12","2","9","2","1","C03","7","5","1","10","2","12","","85","85","1","12","4","120.679372","24.118709","2"
"3657","66000","387130000C","(04)23274275","(04)23288582","2026","1","9","15","57","臺中市","北屯區","0","1","0","7","3","6","50","3","1","1","5","4","6","6","4","4","10","5","5","2","16","3","10","3","1","B03","7","5","1","8","2","2","","14","14","1","12","4","120.711571","24.18119","2"
"3658","66000","387130000C","(04)23274275","(04)23288582","2026","1","9","15","59","臺中市","北區","0","1","0","7","2","6","50","13","9","1","5","4","6","6","4","4","1","4","5","2","9","3","10","1","1","C03","7","9","3","19","9","12","","59","59","2","13","4","120.682043","24.152837","2"
"3659","66000","387130000C","(04)23274275","(04)23288582","2026","1","9","15","59","臺中市","烏日區","0","1","0","7","3","6","50","3","1","1","5","4","6","6","4","4","1","4","4","2","12","3","10","5","4","B03","7","5","1","8","2","6","","14","14","1","13","4","120.615054","24.10603","2"
"3660","66000","387130000C","(04)23274275","(04)23288582","2026","1","9","16","1","臺中市","西屯區","0","0","0","7","","","50","","","","","","","","","","","","","","12","","","","","B03","","","1","","1","","","84","84","1","13","4","120.624052","24.194041","3"
"3661","66000","387130000C","(04)23274275","(04)23288582","2026","1","9","16","4","臺中市","西屯區","0","1","0","7","2","9","50","3","1","1","5","4","6","6","4","4","10","5","5","1","18","2","9","2","1","C03","7","5","1","10","2","14","","87","87","1","12","4","120.60387","24.171669","2"
"3662","66000","387130000C","(04)23274275","(04)23288582","2026","1","9","16","5","臺中市","南屯區","0","1","0","7","3","6","50","13","9","1","5","4","6","6","4","4","5","4","5","2","17","2","9","2","4","C03","7","9","1","10","2","11","","54","54","1","6","4","120.645011","24.138024","2"
"3663","66000","387130000C","(04)23274275","(04)23288582","2026","1","9","16","8","臺中市","霧峰區","0","0","0","7","","","30","","","","","","","","","","","","","","","","","","","B03","","","1","","1","","","51","51","1","13","4","120.682592","24.064994","3"
"3664","66000","387130000C","(04)23274275","(04)23288582","2026","1","9","16","9","臺中市","西屯區","0","0","0","7","","","50","","","","","","","","","","","","","","13","","","","","B03","","","1","","2","","","59","59","1","12","4","120.637498","24.175976","3"
"3665","66000","387130000C","(04)23274275","(04)23288582","2026","1","9","16","13","臺中市","梧棲區","0","0","0","7","","","50","","","","","","","","","","","","","","14","","","","","B03","","","1","","1","","","49","49","2","12","4","120.541696","24.243681","3"
"3666","66000","387130000C","(04)23274275","(04)23288582","2026","1","9","16","16","臺中市","東區","0","0","0","7","","","50","","","","","","","","","","","","","","14","","","","","B03","","","1","","1","","","49","49","1","12","4","120.698317","24.142646","3"
"3667","66000","387130000C","(04)23274275","(04)23288582","2026","1","9","16","19","臺中市","北屯區","0","0","0","7","","3","40","","","","","","","","","","","","","","13","","","","","B03","","","1","","1","","","84","84","1","12","4","120.681129","24.20087","3"
"3668","66000","387130000C","(04)23274275","(04)23288582","2026","1","9","16","20","臺中市","霧峰區","0","3","0","7","2","6","50","3","2","1","5","4","6","6","1","1","9","4","4","1","13","2","9","2","1","C03","7","9","1","10","2","11","","7","7","1","13","4","120.697721","24.056925","2"
"3669","66000","387130000C","(04)23274275","(04)23288582","2026","1","9","16","21","臺中市","西屯區","0","0","0","7","","","50","","","","","","","","","","","","","","12","","","","","B12","","","1","","1","","","8","8","1","12","4","120.638929","24.182234","3"
"3670","66000","387130000C","(04)23274275","(04)23288582","2026","1","9","16","25","臺中市","南屯區","0","0","0","7","3","6","40","13","8","1","5","4","6","6","4","4","5","5","4","2","12","","","","","C03","","","1","","1","","","59","59","1","12","4","120.637435","24.133978","3"
"3671","66000","387130000C","(04)23274275","(04)23288582","2026","1","9","16","26","臺中市","太平區","0","0","0","7","","","50","","","","","","","","","","","","","","17","","","","","B12","","","1","","1","","","84","84","1","13","4","120.713","24.15309","3"
"3672","66000","387130000C","(04)23274275","(04)23288582","2026","1","9","16","28","臺中市","潭子區","0","1","0","7","3","6","50","11","9","1","5","4","6","6","4","4","5","5","5","1","17","3","10","3","1","B03","7","4","1","8","2","2","","8","8","1","13","4","120.723059","24.194236","2"
"3673","66000","387130000C","(04)23274275","(04)23288582","2026","1","9","16","31","臺中市","北屯區","0","1","0","7","2","6","30","4","1","1","5","4","6","6","4","4","10","5","5","2","15","3","10","3","1","B12","7","9","1","8","2","8","","12","12","1","12","4","120.689186","24.16382","2"
"3674","66000","387130000C","(04)23274275","(04)23288582","2026","1","9","16","38","臺中市","大里區","0","1","0","7","2","6","30","4","1","5","5","4","6","6","4","4","10","5","5","2","15","3","10","1","1","C03","7","9","1","10","2","11","","15","15","1","6","4","120.688381","24.109062","2"
"3675","66000","387130000C","(04)23274275","(04)23288582","2026","1","9","16","41","臺中市","龍井區","0","1","0","7","2","6","50","13","9","1","5","4","6","6","1","1","5","5","5","1","14","3","10","3","1","B03","7","2","3","19","9","3","","49","49","1","6","4","120.583352","24.179648","2"
"3676","66000","387130000C","(04)23274275","(04)23288582","2026","1","9","16","46","臺中市","神岡區","0","2","0","7","1","6","50","4","1","1","5","4","6","6","4","4","5","5","5","1","16","2","9","1","4","C03","7","6","3","19","2","12","","14","14","1","12","4","120.660185","24.272046","2"
"3677","66000","387130000C","(04)23274275","(04)23288582","2026","1","9","16","48","臺中市","南屯區","0","0","0","7","3","6","50","13","9","1","5","4","6","6","1","1","3","2","5","2","12","","","","","B03","","","1","","1","","","84","84","1","12","4","120.622241","24.150044","3"
"3678","66000","387130000C","(04)23274275","(04)23288582","2026","1","9","16","58","臺中市","大里區","0","0","0","7","","3","80","","","","","","","","","","","","","","12","","","","","B03","","","1","","2","","","84","84","1","6","4","120.683042","24.086576","3"
"3679","66000","387130000C","(04)23274275","(04)23288582","2026","1","9","17","1","臺中市","西屯區","0","0","0","7","","","50","","","","","","","","","","","","","","","","","","","B03","","","1","","2","","","59","59","1","12","4","120.667995","24.177973","3"
"3680","66000","387130000C","(04)23274275","(04)23288582","2026","1","9","17","3","臺中市","西屯區","0","1","0","7","2","6","50","13","9","1","5","4","6","6","4","4","3","4","5","2","12","2","7","5","4","C03","7","9","1","10","2","12","14","8","8","1","12","4","120.615041","24.174551","2"
"3681","66000","387130000C","(04)23274275","(04)23288582","2026","1","9","17","3","臺中市","太平區","0","0","0","7","","","50","","","","","","","","","","","","","","11","","","","","B03","","","1","","2","","","39","39","1","12","4","120.718449","24.128716","3"
"3682","66000","387130000C","(04)23274275","(04)23288582","2026","1","9","17","4","臺中市","西屯區","0","0","0","7","","3","80","","","","","","","","","","","","","","17","","","","","B12","","","1","","1","","","85","85","1","13","4","120.631153","24.167876","3"
"3683","66000","387130000C","(04)23274275","(04)23288582","2026","1","9","17","6","臺中市","大雅區","0","1","0","7","3","6","30","3","9","1","5","4","6","6","4","4","10","5","5","2","16","3","10","2","1","C03","7","5","1","10","2","14","","6","6","1","13","4","120.629763","24.240229","2"
"3684","66000","387130000C","(04)23274275","(04)23288582","2026","1","9","17","9","臺中市","北屯區","0","0","0","7","","","50","","","","","","","","","","","","","","17","","","","","B03","","","1","","1","","","51","51","1","6","4","120.684579","24.18158","3"
"3685","66000","387130000C","(04)23274275","(04)23288582","2026","1","9","17","9","臺中市","西屯區","0","0","0","7","","","40","","","","","","","","","","","","","","12","","","","","C03","","","1","","1","","","8","8","1","13","4","120.609404","24.184273","3"
"3686","66000","387130000C","(04)23274275","(04)23288582","2026","1","9","17","9","臺中市","大里區","0","0","0","7","","","50","","","","","","","","","","","","","","","","","","","B03","","","1","","1","","","8","8","1","12","4","120.699519","24.083835","3"
"3687","66000","387130000C","(04)23274275","(04)23288582","2026","1","9","17","11","臺中市","西屯區","0","0","0","7","","","0","","","","","","","","","","","","","","12","","","","","B12","","","1","","2","","","8","8","1","13","4","120.657628","24.202278","3"
"3688","66000","387130000C","(04)23274275","(04)23288582","2026","1","9","17","12","臺中市","西屯區","0","0","0","7","","","50","","","","","","","","","","","","","","13","","","","","C03","","","1","","1","","","7","7","1","12","4","120.637068","24.172164","3"
"3689","66000","387130000C","(04)23274275","(04)23288582","2026","1","9","17","12","臺中市","豐原區","0","0","0","7","","","40","","","","","","","","","","","","","","2","","","","","H04","","","7","","2","","","119","119","1","13","4","120.70612","24.250038","3"
"3690","66000","387130000C","(04)23274275","(04)23288582","2026","1","9","17","13","臺中市","西屯區","0","0","0","7","","","50","","","","","","","","","","","","","","13","","","","","B01","","","1","","2","","","59","59","1","13","4","120.664726","24.178119","3"
"3691","66000","387130000C","(04)23274275","(04)23288582","2026","1","9","17","16","臺中市","北屯區","0","1","0","7","1","6","50","4","1","1","5","4","6","6","1","1","10","5","5","2","13","3","10","3","1","B03","7","9","1","8","2","8","","59","59","1","6","4","120.65937","24.190742","2"
"3692","66000","387130000C","(04)23274275","(04)23288582","2026","1","9","17","19","臺中市","潭子區","0","1","0","7","3","6","50","3","2","1","5","4","6","6","4","4","5","5","5","2","17","2","9","2","1","C03","7","11","1","10","2","12","14","39","39","1","13","4","120.703627","24.216081","2"
"3693","66000","387130000C","(04)23274275","(04)23288582","2026","1","9","17","19","臺中市","北屯區","0","2","0","7","2","6","50","13","9","1","5","4","6","6","4","4","1","4","5","2","17","3","10","3","1","A02","7","14","1","2","9","16","","76","76","1","12","4","120.696512","24.168863","2"
"3694","66000","387130000C","(04)23274275","(04)23288582","2026","1","9","17","19","臺中市","霧峰區","0","1","0","7","3","6","30","13","9","1","5","4","6","6","4","4","10","5","5","1","28","","","","","","","","","","","","","118","118","1","","","120.681488","24.020839","2"
"3695","66000","387130000C","(04)23274275","(04)23288582","2026","1","9","17","20","臺中市","西屯區","0","1","0","6","2","6","30","11","9","1","5","4","6","6","4","4","10","5","5","2","17","2","8","1","1","C03","7","9","1","10","2","16","","84","84","1","12","4","120.648316","24.206504","2"
"3696","66000","387130000C","(04)23274275","(04)23288582","2026","1","9","17","20","臺中市","太平區","0","1","0","7","2","6","30","13","9","1","5","4","6","6","4","4","10","5","5","2","16","2","9","2","1","C03","7","1","1","10","2","14","","51","51","1","13","4","120.727803","24.10712","2"
"3697","66000","387130000C","(04)23274275","(04)23288582","2026","1","9","17","25","臺中市","霧峰區","0","2","0","7","1","6","50","4","1","1","5","4","6","6","4","4","5","5","4","1","15","2","7","2","1","C03","7","9","1","10","2","11","","12","12","1","12","4","120.69835","24.062438","2"
"3698","66000","387130000C","(04)23274275","(04)23288582","2026","1","9","17","25","臺中市","龍井區","0","0","0","7","","","50","","","","","","","","","","","","","","","","","","","A05","","","1","","9","","","45","45","1","12","4","120.545959","24.192728","3"
"3699","66000","387130000C","(04)23274275","(04)23288582","2026","1","9","17","27","臺中市","后里區","0","0","0","7","1","6","40","13","14","1","5","4","6","6","4","4","5","5","5","1","17","3","10","3","1","B03","7","15","1","8","2","1","","82","82","1","6","4","120.717988","24.31072","3"
"3700","66000","387130000C","(04)23274275","(04)23288582","2026","1","9","17","29","臺中市","西屯區","0","0","0","7","","","50","","","","","","","","","","","","","","13","","","","","B03","","","1","","1","","","59","59","1","12","4","120.648126","24.195385","3"
"3701","66000","387130000C","(04)23274275","(04)23288582","2026","1","9","17","31","臺中市","霧峰區","0","1","0","7","2","6","50","4","1","1","5","4","6","6","4","4","10","5","5","2","15","3","10","3","1","B03","7","9","1","8","2","5","","13","13","1","12","4","120.696508","24.068556","2"
"3702","66000","387130000C","(04)23274275","(04)23288582","2026","1","9","17","32","臺中市","北屯區","0","3","0","7","1","6","50","13","9","1","5","4","6","6","4","4","4","3","5","2","13","2","9","2","1","C03","7","9","1","10","2","11","14","84","84","1","13","4","120.695305","24.170091","2"
"3703","66000","387130000C","(04)23274275","(04)23288582","2026","1","9","17","32","臺中市","霧峰區","0","0","0","7","","","40","","","","","","","","","","","","","","12","","","","","B03","","","1","","2","","","40","40","1","13","4","120.663547","24.073945","3"
"3704","66000","387130000C","(04)23274275","(04)23288582","2026","1","9","17","32","臺中市","太平區","0","0","0","7","","","50","","","","","","","","","","","","","","16","","","","","B03","","","1","","1","","","48","48","1","12","4","120.715663","24.151859","3"
"3705","66000","387130000C","(04)23274275","(04)23288582","2026","1","9","17","33","臺中市","東區","0","1","0","7","2","6","50","4","1","1","5","4","6","6","1","1","10","5","5","2","16","3","10","3","1","B03","7","6","1","8","2","4","","23","23","1","12","4","120.701252","24.142721","2"
"3706","66000","387130000C","(04)23274275","(04)23288582","2026","1","9","17","34","臺中市","大雅區","0","1","0","7","1","6","50","13","9","1","5","4","6","6","4","4","5","4","5","1","12","2","9","2","1","C03","7","15","1","10","2","12","","84","84","1","12","4","120.650902","24.227458","2"
"3707","66000","387130000C","(04)23274275","(04)23288582","2026","1","9","17","36","臺中市","大肚區","0","1","0","7","2","6","30","3","1","1","5","4","6","6","4","4","10","5","5","2","16","3","10","3","1","B02","7","6","1","8","2","1","","14","14","1","6","4","120.566832","24.123097","2"
"3708","66000","387130000C","(04)23274275","(04)23288582","2026","1","9","17","37","臺中市","神岡區","0","0","0","7","","","30","","","","","","","","","","","","","","30","","","","","B03","","","1","","2","","","87","87","1","13","4","120.683997","24.24629","4"
"3709","66000","387130000C","(04)23274275","(04)23288582","2026","1","9","17","38","臺中市","南屯區","0","1","0","7","1","6","50","13","8","1","5","4","6","6","4","4","9","5","4","2","16","3","10","5","4","B03","7","5","1","8","2","6","","84","84","1","6","4","120.610227","24.132591","2"
"3710","66000","387130000C","(04)23274275","(04)23288582","2026","1","9","17","39","臺中市","西屯區","0","0","0","7","","","50","","","","","","","","","","","","","","","","","","","C03","","","1","","1","","","59","59","1","12","4","120.641076","24.168092","3"
"3711","66000","387130000C","(04)23274275","(04)23288582","2026","1","9","17","41","臺中市","西區","0","1","0","7","2","6","50","13","7","1","5","4","6","6","4","4","1","4","4","2","17","3","10","3","1","B03","7","9","1","8","2","1","","7","7","1","12","4","120.660681","24.1403","2"
"3712","66000","387130000C","(04)23274275","(04)23288582","2026","1","9","17","44","臺中市","潭子區","0","0","0","6","","3","80","","","","","","","","","","","","","","","","","","","B03","","","1","","2","","","40","40","1","13","4","120.718932","24.196868","3"
"3713","66000","387130000C","(04)23274275","(04)23288582","2026","1","9","17","44","臺中市","南屯區","0","1","0","7","1","6","50","13","9","1","5","4","6","6","1","1","3","4","5","2","12","3","10","3","1","B03","7","5","1","8","2","5","","20","20","1","12","4","120.606858","24.14796","2"
"3714","66000","387130000C","(04)23274275","(04)23288582","2026","1","9","17","45","臺中市","北區","0","0","0","7","","","50","","","","","","","","","","","","","","17","","","","","","","","","","","","","84","84","1","","","120.686048","24.154749","4"
"3715","66000","387130000C","(04)23274275","(04)23288582","2026","1","9","17","45","臺中市","豐原區","0","1","0","7","1","6","60","13","8","1","5","4","3","6","4","4","1","4","4","1","17","2","8","1","1","C03","7","9","1","10","2","14","11","59","59","1","13","4","120.736207","24.247394","2"
"3716","66000","387130000C","(04)23274275","(04)23288582","2026","1","9","17","47","臺中市","北區","0","0","0","7","","","50","","","","","","","","","","","","","","12","","","","","B03","","","1","","2","","","84","84","1","12","4","120.676953","24.153804","3"
"3717","66000","387130000C","(04)23274275","(04)23288582","2026","1","9","17","47","臺中市","北屯區","0","2","0","7","1","6","50","13","9","1","5","4","6","6","4","4","1","4","5","1","12","2","8","1","1","C03","7","9","1","10","2","11","","7","7","1","12","4","120.665899","24.200731","2"
"3718","66000","387130000C","(04)23274275","(04)23288582","2026","1","9","17","48","臺中市","豐原區","0","1","0","7","1","6","60","3","1","1","5","4","6","6","1","1","10","5","5","2","16","3","10","5","4","B03","7","5","1","8","2","6","","47","47","1","12","4","120.704597","24.237303","2"
"3719","66000","387130000C","(04)23274275","(04)23288582","2026","1","9","17","49","臺中市","南屯區","0","0","0","7","1","6","50","13","8","1","5","4","6","6","4","4","1","4","1","2","13","","","","","B03","","","1","","2","","","7","7","1","12","4","120.623409","24.144421","3"
"3720","66000","387130000C","(04)23274275","(04)23288582","2026","1","9","17","50","臺中市","大里區","0","1","0","7","1","6","50","4","9","1","5","4","6","6","1","1","5","4","5","1","9","3","10","1","1","C03","7","1","1","10","2","11","","56","56","1","12","4","120.689361","24.11822","2"
"3721","66000","387130000C","(04)23274275","(04)23288582","2026","1","9","17","50","臺中市","霧峰區","0","0","0","7","","","40","","","","","","","","","","","","","","","","","","","B03","","","1","","2","","","85","85","1","13","4","120.662997","24.073463","3"
"3722","66000","387130000C","(04)23274275","(04)23288582","2026","1","9","17","54","臺中市","南屯區","0","0","0","7","1","6","50","13","9","1","5","4","6","6","1","1","3","4","5","2","13","","","","","C03","","","1","","1","","","7","7","1","12","4","120.600102","24.145269","3"
"3723","66000","387130000C","(04)23274275","(04)23288582","2026","1","9","17","56","臺中市","大雅區","0","0","0","7","","","60","","","","","","","","","","","","","","","","","","","B03","","","1","","1","","","40","40","1","12","4","120.645352","24.225249","3"
"3724","66000","387130000C","(04)23274275","(04)23288582","2026","1","9","17","56","臺中市","北屯區","0","1","0","7","1","6","50","5","1","1","5","4","6","6","2","1","10","5","5","2","18","2","9","1","1","C03","7","9","2","19","2","14","","82","82","1","12","4","120.686254","24.18851","2"
"3725","66000","387130000C","(04)23274275","(04)23288582","2026","1","9","17","57","臺中市","西屯區","0","0","0","7","","","30","","","","","","","","","","","","","","13","","","","","B03","","","1","","1","","","59","59","1","12","4","120.626276","24.189101","3"
"3726","66000","387130000C","(04)23274275","(04)23288582","2026","1","9","17","58","臺中市","南屯區","0","1","0","7","1","6","50","4","1","1","5","4","6","6","1","1","5","4","5","2","16","3","10","3","1","B03","7","6","1","8","2","5","","11","11","1","12","4","120.601707","24.139359","2"
"3727","66000","387130000C","(04)23274275","(04)23288582","2026","1","9","18","0","臺中市","西區","0","1","0","7","2","6","50","4","9","1","5","4","6","6","1","1","10","5","5","2","17","2","9","1","1","C03","7","9","1","10","1","11","","7","7","1","12","4","120.678952","24.139018","2"
"3728","66000","387130000C","(04)23274275","(04)23288582","2026","1","9","18","0","臺中市","西屯區","0","1","0","7","1","6","40","5","2","1","5","4","6","6","4","4","3","4","3","2","17","2","9","1","1","C03","7","9","1","10","2","16","","84","84","1","12","4","120.629752","24.162889","2"
"3729","66000","387130000C","(04)23274275","(04)23288582","2026","1","9","18","0","臺中市","烏日區","0","0","0","6","","","60","","","","","","","","","","","","","","9","","","","","B03","","","1","","2","","","87","87","1","12","4","120.634242","24.106743","4"
"3730","66000","387130000C","(04)23274275","(04)23288582","2026","1","9","18","0","臺中市","烏日區","0","0","0","7","","","50","","","","","","","","","","","","","","9","","","","","B12","","","1","","2","","","84","84","1","6","4","120.600455","24.111298","3"
"3731","66000","387130000C","(04)23274275","(04)23288582","2026","1","9","18","2","臺中市","沙鹿區","0","2","0","7","3","6","50","4","1","1","5","4","6","6","4","4","10","5","5","2","16","3","10","2","1","C03","7","9","1","10","2","11","","4","4","1","6","4","120.564474","24.249129","2"
"3732","66000","387130000C","(04)23274275","(04)23288582","2026","1","9","18","2","臺中市","沙鹿區","0","0","0","7","","","50","","","","","","","","","","","","","","14","","","","","B03","","","1","","2","","","49","49","1","5","4","120.568169","24.242027","3"
"3733","66000","387130000C","(04)23274275","(04)23288582","2026","1","9","18","3","臺中市","潭子區","0","1","0","6","1","6","50","13","9","1","5","4","6","6","4","4","1","4","5","2","17","2","9","2","1","C03","7","9","1","10","2","11","12","7","7","1","13","4","120.705742","24.20023","2"
"3734","66000","387130000C","(04)23274275","(04)23288582","2026","1","9","18","3","臺中市","南屯區","0","0","0","7","1","6","50","13","9","1","5","4","6","6","4","4","5","5","5","2","13","","","","","C03","","","1","","1","","","7","7","1","12","4","120.650592","24.13318","3"
"3735","66000","387130000C","(04)23274275","(04)23288582","2026","1","9","18","3","臺中市","西屯區","0","0","0","7","","","0","","","","","","","","","","","","","","17","","","","","C03","","","1","","2","","","50","50","1","12","4","120.603448","24.180994","3"
"3736","66000","387130000C","(04)23274275","(04)23288582","2026","1","9","18","4","臺中市","南區","0","1","0","7","1","6","50","13","12","1","5","4","6","6","4","4","9","5","5","2","17","3","10","2","1","C03","7","9","1","10","2","16","","75","75","1","6","4","120.65602","24.134609","2"
"3737","66000","387130000C","(04)23274275","(04)23288582","2026","1","9","18","5","臺中市","西區","0","1","0","6","1","6","50","3","1","1","5","4","6","6","4","4","10","5","5","2","17","3","10","3","1","B03","7","1","1","8","2","1","","51","51","1","13","4","120.65448","24.15541","2"
"3738","66000","387130000C","(04)23274275","(04)23288582","2026","1","9","18","6","臺中市","北區","0","1","0","7","1","6","50","3","1","1","5","4","6","6","4","4","1","4","5","1","13","3","10","3","1","B03","7","9","1","8","2","5","","7","7","1","12","4","120.683676","24.163021","2"
"3739","66000","387130000C","(04)23274275","(04)23288582","2026","1","9","18","6","臺中市","東區","0","0","0","7","","","50","","","","","","","","","","","","","","","","","","","B01","","","1","","1","","","7","7","1","12","4","120.707374","24.140441","3"
"3740","66000","387130000C","(04)23274275","(04)23288582","2026","1","9","18","7","臺中市","后里區","0","0","0","7","1","6","30","13","9","1","5","4","6","6","4","4","10","5","5","2","14","","","","","B03","","","1","","1","","","49","49","2","6","4","120.720765","24.307441","3"
"3741","66000","387130000C","(04)23274275","(04)23288582","2026","1","9","18","9","臺中市","北屯區","0","0","0","7","","3","80","","","","","","","","","","","","","","13","","","","","B03","","","1","","1","","","7","7","1","6","4","120.694144","24.201018","3"
"3742","66000","387130000C","(04)23274275","(04)23288582","2026","1","9","18","9","臺中市","沙鹿區","0","0","0","7","","","30","","","","","","","","","","","","","","25","","","","","B03","","","1","","2","","","29","29","1","6","4","120.571281","24.23371","3"
"3743","66000","387130000C","(04)23274275","(04)23288582","2026","1","9","18","10","臺中市","西屯區","0","2","0","7","1","6","40","3","1","1","5","4","6","6","1","1","10","5","5","2","13","2","7","5","4","C03","7","9","1","10","2","11","","7","7","1","12","4","120.609553","24.184191","2"
"3744","66000","387130000C","(04)23274275","(04)23288582","2026","1","9","18","12","臺中市","北屯區","0","3","0","7","1","6","50","4","1","1","5","4","6","6","4","4","10","5","5","2","12","2","9","1","1","C03","7","9","1","10","2","12","","1","1","1","6","4","120.671963","24.175494","2"
"3745","66000","387130000C","(04)23274275","(04)23288582","2026","1","9","18","14","臺中市","西屯區","0","1","0","7","1","6","30","13","9","1","5","4","6","6","4","4","5","5","5","1","18","2","9","5","4","C03","7","9","1","10","2","14","","84","84","1","13","4","120.620002","24.197347","2"
"3746","66000","387130000C","(04)23274275","(04)23288582","2026","1","9","18","15","臺中市","西屯區","0","0","0","7","","","50","","","","","","","","","","","","","","","","","","","B03","","","1","","1","","","59","59","1","12","4","120.596255","24.168478","3"
"3747","66000","387130000C","(04)23274275","(04)23288582","2026","1","9","18","15","臺中市","神岡區","0","0","0","7","","","50","","","","","","","","","","","","","","13","","","","","B03","","","1","","2","","","84","84","1","13","4","120.69837","24.234682","3"
"3748","66000","387130000C","(04)23274275","(04)23288582","2026","1","9","18","19","臺中市","潭子區","0","0","0","7","","","50","","","","","","","","","","","","","","13","","","","","B03","","","1","","2","","","7","7","1","13","4","120.673687","24.207666","3"
"3749","66000","387130000C","(04)23274275","(04)23288582","2026","1","9","18","19","臺中市","西區","0","2","0","7","1","6","50","4","4","1","5","4","6","6","2","1","8","3","5","2","13","3","10","3","1","B03","7","9","1","8","2","5","","7","7","1","12","4","120.677126","24.140239","2"
"3750","66000","387130000C","(04)23274275","(04)23288582","2026","1","9","18","19","臺中市","北屯區","0","0","0","7","","","50","","","","","","","","","","","","","","13","","","","","C03","","","1","","1","","","7","7","1","12","4","120.685358","24.169013","3"
"3751","66000","387130000C","(04)23274275","(04)23288582","2026","1","9","18","19","臺中市","沙鹿區","0","0","0","7","","","40","","","","","","","","","","","","","","","","","","","B03","","","1","","2","","","49","49","1","6","4","120.577764","24.221821","3"
"3752","66000","387130000C","(04)23274275","(04)23288582","2026","1","9","18","19","臺中市","豐原區","0","0","0","7","","","50","","","","","","","","","","","","","","17","","","","","B03","","","1","","9","","","7","7","2","12","4","120.716462","24.252097","3"
"3753","66000","387130000C","(04)23274275","(04)23288582","2026","1","9","18","20","臺中市","潭子區","0","0","0","6","","","50","","","","","","","","","","","","","","","","","","","B03","","","1","","2","","","49","49","1","13","4","120.704339","24.201446","3"
"3754","66000","387130000C","(04)23274275","(04)23288582","2026","1","9","18","20","臺中市","豐原區","0","0","0","7","","","50","","","","","","","","","","","","","","13","","","","","C03","","","1","","1","","","7","7","1","13","4","120.720382","24.264561","3"
"3755","66000","387130000C","(04)23274275","(04)23288582","2026","1","9","18","21","臺中市","大里區","0","1","0","7","1","6","50","4","1","1","5","4","5","6","4","4","10","5","5","2","15","3","10","3","1","B01","7","9","1","4","2","2","","15","15","1","12","4","120.691025","24.087506","2"
"3756","66000","387130000C","(04)23274275","(04)23288582","2026","1","9","18","22","臺中市","太平區","0","1","0","7","1","6","40","3","1","1","5","4","6","6","4","4","10","5","5","2","16","3","10","3","1","B03","7","6","1","8","2","8","","14","14","1","13","4","120.728305","24.128176","2"
"3757","66000","387130000C","(04)23274275","(04)23288582","2026","1","9","18","22","臺中市","大肚區","0","1","0","7","1","6","50","3","1","1","5","4","6","6","2","1","10","5","5","2","16","3","10","3","1","B03","7","6","5","19","2","5","","11","11","1","6","4","120.545116","24.152012","2"
"3758","66000","387130000C","(04)23274275","(04)23288582","2026","1","9","18","23","臺中市","西屯區","0","0","0","7","","","50","","","","","","","","","","","","","","13","","","","","B03","","","1","","1","","","59","59","1","12","4","120.657703","24.200165","3"
"3759","66000","387130000C","(04)23274275","(04)23288582","2026","1","9","18","28","臺中市","北屯區","0","0","0","7","","","50","","","","","","","","","","","","","","2","","","","","B03","","","1","","1","","","8","8","1","13","4","120.701254","24.182108","3"
"3760","66000","387130000C","(04)23274275","(04)23288582","2026","1","9","18","28","臺中市","豐原區","0","1","0","7","1","6","60","11","14","1","5","4","6","6","4","4","1","4","4","1","30","2","9","1","4","C03","7","5","1","10","2","12","12","84","84","1","13","4","120.723643","24.264378","2"