序號,縣市別代碼,機關代碼,市話,傳真,年,月,日,時,分,縣市,區,死亡數量,受傷數量,2-30,天候,道路照明設備,道路類別,道路速限,道路型態,事故位置,路面鋪裝,路面狀態,路面缺陷,障礙物,視距,號誌種類,號誌動作,分向設施,快車道或一般車道間,快慢車道間,路面邊線,事故類型及型態,受傷程度,主要傷處,保護裝備,行動電話或功能裝置,當事者區分(類別),車輛用途,當事者行動狀態,駕照狀態,駕照種類,飲酒情形,車輛撞擊部位最初,車輛撞擊部位其他,肇事因素個別,肇事因素主要,肇事逃逸,職業,共享經濟或外送平台,GPS座標X,GPS座標Y,事故類別
"3761","66000","387130000C","(04)23274275","(04)23288582","2026","1","9","18","29","臺中市","西屯區","0","0","0","7","","3","80","","","","","","","","","","","","","","12","","","","","B03","","","1","","2","","","85","85","1","12","4","120.62771","24.160196","3"
"3762","66000","387130000C","(04)23274275","(04)23288582","2026","1","9","18","30","臺中市","西屯區","0","0","0","7","","3","80","","","","","","","","","","","","","","13","","","","","B03","","","1","","1","","","7","7","1","12","4","120.636204","24.18382","3"
"3763","66000","387130000C","(04)23274275","(04)23288582","2026","1","9","18","31","臺中市","潭子區","0","2","0","7","1","6","30","4","1","1","5","4","6","6","4","4","10","5","5","1","17","2","9","2","1","C03","7","6","1","10","2","14","12","14","14","1","13","4","120.707477","24.206984","2"
"3764","66000","387130000C","(04)23274275","(04)23288582","2026","1","9","18","33","臺中市","梧棲區","0","0","0","7","","","70","","","","","","","","","","","","","","23","","","","","B03","","","1","","2","","","59","59","1","12","4","120.525962","24.256402","3"
"3765","66000","387130000C","(04)23274275","(04)23288582","2026","1","9","18","35","臺中市","北區","0","0","0","7","","","50","","","","","","","","","","","","","","17","","","","","B01","","","1","","1","","","84","84","1","12","4","120.675433","24.152215","4"
"3766","66000","387130000C","(04)23274275","(04)23288582","2026","1","9","18","35","臺中市","烏日區","0","0","0","7","","","50","","","","","","","","","","","","","","16","","","","","B12","","","1","","2","","","8","8","1","6","4","120.628014","24.112689","3"
"3767","66000","387130000C","(04)23274275","(04)23288582","2026","1","9","18","36","臺中市","南區","0","2","0","7","1","6","50","4","1","1","5","4","6","6","1","1","10","5","5","2","13","2","9","2","1","C03","7","9","5","10","2","11","12","7","7","1","12","4","120.658462","24.1178","2"
"3768","66000","387130000C","(04)23274275","(04)23288582","2026","1","9","18","37","臺中市","中區","0","0","0","7","","","50","","","","","","","","","","","","","","","","","","","B03","","","1","","2","","","84","84","1","6","4","120.68315","24.141177","3"
"3769","66000","387130000C","(04)23274275","(04)23288582","2026","1","9","18","42","臺中市","中區","0","0","0","7","","","50","","","","","","","","","","","","","","","","","","","B03","","","1","","1","","","84","84","1","13","4","120.680671","24.13863","3"
"3770","66000","387130000C","(04)23274275","(04)23288582","2026","1","9","18","50","臺中市","南區","0","0","0","7","","","40","","","","","","","","","","","","","","17","","","","","B03","","","1","","2","","","20","20","1","12","4","120.657269","24.116791","3"
"3771","66000","387130000C","(04)23274275","(04)23288582","2026","1","9","18","52","臺中市","西屯區","0","0","0","7","","","50","","","","","","","","","","","","","","","","","","","B03","","","1","","1","","","59","59","1","12","4","120.66034","24.174033","3"
"3772","66000","387130000C","(04)23274275","(04)23288582","2026","1","9","18","52","臺中市","大甲區","0","1","0","7","1","6","40","3","9","1","5","4","6","6","4","4","7","3","5","1","13","3","10","3","1","B03","7","9","1","6","2","1","","7","7","1","12","4","120.625397","24.347357","2"
"3773","66000","387130000C","(04)23274275","(04)23288582","2026","1","9","19","4","臺中市","沙鹿區","0","0","0","7","","","60","","","","","","","","","","","","","","12","","","","","A41","","","1","","2","","","40","40","1","6","4","120.568187","24.23808","3"
"3774","66000","387130000C","(04)23274275","(04)23288582","2026","1","9","19","5","臺中市","大甲區","0","0","0","7","","","50","","","","","","","","","","","","","","15","","","","","B03","","","1","","2","","","11","11","1","13","4","120.622592","24.342445","3"
"3775","66000","387130000C","(04)23274275","(04)23288582","2026","1","9","19","9","臺中市","北屯區","0","0","0","7","","","50","","","","","","","","","","","","","","13","","","","","B03","","","1","","1","","","84","84","1","6","4","120.665402","24.182924","3"
"3776","66000","387130000C","(04)23274275","(04)23288582","2026","1","9","19","9","臺中市","清水區","0","0","0","7","","","60","","","","","","","","","","","","","","13","","","","","B12","","","1","","2","","","7","7","1","13","4","120.55228","24.294059","3"
"3777","66000","387130000C","(04)23274275","(04)23288582","2026","1","9","19","9","臺中市","大甲區","0","1","0","7","1","6","50","3","2","1","5","4","6","6","4","4","5","5","4","1","16","3","10","3","1","B12","7","9","1","8","2","8","","13","13","1","6","4","120.624642","24.351477","2"
"3778","66000","387130000C","(04)23274275","(04)23288582","2026","1","9","19","10","臺中市","大雅區","0","0","0","7","","","50","","","","","","","","","","","","","","12","","","","","C03","","","1","","11","","","8","8","2","12","4","120.656376","24.22049","3"
"3779","66000","387130000C","(04)23274275","(04)23288582","2026","1","9","19","10","臺中市","北屯區","0","0","0","7","","","50","","","","","","","","","","","","","","16","","","","","B03","","","1","","2","","","20","20","1","12","4","120.704268","24.174667","3"
"3780","66000","387130000C","(04)23274275","(04)23288582","2026","1","9","19","11","臺中市","潭子區","0","2","0","6","1","6","50","4","1","1","5","4","6","6","1","1","5","5","5","1","17","2","9","2","1","C03","7","6","1","10","2","11","14","11","11","1","13","4","120.692396","24.224896","2"
"3781","66000","387130000C","(04)23274275","(04)23288582","2026","1","9","19","11","臺中市","太平區","0","0","0","7","","","50","","","","","","","","","","","","","","13","","","","","B03","","","1","","2","","","7","7","1","12","4","120.72127","24.149059","3"
"3782","66000","387130000C","(04)23274275","(04)23288582","2026","1","9","19","12","臺中市","西屯區","0","0","0","7","","","40","","","","","","","","","","","","","","13","","","","","B03","","","1","","1","","","7","7","1","12","4","120.622355","24.179765","3"
"3783","66000","387130000C","(04)23274275","(04)23288582","2026","1","9","19","15","臺中市","大里區","0","1","0","7","1","6","50","4","2","1","5","4","6","6","1","1","5","2","5","1","16","3","10","3","1","B03","7","5","1","8","2","5","","11","11","1","13","4","120.709059","24.082369","2"
"3784","66000","387130000C","(04)23274275","(04)23288582","2026","1","9","19","19","臺中市","太平區","0","0","0","7","","","50","","","","","","","","","","","","","","","","","","","B03","","","1","","2","","","50","50","1","12","4","120.718184","24.153096","3"
"3785","66000","387130000C","(04)23274275","(04)23288582","2026","1","9","19","20","臺中市","西屯區","0","1","0","7","1","6","50","4","1","1","5","4","6","6","1","1","5","4","5","2","16","3","10","3","1","B03","7","6","1","8","2","2","","11","11","1","12","4","120.644569","24.185072","2"
"3786","66000","387130000C","(04)23274275","(04)23288582","2026","1","9","19","25","臺中市","西區","0","2","0","6","2","6","50","4","1","1","5","4","6","6","4","4","5","4","5","2","17","2","9","1","1","C03","7","11","1","10","2","11","","45","45","1","13","4","120.661556","24.152891","2"
"3787","66000","387130000C","(04)23274275","(04)23288582","2026","1","9","19","25","臺中市","北屯區","0","0","0","7","","3","80","","","","","","","","","","","","","","13","","","","","B03","","","1","","1","","","58","58","1","12","4","120.694144","24.201018","3"
"3788","66000","387130000C","(04)23274275","(04)23288582","2026","1","9","19","27","臺中市","北區","0","0","0","7","","","50","","","","","","","","","","","","","","13","","","","","B03","","","1","","1","","","84","84","1","13","4","120.685823","24.154488","3"
"3789","66000","387130000C","(04)23274275","(04)23288582","2026","1","9","19","30","臺中市","西區","0","1","0","6","1","6","50","13","7","1","5","4","6","6","4","4","1","4","5","2","17","3","10","3","3","A11","7","9","1","1","2","1","","84","84","1","12","4","120.660825","24.156283","2"
"3790","66000","387130000C","(04)23274275","(04)23288582","2026","1","9","19","30","臺中市","南屯區","0","0","0","7","","","40","","","","","","","","","","","","","","13","","","","","B03","","","1","","1","","","7","7","1","6","4","120.617343","24.153376","3"
"3791","66000","387130000C","(04)23274275","(04)23288582","2026","1","9","19","34","臺中市","西屯區","0","2","0","7","1","6","30","13","9","1","5","4","6","6","4","4","8","5","5","2","18","2","9","5","4","C03","7","9","1","10","2","11","","59","59","1","13","4","120.636979","24.185966","2"
"3792","66000","387130000C","(04)23274275","(04)23288582","2026","1","9","19","34","臺中市","大肚區","0","1","0","7","1","6","50","4","1","1","5","4","6","6","1","1","10","5","5","1","17","2","9","2","1","F03","7","6","7","21","2","12","","59","59","1","13","4","120.539561","24.158747","2"
"3793","66000","387130000C","(04)23274275","(04)23288582","2026","1","9","19","35","臺中市","東勢區","0","0","0","7","","","50","","","","","","","","","","","","","","13","","","","","B03","","","1","","1","","","49","49","1","13","4","120.823375","24.261777","3"
"3794","66000","387130000C","(04)23274275","(04)23288582","2026","1","9","19","38","臺中市","北區","0","0","0","7","","","50","","","","","","","","","","","","","","12","","","","","C03","","","1","","1","","","42","42","1","12","4","120.670549","24.163039","3"
"3795","66000","387130000C","(04)23274275","(04)23288582","2026","1","9","19","39","臺中市","大里區","0","0","0","7","","","50","","","","","","","","","","","","","","","","","","","C03","","","1","","1","","","84","84","1","12","4","120.689408","24.106272","3"
"3796","66000","387130000C","(04)23274275","(04)23288582","2026","1","9","19","41","臺中市","太平區","0","0","0","7","","","50","","","","","","","","","","","","","","12","","","","","B03","","","1","","2","","","85","85","1","12","4","120.71867","24.131549","3"
"3797","66000","387130000C","(04)23274275","(04)23288582","2026","1","9","19","42","臺中市","西區","0","0","0","7","","","50","","","","","","","","","","","","","","14","","","","","B03","","","1","","1","","","49","49","1","12","4","120.658719","24.147855","3"
"3798","66000","387130000C","(04)23274275","(04)23288582","2026","1","9","19","42","臺中市","北屯區","0","1","0","7","1","6","50","4","1","1","5","4","6","6","1","1","10","5","5","2","16","3","10","3","1","B03","7","11","1","8","2","4","","45","45","1","12","4","120.667771","24.187638","2"
"3799","66000","387130000C","(04)23274275","(04)23288582","2026","1","9","19","42","臺中市","北屯區","0","0","0","7","","","50","","","","","","","","","","","","","","17","","","","","B03","","","1","","1","","","51","51","1","6","4","120.704322","24.18473","3"
"3800","66000","387130000C","(04)23274275","(04)23288582","2026","1","9","19","43","臺中市","沙鹿區","0","0","0","7","","","50","","","","","","","","","","","","","","","","","","","B03","","","1","","9","","","85","85","1","6","4","120.570791","24.211992","3"
"3801","66000","387130000C","(04)23274275","(04)23288582","2026","1","9","19","44","臺中市","梧棲區","0","1","0","7","1","6","50","4","8","1","5","4","6","6","4","4","5","4","4","2","17","2","9","6","1","F01","7","9","7","21","2","12","","59","59","1","3","4","120.53733","24.261644","2"
"3802","66000","387130000C","(04)23274275","(04)23288582","2026","1","9","19","46","臺中市","北屯區","0","1","0","7","1","6","50","13","9","1","5","4","6","6","4","4","3","3","5","2","13","2","9","2","1","C03","7","9","1","10","2","11","14","7","7","1","13","4","120.685318","24.171185","2"
"3803","66000","387130000C","(04)23274275","(04)23288582","2026","1","9","19","48","臺中市","東區","0","0","0","7","","","50","","","","","","","","","","","","","","","","","","","B03","","","1","","1","","","7","7","1","6","4","120.696615","24.138398","3"
"3804","66000","387130000C","(04)23274275","(04)23288582","2026","1","9","19","50","臺中市","烏日區","0","0","0","7","","","30","","","","","","","","","","","","","","12","","","","","B03","","","1","","1","","","51","51","1","6","4","120.616372","24.110954","3"
"3805","66000","387130000C","(04)23274275","(04)23288582","2026","1","9","19","56","臺中市","南區","0","0","0","7","","","30","","","","","","","","","","","","","","","","","","","B03","","","1","","9","","","49","49","2","12","4","120.669613","24.111878","3"
"3806","66000","387130000C","(04)23274275","(04)23288582","2026","1","9","20","0","臺中市","西屯區","0","0","0","7","","","50","","","","","","","","","","","","","","16","","","","","B03","","","1","","2","","","8","8","1","12","4","120.607156","24.160166","3"
"3807","66000","387130000C","(04)23274275","(04)23288582","2026","1","9","20","4","臺中市","西屯區","0","0","0","7","","","50","","","","","","","","","","","","","","13","","","","","B03","","","1","","2","","","7","7","1","13","4","120.638415","24.172247","3"
"3808","66000","387130000C","(04)23274275","(04)23288582","2026","1","9","20","7","臺中市","太平區","0","0","0","7","","","30","","","","","","","","","","","","","","","","","","","B03","","","1","","2","","","8","8","1","6","4","120.731473","24.111901","3"
"3809","66000","387130000C","(04)23274275","(04)23288582","2026","1","9","20","8","臺中市","中區","0","0","0","6","","","40","","","","","","","","","","","","","","","","","","","C03","","","1","","1","","","50","50","1","12","4","120.675034","24.143392","3"
"3810","66000","387130000C","(04)23274275","(04)23288582","2026","1","9","20","9","臺中市","烏日區","0","0","0","7","","","50","","","","","","","","","","","","","","17","","","","","B13","","","1","","2","","","8","8","2","6","4","120.64152","24.110049","3"
"3811","66000","387130000C","(04)23274275","(04)23288582","2026","1","9","20","10","臺中市","南屯區","0","0","0","7","1","6","50","13","9","1","5","4","6","6","1","1","5","5","5","2","13","","","","","B03","","","1","","1","","","7","7","1","12","4","120.651396","24.149822","3"
"3812","66000","387130000C","(04)23274275","(04)23288582","2026","1","9","20","11","臺中市","大雅區","0","1","0","7","1","6","50","4","9","1","5","4","6","6","4","4","9","4","5","2","13","3","10","3","1","B03","7","9","1","8","2","5","","7","7","1","13","4","120.648423","24.223318","2"
"3813","66000","387130000C","(04)23274275","(04)23288582","2026","1","9","20","13","臺中市","東區","0","2","0","7","1","6","50","4","1","1","5","4","6","6","2","1","10","5","5","2","17","3","10","3","1","B03","7","6","1","8","2","16","","11","11","1","12","4","120.699424","24.135153","2"
"3814","66000","387130000C","(04)23274275","(04)23288582","2026","1","9","20","15","臺中市","豐原區","0","0","0","7","","","50","","","","","","","","","","","","","","17","","","","","B03","","","1","","2","","","7","7","1","12","4","120.708626","24.245986","4"
"3815","66000","387130000C","(04)23274275","(04)23288582","2026","1","9","20","20","臺中市","大甲區","0","2","0","7","1","6","50","4","1","1","5","4","6","6","1","1","5","5","5","1","16","3","10","3","1","B03","7","6","1","8","2","5","1","11","11","1","6","4","120.620382","24.348171","2"
"3816","66000","387130000C","(04)23274275","(04)23288582","2026","1","9","20","21","臺中市","潭子區","0","3","0","6","1","6","40","4","1","1","5","4","6","6","1","1","1","4","4","1","17","2","9","2","1","C03","7","5","1","10","2","11","14","7","7","1","13","4","120.705183","24.21586","2"
"3817","66000","387130000C","(04)23274275","(04)23288582","2026","1","9","20","25","臺中市","北區","0","1","0","7","1","6","50","4","1","1","5","4","6","6","1","1","10","5","5","2","16","3","10","1","1","C03","7","5","1","10","2","12","","84","84","1","12","4","120.666443","24.159083","2"
"3818","66000","387130000C","(04)23274275","(04)23288582","2026","1","9","20","30","臺中市","西屯區","0","1","0","7","1","6","50","13","9","1","5","4","6","6","4","4","5","4","5","1","17","2","9","2","1","C04","7","9","1","10","2","11","","54","54","1","12","4","120.647473","24.17268","2"
"3819","66000","387130000C","(04)23274275","(04)23288582","2026","1","9","20","31","臺中市","北區","0","0","0","7","","","50","","","","","","","","","","","","","","13","","","","","B01","","","1","","1","","","84","84","1","12","4","120.681432","24.156029","3"
"3820","66000","387130000C","(04)23274275","(04)23288582","2026","1","9","20","31","臺中市","西屯區","0","0","0","7","","","50","","","","","","","","","","","","","","23","","","","","B03","","","1","","2","","","59","59","1","12","4","120.629939","24.16059","3"
"3821","66000","387130000C","(04)23274275","(04)23288582","2026","1","9","20","35","臺中市","中區","0","1","0","6","1","6","50","4","1","1","5","4","6","6","1","1","10","5","5","2","17","3","10","1","1","C03","7","5","1","10","2","12","","47","47","1","13","4","120.682049","24.142895","2"
"3822","66000","387130000C","(04)23274275","(04)23288582","2026","1","9","20","38","臺中市","西屯區","0","0","0","7","","","50","","","","","","","","","","","","","","16","","","","","B03","","","1","","2","","","12","12","1","12","4","120.63609","24.17669","3"
"3823","66000","387130000C","(04)23274275","(04)23288582","2026","1","9","20","43","臺中市","霧峰區","0","1","0","7","1","6","50","3","1","1","5","4","6","6","4","4","9","4","4","2","16","3","10","3","1","B03","7","5","1","8","2","5","","14","14","1","13","4","120.697013","24.06508","2"
"3824","66000","387130000C","(04)23274275","(04)23288582","2026","1","9","20","44","臺中市","西屯區","0","0","0","7","","","50","","","","","","","","","","","","","","14","","","","","B03","","","1","","1","","","49","49","1","13","4","120.63652","24.166594","3"
"3825","66000","387130000C","(04)23274275","(04)23288582","2026","1","9","20","47","臺中市","東區","0","1","0","7","1","6","50","3","1","1","5","4","6","6","4","4","10","5","5","2","17","3","10","3","1","B03","7","11","1","8","2","2","","45","45","1","12","4","120.701113","24.131989","2"
"3826","66000","387130000C","(04)23274275","(04)23288582","2026","1","9","20","49","臺中市","大雅區","0","0","0","7","","","50","","","","","","","","","","","","","","13","","","","","C03","","","3","","6","","","53","53","1","12","4","120.646507","24.212241","3"
"3827","66000","387130000C","(04)23274275","(04)23288582","2026","1","9","20","50","臺中市","外埔區","0","2","0","7","1","6","50","3","1","1","5","4","6","6","4","4","5","3","4","1","12","2","9","1","1","C03","7","6","1","10","2","14","","14","14","1","6","4","120.637952","24.342401","2"
"3828","66000","387130000C","(04)23274275","(04)23288582","2026","1","9","20","52","臺中市","大里區","0","0","0","7","","","60","","","","","","","","","","","","","","13","","","","","C03","","","1","","2","","","7","7","1","6","4","120.691425","24.100592","3"
"3829","66000","387130000C","(04)23274275","(04)23288582","2026","1","9","20","55","臺中市","西屯區","0","0","0","7","","","50","","","","","","","","","","","","","","16","","","","","B03","","","1","","1","","","11","11","1","12","4","120.642667","24.172374","3"
"3830","66000","387130000C","(04)23274275","(04)23288582","2026","1","9","21","2","臺中市","沙鹿區","0","0","0","7","","","60","","","","","","","","","","","","","","13","","","","","B03","","","1","","2","","","59","59","1","6","4","120.580488","24.201249","3"
"3831","66000","387130000C","(04)23274275","(04)23288582","2026","1","9","21","4","臺中市","北屯區","0","2","0","7","1","6","50","4","1","1","5","4","6","6","1","1","10","5","5","2","16","2","8","1","1","C04","7","6","1","11","2","12","","11","11","1","12","4","120.696034","24.161079","2"
"3832","66000","387130000C","(04)23274275","(04)23288582","2026","1","9","21","6","臺中市","東區","0","0","0","7","","","30","","","","","","","","","","","","","","","","","","","C03","","","1","","1","","","84","84","1","12","4","120.697223","24.151536","4"
"3833","66000","387130000C","(04)23274275","(04)23288582","2026","1","9","21","6","臺中市","南屯區","0","0","0","7","","","50","","","","","","","","","","","","","","16","","","","","B03","","","1","","1","","","51","51","1","12","4","120.645605","24.131888","3"
"3834","66000","387130000C","(04)23274275","(04)23288582","2026","1","9","21","8","臺中市","北區","0","1","0","7","1","6","50","4","1","1","5","4","6","6","1","1","5","4","5","2","16","3","10","3","1","B03","7","5","1","8","2","2","","11","11","1","13","4","120.682124","24.154572","2"
"3835","66000","387130000C","(04)23274275","(04)23288582","2026","1","9","21","8","臺中市","大里區","0","1","0","7","1","6","50","4","1","1","5","4","6","6","4","4","10","5","5","2","15","2","9","1","1","C03","7","9","1","10","2","11","","15","15","1","12","4","120.691031","24.087495","2"
"3836","66000","387130000C","(04)23274275","(04)23288582","2026","1","9","21","10","臺中市","沙鹿區","0","0","0","7","","","50","","","","","","","","","","","","","","20","","","","","B03","","","1","","2","","","59","59","1","6","4","120.572101","24.197945","3"
"3837","66000","387130000C","(04)23274275","(04)23288582","2026","1","9","21","14","臺中市","清水區","0","0","0","7","","","50","","","","","","","","","","","","","","","","","","","B12","","","1","","2","","","8","8","1","12","4","120.57677","24.270739","3"
"3838","66000","387130000C","(04)23274275","(04)23288582","2026","1","9","21","15","臺中市","太平區","0","0","0","7","","3","80","","","","","","","","","","","","","","","","","","","B03","","","1","","2","","","7","7","1","12","4","120.717216","24.156575","3"
"3839","66000","387130000C","(04)23274275","(04)23288582","2026","1","9","21","15","臺中市","梧棲區","0","0","0","7","","","30","","","","","","","","","","","","","","11","","","","","B03","","","1","","2","","","8","8","1","6","4","120.546146","24.2449","3"
"3840","66000","387130000C","(04)23274275","(04)23288582","2026","1","9","21","17","臺中市","南區","0","0","0","7","","","50","","","","","","","","","","","","","","","","","","","C03","","","1","","2","","","7","7","1","12","4","120.67926","24.119028","3"
"3841","66000","387130000C","(04)23274275","(04)23288582","2026","1","9","21","17","臺中市","太平區","0","0","0","7","","","40","","","","","","","","","","","","","","11","","","","","B03","","","1","","2","","","8","8","1","12","4","120.714541","24.123013","3"
"3842","66000","387130000C","(04)23274275","(04)23288582","2026","1","9","21","22","臺中市","南屯區","0","0","0","7","","","50","","","","","","","","","","","","","","17","","","","","B03","","","1","","1","","","39","39","1","12","4","120.650637","24.130345","4"
"3843","66000","387130000C","(04)23274275","(04)23288582","2026","1","9","21","26","臺中市","南區","0","2","0","7","1","6","50","4","1","1","5","4","6","6","4","4","10","5","5","2","15","2","9","2","1","C03","7","9","1","10","2","11","12","15","15","1","12","4","120.655735","24.126113","2"
"3844","66000","387130000C","(04)23274275","(04)23288582","2026","1","9","21","33","臺中市","沙鹿區","0","1","0","7","2","6","60","4","1","1","5","4","6","6","1","1","10","5","5","2","16","3","10","3","1","B03","7","6","1","8","2","2","","11","11","1","6","4","120.575527","24.252005","2"
"3845","66000","387130000C","(04)23274275","(04)23288582","2026","1","9","21","35","臺中市","太平區","0","2","0","7","1","6","30","13","9","1","5","4","6","6","4","4","10","5","5","2","1","2","9","1","1","C03","7","9","1","10","2","11","","58","58","1","6","4","120.727498","24.147529","2"
"3846","66000","387130000C","(04)23274275","(04)23288582","2026","1","9","21","40","臺中市","北屯區","0","1","0","7","1","6","50","4","1","1","5","4","6","6","2","1","10","5","5","2","16","3","10","3","1","B03","7","5","1","8","2","5","","47","47","1","12","4","120.690818","24.16302","2"
"3847","66000","387130000C","(04)23274275","(04)23288582","2026","1","9","21","41","臺中市","北屯區","0","0","0","7","","","50","","","","","","","","","","","","","","13","","","","","C03","","","1","","1","","","7","7","1","12","4","120.685524","24.171861","3"
"3848","66000","387130000C","(04)23274275","(04)23288582","2026","1","9","21","43","臺中市","西屯區","0","0","0","7","","","50","","","","","","","","","","","","","","18","","","","","C03","","","1","","1","","","84","84","1","13","4","120.65263","24.166498","3"
"3849","66000","387130000C","(04)23274275","(04)23288582","2026","1","9","21","43","臺中市","清水區","0","2","0","7","1","6","50","4","1","1","5","4","6","6","4","4","9","3","5","1","17","2","9","1","1","C03","7","6","1","10","2","12","","14","14","1","12","4","120.577472","24.270352","2"
"3850","66000","387130000C","(04)23274275","(04)23288582","2026","1","9","21","46","臺中市","南屯區","0","0","0","7","","","50","","","","","","","","","","","","","","13","","","","","B03","","","1","","1","","","50","50","1","12","4","120.650611","24.152225","4"
"3851","66000","387130000C","(04)23274275","(04)23288582","2026","1","9","21","46","臺中市","大甲區","0","0","0","7","","","50","","","","","","","","","","","","","","","","","","","A11","","","1","","2","","","8","8","1","6","4","120.621466","24.344406","3"
"3852","66000","387130000C","(04)23274275","(04)23288582","2026","1","9","21","50","臺中市","西屯區","0","0","0","7","","","","","","","","","","","","","","","","","17","","","","","","","","","","","","","119","119","1","","","120.646449","24.175175","3"
"3853","66000","387130000C","(04)23274275","(04)23288582","2026","1","9","21","50","臺中市","大里區","0","0","0","7","","","40","","","","","","","","","","","","","","","","","","","B03","","","1","","2","","","50","50","1","12","4","120.690115","24.108866","3"
"3854","66000","387130000C","(04)23274275","(04)23288582","2026","1","9","21","52","臺中市","北區","0","0","0","7","","","50","","","","","","","","","","","","","","12","","","","","B03","","","1","","2","","","84","84","1","12","4","120.686716","24.148519","3"
"3855","66000","387130000C","(04)23274275","(04)23288582","2026","1","9","21","54","臺中市","南屯區","0","1","0","7","1","6","50","13","8","1","5","4","6","6","4","4","1","4","1","2","18","2","9","1","1","C03","7","9","1","10","2","14","","84","84","1","12","4","120.623241","24.137107","2"
"3856","66000","387130000C","(04)23274275","(04)23288582","2026","1","9","21","55","臺中市","潭子區","0","0","0","7","","","50","","","","","","","","","","","","","","","","","","","B03","","","1","","2","","","84","84","1","13","4","120.706845","24.212094","3"
"3857","66000","387130000C","(04)23274275","(04)23288582","2026","1","9","22","4","臺中市","北區","0","0","0","7","","","50","","","","","","","","","","","","","","","","","","","B03","","","1","","1","","","8","8","1","12","4","120.68606","24.154743","3"
"3858","66000","387130000C","(04)23274275","(04)23288582","2026","1","9","22","5","臺中市","西屯區","0","0","0","7","","","30","","","","","","","","","","","","","","11","","","","","B03","","","1","","1","","","8","8","1","12","4","120.641295","24.177842","3"
"3859","66000","387130000C","(04)23274275","(04)23288582","2026","1","9","22","10","臺中市","南屯區","0","0","0","7","","","50","","","","","","","","","","","","","","13","","","","","B03","","","1","","1","","","7","7","1","5","4","120.645302","24.153769","3"
"3860","66000","387130000C","(04)23274275","(04)23288582","2026","1","9","22","15","臺中市","豐原區","0","0","0","7","","","50","","","","","","","","","","","","","","13","","","","","B03","","","1","","1","","","59","59","1","12","4","120.722132","24.272771","3"
"3861","66000","387130000C","(04)23274275","(04)23288582","2026","1","9","22","17","臺中市","沙鹿區","0","0","0","7","","","50","","","","","","","","","","","","","","17","","","","","B03","","","1","","1","","","8","8","1","6","4","120.565949","24.250424","4"
"3862","66000","387130000C","(04)23274275","(04)23288582","2026","1","9","22","20","臺中市","西屯區","0","0","0","7","","","50","","","","","","","","","","","","","","13","","","","","B03","","","1","","1","","","7","7","1","12","4","120.640903","24.165108","3"
"3863","66000","387130000C","(04)23274275","(04)23288582","2026","1","9","22","25","臺中市","南屯區","0","0","0","7","","","50","","","","","","","","","","","","","","17","","","","","C03","","","1","","2","","","21","21","1","12","4","120.636268","24.14673","4"
"3864","66000","387130000C","(04)23274275","(04)23288582","2026","1","9","22","31","臺中市","南屯區","0","0","0","7","","","50","","","","","","","","","","","","","","12","","","","","B03","","","1","","1","","","84","84","1","12","4","120.641415","24.14145","3"
"3865","66000","387130000C","(04)23274275","(04)23288582","2026","1","9","22","40","臺中市","北區","0","2","0","7","1","6","50","3","1","1","5","4","6","6","4","4","10","4","5","2","16","3","10","3","1","B02","7","5","2","19","2","8","","13","13","1","12","4","120.691671","24.159731","2"
"3866","66000","387130000C","(04)23274275","(04)23288582","2026","1","9","22","46","臺中市","東區","0","1","0","7","1","6","50","13","9","1","5","4","6","6","4","4","5","5","5","2","17","3","10","3","1","B03","7","1","1","8","2","16","","51","51","1","12","4","120.686587","24.141556","2"
"3867","66000","387130000C","(04)23274275","(04)23288582","2026","1","9","22","53","臺中市","豐原區","0","1","0","7","1","6","50","4","1","1","5","4","6","6","1","1","10","5","5","2","16","3","10","5","4","B03","7","6","1","8","2","8","","11","11","1","10","4","120.713894","24.253416","2"
"3868","66000","387130000C","(04)23274275","(04)23288582","2026","1","9","22","57","臺中市","豐原區","0","0","0","7","","","40","","","","","","","","","","","","","","14","","","","","B03","","","1","","2","","","49","49","1","13","4","120.728004","24.249617","3"
"3869","66000","387130000C","(04)23274275","(04)23288582","2026","1","9","23","8","臺中市","太平區","0","1","0","7","1","6","50","3","2","1","5","4","6","6","4","4","5","5","5","1","17","3","10","5","4","B03","7","5","1","8","2","2","","65","65","1","6","4","120.732484","24.137499","2"
"3870","66000","387130000C","(04)23274275","(04)23288582","2026","1","9","23","25","臺中市","北區","0","1","0","7","1","6","50","3","1","1","5","4","6","6","4","4","5","5","5","2","16","3","10","3","1","B03","7","6","1","8","2","5","","12","12","1","13","4","120.698899","24.159717","2"
"3871","66000","387130000C","(04)23274275","(04)23288582","2026","1","9","23","44","臺中市","南屯區","0","0","0","7","","","60","","","","","","","","","","","","","","17","","","","","B03","","","1","","1","","","84","84","1","12","4","120.61524","24.147704","3"
"3872","66000","387130000C","(04)23274275","(04)23288582","2026","1","9","23","45","臺中市","后里區","0","2","0","7","1","6","30","13","9","1","5","4","6","6","4","4","10","5","5","2","19","2","9","1","1","C03","7","9","1","10","2","14","","59","59","1","6","4","120.668607","24.303951","2"
"3873","66000","387130000C","(04)23274275","(04)23288582","2026","1","9","23","50","臺中市","西屯區","0","0","0","7","","","","","","","","","","","","","","","","","17","","","","","","","","","","","","","86","","1","","","120.661384","24.169101","3"