序號,縣市別代碼,機關代碼,市話,傳真,年,月,日,時,分,縣市,區,死亡數量,受傷數量,2-30,天候,道路照明設備,道路類別,道路速限,道路型態,事故位置,路面鋪裝,路面狀態,路面缺陷,障礙物,視距,號誌種類,號誌動作,分向設施,快車道或一般車道間,快慢車道間,路面邊線,事故類型及型態,受傷程度,主要傷處,保護裝備,行動電話或功能裝置,當事者區分(類別),車輛用途,當事者行動狀態,駕照狀態,駕照種類,飲酒情形,車輛撞擊部位最初,車輛撞擊部位其他,肇事因素個別,肇事因素主要,肇事逃逸,職業,共享經濟或外送平台,GPS座標X,GPS座標Y,事故類別
"3874","66000","387130000C","(04)23274275","(04)23288582","2026","1","10","0","27","臺中市","西屯區","0","0","0","7","","","30","","","","","","","","","","","","","","15","","","","","","","","","","","","","26","26","1","","","120.641519","24.172085","3"
"3875","66000","387130000C","(04)23274275","(04)23288582","2026","1","10","1","30","臺中市","西屯區","0","0","0","7","","","50","","","","","","","","","","","","","","12","","","","","B03","","","1","","2","","","40","40","1","13","4","120.65493","24.20005","3"
"3876","66000","387130000C","(04)23274275","(04)23288582","2026","1","10","2","34","臺中市","西屯區","0","1","0","7","1","6","50","4","2","1","5","4","6","6","2","1","10","5","5","2","18","2","8","5","4","C02","7","5","1","10","2","14","","59","59","1","12","4","120.615326","24.189283","2"
"3877","66000","387130000C","(04)23274275","(04)23288582","2026","1","10","3","18","臺中市","大里區","0","2","0","6","1","6","50","4","1","1","5","4","6","6","1","1","10","5","5","2","15","2","9","1","1","C03","7","9","1","10","2","11","","21","21","1","12","4","120.708801","24.086725","2"
"3878","66000","387130000C","(04)23274275","(04)23288582","2026","1","10","4","12","臺中市","神岡區","0","1","0","7","1","6","30","11","9","1","5","4","6","6","4","4","10","5","5","1","18","2","9","5","4","C03","7","9","1","10","2","11","","55","55","1","12","4","120.643832","24.248418","2"
"3879","66000","387130000C","(04)23274275","(04)23288582","2026","1","10","4","24","臺中市","大雅區","0","0","0","7","","","30","","","","","","","","","","","","","","15","","","","","B03","","","1","","2","","","12","12","1","13","4","120.644928","24.227684","3"
"3880","66000","387130000C","(04)23274275","(04)23288582","2026","1","10","4","26","臺中市","北屯區","0","0","0","7","","","50","","","","","","","","","","","","","","17","","","","","B03","","","1","","2","","","60","60","1","6","4","120.668753","24.174084","3"
"3881","66000","387130000C","(04)23274275","(04)23288582","2026","1","10","4","35","臺中市","東區","0","0","0","7","","","50","","","","","","","","","","","","","","","","","","","B03","","","1","","2","","","84","84","1","6","4","120.695042","24.129634","3"
"3882","66000","387130000C","(04)23274275","(04)23288582","2026","1","10","6","6","臺中市","東區","0","1","0","7","1","6","50","13","9","1","5","4","6","6","4","4","1","4","5","2","3","3","10","3","1","B03","7","9","1","8","2","1","","84","84","1","6","4","120.697149","24.12934","2"
"3883","66000","387130000C","(04)23274275","(04)23288582","2026","1","10","6","11","臺中市","大里區","0","0","0","7","1","6","50","4","1","1","5","4","","6","1","1","5","2","5","1","17","","","","","C03","","","1","","3","","","84","84","2","13","4","120.67453","24.114846","3"
"3884","66000","387130000C","(04)23274275","(04)23288582","2026","1","10","6","16","臺中市","大雅區","0","1","0","7","2","6","30","13","9","1","5","4","6","6","4","4","10","5","5","2","18","2","9","2","1","C03","7","9","1","10","2","14","","8","8","1","13","4","120.636522","24.235437","2"
"3885","66000","387130000C","(04)23274275","(04)23288582","2026","1","10","6","16","臺中市","大安區","0","1","0","7","2","6","50","13","9","1","5","4","6","6","4","4","9","5","5","1","13","2","9","2","1","C03","7","9","3","19","2","11","","59","59","1","6","4","120.598266","24.345932","2"
"3886","66000","387130000C","(04)23274275","(04)23288582","2026","1","10","6","48","臺中市","大雅區","0","1","0","7","2","6","70","4","1","1","5","4","6","6","1","1","3","4","4","1","12","2","1","3","1","B03","7","9","1","8","2","4","","87","87","1","13","4","120.630129","24.240972","2"
"3887","66000","387130000C","(04)23274275","(04)23288582","2026","1","10","6","57","臺中市","南屯區","0","1","0","7","2","6","50","4","1","1","5","4","6","6","2","1","9","4","4","2","11","3","10","3","1","B03","7","6","1","8","2","1","","48","48","1","12","4","120.614775","24.145318","2"
"3888","66000","387130000C","(04)23274275","(04)23288582","2026","1","10","6","57","臺中市","烏日區","0","1","0","7","2","6","40","13","7","1","5","4","6","6","4","4","5","4","4","2","12","3","10","3","1","B03","7","11","1","8","3","4","","45","45","1","6","4","120.607234","24.126277","2"
"3889","66000","387130000C","(04)23274275","(04)23288582","2026","1","10","6","59","臺中市","霧峰區","0","0","0","7","","","50","","","","","","","","","","","","","","","","","","","B03","","","1","","2","","","50","50","1","13","4","120.698015","24.052944","3"
"3890","66000","387130000C","(04)23274275","(04)23288582","2026","1","10","7","1","臺中市","霧峰區","0","2","0","7","2","6","50","4","1","1","5","4","6","6","1","1","10","5","5","2","15","2","9","5","4","C03","7","9","1","10","2","14","","21","21","1","12","4","120.709257","24.080696","2"
"3891","66000","387130000C","(04)23274275","(04)23288582","2026","1","10","7","5","臺中市","沙鹿區","0","2","0","7","3","6","40","13","8","1","5","4","6","6","2","1","1","5","3","1","13","2","8","2","1","C03","7","9","1","10","2","11","","7","7","1","12","4","120.577049","24.225689","2"
"3892","66000","387130000C","(04)23274275","(04)23288582","2026","1","10","7","15","臺中市","沙鹿區","0","0","0","7","","","50","","","","","","","","","","","","","","13","","","","","B03","","","1","","2","","","7","7","1","12","4","120.568734","24.209379","4"
"3893","66000","387130000C","(04)23274275","(04)23288582","2026","1","10","7","16","臺中市","西區","0","1","0","7","2","6","50","13","9","1","5","4","6","6","4","4","5","4","5","2","17","3","10","1","1","C03","7","9","1","10","2","14","","8","8","1","13","4","120.661788","24.151368","2"
"3894","66000","387130000C","(04)23274275","(04)23288582","2026","1","10","7","20","臺中市","大里區","0","1","0","7","2","6","50","4","1","1","5","4","6","6","4","4","9","5","5","2","16","3","10","5","4","B03","7","6","1","8","2","8","","83","83","1","12","4","120.691234","24.089608","2"
"3895","66000","387130000C","(04)23274275","(04)23288582","2026","1","10","7","22","臺中市","南屯區","0","0","0","","","","","","","","","","","","","","","","","","","","","","","C03","","","1","","9","","","59","59","1","5","4","120.644319","24.140346","3"
"3896","66000","387130000C","(04)23274275","(04)23288582","2026","1","10","7","25","臺中市","大肚區","0","2","0","7","2","6","40","13","8","1","5","4","6","6","4","4","1","4","4","1","13","2","9","1","1","C03","7","9","1","10","2","11","","7","7","1","6","4","120.54661","24.157861","2"
"3897","66000","387130000C","(04)23274275","(04)23288582","2026","1","10","7","30","臺中市","清水區","0","1","0","7","3","6","60","13","14","1","5","4","6","6","4","4","1","4","5","1","28","2","9","2","1","C03","7","9","1","10","9","16","","84","84","1","12","4","120.563191","24.315736","2"
"3898","66000","387130000C","(04)23274275","(04)23288582","2026","1","10","7","40","臺中市","豐原區","0","3","0","7","2","6","50","4","2","1","5","4","6","6","1","1","5","5","4","2","16","2","8","1","1","C03","7","5","3","19","2","12","","84","84","1","13","4","120.721207","24.258094","2"
"3899","66000","387130000C","(04)23274275","(04)23288582","2026","1","10","7","42","臺中市","潭子區","0","1","0","7","2","6","50","3","1","1","5","4","6","6","2","1","5","2","5","1","16","2","9","1","1","C03","7","9","1","10","2","11","","84","84","1","13","4","120.722578","24.205683","2"
"3900","66000","387130000C","(04)23274275","(04)23288582","2026","1","10","7","45","臺中市","北區","0","1","0","7","2","6","50","4","9","1","5","4","6","6","1","1","1","4","5","2","13","3","10","5","4","C03","7","15","1","10","2","11","","7","7","1","13","4","120.670818","24.163093","2"
"3901","66000","387130000C","(04)23274275","(04)23288582","2026","1","10","7","48","臺中市","東區","0","2","0","7","1","6","50","3","1","1","5","4","6","6","1","1","10","5","5","2","17","2","9","5","4","C03","7","9","1","10","2","11","","7","7","1","12","4","120.694406","24.15109","2"
"3902","66000","387130000C","(04)23274275","(04)23288582","2026","1","10","7","49","臺中市","太平區","0","3","0","7","2","6","50","5","1","1","5","4","6","6","1","1","10","5","5","2","16","2","9","2","1","C03","7","6","3","19","2","12","","39","39","1","12","4","120.72101","24.11388","2"
"3903","66000","387130000C","(04)23274275","(04)23288582","2026","1","10","7","54","臺中市","后里區","0","1","0","7","2","6","30","13","9","1","5","4","6","6","4","4","10","5","5","2","17","3","10","3","1","B03","7","5","1","1","2","2","","84","84","1","12","4","120.728721","24.31408","2"
"3904","66000","387130000C","(04)23274275","(04)23288582","2026","1","10","7","55","臺中市","北屯區","0","1","0","7","3","6","50","13","9","1","5","4","6","6","4","4","1","4","5","2","17","3","10","3","1","B12","7","7","1","8","2","5","","40","40","1","6","4","120.720527","24.182698","2"
"3905","66000","387130000C","(04)23274275","(04)23288582","2026","1","10","7","55","臺中市","清水區","0","1","0","7","3","6","50","13","9","1","5","4","6","6","4","4","9","4","5","2","13","2","5","1","1","C03","7","9","1","10","2","11","","59","59","1","12","4","120.571293","24.269443","2"
"3906","66000","387130000C","(04)23274275","(04)23288582","2026","1","10","7","57","臺中市","北屯區","0","1","0","7","2","6","30","13","9","1","5","4","6","6","4","4","10","5","5","2","17","2","9","4","1","F01","7","9","7","21","1","11","","59","59","1","3","4","120.70095","24.18438","2"
"3907","66000","387130000C","(04)23274275","(04)23288582","2026","1","10","7","59","臺中市","大甲區","0","1","0","7","2","6","40","4","9","1","5","4","6","6","4","4","7","5","5","2","11","3","10","1","1","C03","7","9","1","10","2","11","","41","41","1","12","4","120.614746","24.356894","2"
"3908","66000","387130000C","(04)23274275","(04)23288582","2026","1","10","8","0","臺中市","潭子區","0","0","0","7","","","30","","","","","","","","","","","","","","","","","","","C03","","","1","","2","","","12","12","1","13","4","120.70404","24.190802","3"
"3909","66000","387130000C","(04)23274275","(04)23288582","2026","1","10","8","0","臺中市","清水區","0","0","0","7","","","30","","","","","","","","","","","","","","17","","","","","B03","","","1","","2","","","50","50","1","12","4","120.566804","24.27666","3"
"3910","66000","387130000C","(04)23274275","(04)23288582","2026","1","10","8","2","臺中市","烏日區","0","2","0","7","2","6","50","13","7","1","5","4","6","6","4","4","5","5","4","2","17","2","9","2","1","C03","7","1","1","10","9","11","","51","51","2","6","4","120.634102","24.106787","2"
"3911","66000","387130000C","(04)23274275","(04)23288582","2026","1","10","8","9","臺中市","東區","0","1","0","7","2","6","50","3","1","1","5","4","6","6","4","4","10","5","5","2","17","3","10","3","1","B12","7","6","1","8","2","16","","84","84","1","12","4","120.707001","24.136409","2"
"3912","66000","387130000C","(04)23274275","(04)23288582","2026","1","10","8","15","臺中市","西區","0","1","0","7","2","6","50","5","1","1","5","4","6","6","1","1","1","4","5","2","12","2","9","1","1","C03","7","9","1","10","2","14","","26","26","1","12","4","120.669787","24.150697","2"
"3913","66000","387130000C","(04)23274275","(04)23288582","2026","1","10","8","17","臺中市","北屯區","0","0","0","7","","","50","","","","","","","","","","","","","","13","","","","","B12","","","1","","3","","","84","84","1","6","4","120.69707","24.17042","3"
"3914","66000","387130000C","(04)23274275","(04)23288582","2026","1","10","8","20","臺中市","烏日區","0","0","0","7","","","30","","","","","","","","","","","","","","9","","","","","C03","","","1","","2","","","8","8","1","6","4","120.622562","24.106811","3"
"3915","66000","387130000C","(04)23274275","(04)23288582","2026","1","10","8","26","臺中市","中區","0","0","0","7","","","50","","","","","","","","","","","","","","15","","","","","B12","","","1","8","2","","","21","21","1","13","4","120.674249","24.142798","3"
"3916","66000","387130000C","(04)23274275","(04)23288582","2026","1","10","8","28","臺中市","北屯區","0","1","0","7","2","6","50","13","9","1","5","4","6","6","4","4","1","4","5","2","17","3","10","1","1","C03","7","8","1","10","2","13","","40","40","1","6","4","120.698418","24.174092","2"
"3917","66000","387130000C","(04)23274275","(04)23288582","2026","1","10","8","28","臺中市","豐原區","0","2","0","7","2","6","50","4","1","1","5","4","6","6","1","1","10","5","5","2","3","2","9","1","1","C03","7","9","1","10","2","11","","21","21","1","13","4","120.722536","24.246139","2"
"3918","66000","387130000C","(04)23274275","(04)23288582","2026","1","10","8","33","臺中市","北區","0","0","0","7","3","6","50","4","24","1","5","4","6","6","1","","10","5","5","2","17","","","","","B03","","","1","","2","","","7","7","1","13","4","120.683015","24.168197","3"
"3919","66000","387130000C","(04)23274275","(04)23288582","2026","1","10","8","34","臺中市","大雅區","0","1","0","7","2","6","30","4","1","1","5","4","6","6","4","4","10","4","5","1","17","3","10","3","1","B03","7","9","1","8","2","6","","20","20","1","12","4","120.654773","24.228773","2"
"3920","66000","387130000C","(04)23274275","(04)23288582","2026","1","10","8","34","臺中市","大肚區","0","0","0","7","","","50","","","","","","","","","","","","","","","","","","","B03","","","1","","2","","","49","49","1","6","4","120.543931","24.156759","3"
"3921","66000","387130000C","(04)23274275","(04)23288582","2026","1","10","8","35","臺中市","東勢區","0","0","0","7","","","70","","","","","","","","","","","","","","","","","","","B03","","","1","","2","","","11","11","1","12","4","120.824204","24.258562","3"
"3922","66000","387130000C","(04)23274275","(04)23288582","2026","1","10","8","38","臺中市","東區","0","0","0","7","","","50","","","","","","","","","","","","","","13","","","","","B01","","","1","","2","","","84","84","1","12","4","120.696867","24.14768","3"
"3923","66000","387130000C","(04)23274275","(04)23288582","2026","1","10","8","40","臺中市","大里區","0","1","0","7","3","6","40","4","1","1","5","4","6","6","1","1","10","5","5","2","13","2","9","1","1","C03","7","12","1","10","2","11","","7","7","1","6","4","120.666047","24.106217","2"
"3924","66000","387130000C","(04)23274275","(04)23288582","2026","1","10","8","40","臺中市","太平區","0","1","0","7","2","6","40","5","8","1","5","4","6","6","4","4","5","4","4","1","12","3","10","3","1","B12","7","1","1","8","2","8","","51","51","1","7","4","120.727782","24.150026","2"
"3925","66000","387130000C","(04)23274275","(04)23288582","2026","1","10","8","40","臺中市","東勢區","0","0","0","7","","","50","","","","","","","","","","","","","","","","","","","B02","","","1","","2","","","49","49","1","13","4","120.829906","24.252976","3"
"3926","66000","387130000C","(04)23274275","(04)23288582","2026","1","10","8","42","臺中市","西屯區","0","0","0","7","","","50","","","","","","","","","","","","","","17","","","","","B12","","","1","","2","","","8","8","1","12","4","120.667355","24.174894","3"
"3927","66000","387130000C","(04)23274275","(04)23288582","2026","1","10","8","45","臺中市","大雅區","0","0","0","7","","","50","","","","","","","","","","","","","","","","","","","C03","","","1","","2","","","45","45","1","12","4","120.647897","24.223317","3"
"3928","66000","387130000C","(04)23274275","(04)23288582","2026","1","10","8","48","臺中市","大里區","0","0","0","7","","","50","","","","","","","","","","","","","","","","","","","C03","","","1","","1","","","47","47","1","12","4","120.679942","24.101467","3"
"3929","66000","387130000C","(04)23274275","(04)23288582","2026","1","10","8","50","臺中市","南屯區","0","0","0","6","","","50","","","","","","","","","","","","","","13","","","","","C01","","","1","","1","","","7","7","1","6","4","120.635272","24.151172","3"
"3930","66000","387130000C","(04)23274275","(04)23288582","2026","1","10","8","59","臺中市","梧棲區","0","0","0","7","","","50","","","","","","","","","","","","","","14","","","","","B03","","","1","","1","","","49","49","1","6","4","120.546451","24.244331","3"
"3931","66000","387130000C","(04)23274275","(04)23288582","2026","1","10","9","1","臺中市","烏日區","0","1","0","7","2","6","30","4","1","1","5","4","6","6","4","4","10","5","5","2","17","2","8","5","4","C03","7","9","1","10","2","12","","15","15","1","6","4","120.628996","24.102811","2"
"3932","66000","387130000C","(04)23274275","(04)23288582","2026","1","10","9","4","臺中市","潭子區","0","0","0","7","","","60","","","","","","","","","","","","","","13","","","","","C03","","","5","","2","","","7","7","1","13","4","120.703707","24.200343","3"
"3933","66000","387130000C","(04)23274275","(04)23288582","2026","1","10","9","7","臺中市","清水區","0","0","0","7","","","50","","","","","","","","","","","","","","","","","","","A12","","","1","","2","","","8","8","1","12","5","120.561375","24.274651","3"
"3934","66000","387130000C","(04)23274275","(04)23288582","2026","1","10","9","9","臺中市","中區","0","1","0","7","2","6","50","4","4","1","5","4","6","6","2","1","5","2","5","2","13","3","10","3","1","A04","7","9","1","2","2","1","","7","7","1","12","4","120.676638","24.140969","2"
"3935","66000","387130000C","(04)23274275","(04)23288582","2026","1","10","9","10","臺中市","太平區","0","0","0","7","","","30","","","","","","","","","","","","","","","","","","","B03","","","1","","1","","","51","51","1","12","4","120.71949","24.152897","3"
"3936","66000","387130000C","(04)23274275","(04)23288582","2026","1","10","9","14","臺中市","烏日區","0","0","0","7","","","30","","","","","","","","","","","","","","11","","","","","B12","","","1","","1","","","8","8","1","6","4","120.623086","24.105991","3"
"3937","66000","387130000C","(04)23274275","(04)23288582","2026","1","10","9","15","臺中市","西屯區","0","1","0","7","2","6","30","13","9","1","5","4","6","6","4","4","10","5","5","1","19","2","9","1","4","C03","7","9","1","10","2","11","","84","84","1","13","4","120.633618","24.192933","2"
"3938","66000","387130000C","(04)23274275","(04)23288582","2026","1","10","9","18","臺中市","西區","0","0","0","7","","","50","","","","","","","","","","","","","","","","","","","B03","","","1","","1","","","49","49","1","13","4","120.665985","24.13107","3"
"3939","66000","387130000C","(04)23274275","(04)23288582","2026","1","10","9","20","臺中市","中區","0","0","0","7","","","50","","","","","","","","","","","","","","12","","","","","B03","","","1","","2","","","84","84","1","12","4","120.684477","24.139388","3"
"3940","66000","387130000C","(04)23274275","(04)23288582","2026","1","10","9","20","臺中市","太平區","0","1","0","7","2","6","50","5","1","1","5","4","6","6","2","1","10","5","5","2","15","3","10","3","1","B03","7","9","1","8","2","1","","21","21","1","12","4","120.710071","24.134835","2"
"3941","66000","387130000C","(04)23274275","(04)23288582","2026","1","10","9","20","臺中市","豐原區","0","1","0","7","2","6","50","5","1","1","5","4","6","6","2","1","5","5","4","1","12","3","10","5","4","B03","7","9","1","8","2","5","","8","8","1","12","4","120.716094","24.252721","2"
"3942","66000","387130000C","(04)23274275","(04)23288582","2026","1","10","9","23","臺中市","石岡區","0","0","0","7","","","70","","","","","","","","","","","","","","","","","","","B03","","","1","","2","","","55","55","1","13","4","120.813326","24.261855","3"
"3943","66000","387130000C","(04)23274275","(04)23288582","2026","1","10","9","24","臺中市","西屯區","0","1","0","7","2","6","50","13","9","1","5","4","6","6","4","4","3","4","5","2","12","4","11","5","1","C03","7","9","3","19","2","12","","8","8","1","12","4","120.647353","24.159815","2"
"3944","66000","387130000C","(04)23274275","(04)23288582","2026","1","10","9","31","臺中市","潭子區","0","0","0","7","","","50","","","","","","","","","","","","","","","","","","","B03","","","1","","2","","","7","7","1","13","4","120.706059","24.202721","3"
"3945","66000","387130000C","(04)23274275","(04)23288582","2026","1","10","9","32","臺中市","南區","0","1","0","7","2","6","50","4","1","1","5","4","6","6","2","1","10","5","5","2","18","2","9","2","1","C03","7","6","1","10","2","14","","85","85","1","12","4","120.666253","24.122861","2"
"3946","66000","387130000C","(04)23274275","(04)23288582","2026","1","10","9","32","臺中市","豐原區","0","0","0","7","","","30","","","","","","","","","","","","","","30","","","","","B12","","","1","","2","","","58","58","1","13","4","120.720258","24.251009","4"
"3947","66000","387130000C","(04)23274275","(04)23288582","2026","1","10","9","39","臺中市","西區","0","0","0","7","","","50","","","","","","","","","","","","","","","","","","","B03","","","1","8","2","","","42","42","1","13","4","120.658027","24.154136","3"
"3948","66000","387130000C","(04)23274275","(04)23288582","2026","1","10","9","40","臺中市","北屯區","0","1","0","7","3","6","50","13","9","1","5","4","6","6","4","4","5","5","5","2","30","2","9","2","1","C03","7","9","1","10","2","12","","84","84","1","6","4","120.70904","24.172748","2"
"3949","66000","387130000C","(04)23274275","(04)23288582","2026","1","10","9","46","臺中市","南區","0","0","0","7","","","50","","","","","","","","","","","","","","13","","","","","B03","","","1","","1","","","7","7","1","12","4","120.670191","24.114284","3"
"3950","66000","387130000C","(04)23274275","(04)23288582","2026","1","10","9","48","臺中市","霧峰區","0","1","0","7","2","6","60","4","1","1","5","4","6","6","1","1","3","4","5","1","16","2","9","2","1","C03","7","9","1","10","2","13","","1","1","1","13","4","120.696082","24.065483","2"
"3951","66000","387130000C","(04)23274275","(04)23288582","2026","1","10","9","50","臺中市","東區","0","0","0","7","","","50","","","","","","","","","","","","","","12","","","","","B03","","","1","","9","","","51","51","2","12","4","120.689251","24.140797","3"
"3952","66000","387130000C","(04)23274275","(04)23288582","2026","1","10","9","50","臺中市","清水區","0","1","0","7","3","6","50","4","1","1","5","4","6","6","1","1","5","4","5","1","17","3","10","2","1","F02","7","6","7","21","9","13","","84","84","2","12","4","120.544977","24.263407","2"
"3953","66000","387130000C","(04)23274275","(04)23288582","2026","1","10","9","51","臺中市","西區","0","0","0","7","","","50","","","","","","","","","","","","","","17","","","","","B03","","","1","","9","","","50","50","1","13","4","120.670438","24.148985","3"
"3954","66000","387130000C","(04)23274275","(04)23288582","2026","1","10","9","53","臺中市","西區","0","1","0","7","2","6","50","3","1","1","5","4","6","6","4","4","5","4","4","2","16","3","10","3","1","B03","7","6","1","8","2","8","","14","14","1","12","4","120.664483","24.132164","2"
"3955","66000","387130000C","(04)23274275","(04)23288582","2026","1","10","9","55","臺中市","外埔區","0","1","0","7","2","6","50","13","9","1","5","4","6","6","4","4","10","5","5","2","16","3","10","3","1","B03","7","6","1","8","2","8","","20","20","1","12","4","120.658509","24.332043","2"
"3956","66000","387130000C","(04)23274275","(04)23288582","2026","1","10","9","58","臺中市","北屯區","0","1","0","7","2","6","50","3","1","1","5","4","6","6","2","1","10","5","5","2","16","3","10","3","1","B03","7","6","1","8","2","6","","11","11","1","12","4","120.698789","24.170339","2"
"3957","66000","387130000C","(04)23274275","(04)23288582","2026","1","10","9","58","臺中市","太平區","0","1","0","7","2","6","50","4","1","1","5","4","6","6","1","1","10","5","5","2","16","3","10","3","1","B03","7","6","1","4","2","6","","11","11","1","12","4","120.716215","24.13349","2"
"3958","66000","387130000C","(04)23274275","(04)23288582","2026","1","10","9","59","臺中市","西屯區","0","1","0","7","2","6","50","4","1","1","5","4","6","6","1","1","10","5","5","2","16","3","10","3","1","B12","7","11","1","5","2","8","","44","44","1","12","4","120.617562","24.159639","2"
"3959","66000","387130000C","(04)23274275","(04)23288582","2026","1","10","10","0","臺中市","烏日區","0","0","0","7","","","70","","","","","","","","","","","","","","16","","","","","B03","","","1","","1","","","14","14","1","6","4","120.61319","24.106939","4"
"3960","66000","387130000C","(04)23274275","(04)23288582","2026","1","10","10","1","臺中市","梧棲區","0","1","0","7","3","6","50","3","1","1","5","4","6","6","4","4","10","5","5","2","16","3","10","3","1","B03","7","5","1","8","2","5","","14","14","1","6","4","120.534242","24.251393","2"
"3961","66000","387130000C","(04)23274275","(04)23288582","2026","1","10","10","4","臺中市","潭子區","0","0","0","7","","","50","","","","","","","","","","","","","","16","","","","","C03","","","1","","1","","","48","48","1","13","4","120.70111","24.196162","3"
"3962","66000","387130000C","(04)23274275","(04)23288582","2026","1","10","10","4","臺中市","東區","0","0","0","7","","","50","","","","","","","","","","","","","","17","","","","","B03","","","1","","1","","","48","48","1","12","4","120.705831","24.138939","3"
"3963","66000","387130000C","(04)23274275","(04)23288582","2026","1","10","10","4","臺中市","東區","0","0","0","7","","","50","","","","","","","","","","","","","","13","","","","","A11","","","1","","2","","","7","7","1","12","4","120.683287","24.134198","3"
"3964","66000","387130000C","(04)23274275","(04)23288582","2026","1","10","10","7","臺中市","霧峰區","0","1","0","7","2","6","50","13","14","1","5","4","6","6","4","4","1","4","4","1","13","3","10","5","4","C03","7","9","1","10","2","11","","7","7","1","12","4","120.699338","24.077597","2"
"3965","66000","387130000C","(04)23274275","(04)23288582","2026","1","10","10","9","臺中市","大里區","0","1","0","7","2","6","50","4","1","1","5","4","6","6","4","4","5","5","5","2","15","3","10","3","1","B12","7","9","1","8","2","2","","15","15","1","13","4","120.688073","24.086021","2"
"3966","66000","387130000C","(04)23274275","(04)23288582","2026","1","10","10","10","臺中市","龍井區","0","1","0","7","2","6","40","13","8","1","5","4","6","6","4","4","10","4","4","1","16","2","9","5","4","C03","7","9","1","10","2","11","","7","7","1","6","4","120.585428","24.186522","2"
"3967","66000","387130000C","(04)23274275","(04)23288582","2026","1","10","10","11","臺中市","西屯區","0","1","0","7","2","6","40","13","8","1","5","4","6","6","4","4","3","4","4","2","17","3","10","5","4","B03","7","15","5","19","2","4","","76","76","1","13","4","120.668842","24.177653","2"
"3968","66000","387130000C","(04)23274275","(04)23288582","2026","1","10","10","12","臺中市","清水區","0","0","0","7","","","50","","","","","","","","","","","","","","","","","","","C03","","","1","","2","","","14","14","1","12","4","120.574034","24.274043","3"
"3969","66000","387130000C","(04)23274275","(04)23288582","2026","1","10","10","17","臺中市","東區","0","0","0","7","","","50","","","","","","","","","","","","","","","","","","","B03","","","1","","1","","","49","49","1","12","4","120.690991","24.141921","3"
"3970","66000","387130000C","(04)23274275","(04)23288582","2026","1","10","10","21","臺中市","南區","0","2","0","7","2","6","40","13","8","1","5","4","6","6","4","4","1","4","4","2","13","2","9","2","1","C03","7","9","1","10","2","11","","7","7","1","12","4","120.678379","24.126816","2"
"3971","66000","387130000C","(04)23274275","(04)23288582","2026","1","10","10","21","臺中市","大里區","0","0","0","7","","","50","","","","","","","","","","","","","","13","","","","","B03","","","1","","2","","","59","59","1","13","4","120.680652","24.100228","3"
"3972","66000","387130000C","(04)23274275","(04)23288582","2026","1","10","10","27","臺中市","南區","0","1","0","7","2","6","50","4","1","1","5","4","6","6","4","4","9","4","4","2","17","2","9","6","1","F01","7","9","7","21","2","12","","13","13","1","12","4","120.676056","24.131343","2"
"3973","66000","387130000C","(04)23274275","(04)23288582","2026","1","10","10","33","臺中市","西區","0","0","0","7","","","40","","","","","","","","","","","","","","13","","","","","C03","","","1","","1","","","7","7","1","12","4","120.661724","24.139056","3"
"3974","66000","387130000C","(04)23274275","(04)23288582","2026","1","10","10","35","臺中市","南區","0","1","0","7","2","6","50","3","1","1","5","4","6","6","4","4","10","5","5","2","16","3","10","3","1","B03","7","9","1","8","2","1","5","84","84","1","12","4","120.658771","24.129753","2"
"3975","66000","387130000C","(04)23274275","(04)23288582","2026","1","10","10","36","臺中市","北屯區","0","0","0","7","","","50","","","","","","","","","","","","","","13","","","","","C02","","","1","","2","","","7","7","1","6","4","120.692714","24.162648","3"
"3976","66000","387130000C","(04)23274275","(04)23288582","2026","1","10","10","37","臺中市","東區","0","1","0","7","1","6","50","3","1","1","5","4","6","3","4","4","10","5","5","2","17","3","10","5","4","B03","7","6","1","8","2","1","","14","14","1","12","4","120.695024","24.136949","2"
"3977","66000","387130000C","(04)23274275","(04)23288582","2026","1","10","10","37","臺中市","西屯區","0","1","0","7","2","6","30","13","9","1","5","4","6","6","4","4","1","5","5","2","18","","","","","","","","","","","","","118","118","1","","","120.652931","24.180303","2"
"3978","66000","387130000C","(04)23274275","(04)23288582","2026","1","10","10","38","臺中市","豐原區","0","1","0","7","2","6","50","13","7","1","5","4","6","6","4","4","9","5","4","2","17","3","10","5","4","B03","7","1","1","8","2","4","","51","51","1","12","4","120.722487","24.250325","2"
"3979","66000","387130000C","(04)23274275","(04)23288582","2026","1","10","10","40","臺中市","北屯區","0","0","0","7","","","50","","","","","","","","","","","","","","12","","","","","","","","","","","","","87","87","1","","","120.719274","24.182125","3"
"3980","66000","387130000C","(04)23274275","(04)23288582","2026","1","10","10","40","臺中市","豐原區","0","1","0","7","2","6","40","3","1","1","5","4","6","6","2","1","5","4","5","1","13","3","10","2","4","C03","7","12","1","10","2","11","","7","7","1","12","4","120.724718","24.232609","2"
"3981","66000","387130000C","(04)23274275","(04)23288582","2026","1","10","10","42","臺中市","西區","0","0","0","6","","","50","","","","","","","","","","","","","","","","","","","C03","","","1","","1","","","84","84","1","12","4","120.669422","24.151628","3"
"3982","66000","387130000C","(04)23274275","(04)23288582","2026","1","10","10","43","臺中市","西屯區","0","0","0","7","","","30","","","","","","","","","","","","","","15","","","","","B03","","","1","","1","","","12","12","1","13","4","120.636954","24.167683","3"
"3983","66000","387130000C","(04)23274275","(04)23288582","2026","1","10","10","43","臺中市","大里區","0","0","0","7","","","50","","","","","","","","","","","","","","","","","","","B03","","","1","","2","","","87","87","1","12","4","120.70213","24.111003","3"