序號,縣市別代碼,機關代碼,市話,傳真,年,月,日,時,分,縣市,區,死亡數量,受傷數量,2-30,天候,道路照明設備,道路類別,道路速限,道路型態,事故位置,路面鋪裝,路面狀態,路面缺陷,障礙物,視距,號誌種類,號誌動作,分向設施,快車道或一般車道間,快慢車道間,路面邊線,事故類型及型態,受傷程度,主要傷處,保護裝備,行動電話或功能裝置,當事者區分(類別),車輛用途,當事者行動狀態,駕照狀態,駕照種類,飲酒情形,車輛撞擊部位最初,車輛撞擊部位其他,肇事因素個別,肇事因素主要,肇事逃逸,職業,共享經濟或外送平台,GPS座標X,GPS座標Y,事故類別
"3984","66000","387130000C","(04)23274275","(04)23288582","2026","1","10","10","45","臺中市","神岡區","0","0","0","7","","","30","","","","","","","","","","","","","","14","","","","","B03","","","1","","9","","","49","49","2","13","4","120.66097","24.253818","3"
"3985","66000","387130000C","(04)23274275","(04)23288582","2026","1","10","10","47","臺中市","梧棲區","0","0","0","7","","","","","","","","","","","","","","","","","13","","","","","F01","","","","","","","","59","59","1","","","120.558515","24.242698","3"
"3986","66000","387130000C","(04)23274275","(04)23288582","2026","1","10","10","48","臺中市","太平區","0","2","0","7","2","6","50","4","1","1","5","4","6","6","1","1","10","5","5","2","12","2","9","2","1","C03","7","9","1","10","2","14","","8","8","1","12","4","120.730502","24.150546","2"
"3987","66000","387130000C","(04)23274275","(04)23288582","2026","1","10","10","49","臺中市","北屯區","0","0","0","7","","","50","","","","","","","","","","","","","","","","","","","B03","","","1","","2","","","47","47","1","6","4","120.700706","24.168219","3"
"3988","66000","387130000C","(04)23274275","(04)23288582","2026","1","10","10","49","臺中市","豐原區","0","0","0","7","","","50","","","","","","","","","","","","","","13","","","","","C03","","","3","","2","","","59","59","1","13","4","120.71987","24.249504","4"
"3989","66000","387130000C","(04)23274275","(04)23288582","2026","1","10","10","52","臺中市","北屯區","0","1","0","7","2","6","50","13","12","1","5","4","6","6","4","4","5","5","4","2","18","2","9","1","1","C03","7","1","1","10","2","12","","82","82","1","12","4","120.690525","24.177757","2"
"3990","66000","387130000C","(04)23274275","(04)23288582","2026","1","10","10","53","臺中市","北屯區","0","2","0","7","2","6","30","4","2","1","5","4","6","6","4","4","8","5","5","2","15","2","9","1","1","C03","7","9","1","10","2","11","","20","20","1","12","4","120.670071","24.174567","2"
"3991","66000","387130000C","(04)23274275","(04)23288582","2026","1","10","10","54","臺中市","霧峰區","0","0","0","7","","","50","","","","","","","","","","","","","","","","","","","B03","","","1","","2","","","58","58","1","13","4","120.694745","24.051865","3"
"3992","66000","387130000C","(04)23274275","(04)23288582","2026","1","10","10","55","臺中市","北屯區","0","1","0","7","3","6","50","3","1","1","5","4","6","6","1","1","10","5","5","2","12","3","10","3","1","B03","7","5","1","8","2","2","","11","11","1","6","4","120.721333","24.178204","2"
"3993","66000","387130000C","(04)23274275","(04)23288582","2026","1","10","10","55","臺中市","霧峰區","0","0","0","7","","","50","","","","","","","","","","","","","","24","","","","","B03","","","1","","2","","","49","49","1","12","4","120.69346","24.04854","3"
"3994","66000","387130000C","(04)23274275","(04)23288582","2026","1","10","10","55","臺中市","沙鹿區","0","2","0","7","2","6","40","3","7","1","5","4","6","6","1","1","1","3","1","2","13","2","9","1","1","F01","7","9","7","21","2","11","","7","7","1","13","4","120.563125","24.240189","2"
"3995","66000","387130000C","(04)23274275","(04)23288582","2026","1","10","10","56","臺中市","中區","0","2","0","7","2","6","50","4","1","1","5","4","6","6","1","1","10","5","5","2","13","2","8","1","1","C03","7","9","3","19","2","11","","84","84","1","13","4","120.680587","24.140076","2"
"3996","66000","387130000C","(04)23274275","(04)23288582","2026","1","10","11","0","臺中市","北區","0","1","0","7","2","6","50","4","9","1","5","4","6","6","1","1","10","4","5","1","13","3","10","1","1","C03","7","9","1","10","2","11","","7","7","1","13","4","120.665362","24.160408","2"
"3997","66000","387130000C","(04)23274275","(04)23288582","2026","1","10","11","0","臺中市","南屯區","0","0","0","7","","","50","","","","","","","","","","","","","","13","","","","","B12","","","1","","1","","","7","7","1","6","4","120.634231","24.144374","3"
"3998","66000","387130000C","(04)23274275","(04)23288582","2026","1","10","11","1","臺中市","北區","0","0","0","7","3","6","50","18","24","1","5","4","6","6","4","4","5","5","5","2","30","","","","","B12","","","1","","2","","","84","84","1","13","4","120.666135","24.160516","3"
"3999","66000","387130000C","(04)23274275","(04)23288582","2026","1","10","11","1","臺中市","烏日區","0","0","0","7","","","50","","","","","","","","","","","","","","","","","","","B03","","","1","","1","","","49","49","1","13","4","120.64072","24.107511","3"
"4000","66000","387130000C","(04)23274275","(04)23288582","2026","1","10","11","2","臺中市","西屯區","0","2","0","7","2","6","50","3","1","1","5","4","6","6","4","4","10","5","5","2","13","2","9","5","1","C03","7","9","1","10","2","11","","7","7","1","12","4","120.661386","24.1726","2"
"4001","66000","387130000C","(04)23274275","(04)23288582","2026","1","10","11","5","臺中市","西屯區","0","0","0","7","","","50","","","","","","","","","","","","","","13","","","","","B03","","","1","","1","","","59","59","1","12","4","120.636305","24.159872","3"
"4002","66000","387130000C","(04)23274275","(04)23288582","2026","1","10","11","11","臺中市","西屯區","0","0","0","7","","","50","","","","","","","","","","","","","","14","","","","","B03","","","1","","2","","","59","59","1","13","4","120.660499","24.165826","4"
"4003","66000","387130000C","(04)23274275","(04)23288582","2026","1","10","11","12","臺中市","北屯區","0","0","0","7","","","50","","","","","","","","","","","","","","14","","","","","B03","","","1","","2","","","59","59","1","6","4","120.698418","24.174092","4"
"4004","66000","387130000C","(04)23274275","(04)23288582","2026","1","10","11","13","臺中市","西區","0","1","0","7","2","6","50","13","9","1","5","4","6","6","4","4","5","4","5","2","17","3","10","3","1","B03","7","13","1","8","2","4","","76","76","1","12","4","120.659345","24.151091","2"
"4005","66000","387130000C","(04)23274275","(04)23288582","2026","1","10","11","13","臺中市","南屯區","0","0","0","7","","","50","","","","","","","","","","","","","","13","","","","","B03","","","1","","1","","","58","58","1","12","4","120.648711","24.133279","3"
"4006","66000","387130000C","(04)23274275","(04)23288582","2026","1","10","11","13","臺中市","東勢區","0","0","0","7","","","50","","","","","","","","","","","","","","","","","","","B03","","","1","","1","","","50","50","1","12","4","120.829921","24.251446","3"
"4007","66000","387130000C","(04)23274275","(04)23288582","2026","1","10","11","16","臺中市","潭子區","0","1","0","7","3","6","50","3","1","1","5","4","6","6","4","4","5","4","5","1","17","3","10","2","1","C03","7","11","1","10","2","12","","39","39","1","13","4","120.700548","24.21228","2"
"4008","66000","387130000C","(04)23274275","(04)23288582","2026","1","10","11","18","臺中市","清水區","0","0","0","7","","","40","","","","","","","","","","","","","","","","","","","B03","","","1","","11","","","51","51","1","12","4","120.576959","24.274604","3"
"4009","66000","387130000C","(04)23274275","(04)23288582","2026","1","10","11","20","臺中市","西屯區","0","0","0","7","","3","80","","","","","","","","","","","","","","13","","","","","B03","","","1","","1","","","7","7","1","12","4","120.631566","24.168867","3"
"4010","66000","387130000C","(04)23274275","(04)23288582","2026","1","10","11","23","臺中市","北屯區","0","0","0","7","","","50","","","","","","","","","","","","","","12","","","","","B03","","","1","","2","","","84","84","1","6","4","120.692039","24.169617","3"
"4011","66000","387130000C","(04)23274275","(04)23288582","2026","1","10","11","23","臺中市","北屯區","0","0","0","7","","","50","","","","","","","","","","","","","","","","","","","B03","","","1","","2","","","84","84","1","6","4","120.690087","24.162812","3"
"4012","66000","387130000C","(04)23274275","(04)23288582","2026","1","10","11","25","臺中市","中區","0","0","0","7","","","50","","","","","","","","","","","","","","12","","","","","G03","","","1","","2","","","8","8","1","12","4","120.682212","24.135899","3"
"4013","66000","387130000C","(04)23274275","(04)23288582","2026","1","10","11","25","臺中市","沙鹿區","0","2","0","7","2","6","40","13","10","1","5","2","6","6","4","4","1","5","5","2","18","2","8","1","1","C02","7","8","1","10","2","14","","85","85","1","6","4","120.580628","24.216814","2"
"4014","66000","387130000C","(04)23274275","(04)23288582","2026","1","10","11","29","臺中市","沙鹿區","0","0","0","7","","","40","","","","","","","","","","","","","","","","","","","C03","","","1","","2","","","87","87","1","13","4","120.570754","24.215475","3"
"4015","66000","387130000C","(04)23274275","(04)23288582","2026","1","10","11","30","臺中市","東區","0","0","0","7","","","50","","","","","","","","","","","","","","13","","","","","B03","","","1","","2","","","84","84","1","12","4","120.695111","24.142901","3"
"4016","66000","387130000C","(04)23274275","(04)23288582","2026","1","10","11","34","臺中市","南屯區","0","1","0","7","2","6","50","3","1","1","5","4","6","6","4","4","1","4","5","2","16","3","10","3","1","B03","7","5","1","8","2","6","","47","47","1","6","4","120.646569","24.141004","2"
"4017","66000","387130000C","(04)23274275","(04)23288582","2026","1","10","11","35","臺中市","北屯區","0","1","0","7","2","6","50","4","1","1","5","4","6","6","1","1","10","5","5","2","16","3","10","3","1","B03","7","5","1","8","2","5","","20","20","1","6","4","120.68197","24.181776","2"
"4018","66000","387130000C","(04)23274275","(04)23288582","2026","1","10","11","35","臺中市","霧峰區","0","0","0","7","","","50","","","","","","","","","","","","","","","","","","","A11","","","1","","2","","","84","84","1","13","4","120.71326","24.077251","3"
"4019","66000","387130000C","(04)23274275","(04)23288582","2026","1","10","11","36","臺中市","太平區","0","0","0","7","","","50","","","","","","","","","","","","","","17","","","","","B03","","","1","","2","","","84","84","1","12","4","120.727203","24.141395","3"
"4020","66000","387130000C","(04)23274275","(04)23288582","2026","1","10","11","37","臺中市","南區","0","0","0","7","","","50","","","","","","","","","","","","","","17","","","","","B03","","","1","","1","","","8","8","1","12","4","120.679099","24.126956","3"
"4021","66000","387130000C","(04)23274275","(04)23288582","2026","1","10","11","37","臺中市","豐原區","0","1","0","7","2","6","50","5","1","1","5","4","6","6","1","1","10","5","5","2","17","3","10","2","1","C03","7","6","1","10","2","11","","84","84","1","13","4","120.719215","24.248022","2"
"4022","66000","387130000C","(04)23274275","(04)23288582","2026","1","10","11","39","臺中市","西區","0","0","0","7","","","50","","","","","","","","","","","","","","","","","","","B03","","","1","8","9","","","34","34","1","13","4","120.656526","24.150495","3"
"4023","66000","387130000C","(04)23274275","(04)23288582","2026","1","10","11","39","臺中市","豐原區","0","1","0","7","2","6","60","4","1","1","5","4","6","6","2","1","1","2","5","1","12","3","10","5","4","B03","7","6","1","8","2","5","","8","8","1","13","4","120.703296","24.24949","2"
"4024","66000","387130000C","(04)23274275","(04)23288582","2026","1","10","11","40","臺中市","大雅區","0","1","0","7","3","6","50","13","9","1","5","4","6","6","4","4","9","5","5","1","17","3","10","3","1","B03","7","3","1","8","2","8","","50","50","1","13","4","120.651372","24.227759","2"
"4025","66000","387130000C","(04)23274275","(04)23288582","2026","1","10","11","40","臺中市","南屯區","0","1","0","7","3","6","50","13","9","1","5","4","6","6","1","1","5","5","5","2","14","3","10","3","1","B03","7","2","1","8","3","3","","49","49","1","12","4","120.633414","24.140697","2"
"4026","66000","387130000C","(04)23274275","(04)23288582","2026","1","10","11","40","臺中市","豐原區","0","1","0","7","2","6","50","3","1","1","5","4","6","6","4","4","10","5","5","2","17","2","9","1","1","C03","7","1","1","10","2","14","","51","51","1","13","4","120.718043","24.253303","2"
"4027","66000","387130000C","(04)23274275","(04)23288582","2026","1","10","11","41","臺中市","北區","0","1","0","7","2","6","50","13","9","1","5","4","6","6","4","4","3","4","5","1","13","2","9","1","1","C03","7","9","1","10","2","11","","7","7","1","12","4","120.681531","24.163315","2"
"4028","66000","387130000C","(04)23274275","(04)23288582","2026","1","10","11","44","臺中市","西屯區","0","1","0","7","2","6","50","3","1","1","5","4","6","6","4","4","1","4","5","2","13","2","8","1","4","C03","7","9","1","10","1","11","","7","7","1","13","4","120.646966","24.158415","2"
"4029","66000","387130000C","(04)23274275","(04)23288582","2026","1","10","11","45","臺中市","霧峰區","0","0","0","7","","","50","","","","","","","","","","","","","","13","","","","","B03","","","1","","1","","","84","84","1","12","4","120.695953","24.065768","3"
"4030","66000","387130000C","(04)23274275","(04)23288582","2026","1","10","11","46","臺中市","霧峰區","0","1","0","7","2","6","40","13","9","1","5","4","6","6","4","4","5","5","5","1","12","3","10","5","4","C03","7","9","1","10","2","11","","7","7","1","12","4","120.679209","24.06491","2"
"4031","66000","387130000C","(04)23274275","(04)23288582","2026","1","10","11","47","臺中市","大里區","0","1","0","7","3","6","50","4","1","1","5","4","6","6","1","1","10","5","5","2","3","3","10","3","1","B03","7","6","1","8","2","1","","10","10","1","13","4","120.686216","24.115271","2"
"4032","66000","387130000C","(04)23274275","(04)23288582","2026","1","10","11","50","臺中市","北屯區","0","0","0","7","","","50","","","","","","","","","","","","","","13","","","","","B02","","","1","","2","","","84","84","1","6","4","120.692896","24.163037","3"
"4033","66000","387130000C","(04)23274275","(04)23288582","2026","1","10","11","51","臺中市","大雅區","0","0","0","7","","","30","","","","","","","","","","","","","","","","","","","B03","","","1","","1","","","49","49","1","12","4","120.620875","24.234626","3"
"4034","66000","387130000C","(04)23274275","(04)23288582","2026","1","10","11","51","臺中市","太平區","0","0","0","7","","","50","","","","","","","","","","","","","","17","","","","","B01","","","1","","9","","","45","45","2","12","4","120.719016","24.148693","3"
"4035","66000","387130000C","(04)23274275","(04)23288582","2026","1","10","11","52","臺中市","北區","0","0","0","7","","","50","","","","","","","","","","","","","","17","","","","","B01","","","1","","2","","","51","51","1","13","4","120.681594","24.156476","3"
"4036","66000","387130000C","(04)23274275","(04)23288582","2026","1","10","11","52","臺中市","北屯區","0","0","0","7","","","50","","","","","","","","","","","","","","14","","","","","B12","","","1","","9","","","49","49","2","6","4","120.684429","24.172849","3"
"4037","66000","387130000C","(04)23274275","(04)23288582","2026","1","10","11","53","臺中市","西屯區","0","0","0","7","","","50","","","","","","","","","","","","","","13","","","","","B03","","","1","","11","","","7","7","1","12","4","120.609749","24.185959","3"
"4038","66000","387130000C","(04)23274275","(04)23288582","2026","1","10","11","55","臺中市","西區","0","0","0","7","","","50","","","","","","","","","","","","","","","","","","","B12","","","1","","2","","","8","8","1","12","4","120.660433","24.147828","3"
"4039","66000","387130000C","(04)23274275","(04)23288582","2026","1","10","11","55","臺中市","南屯區","0","0","0","7","","","50","","","","","","","","","","","","","","13","","","","","C03","","","3","","2","","","7","7","1","12","4","120.638696","24.139325","3"
"4040","66000","387130000C","(04)23274275","(04)23288582","2026","1","10","11","55","臺中市","北屯區","0","0","0","7","","","","","","","","","","","","","","","","","35","","","","","","","","","","","","","119","119","1","","","120.708665","24.188511","3"
"4041","66000","387130000C","(04)23274275","(04)23288582","2026","1","10","11","57","臺中市","大里區","0","1","0","7","2","6","50","13","9","1","5","4","6","6","1","1","5","5","5","1","17","3","10","2","1","C03","7","4","1","10","1","14","","1","1","2","13","4","120.701836","24.085839","2"
"4042","66000","387130000C","(04)23274275","(04)23288582","2026","1","10","12","2","臺中市","北區","0","1","0","7","3","9","50","18","24","1","5","4","6","6","4","4","9","5","5","2","17","3","10","5","4","C03","7","15","1","10","2","14","","84","84","1","13","4","120.678746","24.152416","2"
"4043","66000","387130000C","(04)23274275","(04)23288582","2026","1","10","12","6","臺中市","大里區","0","1","0","7","2","6","30","4","1","1","5","4","6","6","4","4","10","5","5","2","16","2","9","5","4","C03","7","14","1","10","2","11","","84","84","1","12","4","120.703468","24.092097","2"
"4044","66000","387130000C","(04)23274275","(04)23288582","2026","1","10","12","14","臺中市","南屯區","0","0","0","7","","","50","","","","","","","","","","","","","","12","","","","","B03","","","1","","2","","","40","40","1","12","4","120.649868","24.148123","3"
"4045","66000","387130000C","(04)23274275","(04)23288582","2026","1","10","12","17","臺中市","北屯區","0","3","0","7","2","6","50","3","1","1","5","4","6","6","4","4","10","5","5","2","16","2","9","2","1","C03","7","6","1","10","2","12","","14","14","1","6","4","120.689893","24.175492","2"
"4046","66000","387130000C","(04)23274275","(04)23288582","2026","1","10","12","21","臺中市","大甲區","0","1","0","7","2","6","30","4","1","1","5","4","6","6","4","4","10","5","5","2","16","3","10","2","1","C03","7","6","1","10","2","11","","12","12","1","6","4","120.629919","24.343554","2"
"4047","66000","387130000C","(04)23274275","(04)23288582","2026","1","10","12","26","臺中市","南屯區","0","1","0","7","2","6","50","13","9","1","5","4","6","6","4","4","10","5","5","2","16","3","10","3","1","B03","7","6","1","8","2","4","","48","48","1","6","4","120.619881","24.135024","2"
"4048","66000","387130000C","(04)23274275","(04)23288582","2026","1","10","12","28","臺中市","大雅區","0","0","0","7","","","50","","","","","","","","","","","","","","","","","","","B03","","","1","","2","","","20","20","1","13","4","120.668813","24.214708","3"
"4049","66000","387130000C","(04)23274275","(04)23288582","2026","1","10","12","30","臺中市","北區","0","0","0","7","","","40","","","","","","","","","","","","","","13","","","","","C03","","","1","","1","","","7","7","1","13","4","120.686665","24.155377","3"
"4050","66000","387130000C","(04)23274275","(04)23288582","2026","1","10","12","31","臺中市","北區","0","0","0","7","","","50","","","","","","","","","","","","","","17","","","","","B13","","","1","","2","","","84","84","1","13","4","120.674696","24.160232","3"
"4051","66000","387130000C","(04)23274275","(04)23288582","2026","1","10","12","31","臺中市","豐原區","0","1","0","7","2","8","20","8","9","1","5","4","6","6","4","4","10","5","5","1","18","2","9","6","1","F01","7","9","7","21","2","14","","84","84","1","12","1","120.716705","24.245272","2"
"4052","66000","387130000C","(04)23274275","(04)23288582","2026","1","10","12","33","臺中市","東區","0","1","0","7","2","6","50","4","4","1","5","4","6","6","1","1","5","2","5","2","13","2","7","1","1","C03","7","9","1","10","2","11","","7","7","1","12","4","120.685861","24.143141","2"
"4053","66000","387130000C","(04)23274275","(04)23288582","2026","1","10","12","36","臺中市","南屯區","0","0","0","7","","","50","","","","","","","","","","","","","","12","","","","","B03","","","1","","2","","","59","59","1","6","4","120.61042","24.135049","3"
"4054","66000","387130000C","(04)23274275","(04)23288582","2026","1","10","12","37","臺中市","北屯區","0","1","0","7","2","6","50","3","1","1","5","4","6","6","4","4","10","5","5","2","16","3","10","3","1","B03","7","6","1","8","1","5","","14","14","1","6","4","120.677188","24.193374","2"
"4055","66000","387130000C","(04)23274275","(04)23288582","2026","1","10","12","37","臺中市","太平區","0","0","0","7","","","30","","","","","","","","","","","","","","","","","","","B03","","","1","","2","","","49","49","1","12","4","120.737423","24.133908","3"
"4056","66000","387130000C","(04)23274275","(04)23288582","2026","1","10","12","39","臺中市","大甲區","0","1","0","7","2","6","50","13","9","1","5","4","6","6","1","1","6","3","5","1","13","2","9","1","1","C03","7","9","1","10","2","11","","7","7","1","12","4","120.627635","24.351053","2"
"4057","66000","387130000C","(04)23274275","(04)23288582","2026","1","10","12","40","臺中市","北區","0","1","0","7","3","6","50","18","24","1","5","4","6","6","2","1","10","5","5","2","17","3","10","5","4","C03","7","9","1","10","2","11","","7","7","1","13","4","120.666287","24.159186","2"
"4058","66000","387130000C","(04)23274275","(04)23288582","2026","1","10","12","42","臺中市","東區","0","0","0","7","","","50","","","","","","","","","","","","","","17","","","","","B03","","","1","","1","","","7","7","1","12","4","120.695142","24.127264","3"
"4059","66000","387130000C","(04)23274275","(04)23288582","2026","1","10","12","45","臺中市","北屯區","0","0","0","7","","3","40","","","","","","","","","","","","","","13","","","","","B03","","","1","","1","","","7","7","1","6","4","120.721046","24.168359","3"
"4060","66000","387130000C","(04)23274275","(04)23288582","2026","1","10","12","46","臺中市","南屯區","0","0","0","7","","","50","","","","","","","","","","","","","","12","","","","","C03","","","1","","1","","","42","42","1","12","4","120.646597","24.139987","3"
"4061","66000","387130000C","(04)23274275","(04)23288582","2026","1","10","12","47","臺中市","西屯區","0","0","0","7","","","50","","","","","","","","","","","","","","13","","","","","C03","","","1","","1","","","59","59","1","12","4","120.597523","24.191402","3"
"4062","66000","387130000C","(04)23274275","(04)23288582","2026","1","10","12","48","臺中市","北區","0","0","0","7","","","50","","","","","","","","","","","","","","17","","","","","B03","","","1","","2","","","84","84","1","13","4","120.676065","24.166263","3"
"4063","66000","387130000C","(04)23274275","(04)23288582","2026","1","10","12","52","臺中市","大里區","0","2","0","7","2","6","50","3","1","1","5","4","6","6","4","4","5","4","4","2","13","2","9","2","1","C03","7","9","1","10","2","11","","59","59","1","12","4","120.68384","24.109692","2"
"4064","66000","387130000C","(04)23274275","(04)23288582","2026","1","10","12","52","臺中市","太平區","0","2","0","7","2","6","50","3","7","1","5","4","6","6","4","4","5","5","4","1","13","2","9","2","1","C03","7","9","1","10","2","11","","84","84","1","12","4","120.719465","24.129389","2"
"4065","66000","387130000C","(04)23274275","(04)23288582","2026","1","10","12","59","臺中市","沙鹿區","0","1","0","7","3","6","50","3","2","1","5","4","6","6","4","4","10","5","5","2","17","2","9","2","1","C03","7","6","1","10","2","14","","48","48","1","12","4","120.576357","24.224872","2"
"4066","66000","387130000C","(04)23274275","(04)23288582","2026","1","10","13","1","臺中市","潭子區","0","0","0","7","","","50","","","","","","","","","","","","","","","","","","","B12","","","1","","2","","","7","7","1","13","4","120.70359","24.201162","3"
"4067","66000","387130000C","(04)23274275","(04)23288582","2026","1","10","13","2","臺中市","南區","0","0","0","7","","","50","","","","","","","","","","","","","","","","","","","B12","","","1","","2","","","7","7","1","12","4","120.685038","24.12957","3"
"4068","66000","387130000C","(04)23274275","(04)23288582","2026","1","10","13","2","臺中市","北屯區","0","1","0","7","2","6","50","4","1","1","5","4","6","6","4","4","10","5","5","2","15","2","9","1","1","C03","7","9","1","10","1","11","","12","12","1","8","4","120.701182","24.185218","2"
"4069","66000","387130000C","(04)23274275","(04)23288582","2026","1","10","13","2","臺中市","北屯區","0","0","0","7","","","40","","","","","","","","","","","","","","14","","","","","B12","","","1","8","9","","","49","49","2","6","4","120.67273","24.175812","3"
"4070","66000","387130000C","(04)23274275","(04)23288582","2026","1","10","13","10","臺中市","后里區","0","0","0","7","","","50","","","","","","","","","","","","","","13","","","","","B03","","","1","","2","","","59","59","1","12","4","120.712931","24.310438","3"
"4071","66000","387130000C","(04)23274275","(04)23288582","2026","1","10","13","11","臺中市","大甲區","0","0","0","7","1","6","40","13","14","1","5","4","6","6","4","4","9","4","5","1","13","3","10","1","1","C03","7","14","3","10","1","11","11","84","84","1","12","4","120.622988","24.345795","3"
"4072","66000","387130000C","(04)23274275","(04)23288582","2026","1","10","13","12","臺中市","南屯區","0","0","0","7","","","50","","","","","","","","","","","","","","16","","","","","F02","","","1","","1","","","48","48","1","3","4","120.631176","24.122263","3"
"4073","66000","387130000C","(04)23274275","(04)23288582","2026","1","10","13","12","臺中市","太平區","0","0","0","7","","","40","","","","","","","","","","","","","","","","","","","C03","","","1","","2","","","84","84","1","12","2","120.722543","24.13402","4"
"4074","66000","387130000C","(04)23274275","(04)23288582","2026","1","10","13","12","臺中市","沙鹿區","0","2","0","7","1","6","50","4","1","1","5","4","6","6","2","1","10","5","5","2","16","2","9","2","1","C03","7","6","1","10","2","11","","36","36","1","6","4","120.5522","24.215276","2"
"4075","66000","387130000C","(04)23274275","(04)23288582","2026","1","10","13","21","臺中市","烏日區","0","1","0","7","3","6","50","3","2","1","5","4","6","6","1","1","1","4","5","1","17","2","9","1","1","C03","7","15","1","10","2","11","","4","4","1","6","4","120.644632","24.059586","2"
"4076","66000","387130000C","(04)23274275","(04)23288582","2026","1","10","13","22","臺中市","西屯區","0","0","0","6","","","50","","","","","","","","","","","","","","14","","","","","C03","","","1","","1","","","59","59","1","13","4","120.654064","24.156091","3"
"4077","66000","387130000C","(04)23274275","(04)23288582","2026","1","10","13","22","臺中市","沙鹿區","0","0","0","7","","","30","","","","","","","","","","","","","","","","","","","B03","","","1","","1","","","12","12","1","13","4","120.564037","24.236463","3"
"4078","66000","387130000C","(04)23274275","(04)23288582","2026","1","10","13","31","臺中市","東區","0","1","0","7","3","6","50","4","1","1","5","4","6","6","4","4","10","5","5","2","16","3","10","3","1","B03","7","6","1","8","2","5","","12","12","1","12","4","120.687269","24.141546","2"
"4079","66000","387130000C","(04)23274275","(04)23288582","2026","1","10","13","31","臺中市","太平區","0","0","0","7","","","50","","","","","","","","","","","","","","13","","","","","B03","","","1","","2","","","84","84","1","12","4","120.732869","24.134966","3"
"4080","66000","387130000C","(04)23274275","(04)23288582","2026","1","10","13","32","臺中市","南屯區","0","1","0","7","2","6","50","3","1","1","5","4","6","6","4","4","9","5","5","2","17","2","8","2","1","C03","7","9","1","10","2","11","","59","59","1","13","4","120.636225","24.156592","2"
"4081","66000","387130000C","(04)23274275","(04)23288582","2026","1","10","13","48","臺中市","后里區","0","0","0","7","3","6","50","13","9","1","5","4","6","6","4","4","8","5","5","1","12","3","10","3","1","B03","7","3","1","8","2","5","","50","50","1","13","4","120.710358","24.310302","3"
"4082","66000","387130000C","(04)23274275","(04)23288582","2026","1","10","13","49","臺中市","太平區","0","0","0","7","","","40","","","","","","","","","","","","","","","","","","","B03","","","1","","2","","","50","50","1","12","4","120.72446","24.157632","3"
"4083","66000","387130000C","(04)23274275","(04)23288582","2026","1","10","13","50","臺中市","北區","0","0","0","7","","","50","","","","","","","","","","","","","","13","","","","","B03","","","1","","1","","","7","7","1","13","4","120.670367","24.1648","3"
"4084","66000","387130000C","(04)23274275","(04)23288582","2026","1","10","13","52","臺中市","北屯區","0","0","0","7","","","30","","","","","","","","","","","","","","14","","","","","B12","","","1","","2","","","49","49","1","6","4","120.670344","24.187632","3"
"4085","66000","387130000C","(04)23274275","(04)23288582","2026","1","10","13","53","臺中市","大甲區","0","0","0","7","","","50","","","","","","","","","","","","","","","","","","","B03","","","1","","2","","","50","50","1","6","4","120.625201","24.345867","3"
"4086","66000","387130000C","(04)23274275","(04)23288582","2026","1","10","13","58","臺中市","西區","0","0","0","7","","","50","","","","","","","","","","","","","","","","","","","B03","","","1","","1","","","51","51","1","13","4","120.665615","24.146855","3"
"4087","66000","387130000C","(04)23274275","(04)23288582","2026","1","10","14","2","臺中市","東區","0","0","0","7","","","50","","","","","","","","","","","","","","17","","","","","B03","","","1","","1","","","50","50","1","13","4","120.688561","24.143155","3"
"4088","66000","387130000C","(04)23274275","(04)23288582","2026","1","10","14","5","臺中市","西區","0","1","0","7","2","6","50","5","1","1","5","4","6","6","1","1","10","5","5","2","18","2","9","1","1","C03","7","9","1","10","2","12","","84","84","1","12","4","120.669495","24.134485","2"
"4089","66000","387130000C","(04)23274275","(04)23288582","2026","1","10","14","6","臺中市","太平區","0","0","0","7","","","50","","","","","","","","","","","","","","","","","","","B03","","","1","","2","","","84","84","1","5","4","120.729892","24.113332","3"
"4090","66000","387130000C","(04)23274275","(04)23288582","2026","1","10","14","13","臺中市","南區","0","0","0","7","","","50","","","","","","","","","","","","","","","","","","","B03","","","1","","1","","","85","85","1","12","4","120.660534","24.116903","3"
"4091","66000","387130000C","(04)23274275","(04)23288582","2026","1","10","14","15","臺中市","東區","0","1","0","7","1","6","50","4","1","1","5","4","6","6","1","1","10","5","5","2","17","3","10","5","4","B03","7","6","1","8","2","1","","84","84","1","12","4","120.699902","24.142778","2"
"4092","66000","387130000C","(04)23274275","(04)23288582","2026","1","10","14","20","臺中市","北屯區","0","0","0","7","","","40","","","","","","","","","","","","","","13","","","","","C03","","","1","","2","","","59","59","1","12","4","120.70799","24.186768","3"
"4093","66000","387130000C","(04)23274275","(04)23288582","2026","1","10","14","21","臺中市","南區","0","0","0","7","","","50","","","","","","","","","","","","","","13","","","","","B12","","","1","","1","","","84","84","1","12","4","120.683453","24.119153","3"
"4094","66000","387130000C","(04)23274275","(04)23288582","2026","1","10","14","33","臺中市","東區","0","1","0","7","3","6","50","4","1","1","5","4","6","6","4","4","10","5","5","2","15","2","9","2","1","C03","7","9","1","10","2","11","","12","12","1","12","4","120.706016","24.142145","2"