序號,縣市別代碼,機關代碼,市話,傳真,年,月,日,時,分,縣市,區,死亡數量,受傷數量,2-30,天候,道路照明設備,道路類別,道路速限,道路型態,事故位置,路面鋪裝,路面狀態,路面缺陷,障礙物,視距,號誌種類,號誌動作,分向設施,快車道或一般車道間,快慢車道間,路面邊線,事故類型及型態,受傷程度,主要傷處,保護裝備,行動電話或功能裝置,當事者區分(類別),車輛用途,當事者行動狀態,駕照狀態,駕照種類,飲酒情形,車輛撞擊部位最初,車輛撞擊部位其他,肇事因素個別,肇事因素主要,肇事逃逸,職業,共享經濟或外送平台,GPS座標X,GPS座標Y,事故類別
"4095","66000","387130000C","(04)23274275","(04)23288582","2026","1","10","14","37","臺中市","北區","0","1","0","7","3","6","50","4","1","1","5","4","6","6","1","1","10","5","5","2","17","3","10","5","4","B03","7","6","1","8","2","1","","11","11","1","13","4","120.667575","24.154072","2"
"4096","66000","387130000C","(04)23274275","(04)23288582","2026","1","10","14","37","臺中市","北屯區","0","0","0","7","","","50","","","","","","","","","","","","","","13","","","","","B03","","","1","","2","","","7","7","1","12","4","120.691438","24.172708","4"
"4097","66000","387130000C","(04)23274275","(04)23288582","2026","1","10","14","42","臺中市","西區","0","2","0","6","2","6","50","3","1","1","5","4","6","6","4","4","10","5","5","2","9","2","9","1","1","C03","7","9","1","10","2","11","","10","10","1","13","4","120.661682","24.153981","2"
"4098","66000","387130000C","(04)23274275","(04)23288582","2026","1","10","14","44","臺中市","大里區","0","1","0","7","3","6","30","5","2","1","5","4","6","6","1","1","1","5","4","2","13","3","10","3","1","B03","7","15","1","8","1","1","","78","78","1","13","4","120.681961","24.105041","2"
"4099","66000","387130000C","(04)23274275","(04)23288582","2026","1","10","14","46","臺中市","大肚區","0","0","0","7","","","50","","","","","","","","","","","","","","","","","","","B03","","","1","","1","","","49","49","1","6","4","120.575924","24.119265","3"
"4100","66000","387130000C","(04)23274275","(04)23288582","2026","1","10","14","48","臺中市","大甲區","0","0","0","7","","","40","","","","","","","","","","","","","","","","","","","B03","","","1","","2","","","8","8","1","12","4","120.632075","24.347062","3"
"4101","66000","387130000C","(04)23274275","(04)23288582","2026","1","10","14","49","臺中市","清水區","0","0","0","7","","","40","","","","","","","","","","","","","","12","","","","","B03","","","1","","1","","","8","8","1","13","4","120.572087","24.261057","3"
"4102","66000","387130000C","(04)23274275","(04)23288582","2026","1","10","14","52","臺中市","烏日區","0","0","0","7","","","30","","","","","","","","","","","","","","14","","","","","B12","","","1","","2","","","49","49","1","6","4","120.639599","24.106566","3"
"4103","66000","387130000C","(04)23274275","(04)23288582","2026","1","10","14","55","臺中市","太平區","0","0","0","7","","","50","","","","","","","","","","","","","","13","","","","","B03","","","1","","1","","","84","84","1","12","4","120.718882","24.158203","3"
"4104","66000","387130000C","(04)23274275","(04)23288582","2026","1","10","15","6","臺中市","潭子區","0","0","0","6","","","40","","","","","","","","","","","","","","","","","","","B03","","","1","","1","","","39","39","2","13","4","120.702825","24.197034","3"
"4105","66000","387130000C","(04)23274275","(04)23288582","2026","1","10","15","6","臺中市","北區","0","0","0","7","","","50","","","","","","","","","","","","","","13","","","","","B03","","","1","","2","","","8","8","1","12","4","120.686051","24.159162","3"
"4106","66000","387130000C","(04)23274275","(04)23288582","2026","1","10","15","9","臺中市","西屯區","0","0","0","7","","","30","","","","","","","","","","","","","","11","","","","","B03","","","1","","1","","","8","8","1","12","4","120.646995","24.183445","3"
"4107","66000","387130000C","(04)23274275","(04)23288582","2026","1","10","15","10","臺中市","南區","0","0","0","7","","","50","","","","","","","","","","","","","","","","","","","C03","","","1","","2","","","51","51","1","5","4","120.662153","24.113128","4"
"4108","66000","387130000C","(04)23274275","(04)23288582","2026","1","10","15","10","臺中市","北屯區","0","0","0","7","","","50","","","","","","","","","","","","","","16","","","","","C03","","","1","","1","","","34","34","1","6","4","120.734143","24.177166","3"
"4109","66000","387130000C","(04)23274275","(04)23288582","2026","1","10","15","10","臺中市","神岡區","0","1","0","7","2","6","30","3","1","1","5","4","6","6","4","4","10","5","5","1","16","2","9","5","4","C03","7","6","1","10","2","14","","14","14","1","13","4","120.688546","24.280001","2"
"4110","66000","387130000C","(04)23274275","(04)23288582","2026","1","10","15","13","臺中市","大雅區","0","1","0","7","1","6","50","4","1","1","5","4","6","6","1","1","10","5","5","2","17","3","10","2","1","C03","7","6","1","10","2","16","","85","85","1","12","4","120.64828","24.22124","2"
"4111","66000","387130000C","(04)23274275","(04)23288582","2026","1","10","15","14","臺中市","西區","0","0","0","7","","","50","","","","","","","","","","","","","","","","","","","B12","","","1","","1","","","7","7","1","13","4","120.671476","24.145893","3"
"4112","66000","387130000C","(04)23274275","(04)23288582","2026","1","10","15","17","臺中市","東區","0","0","0","7","","","50","","","","","","","","","","","","","","","","","","","C03","","","1","","1","","","84","84","1","12","4","120.706663","24.148656","3"
"4113","66000","387130000C","(04)23274275","(04)23288582","2026","1","10","15","19","臺中市","石岡區","0","0","0","7","","","30","","","","","","","","","","","","","","19","","","","","B03","","","1","","1","","","84","84","1","12","4","120.804709","24.275072","3"
"4114","66000","387130000C","(04)23274275","(04)23288582","2026","1","10","15","20","臺中市","西區","0","0","0","7","","","30","","","","","","","","","","","","","","","","","","","B03","","","1","","1","","","8","8","1","13","4","120.664417","24.150086","3"
"4115","66000","387130000C","(04)23274275","(04)23288582","2026","1","10","15","21","臺中市","太平區","0","0","0","7","","","30","","","","","","","","","","","","","","14","","","","","B12","","","1","","2","","","49","49","1","12","4","120.723632","24.119883","3"
"4116","66000","387130000C","(04)23274275","(04)23288582","2026","1","10","15","22","臺中市","沙鹿區","0","1","0","7","2","6","50","3","2","1","5","4","6","6","4","4","10","5","5","2","16","2","8","2","1","C03","7","6","1","10","2","13","","84","84","1","12","4","120.581309","24.215264","2"
"4117","66000","387130000C","(04)23274275","(04)23288582","2026","1","10","15","25","臺中市","潭子區","0","1","0","7","3","6","50","3","1","1","5","4","6","6","4","4","5","5","5","2","17","2","9","2","1","C03","7","6","1","10","2","14","12","48","48","1","13","4","120.70884","24.203861","2"
"4118","66000","387130000C","(04)23274275","(04)23288582","2026","1","10","15","31","臺中市","新社區","0","1","0","7","2","6","50","3","2","1","5","4","6","6","4","4","5","5","5","2","18","2","8","1","1","C03","7","9","1","10","2","12","","84","84","1","12","4","120.802962","24.234414","2"
"4119","66000","387130000C","(04)23274275","(04)23288582","2026","1","10","15","33","臺中市","東勢區","0","0","0","7","","","40","","","","","","","","","","","","","","","","","","","B03","","","1","","2","","","59","59","1","13","4","120.862326","24.238484","3"
"4120","66000","387130000C","(04)23274275","(04)23288582","2026","1","10","15","35","臺中市","大雅區","0","2","0","7","3","6","30","4","1","1","5","4","6","6","4","4","10","5","5","2","15","2","9","2","1","C03","7","9","1","10","2","11","","15","15","1","13","4","120.653908","24.218088","2"
"4121","66000","387130000C","(04)23274275","(04)23288582","2026","1","10","15","35","臺中市","北區","0","1","0","7","2","6","50","13","9","1","5","4","6","6","4","4","3","4","5","2","18","2","9","5","4","C03","7","9","1","9","2","14","","84","84","1","12","4","120.684786","24.157946","2"
"4122","66000","387130000C","(04)23274275","(04)23288582","2026","1","10","15","35","臺中市","清水區","0","0","0","7","","","30","","","","","","","","","","","","","","14","","","","","B13","","","1","","2","","","49","49","1","6","4","120.580213","24.271923","3"
"4123","66000","387130000C","(04)23274275","(04)23288582","2026","1","10","15","49","臺中市","潭子區","0","2","0","7","3","6","40","3","1","1","5","4","6","6","1","1","1","4","4","1","13","2","9","2","1","C03","7","9","1","10","2","11","14","84","84","1","13","4","120.689879","24.222985","2"
"4124","66000","387130000C","(04)23274275","(04)23288582","2026","1","10","15","50","臺中市","北屯區","0","1","0","7","2","6","50","4","1","1","5","4","6","6","2","1","10","5","5","2","16","2","7","1","1","C03","7","6","1","10","1","14","","84","84","1","12","4","120.680137","24.18906","2"
"4125","66000","387130000C","(04)23274275","(04)23288582","2026","1","10","15","57","臺中市","北屯區","0","0","0","7","","","50","","","","","","","","","","","","","","17","","","","","B12","","","5","","1","","","58","58","1","12","4","120.690674","24.164999","3"
"4126","66000","387130000C","(04)23274275","(04)23288582","2026","1","10","15","58","臺中市","大雅區","0","1","0","7","1","6","40","4","1","1","5","4","6","6","1","1","10","5","5","2","15","3","10","2","1","C03","7","9","1","10","2","12","","21","21","1","12","4","120.64425","24.22715","2"
"4127","66000","387130000C","(04)23274275","(04)23288582","2026","1","10","15","59","臺中市","神岡區","0","0","0","7","","","50","","","","","","","","","","","","","","17","","","","","B12","","","1","","1","","","76","76","1","13","4","120.661047","24.259209","3"
"4128","66000","387130000C","(04)23274275","(04)23288582","2026","1","10","16","0","臺中市","烏日區","0","0","0","7","","","50","","","","","","","","","","","","","","14","","","","","B12","","","1","","1","","","49","49","1","6","4","120.64416","24.110855","3"
"4129","66000","387130000C","(04)23274275","(04)23288582","2026","1","10","16","4","臺中市","北區","0","0","0","7","","","50","","","","","","","","","","","","","","","","","","","A12","","","1","","11","","","84","84","2","13","4","120.686979","24.165192","3"
"4130","66000","387130000C","(04)23274275","(04)23288582","2026","1","10","16","4","臺中市","大里區","0","0","0","7","","","30","","","","","","","","","","","","","","","","","","","B03","","","1","","1","","","49","49","1","12","4","120.679166","24.11303","3"
"4131","66000","387130000C","(04)23274275","(04)23288582","2026","1","10","16","5","臺中市","東區","0","1","0","7","1","6","50","4","1","1","5","4","6","6","1","1","9","4","5","2","12","3","10","1","1","C03","7","9","1","10","2","14","","7","7","2","12","4","120.707806","24.149121","2"
"4132","66000","387130000C","(04)23274275","(04)23288582","2026","1","10","16","5","臺中市","西屯區","0","3","0","7","1","6","50","4","1","1","5","4","6","6","1","1","5","5","4","2","16","2","8","1","1","C03","7","9","1","10","1","11","","7","7","1","12","4","120.638355","24.154713","2"
"4133","66000","387130000C","(04)23274275","(04)23288582","2026","1","10","16","7","臺中市","北屯區","0","0","0","7","","","50","","","","","","","","","","","","","","13","","","","","A06","","","1","","2","","","7","7","1","6","4","120.699599","24.1648","3"
"4134","66000","387130000C","(04)23274275","(04)23288582","2026","1","10","16","12","臺中市","沙鹿區","0","1","0","7","2","6","40","13","8","1","5","4","6","6","4","4","1","4","3","2","18","2","9","2","1","C03","7","9","1","10","2","14","","84","84","1","6","4","120.580557","24.217992","2"
"4135","66000","387130000C","(04)23274275","(04)23288582","2026","1","10","16","13","臺中市","潭子區","0","1","0","7","3","6","50","13","9","1","5","4","6","6","4","4","5","4","5","1","17","3","10","3","1","B03","7","2","3","19","2","3","","49","49","1","13","4","120.700697","24.215109","2"
"4136","66000","387130000C","(04)23274275","(04)23288582","2026","1","10","16","14","臺中市","西屯區","0","0","0","7","","","30","","","","","","","","","","","","","","15","","","","","B03","","","1","","2","","","12","12","1","13","4","120.621512","24.172796","3"
"4137","66000","387130000C","(04)23274275","(04)23288582","2026","1","10","16","15","臺中市","潭子區","0","0","0","7","","","50","","","","","","","","","","","","","","","","","","","B03","","","1","","2","","","58","58","1","13","4","120.722317","24.204073","3"
"4138","66000","387130000C","(04)23274275","(04)23288582","2026","1","10","16","16","臺中市","潭子區","0","1","0","7","3","6","60","3","2","1","5","4","6","6","1","1","1","4","4","1","17","2","8","2","1","C03","7","8","1","10","2","14","12","40","40","1","13","4","120.705226","24.209328","2"
"4139","66000","387130000C","(04)23274275","(04)23288582","2026","1","10","16","17","臺中市","南屯區","0","1","0","7","3","6","50","4","1","1","5","4","6","6","4","4","5","5","4","2","15","3","10","3","1","B03","7","9","1","8","2","2","","12","12","1","12","4","120.639369","24.148905","2"
"4140","66000","387130000C","(04)23274275","(04)23288582","2026","1","10","16","19","臺中市","西屯區","0","0","0","7","","","50","","","","","","","","","","","","","","12","","","","","C03","","","1","","1","","","8","8","1","12","4","120.649575","24.163046","3"
"4141","66000","387130000C","(04)23274275","(04)23288582","2026","1","10","16","25","臺中市","豐原區","0","0","0","7","","","50","","","","","","","","","","","","","","17","","","","","B03","","","1","","2","","","7","7","1","6","4","120.749545","24.268486","3"
"4142","66000","387130000C","(04)23274275","(04)23288582","2026","1","10","16","27","臺中市","北區","0","2","0","7","2","6","50","3","1","1","5","4","6","6","4","4","5","5","5","2","16","2","9","1","1","C03","7","9","1","10","2","12","","4","4","1","13","4","120.667652","24.171166","2"
"4143","66000","387130000C","(04)23274275","(04)23288582","2026","1","10","16","30","臺中市","中區","0","0","0","7","","","50","","","","","","","","","","","","","","","","","","","B03","","","1","","2","","","84","84","1","12","4","120.678778","24.14719","3"
"4144","66000","387130000C","(04)23274275","(04)23288582","2026","1","10","16","30","臺中市","南區","0","1","0","7","3","6","30","13","13","1","5","4","6","6","4","4","10","5","5","2","18","2","9","5","1","F01","7","9","7","21","2","12","","59","59","1","13","1","120.64708","24.121717","2"
"4145","66000","387130000C","(04)23274275","(04)23288582","2026","1","10","16","35","臺中市","大肚區","0","0","0","7","","","40","","","","","","","","","","","","","","","","","","","B03","","","1","","1","","","7","7","1","6","4","120.578143","24.11834","4"
"4146","66000","387130000C","(04)23274275","(04)23288582","2026","1","10","16","38","臺中市","大里區","0","0","0","6","","","40","","","","","","","","","","","","","","17","","","","","B03","","","1","","1","","","51","51","1","13","4","120.699586","24.099273","3"
"4147","66000","387130000C","(04)23274275","(04)23288582","2026","1","10","16","42","臺中市","太平區","0","1","0","7","2","6","50","3","1","1","5","4","6","6","2","1","10","5","5","2","16","3","10","3","1","B03","7","6","1","8","2","5","","11","11","1","12","4","120.734135","24.143426","2"
"4148","66000","387130000C","(04)23274275","(04)23288582","2026","1","10","16","42","臺中市","清水區","0","0","0","7","","","50","","","","","","","","","","","","","","","","","","","C03","","","1","","2","","","84","84","1","12","4","120.546176","24.299873","3"
"4149","66000","387130000C","(04)23274275","(04)23288582","2026","1","10","16","44","臺中市","西屯區","0","1","0","7","2","6","40","13","9","1","5","4","6","6","4","4","10","4","1","2","18","2","9","1","1","F01","7","9","7","21","2","12","","84","84","1","13","4","120.603448","24.180994","2"
"4150","66000","387130000C","(04)23274275","(04)23288582","2026","1","10","16","44","臺中市","大里區","0","1","0","7","2","6","50","4","1","1","5","4","6","6","1","1","10","5","5","2","17","3","10","3","1","B03","7","5","1","8","2","5","","84","84","1","12","4","120.688241","24.102158","2"
"4151","66000","387130000C","(04)23274275","(04)23288582","2026","1","10","16","45","臺中市","北屯區","0","1","0","7","2","6","30","4","1","1","5","4","6","6","4","4","10","5","5","2","17","3","10","3","1","B03","7","6","1","8","2","8","","14","14","1","6","4","120.669985","24.184297","2"
"4152","66000","387130000C","(04)23274275","(04)23288582","2026","1","10","16","50","臺中市","清水區","0","0","0","7","","","50","","","","","","","","","","","","","","13","","","","","B03","","","1","","2","","","84","84","1","13","4","120.544839","24.285897","3"
"4153","66000","387130000C","(04)23274275","(04)23288582","2026","1","10","16","51","臺中市","北屯區","0","0","0","7","","","50","","","","","","","","","","","","","","13","","","","","B12","","","1","","2","","","84","84","1","6","4","120.747735","24.195543","3"
"4154","66000","387130000C","(04)23274275","(04)23288582","2026","1","10","16","52","臺中市","西屯區","0","1","0","7","2","6","50","4","1","1","5","4","6","6","2","1","10","5","5","2","16","3","10","3","1","B03","7","5","1","8","2","2","5","11","11","1","12","4","120.639582","24.165754","2"
"4155","66000","387130000C","(04)23274275","(04)23288582","2026","1","10","16","57","臺中市","北屯區","0","0","0","7","","","30","","","","","","","","","","","","","","17","","","","","B03","","","1","","1","","","58","58","1","6","4","120.697937","24.1774","3"
"4156","66000","387130000C","(04)23274275","(04)23288582","2026","1","10","17","4","臺中市","東勢區","0","3","0","7","1","6","50","4","1","1","5","4","6","6","3","1","5","5","5","1","16","2","5","5","4","C03","7","11","1","10","2","14","","24","24","1","13","4","120.81103","24.281685","2"
"4157","66000","387130000C","(04)23274275","(04)23288582","2026","1","10","17","11","臺中市","北屯區","0","1","0","7","1","6","30","3","1","1","5","4","6","6","4","4","10","5","5","2","16","2","9","1","1","C03","7","6","1","10","2","11","","14","14","1","12","4","120.793735","24.199199","2"
"4158","66000","387130000C","(04)23274275","(04)23288582","2026","1","10","17","17","臺中市","西屯區","0","1","0","7","2","6","50","3","7","1","5","4","6","6","4","4","9","4","4","2","16","3","10","1","1","C03","7","6","1","10","2","14","","48","48","1","12","4","120.644349","24.18653","2"
"4159","66000","387130000C","(04)23274275","(04)23288582","2026","1","10","17","19","臺中市","北屯區","0","0","0","7","2","6","50","13","9","1","5","4","6","6","4","4","1","4","5","2","13","3","10","3","1","B03","7","9","1","7","1","1","","59","59","1","6","4","120.698136","24.171562","3"
"4160","66000","387130000C","(04)23274275","(04)23288582","2026","1","10","17","27","臺中市","太平區","0","2","0","7","2","6","50","3","1","1","5","4","6","6","2","1","10","5","5","2","16","2","9","4","1","F01","7","6","7","21","2","14","","48","48","1","12","4","120.729222","24.10461","2"
"4161","66000","387130000C","(04)23274275","(04)23288582","2026","1","10","17","28","臺中市","東區","0","2","0","7","1","6","50","4","1","1","5","4","6","6","2","1","10","5","5","2","17","2","9","1","1","C03","7","6","1","10","2","12","","11","11","1","12","4","120.692836","24.134853","2"
"4162","66000","387130000C","(04)23274275","(04)23288582","2026","1","10","17","31","臺中市","南屯區","0","0","0","7","1","6","50","13","9","1","5","4","6","6","4","4","3","4","5","2","12","","","","","B03","","","1","","2","","","8","8","1","12","4","120.63327","24.14534","3"
"4163","66000","387130000C","(04)23274275","(04)23288582","2026","1","10","17","32","臺中市","沙鹿區","0","0","0","7","","","50","","","","","","","","","","","","","","13","","","","","B03","","","1","","1","","","7","7","1","6","4","120.552779","24.217064","3"
"4164","66000","387130000C","(04)23274275","(04)23288582","2026","1","10","17","34","臺中市","大里區","0","1","0","7","1","6","50","13","9","1","5","4","6","6","4","4","5","2","5","1","17","3","10","2","1","C03","7","5","1","10","2","13","","20","20","1","13","4","120.712065","24.085959","2"
"4165","66000","387130000C","(04)23274275","(04)23288582","2026","1","10","17","35","臺中市","北屯區","0","0","0","7","","","50","","","","","","","","","","","","","","13","","","","","B03","","","1","","1","","","59","59","1","12","4","120.709281","24.182173","3"
"4166","66000","387130000C","(04)23274275","(04)23288582","2026","1","10","17","37","臺中市","大雅區","0","0","0","7","","","50","","","","","","","","","","","","","","14","","","","","B03","","","1","","1","","","49","49","1","12","4","120.666711","24.218353","3"
"4167","66000","387130000C","(04)23274275","(04)23288582","2026","1","10","17","40","臺中市","西屯區","0","0","0","7","","3","80","","","","","","","","","","","","","","10","","","","","B03","","","1","","1","","","7","7","1","12","4","120.636064","24.183602","3"
"4168","66000","387130000C","(04)23274275","(04)23288582","2026","1","10","17","40","臺中市","大里區","0","0","0","7","","","50","","","","","","","","","","","","","","17","","","","","C03","","","1","","2","","","84","84","1","12","4","120.692366","24.118108","3"
"4169","66000","387130000C","(04)23274275","(04)23288582","2026","1","10","17","47","臺中市","西區","0","1","0","6","1","6","50","3","1","1","5","4","6","6","4","4","10","5","5","2","17","2","9","1","1","C03","7","9","5","19","2","11","","7","7","1","13","4","120.65448","24.15541","2"
"4170","66000","387130000C","(04)23274275","(04)23288582","2026","1","10","17","47","臺中市","大肚區","0","1","0","7","1","6","50","4","1","1","5","4","6","6","1","1","10","5","5","2","12","2","8","1","1","C03","7","6","3","19","2","13","","84","84","1","12","4","120.580645","24.172605","2"
"4171","66000","387130000C","(04)23274275","(04)23288582","2026","1","10","17","49","臺中市","豐原區","0","1","0","7","2","6","50","4","7","1","5","4","6","6","1","1","5","5","4","1","13","2","8","5","4","C03","7","9","2","19","2","11","","59","59","1","13","4","120.714191","24.251371","2"
"4172","66000","387130000C","(04)23274275","(04)23288582","2026","1","10","17","51","臺中市","大里區","0","0","0","6","","","30","","","","","","","","","","","","","","17","","","","","B03","","","1","","2","","","49","49","1","13","4","120.710621","24.085507","3"
"4173","66000","387130000C","(04)23274275","(04)23288582","2026","1","10","17","54","臺中市","大里區","0","1","0","7","1","6","40","3","4","1","5","4","6","6","1","1","1","2","4","1","17","2","9","1","1","C03","7","1","1","10","2","11","","84","84","1","12","4","120.662045","24.109012","2"
"4174","66000","387130000C","(04)23274275","(04)23288582","2026","1","10","17","55","臺中市","大里區","0","1","0","7","3","6","30","13","9","1","5","4","6","6","4","4","10","5","5","1","2","3","10","3","1","B03","7","9","1","8","2","2","","84","84","1","13","4","120.705285","24.091736","2"
"4175","66000","387130000C","(04)23274275","(04)23288582","2026","1","10","17","55","臺中市","太平區","0","4","0","7","1","6","50","3","1","1","5","4","6","6","4","4","5","5","5","1","16","3","10","2","1","C03","7","5","1","10","2","14","","14","14","1","12","4","120.734164","24.144488","2"
"4176","66000","387130000C","(04)23274275","(04)23288582","2026","1","10","17","58","臺中市","北區","0","0","0","7","","","5","","","","","","","","","","","","","","17","","","","","","","","","","","","","86","86","1","","","120.684504","24.157813","3"
"4177","66000","387130000C","(04)23274275","(04)23288582","2026","1","10","17","58","臺中市","北屯區","0","0","0","7","","","50","","","","","","","","","","","","","","13","","","","","B03","","","1","","1","","","7","7","1","6","4","120.718805","24.17354","3"
"4178","66000","387130000C","(04)23274275","(04)23288582","2026","1","10","17","59","臺中市","太平區","0","3","0","7","1","6","50","13","9","1","5","4","6","6","4","4","5","5","4","2","17","2","9","2","1","C03","7","9","1","10","2","11","","84","84","1","12","4","120.709652","24.12746","2"
"4179","66000","387130000C","(04)23274275","(04)23288582","2026","1","10","18","1","臺中市","北區","0","1","0","7","1","6","50","4","1","1","5","4","6","6","4","4","10","5","5","2","17","3","10","5","4","B03","7","1","1","8","2","8","","51","51","1","12","4","120.678479","24.172175","2"
"4180","66000","387130000C","(04)23274275","(04)23288582","2026","1","10","18","2","臺中市","大肚區","0","1","0","7","1","6","50","13","9","1","5","4","6","6","4","4","9","5","5","2","10","2","9","1","1","C03","7","9","1","10","7","11","","4","4","1","6","4","120.574199","24.169541","2"
"4181","66000","387130000C","(04)23274275","(04)23288582","2026","1","10","18","3","臺中市","北區","0","2","0","7","1","6","50","4","2","1","5","4","6","6","1","1","10","5","5","2","13","2","3","1","1","C03","7","9","1","10","2","11","","7","7","1","13","4","120.680547","24.165395","2"
"4182","66000","387130000C","(04)23274275","(04)23288582","2026","1","10","18","12","臺中市","大雅區","0","0","0","7","","","50","","","","","","","","","","","","","","17","","","","","B03","","","1","","1","","","7","7","1","13","4","120.65759","24.220529","3"
"4183","66000","387130000C","(04)23274275","(04)23288582","2026","1","10","18","14","臺中市","西區","0","0","0","7","","","30","","","","","","","","","","","","","","","","","","","B03","","","1","","1","","","51","51","2","6","4","120.660835","24.153159","3"
"4184","66000","387130000C","(04)23274275","(04)23288582","2026","1","10","18","16","臺中市","清水區","0","1","0","7","1","6","50","4","1","1","5","4","6","6","4","4","5","2","5","2","16","3","10","3","1","B03","7","6","1","8","2","8","","84","84","1","13","4","120.574659","24.269752","2"
"4185","66000","387130000C","(04)23274275","(04)23288582","2026","1","10","18","17","臺中市","北屯區","0","1","0","7","2","6","50","4","1","1","5","4","6","6","4","4","10","5","5","2","19","2","9","2","1","C03","7","6","1","10","2","11","14","59","59","1","6","4","120.663987","24.184699","2"
"4186","66000","387130000C","(04)23274275","(04)23288582","2026","1","10","18","18","臺中市","大里區","0","0","0","7","","","50","","","","","","","","","","","","","","17","","","","","C03","","","1","","1","","","58","58","1","12","4","120.700376","24.117384","4"
"4187","66000","387130000C","(04)23274275","(04)23288582","2026","1","10","18","22","臺中市","外埔區","0","0","0","7","","","50","","","","","","","","","","","","","","13","","","","","B03","","","1","","2","","","84","84","1","6","4","120.637776","24.342557","3"
"4188","66000","387130000C","(04)23274275","(04)23288582","2026","1","10","18","23","臺中市","南區","0","0","0","7","","","50","","","","","","","","","","","","","","","","","","","B03","","","1","","2","","","49","49","1","6","4","120.658562","24.12209","3"
"4189","66000","387130000C","(04)23274275","(04)23288582","2026","1","10","18","29","臺中市","西區","0","0","0","6","","","50","","","","","","","","","","","","","","","","","","","B03","","","1","","1","","","7","7","1","13","4","120.662583","24.155647","3"
"4190","66000","387130000C","(04)23274275","(04)23288582","2026","1","10","18","30","臺中市","北區","0","0","0","7","","","50","","","","","","","","","","","","","","","","","","","C03","","","1","","11","","","87","87","1","13","4","120.672268","24.169357","3"
"4191","66000","387130000C","(04)23274275","(04)23288582","2026","1","10","18","30","臺中市","西屯區","0","1","0","7","1","6","50","4","1","1","5","4","6","6","2","1","10","5","5","2","13","2","8","5","4","C03","7","9","1","10","2","11","","7","7","1","13","2","120.62064","24.184013","2"
"4192","66000","387130000C","(04)23274275","(04)23288582","2026","1","10","18","30","臺中市","大甲區","0","2","0","7","3","6","50","4","1","1","5","4","6","6","4","4","10","5","5","2","17","2","9","1","1","C03","7","6","1","10","2","12","","14","14","1","6","4","120.625878","24.347026","2"
"4193","66000","387130000C","(04)23274275","(04)23288582","2026","1","10","18","33","臺中市","豐原區","0","0","0","7","","","50","","","","","","","","","","","","","","13","","","","","B03","","","1","","2","","","7","7","1","12","4","120.720298","24.249344","3"
"4194","66000","387130000C","(04)23274275","(04)23288582","2026","1","10","18","34","臺中市","大雅區","0","1","0","7","1","6","50","13","9","1","5","4","6","6","4","4","9","4","5","1","30","2","8","2","1","C03","7","9","1","10","1","12","","84","84","1","13","4","120.613757","24.21469","2"
"4195","66000","387130000C","(04)23274275","(04)23288582","2026","1","10","18","37","臺中市","南屯區","0","0","0","7","","","50","","","","","","","","","","","","","","17","","","","","B03","","","1","","2","","","20","20","1","12","4","120.632468","24.150918","3"
"4196","66000","387130000C","(04)23274275","(04)23288582","2026","1","10","18","41","臺中市","潭子區","0","3","0","6","1","6","50","13","9","1","5","4","6","6","4","4","9","5","5","1","17","2","9","6","1","F01","7","11","7","21","2","12","14","46","46","1","13","4","120.699239","24.206017","2"
"4197","66000","387130000C","(04)23274275","(04)23288582","2026","1","10","18","41","臺中市","南區","0","0","0","7","","","50","","","","","","","","","","","","","","","","","","","B03","","","1","","2","","","8","8","1","12","4","120.680731","24.130963","3"
"4198","66000","387130000C","(04)23274275","(04)23288582","2026","1","10","18","46","臺中市","南屯區","0","1","0","7","2","6","50","4","2","1","5","4","6","6","1","1","9","4","4","2","12","3","10","3","1","B03","7","11","1","8","2","7","","45","45","1","12","4","120.65295","24.132011","2"
"4199","66000","387130000C","(04)23274275","(04)23288582","2026","1","10","18","46","臺中市","西屯區","0","1","0","6","1","6","50","5","1","1","5","4","6","6","2","1","10","5","5","2","16","3","10","3","1","B03","7","5","1","8","2","5","","47","47","1","13","4","120.615584","24.189173","2"
"4200","66000","387130000C","(04)23274275","(04)23288582","2026","1","10","18","48","臺中市","豐原區","0","0","0","7","","","30","","","","","","","","","","","","","","30","","","","","B03","","","1","","2","","","84","84","1","13","4","120.731649","24.247908","3"
"4201","66000","387130000C","(04)23274275","(04)23288582","2026","1","10","18","49","臺中市","北區","0","0","0","7","","","50","","","","","","","","","","","","","","12","","","","","B03","","","1","","2","","","59","59","1","12","4","120.67029","24.161838","3"
"4202","66000","387130000C","(04)23274275","(04)23288582","2026","1","10","18","58","臺中市","北區","0","0","0","7","","","50","","","","","","","","","","","","","","13","","","","","B03","","","1","","1","","","82","82","1","12","4","120.683508","24.148272","3"
"4203","66000","387130000C","(04)23274275","(04)23288582","2026","1","10","18","58","臺中市","北屯區","0","1","0","7","1","6","50","4","2","1","5","4","6","6","1","1","10","5","5","2","12","3","10","1","1","C03","7","8","1","10","2","13","","40","40","1","6","4","120.700528","24.178371","2"
"4204","66000","387130000C","(04)23274275","(04)23288582","2026","1","10","19","3","臺中市","后里區","0","1","0","7","1","6","40","11","9","1","5","4","6","6","4","4","10","5","5","1","2","3","10","1","1","C03","7","9","1","10","2","12","","59","59","1","6","4","120.734901","24.33034","2"