序號,縣市別代碼,機關代碼,市話,傳真,年,月,日,時,分,縣市,區,死亡數量,受傷數量,2-30,天候,道路照明設備,道路類別,道路速限,道路型態,事故位置,路面鋪裝,路面狀態,路面缺陷,障礙物,視距,號誌種類,號誌動作,分向設施,快車道或一般車道間,快慢車道間,路面邊線,事故類型及型態,受傷程度,主要傷處,保護裝備,行動電話或功能裝置,當事者區分(類別),車輛用途,當事者行動狀態,駕照狀態,駕照種類,飲酒情形,車輛撞擊部位最初,車輛撞擊部位其他,肇事因素個別,肇事因素主要,肇事逃逸,職業,共享經濟或外送平台,GPS座標X,GPS座標Y,事故類別
"4205","66000","387130000C","(04)23274275","(04)23288582","2026","1","10","19","5","臺中市","大里區","0","1","0","7","1","6","50","3","1","1","5","4","6","6","4","4","10","5","5","1","17","3","10","3","1","B03","7","1","1","8","2","5","","51","51","1","12","4","120.683873","24.111466","2"
"4206","66000","387130000C","(04)23274275","(04)23288582","2026","1","10","19","8","臺中市","西屯區","0","1","0","7","1","6","50","4","1","1","5","4","6","6","2","1","10","5","5","2","3","3","10","3","1","B03","7","11","1","8","2","5","","10","10","1","12","4","120.642513","24.18228","2"
"4207","66000","387130000C","(04)23274275","(04)23288582","2026","1","10","19","9","臺中市","北區","0","0","0","7","","","40","","","","","","","","","","","","","","2","","","","","C03","","","1","","1","","","40","40","1","13","4","120.684588","24.146338","3"
"4208","66000","387130000C","(04)23274275","(04)23288582","2026","1","10","19","9","臺中市","龍井區","0","1","0","7","1","6","60","13","9","1","5","4","6","6","1","1","1","3","5","1","13","2","9","3","1","B03","7","9","1","8","2","1","","7","7","1","6","4","120.516206","24.202866","2"
"4209","66000","387130000C","(04)23274275","(04)23288582","2026","1","10","19","12","臺中市","北區","0","1","0","7","3","6","50","3","2","1","5","4","6","6","4","4","5","4","5","2","16","3","10","5","4","B03","7","1","1","8","2","1","","51","51","1","12","4","120.68138","24.154309","2"
"4210","66000","387130000C","(04)23274275","(04)23288582","2026","1","10","19","18","臺中市","太平區","0","1","0","7","3","6","30","4","1","1","5","4","6","6","4","4","10","5","5","2","13","3","10","3","1","B03","7","11","1","8","2","4","","45","45","1","6","4","120.716535","24.146385","2"
"4211","66000","387130000C","(04)23274275","(04)23288582","2026","1","10","19","21","臺中市","豐原區","0","0","0","7","1","6","40","13","1","1","5","4","6","6","2","1","4","3","5","2","13","3","10","5","4","B03","7","6","1","8","2","8","8","7","7","1","13","4","120.723453","24.24974","3"
"4212","66000","387130000C","(04)23274275","(04)23288582","2026","1","10","19","22","臺中市","北區","0","0","0","7","","","50","","","","","","","","","","","","","","12","","","","","B03","","","1","","1","","","40","40","1","12","4","120.670839","24.173608","3"
"4213","66000","387130000C","(04)23274275","(04)23288582","2026","1","10","19","22","臺中市","北區","0","0","0","7","","","50","","","","","","","","","","","","","","17","","","","","B03","","","1","","1","","","87","87","1","12","4","120.671203","24.173661","3"
"4214","66000","387130000C","(04)23274275","(04)23288582","2026","1","10","19","36","臺中市","清水區","0","1","0","7","1","6","50","3","1","1","5","4","6","6","4","4","1","4","4","1","12","3","10","3","1","B03","7","9","1","8","2","4","","12","12","1","13","4","120.582758","24.282936","2"
"4215","66000","387130000C","(04)23274275","(04)23288582","2026","1","10","19","46","臺中市","西區","0","0","0","6","","","50","","","","","","","","","","","","","","","","","","","B03","","","1","","1","","","8","8","1","13","4","120.669365","24.148321","3"
"4216","66000","387130000C","(04)23274275","(04)23288582","2026","1","10","19","47","臺中市","南區","0","2","0","7","1","6","50","4","1","1","5","4","6","6","2","1","10","5","5","2","16","3","10","2","1","C04","7","6","1","10","2","14","","11","11","1","12","3","120.684699","24.130744","2"
"4217","66000","387130000C","(04)23274275","(04)23288582","2026","1","10","19","53","臺中市","西區","0","2","0","7","1","6","50","4","1","1","5","4","6","6","4","4","8","5","5","2","15","2","9","2","1","C03","7","9","1","10","2","11","14","15","15","1","12","4","120.658776","24.147876","2"
"4218","66000","387130000C","(04)23274275","(04)23288582","2026","1","10","19","55","臺中市","西屯區","0","1","0","7","1","6","40","4","1","1","5","4","6","6","2","1","10","5","5","2","13","2","7","1","1","C03","7","9","1","10","2","11","","7","7","1","12","4","120.657895","24.158312","2"
"4219","66000","387130000C","(04)23274275","(04)23288582","2026","1","10","19","55","臺中市","后里區","0","0","0","7","1","6","50","13","9","1","5","4","6","6","4","4","9","5","5","1","13","3","10","1","1","C03","7","9","1","10","2","11","","7","7","1","6","4","120.717988","24.31072","3"
"4220","66000","387130000C","(04)23274275","(04)23288582","2026","1","10","20","2","臺中市","南屯區","0","0","0","7","1","6","50","3","1","1","5","4","6","6","4","4","10","5","5","2","16","","","","","B03","","","1","","1","","","14","14","1","12","4","120.650896","24.139471","3"
"4221","66000","387130000C","(04)23274275","(04)23288582","2026","1","10","20","3","臺中市","大里區","0","1","0","7","1","6","50","13","9","1","5","4","6","6","4","4","5","4","5","1","18","2","9","1","1","C03","7","9","1","10","2","11","","55","55","1","12","4","120.685609","24.12166","2"
"4222","66000","387130000C","(04)23274275","(04)23288582","2026","1","10","20","16","臺中市","南屯區","0","0","0","7","1","6","50","13","9","1","5","4","6","6","1","1","5","2","5","2","12","","","","","F01","","","7","","1","","","84","84","1","12","4","120.638411","24.147155","3"
"4223","66000","387130000C","(04)23274275","(04)23288582","2026","1","10","20","17","臺中市","北屯區","0","0","0","7","","","50","","","","","","","","","","","","","","17","","","","","B03","","","1","","2","","","58","58","1","6","4","120.716612","24.171519","3"
"4224","66000","387130000C","(04)23274275","(04)23288582","2026","1","10","20","17","臺中市","大里區","0","2","0","7","1","6","50","4","1","1","5","4","6","6","1","1","10","5","5","1","15","2","9","1","1","C03","7","9","1","10","2","11","","21","21","1","12","4","120.696926","24.11117","2"
"4225","66000","387130000C","(04)23274275","(04)23288582","2026","1","10","20","25","臺中市","西屯區","0","0","0","7","","","50","","","","","","","","","","","","","","13","","","","","B03","","","1","","1","","","84","84","1","12","4","120.646047","24.175635","3"
"4226","66000","387130000C","(04)23274275","(04)23288582","2026","1","10","20","31","臺中市","大里區","0","0","0","7","","","50","","","","","","","","","","","","","","17","","","","","B02","","","1","","2","","","7","7","1","12","4","120.689701","24.115209","3"
"4227","66000","387130000C","(04)23274275","(04)23288582","2026","1","10","20","35","臺中市","北區","0","0","0","7","","","50","","","","","","","","","","","","","","14","","","","","B03","","","1","","2","","","49","49","1","13","4","120.679929","24.159065","3"
"4228","66000","387130000C","(04)23274275","(04)23288582","2026","1","10","20","36","臺中市","太平區","0","0","0","7","","3","80","","","","","","","","","","","","","","13","","","","","B03","","","1","","2","","","7","7","1","12","4","120.714097","24.14843","3"
"4229","66000","387130000C","(04)23274275","(04)23288582","2026","1","10","20","40","臺中市","大肚區","0","1","0","7","1","6","50","4","1","1","5","4","6","6","1","1","10","5","5","2","16","3","10","3","1","B03","7","6","1","8","2","8","","11","11","1","6","4","120.545949","24.148597","2"
"4230","66000","387130000C","(04)23274275","(04)23288582","2026","1","10","20","55","臺中市","潭子區","0","0","0","6","","","50","","","","","","","","","","","","","","","","","","","B03","","","1","","2","","","84","7","1","13","4","120.706516","24.200346","3"
"4231","66000","387130000C","(04)23274275","(04)23288582","2026","1","10","21","9","臺中市","大里區","0","0","0","6","","","30","","","","","","","","","","","","","","17","","","","","B03","","","1","","2","","","49","49","1","13","4","120.698083","24.087259","3"
"4232","66000","387130000C","(04)23274275","(04)23288582","2026","1","10","21","16","臺中市","大雅區","0","1","0","7","2","6","50","4","1","1","5","4","6","6","4","4","5","5","5","1","15","2","8","2","1","C03","7","9","3","19","2","12","","15","15","1","13","4","120.656203","24.225437","2"
"4233","66000","387130000C","(04)23274275","(04)23288582","2026","1","10","21","20","臺中市","清水區","0","1","0","7","1","6","30","13","9","1","5","4","6","6","4","4","10","5","5","2","12","2","8","2","1","C03","7","9","1","10","2","11","","58","58","1","12","4","120.58161","24.292205","2"
"4234","66000","387130000C","(04)23274275","(04)23288582","2026","1","10","21","21","臺中市","西區","0","0","0","7","","","60","","","","","","","","","","","","","","","","","","","B03","","","1","","2","","","7","7","1","6","4","120.661781","24.155306","3"
"4235","66000","387130000C","(04)23274275","(04)23288582","2026","1","10","21","22","臺中市","大里區","0","0","0","7","","","50","","","","","","","","","","","","","","13","","","","","C03","","","1","","2","","","7","7","1","13","4","120.689878","24.092763","3"
"4236","66000","387130000C","(04)23274275","(04)23288582","2026","1","10","21","28","臺中市","北區","0","0","0","7","1","9","50","18","24","1","5","4","6","6","2","1","10","5","5","2","17","","","","","B03","","","1","","2","","","40","40","1","13","4","120.67169","24.171627","4"
"4237","66000","387130000C","(04)23274275","(04)23288582","2026","1","10","21","36","臺中市","太平區","0","0","0","7","","","30","","","","","","","","","","","","","","14","","","","","B03","","","1","","2","","","49","49","1","12","4","120.73102","24.152851","3"
"4238","66000","387130000C","(04)23274275","(04)23288582","2026","1","10","22","2","臺中市","南區","0","0","0","7","","","50","","","","","","","","","","","","","","","","","","","B03","","","1","","5","","","7","7","1","12","4","120.650123","24.120537","3"
"4239","66000","387130000C","(04)23274275","(04)23288582","2026","1","10","22","10","臺中市","南屯區","0","1","0","7","1","6","40","4","1","1","5","4","6","6","2","1","10","5","5","2","28","2","9","1","1","C03","7","9","1","10","2","11","","84","84","1","13","4","120.632976","24.127837","2"
"4240","66000","387130000C","(04)23274275","(04)23288582","2026","1","10","22","22","臺中市","烏日區","0","2","0","7","1","6","50","10","7","1","5","4","6","6","4","4","1","4","1","1","20","2","9","3","1","B03","7","9","1","8","2","1","","84","84","1","6","4","120.651038","24.098154","2"
"4241","66000","387130000C","(04)23274275","(04)23288582","2026","1","10","22","22","臺中市","豐原區","0","1","0","7","2","6","40","3","1","1","5","4","6","6","4","4","5","5","5","2","28","","","","","","","","","","","","","118","118","1","","","120.748613","24.254427","2"
"4242","66000","387130000C","(04)23274275","(04)23288582","2026","1","10","22","27","臺中市","東區","0","1","0","7","1","6","50","3","1","1","5","4","6","6","2","1","5","5","5","2","12","3","10","3","1","B03","7","5","1","8","2","2","","47","47","1","6","4","120.703658","24.131082","2"
"4243","66000","387130000C","(04)23274275","(04)23288582","2026","1","10","22","27","臺中市","東區","0","3","0","7","1","6","50","4","1","1","5","4","6","6","4","4","9","4","5","2","15","2","9","1","1","C03","7","9","1","10","2","14","12","20","20","1","12","4","120.688378","24.133049","2"
"4244","66000","387130000C","(04)23274275","(04)23288582","2026","1","10","22","27","臺中市","西屯區","0","0","0","7","","","50","","","","","","","","","","","","","","13","","","","","C03","","","1","","1","","","7","7","1","5","4","120.616189","24.189015","3"
"4245","66000","387130000C","(04)23274275","(04)23288582","2026","1","10","22","27","臺中市","大肚區","0","0","0","7","","","50","","","","","","","","","","","","","","","","","","","B03","","","1","","2","","","21","21","1","6","4","120.577216","24.118527","3"
"4246","66000","387130000C","(04)23274275","(04)23288582","2026","1","10","22","29","臺中市","大里區","0","2","0","7","1","6","50","4","1","1","5","4","6","6","1","1","10","5","5","1","16","3","10","3","1","B03","7","6","1","8","2","6","","11","11","1","12","4","120.689937","24.110038","2"
"4247","66000","387130000C","(04)23274275","(04)23288582","2026","1","10","22","32","臺中市","北區","0","1","0","7","1","6","40","3","1","1","5","4","6","6","4","4","5","4","4","2","16","3","10","3","1","B03","7","11","1","8","2","8","","45","45","1","13","4","120.684017","24.147977","2"
"4248","66000","387130000C","(04)23274275","(04)23288582","2026","1","10","22","34","臺中市","北屯區","0","1","0","7","1","6","50","4","1","1","5","4","6","6","2","1","10","5","5","2","16","3","10","1","1","C03","7","6","1","10","2","13","","11","11","1","12","4","120.712784","24.172893","2"
"4249","66000","387130000C","(04)23274275","(04)23288582","2026","1","10","22","37","臺中市","太平區","0","0","0","7","","","50","","","","","","","","","","","","","","16","","","","","C03","","","6","","9","","","84","84","1","12","4","120.719349","24.121005","3"
"4250","66000","387130000C","(04)23274275","(04)23288582","2026","1","10","22","38","臺中市","大里區","0","1","0","6","1","6","40","13","7","1","5","4","6","6","4","4","9","4","4","2","17","3","10","3","1","B03","7","11","1","8","2","8","","45","45","1","13","4","120.69645","24.095907","2"
"4251","66000","387130000C","(04)23274275","(04)23288582","2026","1","10","22","39","臺中市","豐原區","0","0","0","7","","","40","","","","","","","","","","","","","","12","","","","","C03","","","1","","2","","","59","59","1","13","4","120.730545","24.244257","3"
"4252","66000","387130000C","(04)23274275","(04)23288582","2026","1","10","22","40","臺中市","南屯區","0","0","0","7","","","50","","","","","","","","","","","","","","12","","","","","B02","","","1","","1","","","43","43","1","12","4","120.624334","24.149202","3"
"4253","66000","387130000C","(04)23274275","(04)23288582","2026","1","10","22","44","臺中市","沙鹿區","0","0","0","6","","","60","","","","","","","","","","","","","","","","","","","B02","","","1","","2","","","59","59","1","13","4","120.580948","24.201581","3"
"4254","66000","387130000C","(04)23274275","(04)23288582","2026","1","10","22","45","臺中市","沙鹿區","0","0","0","7","","","50","","","","","","","","","","","","","","28","","","","","B03","","","1","","2","","","87","87","1","6","4","120.569774","24.236985","3"
"4255","66000","387130000C","(04)23274275","(04)23288582","2026","1","10","23","19","臺中市","西區","0","0","0","7","","","50","","","","","","","","","","","","","","","","","","","B03","","","1","","2","","","49","49","1","6","4","120.654952","24.153139","3"
"4256","66000","387130000C","(04)23274275","(04)23288582","2026","1","10","23","21","臺中市","北屯區","0","0","0","7","","","50","","","","","","","","","","","","","","14","","","","","B03","","","1","","2","","","49","49","1","13","4","120.713657","24.177654","3"
"4257","66000","387130000C","(04)23274275","(04)23288582","2026","1","10","23","35","臺中市","西屯區","0","1","0","7","1","6","50","4","1","1","5","4","6","6","1","1","10","5","5","2","16","3","10","5","4","B03","7","5","1","8","2","2","","11","11","1","12","4","120.645505","24.192401","2"
"4258","66000","387130000C","(04)23274275","(04)23288582","2026","1","10","23","51","臺中市","西屯區","0","0","0","7","","","50","","","","","","","","","","","","","","13","","","","","B03","","","1","","1","","","7","7","1","12","4","120.642291","24.169509","3"
"4259","66000","387130000C","(04)23274275","(04)23288582","2026","1","11","0","4","臺中市","西區","0","0","0","6","","","30","","","","","","","","","","","","","","","","","","","B03","","","1","","1","","","8","8","1","12","4","120.660764","24.155636","3"
"4260","66000","387130000C","(04)23274275","(04)23288582","2026","1","11","0","49","臺中市","西屯區","0","1","0","7","1","6","50","3","1","1","5","4","6","6","4","4","10","5","5","2","18","2","9","5","4","C03","7","6","1","10","2","14","","84","84","1","12","4","120.649504","24.175249","2"
"4261","66000","387130000C","(04)23274275","(04)23288582","2026","1","11","1","11","臺中市","大雅區","0","2","0","6","1","6","70","4","2","1","5","4","6","6","1","1","1","5","5","1","13","2","9","1","1","C03","7","9","1","10","2","11","","84","84","1","13","4","120.630974","24.240348","2"
"4262","66000","387130000C","(04)23274275","(04)23288582","2026","1","11","1","26","臺中市","西屯區","0","2","0","7","1","6","50","3","1","1","5","4","6","6","4","4","10","5","5","2","16","3","10","5","4","C03","7","6","1","10","2","11","","12","12","1","12","4","120.653399","24.166257","2"
"4263","66000","387130000C","(04)23274275","(04)23288582","2026","1","11","1","46","臺中市","沙鹿區","0","1","0","6","1","6","50","13","7","1","5","4","6","6","4","4","3","3","3","1","23","2","9","5","4","B03","7","9","3","19","2","1","","82","82","1","13","4","120.569585","24.238066","2"
"4264","66000","387130000C","(04)23274275","(04)23288582","2026","1","11","2","13","臺中市","北屯區","0","2","0","7","2","6","30","4","1","1","5","4","6","6","4","4","10","5","5","2","15","2","9","5","4","C03","7","9","2","19","2","12","","15","15","1","12","4","120.701898","24.16754","2"
"4265","66000","387130000C","(04)23274275","(04)23288582","2026","1","11","3","1","臺中市","東區","0","1","0","7","1","6","50","5","1","1","5","4","6","6","2","1","10","5","5","2","17","2","9","5","4","C03","7","5","1","10","2","11","","22","22","1","13","4","120.693603","24.13305","2"
"4266","66000","387130000C","(04)23274275","(04)23288582","2026","1","11","3","2","臺中市","南屯區","0","0","0","7","","","50","","","","","","","","","","","","","","13","","","","","B03","","","1","","2","","","84","84","1","13","4","120.624234","24.15222","3"
"4267","66000","387130000C","(04)23274275","(04)23288582","2026","1","11","4","51","臺中市","西屯區","0","1","0","7","2","6","70","4","2","1","5","4","6","6","1","1","10","5","5","2","13","3","10","5","4","B03","7","9","1","8","2","1","","59","59","1","12","4","120.624807","24.178443","2"
"4268","66000","387130000C","(04)23274275","(04)23288582","2026","1","11","5","51","臺中市","東區","0","0","0","7","","","50","","","","","","","","","","","","","","","","","","","B03","","","1","","1","","","84","84","1","13","4","120.698167","24.147943","3"
"4269","66000","387130000C","(04)23274275","(04)23288582","2026","1","11","6","10","臺中市","南區","0","2","0","7","1","6","50","4","1","1","5","4","6","6","1","1","10","5","5","2","17","2","9","5","4","C03","7","6","1","10","2","13","","36","36","1","13","4","120.674262","24.130773","2"
"4270","66000","387130000C","(04)23274275","(04)23288582","2026","1","11","6","12","臺中市","南屯區","0","0","0","7","","","50","","","","","","","","","","","","","","14","","","","","B03","","","1","","1","","","49","49","2","6","4","120.643842","24.138426","3"
"4271","66000","387130000C","(04)23274275","(04)23288582","2026","1","11","6","20","臺中市","烏日區","0","1","0","7","1","6","50","4","1","1","5","4","6","6","4","4","10","5","5","2","15","3","10","3","1","B03","7","9","1","8","2","1","","15","15","1","6","4","120.612602","24.108646","2"
"4272","66000","387130000C","(04)23274275","(04)23288582","2026","1","11","6","26","臺中市","烏日區","0","0","0","7","","","50","","","","","","","","","","","","","","","","","","","B03","","","1","","2","","","84","84","1","6","4","120.604471","24.105799","3"
"4273","66000","387130000C","(04)23274275","(04)23288582","2026","1","11","6","30","臺中市","烏日區","0","0","0","7","","","30","","","","","","","","","","","","","","17","","","","","B03","","","1","","9","","","84","84","2","6","4","120.6391","24.107314","3"
"4274","66000","387130000C","(04)23274275","(04)23288582","2026","1","11","6","34","臺中市","西屯區","0","0","0","7","","3","80","","","","","","","","","","","","","","12","","","","","B03","","","1","","1","","","40","40","1","12","4","120.630275","24.165595","3"
"4275","66000","387130000C","(04)23274275","(04)23288582","2026","1","11","6","40","臺中市","大雅區","0","2","0","7","3","6","50","3","7","1","5","4","6","6","1","1","9","4","4","1","13","2","8","2","1","C03","7","9","1","10","2","11","","7","7","1","13","4","120.640905","24.219201","2"
"4276","66000","387130000C","(04)23274275","(04)23288582","2026","1","11","6","55","臺中市","清水區","0","1","0","7","3","6","30","3","1","1","5","4","6","6","4","4","10","5","5","1","16","3","10","3","1","B03","7","6","1","8","2","3","","14","14","1","12","4","120.590402","24.316297","2"
"4277","66000","387130000C","(04)23274275","(04)23288582","2026","1","11","7","9","臺中市","北屯區","0","2","0","7","3","6","50","4","1","1","5","4","6","6","4","4","10","5","5","2","15","3","10","3","1","B03","7","9","1","8","2","5","","12","12","1","6","4","120.741104","24.179782","2"
"4278","66000","387130000C","(04)23274275","(04)23288582","2026","1","11","7","30","臺中市","大里區","0","0","0","7","","","","","","","","","","","","","","","","","18","","","","","","","","","","","","","119","119","1","","","120.69996","24.095241","3"
"4279","66000","387130000C","(04)23274275","(04)23288582","2026","1","11","7","36","臺中市","太平區","0","0","0","7","","","30","","","","","","","","","","","","","","35","","","","","B03","","","1","","2","","","59","59","1","12","4","120.723487","24.129456","3"
"4280","66000","387130000C","(04)23274275","(04)23288582","2026","1","11","7","50","臺中市","北屯區","0","1","0","7","3","6","50","3","1","1","5","4","6","6","1","1","10","5","5","2","15","3","10","3","1","B12","7","9","1","8","2","4","","21","21","1","6","4","120.733272","24.166719","2"
"4281","66000","387130000C","(04)23274275","(04)23288582","2026","1","11","7","52","臺中市","潭子區","0","1","0","7","3","9","60","5","2","1","5","4","6","6","1","1","1","4","5","1","18","2","9","1","1","C03","7","14","1","10","2","12","","84","84","1","13","4","120.703495","24.200634","2"
"4282","66000","387130000C","(04)23274275","(04)23288582","2026","1","11","7","56","臺中市","西區","0","2","0","7","2","6","40","4","1","1","5","4","6","6","1","1","10","5","5","2","16","2","9","2","1","C03","7","6","1","10","2","11","","48","48","1","12","4","120.667104","24.136545","2"
"4283","66000","387130000C","(04)23274275","(04)23288582","2026","1","11","8","4","臺中市","大雅區","0","0","0","7","","","50","","","","","","","","","","","","","","","","","","","C03","","","1","","2","","","8","8","1","13","4","120.648858","24.240533","3"
"4284","66000","387130000C","(04)23274275","(04)23288582","2026","1","11","8","5","臺中市","西屯區","0","2","0","7","2","6","50","4","1","1","5","4","6","6","1","1","10","5","5","2","16","2","9","1","1","C03","7","6","1","10","2","13","","11","11","1","13","4","120.589807","24.173296","2"
"4285","66000","387130000C","(04)23274275","(04)23288582","2026","1","11","8","8","臺中市","東勢區","0","2","0","7","2","6","50","13","7","1","5","4","6","6","4","4","5","5","4","2","17","2","9","2","1","C03","7","9","1","10","2","11","","84","84","1","12","4","120.832177","24.246109","2"
"4286","66000","387130000C","(04)23274275","(04)23288582","2026","1","11","8","12","臺中市","大甲區","0","1","0","7","2","6","50","13","9","1","5","4","6","6","4","4","6","3","5","1","12","3","10","3","1","B03","7","4","1","8","2","2","","1","1","1","12","4","120.637679","24.347164","2"
"4287","66000","387130000C","(04)23274275","(04)23288582","2026","1","11","8","15","臺中市","東區","0","2","0","7","2","6","30","3","1","1","5","4","6","6","4","4","10","5","5","2","16","3","10","3","1","B03","7","6","1","8","2","4","","12","12","1","13","4","120.702185","24.138391","2"
"4288","66000","387130000C","(04)23274275","(04)23288582","2026","1","11","8","17","臺中市","西屯區","0","1","0","7","2","6","60","13","7","1","5","2","6","6","4","4","1","3","1","2","18","2","9","5","4","C03","7","9","1","10","2","14","","59","59","1","12","4","120.635333","24.203989","2"
"4289","66000","387130000C","(04)23274275","(04)23288582","2026","1","11","8","24","臺中市","西區","0","1","0","6","2","6","50","13","14","1","5","4","6","6","4","4","5","2","5","2","17","2","9","1","1","C03","7","9","1","10","1","11","","84","84","2","12","4","120.674595","24.138114","2"
"4290","66000","387130000C","(04)23274275","(04)23288582","2026","1","11","8","28","臺中市","太平區","0","2","0","7","2","6","50","13","9","1","5","4","6","6","4","4","5","5","5","1","16","2","9","2","1","C03","7","6","1","10","2","14","","39","39","1","12","4","120.724457","24.141992","2"
"4291","66000","387130000C","(04)23274275","(04)23288582","2026","1","11","8","33","臺中市","豐原區","0","0","0","7","3","6","40","13","9","1","5","4","6","6","2","1","9","1","5","1","13","3","10","5","4","B03","7","9","1","8","2","1","1","83","83","1","13","4","120.72965","24.243712","3"
"4292","66000","387130000C","(04)23274275","(04)23288582","2026","1","11","8","34","臺中市","沙鹿區","0","2","0","7","2","6","50","3","1","1","5","4","6","6","1","1","3","4","4","2","17","2","9","1","1","C03","7","1","1","10","2","14","","51","51","1","13","4","120.570946","24.215951","2"
"4293","66000","387130000C","(04)23274275","(04)23288582","2026","1","11","8","37","臺中市","太平區","0","0","0","7","","","50","","","","","","","","","","","","","","","","","","","B03","","","1","","2","","","59","59","1","12","4","120.715996","24.124709","3"
"4294","66000","387130000C","(04)23274275","(04)23288582","2026","1","11","8","49","臺中市","南區","0","1","0","7","1","6","50","4","1","1","5","4","6","6","1","1","10","5","5","2","13","2","9","5","4","C03","7","9","1","8","2","11","","84","84","1","12","4","120.650286","24.11581","2"
"4295","66000","387130000C","(04)23274275","(04)23288582","2026","1","11","8","55","臺中市","東區","0","2","0","6","2","6","50","13","8","1","5","4","6","6","4","4","1","3","4","2","17","3","10","3","1","B03","7","3","1","8","2","5","","50","50","1","12","4","120.694443","24.148815","2"
"4296","66000","387130000C","(04)23274275","(04)23288582","2026","1","11","9","0","臺中市","東區","0","2","0","7","2","6","50","14","24","1","5","4","6","6","4","4","10","5","5","2","17","2","9","1","1","C03","7","15","1","10","2","14","","18","18","1","12","4","120.69535","24.151041","2"
"4297","66000","387130000C","(04)23274275","(04)23288582","2026","1","11","9","0","臺中市","北屯區","0","2","0","7","2","6","50","4","1","1","5","4","6","6","2","1","10","5","5","2","16","2","9","1","1","C03","7","6","1","10","2","11","","48","48","1","12","4","120.699981","24.167617","2"
"4298","66000","387130000C","(04)23274275","(04)23288582","2026","1","11","9","0","臺中市","大肚區","0","1","0","7","2","6","30","13","9","3","5","4","6","6","4","4","10","5","5","2","18","2","9","1","1","C03","7","9","1","10","2","14","","84","84","1","6","4","120.53589","24.169376","2"
"4299","66000","387130000C","(04)23274275","(04)23288582","2026","1","11","9","3","臺中市","北區","0","0","0","7","3","6","50","18","24","1","5","4","6","6","4","4","10","5","5","2","17","","","","","B12","","","1","","2","","","7","7","1","13","4","120.679736","24.152052","3"
"4300","66000","387130000C","(04)23274275","(04)23288582","2026","1","11","9","11","臺中市","南屯區","0","0","0","7","","","50","","","","","","","","","","","","","","13","","","","","B03","","","1","","1","","","50","50","1","12","4","120.648332","24.137109","3"
"4301","66000","387130000C","(04)23274275","(04)23288582","2026","1","11","9","11","臺中市","北屯區","0","1","0","7","2","6","50","4","19","1","5","4","6","6","2","1","10","5","5","2","3","3","10","3","1","B03","7","6","1","8","2","8","","10","10","1","6","4","120.692028","24.182608","2"
"4302","66000","387130000C","(04)23274275","(04)23288582","2026","1","11","9","22","臺中市","潭子區","0","0","0","7","","","50","","","","","","","","","","","","","","","","","","","B03","","","1","","2","","","84","84","1","13","4","120.703072","24.200807","3"
"4303","66000","387130000C","(04)23274275","(04)23288582","2026","1","11","9","29","臺中市","東區","0","0","0","7","","","50","","","","","","","","","","","","","","17","","","","","B01","","","1","","1","","","85","85","1","12","4","120.686694","24.136655","4"
"4304","66000","387130000C","(04)23274275","(04)23288582","2026","1","11","9","31","臺中市","北屯區","0","0","0","7","","","50","","","","","","","","","","","","","","","","","","","C03","","","1","","9","","","84","84","2","13","4","120.725471","24.161758","3"
"4305","66000","387130000C","(04)23274275","(04)23288582","2026","1","11","9","33","臺中市","西屯區","0","0","0","7","","","50","","","","","","","","","","","","","","13","","","","","C03","","","1","","1","","","7","7","1","12","4","120.618374","24.183451","3"
"4306","66000","387130000C","(04)23274275","(04)23288582","2026","1","11","9","35","臺中市","和平區","0","0","0","7","3","6","30","12","9","1","5","4","6","6","4","4","10","5","5","2","11","","","","","B03","","","1","","2","","","85","85","1","12","5","120.978277","24.174493","3"
"4307","66000","387130000C","(04)23274275","(04)23288582","2026","1","11","9","40","臺中市","太平區","0","1","0","7","2","6","30","4","1","1","5","4","6","6","4","4","10","5","5","2","15","2","9","2","1","C03","7","9","1","10","2","11","","12","12","1","12","4","120.721543","24.118712","2"
"4308","66000","387130000C","(04)23274275","(04)23288582","2026","1","11","9","45","臺中市","北屯區","0","1","0","7","1","6","50","13","9","1","5","4","6","6","4","4","3","4","5","2","13","3","10","3","1","B03","7","9","1","8","2","1","","84","84","1","13","4","120.731345","24.177023","2"
"4309","66000","387130000C","(04)23274275","(04)23288582","2026","1","11","9","49","臺中市","南屯區","0","1","0","7","2","6","50","4","1","1","5","4","6","6","2","1","1","5","5","2","16","3","10","1","1","C03","7","5","1","10","2","12","","47","47","1","6","4","120.646285","24.134825","2"
"4310","66000","387130000C","(04)23274275","(04)23288582","2026","1","11","9","52","臺中市","北區","0","1","0","7","2","6","50","13","9","1","5","4","6","6","4","4","5","5","5","2","9","3","10","5","4","C03","7","9","1","10","2","11","","84","84","1","13","4","120.678827","24.153461","2"
"4311","66000","387130000C","(04)23274275","(04)23288582","2026","1","11","9","53","臺中市","北屯區","0","1","0","7","3","6","50","4","1","1","5","4","6","6","4","4","10","5","5","2","15","3","10","3","1","B02","7","9","1","8","2","8","","13","13","1","6","4","120.7225","24.170341","2"
"4312","66000","387130000C","(04)23274275","(04)23288582","2026","1","11","9","55","臺中市","梧棲區","0","2","0","7","3","6","50","3","1","1","5","4","6","6","4","4","10","5","5","2","16","2","9","1","1","C03","7","6","1","10","2","11","","14","14","1","6","4","120.532978","24.252129","2"
"4313","66000","387130000C","(04)23274275","(04)23288582","2026","1","11","9","56","臺中市","西屯區","0","1","0","7","2","6","50","4","1","1","5","4","6","6","1","1","10","5","5","2","12","3","10","5","4","C03","7","8","1","10","2","14","","40","40","1","12","4","120.647153","24.16873","2"