序號,縣市別代碼,機關代碼,市話,傳真,年,月,日,時,分,縣市,區,死亡數量,受傷數量,2-30,天候,道路照明設備,道路類別,道路速限,道路型態,事故位置,路面鋪裝,路面狀態,路面缺陷,障礙物,視距,號誌種類,號誌動作,分向設施,快車道或一般車道間,快慢車道間,路面邊線,事故類型及型態,受傷程度,主要傷處,保護裝備,行動電話或功能裝置,當事者區分(類別),車輛用途,當事者行動狀態,駕照狀態,駕照種類,飲酒情形,車輛撞擊部位最初,車輛撞擊部位其他,肇事因素個別,肇事因素主要,肇事逃逸,職業,共享經濟或外送平台,GPS座標X,GPS座標Y,事故類別
"4314","66000","387130000C","(04)23274275","(04)23288582","2026","1","11","9","57","臺中市","南屯區","0","1","0","7","2","6","50","13","9","1","5","4","6","6","4","4","9","4","5","2","12","3","10","1","1","C03","7","1","3","19","1","14","","39","39","1","12","4","120.626662","24.115424","2"
"4315","66000","387130000C","(04)23274275","(04)23288582","2026","1","11","9","58","臺中市","大甲區","0","0","0","7","","","60","","","","","","","","","","","","","","","","","","","B03","","","1","","1","","","82","82","1","6","4","120.629706","24.359427","3"
"4316","66000","387130000C","(04)23274275","(04)23288582","2026","1","11","9","59","臺中市","太平區","0","1","0","7","2","6","50","4","1","1","5","4","6","6","1","1","10","5","5","2","17","2","9","3","1","B03","7","6","1","8","2","1","","25","25","1","12","4","120.717475","24.156875","2"
"4317","66000","387130000C","(04)23274275","(04)23288582","2026","1","11","10","7","臺中市","清水區","0","1","0","7","3","6","0","18","21","4","5","4","6","6","4","4","10","5","5","2","18","2","7","6","1","F01","7","9","7","21","1","14","","59","59","1","3","4","120.560201","24.268344","2"
"4318","66000","387130000C","(04)23274275","(04)23288582","2026","1","11","10","9","臺中市","太平區","0","1","0","7","2","6","50","3","4","1","5","4","6","6","1","1","10","5","5","2","13","3","10","1","1","C03","7","9","1","10","2","12","","7","7","1","12","4","120.707267","24.129122","2"
"4319","66000","387130000C","(04)23274275","(04)23288582","2026","1","11","10","13","臺中市","霧峰區","0","0","0","7","2","6","60","13","9","1","5","4","6","6","1","1","1","4","5","1","13","","","","","B03","","","1","","2","","","82","82","1","12","4","120.69968","24.073448","3"
"4320","66000","387130000C","(04)23274275","(04)23288582","2026","1","11","10","15","臺中市","梧棲區","0","0","0","7","","","50","","","","","","","","","","","","","","14","","","","","B03","","","1","","2","","","49","49","1","6","4","120.52959","24.253368","3"
"4321","66000","387130000C","(04)23274275","(04)23288582","2026","1","11","10","24","臺中市","北區","0","0","0","7","","","50","","","","","","","","","","","","","","17","","","","","C03","","","1","","2","","","59","59","1","13","4","120.684848","24.166497","3"
"4322","66000","387130000C","(04)23274275","(04)23288582","2026","1","11","10","28","臺中市","西區","0","2","0","7","2","6","50","3","1","1","5","4","6","6","1","1","10","5","5","2","17","3","10","3","1","B01","7","15","1","4","2","2","","40","40","1","13","4","120.664103","24.140049","2"
"4323","66000","387130000C","(04)23274275","(04)23288582","2026","1","11","10","28","臺中市","南屯區","0","1","0","7","2","6","50","11","9","1","5","4","6","6","4","4","1","4","5","2","14","3","10","3","1","B03","7","2","1","8","2","7","","49","49","1","12","4","120.614391","24.153709","2"
"4324","66000","387130000C","(04)23274275","(04)23288582","2026","1","11","10","43","臺中市","西區","0","1","0","7","2","6","50","4","2","1","5","4","6","6","1","1","1","4","5","2","17","2","9","1","1","C03","7","9","1","10","2","14","","26","26","1","12","4","120.669743","24.143933","2"
"4325","66000","387130000C","(04)23274275","(04)23288582","2026","1","11","10","46","臺中市","太平區","0","0","0","7","","","50","","","","","","","","","","","","","","17","","","","","C03","","","1","","2","","","84","84","1","12","4","120.735848","24.133496","3"
"4326","66000","387130000C","(04)23274275","(04)23288582","2026","1","11","10","46","臺中市","豐原區","0","1","0","7","2","6","30","13","9","1","5","4","3","6","4","4","10","5","5","1","16","3","10","5","4","B03","7","1","1","8","2","1","","51","51","1","13","4","120.749778","24.265903","2"
"4327","66000","387130000C","(04)23274275","(04)23288582","2026","1","11","10","47","臺中市","大雅區","0","1","0","7","3","6","50","13","9","1","5","4","6","6","4","4","10","4","5","1","3","3","10","3","1","B12","7","9","1","8","2","1","","6","6","1","13","4","120.626408","24.237847","2"
"4328","66000","387130000C","(04)23274275","(04)23288582","2026","1","11","10","49","臺中市","北屯區","0","1","0","7","3","6","50","4","1","1","5","4","6","6","1","1","10","5","5","2","17","3","10","3","1","B03","7","9","1","8","2","5","","7","7","1","6","4","120.705646","24.164669","2"
"4329","66000","387130000C","(04)23274275","(04)23288582","2026","1","11","10","52","臺中市","西區","0","1","0","7","2","6","50","4","1","1","5","4","6","6","4","4","10","5","5","2","18","2","9","1","1","C03","7","5","1","10","2","12","","84","84","1","13","4","120.657814","24.152479","2"
"4330","66000","387130000C","(04)23274275","(04)23288582","2026","1","11","10","52","臺中市","北屯區","0","0","0","7","","","1","","","","","","","","","","","","","","14","","","","","B12","","","1","","2","","","49","49","1","6","4","120.691478","24.177039","4"
"4331","66000","387130000C","(04)23274275","(04)23288582","2026","1","11","10","52","臺中市","大肚區","0","0","0","7","","","70","","","","","","","","","","","","","","","","","","","B03","","","1","","1","","","7","7","1","6","4","120.553492","24.134821","3"
"4332","66000","387130000C","(04)23274275","(04)23288582","2026","1","11","10","53","臺中市","后里區","0","1","0","7","2","6","60","13","9","1","5","4","6","6","4","4","1","4","5","1","12","3","10","3","1","B03","7","9","1","8","1","2","","8","8","2","12","4","120.722679","24.284808","2"
"4333","66000","387130000C","(04)23274275","(04)23288582","2026","1","11","10","53","臺中市","和平區","0","0","0","7","","","30","","","","","","","","","","","","","","12","","","","","A12","","","1","","2","","","43","43","1","13","4","121.265155","24.275251","3"
"4334","66000","387130000C","(04)23274275","(04)23288582","2026","1","11","10","55","臺中市","南屯區","0","4","0","7","2","6","50","4","2","1","5","4","6","6","2","1","1","2","5","2","13","3","10","3","1","B03","7","9","1","8","2","1","","5","5","1","6","4","120.623848","24.152547","2"
"4335","66000","387130000C","(04)23274275","(04)23288582","2026","1","11","10","55","臺中市","南屯區","0","0","0","7","","","50","","","","","","","","","","","","","","14","","","","","B03","","","1","","1","","","49","49","1","12","4","120.615398","24.150248","3"
"4336","66000","387130000C","(04)23274275","(04)23288582","2026","1","11","10","57","臺中市","南屯區","0","0","0","7","","","50","","","","","","","","","","","","","","13","","","","","B03","","","1","","2","","","50","50","1","12","4","120.643155","24.146787","3"
"4337","66000","387130000C","(04)23274275","(04)23288582","2026","1","11","11","0","臺中市","大雅區","0","0","0","7","","","50","","","","","","","","","","","","","","13","","","","","B02","","","1","","1","","","7","7","1","12","4","120.65356","24.222341","3"
"4338","66000","387130000C","(04)23274275","(04)23288582","2026","1","11","11","0","臺中市","潭子區","0","0","0","7","","","0","","","","","","","","","","","","","","","","","","","C03","","","3","","9","","","78","78","1","13","4","120.707604","24.20687","3"
"4339","66000","387130000C","(04)23274275","(04)23288582","2026","1","11","11","0","臺中市","東區","0","1","0","7","2","6","50","13","8","1","5","4","6","6","4","4","5","5","4","2","18","2","9","2","1","C03","7","9","1","10","2","14","","84","84","1","13","4","120.699236","24.145801","2"
"4340","66000","387130000C","(04)23274275","(04)23288582","2026","1","11","11","0","臺中市","南屯區","0","0","0","7","","","50","","","","","","","","","","","","","","","","","","","B03","","","1","","1","","","49","49","1","6","4","120.637157","24.148765","3"
"4341","66000","387130000C","(04)23274275","(04)23288582","2026","1","11","11","5","臺中市","豐原區","0","1","0","7","2","6","30","13","9","5","5","4","6","6","4","4","10","5","5","2","17","3","10","3","1","B03","7","2","1","8","2","3","","49","49","1","13","4","120.723507","24.237403","2"
"4342","66000","387130000C","(04)23274275","(04)23288582","2026","1","11","11","8","臺中市","太平區","0","1","0","7","2","6","50","3","1","1","5","4","6","6","4","4","10","5","5","2","13","2","9","1","1","C03","7","9","1","10","2","11","","7","7","1","12","4","120.702929","24.155233","2"
"4343","66000","387130000C","(04)23274275","(04)23288582","2026","1","11","11","12","臺中市","大里區","0","1","0","7","3","6","50","5","2","1","5","4","6","6","2","1","5","4","4","1","17","3","10","5","4","C03","7","1","1","10","2","16","","51","51","1","13","4","120.690155","24.113107","2"
"4344","66000","387130000C","(04)23274275","(04)23288582","2026","1","11","11","15","臺中市","清水區","0","0","0","7","","","50","","","","","","","","","","","","","","17","","","","","B03","","","1","","2","","","50","50","1","12","4","120.57679","24.266696","3"
"4345","66000","387130000C","(04)23274275","(04)23288582","2026","1","11","11","16","臺中市","大里區","0","2","0","7","3","6","50","4","1","1","5","4","6","6","1","1","10","5","5","2","13","3","10","1","1","C03","7","9","1","10","2","15","","8","8","1","12","4","120.689465","24.118305","2"
"4346","66000","387130000C","(04)23274275","(04)23288582","2026","1","11","11","17","臺中市","沙鹿區","0","0","0","7","","","50","","","","","","","","","","","","","","","","","","","B03","","","1","","1","","","7","7","1","13","4","120.601655","24.258366","3"
"4347","66000","387130000C","(04)23274275","(04)23288582","2026","1","11","11","17","臺中市","豐原區","0","1","0","7","2","6","50","13","9","1","5","4","6","6","4","4","5","5","5","1","17","2","8","1","1","C03","7","11","1","10","2","12","","39","39","1","13","4","120.715352","24.248694","2"
"4348","66000","387130000C","(04)23274275","(04)23288582","2026","1","11","11","20","臺中市","大肚區","0","0","0","7","","","50","","","","","","","","","","","","","","","","","","","B12","","","1","","2","","","49","49","1","6","4","120.545601","24.151865","3"
"4349","66000","387130000C","(04)23274275","(04)23288582","2026","1","11","11","22","臺中市","西屯區","0","1","0","7","2","6","50","13","9","1","5","4","6","6","4","4","5","5","5","2","17","2","9","5","4","C03","7","9","1","10","2","11","","54","54","1","13","4","120.659319","24.165847","2"
"4350","66000","387130000C","(04)23274275","(04)23288582","2026","1","11","11","22","臺中市","沙鹿區","0","1","0","7","2","6","30","4","1","1","5","4","6","6","4","4","10","5","5","2","15","2","9","1","1","C03","7","9","1","10","2","11","","12","12","1","13","4","120.565136","24.250441","2"
"4351","66000","387130000C","(04)23274275","(04)23288582","2026","1","11","11","28","臺中市","北區","0","0","0","7","3","6","50","18","24","1","5","4","6","6","4","4","9","5","5","2","17","","","","","B03","","","1","","1","","","49","49","1","13","4","120.675798","24.153914","3"
"4352","66000","387130000C","(04)23274275","(04)23288582","2026","1","11","11","28","臺中市","沙鹿區","0","0","0","7","","","50","","","","","","","","","","","","","","17","","","","","B03","","","1","","2","","","82","82","1","12","4","120.578782","24.219598","3"
"4353","66000","387130000C","(04)23274275","(04)23288582","2026","1","11","11","30","臺中市","南區","0","0","0","7","","","50","","","","","","","","","","","","","","","","","","","B03","","","1","","2","","","7","7","1","12","4","120.650159","24.111728","3"
"4354","66000","387130000C","(04)23274275","(04)23288582","2026","1","11","11","30","臺中市","北屯區","0","1","0","7","2","6","50","3","1","1","5","4","6","6","2","1","10","5","5","2","13","3","10","3","1","B03","7","1","1","8","2","1","","59","59","1","6","4","120.696869","24.174193","2"
"4355","66000","387130000C","(04)23274275","(04)23288582","2026","1","11","11","31","臺中市","霧峰區","0","2","0","7","2","6","50","4","1","1","5","4","6","6","1","1","10","5","5","2","15","2","9","2","1","C03","7","9","1","10","2","11","","84","84","1","6","4","120.693281","24.058776","2"
"4356","66000","387130000C","(04)23274275","(04)23288582","2026","1","11","11","37","臺中市","東區","0","0","0","7","","","50","","","","","","","","","","","","","","13","","","","","B03","","","1","","1","","","7","7","1","13","4","120.702063","24.142703","3"
"4357","66000","387130000C","(04)23274275","(04)23288582","2026","1","11","11","40","臺中市","北屯區","0","0","0","7","","","50","","","","","","","","","","","","","","","","","","","B03","","","1","","1","","","40","40","1","13","4","120.717466","24.163736","3"
"4358","66000","387130000C","(04)23274275","(04)23288582","2026","1","11","11","51","臺中市","南屯區","0","0","0","7","","","50","","","","","","","","","","","","","","13","","","","","B03","","","1","","1","","","7","7","1","12","4","120.648658","24.150778","3"
"4359","66000","387130000C","(04)23274275","(04)23288582","2026","1","11","11","55","臺中市","北區","0","1","0","7","2","6","50","4","1","1","5","4","6","6","1","1","10","5","5","2","16","3","10","5","4","B03","7","6","1","8","2","1","","11","11","1","13","4","120.673335","24.171569","2"
"4360","66000","387130000C","(04)23274275","(04)23288582","2026","1","11","11","57","臺中市","豐原區","0","1","0","7","2","6","30","12","9","1","5","4","6","6","4","4","10","5","5","2","11","2","9","5","4","F01","7","9","7","21","2","11","","20","20","1","13","4","120.750579","24.256819","2"
"4361","66000","387130000C","(04)23274275","(04)23288582","2026","1","11","12","4","臺中市","和平區","1","0","0","7","2","6","25","13","9","1","5","4","6","6","4","4","5","2","5","1","22","1","1","1","1","C03","7","15","1","10","2","15","","84","84","1","7","4","120.935998","24.271845","1"
"4362","66000","387130000C","(04)23274275","(04)23288582","2026","1","11","12","8","臺中市","東區","0","2","0","7","2","6","50","13","9","1","5","4","6","6","2","1","9","5","5","2","13","3","10","3","1","B12","7","9","1","8","2","1","","84","84","1","12","4","120.697685","24.136994","2"
"4363","66000","387130000C","(04)23274275","(04)23288582","2026","1","11","12","12","臺中市","石岡區","0","0","0","7","","","50","","","","","","","","","","","","","","","","","","","B03","","","1","","2","","","84","84","1","13","4","120.766886","24.278322","3"
"4364","66000","387130000C","(04)23274275","(04)23288582","2026","1","11","12","17","臺中市","沙鹿區","0","1","0","7","3","6","50","4","1","1","5","4","6","6","4","4","10","5","5","2","16","2","9","1","1","C03","7","6","1","10","2","14","","85","85","1","12","4","120.566297","24.216479","2"
"4365","66000","387130000C","(04)23274275","(04)23288582","2026","1","11","12","18","臺中市","南屯區","0","1","0","7","2","6","50","4","1","1","5","4","6","6","2","1","5","4","5","2","17","2","9","1","1","F01","7","6","7","21","2","12","","23","23","1","12","1","120.640818","24.146906","2"
"4366","66000","387130000C","(04)23274275","(04)23288582","2026","1","11","12","20","臺中市","北屯區","0","0","0","7","","","30","","","","","","","","","","","","","","11","","","","","B12","","","5","","1","","","73","73","1","6","4","120.786953","24.201791","3"
"4367","66000","387130000C","(04)23274275","(04)23288582","2026","1","11","12","20","臺中市","西屯區","0","1","0","7","2","6","50","13","9","1","5","4","6","6","1","1","5","5","5","2","13","3","10","5","4","B03","7","9","1","8","2","5","","59","59","1","12","4","120.62078","24.175598","2"
"4368","66000","387130000C","(04)23274275","(04)23288582","2026","1","11","12","21","臺中市","大肚區","0","2","0","7","2","6","50","11","9","1","5","4","6","6","4","4","4","4","5","2","21","2","9","1","1","C03","7","9","1","10","2","11","","84","84","1","6","4","120.554172","24.150406","2"
"4369","66000","387130000C","(04)23274275","(04)23288582","2026","1","11","12","25","臺中市","霧峰區","0","1","0","7","2","6","50","3","7","1","5","4","6","6","4","4","5","4","4","1","16","3","10","3","1","B03","7","11","1","8","2","4","","14","14","1","12","4","120.699354","24.070324","2"
"4370","66000","387130000C","(04)23274275","(04)23288582","2026","1","11","12","31","臺中市","大雅區","0","0","0","7","","","30","","","","","","","","","","","","","","","","","","","B03","","","1","","2","","","49","49","1","13","4","120.622242","24.225389","3"
"4371","66000","387130000C","(04)23274275","(04)23288582","2026","1","11","12","32","臺中市","南屯區","0","1","0","7","3","6","50","3","1","1","5","4","6","6","2","1","10","5","5","2","16","3","10","3","1","B03","7","5","1","8","1","2","","11","11","2","6","4","120.614023","24.139191","2"
"4372","66000","387130000C","(04)23274275","(04)23288582","2026","1","11","12","35","臺中市","龍井區","0","0","0","7","","","50","","","","","","","","","","","","","","","","","","","B03","","","1","","1","","","7","7","1","12","4","120.584005","24.182112","4"
"4373","66000","387130000C","(04)23274275","(04)23288582","2026","1","11","12","36","臺中市","西屯區","0","2","0","7","2","6","50","4","1","1","5","4","6","6","1","1","5","4","4","2","13","2","7","2","1","C03","7","6","1","10","2","11","","7","7","1","12","4","120.645053","24.178876","2"
"4374","66000","387130000C","(04)23274275","(04)23288582","2026","1","11","12","40","臺中市","南屯區","0","1","0","7","2","6","50","4","1","1","5","4","6","6","4","4","5","5","5","2","15","2","8","1","1","C03","7","9","1","10","2","14","","12","12","1","6","4","120.65101","24.137877","2"
"4375","66000","387130000C","(04)23274275","(04)23288582","2026","1","11","12","41","臺中市","太平區","0","1","0","7","2","6","30","13","9","1","5","4","6","6","4","4","4","5","5","1","16","3","10","1","1","C03","7","11","1","10","2","14","","45","45","1","12","4","120.813718","24.093612","2"
"4376","66000","387130000C","(04)23274275","(04)23288582","2026","1","11","12","43","臺中市","太平區","0","0","0","7","","","50","","","","","","","","","","","","","","13","","","","","C03","","","1","","2","","","84","84","1","12","2","120.718241","24.116862","3"
"4377","66000","387130000C","(04)23274275","(04)23288582","2026","1","11","12","45","臺中市","西屯區","0","0","0","7","","","40","","","","","","","","","","","","","","13","","","","","B03","","","1","","2","","","51","51","1","12","4","120.663615","24.165342","3"
"4378","66000","387130000C","(04)23274275","(04)23288582","2026","1","11","12","48","臺中市","烏日區","0","1","0","7","1","6","30","13","9","1","5","4","6","6","1","1","1","2","5","2","12","3","10","3","1","A04","7","9","1","1","2","1","","7","7","1","6","4","120.615345","24.11021","2"
"4379","66000","387130000C","(04)23274275","(04)23288582","2026","1","11","12","49","臺中市","大甲區","0","0","0","7","","","50","","","","","","","","","","","","","","13","","","","","B03","","","1","","1","","","7","7","1","6","4","120.618009","24.348949","3"
"4380","66000","387130000C","(04)23274275","(04)23288582","2026","1","11","12","50","臺中市","南屯區","0","1","0","7","2","6","50","4","1","1","5","4","6","6","1","1","9","4","5","2","12","3","10","3","1","B03","7","1","1","8","2","8","","51","51","1","12","4","120.653216","24.141027","2"
"4381","66000","387130000C","(04)23274275","(04)23288582","2026","1","11","12","53","臺中市","大里區","0","1","0","7","3","6","50","3","2","1","5","4","6","6","4","4","5","4","5","1","16","3","10","5","4","B03","7","6","1","8","2","4","","84","84","1","13","4","120.679287","24.107122","2"
"4382","66000","387130000C","(04)23274275","(04)23288582","2026","1","11","12","54","臺中市","大里區","0","1","0","7","2","6","30","4","1","1","5","4","6","1","4","4","10","5","5","2","15","2","9","5","4","F03","7","9","7","21","2","12","","15","15","1","12","4","120.70615","24.084111","2"
"4383","66000","387130000C","(04)23274275","(04)23288582","2026","1","11","13","1","臺中市","太平區","0","0","0","7","","","50","","","","","","","","","","","","","","","","","","","B03","","","1","","2","","","20","20","1","12","4","120.714601","24.135748","3"
"4384","66000","387130000C","(04)23274275","(04)23288582","2026","1","11","13","2","臺中市","大雅區","0","1","0","7","1","6","60","4","1","1","5","4","6","6","1","1","10","5","5","2","18","2","9","2","1","C03","7","9","3","19","2","14","","84","84","1","12","4","120.64931","24.216404","2"
"4385","66000","387130000C","(04)23274275","(04)23288582","2026","1","11","13","5","臺中市","北區","0","3","0","7","2","6","50","13","9","1","5","4","6","6","3","1","1","3","5","2","13","2","9","2","1","C03","7","9","1","10","2","11","","7","7","1","13","4","120.6679","24.156804","2"
"4386","66000","387130000C","(04)23274275","(04)23288582","2026","1","11","13","7","臺中市","大甲區","0","1","0","7","2","6","50","13","9","1","5","4","6","6","4","4","6","3","5","1","12","3","10","3","1","B03","7","1","1","8","2","8","","51","51","1","12","4","120.627697","24.345897","2"
"4387","66000","387130000C","(04)23274275","(04)23288582","2026","1","11","13","10","臺中市","北屯區","0","0","0","7","","","50","","","","","","","","","","","","","","12","","","","","B03","","","1","","2","","","84","84","1","6","4","120.726442","24.159514","3"
"4388","66000","387130000C","(04)23274275","(04)23288582","2026","1","11","13","10","臺中市","大里區","0","3","0","7","3","6","50","3","1","1","5","4","6","6","3","1","10","5","5","2","16","2","9","1","1","C03","7","6","1","10","2","14","","48","48","1","12","4","120.682829","24.110093","2"
"4389","66000","387130000C","(04)23274275","(04)23288582","2026","1","11","13","14","臺中市","大里區","0","1","0","7","3","6","50","4","1","1","5","4","6","6","4","4","5","4","5","2","15","3","10","5","4","C03","7","9","1","10","2","11","","12","12","1","13","2","120.699945","24.108974","2"
"4390","66000","387130000C","(04)23274275","(04)23288582","2026","1","11","13","14","臺中市","神岡區","0","1","0","7","2","6","50","13","9","1","5","4","6","6","4","4","9","4","4","2","16","3","10","5","4","B03","7","5","1","8","2","6","","59","59","1","12","4","120.678439","24.249464","2"
"4391","66000","387130000C","(04)23274275","(04)23288582","2026","1","11","13","15","臺中市","南區","0","3","0","7","2","6","30","4","1","1","5","4","6","6","4","4","10","5","5","2","15","2","9","2","1","C03","7","9","1","10","2","11","","15","15","1","13","4","120.674769","24.124818","2"
"4392","66000","387130000C","(04)23274275","(04)23288582","2026","1","11","13","16","臺中市","東區","0","0","0","7","","","50","","","","","","","","","","","","","","14","","","","","B03","","","1","","1","","","49","49","1","13","4","120.6878","24.138152","4"
"4393","66000","387130000C","(04)23274275","(04)23288582","2026","1","11","13","20","臺中市","大里區","0","1","0","7","3","6","50","4","1","1","5","4","6","6","1","1","10","5","5","2","15","2","9","1","1","C03","7","9","3","19","2","11","","21","21","1","12","4","120.664469","24.086502","2"
"4394","66000","387130000C","(04)23274275","(04)23288582","2026","1","11","13","22","臺中市","西屯區","0","1","0","7","2","6","50","4","2","1","5","4","6","6","2","1","10","2","5","1","13","2","9","1","1","C03","7","9","1","10","2","11","","59","59","1","13","4","120.645504","24.170212","2"
"4395","66000","387130000C","(04)23274275","(04)23288582","2026","1","11","13","23","臺中市","西屯區","0","0","0","7","","","0","","","","","","","","","","","","","","14","","","","","B03","","","1","","1","","","59","59","1","12","4","120.655565","24.200058","3"
"4396","66000","387130000C","(04)23274275","(04)23288582","2026","1","11","13","25","臺中市","北屯區","0","2","0","7","1","6","50","4","2","1","5","4","6","6","4","4","5","4","5","2","15","2","9","3","1","B03","7","9","1","8","2","1","","15","15","1","13","4","120.689182","24.163825","2"
"4397","66000","387130000C","(04)23274275","(04)23288582","2026","1","11","13","27","臺中市","烏日區","0","2","0","7","2","6","60","13","9","1","5","4","6","6","4","4","1","4","5","1","13","2","8","1","1","C03","7","9","1","10","1","15","","85","85","1","6","4","120.63537","24.107155","2"
"4398","66000","387130000C","(04)23274275","(04)23288582","2026","1","11","13","29","臺中市","北屯區","0","0","0","7","","","50","","","","","","","","","","","","","","13","","","","","B03","","","1","","2","","","7","7","1","6","4","120.721701","24.179501","3"
"4399","66000","387130000C","(04)23274275","(04)23288582","2026","1","11","13","30","臺中市","清水區","0","1","0","7","3","6","50","3","1","1","5","4","6","6","4","4","10","5","5","2","16","3","10","3","1","B03","7","6","1","8","2","8","","14","14","1","12","4","120.550296","24.267357","2"
"4400","66000","387130000C","(04)23274275","(04)23288582","2026","1","11","13","32","臺中市","太平區","0","0","0","7","","","40","","","","","","","","","","","","","","17","","","","","B13","","","1","","2","","","84","84","1","12","4","120.714989","24.1469","3"
"4401","66000","387130000C","(04)23274275","(04)23288582","2026","1","11","13","34","臺中市","北屯區","0","1","0","7","3","6","40","13","8","1","5","4","6","6","4","4","1","4","4","2","12","2","7","2","1","C03","7","9","1","10","2","14","12","7","7","1","5","4","120.661262","24.190882","2"
"4402","66000","387130000C","(04)23274275","(04)23288582","2026","1","11","13","40","臺中市","東區","0","1","0","7","1","6","50","4","1","1","5","4","6","6","1","1","10","5","5","2","17","2","9","5","4","C03","7","9","1","10","2","11","","21","21","1","12","4","120.689671","24.132827","2"
"4403","66000","387130000C","(04)23274275","(04)23288582","2026","1","11","13","45","臺中市","霧峰區","0","0","0","7","","","40","","","","","","","","","","","","","","","","","","","B03","","","1","","2","","","49","49","1","13","4","120.685976","24.04934","3"
"4404","66000","387130000C","(04)23274275","(04)23288582","2026","1","11","13","50","臺中市","北屯區","0","0","0","7","","","50","","","","","","","","","","","","","","13","","","","","C03","","","1","","1","","","7","7","1","6","4","120.699378","24.16474","3"
"4405","66000","387130000C","(04)23274275","(04)23288582","2026","1","11","13","50","臺中市","西屯區","0","0","0","7","","","50","","","","","","","","","","","","","","13","","","","","C03","","","1","","2","","","42","42","1","12","4","120.613991","24.174539","3"
"4406","66000","387130000C","(04)23274275","(04)23288582","2026","1","11","13","57","臺中市","沙鹿區","0","1","0","7","2","6","40","13","8","1","5","4","6","6","4","4","1","4","4","2","18","2","8","1","1","C03","7","9","1","10","2","14","","55","55","1","6","4","120.558204","24.226875","2"
"4407","66000","387130000C","(04)23274275","(04)23288582","2026","1","11","13","58","臺中市","沙鹿區","0","2","0","7","2","6","30","4","1","1","5","4","6","6","4","4","5","5","5","2","15","2","9","1","1","C04","7","9","1","10","2","11","","13","13","1","13","4","120.567353","24.250618","2"
"4408","66000","387130000C","(04)23274275","(04)23288582","2026","1","11","14","1","臺中市","太平區","0","0","0","7","","","30","","","","","","","","","","","","","","","","","","","C03","","","1","","2","","","46","46","1","12","4","120.714346","24.134361","3"
"4409","66000","387130000C","(04)23274275","(04)23288582","2026","1","11","14","2","臺中市","西屯區","0","0","0","7","","","60","","","","","","","","","","","","","","13","","","","","C02","","","1","","1","","","58","58","1","12","4","120.643789","24.165767","3"
"4410","66000","387130000C","(04)23274275","(04)23288582","2026","1","11","14","7","臺中市","中區","0","1","0","7","2","6","50","4","19","1","5","4","6","6","2","1","8","3","5","2","3","","","","","","","5","","","","","","86","86","2","","","120.679438","24.142411","2"
"4411","66000","387130000C","(04)23274275","(04)23288582","2026","1","11","14","7","臺中市","北屯區","0","0","0","7","","","50","","","","","","","","","","","","","","17","","","","","","","","","","","","","119","119","1","","","120.70856","24.172286","3"
"4412","66000","387130000C","(04)23274275","(04)23288582","2026","1","11","14","9","臺中市","大甲區","0","1","0","7","2","6","50","4","1","1","5","4","6","6","4","4","5","5","4","1","16","3","10","2","1","C03","7","6","1","10","2","16","","65","65","1","6","4","120.6485","24.403168","2"
"4413","66000","387130000C","(04)23274275","(04)23288582","2026","1","11","14","12","臺中市","大里區","0","0","0","7","","","50","","","","","","","","","","","","","","","","","","","C03","","","1","","2","","","15","15","1","13","4","120.699469","24.083945","3"
"4414","66000","387130000C","(04)23274275","(04)23288582","2026","1","11","14","16","臺中市","大里區","0","0","0","7","","","60","","","","","","","","","","","","","","13","","","","","B03","","","1","","2","","","7","7","1","13","4","120.672317","24.102452","3"
"4415","66000","387130000C","(04)23274275","(04)23288582","2026","1","11","14","17","臺中市","龍井區","0","0","0","7","","","50","","","","","","","","","","","","","","","","","","","B12","","","1","","2","","","82","82","1","6","4","120.509353","24.191543","3"
"4416","66000","387130000C","(04)23274275","(04)23288582","2026","1","11","14","20","臺中市","豐原區","0","0","0","7","","","50","","","","","","","","","","","","","","17","","","","","B03","","","1","","2","","","7","7","1","6","4","120.721597","24.252121","3"
"4417","66000","387130000C","(04)23274275","(04)23288582","2026","1","11","14","22","臺中市","北區","0","1","0","7","2","6","50","13","9","1","5","4","6","6","4","4","2","5","5","2","17","2","9","1","1","C03","7","9","1","10","2","12","","7","7","1","12","4","120.692035","24.160334","2"
"4418","66000","387130000C","(04)23274275","(04)23288582","2026","1","11","14","23","臺中市","西區","0","0","0","7","","","50","","","","","","","","","","","","","","","","","","","C03","","","1","","1","","","7","7","1","12","4","120.660142","24.146701","3"
"4419","66000","387130000C","(04)23274275","(04)23288582","2026","1","11","14","33","臺中市","西屯區","0","0","0","7","","","50","","","","","","","","","","","","","","13","","","","","B02","","","1","","1","","","82","82","1","12","4","120.642808","24.15891","3"
"4420","66000","387130000C","(04)23274275","(04)23288582","2026","1","11","14","36","臺中市","南區","0","1","0","7","2","6","30","4","1","1","5","4","6","6","4","4","10","5","5","2","15","2","8","2","1","C03","7","9","1","10","2","11","","15","15","1","12","4","120.674644","24.125287","2"
"4421","66000","387130000C","(04)23274275","(04)23288582","2026","1","11","14","39","臺中市","西區","0","2","0","7","2","6","50","4","1","1","5","4","6","6","1","1","10","5","5","2","17","2","9","1","1","C03","7","9","1","10","2","11","","7","7","1","12","4","120.665447","24.14388","2"
"4422","66000","387130000C","(04)23274275","(04)23288582","2026","1","11","14","41","臺中市","南屯區","0","0","0","7","","","50","","","","","","","","","","","","","","","","","","","B03","","","1","","1","","","59","59","1","13","4","120.628448","24.145038","3"
"4423","66000","387130000C","(04)23274275","(04)23288582","2026","1","11","14","42","臺中市","北區","0","1","0","7","3","6","50","4","1","1","5","4","6","6","1","1","10","5","5","2","16","3","10","3","1","B03","7","6","1","8","2","1","","84","84","1","12","4","120.682089","24.154584","2"