序號,縣市別代碼,機關代碼,市話,傳真,年,月,日,時,分,縣市,區,死亡數量,受傷數量,2-30,天候,道路照明設備,道路類別,道路速限,道路型態,事故位置,路面鋪裝,路面狀態,路面缺陷,障礙物,視距,號誌種類,號誌動作,分向設施,快車道或一般車道間,快慢車道間,路面邊線,事故類型及型態,受傷程度,主要傷處,保護裝備,行動電話或功能裝置,當事者區分(類別),車輛用途,當事者行動狀態,駕照狀態,駕照種類,飲酒情形,車輛撞擊部位最初,車輛撞擊部位其他,肇事因素個別,肇事因素主要,肇事逃逸,職業,共享經濟或外送平台,GPS座標X,GPS座標Y,事故類別
"4424","66000","387130000C","(04)23274275","(04)23288582","2026","1","11","14","42","臺中市","西屯區","0","1","0","7","2","6","30","4","1","1","5","4","6","6","4","4","10","5","5","2","15","2","9","1","1","C03","7","9","1","10","2","14","","12","12","1","12","4","120.605514","24.186443","2"
"4425","66000","387130000C","(04)23274275","(04)23288582","2026","1","11","14","43","臺中市","西屯區","0","0","0","7","","","50","","","","","","","","","","","","","","17","","","","","B03","","","1","","1","","","51","51","1","13","4","120.644407","24.163148","3"
"4426","66000","387130000C","(04)23274275","(04)23288582","2026","1","11","14","49","臺中市","西屯區","0","2","0","7","2","6","50","3","1","1","5","4","6","6","2","1","10","5","5","2","15","2","9","1","1","C03","7","9","1","10","1","11","","21","21","1","12","4","120.61864","24.187763","2"
"4427","66000","387130000C","(04)23274275","(04)23288582","2026","1","11","14","55","臺中市","南區","0","1","0","7","2","6","50","4","1","1","5","4","6","6","2","1","10","5","5","2","16","3","10","3","1","B01","7","5","1","4","2","2","","1","1","1","12","4","120.661905","24.13096","2"
"4428","66000","387130000C","(04)23274275","(04)23288582","2026","1","11","15","0","臺中市","大肚區","0","2","0","7","2","6","50","4","1","1","5","4","6","6","4","4","10","5","5","2","15","2","9","1","1","C03","7","9","1","10","2","12","","13","13","1","6","4","120.541119","24.15452","2"
"4429","66000","387130000C","(04)23274275","(04)23288582","2026","1","11","15","4","臺中市","北區","0","1","0","7","2","6","50","4","1","1","5","4","6","6","1","1","10","5","5","2","17","3","10","5","4","B03","7","5","1","8","2","6","","65","65","1","12","4","120.67192","24.171681","2"
"4430","66000","387130000C","(04)23274275","(04)23288582","2026","1","11","15","5","臺中市","大里區","0","0","0","7","","","30","","","","","","","","","","","","","","","","","","","B03","","","1","","9","","","84","84","2","12","4","120.683157","24.112976","3"
"4431","66000","387130000C","(04)23274275","(04)23288582","2026","1","11","15","5","臺中市","太平區","0","0","0","7","","","50","","","","","","","","","","","","","","","","","","","B03","","","1","","2","","","11","11","1","12","4","120.713523","24.141281","3"
"4432","66000","387130000C","(04)23274275","(04)23288582","2026","1","11","15","8","臺中市","豐原區","0","1","0","7","2","6","50","4","1","1","5","4","6","6","1","1","10","5","5","2","16","3","10","3","1","B03","7","5","1","8","2","5","","11","11","1","13","4","120.714369","24.251661","2"
"4433","66000","387130000C","(04)23274275","(04)23288582","2026","1","11","15","14","臺中市","梧棲區","0","1","0","7","2","6","50","3","2","1","5","4","6","6","4","4","10","5","5","2","12","2","9","1","1","C03","7","8","1","10","2","14","","40","40","1","6","4","120.538345","24.254439","2"
"4434","66000","387130000C","(04)23274275","(04)23288582","2026","1","11","15","15","臺中市","大里區","0","2","0","7","2","6","50","4","1","1","5","4","6","6","4","4","10","5","5","2","17","2","9","4","1","F01","7","6","7","21","2","14","","48","48","1","12","4","120.682458","24.10716","2"
"4435","66000","387130000C","(04)23274275","(04)23288582","2026","1","11","15","16","臺中市","北屯區","0","1","0","7","3","6","40","3","2","1","5","4","6","6","4","4","10","5","5","1","11","3","10","3","1","B03","7","9","1","8","2","4","","84","84","1","6","4","120.783678","24.176187","2"
"4436","66000","387130000C","(04)23274275","(04)23288582","2026","1","11","15","16","臺中市","西屯區","0","0","0","7","","","40","","","","","","","","","","","","","","14","","","","","B03","","","3","","2","","","49","49","1","12","4","120.593244","24.179445","3"
"4437","66000","387130000C","(04)23274275","(04)23288582","2026","1","11","15","17","臺中市","大里區","0","1","0","7","3","6","50","4","1","1","5","4","6","6","1","1","10","5","5","2","18","2","9","1","1","C04","7","9","1","10","2","16","","84","84","1","13","4","120.711205","24.094135","2"
"4438","66000","387130000C","(04)23274275","(04)23288582","2026","1","11","15","20","臺中市","太平區","0","0","0","7","","","50","","","","","","","","","","","","","","13","","","","","B03","","","1","","1","","","84","84","1","12","4","120.715265","24.133285","3"
"4439","66000","387130000C","(04)23274275","(04)23288582","2026","1","11","15","22","臺中市","西區","0","0","0","7","","","50","","","","","","","","","","","","","","17","","","","","C03","","","1","","2","","","7","7","1","12","4","120.664334","24.14539","3"
"4440","66000","387130000C","(04)23274275","(04)23288582","2026","1","11","15","23","臺中市","大雅區","0","2","0","7","2","6","50","4","1","1","5","4","6","6","2","1","3","5","4","1","12","2","9","2","1","C03","7","6","1","10","2","14","","48","48","1","13","4","120.653477","24.221303","2"
"4441","66000","387130000C","(04)23274275","(04)23288582","2026","1","11","15","23","臺中市","南區","0","1","0","7","2","6","50","13","9","1","5","4","6","6","4","4","1","4","5","2","13","3","10","3","1","B03","7","9","1","7","2","1","","7","7","1","12","4","120.669958","24.119725","2"
"4442","66000","387130000C","(04)23274275","(04)23288582","2026","1","11","15","27","臺中市","烏日區","0","0","0","7","","","15","","","","","","","","","","","","","","","","","","","C03","","","1","","1","","","7","7","1","13","4","120.607317","24.110373","3"
"4443","66000","387130000C","(04)23274275","(04)23288582","2026","1","11","15","38","臺中市","東區","0","0","0","7","","","50","","","","","","","","","","","","","","","","","","","B03","","","1","","1","","","84","84","1","12","4","120.691495","24.133422","3"
"4444","66000","387130000C","(04)23274275","(04)23288582","2026","1","11","15","41","臺中市","大里區","0","1","0","7","2","6","50","4","1","1","5","4","6","6","1","1","10","5","5","1","16","2","9","1","1","C03","7","6","1","10","2","11","","11","11","1","12","4","120.694776","24.111411","2"
"4445","66000","387130000C","(04)23274275","(04)23288582","2026","1","11","15","42","臺中市","大雅區","0","3","0","7","1","6","50","3","1","1","5","4","6","6","4","4","5","4","5","1","16","2","9","2","1","C03","7","6","3","19","2","11","","11","11","1","12","4","120.655118","24.229784","2"
"4446","66000","387130000C","(04)23274275","(04)23288582","2026","1","11","15","50","臺中市","東區","0","0","0","7","","","50","","","","","","","","","","","","","","","","","","","B03","","","1","","2","","","7","7","1","12","4","120.711268","24.144465","3"
"4447","66000","387130000C","(04)23274275","(04)23288582","2026","1","11","15","50","臺中市","沙鹿區","0","0","0","7","","","50","","","","","","","","","","","","","","13","","","","","B03","","","1","","1","","","7","7","1","6","4","120.560779","24.208622","3"
"4448","66000","387130000C","(04)23274275","(04)23288582","2026","1","11","15","52","臺中市","南屯區","0","0","0","7","","","50","","","","","","","","","","","","","","","","","","","B03","","","1","","1","","","49","49","1","13","4","120.646415","24.149204","3"
"4449","66000","387130000C","(04)23274275","(04)23288582","2026","1","11","15","59","臺中市","潭子區","0","1","0","7","2","6","40","13","8","1","5","4","6","6","4","4","1","4","4","1","13","2","9","2","1","C03","7","9","1","10","2","14","","7","7","1","12","4","120.690429","24.225897","2"
"4450","66000","387130000C","(04)23274275","(04)23288582","2026","1","11","15","59","臺中市","南屯區","0","0","0","7","3","6","40","13","8","1","5","4","6","6","4","4","5","5","4","2","12","","","","","B03","","","1","","1","","","50","50","1","12","4","120.639608","24.133328","3"
"4451","66000","387130000C","(04)23274275","(04)23288582","2026","1","11","16","4","臺中市","霧峰區","0","0","0","7","","","40","","","","","","","","","","","","","","","","","","","B03","","","1","","2","","","84","84","1","6","4","120.662875","24.071724","3"
"4452","66000","387130000C","(04)23274275","(04)23288582","2026","1","11","16","6","臺中市","南屯區","0","0","0","7","","","50","","","","","","","","","","","","","","17","","","","","C03","","","1","","2","","","7","7","1","6","4","120.651345","24.150955","3"
"4453","66000","387130000C","(04)23274275","(04)23288582","2026","1","11","16","8","臺中市","北區","0","0","0","7","","","40","","","","","","","","","","","","","","17","","","","","C03","","","6","","1","","","85","85","1","13","4","120.690212","24.15858","4"
"4454","66000","387130000C","(04)23274275","(04)23288582","2026","1","11","16","16","臺中市","北屯區","0","0","0","7","","","50","","","","","","","","","","","","","","13","","","","","B03","","","1","","2","","","84","84","1","12","4","120.730388","24.176773","3"
"4455","66000","387130000C","(04)23274275","(04)23288582","2026","1","11","16","32","臺中市","中區","0","0","0","7","","","50","","","","","","","","","","","","","","","","","","","C03","","","1","","1","","","8","8","1","12","4","120.681811","24.144985","3"
"4456","66000","387130000C","(04)23274275","(04)23288582","2026","1","11","16","37","臺中市","東區","0","0","0","7","","","50","","","","","","","","","","","","","","","","","","","B03","","","1","","1","","","7","7","1","6","4","120.706927","24.136423","3"
"4457","66000","387130000C","(04)23274275","(04)23288582","2026","1","11","16","37","臺中市","北屯區","0","1","0","7","2","6","50","4","2","1","5","4","6","6","4","4","1","5","4","2","17","3","10","3","1","B03","7","9","1","8","2","1","","59","59","1","13","4","120.722056","24.181909","2"
"4458","66000","387130000C","(04)23274275","(04)23288582","2026","1","11","16","38","臺中市","北區","0","3","0","7","2","6","50","11","9","1","5","4","6","6","4","4","10","5","4","2","13","3","10","1","1","C03","7","14","1","10","2","11","","59","59","1","5","4","120.682506","24.145229","2"
"4459","66000","387130000C","(04)23274275","(04)23288582","2026","1","11","16","39","臺中市","清水區","0","0","0","7","","","50","","","","","","","","","","","","","","16","","","","","B03","","","1","","2","","","11","11","1","13","4","120.536479","24.281407","3"
"4460","66000","387130000C","(04)23274275","(04)23288582","2026","1","11","16","43","臺中市","大里區","0","1","0","7","3","6","50","13","9","1","5","4","6","6","4","4","3","4","4","1","13","2","9","1","1","C03","7","9","1","10","2","11","","7","7","1","13","4","120.698259","24.080116","2"
"4461","66000","387130000C","(04)23274275","(04)23288582","2026","1","11","16","51","臺中市","大里區","0","0","0","7","","","50","","","","","","","","","","","","","","17","","","","","B03","","","1","","2","","","55","55","1","12","4","120.668771","24.096853","3"
"4462","66000","387130000C","(04)23274275","(04)23288582","2026","1","11","17","0","臺中市","太平區","0","1","0","7","2","6","30","13","9","1","5","4","6","6","4","4","5","5","5","1","18","2","9","1","1","C03","7","9","1","10","2","14","","84","84","1","12","4","120.818116","24.086164","2"
"4463","66000","387130000C","(04)23274275","(04)23288582","2026","1","11","17","3","臺中市","沙鹿區","0","0","0","7","","","60","","","","","","","","","","","","","","","","","","","B03","","","1","","2","","","40","40","1","13","4","120.567522","24.203463","3"
"4464","66000","387130000C","(04)23274275","(04)23288582","2026","1","11","17","15","臺中市","西屯區","0","0","0","7","","","40","","","","","","","","","","","","","","13","","","","","B03","","","1","","2","","","59","59","1","12","4","120.650249","24.162494","3"
"4465","66000","387130000C","(04)23274275","(04)23288582","2026","1","11","17","26","臺中市","北屯區","0","0","0","7","","","50","","","","","","","","","","","","","","12","","","","","B03","","","1","","1","","","39","39","1","6","4","120.686913","24.201368","3"
"4466","66000","387130000C","(04)23274275","(04)23288582","2026","1","11","17","28","臺中市","大里區","0","0","0","7","","","50","","","","","","","","","","","","","","","","","","","B03","","","1","","11","","","49","49","2","12","4","120.700776","24.085964","3"
"4467","66000","387130000C","(04)23274275","(04)23288582","2026","1","11","17","29","臺中市","西區","0","0","0","7","","","","","","","","","","","","","","","","","17","","","","","","","","","","","","","87","87","1","","","120.656487","24.1461","3"
"4468","66000","387130000C","(04)23274275","(04)23288582","2026","1","11","17","34","臺中市","北區","0","2","0","7","1","6","50","4","1","1","5","4","6","6","1","1","10","5","5","2","16","2","9","1","1","C04","7","6","1","10","2","12","","48","48","1","12","4","120.684467","24.142367","2"
"4469","66000","387130000C","(04)23274275","(04)23288582","2026","1","11","17","40","臺中市","太平區","0","1","0","7","1","6","50","3","1","1","5","4","6","6","4","4","10","5","5","2","18","2","9","2","1","C03","7","9","1","10","2","14","","84","84","1","12","4","120.709767","24.1515","2"
"4470","66000","387130000C","(04)23274275","(04)23288582","2026","1","11","17","42","臺中市","沙鹿區","0","1","0","7","1","6","60","13","7","1","5","4","6","6","4","4","1","4","1","2","13","2","9","1","1","C01","7","9","1","9","2","11","","58","58","1","12","4","120.563925","24.239863","2"
"4471","66000","387130000C","(04)23274275","(04)23288582","2026","1","11","17","45","臺中市","潭子區","0","0","0","7","","","40","","","","","","","","","","","","","","16","","","","","B03","","","1","","2","","","51","51","1","12","4","120.689772","24.215863","3"
"4472","66000","387130000C","(04)23274275","(04)23288582","2026","1","11","17","48","臺中市","中區","0","0","0","6","","","50","","","","","","","","","","","","","","","","","","","B03","","","1","","1","","","45","45","1","12","4","120.677498","24.14274","3"
"4473","66000","387130000C","(04)23274275","(04)23288582","2026","1","11","17","49","臺中市","南區","0","0","0","7","","","50","","","","","","","","","","","","","","12","","","","","B03","","","1","","1","","","40","40","1","6","4","120.661981","24.129907","3"
"4474","66000","387130000C","(04)23274275","(04)23288582","2026","1","11","17","50","臺中市","北屯區","0","0","0","7","","","50","","","","","","","","","","","","","","17","","","","","B03","","","1","","1","","","85","85","1","6","4","120.706304","24.178325","3"
"4475","66000","387130000C","(04)23274275","(04)23288582","2026","1","11","17","50","臺中市","西屯區","0","2","0","7","1","6","50","4","1","1","5","4","6","6","1","1","3","4","5","2","17","2","8","1","1","C03","7","6","1","10","2","16","","87","87","1","12","4","120.61641","24.185923","2"
"4476","66000","387130000C","(04)23274275","(04)23288582","2026","1","11","17","51","臺中市","大里區","0","1","0","6","1","6","50","5","2","1","5","4","6","6","1","1","10","5","5","2","17","3","10","3","1","B03","7","9","1","8","2","6","","85","85","1","13","4","120.690352","24.092479","2"
"4477","66000","387130000C","(04)23274275","(04)23288582","2026","1","11","17","52","臺中市","南屯區","0","0","0","7","1","6","50","13","8","1","5","4","6","6","4","4","3","4","4","2","12","","","","","B03","","","1","","1","","","84","84","1","12","4","120.642167","24.150899","3"
"4478","66000","387130000C","(04)23274275","(04)23288582","2026","1","11","17","54","臺中市","南區","0","2","0","7","1","6","50","4","1","1","5","4","6","6","2","1","10","5","5","2","13","2","9","1","1","C03","7","9","1","10","2","11","","7","7","1","12","4","120.652395","24.118084","2"
"4479","66000","387130000C","(04)23274275","(04)23288582","2026","1","11","17","57","臺中市","豐原區","0","2","0","7","1","6","40","13","8","1","5","4","6","6","4","4","9","5","4","2","3","2","9","1","4","C03","7","9","1","10","5","11","","53","53","2","12","4","120.742613","24.255767","2"
"4480","66000","387130000C","(04)23274275","(04)23288582","2026","1","11","17","58","臺中市","西區","0","1","0","6","1","6","50","5","1","1","5","4","6","6","1","1","10","5","5","2","17","3","10","3","1","B03","7","5","1","8","2","2","","47","47","1","12","4","120.668766","24.132048","2"
"4481","66000","387130000C","(04)23274275","(04)23288582","2026","1","11","17","59","臺中市","豐原區","0","2","0","7","1","6","40","13","7","1","5","4","6","6","4","4","9","5","4","2","3","2","9","6","5","H01","8","16","7","21","10","17","","98","98","1","13","5","120.742571","24.255748","2"
"4482","66000","387130000C","(04)23274275","(04)23288582","2026","1","11","18","1","臺中市","北屯區","0","0","0","7","","","50","","","","","","","","","","","","","","13","","","","","C03","","","1","","1","","","7","7","1","6","4","120.694283","24.171568","3"
"4483","66000","387130000C","(04)23274275","(04)23288582","2026","1","11","18","3","臺中市","南區","0","0","0","7","","","50","","","","","","","","","","","","","","","","","","","B03","","","1","","2","","","84","84","1","12","4","120.664487","24.124129","3"
"4484","66000","387130000C","(04)23274275","(04)23288582","2026","1","11","18","5","臺中市","南屯區","0","1","0","7","2","6","50","13","8","1","5","4","6","6","4","4","9","4","5","2","12","2","9","1","1","C03","7","9","1","10","2","11","","84","84","1","12","4","120.62328","24.152015","2"
"4485","66000","387130000C","(04)23274275","(04)23288582","2026","1","11","18","6","臺中市","太平區","0","0","0","7","","","50","","","","","","","","","","","","","","14","","","","","B03","","","1","","2","","","49","49","1","12","4","120.725089","24.148882","3"
"4486","66000","387130000C","(04)23274275","(04)23288582","2026","1","11","18","12","臺中市","西區","0","1","0","6","1","6","50","13","9","1","5","4","6","6","4","4","5","4","5","2","18","2","9","1","1","C03","7","9","1","10","2","12","","84","84","1","12","4","120.668321","24.139883","2"
"4487","66000","387130000C","(04)23274275","(04)23288582","2026","1","11","18","15","臺中市","西區","0","1","0","6","2","6","50","4","1","1","5","4","6","6","1","1","10","5","5","2","17","2","9","3","1","B03","7","15","1","8","2","5","8","35","35","1","12","4","120.668346","24.129897","2"
"4488","66000","387130000C","(04)23274275","(04)23288582","2026","1","11","18","16","臺中市","南屯區","0","1","0","7","1","6","50","13","9","1","5","4","6","6","4","4","5","5","5","2","18","2","9","2","1","C04","7","9","1","10","1","12","","59","59","1","13","4","120.643957","24.135639","2"
"4489","66000","387130000C","(04)23274275","(04)23288582","2026","1","11","18","22","臺中市","西屯區","0","0","0","7","","","50","","","","","","","","","","","","","","13","","","","","B03","","","1","","1","","","59","59","1","12","4","120.640514","24.18727","3"
"4490","66000","387130000C","(04)23274275","(04)23288582","2026","1","11","18","35","臺中市","北屯區","0","1","0","7","1","6","50","4","1","1","5","4","6","6","4","4","10","5","5","2","15","3","10","1","1","C03","7","9","1","10","9","12","","15","15","2","12","4","120.663455","24.191851","2"
"4491","66000","387130000C","(04)23274275","(04)23288582","2026","1","11","18","38","臺中市","西屯區","0","0","0","7","","","40","","","","","","","","","","","","","","17","","","","","B12","","","1","","2","","","50","50","1","12","4","120.665451","24.167775","3"
"4492","66000","387130000C","(04)23274275","(04)23288582","2026","1","11","18","40","臺中市","豐原區","0","1","0","7","1","6","50","3","1","1","5","4","6","6","1","1","1","4","5","1","17","2","9","1","1","C03","7","9","1","10","2","12","","84","84","1","6","4","120.70876","24.25022","2"
"4493","66000","387130000C","(04)23274275","(04)23288582","2026","1","11","18","44","臺中市","西屯區","0","1","0","7","1","6","50","3","1","1","5","4","6","6","4","4","1","5","5","2","16","3","10","3","1","B03","7","5","1","8","2","2","","85","85","1","12","4","120.618642","24.183978","2"
"4494","66000","387130000C","(04)23274275","(04)23288582","2026","1","11","18","45","臺中市","南屯區","0","0","0","7","","","50","","","","","","","","","","","","","","17","","","","","B03","","","1","","1","","","51","51","1","12","4","120.648882","24.15104","4"
"4495","66000","387130000C","(04)23274275","(04)23288582","2026","1","11","18","51","臺中市","西區","0","1","0","6","1","6","50","4","1","1","5","4","6","6","1","1","10","5","5","2","17","2","9","1","1","C03","7","9","1","10","2","11","","7","7","1","12","4","120.657242","24.150853","2"
"4496","66000","387130000C","(04)23274275","(04)23288582","2026","1","11","18","58","臺中市","霧峰區","0","2","0","7","1","6","50","4","1","1","5","4","6","6","1","1","10","5","5","2","11","2","9","1","1","C03","7","6","1","10","2","11","","23","23","1","6","4","120.696652","24.060927","2"
"4497","66000","387130000C","(04)23274275","(04)23288582","2026","1","11","19","3","臺中市","西屯區","0","2","0","7","1","6","50","3","4","1","5","4","6","6","1","1","1","4","5","2","13","2","9","1","1","C03","7","8","1","10","2","11","12","59","59","1","12","4","120.654839","24.200444","2"
"4498","66000","387130000C","(04)23274275","(04)23288582","2026","1","11","19","4","臺中市","大甲區","0","1","0","7","1","6","50","11","9","1","5","4","6","6","4","4","5","5","5","1","18","2","9","1","1","C03","7","9","1","10","2","12","","59","59","1","6","4","120.648098","24.360098","2"
"4499","66000","387130000C","(04)23274275","(04)23288582","2026","1","11","19","5","臺中市","豐原區","0","1","0","7","1","6","40","13","8","1","5","4","6","6","4","4","1","4","4","1","17","3","10","5","4","B03","7","13","1","8","9","7","","77","77","1","12","4","120.735811","24.247365","2"
"4500","66000","387130000C","(04)23274275","(04)23288582","2026","1","11","19","8","臺中市","南屯區","0","1","0","7","1","6","50","4","1","1","5","4","6","6","2","1","10","5","5","2","16","3","10","3","1","B03","7","6","1","8","2","6","","11","11","1","6","4","120.64261","24.148788","2"
"4501","66000","387130000C","(04)23274275","(04)23288582","2026","1","11","19","12","臺中市","北區","0","0","0","7","","","30","","","","","","","","","","","","","","17","","","","","B03","","","1","","2","","","84","84","1","12","4","120.665253","24.164076","4"
"4502","66000","387130000C","(04)23274275","(04)23288582","2026","1","11","19","23","臺中市","北區","0","3","0","7","1","6","40","4","2","1","5","4","6","6","1","1","1","4","4","2","13","2","8","1","1","C03","7","9","1","10","2","11","","84","84","1","12","4","120.694313","24.156821","2"
"4503","66000","387130000C","(04)23274275","(04)23288582","2026","1","11","19","25","臺中市","豐原區","0","2","0","7","2","6","50","4","1","1","5","4","6","6","1","1","1","4","5","2","12","2","9","5","4","C03","7","9","1","10","2","14","","7","7","1","13","4","120.723504","24.252139","2"
"4504","66000","387130000C","(04)23274275","(04)23288582","2026","1","11","19","27","臺中市","南區","0","3","0","7","1","6","50","5","1","1","5","4","6","6","2","1","5","4","4","2","12","2","9","2","1","C03","7","11","1","10","2","14","","48","48","1","5","4","120.658034","24.124876","2"
"4505","66000","387130000C","(04)23274275","(04)23288582","2026","1","11","19","27","臺中市","霧峰區","0","3","0","7","3","6","30","4","1","1","5","4","4","6","4","4","10","5","5","2","15","2","9","1","1","C03","7","9","1","10","2","11","","15","15","1","13","4","120.69978","24.065995","2"
"4506","66000","387130000C","(04)23274275","(04)23288582","2026","1","11","19","29","臺中市","中區","0","0","0","7","","","50","","","","","","","","","","","","","","12","","","","","B03","","","1","","2","","","40","40","1","12","4","120.678498","24.143244","3"
"4507","66000","387130000C","(04)23274275","(04)23288582","2026","1","11","19","30","臺中市","南屯區","0","1","0","7","2","6","50","4","2","1","5","4","6","6","1","1","9","4","5","2","18","2","9","1","1","C03","7","9","5","10","2","12","","59","59","1","12","4","120.654388","24.134936","2"
"4508","66000","387130000C","(04)23274275","(04)23288582","2026","1","11","19","30","臺中市","西屯區","0","2","0","7","1","6","50","3","1","1","5","4","6","6","4","4","5","4","4","2","16","2","9","1","1","C03","7","6","1","10","2","12","","14","14","1","12","4","120.665595","24.168085","2"
"4509","66000","387130000C","(04)23274275","(04)23288582","2026","1","11","19","32","臺中市","西屯區","0","0","0","7","","","40","","","","","","","","","","","","","","13","","","","","B03","","","1","","1","","","59","59","1","12","4","120.653606","24.160589","3"
"4510","66000","387130000C","(04)23274275","(04)23288582","2026","1","11","19","34","臺中市","北屯區","0","0","0","7","","","50","","","","","","","","","","","","","","13","","","","","C03","","","1","","2","","","7","7","1","6","4","120.696534","24.180364","4"
"4511","66000","387130000C","(04)23274275","(04)23288582","2026","1","11","19","36","臺中市","北區","0","0","0","7","","","30","","","","","","","","","","","","","","17","","","","","C03","","","1","","1","","","84","84","1","12","4","120.695207","24.158817","3"
"4512","66000","387130000C","(04)23274275","(04)23288582","2026","1","11","19","41","臺中市","霧峰區","0","1","0","6","1","6","50","4","1","1","5","4","6","6","1","1","10","5","5","1","17","3","10","3","1","B03","7","1","1","8","2","6","","51","51","1","13","4","120.662474","24.072079","2"
"4513","66000","387130000C","(04)23274275","(04)23288582","2026","1","11","19","44","臺中市","潭子區","0","0","0","7","","","30","","","","","","","","","","","","","","","","","","","B03","","","1","","2","","","8","8","1","13","4","120.700741","24.20725","3"
"4514","66000","387130000C","(04)23274275","(04)23288582","2026","1","11","19","45","臺中市","后里區","0","1","0","7","1","6","50","4","1","1","5","4","6","6","1","1","10","5","5","2","11","3","10","3","1","B03","7","6","1","8","7","1","","53","53","1","6","4","120.716685","24.296343","2"
"4515","66000","387130000C","(04)23274275","(04)23288582","2026","1","11","19","57","臺中市","太平區","0","0","0","7","","","50","","","","","","","","","","","","","","","","","","","C03","","","1","","2","","","84","84","1","6","4","120.711175","24.150329","3"
"4516","66000","387130000C","(04)23274275","(04)23288582","2026","1","11","20","0","臺中市","大肚區","0","0","0","7","","","","","","","","","","","","","","","","","","","","","","","","","","","","","","119","119","1","","","120.538501","24.157107","3"
"4517","66000","387130000C","(04)23274275","(04)23288582","2026","1","11","20","10","臺中市","北屯區","0","0","0","7","","","30","","","","","","","","","","","","","","14","","","","","B03","","","1","","2","","","49","49","1","13","4","120.662534","24.195012","3"
"4518","66000","387130000C","(04)23274275","(04)23288582","2026","1","11","20","11","臺中市","北屯區","0","1","0","7","1","6","50","13","9","1","5","4","6","6","4","4","1","4","5","2","13","2","8","2","1","C03","7","8","1","10","1","12","","58","58","1","4","4","120.700828","24.179264","2"
"4519","66000","387130000C","(04)23274275","(04)23288582","2026","1","11","20","13","臺中市","大里區","0","1","0","7","3","6","50","4","1","1","5","4","6","6","1","1","10","5","5","2","16","2","9","1","1","C03","7","9","1","10","2","14","","85","85","1","13","4","120.703409","24.095939","2"
"4520","66000","387130000C","(04)23274275","(04)23288582","2026","1","11","20","17","臺中市","西屯區","0","1","0","7","1","6","30","13","9","1","5","4","6","6","4","4","10","5","5","2","13","2","7","1","4","C03","7","9","1","10","2","11","","7","7","1","12","4","120.629246","24.165273","2"
"4521","66000","387130000C","(04)23274275","(04)23288582","2026","1","11","20","19","臺中市","北屯區","0","1","0","7","1","6","50","13","9","1","5","4","6","6","4","4","1","4","5","2","13","3","10","2","1","C03","7","9","1","10","2","12","","7","7","1","6","4","120.685515","24.173897","2"
"4522","66000","387130000C","(04)23274275","(04)23288582","2026","1","11","20","28","臺中市","西區","0","0","0","6","","","50","","","","","","","","","","","","","","","","","","","B03","","","1","","1","","","84","84","1","12","4","120.663366","24.155386","3"
"4523","66000","387130000C","(04)23274275","(04)23288582","2026","1","11","20","28","臺中市","大里區","0","1","0","7","1","6","50","4","1","1","5","4","6","6","1","1","10","5","5","2","17","3","10","3","1","B03","7","9","1","8","2","5","","84","84","1","12","4","120.679068","24.115008","2"
"4524","66000","387130000C","(04)23274275","(04)23288582","2026","1","11","20","29","臺中市","北屯區","0","1","0","7","1","6","50","4","1","1","5","4","6","6","2","1","10","5","5","2","16","2","9","1","1","C03","7","6","1","10","1","14","","36","36","1","12","4","120.67608","24.20085","2"
"4525","66000","387130000C","(04)23274275","(04)23288582","2026","1","11","20","46","臺中市","南屯區","0","0","0","7","","","50","","","","","","","","","","","","","","13","","","","","C03","","","1","","2","","","59","59","1","13","4","120.63673","24.135753","3"
"4526","66000","387130000C","(04)23274275","(04)23288582","2026","1","11","20","47","臺中市","西區","0","3","0","6","1","6","30","4","1","1","5","4","6","6","4","4","10","5","5","2","17","2","9","1","1","C03","7","9","1","10","2","11","","15","15","1","12","4","120.658203","24.156043","2"
"4527","66000","387130000C","(04)23274275","(04)23288582","2026","1","11","20","48","臺中市","龍井區","0","2","0","7","1","6","50","3","1","1","5","4","6","6","4","4","10","5","5","2","16","2","9","1","1","C03","7","6","1","10","2","11","","14","14","1","6","4","120.594134","24.190735","2"
"4528","66000","387130000C","(04)23274275","(04)23288582","2026","1","11","20","50","臺中市","烏日區","0","0","0","7","","","50","","","","","","","","","","","","","","17","","","","","B03","","","1","","2","","","7","7","1","6","4","120.611452","24.110602","3"
"4529","66000","387130000C","(04)23274275","(04)23288582","2026","1","11","20","57","臺中市","太平區","0","2","0","7","1","6","40","3","2","1","5","4","6","6","1","1","5","4","4","2","3","2","8","1","1","C03","7","9","1","10","2","11","14","84","84","1","12","4","120.712513","24.149857","2"
"4530","66000","387130000C","(04)23274275","(04)23288582","2026","1","11","21","7","臺中市","西區","0","0","0","7","","","50","","","","","","","","","","","","","","","","","","","B03","","","1","","2","","","84","84","1","6","4","120.656945","24.156394","3"
"4531","66000","387130000C","(04)23274275","(04)23288582","2026","1","11","21","11","臺中市","南區","0","1","0","7","1","6","50","3","1","1","5","4","6","6","4","4","9","4","5","2","12","2","9","1","1","C03","7","9","1","10","2","11","13","84","84","1","12","4","120.679379","24.117552","2"
"4532","66000","387130000C","(04)23274275","(04)23288582","2026","1","11","21","12","臺中市","北區","0","0","0","7","","","50","","","","","","","","","","","","","","16","","","","","B03","","","1","","1","","","48","48","1","12","4","120.680939","24.160345","3"
"4533","66000","387130000C","(04)23274275","(04)23288582","2026","1","11","21","14","臺中市","后里區","0","1","0","7","1","6","30","13","9","1","5","4","6","6","4","4","10","5","5","1","18","2","9","1","1","C03","7","9","3","19","7","14","","53","53","1","6","4","120.706322","24.301735","2"