序號,縣市別代碼,機關代碼,市話,傳真,年,月,日,時,分,縣市,區,死亡數量,受傷數量,2-30,天候,道路照明設備,道路類別,道路速限,道路型態,事故位置,路面鋪裝,路面狀態,路面缺陷,障礙物,視距,號誌種類,號誌動作,分向設施,快車道或一般車道間,快慢車道間,路面邊線,事故類型及型態,受傷程度,主要傷處,保護裝備,行動電話或功能裝置,當事者區分(類別),車輛用途,當事者行動狀態,駕照狀態,駕照種類,飲酒情形,車輛撞擊部位最初,車輛撞擊部位其他,肇事因素個別,肇事因素主要,肇事逃逸,職業,共享經濟或外送平台,GPS座標X,GPS座標Y,事故類別
"4534","66000","387130000C","(04)23274275","(04)23288582","2026","1","11","21","15","臺中市","梧棲區","0","0","0","7","","","70","","","","","","","","","","","","","","13","","","","","B03","","","1","","1","","","7","7","1","6","4","120.536835","24.249821","3"
"4535","66000","387130000C","(04)23274275","(04)23288582","2026","1","11","21","16","臺中市","北屯區","0","1","0","7","3","6","50","13","9","1","5","4","6","6","4","4","5","4","5","2","18","2","9","2","1","C03","7","9","1","10","2","12","","84","84","1","6","4","120.699577","24.170039","2"
"4536","66000","387130000C","(04)23274275","(04)23288582","2026","1","11","21","19","臺中市","東區","0","1","0","7","1","6","50","13","7","1","5","4","6","6","4","4","5","5","4","2","17","3","10","2","1","C03","7","1","1","10","2","16","","51","51","1","6","4","120.705657","24.14271","2"
"4537","66000","387130000C","(04)23274275","(04)23288582","2026","1","11","21","23","臺中市","南區","0","0","0","7","","","40","","","","","","","","","","","","","","","","","","","B03","","","1","","9","","","49","49","2","13","4","120.674908","24.1249","3"
"4538","66000","387130000C","(04)23274275","(04)23288582","2026","1","11","21","25","臺中市","太平區","0","0","0","7","","","50","","","","","","","","","","","","","","13","","","","","B03","","","1","","2","","","7","7","1","12","4","120.721357","24.101532","3"
"4539","66000","387130000C","(04)23274275","(04)23288582","2026","1","11","21","26","臺中市","西屯區","0","0","0","7","","","50","","","","","","","","","","","","","","13","","","","","B03","","","1","","1","","","7","7","1","12","4","120.643789","24.165898","3"
"4540","66000","387130000C","(04)23274275","(04)23288582","2026","1","11","21","28","臺中市","北屯區","0","0","0","7","","","50","","","","","","","","","","","","","","17","","","","","B12","","","1","","1","","","51","51","1","6","4","120.704471","24.185812","3"
"4541","66000","387130000C","(04)23274275","(04)23288582","2026","1","11","21","32","臺中市","南屯區","0","1","0","7","3","6","50","4","1","1","5","4","6","6","1","1","10","5","5","2","16","2","9","2","1","C03","7","6","1","10","2","14","","48","48","1","12","4","120.615251","24.147787","2"
"4542","66000","387130000C","(04)23274275","(04)23288582","2026","1","11","21","35","臺中市","大里區","0","0","0","7","","","30","","","","","","","","","","","","","","","","","","","B03","","","1","","2","","","49","49","1","12","4","120.67873","24.115068","3"
"4543","66000","387130000C","(04)23274275","(04)23288582","2026","1","11","21","41","臺中市","大雅區","0","1","0","7","3","9","30","11","9","1","5","4","6","6","4","4","10","5","5","2","19","2","9","2","1","C03","7","9","1","10","2","14","","59","59","1","13","2","120.677958","24.227153","2"
"4544","66000","387130000C","(04)23274275","(04)23288582","2026","1","11","21","44","臺中市","東區","0","2","0","7","1","6","30","4","1","1","5","4","6","6","4","4","10","5","5","2","15","2","9","1","1","C03","7","9","1","10","2","11","","12","12","1","12","4","120.696223","24.147125","2"
"4545","66000","387130000C","(04)23274275","(04)23288582","2026","1","11","21","45","臺中市","南屯區","0","0","0","7","","","50","","","","","","","","","","","","","","13","","","","","C03","","","1","","2","","","7","7","1","13","4","120.629759","24.122345","3"
"4546","66000","387130000C","(04)23274275","(04)23288582","2026","1","11","21","45","臺中市","西屯區","0","0","0","7","","","50","","","","","","","","","","","","","","13","","","","","C03","","","1","","1","","","7","7","1","5","4","120.649385","24.175017","3"
"4547","66000","387130000C","(04)23274275","(04)23288582","2026","1","11","21","46","臺中市","西屯區","0","2","0","7","1","6","30","4","1","1","5","4","6","6","4","4","10","5","5","2","15","2","9","1","1","C03","7","9","1","10","2","14","","12","12","1","12","4","120.644238","24.180154","2"
"4548","66000","387130000C","(04)23274275","(04)23288582","2026","1","11","21","54","臺中市","龍井區","0","0","0","7","","","50","","","","","","","","","","","","","","13","","","","","B03","","","1","","2","","","59","59","1","6","4","120.592797","24.181815","3"
"4549","66000","387130000C","(04)23274275","(04)23288582","2026","1","11","22","0","臺中市","西屯區","0","1","0","7","1","6","50","13","9","1","5","4","6","6","4","4","5","4","5","2","16","2","8","1","1","C03","7","5","1","10","1","13","","47","47","1","12","4","120.645742","24.175538","2"
"4550","66000","387130000C","(04)23274275","(04)23288582","2026","1","11","22","0","臺中市","外埔區","0","1","0","7","1","6","50","12","9","1","5","4","6","6","4","4","5","4","5","1","19","2","9","1","1","C03","7","9","1","10","8","12","","53","53","1","6","4","120.655477","24.33426","2"
"4551","66000","387130000C","(04)23274275","(04)23288582","2026","1","11","22","4","臺中市","太平區","0","1","0","7","1","6","50","5","1","1","5","4","6","6","1","1","10","5","5","2","17","3","10","5","4","B03","7","6","1","7","2","6","","11","11","1","6","4","120.724561","24.149606","2"
"4552","66000","387130000C","(04)23274275","(04)23288582","2026","1","11","22","12","臺中市","霧峰區","0","1","0","6","1","6","40","4","1","1","5","4","6","6","1","1","10","5","5","1","17","3","10","3","1","B02","7","6","1","8","2","1","","11","11","1","13","4","120.684438","24.050912","2"
"4553","66000","387130000C","(04)23274275","(04)23288582","2026","1","11","22","21","臺中市","南區","0","2","0","7","1","6","50","4","1","1","5","4","6","6","2","1","5","4","4","2","12","2","9","2","1","C03","7","1","1","10","2","14","","51","51","1","6","4","120.66341","24.113439","2"
"4554","66000","387130000C","(04)23274275","(04)23288582","2026","1","11","22","24","臺中市","東區","0","1","0","7","1","6","30","4","1","1","5","4","6","6","4","4","10","5","5","2","15","3","10","1","1","C01","7","9","1","9","2","11","","12","12","1","12","4","120.683782","24.134016","2"
"4555","66000","387130000C","(04)23274275","(04)23288582","2026","1","11","22","25","臺中市","烏日區","0","1","0","7","1","6","50","4","1","1","5","4","6","6","1","1","5","5","4","2","16","3","10","3","1","B03","7","6","1","8","2","2","","39","39","1","6","4","120.624288","24.102624","2"
"4556","66000","387130000C","(04)23274275","(04)23288582","2026","1","11","22","30","臺中市","大肚區","0","0","0","7","","","60","","","","","","","","","","","","","","12","","","","","B02","","","1","","2","","","40","40","1","6","4","120.582561","24.167999","3"
"4557","66000","387130000C","(04)23274275","(04)23288582","2026","1","11","22","32","臺中市","東區","0","0","0","7","","","50","","","","","","","","","","","","","","","","","","","B03","","","1","","9","","","84","84","1","12","4","120.687388","24.132647","3"
"4558","66000","387130000C","(04)23274275","(04)23288582","2026","1","11","22","35","臺中市","北區","0","1","0","7","1","6","50","3","2","1","5","4","6","6","4","4","1","4","5","2","12","3","10","3","1","B01","7","5","1","8","2","2","","11","11","1","12","4","120.685156","24.162607","2"
"4559","66000","387130000C","(04)23274275","(04)23288582","2026","1","11","22","36","臺中市","太平區","0","0","0","7","1","3","40","","","","","","","","","","","","","","","","","","","B03","","","1","","2","3","","85","85","1","12","4","120.709706","24.134711","3"
"4560","66000","387130000C","(04)23274275","(04)23288582","2026","1","11","22","55","臺中市","西屯區","0","1","0","6","1","6","30","13","9","1","5","4","6","6","4","4","10","5","5","2","17","2","8","2","4","C03","7","9","1","10","2","11","","59","59","1","13","4","120.644641","24.178599","2"
"4561","66000","387130000C","(04)23274275","(04)23288582","2026","1","11","23","15","臺中市","北屯區","0","2","0","7","1","6","50","3","1","1","5","4","6","6","4","4","1","4","5","2","13","2","9","2","1","C03","7","9","3","19","2","11","","84","84","1","12","4","120.694058","24.164538","2"
"4562","66000","387130000C","(04)23274275","(04)23288582","2026","1","11","23","37","臺中市","北屯區","0","0","0","7","","","50","","","","","","","","","","","","","","13","","","","","C03","","","1","","2","","","59","59","1","13","4","120.68666","24.189385","3"
"4563","66000","387130000C","(04)23274275","(04)23288582","2026","1","11","23","50","臺中市","南屯區","0","0","0","7","","","50","","","","","","","","","","","","","","14","","","","","B03","","","1","","1","","","49","49","1","12","4","120.654","24.136557","3"
"4564","66000","387130000C","(04)23274275","(04)23288582","2026","1","11","23","51","臺中市","北屯區","0","1","0","7","1","6","50","4","1","1","5","4","6","6","4","4","10","5","5","2","15","2","9","1","1","C03","7","9","1","10","2","12","","15","15","1","12","4","120.725125","24.157826","2"
"4565","66000","387130000C","(04)23274275","(04)23288582","2026","1","12","0","18","臺中市","霧峰區","0","1","0","7","1","6","50","13","7","1","5","4","6","6","1","1","1","4","4","1","28","2","9","2","1","C03","7","9","1","10","2","11","","84","84","1","12","2","120.699905","24.073949","2"
"4566","66000","387130000C","(04)23274275","(04)23288582","2026","1","12","0","20","臺中市","南區","0","0","0","7","","","30","","","","","","","","","","","","","","","","","","","B03","","","1","","1","","","49","49","1","13","4","120.655788","24.122043","3"
"4567","66000","387130000C","(04)23274275","(04)23288582","2026","1","12","0","31","臺中市","西屯區","0","1","0","7","1","6","50","13","7","1","5","4","6","6","4","4","5","5","4","2","16","3","10","5","4","B03","7","11","1","8","2","8","","39","39","1","12","4","120.656638","24.161204","2"
"4568","66000","387130000C","(04)23274275","(04)23288582","2026","1","12","1","5","臺中市","南屯區","0","1","0","7","3","6","50","4","1","1","5","4","6","6","1","1","10","5","5","2","18","2","9","1","1","C03","7","5","1","10","2","14","11","84","84","1","12","4","120.592247","24.142496","2"
"4569","66000","387130000C","(04)23274275","(04)23288582","2026","1","12","1","26","臺中市","東區","0","1","0","7","1","6","50","13","9","1","5","4","6","6","4","4","5","4","5","2","13","3","10","5","4","B03","7","9","1","8","2","1","","84","84","1","13","4","120.698798","24.13329","2"
"4570","66000","387130000C","(04)23274275","(04)23288582","2026","1","12","1","37","臺中市","太平區","0","0","0","7","","","50","","","","","","","","","","","","","","25","","","","","B03","","","1","","2","","","82","82","1","12","4","120.711292","24.152906","3"
"4571","66000","387130000C","(04)23274275","(04)23288582","2026","1","12","1","40","臺中市","南屯區","0","0","0","7","","","50","","","","","","","","","","","","","","14","","","","","B03","","","1","","2","","","49","49","1","13","4","120.64257","24.147649","3"
"4572","66000","387130000C","(04)23274275","(04)23288582","2026","1","12","2","12","臺中市","西區","0","2","0","7","1","6","40","13","8","1","5","4","6","6","4","4","1","4","4","2","18","2","8","2","1","C03","7","9","1","9","1","14","","84","84","1","6","4","120.657224","24.14804","2"
"4573","66000","387130000C","(04)23274275","(04)23288582","2026","1","12","3","0","臺中市","南區","0","0","0","7","","","30","","","","","","","","","","","","","","","","","","","B01","","","1","","11","","","8","8","1","12","4","120.682509","24.134602","3"
"4574","66000","387130000C","(04)23274275","(04)23288582","2026","1","12","3","7","臺中市","太平區","0","0","0","7","1","6","40","","","","","","","","","","","","","","","","","","","B12","","","1","","2","3","","49","49","1","12","4","120.734271","24.121232","3"
"4575","66000","387130000C","(04)23274275","(04)23288582","2026","1","12","3","52","臺中市","南屯區","0","1","0","7","3","6","50","3","1","1","5","4","6","6","4","4","10","5","5","2","18","2","9","1","1","C03","7","9","1","10","2","12","11","84","84","1","12","4","120.621784","24.149721","2"
"4576","66000","387130000C","(04)23274275","(04)23288582","2026","1","12","4","14","臺中市","北區","0","2","0","7","1","6","30","4","1","1","5","4","6","6","1","1","10","5","5","2","16","2","9","5","4","F06","7","6","7","21","2","11","","11","11","1","13","4","120.677542","24.150426","2"
"4577","66000","387130000C","(04)23274275","(04)23288582","2026","1","12","4","16","臺中市","北區","0","0","0","7","","","50","","","","","","","","","","","","","","","","","","","B03","","","1","","1","","","84","84","1","13","4","120.686032","24.1466","3"
"4578","66000","387130000C","(04)23274275","(04)23288582","2026","1","12","4","17","臺中市","北區","0","2","0","7","1","6","50","4","1","1","5","4","6","6","1","1","10","5","5","2","17","2","9","1","1","C03","7","9","1","10","2","11","","84","84","1","12","4","120.677536","24.150592","2"
"4579","66000","387130000C","(04)23274275","(04)23288582","2026","1","12","6","13","臺中市","東區","0","2","0","7","1","3","80","13","9","1","5","4","6","6","4","4","1","3","5","1","13","2","9","5","4","B02","7","15","5","8","2","7","1","84","84","2","13","4","120.71013","24.137493","2"
"4580","66000","387130000C","(04)23274275","(04)23288582","2026","1","12","6","27","臺中市","太平區","0","0","0","7","2","6","30","","","","","","","","","","","","","","","","","","","C03","","","3","","9","11","","84","84","1","12","4","120.725536","24.142688","3"
"4581","66000","387130000C","(04)23274275","(04)23288582","2026","1","12","6","32","臺中市","龍井區","0","0","0","7","","","60","","","","","","","","","","","","","","13","","","","","B03","","","1","","1","","","84","84","1","6","4","120.573733","24.183566","3"
"4582","66000","387130000C","(04)23274275","(04)23288582","2026","1","12","6","58","臺中市","北區","0","1","0","7","3","6","50","4","2","1","5","4","6","6","4","4","5","4","5","2","15","2","9","5","4","C03","7","9","5","10","2","11","","12","12","1","13","4","120.680622","24.154623","2"
"4583","66000","387130000C","(04)23274275","(04)23288582","2026","1","12","7","8","臺中市","北區","0","1","0","7","2","6","50","13","9","1","5","4","6","6","4","4","1","4","5","2","17","2","8","5","4","C03","7","15","1","10","2","14","","85","85","1","13","4","120.683853","24.150574","2"
"4584","66000","387130000C","(04)23274275","(04)23288582","2026","1","12","7","8","臺中市","大里區","0","0","0","7","","","60","","","","","","","","","","","","","","13","","","","","B03","","","1","","2","","","7","7","1","13","4","120.678043","24.103808","3"
"4585","66000","387130000C","(04)23274275","(04)23288582","2026","1","12","7","11","臺中市","北屯區","0","2","0","7","2","6","50","3","1","1","5","4","6","6","1","1","10","5","5","2","16","2","9","1","1","C03","7","6","1","10","2","12","","11","11","1","6","4","120.698799","24.170287","2"
"4586","66000","387130000C","(04)23274275","(04)23288582","2026","1","12","7","11","臺中市","太平區","0","0","0","7","","","50","","","","","","","","","","","","","","13","","","","","B03","","","1","","2","","","7","7","1","13","4","120.720367","24.124199","3"
"4587","66000","387130000C","(04)23274275","(04)23288582","2026","1","12","7","14","臺中市","西屯區","0","0","0","7","","","50","","","","","","","","","","","","","","12","","","","","B03","","","1","","1","","","8","8","1","13","4","120.625673","24.183435","3"
"4588","66000","387130000C","(04)23274275","(04)23288582","2026","1","12","7","17","臺中市","太平區","0","0","0","7","","","50","","","","","","","","","","","","","","13","","","","","C03","","","1","","2","","","7","7","1","12","4","120.70081","24.147995","3"
"4589","66000","387130000C","(04)23274275","(04)23288582","2026","1","12","7","20","臺中市","豐原區","0","0","0","6","","","50","","","","","","","","","","","","","","","","","","","B03","","","1","","2","","","7","7","1","13","4","120.721208","24.268691","3"
"4590","66000","387130000C","(04)23274275","(04)23288582","2026","1","12","7","21","臺中市","豐原區","0","2","0","7","2","6","30","3","2","1","5","4","6","6","4","4","5","5","4","2","16","2","8","1","1","F03","7","6","7","21","2","14","","12","12","1","13","4","120.722566","24.239912","2"
"4591","66000","387130000C","(04)23274275","(04)23288582","2026","1","12","7","21","臺中市","豐原區","0","0","0","7","","","50","","","","","","","","","","","","","","13","","","","","B03","","","1","","2","","","40","40","1","13","4","120.699522","24.249027","3"
"4592","66000","387130000C","(04)23274275","(04)23288582","2026","1","12","7","22","臺中市","梧棲區","0","1","0","7","3","6","50","4","2","1","5","4","6","6","1","1","1","2","5","1","17","2","9","1","1","F03","7","9","7","21","2","11","","59","59","1","6","4","120.534615","24.246471","2"
"4593","66000","387130000C","(04)23274275","(04)23288582","2026","1","12","7","22","臺中市","豐原區","0","0","0","7","","","50","","","","","","","","","","","","","","16","","","","","C03","","","1","","2","","","40","40","1","6","4","120.744459","24.264654","3"
"4594","66000","387130000C","(04)23274275","(04)23288582","2026","1","12","7","27","臺中市","潭子區","0","0","0","7","","","50","","","","","","","","","","","","","","","","","","","B03","","","1","","2","","","48","48","1","13","4","120.70947","24.200332","3"
"4595","66000","387130000C","(04)23274275","(04)23288582","2026","1","12","7","28","臺中市","龍井區","0","1","0","7","1","6","50","13","9","1","5","4","6","6","4","4","9","4","5","1","18","2","9","1","1","C03","7","6","1","10","2","14","","54","54","1","6","4","120.588089","24.180909","2"
"4596","66000","387130000C","(04)23274275","(04)23288582","2026","1","12","7","29","臺中市","北屯區","0","2","0","6","3","6","30","3","1","1","5","4","6","6","3","1","10","5","5","2","11","2","9","2","1","C03","7","9","1","10","2","11","","24","24","1","6","4","120.703886","24.169496","2"
"4597","66000","387130000C","(04)23274275","(04)23288582","2026","1","12","7","30","臺中市","梧棲區","0","1","0","7","3","6","30","4","1","1","5","4","6","6","4","4","10","5","5","2","15","2","9","1","1","C03","7","9","1","10","9","12","","15","15","1","6","4","120.549907","24.256754","2"
"4598","66000","387130000C","(04)23274275","(04)23288582","2026","1","12","7","34","臺中市","太平區","0","1","0","7","2","6","50","3","1","1","5","4","6","6","4","4","10","5","5","2","16","3","10","3","1","B03","7","6","1","8","2","8","","14","14","1","13","4","120.711101","24.151647","2"
"4599","66000","387130000C","(04)23274275","(04)23288582","2026","1","12","7","35","臺中市","大雅區","0","0","0","6","","","50","","","","","","","","","","","","","","13","","","","","C03","","","1","","1","","","7","7","1","12","4","120.647158","24.226255","3"
"4600","66000","387130000C","(04)23274275","(04)23288582","2026","1","12","7","35","臺中市","北屯區","0","1","0","6","2","6","30","3","1","1","5","4","6","6","4","4","10","5","5","2","12","3","10","1","1","C03","7","9","1","9","1","12","","8","8","1","6","4","120.673307","24.18045","2"
"4601","66000","387130000C","(04)23274275","(04)23288582","2026","1","12","7","36","臺中市","南區","0","1","0","7","3","6","40","3","1","1","5","4","6","6","4","4","10","5","5","2","13","3","10","5","4","C03","7","9","1","10","2","11","","84","84","1","12","4","120.659597","24.116931","2"
"4602","66000","387130000C","(04)23274275","(04)23288582","2026","1","12","7","36","臺中市","梧棲區","0","0","0","7","","","50","","","","","","","","","","","","","","13","","","","","C03","","","1","","2","","","7","7","1","6","4","120.527811","24.24449","4"
"4603","66000","387130000C","(04)23274275","(04)23288582","2026","1","12","7","37","臺中市","北屯區","0","0","0","7","","","50","","","","","","","","","","","","","","13","","","","","B03","","","1","","1","","","7","7","1","6","4","120.712919","24.172994","3"
"4604","66000","387130000C","(04)23274275","(04)23288582","2026","1","12","7","37","臺中市","豐原區","0","0","0","6","","","50","","","","","","","","","","","","","","","","","","","B03","","","1","","2","","","84","84","1","13","4","120.710054","24.265346","3"
"4605","66000","387130000C","(04)23274275","(04)23288582","2026","1","12","7","38","臺中市","南屯區","0","2","0","7","2","6","50","4","2","1","5","4","6","6","2","1","5","4","5","2","13","3","10","1","1","C03","7","9","1","10","2","11","","7","7","1","12","4","120.647115","24.146909","2"
"4606","66000","387130000C","(04)23274275","(04)23288582","2026","1","12","7","38","臺中市","大里區","0","2","0","7","2","6","50","4","1","1","5","4","6","6","2","1","5","4","4","1","12","2","9","1","1","C03","7","9","1","10","2","14","","84","84","1","6","4","120.687894","24.094281","2"
"4607","66000","387130000C","(04)23274275","(04)23288582","2026","1","12","7","39","臺中市","北區","0","0","0","7","3","6","50","4","24","1","5","4","6","6","4","4","10","5","5","2","28","","","","","B01","","","1","","1","","","84","84","1","13","4","120.700739","24.158838","3"
"4608","66000","387130000C","(04)23274275","(04)23288582","2026","1","12","7","40","臺中市","北屯區","0","0","0","7","","","50","","","","","","","","","","","","","","17","","","","","","","","","","","","","86","86","1","","","120.662344","24.184974","3"
"4609","66000","387130000C","(04)23274275","(04)23288582","2026","1","12","7","40","臺中市","太平區","0","1","0","7","2","6","50","4","1","1","5","4","6","6","1","1","10","5","5","2","16","3","10","3","1","B03","7","6","1","8","2","2","","11","11","1","12","4","120.736103","24.13308","2"
"4610","66000","387130000C","(04)23274275","(04)23288582","2026","1","12","7","43","臺中市","北屯區","0","1","0","7","2","6","50","4","1","1","5","4","6","6","4","4","10","5","5","2","15","3","10","3","1","B12","7","9","1","8","2","5","","15","15","1","6","4","120.694027","24.178207","2"
"4611","66000","387130000C","(04)23274275","(04)23288582","2026","1","12","7","43","臺中市","西屯區","0","0","0","7","","","50","","","","","","","","","","","","","","13","","","","","C03","","","1","","1","","","7","7","1","12","4","120.59548","24.178024","3"
"4612","66000","387130000C","(04)23274275","(04)23288582","2026","1","12","7","45","臺中市","東區","0","0","0","7","","","50","","","","","","","","","","","","","","13","","","","","B03","","","1","","1","","","84","84","1","13","4","120.698437","24.132955","3"
"4613","66000","387130000C","(04)23274275","(04)23288582","2026","1","12","7","45","臺中市","太平區","0","0","0","7","","","50","","","","","","","","","","","","","","13","","","","","B12","","","1","","2","","","7","7","1","13","4","120.729178","24.107629","3"
"4614","66000","387130000C","(04)23274275","(04)23288582","2026","1","12","7","45","臺中市","龍井區","0","2","0","7","2","6","50","3","9","1","5","4","6","6","4","4","9","5","5","2","10","2","9","1","1","C03","7","9","1","10","2","11","","6","6","1","6","4","120.529659","24.181331","2"
"4615","66000","387130000C","(04)23274275","(04)23288582","2026","1","12","7","46","臺中市","大里區","0","0","0","7","","","50","","","","","","","","","","","","","","13","","","","","B03","","","1","","1","","","82","82","1","12","4","120.713534","24.09412","3"
"4616","66000","387130000C","(04)23274275","(04)23288582","2026","1","12","7","47","臺中市","大里區","0","1","0","7","3","6","50","13","9","1","5","4","6","6","4","4","5","4","5","1","16","3","10","5","4","B03","7","1","1","8","2","8","","20","20","1","13","4","120.677561","24.107882","2"
"4617","66000","387130000C","(04)23274275","(04)23288582","2026","1","12","7","47","臺中市","太平區","0","1","0","7","2","6","50","4","1","1","5","4","6","6","1","1","5","5","5","2","13","2","8","2","1","C03","7","9","1","10","2","11","","7","7","1","12","4","120.724133","24.111031","2"
"4618","66000","387130000C","(04)23274275","(04)23288582","2026","1","12","7","48","臺中市","大里區","0","0","0","7","","","60","","","","","","","","","","","","","","17","","","","","C03","","","1","","2","","","40","40","1","6","4","120.673088","24.102274","3"
"4619","66000","387130000C","(04)23274275","(04)23288582","2026","1","12","7","48","臺中市","烏日區","0","1","0","7","2","6","50","4","1","1","1","4","6","6","1","1","10","5","5","2","13","4","11","2","4","C03","7","9","3","19","9","11","","7","7","2","6","4","120.616246","24.105758","2"
"4620","66000","387130000C","(04)23274275","(04)23288582","2026","1","12","7","52","臺中市","潭子區","0","2","0","6","2","6","60","13","7","1","5","4","6","6","4","4","1","4","4","1","13","2","8","2","1","C03","7","8","1","10","2","13","","40","40","1","13","4","120.704128","24.203109","2"
"4621","66000","387130000C","(04)23274275","(04)23288582","2026","1","12","7","52","臺中市","西區","0","0","0","7","","","50","","","","","","","","","","","","","","12","","","","","B03","","","1","","1","","","59","59","1","13","4","120.658309","24.133689","3"
"4622","66000","387130000C","(04)23274275","(04)23288582","2026","1","12","7","53","臺中市","大肚區","0","0","0","7","","","50","","","","","","","","","","","","","","17","","","","","B03","","","1","","2","","","56","56","1","6","4","120.555136","24.129445","3"
"4623","66000","387130000C","(04)23274275","(04)23288582","2026","1","12","7","54","臺中市","潭子區","0","0","0","7","","","50","","","","","","","","","","","","","","","","","","","B03","","","1","","2","","","84","84","1","13","4","120.721702","24.194556","3"
"4624","66000","387130000C","(04)23274275","(04)23288582","2026","1","12","7","55","臺中市","南屯區","0","2","0","7","1","6","50","13","9","1","5","4","6","6","4","4","1","4","5","2","17","2","9","2","1","C03","7","9","1","10","2","15","","84","84","1","12","4","120.646788","24.141236","2"
"4625","66000","387130000C","(04)23274275","(04)23288582","2026","1","12","7","55","臺中市","沙鹿區","0","1","0","7","2","6","50","5","1","1","5","4","6","6","1","1","10","5","5","2","17","3","10","3","1","B03","7","1","1","8","2","8","","51","51","1","12","4","120.566226","24.251213","2"
"4626","66000","387130000C","(04)23274275","(04)23288582","2026","1","12","7","55","臺中市","神岡區","0","0","0","6","","","50","","","","","","","","","","","","","","13","","","","","C03","","","1","","2","","","7","7","1","12","4","120.694111","24.24562","3"
"4627","66000","387130000C","(04)23274275","(04)23288582","2026","1","12","7","56","臺中市","南屯區","0","0","0","7","","","50","","","","","","","","","","","","","","12","","","","","B03","","","1","","1","","","23","23","1","12","4","120.606319","24.145443","3"
"4628","66000","387130000C","(04)23274275","(04)23288582","2026","1","12","7","57","臺中市","北區","0","1","0","7","2","6","40","13","8","1","5","4","6","6","4","4","1","4","4","2","17","3","10","5","4","B03","7","1","1","8","2","8","","51","51","1","13","4","120.677503","24.153648","2"
"4629","66000","387130000C","(04)23274275","(04)23288582","2026","1","12","7","57","臺中市","南屯區","0","1","0","7","2","6","50","4","1","1","5","4","6","6","1","1","5","5","5","2","16","3","10","3","1","B03","7","6","1","8","2","2","","11","11","1","6","4","120.599723","24.139365","2"
"4630","66000","387130000C","(04)23274275","(04)23288582","2026","1","12","7","57","臺中市","南屯區","0","1","0","7","2","6","50","13","9","1","5","4","6","6","4","4","9","4","5","2","12","3","10","3","1","B03","7","7","1","8","2","2","","43","43","1","12","4","120.647018","24.154602","2"
"4631","66000","387130000C","(04)23274275","(04)23288582","2026","1","12","7","59","臺中市","北屯區","0","1","0","7","2","6","50","3","1","1","5","4","6","6","1","1","10","5","5","2","16","3","10","3","1","B03","7","5","1","8","1","6","","20","20","1","6","4","120.713971","24.170333","2"
"4632","66000","387130000C","(04)23274275","(04)23288582","2026","1","12","8","1","臺中市","西屯區","0","1","0","7","2","6","30","4","1","1","5","4","6","6","4","4","10","5","5","2","15","2","9","2","1","C03","7","9","1","10","2","12","","15","15","1","12","4","120.61668","24.188105","2"
"4633","66000","387130000C","(04)23274275","(04)23288582","2026","1","12","8","1","臺中市","西屯區","0","1","0","7","2","6","50","4","1","1","5","4","6","6","1","1","10","5","5","2","13","2","9","5","1","C03","7","9","1","10","2","12","","7","7","1","12","4","120.608701","24.155387","2"
"4634","66000","387130000C","(04)23274275","(04)23288582","2026","1","12","8","3","臺中市","南區","0","1","0","7","1","6","50","13","9","1","5","4","6","6","4","4","3","4","4","2","17","3","10","5","4","B03","7","9","1","8","2","2","","87","87","1","12","4","120.662485","24.127456","2"
"4635","66000","387130000C","(04)23274275","(04)23288582","2026","1","12","8","4","臺中市","大里區","0","1","0","7","2","6","50","13","9","1","5","4","6","6","4","4","9","5","5","2","16","3","10","3","1","B03","7","6","1","8","2","5","","84","84","1","6","4","120.707158","24.10248","2"
"4636","66000","387130000C","(04)23274275","(04)23288582","2026","1","12","8","7","臺中市","沙鹿區","0","0","0","7","","","40","","","","","","","","","","","","","","14","","","","","B03","","","1","","2","","","50","50","1","6","4","120.559166","24.23454","3"
"4637","66000","387130000C","(04)23274275","(04)23288582","2026","1","12","8","9","臺中市","南區","0","0","0","7","","","50","","","","","","","","","","","","","","17","","","","","C01","","","3","","1","","","51","51","1","12","4","120.663832","24.116476","3"
"4638","66000","387130000C","(04)23274275","(04)23288582","2026","1","12","8","9","臺中市","西屯區","0","0","0","6","","","50","","","","","","","","","","","","","","13","","","","","C03","","","1","","1","","","59","59","1","12","4","120.658441","24.200913","3"
"4639","66000","387130000C","(04)23274275","(04)23288582","2026","1","12","8","9","臺中市","龍井區","0","1","0","7","1","6","60","4","1","1","5","4","6","6","1","1","3","4","4","1","15","3","10","3","1","B12","7","9","1","8","2","1","","21","21","1","6","4","120.542433","24.218988","2"
"4640","66000","387130000C","(04)23274275","(04)23288582","2026","1","12","8","10","臺中市","南屯區","0","1","0","7","2","6","50","4","1","1","5","4","6","6","4","4","5","4","5","2","15","2","9","2","1","C03","7","9","1","10","2","11","","12","12","1","12","4","120.640642","24.130824","2"
"4641","66000","387130000C","(04)23274275","(04)23288582","2026","1","12","8","10","臺中市","西屯區","0","0","0","7","","","50","","","","","","","","","","","","","","15","","","","","B03","","","1","","2","","","12","12","1","13","4","120.660902","24.167681","3"
"4642","66000","387130000C","(04)23274275","(04)23288582","2026","1","12","8","19","臺中市","西屯區","0","2","0","7","2","6","50","4","1","1","5","4","6","6","2","1","10","5","5","2","16","2","9","5","4","C03","7","6","1","10","2","13","","11","11","1","13","4","120.641679","24.178257","2"
"4643","66000","387130000C","(04)23274275","(04)23288582","2026","1","12","8","23","臺中市","大里區","0","0","0","7","","","50","","","","","","","","","","","","","","12","","","","","B12","","","1","","2","","","8","8","1","13","4","120.708904","24.110883","3"