序號,縣市別代碼,機關代碼,市話,傳真,年,月,日,時,分,縣市,區,死亡數量,受傷數量,2-30,天候,道路照明設備,道路類別,道路速限,道路型態,事故位置,路面鋪裝,路面狀態,路面缺陷,障礙物,視距,號誌種類,號誌動作,分向設施,快車道或一般車道間,快慢車道間,路面邊線,事故類型及型態,受傷程度,主要傷處,保護裝備,行動電話或功能裝置,當事者區分(類別),車輛用途,當事者行動狀態,駕照狀態,駕照種類,飲酒情形,車輛撞擊部位最初,車輛撞擊部位其他,肇事因素個別,肇事因素主要,肇事逃逸,職業,共享經濟或外送平台,GPS座標X,GPS座標Y,事故類別
"4644","66000","387130000C","(04)23274275","(04)23288582","2026","1","12","8","25","臺中市","沙鹿區","0","0","0","7","","","50","","","","","","","","","","","","","","17","","","","","B03","","","1","","1","","","82","82","1","6","4","120.55856","24.232448","3"
"4645","66000","387130000C","(04)23274275","(04)23288582","2026","1","12","8","27","臺中市","南屯區","0","0","0","7","","","50","","","","","","","","","","","","","","12","","","","","B03","","","1","","1","","","8","8","1","12","4","120.623609","24.149419","3"
"4646","66000","387130000C","(04)23274275","(04)23288582","2026","1","12","8","33","臺中市","西屯區","0","0","0","7","","","60","","","","","","","","","","","","","","16","","","","","B03","","","1","","1","","","40","40","1","12","4","120.645909","24.164589","3"
"4647","66000","387130000C","(04)23274275","(04)23288582","2026","1","12","8","35","臺中市","北屯區","0","1","0","7","3","6","50","4","1","1","5","4","6","6","1","1","10","5","5","2","12","3","10","3","1","B03","7","5","1","8","2","5","","85","85","1","6","4","120.679782","24.1851","2"
"4648","66000","387130000C","(04)23274275","(04)23288582","2026","1","12","8","36","臺中市","太平區","0","1","0","7","2","6","50","13","9","1","5","4","6","6","4","4","1","5","4","1","16","3","10","3","1","B03","7","11","1","8","2","8","","45","45","1","13","4","120.724128","24.132376","2"
"4649","66000","387130000C","(04)23274275","(04)23288582","2026","1","12","8","38","臺中市","北區","0","0","0","7","","","50","","","","","","","","","","","","","","11","","","","","C03","","","1","","1","","","26","26","1","13","4","120.676014","24.160529","3"
"4650","66000","387130000C","(04)23274275","(04)23288582","2026","1","12","8","39","臺中市","西屯區","0","0","0","7","","","50","","","","","","","","","","","","","","12","","","","","B03","","","1","","1","","","40","40","1","12","4","120.643343","24.166007","3"
"4651","66000","387130000C","(04)23274275","(04)23288582","2026","1","12","8","39","臺中市","大里區","0","0","0","7","","3","80","","","","","","","","","","","","","","13","","","","","B03","","","1","","2","","","7","7","1","12","4","120.690704","24.098029","3"
"4652","66000","387130000C","(04)23274275","(04)23288582","2026","1","12","8","40","臺中市","西屯區","0","1","0","6","2","6","40","3","2","1","5","4","6","6","2","1","10","5","5","2","9","3","10","3","1","A04","7","12","1","2","2","16","","84","84","1","12","4","120.639262","24.169273","2"
"4653","66000","387130000C","(04)23274275","(04)23288582","2026","1","12","8","41","臺中市","大里區","0","1","0","7","2","6","50","13","9","1","5","4","6","6","1","1","5","4","4","1","12","3","10","3","1","B03","7","9","1","8","2","2","","85","85","1","6","4","120.676911","24.100318","2"
"4654","66000","387130000C","(04)23274275","(04)23288582","2026","1","12","8","41","臺中市","神岡區","0","1","0","7","1","6","50","3","1","1","5","4","6","6","4","4","10","5","5","1","16","3","10","3","1","G02","7","6","1","8","2","17","","14","14","1","12","4","120.688712","24.261168","2"
"4655","66000","387130000C","(04)23274275","(04)23288582","2026","1","12","8","42","臺中市","西屯區","0","0","0","7","","","50","","","","","","","","","","","","","","13","","","","","B03","","","1","","1","","","56","56","1","13","4","120.641518","24.15494","3"
"4656","66000","387130000C","(04)23274275","(04)23288582","2026","1","12","8","44","臺中市","北區","0","1","0","7","2","6","50","13","9","1","5","4","6","6","1","1","1","4","5","2","17","2","9","5","4","C03","7","9","1","10","2","14","","8","8","1","13","4","120.682775","24.15389","2"
"4657","66000","387130000C","(04)23274275","(04)23288582","2026","1","12","8","45","臺中市","南區","0","0","0","7","","","50","","","","","","","","","","","","","","12","","","","","B03","","","1","","1","","","84","84","1","13","4","120.653418","24.116851","3"
"4658","66000","387130000C","(04)23274275","(04)23288582","2026","1","12","8","51","臺中市","西區","0","1","0","7","2","6","40","4","1","1","5","4","6","6","1","1","10","5","5","2","17","2","9","2","1","C03","7","4","1","10","2","11","","1","1","1","12","4","120.667297","24.140617","2"
"4659","66000","387130000C","(04)23274275","(04)23288582","2026","1","12","8","52","臺中市","北屯區","0","1","0","6","2","6","50","4","1","1","5","4","6","6","3","1","10","5","5","2","16","3","10","3","1","B03","7","5","1","8","1","6","","20","20","1","6","4","120.689598","24.196558","2"
"4660","66000","387130000C","(04)23274275","(04)23288582","2026","1","12","8","55","臺中市","南屯區","0","1","0","7","2","6","50","13","9","1","5","4","6","6","4","4","5","2","5","2","18","2","9","1","1","C03","7","9","1","10","2","15","","59","59","1","6","4","120.634524","24.13889","2"
"4661","66000","387130000C","(04)23274275","(04)23288582","2026","1","12","8","55","臺中市","西屯區","0","1","0","7","1","6","50","3","1","1","5","4","6","6","4","4","10","5","5","2","17","3","10","1","1","C03","7","6","1","10","2","16","","14","14","1","12","4","120.64829","24.155679","2"
"4662","66000","387130000C","(04)23274275","(04)23288582","2026","1","12","8","59","臺中市","西區","0","0","0","7","","","50","","","","","","","","","","","","","","12","","","","","C03","","","1","","1","","","7","7","1","13","4","120.663203","24.135205","3"
"4663","66000","387130000C","(04)23274275","(04)23288582","2026","1","12","9","0","臺中市","潭子區","0","0","0","7","","","30","","","","","","","","","","","","","","","","","","","A12","","","1","","2","","","49","49","1","13","4","120.706707","24.220125","3"
"4664","66000","387130000C","(04)23274275","(04)23288582","2026","1","12","9","0","臺中市","太平區","0","0","0","7","","","50","","","","","","","","","","","","","","17","","","","","B03","","","1","","2","","","50","50","1","12","4","120.713965","24.155688","3"
"4665","66000","387130000C","(04)23274275","(04)23288582","2026","1","12","9","1","臺中市","大雅區","0","0","1","6","1","6","0","13","14","1","5","4","6","6","4","4","9","5","4","1","27","5","9","2","1","C03","7","9","5","19","2","12","","84","84","1","12","4","120.672612","24.229785","2"
"4666","66000","387130000C","(04)23274275","(04)23288582","2026","1","12","9","1","臺中市","南區","0","1","0","7","3","6","50","13","7","1","5","4","6","6","4","4","10","4","4","2","16","3","10","5","4","B03","7","11","1","8","2","4","","84","84","1","12","4","120.661512","24.113105","2"
"4667","66000","387130000C","(04)23274275","(04)23288582","2026","1","12","9","2","臺中市","龍井區","0","0","0","7","","","40","","","","","","","","","","","","","","","","","","","A11","","","1","","1","","","8","8","1","6","4","120.519351","24.199019","3"
"4668","66000","387130000C","(04)23274275","(04)23288582","2026","1","12","9","5","臺中市","北區","0","0","0","7","3","6","50","18","24","1","5","4","6","6","4","4","10","5","5","2","17","","","","","B03","","","1","","2","","","49","49","1","13","4","120.695077","24.158068","3"
"4669","66000","387130000C","(04)23274275","(04)23288582","2026","1","12","9","14","臺中市","南區","0","0","0","7","","","50","","","","","","","","","","","","","","12","","","","","B12","","","1","","2","","","50","50","1","13","4","120.663854","24.116886","3"
"4670","66000","387130000C","(04)23274275","(04)23288582","2026","1","12","9","15","臺中市","北屯區","0","0","0","7","","","50","","","","","","","","","","","","","","15","","","","","B03","","","3","","2","","","15","15","1","6","4","120.683983","24.180976","3"
"4671","66000","387130000C","(04)23274275","(04)23288582","2026","1","12","9","18","臺中市","大甲區","0","1","0","7","2","6","50","3","9","1","5","4","6","6","3","1","6","3","5","1","12","2","9","1","1","C03","7","6","3","19","2","12","","24","24","1","12","4","120.617161","24.351834","2"
"4672","66000","387130000C","(04)23274275","(04)23288582","2026","1","12","9","19","臺中市","烏日區","0","0","0","7","","","50","","","","","","","","","","","","","","16","","","","","A11","","","1","","3","","","14","14","1","6","4","120.635819","24.094552","3"
"4673","66000","387130000C","(04)23274275","(04)23288582","2026","1","12","9","20","臺中市","西屯區","0","0","0","7","","","50","","","","","","","","","","","","","","12","","","","","B12","","","1","","2","","","50","50","1","12","4","120.651616","24.163851","3"
"4674","66000","387130000C","(04)23274275","(04)23288582","2026","1","12","9","20","臺中市","大里區","0","0","0","7","","","50","","","","","","","","","","","","","","","","","","","B03","","","1","","2","","","84","84","1","13","4","120.695184","24.088631","3"
"4675","66000","387130000C","(04)23274275","(04)23288582","2026","1","12","9","27","臺中市","西屯區","0","0","0","7","","","50","","","","","","","","","","","","","","13","","","","","B01","","","1","","2","","","59","59","1","12","4","120.664888","24.166598","3"
"4676","66000","387130000C","(04)23274275","(04)23288582","2026","1","12","9","27","臺中市","神岡區","0","2","0","6","2","6","30","13","9","1","5","4","6","6","4","4","10","5","5","2","11","2","9","5","4","C03","7","9","1","10","2","11","","84","84","1","12","4","120.69279","24.236415","2"
"4677","66000","387130000C","(04)23274275","(04)23288582","2026","1","12","9","34","臺中市","西屯區","0","0","0","6","","","50","","","","","","","","","","","","","","17","","","","","B11","","","1","","2","","","8","8","1","12","4","120.662026","24.172024","3"
"4678","66000","387130000C","(04)23274275","(04)23288582","2026","1","12","9","36","臺中市","梧棲區","0","0","0","7","","","50","","","","","","","","","","","","","","13","","","","","B12","","","1","","1","","","59","59","1","6","4","120.534211","24.246501","3"
"4679","66000","387130000C","(04)23274275","(04)23288582","2026","1","12","9","37","臺中市","西屯區","0","0","0","7","","","50","","","","","","","","","","","","","","13","","","","","B03","","","1","","1","","","7","7","1","13","4","120.627624","24.183972","3"
"4680","66000","387130000C","(04)23274275","(04)23288582","2026","1","12","9","38","臺中市","新社區","0","2","0","7","2","6","50","4","1","1","5","4","6","6","1","1","10","5","5","2","12","2","9","1","1","C03","7","5","3","19","2","12","","11","11","1","12","4","120.806793","24.255912","2"
"4681","66000","387130000C","(04)23274275","(04)23288582","2026","1","12","9","40","臺中市","東區","0","0","0","7","","","50","","","","","","","","","","","","","","14","","","","","B12","","","1","","1","","","49","49","1","13","4","120.705094","24.136975","3"
"4682","66000","387130000C","(04)23274275","(04)23288582","2026","1","12","9","42","臺中市","潭子區","0","1","0","7","3","6","60","4","1","1","5","4","6","6","1","1","1","4","4","1","17","3","10","3","1","A11","7","5","1","5","2","6","","11","11","1","13","4","120.705749","24.218166","2"
"4683","66000","387130000C","(04)23274275","(04)23288582","2026","1","12","9","43","臺中市","北屯區","0","1","0","7","1","6","50","13","9","1","5","4","6","6","4","4","3","4","5","2","12","2","7","1","1","F02","7","9","7","21","2","14","","84","84","1","13","4","120.669668","24.176693","2"
"4684","66000","387130000C","(04)23274275","(04)23288582","2026","1","12","9","50","臺中市","北區","0","1","0","7","2","6","50","4","1","1","5","4","6","6","1","1","10","5","5","2","16","3","10","5","4","C03","7","6","1","10","2","14","","48","48","1","13","4","120.677746","24.168537","2"
"4685","66000","387130000C","(04)23274275","(04)23288582","2026","1","12","9","52","臺中市","北屯區","0","0","0","7","","","40","","","","","","","","","","","","","","17","","","","","C03","","","1","","9","","","84","84","2","12","4","120.687765","24.171629","3"
"4686","66000","387130000C","(04)23274275","(04)23288582","2026","1","12","9","53","臺中市","后里區","0","0","0","6","2","6","50","3","1","1","5","4","6","6","3","1","5","5","5","2","16","3","10","3","1","B03","7","5","1","8","2","8","","24","24","1","12","4","120.730986","24.304847","3"
"4687","66000","387130000C","(04)23274275","(04)23288582","2026","1","12","9","54","臺中市","西屯區","0","0","0","7","","","50","","","","","","","","","","","","","","13","","","","","B03","","","1","","1","","","84","84","1","13","4","120.650258","24.162346","3"
"4688","66000","387130000C","(04)23274275","(04)23288582","2026","1","12","9","54","臺中市","大里區","0","0","0","7","","","40","","","","","","","","","","","","","","","","","","","B03","","","1","","2","","","51","51","1","12","4","120.680959","24.100114","3"
"4689","66000","387130000C","(04)23274275","(04)23288582","2026","1","12","10","5","臺中市","大雅區","0","0","0","7","","","50","","","","","","","","","","","","","","","","","","","B03","","","1","","1","","","40","40","1","13","4","120.645429","24.221915","3"
"4690","66000","387130000C","(04)23274275","(04)23288582","2026","1","12","10","5","臺中市","太平區","0","1","0","7","2","6","40","13","7","1","5","4","6","6","4","4","9","5","4","2","16","2","9","1","1","C03","7","1","1","10","2","14","","51","51","1","12","4","120.733811","24.147176","2"
"4691","66000","387130000C","(04)23274275","(04)23288582","2026","1","12","10","6","臺中市","北區","0","1","0","7","3","6","50","4","1","1","5","4","6","6","1","1","10","5","5","2","9","3","10","5","4","B03","7","5","1","8","2","1","","10","10","1","13","4","120.677943","24.149431","2"
"4692","66000","387130000C","(04)23274275","(04)23288582","2026","1","12","10","12","臺中市","西屯區","0","0","0","7","","","50","","","","","","","","","","","","","","12","","","","","B03","","","1","","1","","","40","40","1","12","4","120.65722","24.196875","3"
"4693","66000","387130000C","(04)23274275","(04)23288582","2026","1","12","10","18","臺中市","南屯區","0","0","0","7","","","50","","","","","","","","","","","","","","","","","","","B03","","","1","","1","","","59","59","1","12","4","120.635018","24.15258","3"
"4694","66000","387130000C","(04)23274275","(04)23288582","2026","1","12","10","20","臺中市","大肚區","0","0","0","7","","","30","","","","","","","","","","","","","","17","","","","","A12","","","1","","2","","","84","84","1","6","4","120.564056","24.114546","3"
"4695","66000","387130000C","(04)23274275","(04)23288582","2026","1","12","10","23","臺中市","大里區","0","1","0","7","2","6","50","13","9","1","5","4","6","6","4","4","5","5","5","2","12","3","10","3","1","B03","7","9","1","8","2","2","","8","8","1","6","4","120.700225","24.085695","2"
"4696","66000","387130000C","(04)23274275","(04)23288582","2026","1","12","10","23","臺中市","大里區","0","2","0","7","3","6","50","4","1","1","5","4","6","6","3","1","5","4","5","1","3","2","9","5","4","C03","7","9","1","10","2","11","","10","10","1","13","4","120.666201","24.111999","2"
"4697","66000","387130000C","(04)23274275","(04)23288582","2026","1","12","10","31","臺中市","西屯區","0","0","0","7","","","0","","","","","","","","","","","","","","17","","","","","B02","","","1","","1","","","51","51","1","12","4","120.627","24.177534","3"
"4698","66000","387130000C","(04)23274275","(04)23288582","2026","1","12","10","32","臺中市","梧棲區","0","0","0","7","","","60","","","","","","","","","","","","","","13","","","","","A11","","","1","","2","","","84","84","1","6","4","120.539475","24.257071","3"
"4699","66000","387130000C","(04)23274275","(04)23288582","2026","1","12","10","35","臺中市","新社區","0","1","0","7","2","6","50","13","9","1","5","4","6","6","4","4","5","5","5","1","30","2","9","1","4","C03","7","15","1","10","2","11","","84","84","1","12","4","120.807681","24.257027","2"
"4700","66000","387130000C","(04)23274275","(04)23288582","2026","1","12","10","39","臺中市","北區","0","0","0","7","","","30","","","","","","","","","","","","","","17","","","","","B03","","","6","","2","","","85","85","1","13","4","120.671026","24.169945","4"
"4701","66000","387130000C","(04)23274275","(04)23288582","2026","1","12","10","45","臺中市","南屯區","0","0","0","7","","","50","","","","","","","","","","","","","","17","","","","","B03","","","1","","1","","","51","51","1","12","4","120.641227","24.133367","3"
"4702","66000","387130000C","(04)23274275","(04)23288582","2026","1","12","10","56","臺中市","北區","0","1","0","7","3","6","50","18","24","1","5","4","6","6","4","4","5","4","5","2","17","2","9","5","4","C04","7","9","1","10","2","11","","7","7","1","13","4","120.681341","24.156743","2"
"4703","66000","387130000C","(04)23274275","(04)23288582","2026","1","12","11","0","臺中市","新社區","0","0","0","7","","","50","","","","","","","","","","","","","","","","","","","B03","","","1","","1","","","50","50","1","12","4","120.79751","24.202942","3"
"4704","66000","387130000C","(04)23274275","(04)23288582","2026","1","12","11","1","臺中市","潭子區","0","0","0","7","","","60","","","","","","","","","","","","","","13","","","","","B03","","","1","","2","","","84","84","1","12","4","120.702642","24.197057","3"
"4705","66000","387130000C","(04)23274275","(04)23288582","2026","1","12","11","1","臺中市","清水區","0","1","0","7","2","6","50","3","1","1","5","4","6","6","4","4","1","2","5","2","16","3","10","3","1","A41","7","5","1","1","2","8","","14","14","1","6","4","120.534296","24.271592","2"
"4706","66000","387130000C","(04)23274275","(04)23288582","2026","1","12","11","5","臺中市","沙鹿區","0","0","0","7","","","50","","","","","","","","","","","","","","17","","","","","A11","","","1","","2","","","8","8","1","6","4","120.614845","24.241297","3"
"4707","66000","387130000C","(04)23274275","(04)23288582","2026","1","12","11","8","臺中市","南屯區","0","2","0","7","2","6","50","4","1","1","5","4","6","6","2","1","5","5","5","2","17","2","9","3","1","B01","7","6","1","4","2","8","","11","11","1","6","4","120.634328","24.144217","2"
"4708","66000","387130000C","(04)23274275","(04)23288582","2026","1","12","11","9","臺中市","北屯區","0","1","0","7","2","6","50","13","8","1","5","4","6","6","4","4","5","5","4","2","17","3","10","3","1","B03","7","15","1","8","2","5","","84","84","1","6","4","120.694565","24.176313","2"
"4709","66000","387130000C","(04)23274275","(04)23288582","2026","1","12","11","13","臺中市","烏日區","0","1","0","7","2","6","40","4","1","1","5","4","6","6","1","1","10","5","5","2","16","2","9","2","1","C03","7","9","1","10","2","11","","58","58","1","6","4","120.644151","24.087687","2"
"4710","66000","387130000C","(04)23274275","(04)23288582","2026","1","12","11","14","臺中市","豐原區","0","0","0","6","","","50","","","","","","","","","","","","","","","","","","","B03","","","1","","2","","","49","49","1","13","4","120.710678","24.246718","3"
"4711","66000","387130000C","(04)23274275","(04)23288582","2026","1","12","11","19","臺中市","梧棲區","0","0","0","7","","","70","","","","","","","","","","","","","","13","","","","","B03","","","1","","2","","","59","59","1","12","4","120.549895","24.239901","3"
"4712","66000","387130000C","(04)23274275","(04)23288582","2026","1","12","11","23","臺中市","西區","0","1","0","7","2","6","40","3","2","1","5","4","6","6","4","4","5","5","5","2","17","2","9","2","1","C03","7","6","1","10","2","14","12","4","4","1","12","4","120.660668","24.157872","2"
"4713","66000","387130000C","(04)23274275","(04)23288582","2026","1","12","11","23","臺中市","清水區","0","2","0","7","3","6","50","3","1","1","5","4","6","6","4","4","5","5","4","2","13","2","9","1","1","C03","7","9","1","10","2","13","","7","7","1","12","4","120.61182","24.277286","2"
"4714","66000","387130000C","(04)23274275","(04)23288582","2026","1","12","11","26","臺中市","北區","0","1","0","7","2","6","50","5","1","1","5","4","6","6","1","1","10","5","5","2","13","3","10","5","4","C03","7","15","1","10","2","14","","7","7","1","13","4","120.684261","24.15379","2"
"4715","66000","387130000C","(04)23274275","(04)23288582","2026","1","12","11","28","臺中市","豐原區","0","1","0","7","2","6","30","3","1","1","5","4","6","6","4","4","9","5","5","2","10","2","8","1","2","C03","7","9","1","10","2","11","12","62","62","1","13","4","120.720282","24.230008","2"
"4716","66000","387130000C","(04)23274275","(04)23288582","2026","1","12","11","33","臺中市","西屯區","0","0","0","7","","","0","","","","","","","","","","","","","","12","","","","","B03","","","1","","1","","","8","8","1","12","4","120.632618","24.162101","3"
"4717","66000","387130000C","(04)23274275","(04)23288582","2026","1","12","11","34","臺中市","沙鹿區","0","0","0","7","","","40","","","","","","","","","","","","","","17","","","","","B03","","","1","","9","","","85","85","1","12","4","120.567569","24.206372","3"
"4718","66000","387130000C","(04)23274275","(04)23288582","2026","1","12","11","35","臺中市","東區","0","1","0","7","1","6","50","4","1","1","5","4","6","6","1","1","10","5","5","2","18","2","9","5","4","F01","7","9","7","21","2","15","","84","84","1","12","4","120.692394","24.140039","2"
"4719","66000","387130000C","(04)23274275","(04)23288582","2026","1","12","11","35","臺中市","后里區","0","0","0","7","2","6","40","13","7","1","5","4","6","6","4","4","9","5","4","2","17","3","10","1","1","C03","7","1","1","10","2","11","","51","51","1","12","4","120.708154","24.308541","3"
"4720","66000","387130000C","(04)23274275","(04)23288582","2026","1","12","11","37","臺中市","西屯區","0","0","0","7","","","50","","","","","","","","","","","","","","13","","","","","C03","","","1","","2","","","7","7","1","13","4","120.656839","24.168616","3"
"4721","66000","387130000C","(04)23274275","(04)23288582","2026","1","12","11","45","臺中市","南區","0","1","0","7","2","6","1","13","8","1","5","4","6","6","4","4","10","5","5","2","17","2","9","2","1","C03","7","1","1","10","2","11","","51","51","1","13","4","120.654248","24.114849","2"
"4722","66000","387130000C","(04)23274275","(04)23288582","2026","1","12","11","47","臺中市","潭子區","0","1","0","7","3","9","60","13","8","1","5","4","6","6","4","4","1","4","4","1","17","3","10","3","1","B03","7","1","5","19","2","8","","51","51","1","13","4","120.689142","24.220743","2"
"4723","66000","387130000C","(04)23274275","(04)23288582","2026","1","12","11","50","臺中市","北區","0","0","0","7","3","6","50","18","24","1","5","4","6","6","4","4","5","4","5","2","17","","","","","B03","","","1","","1","","","51","51","1","13","4","120.681806","24.167354","3"
"4724","66000","387130000C","(04)23274275","(04)23288582","2026","1","12","11","58","臺中市","西區","0","0","0","7","","","30","","","","","","","","","","","","","","","","","","","B03","","","1","","1","","","84","84","1","12","4","120.660949","24.155504","3"
"4725","66000","387130000C","(04)23274275","(04)23288582","2026","1","12","12","0","臺中市","西區","0","0","0","7","","","30","","","","","","","","","","","","","","15","","","","","B13","","","1","","1","","","12","12","1","12","4","120.65678","24.154647","3"
"4726","66000","387130000C","(04)23274275","(04)23288582","2026","1","12","12","0","臺中市","北屯區","0","1","0","6","3","6","50","4","1","1","5","4","6","6","1","1","10","5","5","2","16","3","10","3","1","B03","7","6","1","8","2","5","","48","48","1","6","4","120.672473","24.187901","2"
"4727","66000","387130000C","(04)23274275","(04)23288582","2026","1","12","12","2","臺中市","太平區","0","1","0","7","2","6","50","3","1","1","5","4","6","6","4","4","10","5","5","2","3","3","10","3","1","B03","7","9","1","7","2","2","","10","10","1","13","4","120.720547","24.120578","2"
"4728","66000","387130000C","(04)23274275","(04)23288582","2026","1","12","12","2","臺中市","神岡區","0","2","0","7","1","6","50","4","2","1","5","4","6","6","4","4","5","5","4","2","11","3","10","3","1","B03","7","11","1","8","2","5","","39","39","1","12","4","120.680107","24.248465","2"
"4729","66000","387130000C","(04)23274275","(04)23288582","2026","1","12","12","4","臺中市","沙鹿區","0","1","0","7","2","6","50","5","1","1","5","4","6","6","4","4","10","5","5","2","15","2","3","2","1","C03","7","9","3","19","2","12","","15","15","1","6","4","120.569666","24.25402","2"
"4730","66000","387130000C","(04)23274275","(04)23288582","2026","1","12","12","10","臺中市","北屯區","0","0","0","7","","","50","","","","","","","","","","","","","","13","","","","","B12","","","1","","1","","","7","7","1","6","4","120.687326","24.201653","3"
"4731","66000","387130000C","(04)23274275","(04)23288582","2026","1","12","12","11","臺中市","神岡區","0","2","0","6","2","6","50","3","2","1","5","4","6","6","4","4","5","5","5","1","3","2","9","5","4","C03","7","9","1","10","2","11","","84","84","1","12","4","120.653294","24.280695","2"
"4732","66000","387130000C","(04)23274275","(04)23288582","2026","1","12","12","13","臺中市","大雅區","0","1","0","6","2","6","50","4","1","1","5","4","6","6","4","4","5","5","5","1","15","2","8","2","1","F03","7","9","7","21","2","12","","15","15","1","13","4","120.647229","24.225728","2"
"4733","66000","387130000C","(04)23274275","(04)23288582","2026","1","12","12","13","臺中市","大甲區","0","0","0","7","","","50","","","","","","","","","","","","","","","","","","","B03","","","1","","11","","","86","86","1","13","4","120.655679","24.395118","3"
"4734","66000","387130000C","(04)23274275","(04)23288582","2026","1","12","12","15","臺中市","北區","0","1","0","7","3","6","50","4","1","1","5","4","6","6","2","1","10","5","5","2","9","3","10","5","4","B03","7","6","1","8","2","1","","10","10","1","13","4","120.675441","24.160436","2"
"4735","66000","387130000C","(04)23274275","(04)23288582","2026","1","12","12","18","臺中市","豐原區","0","0","0","7","2","6","50","4","1","1","5","4","6","6","3","1","5","5","5","2","14","3","10","3","1","B03","7","2","1","8","9","3","","49","49","2","12","4","120.717096","24.261775","3"
"4736","66000","387130000C","(04)23274275","(04)23288582","2026","1","12","12","19","臺中市","北屯區","0","0","0","7","","","50","","","","","","","","","","","","","","14","","","","","B03","","","1","","9","","","49","49","1","6","4","120.678116","24.18431","3"
"4737","66000","387130000C","(04)23274275","(04)23288582","2026","1","12","12","19","臺中市","烏日區","0","0","0","7","","","60","","","","","","","","","","","","","","12","","","","","C03","","","1","","2","","","8","8","1","6","4","120.627554","24.104273","3"
"4738","66000","387130000C","(04)23274275","(04)23288582","2026","1","12","12","20","臺中市","大肚區","0","0","0","7","","","50","","","","","","","","","","","","","","12","","","","","B03","","","1","","2","","","51","51","1","6","4","120.574342","24.15966","3"
"4739","66000","387130000C","(04)23274275","(04)23288582","2026","1","12","12","23","臺中市","南屯區","0","0","0","7","","","50","","","","","","","","","","","","","","13","","","","","B01","","","1","","2","","","59","59","1","12","4","120.636084","24.146616","3"
"4740","66000","387130000C","(04)23274275","(04)23288582","2026","1","12","12","24","臺中市","南屯區","0","0","0","7","","","50","","","","","","","","","","","","","","","","","","","C03","","","1","","2","","","7","7","1","12","4","120.63603","24.146597","3"
"4741","66000","387130000C","(04)23274275","(04)23288582","2026","1","12","12","26","臺中市","太平區","0","1","0","7","2","6","50","4","2","1","4","4","6","6","1","1","5","5","5","1","17","2","9","2","1","C03","7","9","1","10","2","11","","84","84","1","12","4","120.706216","24.117186","2"
"4742","66000","387130000C","(04)23274275","(04)23288582","2026","1","12","12","28","臺中市","南屯區","0","0","0","7","","","50","","","","","","","","","","","","","","13","","","","","B03","","","1","","1","","","59","59","1","12","4","120.653202","24.140115","3"
"4743","66000","387130000C","(04)23274275","(04)23288582","2026","1","12","12","28","臺中市","大里區","0","0","0","7","3","6","50","13","9","1","5","4","6","6","4","4","5","5","5","2","13","","","","","C03","","","1","","2","","","62","62","1","12","4","120.689298","24.116555","3"
"4744","66000","387130000C","(04)23274275","(04)23288582","2026","1","12","12","32","臺中市","太平區","0","0","0","7","","","30","","","","","","","","","","","","","","","","","","","B02","","","1","","2","","","20","20","1","12","4","120.708906","24.154258","3"
"4745","66000","387130000C","(04)23274275","(04)23288582","2026","1","12","12","35","臺中市","大雅區","0","0","0","7","","","50","","","","","","","","","","","","","","","","","","","C03","","","1","","2","","","84","84","1","13","4","120.647806","24.223305","3"
"4746","66000","387130000C","(04)23274275","(04)23288582","2026","1","12","12","35","臺中市","西屯區","0","1","0","7","2","6","50","13","9","1","5","4","6","6","4","4","4","4","5","2","16","3","10","5","1","B03","7","3","1","8","2","5","","50","50","1","12","4","120.643474","24.164767","2"
"4747","66000","387130000C","(04)23274275","(04)23288582","2026","1","12","12","38","臺中市","南區","0","0","0","7","","","50","","","","","","","","","","","","","","","","","","","A12","","","1","","1","","","84","84","1","12","4","120.644828","24.110212","3"
"4748","66000","387130000C","(04)23274275","(04)23288582","2026","1","12","12","40","臺中市","北區","0","2","0","7","2","6","30","4","1","1","5","4","6","6","4","4","9","5","5","2","15","2","9","5","4","C03","7","9","1","10","2","14","","12","12","1","13","4","120.682343","24.162524","2"
"4749","66000","387130000C","(04)23274275","(04)23288582","2026","1","12","12","42","臺中市","西屯區","0","0","0","6","","","0","","","","","","","","","","","","","","14","","","","","B03","","","1","","1","","","49","49","1","12","4","120.632488","24.161998","3"
"4750","66000","387130000C","(04)23274275","(04)23288582","2026","1","12","12","50","臺中市","潭子區","0","0","0","7","","","30","","","","","","","","","","","","","","9","","","","","B03","","","1","","2","","","84","84","1","12","4","120.706948","24.212406","3"
"4751","66000","387130000C","(04)23274275","(04)23288582","2026","1","12","12","50","臺中市","大里區","0","0","0","7","","","50","","","","","","","","","","","","","","12","","","","","C03","","","1","","1","","","8","8","1","13","4","120.679483","24.115056","4"
"4752","66000","387130000C","(04)23274275","(04)23288582","2026","1","12","12","58","臺中市","大雅區","0","0","0","7","","","30","","","","","","","","","","","","","","17","","","","","B12","","","1","","2","","","84","84","1","13","4","120.628948","24.239904","3"
"4753","66000","387130000C","(04)23274275","(04)23288582","2026","1","12","13","3","臺中市","梧棲區","0","0","0","7","","","30","","","","","","","","","","","","","","11","","","","","B03","","","1","","2","","","8","8","2","6","4","120.526279","24.248243","3"