序號,縣市別代碼,機關代碼,市話,傳真,年,月,日,時,分,縣市,區,死亡數量,受傷數量,2-30,天候,道路照明設備,道路類別,道路速限,道路型態,事故位置,路面鋪裝,路面狀態,路面缺陷,障礙物,視距,號誌種類,號誌動作,分向設施,快車道或一般車道間,快慢車道間,路面邊線,事故類型及型態,受傷程度,主要傷處,保護裝備,行動電話或功能裝置,當事者區分(類別),車輛用途,當事者行動狀態,駕照狀態,駕照種類,飲酒情形,車輛撞擊部位最初,車輛撞擊部位其他,肇事因素個別,肇事因素主要,肇事逃逸,職業,共享經濟或外送平台,GPS座標X,GPS座標Y,事故類別
"4754","66000","387130000C","(04)23274275","(04)23288582","2026","1","12","13","5","臺中市","北屯區","0","2","0","7","1","6","50","4","2","1","5","4","6","6","1","1","3","4","5","2","12","2","9","1","1","C03","7","5","1","10","2","12","","20","20","1","13","4","120.664192","24.185632","2"
"4755","66000","387130000C","(04)23274275","(04)23288582","2026","1","12","13","10","臺中市","南屯區","0","0","0","7","","","50","","","","","","","","","","","","","","","","","","","B03","","","1","","1","","","59","59","1","12","4","120.629062","24.136271","3"
"4756","66000","387130000C","(04)23274275","(04)23288582","2026","1","12","13","16","臺中市","潭子區","0","0","0","7","","","50","","","","","","","","","","","","","","13","","","","","B03","","","1","","2","","","84","84","1","12","4","120.719177","24.218446","3"
"4757","66000","387130000C","(04)23274275","(04)23288582","2026","1","12","13","20","臺中市","霧峰區","0","2","0","7","3","6","30","3","1","1","5","4","6","6","4","4","10","5","5","1","16","2","8","1","1","C03","7","6","1","10","2","12","14","14","14","1","12","4","120.670662","24.077935","2"
"4758","66000","387130000C","(04)23274275","(04)23288582","2026","1","12","13","23","臺中市","北屯區","0","0","0","7","","","50","","","","","","","","","","","","","","18","","","","","C03","","","3","","2","","","84","84","1","12","4","120.79109","24.204893","4"
"4759","66000","387130000C","(04)23274275","(04)23288582","2026","1","12","13","26","臺中市","北屯區","0","1","0","7","2","6","50","4","1","1","5","4","6","6","1","1","10","5","5","2","16","3","10","3","1","B03","7","6","1","8","2","8","","65","65","1","6","4","120.682027","24.180402","2"
"4760","66000","387130000C","(04)23274275","(04)23288582","2026","1","12","13","30","臺中市","南屯區","0","0","0","7","","","30","","","","","","","","","","","","","","12","","","","","B03","","","1","","9","","","8","8","1","12","4","120.641446","24.141819","3"
"4761","66000","387130000C","(04)23274275","(04)23288582","2026","1","12","13","34","臺中市","西屯區","0","0","0","7","","","50","","","","","","","","","","","","","","12","","","","","B03","","","1","","1","","","51","51","1","12","4","120.648341","24.159575","3"
"4762","66000","387130000C","(04)23274275","(04)23288582","2026","1","12","13","39","臺中市","北區","0","0","0","7","","","0","","","","","","","","","","","","","","9","","","","","C03","","","7","","10","","","87","87","1","13","4","120.670814","24.167806","3"
"4763","66000","387130000C","(04)23274275","(04)23288582","2026","1","12","13","39","臺中市","南屯區","0","0","0","7","","","50","","","","","","","","","","","","","","30","","","","","B03","","","1","","2","","","76","76","1","12","4","120.628343","24.142563","3"
"4764","66000","387130000C","(04)23274275","(04)23288582","2026","1","12","13","41","臺中市","神岡區","0","0","0","7","","","30","","","","","","","","","","","","","","14","","","","","B12","","","1","","2","","","49","49","1","6","4","120.689598","24.241073","3"
"4765","66000","387130000C","(04)23274275","(04)23288582","2026","1","12","13","44","臺中市","沙鹿區","0","0","0","7","","","50","","","","","","","","","","","","","","","","","","","B03","","","1","","2","","","49","49","1","13","4","120.564036","24.248503","3"
"4766","66000","387130000C","(04)23274275","(04)23288582","2026","1","12","13","47","臺中市","南屯區","0","1","0","7","2","6","50","13","9","1","5","4","6","6","4","4","9","5","5","2","18","2","9","2","1","C03","7","9","1","10","2","14","","59","59","1","13","4","120.611398","24.135165","2"
"4767","66000","387130000C","(04)23274275","(04)23288582","2026","1","12","13","51","臺中市","大雅區","0","2","0","6","2","9","30","18","13","1","5","4","6","6","4","4","10","5","5","2","15","2","7","2","1","C03","7","9","1","10","2","11","","29","29","1","13","4","120.624823","24.231851","2"
"4768","66000","387130000C","(04)23274275","(04)23288582","2026","1","12","13","51","臺中市","烏日區","0","2","0","7","2","6","60","4","1","1","5","4","6","6","1","1","1","4","5","1","16","3","10","3","1","B03","7","5","1","8","2","5","6","11","11","1","6","4","120.621817","24.104969","2"
"4769","66000","387130000C","(04)23274275","(04)23288582","2026","1","12","13","52","臺中市","西屯區","0","1","0","7","1","6","50","4","1","1","5","4","6","6","2","1","10","5","5","2","16","3","10","3","1","B03","7","5","1","8","2","5","","47","47","1","12","4","120.601602","24.160852","2"
"4770","66000","387130000C","(04)23274275","(04)23288582","2026","1","12","13","53","臺中市","南屯區","0","1","0","7","1","6","50","3","2","1","1","4","6","6","4","4","5","5","5","2","13","3","10","5","4","B03","7","5","1","8","2","5","","84","84","1","13","4","120.638724","24.145843","2"
"4771","66000","387130000C","(04)23274275","(04)23288582","2026","1","12","13","56","臺中市","中區","0","2","0","7","2","6","50","13","12","1","5","4","6","6","4","4","5","4","5","2","13","2","9","2","1","C03","7","9","1","10","9","13","","87","87","2","13","4","120.679953","24.146239","2"
"4772","66000","387130000C","(04)23274275","(04)23288582","2026","1","12","14","0","臺中市","潭子區","0","1","0","6","2","6","50","5","9","1","5","4","6","6","1","1","1","4","4","2","17","3","10","2","1","C03","7","9","1","10","2","11","","21","21","1","13","4","120.698016","24.216542","2"
"4773","66000","387130000C","(04)23274275","(04)23288582","2026","1","12","14","1","臺中市","大里區","0","0","0","7","","","30","","","","","","","","","","","","","","11","","","","","C03","","","1","","2","","","8","8","1","6","4","120.687511","24.114047","3"
"4774","66000","387130000C","(04)23274275","(04)23288582","2026","1","12","14","1","臺中市","外埔區","0","1","0","7","2","6","50","13","7","1","5","4","6","6","4","4","5","4","5","1","12","2","7","1","1","C03","7","9","1","10","2","12","","59","59","1","12","4","120.640129","24.331633","2"
"4775","66000","387130000C","(04)23274275","(04)23288582","2026","1","12","14","4","臺中市","西屯區","0","1","0","7","2","6","50","3","1","1","5","4","6","6","1","1","10","5","5","2","16","3","10","5","1","B03","7","5","1","8","2","6","","47","47","1","12","4","120.639015","24.168942","2"
"4776","66000","387130000C","(04)23274275","(04)23288582","2026","1","12","14","4","臺中市","大里區","0","1","0","7","3","6","50","13","7","1","5","4","6","6","4","4","5","4","4","2","16","3","10","5","4","B03","7","1","1","8","2","8","","51","51","1","13","4","120.691452","24.103294","2"
"4777","66000","387130000C","(04)23274275","(04)23288582","2026","1","12","14","4","臺中市","豐原區","0","0","0","7","","","50","","","","","","","","","","","","","","30","","","","","B03","","","1","","2","","","84","84","1","12","4","120.749545","24.268486","3"
"4778","66000","387130000C","(04)23274275","(04)23288582","2026","1","12","14","5","臺中市","西屯區","0","0","0","7","","","50","","","","","","","","","","","","","","14","","","","","B03","","","1","","1","","","49","49","1","12","4","120.637748","24.180793","3"
"4779","66000","387130000C","(04)23274275","(04)23288582","2026","1","12","14","6","臺中市","西屯區","0","0","0","7","","","50","","","","","","","","","","","","","","13","","","","","B03","","","1","","1","","","84","84","1","12","4","120.644776","24.201563","3"
"4780","66000","387130000C","(04)23274275","(04)23288582","2026","1","12","14","9","臺中市","西區","0","2","0","7","2","6","50","4","1","1","5","4","6","6","2","1","3","4","4","2","17","3","10","3","1","B02","7","6","1","8","2","5","","11","11","1","13","4","120.669859","24.149584","2"
"4781","66000","387130000C","(04)23274275","(04)23288582","2026","1","12","14","10","臺中市","東區","0","0","0","7","","","50","","","","","","","","","","","","","","","","","","","B03","","","1","","1","","","84","84","1","13","4","120.696598","24.14001","3"
"4782","66000","387130000C","(04)23274275","(04)23288582","2026","1","12","14","10","臺中市","東區","0","1","0","7","3","6","40","4","1","1","5","4","6","6","1","1","10","5","5","2","16","3","10","5","4","C03","7","5","1","10","2","11","","22","22","1","12","4","120.702929","24.144558","2"
"4783","66000","387130000C","(04)23274275","(04)23288582","2026","1","12","14","12","臺中市","西區","0","0","0","7","","","50","","","","","","","","","","","","","","","","","","","B03","","","3","","1","","","84","84","1","13","4","120.659467","24.16035","3"
"4784","66000","387130000C","(04)23274275","(04)23288582","2026","1","12","14","21","臺中市","北屯區","0","0","0","7","","","50","","","","","","","","","","","","","","13","","","","","A12","","","1","3","1","","","7","7","1","6","4","120.68778","24.200024","3"
"4785","66000","387130000C","(04)23274275","(04)23288582","2026","1","12","14","22","臺中市","中區","0","1","0","7","2","6","50","4","2","1","5","4","6","6","1","1","5","5","4","2","12","3","10","3","1","B03","7","9","1","8","2","2","","87","87","1","12","4","120.679866","24.146237","2"
"4786","66000","387130000C","(04)23274275","(04)23288582","2026","1","12","14","29","臺中市","太平區","0","0","0","7","","","50","","","","","","","","","","","","","","","","","","","C03","","","1","","2","","","12","12","1","12","4","120.707569","24.151049","3"
"4787","66000","387130000C","(04)23274275","(04)23288582","2026","1","12","14","30","臺中市","北屯區","0","1","0","7","3","6","50","13","9","1","5","4","6","6","4","4","9","5","5","2","17","2","9","2","1","C03","7","9","3","19","9","12","","84","84","1","6","4","120.721044","24.16207","2"
"4788","66000","387130000C","(04)23274275","(04)23288582","2026","1","12","14","30","臺中市","西屯區","0","0","0","7","","","50","","","","","","","","","","","","","","13","","","","","B12","","","1","","1","","","59","59","1","12","4","120.644164","24.201417","3"
"4789","66000","387130000C","(04)23274275","(04)23288582","2026","1","12","14","31","臺中市","西區","0","0","0","7","","","30","","","","","","","","","","","","","","","","","","","B03","","","1","","1","","","8","8","1","12","4","120.656812","24.15432","3"
"4790","66000","387130000C","(04)23274275","(04)23288582","2026","1","12","14","38","臺中市","梧棲區","0","1","0","7","2","6","70","4","1","1","5","4","6","6","1","1","10","5","5","2","3","3","10","3","1","B03","7","6","1","8","2","8","","10","10","1","12","4","120.549845","24.23943","2"
"4791","66000","387130000C","(04)23274275","(04)23288582","2026","1","12","14","40","臺中市","北區","0","1","0","7","3","6","50","18","24","1","5","4","6","6","2","1","3","4","5","2","17","3","10","5","4","B03","7","8","1","8","2","4","","40","40","1","13","4","120.684983","24.160268","2"
"4792","66000","387130000C","(04)23274275","(04)23288582","2026","1","12","14","40","臺中市","霧峰區","0","1","0","7","2","6","40","4","1","1","5","4","6","6","1","1","10","5","5","2","15","3","10","3","1","B03","7","9","1","8","2","1","","21","21","1","6","4","120.694886","24.065955","2"
"4793","66000","387130000C","(04)23274275","(04)23288582","2026","1","12","14","46","臺中市","烏日區","0","0","0","7","","","30","","","","","","","","","","","","","","11","","","","","B03","","","1","","2","","","84","84","1","6","4","120.626561","24.111852","3"
"4794","66000","387130000C","(04)23274275","(04)23288582","2026","1","12","14","50","臺中市","北屯區","0","0","0","7","","","60","","","","","","","","","","","","","","13","","","","","B03","","","1","","1","","","84","84","1","6","4","120.728952","24.160995","3"
"4795","66000","387130000C","(04)23274275","(04)23288582","2026","1","12","14","52","臺中市","太平區","0","0","0","7","","","50","","","","","","","","","","","","","","","","","","","C03","","","1","","2","","","84","84","1","12","4","120.716137","24.133477","3"
"4796","66000","387130000C","(04)23274275","(04)23288582","2026","1","12","14","54","臺中市","北屯區","0","1","0","7","3","6","50","13","9","1","5","4","6","6","3","1","10","5","5","2","13","3","10","3","1","B11","7","9","1","4","2","2","","7","7","1","6","4","120.689286","24.180878","2"
"4797","66000","387130000C","(04)23274275","(04)23288582","2026","1","12","14","55","臺中市","沙鹿區","0","0","0","7","","","50","","","","","","","","","","","","","","13","","","","","C03","","","3","","2","","","7","7","1","5","4","120.575488","24.226378","3"
"4798","66000","387130000C","(04)23274275","(04)23288582","2026","1","12","15","5","臺中市","豐原區","0","0","0","7","","","50","","","","","","","","","","","","","","12","","","","","B03","","","1","","2","","","50","50","1","12","4","120.728015","24.240528","3"
"4799","66000","387130000C","(04)23274275","(04)23288582","2026","1","12","15","7","臺中市","東區","0","2","0","7","3","6","50","4","9","1","5","4","6","6","4","4","7","5","5","2","16","2","9","5","4","C03","7","6","1","10","2","12","","14","14","1","6","4","120.689926","24.134601","2"
"4800","66000","387130000C","(04)23274275","(04)23288582","2026","1","12","15","13","臺中市","西屯區","0","0","0","7","","","","","","","","","","","","","","","","","17","","","","","","","","","","","","","8","8","1","","","120.664622","24.165578","3"
"4801","66000","387130000C","(04)23274275","(04)23288582","2026","1","12","15","14","臺中市","北屯區","0","1","0","7","3","6","50","4","1","1","5","4","6","6","1","1","10","5","5","2","16","2","8","1","1","C03","7","5","1","10","2","12","","11","11","1","12","4","120.737276","24.17845","2"
"4802","66000","387130000C","(04)23274275","(04)23288582","2026","1","12","15","15","臺中市","北屯區","0","1","0","7","3","6","40","3","1","1","5","4","6","6","4","4","1","4","4","2","16","3","10","1","1","C03","7","5","1","10","1","12","","14","14","1","12","4","120.660371","24.192177","2"
"4803","66000","387130000C","(04)23274275","(04)23288582","2026","1","12","15","17","臺中市","西區","0","0","0","7","","","50","","","","","","","","","","","","","","17","","","","","B03","","","1","","1","","","8","8","1","13","4","120.65583","24.136551","3"
"4804","66000","387130000C","(04)23274275","(04)23288582","2026","1","12","15","17","臺中市","北區","0","1","0","7","3","6","50","4","2","1","5","4","6","6","1","1","1","2","4","2","17","3","10","3","1","B03","7","5","1","8","2","16","","47","47","1","12","4","120.686558","24.162946","2"
"4805","66000","387130000C","(04)23274275","(04)23288582","2026","1","12","15","18","臺中市","大雅區","0","0","0","6","","","30","","","","","","","","","","","","","","14","","","","","B03","","","1","","9","","","49","49","1","13","4","120.629225","24.21023","3"
"4806","66000","387130000C","(04)23274275","(04)23288582","2026","1","12","15","22","臺中市","東區","0","1","0","7","2","6","50","13","9","1","5","4","6","6","4","4","5","5","5","2","17","3","10","3","1","B03","7","1","1","8","2","8","","51","51","1","12","4","120.71117","24.144185","2"
"4807","66000","387130000C","(04)23274275","(04)23288582","2026","1","12","15","24","臺中市","后里區","0","0","0","5","2","6","50","13","7","1","5","4","6","6","4","4","4","4","4","1","13","3","10","3","1","B03","7","9","1","8","2","1","","7","7","1","12","4","120.720786","24.309028","3"
"4808","66000","387130000C","(04)23274275","(04)23288582","2026","1","12","15","25","臺中市","大雅區","0","0","0","7","","","70","","","","","","","","","","","","","","","","","","","B03","","","1","","2","","","40","40","1","12","4","120.64058","24.230814","3"
"4809","66000","387130000C","(04)23274275","(04)23288582","2026","1","12","15","25","臺中市","北屯區","0","1","0","7","2","6","50","13","9","1","5","4","6","6","4","4","1","4","5","2","17","3","10","3","1","B03","7","14","1","8","2","2","","84","84","1","6","4","120.693595","24.183221","2"
"4810","66000","387130000C","(04)23274275","(04)23288582","2026","1","12","15","28","臺中市","西屯區","0","0","0","7","","","50","","","","","","","","","","","","","","17","","","","","B03","","","1","","1","","","84","84","1","12","4","120.625315","24.184939","3"
"4811","66000","387130000C","(04)23274275","(04)23288582","2026","1","12","15","32","臺中市","北屯區","0","1","0","7","1","6","50","4","1","1","5","4","6","6","2","1","5","5","4","2","16","2","9","2","1","C03","7","9","1","10","2","12","","84","84","1","12","4","120.676309","24.193341","2"
"4812","66000","387130000C","(04)23274275","(04)23288582","2026","1","12","15","37","臺中市","西屯區","0","0","0","7","","","50","","","","","","","","","","","","","","14","","","","","B03","","","1","","1","","","49","49","1","12","4","120.631085","24.1585","3"
"4813","66000","387130000C","(04)23274275","(04)23288582","2026","1","12","15","38","臺中市","沙鹿區","0","2","0","7","2","6","50","13","9","1","5","4","6","6","1","1","8","3","5","1","17","2","9","5","4","C03","7","7","1","10","2","12","","40","40","1","13","4","120.552724","24.215243","2"
"4814","66000","387130000C","(04)23274275","(04)23288582","2026","1","12","15","38","臺中市","沙鹿區","0","0","0","7","","","50","","","","","","","","","","","","","","12","","","","","B03","","","1","","2","","","40","40","1","6","4","120.553253","24.214881","3"
"4815","66000","387130000C","(04)23274275","(04)23288582","2026","1","12","15","39","臺中市","北區","0","1","0","7","2","6","50","13","9","1","5","4","6","6","4","4","5","5","5","2","17","3","10","3","1","B03","7","15","1","8","2","8","","84","84","1","12","4","120.679336","24.161767","2"
"4816","66000","387130000C","(04)23274275","(04)23288582","2026","1","12","15","40","臺中市","北屯區","0","0","0","7","","","50","","","","","","","","","","","","","","16","","","","","B03","","","1","","1","","","20","20","1","6","4","120.709767","24.164803","4"
"4817","66000","387130000C","(04)23274275","(04)23288582","2026","1","12","15","46","臺中市","大里區","0","1","0","7","3","6","50","13","9","1","5","4","6","6","4","4","9","5","4","1","9","3","10","6","5","H04","8","20","7","21","2","17","","99","99","1","13","5","120.708663","24.09033","2"
"4818","66000","387130000C","(04)23274275","(04)23288582","2026","1","12","15","50","臺中市","南區","0","1","0","7","2","6","50","13","9","1","5","4","6","6","4","4","2","4","5","2","17","3","10","3","1","B03","7","1","1","8","2","8","","51","51","1","12","4","120.67924","24.121765","2"
"4819","66000","387130000C","(04)23274275","(04)23288582","2026","1","12","15","50","臺中市","清水區","0","0","0","7","3","6","50","4","2","5","5","4","6","","1","1","8","3","4","1","13","","","","","B03","","","1","","1","","","7","7","1","12","4","120.539141","24.26611","3"
"4820","66000","387130000C","(04)23274275","(04)23288582","2026","1","12","15","51","臺中市","烏日區","0","0","0","7","","","40","","","","","","","","","","","","","","13","","","","","B03","","","1","","1","","","7","7","1","6","4","120.618463","24.102596","3"
"4821","66000","387130000C","(04)23274275","(04)23288582","2026","1","12","15","54","臺中市","東區","0","0","0","7","","","50","","","","","","","","","","","","","","","","","","","B03","","","1","","9","","","76","76","1","6","4","120.696417","24.132307","3"
"4822","66000","387130000C","(04)23274275","(04)23288582","2026","1","12","15","57","臺中市","南屯區","0","0","0","7","","","50","","","","","","","","","","","","","","13","","","","","B03","","","1","","1","","","7","7","1","12","4","120.646274","24.129831","3"
"4823","66000","387130000C","(04)23274275","(04)23288582","2026","1","12","15","57","臺中市","西屯區","0","0","0","7","","","50","","","","","","","","","","","","","","17","","","","","A41","","","1","","2","","","51","51","1","12","4","120.60624","24.19146","3"
"4824","66000","387130000C","(04)23274275","(04)23288582","2026","1","12","16","0","臺中市","西屯區","0","0","0","7","","","50","","","","","","","","","","","","","","17","","","","","B03","","","1","","2","","","51","51","1","13","4","120.64276","24.180943","3"
"4825","66000","387130000C","(04)23274275","(04)23288582","2026","1","12","16","0","臺中市","西屯區","0","0","0","7","","","50","","","","","","","","","","","","","","12","","","","","B03","","","1","","1","","","51","51","1","12","4","120.61917","24.1847","3"
"4826","66000","387130000C","(04)23274275","(04)23288582","2026","1","12","16","1","臺中市","潭子區","0","0","0","7","","","30","","","","","","","","","","","","","","","","","","","C03","","","1","","2","","","14","14","1","13","4","120.701425","24.223042","3"
"4827","66000","387130000C","(04)23274275","(04)23288582","2026","1","12","16","1","臺中市","南區","0","1","0","7","3","6","50","4","1","1","5","4","6","6","2","1","5","4","4","2","2","3","10","3","1","B03","7","6","1","8","2","1","","10","10","1","6","4","120.648615","24.119636","2"
"4828","66000","387130000C","(04)23274275","(04)23288582","2026","1","12","16","5","臺中市","北屯區","0","1","0","7","1","6","50","4","2","1","5","4","6","6","1","1","5","5","5","2","12","3","10","3","1","B03","7","5","1","8","2","2","","20","20","1","13","4","120.728699","24.169108","2"
"4829","66000","387130000C","(04)23274275","(04)23288582","2026","1","12","16","6","臺中市","大里區","0","0","0","7","","","50","","","","","","","","","","","","","","","","","","","B03","","","1","","2","","","84","84","1","12","4","120.700616","24.11918","3"
"4830","66000","387130000C","(04)23274275","(04)23288582","2026","1","12","16","8","臺中市","南屯區","0","0","0","7","","","50","","","","","","","","","","","","","","13","","","","","F01","","","7","","1","","","7","7","1","4","4","120.646347","24.149664","3"
"4831","66000","387130000C","(04)23274275","(04)23288582","2026","1","12","16","10","臺中市","北屯區","0","0","0","7","","","50","","","","","","","","","","","","","","13","","","","","B03","","","3","","1","","","7","7","1","12","4","120.677059","24.173572","3"
"4832","66000","387130000C","(04)23274275","(04)23288582","2026","1","12","16","13","臺中市","北屯區","0","0","0","6","","","50","","","","","","","","","","","","","","18","","","","","F01","","","7","","2","","","82","82","1","4","4","120.713675","24.16557","3"
"4833","66000","387130000C","(04)23274275","(04)23288582","2026","1","12","16","16","臺中市","大雅區","0","2","0","7","1","6","50","4","1","1","5","4","6","6","1","1","1","5","5","1","13","2","9","1","1","C03","7","9","1","10","2","11","","7","7","1","13","4","120.614613","24.217048","2"
"4834","66000","387130000C","(04)23274275","(04)23288582","2026","1","12","16","17","臺中市","北屯區","0","0","0","7","","","50","","","","","","","","","","","","","","13","","","","","B03","","","1","","1","","","58","58","1","6","4","120.690387","24.185464","3"
"4835","66000","387130000C","(04)23274275","(04)23288582","2026","1","12","16","17","臺中市","梧棲區","0","0","0","7","","","50","","","","","","","","","","","","","","14","","","","","B03","","","1","","2","","","49","49","1","6","4","120.536552","24.25933","3"
"4836","66000","387130000C","(04)23274275","(04)23288582","2026","1","12","16","19","臺中市","北屯區","0","1","0","7","3","6","50","13","8","1","5","4","6","6","4","4","5","5","4","2","18","2","9","2","1","C03","7","9","1","10","2","12","","84","84","1","6","4","120.715533","24.163955","2"
"4837","66000","387130000C","(04)23274275","(04)23288582","2026","1","12","16","19","臺中市","西屯區","0","0","0","7","","","40","","","","","","","","","","","","","","12","","","","","C03","","","1","","1","","","8","8","1","5","4","120.618986","24.181043","3"
"4838","66000","387130000C","(04)23274275","(04)23288582","2026","1","12","16","20","臺中市","梧棲區","0","0","0","7","","","70","","","","","","","","","","","","","","13","","","","","B03","","","1","","2","","","82","82","1","12","4","120.543328","24.221586","3"
"4839","66000","387130000C","(04)23274275","(04)23288582","2026","1","12","16","21","臺中市","南屯區","0","0","0","7","","","50","","","","","","","","","","","","","","","","","","","C03","","","1","","2","","","59","59","1","13","4","120.652386","24.150694","3"
"4840","66000","387130000C","(04)23274275","(04)23288582","2026","1","12","16","22","臺中市","新社區","0","0","0","7","","","40","","","","","","","","","","","","","","","","","","","B03","","","1","","2","","","51","51","1","12","4","120.794363","24.205689","3"
"4841","66000","387130000C","(04)23274275","(04)23288582","2026","1","12","16","23","臺中市","潭子區","0","1","0","7","2","6","50","13","8","1","5","4","6","6","4","4","1","4","4","1","16","3","10","3","1","B03","7","5","1","8","2","3","","20","20","1","12","4","120.70772","24.22661","2"
"4842","66000","387130000C","(04)23274275","(04)23288582","2026","1","12","16","23","臺中市","南屯區","0","0","0","7","","","40","","","","","","","","","","","","","","14","","","","","B03","","","1","","1","","","49","49","1","13","4","120.643057","24.143683","3"
"4843","66000","387130000C","(04)23274275","(04)23288582","2026","1","12","16","25","臺中市","霧峰區","0","0","0","7","","","50","","","","","","","","","","","","","","14","","","","","B03","","","1","","2","","","49","49","1","12","4","120.699205","24.059592","3"
"4844","66000","387130000C","(04)23274275","(04)23288582","2026","1","12","16","26","臺中市","神岡區","0","0","0","6","","","30","","","","","","","","","","","","","","11","","","","","B03","","","1","","2","","","8","8","1","12","4","120.654918","24.281703","3"
"4845","66000","387130000C","(04)23274275","(04)23288582","2026","1","12","16","30","臺中市","東區","0","0","0","7","","","30","","","","","","","","","","","","","","","","","","","B03","","","1","","1","","","84","84","1","12","4","120.696612","24.149521","3"
"4846","66000","387130000C","(04)23274275","(04)23288582","2026","1","12","16","30","臺中市","北屯區","0","0","0","7","","","40","","","","","","","","","","","","","","12","","","","","C03","","","1","","2","","","59","59","1","6","4","120.696986","24.164845","3"
"4847","66000","387130000C","(04)23274275","(04)23288582","2026","1","12","16","32","臺中市","北屯區","0","0","0","7","","","50","","","","","","","","","","","","","","","","","","","B01","","","1","","1","","","20","20","1","13","4","120.72226","24.162342","4"
"4848","66000","387130000C","(04)23274275","(04)23288582","2026","1","12","16","33","臺中市","大雅區","0","0","0","6","","","50","","","","","","","","","","","","","","13","","","","","B13","","","1","","2","","","7","7","1","13","4","120.613829","24.224901","3"
"4849","66000","387130000C","(04)23274275","(04)23288582","2026","1","12","16","34","臺中市","潭子區","0","0","0","7","","","50","","","","","","","","","","","","","","","","","","","B13","","","1","","2","","","8","8","1","13","4","120.704987","24.200827","3"
"4850","66000","387130000C","(04)23274275","(04)23288582","2026","1","12","16","34","臺中市","北區","0","0","0","7","","","50","","","","","","","","","","","","","","12","","","","","B03","","","1","","1","","","59","59","1","12","4","120.671533","24.162485","3"
"4851","66000","387130000C","(04)23274275","(04)23288582","2026","1","12","16","35","臺中市","太平區","0","1","0","7","2","6","50","4","1","1","5","4","6","6","2","1","10","5","5","2","16","3","10","3","1","B03","7","5","1","8","2","2","","20","20","1","12","4","120.701836","24.153637","2"
"4852","66000","387130000C","(04)23274275","(04)23288582","2026","1","12","16","37","臺中市","西區","0","1","0","7","2","6","50","13","9","1","5","4","6","6","4","4","5","5","5","2","18","2","9","6","1","F01","7","9","7","21","1","12","","84","84","1","13","4","120.66714","24.137883","2"
"4853","66000","387130000C","(04)23274275","(04)23288582","2026","1","12","16","38","臺中市","南區","0","0","0","7","","","30","","","","","","","","","","","","","","17","","","","","B03","","","1","","1","","","85","85","1","12","4","120.659024","24.126164","4"
"4854","66000","387130000C","(04)23274275","(04)23288582","2026","1","12","16","40","臺中市","西屯區","0","2","0","7","2","6","50","4","19","1","5","4","6","6","2","1","10","5","5","2","3","3","10","3","1","B03","7","6","1","8","2","1","","10","10","1","12","4","120.656253","24.169596","2"
"4855","66000","387130000C","(04)23274275","(04)23288582","2026","1","12","16","41","臺中市","神岡區","0","2","0","7","1","6","30","11","9","1","5","4","6","2","4","4","10","5","5","2","10","2","9","2","1","C03","7","9","3","19","2","14","","84","84","1","6","4","120.662983","24.261564","2"
"4856","66000","387130000C","(04)23274275","(04)23288582","2026","1","12","16","42","臺中市","潭子區","0","0","0","7","","3","40","","","","","","","","","","","","","","13","","","","","B03","","","1","","2","","","84","84","1","12","4","120.697025","24.200885","3"
"4857","66000","387130000C","(04)23274275","(04)23288582","2026","1","12","16","42","臺中市","北區","0","1","0","7","2","6","50","4","2","1","5","4","6","6","2","1","10","5","5","2","13","2","9","2","1","C03","7","9","1","10","2","11","","7","7","1","13","4","120.686411","24.162876","2"
"4858","66000","387130000C","(04)23274275","(04)23288582","2026","1","12","16","42","臺中市","大里區","0","0","0","7","","","50","","","","","","","","","","","","","","17","","","","","B03","","","1","","2","","","51","51","1","12","4","120.689606","24.100612","3"
"4859","66000","387130000C","(04)23274275","(04)23288582","2026","1","12","16","43","臺中市","豐原區","0","0","0","7","","","50","","","","","","","","","","","","","","17","","","","","B03","","","1","","2","","","84","84","1","12","4","120.733478","24.255886","3"
"4860","66000","387130000C","(04)23274275","(04)23288582","2026","1","12","16","44","臺中市","潭子區","0","2","0","6","2","6","60","4","2","1","5","4","6","6","1","1","1","4","4","1","17","2","9","1","1","C03","7","9","1","10","2","14","","21","21","1","13","4","120.711226","24.206938","2"
"4861","66000","387130000C","(04)23274275","(04)23288582","2026","1","12","16","45","臺中市","北屯區","0","0","0","6","","","50","","","","","","","","","","","","","","17","","","","","B03","","","1","","2","","","50","50","1","6","4","120.695871","24.190509","3"
"4862","66000","387130000C","(04)23274275","(04)23288582","2026","1","12","16","47","臺中市","南區","0","0","0","7","","","50","","","","","","","","","","","","","","","","","","","B03","","","1","","2","","","11","11","1","6","4","120.648615","24.119636","4"
"4863","66000","387130000C","(04)23274275","(04)23288582","2026","1","12","16","48","臺中市","清水區","0","0","0","7","","","40","","","","","","","","","","","","","","","","","","","B03","","","1","","1","","","84","84","1","12","4","120.547063","24.275497","3"
"4864","66000","387130000C","(04)23274275","(04)23288582","2026","1","12","16","50","臺中市","西屯區","0","0","0","7","","","50","","","","","","","","","","","","","","17","","","","","B13","","","1","","1","","","45","45","1","12","4","120.657148","24.20227","3"
"4865","66000","387130000C","(04)23274275","(04)23288582","2026","1","12","16","50","臺中市","烏日區","0","1","0","7","3","6","50","3","1","1","5","4","6","6","4","4","5","5","5","1","16","3","10","3","1","B03","7","5","1","8","2","6","","47","47","1","6","4","120.600462","24.109492","2"