序號,縣市別代碼,機關代碼,市話,傳真,年,月,日,時,分,縣市,區,死亡數量,受傷數量,2-30,天候,道路照明設備,道路類別,道路速限,道路型態,事故位置,路面鋪裝,路面狀態,路面缺陷,障礙物,視距,號誌種類,號誌動作,分向設施,快車道或一般車道間,快慢車道間,路面邊線,事故類型及型態,受傷程度,主要傷處,保護裝備,行動電話或功能裝置,當事者區分(類別),車輛用途,當事者行動狀態,駕照狀態,駕照種類,飲酒情形,車輛撞擊部位最初,車輛撞擊部位其他,肇事因素個別,肇事因素主要,肇事逃逸,職業,共享經濟或外送平台,GPS座標X,GPS座標Y,事故類別
"4866","66000","387130000C","(04)23274275","(04)23288582","2026","1","12","16","50","臺中市","后里區","0","1","0","7","2","6","50","4","1","1","5","4","6","6","4","4","10","5","5","2","15","3","10","1","1","C03","7","9","1","10","2","11","","15","15","1","12","4","120.720789","24.307629","2"
"4867","66000","387130000C","(04)23274275","(04)23288582","2026","1","12","16","53","臺中市","清水區","0","1","0","7","2","6","50","4","1","1","5","4","6","6","4","4","9","3","5","2","15","2","9","1","1","C03","7","9","1","9","2","12","","6","6","1","12","4","120.556265","24.268308","2"
"4868","66000","387130000C","(04)23274275","(04)23288582","2026","1","12","16","54","臺中市","豐原區","0","0","0","7","","","50","","","","","","","","","","","","","","13","","","","","B03","","","1","","2","","","7","7","1","6","4","120.707617","24.250213","3"
"4869","66000","387130000C","(04)23274275","(04)23288582","2026","1","12","16","55","臺中市","西區","0","0","0","7","","","40","","","","","","","","","","","","","","","","","","","C03","","","1","","1","","","7","7","1","13","4","120.658778","24.140141","3"
"4870","66000","387130000C","(04)23274275","(04)23288582","2026","1","12","16","55","臺中市","西區","0","0","0","7","","","50","","","","","","","","","","","","","","17","","","","","B12","","","1","","2","","","84","84","1","13","4","120.661991","24.147992","3"
"4871","66000","387130000C","(04)23274275","(04)23288582","2026","1","12","16","57","臺中市","大里區","0","0","0","7","3","6","0","18","21","1","5","4","6","6","4","4","10","5","5","2","14","","","","","B03","","","1","","1","","","84","84","1","12","4","120.680366","24.108229","3"
"4872","66000","387130000C","(04)23274275","(04)23288582","2026","1","12","17","6","臺中市","西區","0","1","0","7","1","6","50","4","1","1","5","4","6","6","1","1","5","4","5","2","16","3","10","3","1","B03","7","6","1","8","2","2","","14","14","1","13","4","120.677607","24.144164","2"
"4873","66000","387130000C","(04)23274275","(04)23288582","2026","1","12","17","10","臺中市","太平區","0","1","0","7","2","6","50","3","1","1","5","4","6","6","4","4","10","5","5","2","16","2","9","1","1","C03","7","6","1","10","2","11","","13","13","2","12","4","120.711096","24.151642","2"
"4874","66000","387130000C","(04)23274275","(04)23288582","2026","1","12","17","12","臺中市","清水區","0","0","0","7","","","50","","","","","","","","","","","","","","17","","","","","B03","","","1","","2","","","56","56","1","13","4","120.558637","24.280446","3"
"4875","66000","387130000C","(04)23274275","(04)23288582","2026","1","12","17","13","臺中市","潭子區","0","1","0","7","1","6","40","13","8","1","5","4","6","6","2","1","1","2","4","2","17","3","10","2","1","C03","7","8","1","10","1","16","","40","40","2","12","4","120.703239","24.200757","2"
"4876","66000","387130000C","(04)23274275","(04)23288582","2026","1","12","17","13","臺中市","龍井區","0","0","0","6","","","30","","","","","","","","","","","","","","16","","","","","B03","","","1","","2","","","51","51","1","12","4","120.588381","24.180889","3"
"4877","66000","387130000C","(04)23274275","(04)23288582","2026","1","12","17","20","臺中市","大雅區","0","0","0","7","","","50","","","","","","","","","","","","","","","","","","","C03","","","1","","2","","","85","85","1","13","4","120.649977","24.221732","3"
"4878","66000","387130000C","(04)23274275","(04)23288582","2026","1","12","17","21","臺中市","霧峰區","0","1","0","7","2","6","30","4","1","1","5","4","6","6","4","4","10","5","5","1","15","3","10","5","4","B03","7","9","1","8","2","2","","39","39","1","12","4","120.689355","24.06224","2"
"4879","66000","387130000C","(04)23274275","(04)23288582","2026","1","12","17","21","臺中市","神岡區","0","1","0","7","3","6","40","4","1","1","5","4","6","6","1","1","5","5","5","1","12","2","9","1","1","C03","7","6","1","10","2","11","","7","7","1","12","4","120.677539","24.264868","2"
"4880","66000","387130000C","(04)23274275","(04)23288582","2026","1","12","17","23","臺中市","南區","0","0","0","7","","","50","","","","","","","","","","","","","","","","","","","B03","","","1","","1","","","85","85","1","12","4","120.668722","24.129184","3"
"4881","66000","387130000C","(04)23274275","(04)23288582","2026","1","12","17","23","臺中市","豐原區","0","1","0","7","1","6","50","5","2","1","5","4","6","6","1","1","5","5","5","2","17","3","10","5","4","C03","7","6","1","10","2","14","","39","39","1","12","4","120.711051","24.239425","2"
"4882","66000","387130000C","(04)23274275","(04)23288582","2026","1","12","17","24","臺中市","大甲區","0","1","0","7","1","6","70","13","24","1","5","4","6","6","3","1","10","5","5","2","17","3","10","5","4","B03","7","11","1","8","2","8","","84","84","1","6","4","120.6423","24.366261","2"
"4883","66000","387130000C","(04)23274275","(04)23288582","2026","1","12","17","25","臺中市","西屯區","0","0","0","7","1","6","50","13","9","1","5","4","6","6","4","4","5","5","5","2","12","","","","","B03","","","1","","2","","","49","49","1","13","4","120.653178","24.172268","3"
"4884","66000","387130000C","(04)23274275","(04)23288582","2026","1","12","17","25","臺中市","沙鹿區","0","0","0","7","","","50","","","","","","","","","","","","","","","","","","","B03","","","1","","1","","","8","8","1","12","4","120.567248","24.236805","3"
"4885","66000","387130000C","(04)23274275","(04)23288582","2026","1","12","17","25","臺中市","外埔區","0","1","0","7","3","6","50","3","1","1","5","4","6","6","4","4","10","5","5","2","17","3","10","3","1","B03","7","6","1","15","2","5","","14","14","1","13","4","120.641777","24.341139","2"
"4886","66000","387130000C","(04)23274275","(04)23288582","2026","1","12","17","26","臺中市","北屯區","0","0","0","7","","","30","","","","","","","","","","","","","","11","","","","","B03","","","1","","1","","","58","58","1","6","4","120.666946","24.185184","3"
"4887","66000","387130000C","(04)23274275","(04)23288582","2026","1","12","17","30","臺中市","沙鹿區","0","0","0","7","","","60","","","","","","","","","","","","","","23","","","","","A41","","","1","","2","","","84","84","1","12","4","120.577028","24.250924","4"
"4888","66000","387130000C","(04)23274275","(04)23288582","2026","1","12","17","32","臺中市","中區","0","0","0","7","","","50","","","","","","","","","","","","","","17","","","","","C03","","","1","","1","","","7","7","1","13","4","120.68221","24.14547","3"
"4889","66000","387130000C","(04)23274275","(04)23288582","2026","1","12","17","33","臺中市","東區","0","1","0","7","2","6","50","13","9","1","5","4","6","6","4","4","10","5","5","2","18","2","9","2","1","C03","7","9","1","10","2","12","","84","84","1","12","4","120.701327","24.142238","2"
"4890","66000","387130000C","(04)23274275","(04)23288582","2026","1","12","17","39","臺中市","西屯區","0","1","0","7","2","6","40","13","8","1","5","4","6","6","4","4","1","4","3","2","17","3","10","3","1","B03","7","1","1","8","2","8","","51","51","1","13","4","120.6175","24.181739","2"
"4891","66000","387130000C","(04)23274275","(04)23288582","2026","1","12","17","40","臺中市","西屯區","0","2","0","7","1","6","50","13","7","1","5","4","6","6","4","4","5","4","4","2","12","2","8","5","4","C02","7","8","1","9","2","14","","40","40","1","12","4","120.649612","24.167829","2"
"4892","66000","387130000C","(04)23274275","(04)23288582","2026","1","12","17","42","臺中市","南屯區","0","1","0","7","1","6","50","13","9","1","5","4","6","6","4","4","9","5","5","2","17","3","10","3","1","B03","7","5","1","8","2","5","","20","20","1","13","4","120.646014","24.153503","2"
"4893","66000","387130000C","(04)23274275","(04)23288582","2026","1","12","17","44","臺中市","北區","0","0","0","7","","","50","","","","","","","","","","","","","","17","","","","","B03","","","1","","1","8","","7","7","1","12","4","120.691825","24.160146","3"
"4894","66000","387130000C","(04)23274275","(04)23288582","2026","1","12","17","44","臺中市","豐原區","0","1","0","7","1","6","30","4","1","1","5","4","6","6","4","4","10","5","5","1","13","3","10","1","4","C03","7","6","1","10","2","12","","7","7","1","12","4","120.708578","24.239481","2"
"4895","66000","387130000C","(04)23274275","(04)23288582","2026","1","12","17","45","臺中市","北區","0","0","0","7","","","50","","","","","","","","","","","","","","18","","","","","C03","","","1","","1","","","84","84","1","12","4","120.681553","24.155745","3"
"4896","66000","387130000C","(04)23274275","(04)23288582","2026","1","12","17","45","臺中市","西屯區","0","0","0","7","","","50","","","","","","","","","","","","","","13","","","","","B03","","","1","","2","","","59","59","1","12","4","120.61914","24.167571","3"
"4897","66000","387130000C","(04)23274275","(04)23288582","2026","1","12","17","46","臺中市","潭子區","0","0","0","7","","","60","","","","","","","","","","","","","","","","","","","B12","","","1","","9","","","8","8","2","13","4","120.709795","24.200979","3"
"4898","66000","387130000C","(04)23274275","(04)23288582","2026","1","12","17","47","臺中市","北屯區","0","0","0","7","","","50","","","","","","","","","","","","","","14","","","","","B12","","","1","","1","","","49","49","1","12","4","120.694532","24.174089","3"
"4899","66000","387130000C","(04)23274275","(04)23288582","2026","1","12","17","47","臺中市","太平區","0","1","0","7","1","6","50","4","1","1","5","4","6","6","4","4","10","5","5","2","15","3","10","3","1","B02","7","9","1","8","2","4","","12","12","1","12","4","120.719622","24.14992","2"
"4900","66000","387130000C","(04)23274275","(04)23288582","2026","1","12","17","48","臺中市","大里區","0","1","0","7","1","6","50","13","9","1","5","4","6","6","4","4","1","4","5","1","13","2","9","1","1","C03","7","9","1","10","2","11","","7","7","1","12","4","120.681519","24.103873","2"
"4901","66000","387130000C","(04)23274275","(04)23288582","2026","1","12","17","49","臺中市","北屯區","0","1","0","7","1","6","50","13","9","1","5","4","6","6","4","4","5","4","5","2","18","2","8","2","1","C03","7","9","1","10","2","16","","82","82","1","12","4","120.718935","24.170951","2"
"4902","66000","387130000C","(04)23274275","(04)23288582","2026","1","12","17","50","臺中市","太平區","0","0","0","7","","3","40","","","","","","","","","","","","","","","","","","","B03","","","1","","1","","","7","7","1","12","4","120.714951","24.150972","3"
"4903","66000","387130000C","(04)23274275","(04)23288582","2026","1","12","17","50","臺中市","豐原區","0","2","0","7","1","6","50","3","7","1","5","4","6","6","1","1","1","4","4","1","17","2","9","3","1","B12","7","9","1","8","2","8","","20","20","1","6","4","120.74766","24.266563","2"
"4904","66000","387130000C","(04)23274275","(04)23288582","2026","1","12","17","51","臺中市","潭子區","0","0","0","7","","","40","","","","","","","","","","","","","","","","","","","B03","","","1","","2","","","8","8","1","13","4","120.69254","24.224267","3"
"4905","66000","387130000C","(04)23274275","(04)23288582","2026","1","12","17","52","臺中市","西區","0","1","0","6","1","6","30","4","1","1","5","4","6","6","4","4","10","5","5","2","17","2","9","1","1","C03","7","9","1","10","2","12","","15","15","1","12","4","120.67516","24.137218","2"
"4906","66000","387130000C","(04)23274275","(04)23288582","2026","1","12","17","57","臺中市","大里區","0","0","0","7","","","50","","","","","","","","","","","","","","17","","","","","C03","","","1","","2","","","7","7","1","12","4","120.679719","24.104332","3"
"4907","66000","387130000C","(04)23274275","(04)23288582","2026","1","12","17","58","臺中市","北屯區","0","1","0","7","1","6","50","3","1","1","5","4","6","6","4","4","10","5","5","2","13","2","9","1","1","C03","7","9","1","10","2","11","","7","7","1","12","4","120.696799","24.175143","2"
"4908","66000","387130000C","(04)23274275","(04)23288582","2026","1","12","17","58","臺中市","太平區","0","1","0","7","1","6","50","4","1","1","5","4","6","6","4","4","10","5","5","2","17","2","9","1","1","C02","7","12","3","19","2","13","","84","84","1","12","2","120.724962","24.14291","2"
"4909","66000","387130000C","(04)23274275","(04)23288582","2026","1","12","17","58","臺中市","外埔區","0","2","0","7","1","6","40","4","1","1","5","4","6","6","1","1","5","3","4","1","13","2","9","1","1","C03","7","9","1","10","2","11","","7","7","1","12","4","120.635311","24.343856","2"
"4910","66000","387130000C","(04)23274275","(04)23288582","2026","1","12","17","59","臺中市","太平區","0","0","0","7","","","50","","","","","","","","","","","","","","","","","","","C03","","","1","","2","","","39","39","1","12","4","120.723669","24.132221","3"
"4911","66000","387130000C","(04)23274275","(04)23288582","2026","1","12","18","1","臺中市","西區","0","1","0","7","1","6","50","4","1","1","5","4","6","6","1","1","5","5","5","2","16","3","10","3","1","B03","7","5","1","8","2","2","","47","47","1","13","4","120.657446","24.136604","2"
"4912","66000","387130000C","(04)23274275","(04)23288582","2026","1","12","18","1","臺中市","梧棲區","0","0","0","7","","","50","","","","","","","","","","","","","","13","","","","","B03","","","1","","1","","","7","7","1","6","4","120.534667","24.259193","3"
"4913","66000","387130000C","(04)23274275","(04)23288582","2026","1","12","18","3","臺中市","西區","0","0","0","6","","","50","","","","","","","","","","","","","","","","","","","A11","","","1","","1","","","7","7","1","12","4","120.665234","24.15085","3"
"4914","66000","387130000C","(04)23274275","(04)23288582","2026","1","12","18","5","臺中市","西區","0","1","0","7","1","6","50","4","2","1","5","4","6","6","4","4","9","5","4","1","3","3","10","6","5","H01","8","18","7","21","10","16","","119","119","1","13","5","120.666319","24.13199","2"
"4915","66000","387130000C","(04)23274275","(04)23288582","2026","1","12","18","5","臺中市","西屯區","0","3","0","7","1","6","40","4","1","1","5","4","6","6","1","1","10","5","5","2","16","2","8","1","1","C03","7","6","1","10","2","12","14","11","11","1","6","4","120.595124","24.169932","2"
"4916","66000","387130000C","(04)23274275","(04)23288582","2026","1","12","18","6","臺中市","大里區","0","0","0","7","1","6","50","13","9","1","5","4","6","6","4","4","5","5","5","1","12","","","","","C03","","","1","","2","","","51","51","1","12","4","120.680798","24.102345","3"
"4917","66000","387130000C","(04)23274275","(04)23288582","2026","1","12","18","7","臺中市","霧峰區","0","1","0","7","3","6","30","13","9","4","5","2","1","6","4","4","10","5","5","2","18","2","9","1","1","C03","7","9","1","10","2","16","","84","84","1","13","4","120.701032","24.075778","2"
"4918","66000","387130000C","(04)23274275","(04)23288582","2026","1","12","18","11","臺中市","大雅區","0","1","0","7","3","6","50","3","2","1","5","4","6","6","4","4","5","5","5","2","18","2","9","1","1","C03","7","9","1","10","8","12","","84","84","1","12","4","120.650421","24.230516","2"
"4919","66000","387130000C","(04)23274275","(04)23288582","2026","1","12","18","11","臺中市","西屯區","0","0","0","7","","","50","","","","","","","","","","","","","","16","","","","","A05","","","1","","2","","","84","84","1","12","4","120.655282","24.16453","3"
"4920","66000","387130000C","(04)23274275","(04)23288582","2026","1","12","18","11","臺中市","大里區","0","1","0","7","3","9","30","11","9","1","5","4","6","6","4","4","10","5","5","2","18","2","9","1","1","C03","7","9","1","10","2","14","","84","84","1","12","4","120.706758","24.106309","2"
"4921","66000","387130000C","(04)23274275","(04)23288582","2026","1","12","18","14","臺中市","南區","0","1","0","7","3","6","50","13","9","1","5","4","6","6","4","4","3","5","5","2","17","3","10","5","4","B03","7","15","1","8","2","16","","20","20","1","6","4","120.661269","24.120951","2"
"4922","66000","387130000C","(04)23274275","(04)23288582","2026","1","12","18","14","臺中市","北屯區","0","0","0","7","","","50","","","","","","","","","","","","","","","","","","","B03","","","1","","1","","","84","84","1","13","4","120.701955","24.18373","3"
"4923","66000","387130000C","(04)23274275","(04)23288582","2026","1","12","18","15","臺中市","北屯區","0","0","0","7","","","50","","","","","","","","","","","","","","17","","","","","C03","","","1","","2","","","84","84","1","12","4","120.695118","24.163891","3"
"4924","66000","387130000C","(04)23274275","(04)23288582","2026","1","12","18","19","臺中市","南屯區","0","0","0","7","","","50","","","","","","","","","","","","","","12","","","","","B03","","","1","","2","","","35","35","1","13","4","120.644094","24.134828","3"
"4925","66000","387130000C","(04)23274275","(04)23288582","2026","1","12","18","20","臺中市","東區","0","0","0","7","","","50","","","","","","","","","","","","","","13","","","","","B02","","","1","","1","","","84","84","1","12","4","120.691956","24.147646","3"
"4926","66000","387130000C","(04)23274275","(04)23288582","2026","1","12","18","22","臺中市","西屯區","0","1","0","7","1","6","50","4","1","1","5","4","6","6","1","1","10","5","5","2","16","3","10","3","1","B02","7","6","1","8","2","2","","11","11","1","12","4","120.646914","24.168947","2"
"4927","66000","387130000C","(04)23274275","(04)23288582","2026","1","12","18","23","臺中市","神岡區","0","0","0","7","","","1","","","","","","","","","","","","","","14","","","","","B02","","","1","","1","","","49","49","1","6","4","120.699016","24.248396","3"
"4928","66000","387130000C","(04)23274275","(04)23288582","2026","1","12","18","25","臺中市","潭子區","0","2","0","7","1","6","50","8","9","1","5","4","6","6","4","4","1","4","5","1","17","2","9","1","1","C03","7","9","1","10","2","12","","85","85","1","13","4","120.714472","24.200162","2"
"4929","66000","387130000C","(04)23274275","(04)23288582","2026","1","12","18","25","臺中市","西屯區","0","0","0","7","","","50","","","","","","","","","","","","","","12","","","","","B03","","","1","","2","","","87","87","1","13","4","120.664084","24.164543","3"
"4930","66000","387130000C","(04)23274275","(04)23288582","2026","1","12","18","28","臺中市","南屯區","0","1","0","7","1","6","50","11","9","1","5","4","6","6","4","4","1","4","5","2","18","2","9","2","1","C03","7","8","1","10","2","14","","7","7","1","13","4","120.623967","24.140862","2"
"4931","66000","387130000C","(04)23274275","(04)23288582","2026","1","12","18","29","臺中市","東區","0","0","0","7","","","50","","","","","","","","","","","","","","","","","","","C03","","","1","","2","","","40","40","1","12","4","120.689571","24.133123","3"
"4932","66000","387130000C","(04)23274275","(04)23288582","2026","1","12","18","31","臺中市","東區","0","0","0","7","","","50","","","","","","","","","","","","","","17","","","","","C03","","","1","","9","","","51","51","2","6","4","120.694827","24.142344","3"
"4933","66000","387130000C","(04)23274275","(04)23288582","2026","1","12","18","40","臺中市","南屯區","0","0","0","7","","","50","","","","","","","","","","","","","","13","","","","","B03","","","1","","1","","","40","40","1","12","4","120.635132","24.131596","3"
"4934","66000","387130000C","(04)23274275","(04)23288582","2026","1","12","18","43","臺中市","北屯區","0","1","0","7","1","6","40","13","8","1","5","4","6","6","4","4","1","4","4","2","16","3","10","3","1","B03","7","5","1","3","1","5","","20","20","1","6","4","120.662503","24.187912","2"
"4935","66000","387130000C","(04)23274275","(04)23288582","2026","1","12","18","45","臺中市","沙鹿區","0","1","0","6","1","6","50","3","2","1","5","4","6","6","4","4","3","3","3","1","17","3","10","5","4","B03","7","1","1","8","2","4","","51","51","1","13","4","120.571063","24.211685","2"
"4936","66000","387130000C","(04)23274275","(04)23288582","2026","1","12","18","48","臺中市","霧峰區","0","1","0","7","1","6","50","4","1","1","5","4","6","6","4","4","10","5","5","2","16","3","10","1","1","C03","7","9","1","10","2","12","","84","84","1","12","4","120.699369","24.070136","2"
"4937","66000","387130000C","(04)23274275","(04)23288582","2026","1","12","18","50","臺中市","北屯區","0","0","0","7","","","40","","","","","","","","","","","","","","14","","","","","B12","","","1","","2","","","49","49","1","12","4","120.685205","24.17899","3"
"4938","66000","387130000C","(04)23274275","(04)23288582","2026","1","12","18","59","臺中市","梧棲區","0","0","0","7","","","40","","","","","","","","","","","","","","16","","","","","B03","","","1","","1","","","40","40","1","6","4","120.537204","24.251808","3"
"4939","66000","387130000C","(04)23274275","(04)23288582","2026","1","12","19","0","臺中市","大里區","0","0","0","7","","","50","","","","","","","","","","","","","","17","","","","","B03","","","1","","2","","","7","7","1","12","4","120.688496","24.09393","3"
"4940","66000","387130000C","(04)23274275","(04)23288582","2026","1","12","19","1","臺中市","北屯區","0","1","0","7","1","6","50","4","1","1","5","4","6","6","2","1","5","5","4","2","12","2","9","2","1","C03","7","6","1","10","2","11","","34","34","1","12","4","120.722543","24.176029","2"
"4941","66000","387130000C","(04)23274275","(04)23288582","2026","1","12","19","2","臺中市","大雅區","0","2","0","7","3","6","50","5","2","1","5","4","6","6","1","1","5","2","5","1","17","2","9","1","1","C03","7","9","3","19","1","11","","7","7","1","12","4","120.650337","24.227113","2"
"4942","66000","387130000C","(04)23274275","(04)23288582","2026","1","12","19","4","臺中市","大里區","0","1","0","7","1","6","50","4","19","1","5","4","6","6","1","1","10","5","5","1","1","3","10","3","1","B03","7","5","1","8","2","1","","10","10","1","10","4","120.686328","24.108667","2"
"4943","66000","387130000C","(04)23274275","(04)23288582","2026","1","12","19","5","臺中市","豐原區","0","2","0","7","1","6","50","4","1","1","5","4","6","6","4","4","5","5","5","1","16","2","9","5","4","C03","7","6","1","10","2","12","","14","14","1","12","4","120.728707","24.244274","2"
"4944","66000","387130000C","(04)23274275","(04)23288582","2026","1","12","19","10","臺中市","南屯區","0","0","0","7","","","60","","","","","","","","","","","","","","12","","","","","B03","","","1","","2","","","21","21","1","12","4","120.623079","24.145123","3"
"4945","66000","387130000C","(04)23274275","(04)23288582","2026","1","12","19","11","臺中市","石岡區","0","1","0","7","1","6","50","5","2","1","5","4","6","6","3","1","10","5","5","1","12","2","9","1","1","C03","7","5","1","10","6","13","","53","53","1","12","4","120.814978","24.258432","2"
"4946","66000","387130000C","(04)23274275","(04)23288582","2026","1","12","19","15","臺中市","太平區","0","0","0","7","1","6","40","","","","","","","","","","","","","","","","","","","B03","","","1","","9","5","","50","50","2","12","4","120.716151","24.149864","3"
"4947","66000","387130000C","(04)23274275","(04)23288582","2026","1","12","19","17","臺中市","清水區","0","3","0","7","1","6","50","13","9","1","5","4","6","6","4","4","8","3","5","1","3","2","9","6","5","H01","8","16","7","21","2","17","","95","95","1","12","5","120.546536","24.264142","2"
"4948","66000","387130000C","(04)23274275","(04)23288582","2026","1","12","19","20","臺中市","龍井區","0","0","0","7","","","60","","","","","","","","","","","","","","","","","","","B03","","","1","","2","","","59","59","1","6","4","120.540004","24.218948","3"
"4949","66000","387130000C","(04)23274275","(04)23288582","2026","1","12","19","20","臺中市","沙鹿區","0","0","0","7","1","6","","13","9","1","5","4","6","6","4","4","10","5","5","2","14","","","","","","","","","","","","","49","49","2","","","120.561663","24.206989","3"
"4950","66000","387130000C","(04)23274275","(04)23288582","2026","1","12","19","21","臺中市","西區","0","0","0","7","","","50","","","","","","","","","","","","","","13","","","","","C03","","","1","","1","","","7","7","1","13","4","120.667054","24.129377","3"
"4951","66000","387130000C","(04)23274275","(04)23288582","2026","1","12","19","23","臺中市","豐原區","0","0","0","7","","","50","","","","","","","","","","","","","","17","","","","","B03","","","1","","2","","","84","84","1","12","4","120.726571","24.245559","3"
"4952","66000","387130000C","(04)23274275","(04)23288582","2026","1","12","19","26","臺中市","大里區","0","1","0","7","2","6","50","13","9","1","5","4","6","6","4","4","1","4","4","1","17","3","10","1","1","C03","7","9","1","10","1","12","","7","7","2","12","4","120.66736","24.10524","2"
"4953","66000","387130000C","(04)23274275","(04)23288582","2026","1","12","19","32","臺中市","烏日區","0","0","0","7","1","6","50","13","8","1","5","4","6","6","4","4","5","4","4","2","12","3","10","3","1","B03","7","7","1","8","2","2","","84","84","1","6","4","120.634106","24.108592","3"
"4954","66000","387130000C","(04)23274275","(04)23288582","2026","1","12","19","36","臺中市","北屯區","0","0","0","7","","3","50","","","","","","","","","","","","","","","","","","","B03","","","1","","1","","","84","84","1","13","4","120.720051","24.164597","3"
"4955","66000","387130000C","(04)23274275","(04)23288582","2026","1","12","19","50","臺中市","沙鹿區","0","1","0","7","1","6","40","13","8","1","5","4","6","6","4","4","1","4","1","1","23","2","9","2","1","C03","7","9","1","10","2","14","","82","82","1","12","4","120.575023","24.25312","2"
"4956","66000","387130000C","(04)23274275","(04)23288582","2026","1","12","19","51","臺中市","南屯區","0","0","0","7","","","40","","","","","","","","","","","","","","12","","","","","B03","","","1","","2","","","40","40","1","12","4","120.623964","24.151632","3"
"4957","66000","387130000C","(04)23274275","(04)23288582","2026","1","12","19","51","臺中市","北屯區","0","1","0","7","1","6","50","4","1","1","5","4","6","6","4","4","10","5","5","2","12","2","8","1","1","C03","7","9","1","10","2","12","","7","7","1","12","4","120.727512","24.177786","2"
"4958","66000","387130000C","(04)23274275","(04)23288582","2026","1","12","20","9","臺中市","大里區","0","1","0","7","1","6","50","3","1","1","5","4","6","6","1","1","10","5","5","1","17","2","9","1","1","C03","7","9","1","10","2","14","","84","84","1","12","4","120.692318","24.118267","2"
"4959","66000","387130000C","(04)23274275","(04)23288582","2026","1","12","20","9","臺中市","清水區","0","1","0","7","1","6","50","5","1","1","5","4","6","6","1","1","8","3","4","2","16","3","10","3","1","B03","7","6","1","8","2","6","","11","11","1","12","4","120.558323","24.272327","2"
"4960","66000","387130000C","(04)23274275","(04)23288582","2026","1","12","20","9","臺中市","大甲區","0","1","0","7","1","6","50","13","9","1","5","4","6","6","4","4","10","5","5","1","11","3","10","3","1","B03","7","9","1","8","2","4","","41","41","1","6","4","120.59748","24.343338","2"
"4961","66000","387130000C","(04)23274275","(04)23288582","2026","1","12","20","10","臺中市","東勢區","0","0","0","7","","","50","","","","","","","","","","","","","","17","","","","","C03","","","1","","2","","","50","50","1","6","4","120.827607","24.259124","3"
"4962","66000","387130000C","(04)23274275","(04)23288582","2026","1","12","20","12","臺中市","烏日區","0","2","0","7","1","6","50","13","14","1","5","4","6","6","4","4","5","4","5","1","12","2","9","1","1","C03","7","9","1","10","2","11","","39","39","1","6","4","120.63652","24.048155","2"
"4963","66000","387130000C","(04)23274275","(04)23288582","2026","1","12","20","13","臺中市","南區","0","1","0","7","1","6","50","4","1","1","5","4","6","6","2","1","2","5","5","2","12","3","10","3","1","B03","7","5","1","8","2","2","","11","11","1","8","4","120.650059","24.120652","2"
"4964","66000","387130000C","(04)23274275","(04)23288582","2026","1","12","20","17","臺中市","西屯區","0","0","0","7","","","50","","","","","","","","","","","","","","17","","","","","B03","","","1","","2","","","84","84","1","12","4","120.659495","24.1755","3"
"4965","66000","387130000C","(04)23274275","(04)23288582","2026","1","12","20","23","臺中市","霧峰區","0","0","0","7","","","40","","","","","","","","","","","","","","","","","","","B03","","","1","","1","","","84","84","1","13","4","120.686626","24.053691","3"
"4966","66000","387130000C","(04)23274275","(04)23288582","2026","1","12","20","24","臺中市","西屯區","0","2","0","7","1","6","50","13","9","1","5","4","6","6","4","4","5","4","5","2","17","2","9","1","1","C03","7","6","1","10","2","14","","84","84","1","12","4","120.613572","24.189839","2"
"4967","66000","387130000C","(04)23274275","(04)23288582","2026","1","12","20","31","臺中市","北區","0","0","0","7","","","50","","","","","","","","","","","","","","","","","","","C03","","","1","","2","","","84","84","1","12","4","120.686503","24.152811","4"
"4968","66000","387130000C","(04)23274275","(04)23288582","2026","1","12","20","50","臺中市","豐原區","0","0","0","7","","","50","","","","","","","","","","","","","","12","","","","","B12","","","1","","2","","","8","8","1","12","4","120.703152","24.238462","3"
"4969","66000","387130000C","(04)23274275","(04)23288582","2026","1","12","20","56","臺中市","西屯區","0","2","0","7","1","6","50","4","1","1","5","4","6","6","2","1","10","5","5","2","13","3","10","1","1","C02","7","9","1","9","2","11","","7","7","1","12","4","120.658494","24.166449","2"
"4970","66000","387130000C","(04)23274275","(04)23288582","2026","1","12","20","59","臺中市","太平區","0","1","0","7","1","6","30","3","1","1","5","4","6","6","4","4","10","5","5","2","16","3","10","3","1","B03","7","6","1","8","2","1","","12","12","1","12","4","120.722765","24.135698","2"
"4971","66000","387130000C","(04)23274275","(04)23288582","2026","1","12","21","5","臺中市","北區","0","0","0","7","","","50","","","","","","","","","","","","","","17","","","","","B03","","","1","","1","","","50","50","1","12","4","120.676394","24.150804","3"
"4972","66000","387130000C","(04)23274275","(04)23288582","2026","1","12","21","6","臺中市","西屯區","0","0","0","7","","","50","","","","","","","","","","","","","","13","","","","","B03","","","1","","1","","","7","7","1","12","4","120.636567","24.170864","3"
"4973","66000","387130000C","(04)23274275","(04)23288582","2026","1","12","21","7","臺中市","大肚區","0","2","0","6","1","6","50","13","9","1","5","4","6","6","4","4","10","5","5","1","16","2","9","6","1","F01","7","11","7","21","5","11","","46","46","1","6","4","120.576881","24.164604","2"
"4974","66000","387130000C","(04)23274275","(04)23288582","2026","1","12","21","13","臺中市","太平區","0","0","0","7","","","50","","","","","","","","","","","","","","","","","","","C03","","","1","","1","","","58","58","1","12","4","120.722865","24.149353","3"
"4975","66000","387130000C","(04)23274275","(04)23288582","2026","1","12","21","16","臺中市","豐原區","0","0","0","7","","","50","","","","","","","","","","","","","","17","","","","","B03","","","1","","2","","","84","84","1","12","4","120.748925","24.254158","3"