序號,縣市別代碼,機關代碼,市話,傳真,年,月,日,時,分,縣市,區,死亡數量,受傷數量,2-30,天候,道路照明設備,道路類別,道路速限,道路型態,事故位置,路面鋪裝,路面狀態,路面缺陷,障礙物,視距,號誌種類,號誌動作,分向設施,快車道或一般車道間,快慢車道間,路面邊線,事故類型及型態,受傷程度,主要傷處,保護裝備,行動電話或功能裝置,當事者區分(類別),車輛用途,當事者行動狀態,駕照狀態,駕照種類,飲酒情形,車輛撞擊部位最初,車輛撞擊部位其他,肇事因素個別,肇事因素主要,肇事逃逸,職業,共享經濟或外送平台,GPS座標X,GPS座標Y,事故類別
"4976","66000","387130000C","(04)23274275","(04)23288582","2026","1","12","21","18","臺中市","北屯區","0","1","0","7","1","6","50","5","1","1","5","4","6","6","1","1","10","5","5","2","16","3","10","3","1","B03","7","5","5","19","2","5","","20","20","1","6","4","120.697745","24.170349","2"
"4977","66000","387130000C","(04)23274275","(04)23288582","2026","1","12","21","19","臺中市","西區","0","0","0","7","","","40","","","","","","","","","","","","","","13","","","","","C03","","","1","","1","","","7","7","1","12","4","120.676547","24.145047","3"
"4978","66000","387130000C","(04)23274275","(04)23288582","2026","1","12","21","22","臺中市","中區","0","0","0","7","","","50","","","","","","","","","","","","","","","","","","","B03","","","1","","1","","","84","84","1","6","4","120.677994","24.140943","3"
"4979","66000","387130000C","(04)23274275","(04)23288582","2026","1","12","21","23","臺中市","南屯區","0","0","0","7","","","50","","","","","","","","","","","","","","13","","","","","F01","","","7","","1","","","59","59","1","13","4","120.652814","24.135417","4"
"4980","66000","387130000C","(04)23274275","(04)23288582","2026","1","12","21","25","臺中市","西屯區","0","0","0","7","","","60","","","","","","","","","","","","","","12","","","","","B03","","","1","","1","","","40","40","1","12","4","120.64684","24.164178","3"
"4981","66000","387130000C","(04)23274275","(04)23288582","2026","1","12","21","36","臺中市","西屯區","0","0","0","7","","","50","","","","","","","","","","","","","","13","","","","","C03","","","1","","1","","","56","56","1","13","4","120.645162","24.178673","3"
"4982","66000","387130000C","(04)23274275","(04)23288582","2026","1","12","21","45","臺中市","北屯區","0","0","0","7","","","50","","","","","","","","","","","","","","13","","","","","B02","","","1","","1","","","84","84","1","12","4","120.685027","24.19048","3"
"4983","66000","387130000C","(04)23274275","(04)23288582","2026","1","12","21","45","臺中市","沙鹿區","0","0","0","6","","","50","","","","","","","","","","","","","","","","","","","","","","","","","","","119","119","1","","","120.579273","24.223813","3"
"4984","66000","387130000C","(04)23274275","(04)23288582","2026","1","12","21","47","臺中市","北區","0","0","0","7","","","50","","","","","","","","","","","","","","12","","","","","B03","","","1","","2","","","59","59","1","12","4","120.670402","24.161601","3"
"4985","66000","387130000C","(04)23274275","(04)23288582","2026","1","12","21","50","臺中市","大甲區","0","1","0","7","3","6","50","3","1","1","5","4","6","6","4","4","10","5","5","2","30","2","9","1","1","C03","7","9","1","10","1","14","","7","7","1","6","4","120.646597","24.404953","2"
"4986","66000","387130000C","(04)23274275","(04)23288582","2026","1","12","21","54","臺中市","西屯區","0","0","0","7","","","50","","","","","","","","","","","","","","17","","","","","B03","","","1","","2","","","45","45","1","12","4","120.614321","24.179372","3"
"4987","66000","387130000C","(04)23274275","(04)23288582","2026","1","12","22","2","臺中市","西屯區","0","1","0","7","1","6","50","4","1","1","5","4","6","6","2","1","10","5","5","2","15","3","10","3","1","B03","7","9","1","8","2","2","","21","21","1","12","4","120.641492","24.182238","2"
"4988","66000","387130000C","(04)23274275","(04)23288582","2026","1","12","22","10","臺中市","北區","0","0","0","7","","","50","","","","","","","","","","","","","","","","","","","B03","","","1","","2","","","50","50","1","12","4","120.669462","24.159087","3"
"4989","66000","387130000C","(04)23274275","(04)23288582","2026","1","12","22","12","臺中市","北區","0","1","0","7","1","6","50","4","2","1","5","4","6","6","2","1","10","5","5","2","13","2","8","2","1","C03","7","9","1","10","1","11","","7","7","1","13","4","120.676724","24.155877","2"
"4990","66000","387130000C","(04)23274275","(04)23288582","2026","1","12","22","35","臺中市","西屯區","0","0","0","7","","","30","","","","","","","","","","","","","","28","","","","","C03","","","1","","2","","","84","84","1","12","4","120.642956","24.173119","3"
"4991","66000","387130000C","(04)23274275","(04)23288582","2026","1","12","22","37","臺中市","南區","0","1","0","7","3","6","50","13","9","1","5","4","6","6","4","4","3","5","5","2","23","2","9","5","4","C03","7","9","1","10","2","11","","84","84","1","6","4","120.657407","24.129679","2"
"4992","66000","387130000C","(04)23274275","(04)23288582","2026","1","12","22","43","臺中市","北屯區","0","2","0","7","1","6","50","13","9","1","5","4","6","6","1","1","5","4","5","2","13","2","9","1","1","C03","7","9","1","10","2","11","","84","84","1","13","4","120.719675","24.178419","2"
"4993","66000","387130000C","(04)23274275","(04)23288582","2026","1","12","23","9","臺中市","西屯區","0","1","0","7","1","6","40","13","9","1","5","4","6","6","4","4","8","3","5","1","12","3","10","3","4","A12","7","6","1","2","2","16","","85","85","1","12","4","120.608651","24.164034","2"
"4994","66000","387130000C","(04)23274275","(04)23288582","2026","1","12","23","14","臺中市","南屯區","0","0","0","7","","","50","","","","","","","","","","","","","","13","","","","","B03","","","1","","1","","","84","84","1","13","4","120.647022","24.139573","3"
"4995","66000","387130000C","(04)23274275","(04)23288582","2026","1","12","23","36","臺中市","大里區","0","1","0","7","2","6","50","4","1","1","5","4","6","6","1","1","5","5","4","1","17","3","10","3","1","B03","7","6","1","8","2","1","","84","84","1","13","4","120.676588","24.10798","2"
"4996","66000","387130000C","(04)23274275","(04)23288582","2026","1","13","1","9","臺中市","大肚區","0","0","0","7","","","30","","","","","","","","","","","","","","17","","","","","B03","","","5","","11","","","84","84","1","6","4","120.575933","24.159222","3"
"4997","66000","387130000C","(04)23274275","(04)23288582","2026","1","13","1","30","臺中市","龍井區","0","1","0","7","1","6","30","13","9","1","5","4","6","6","4","4","10","5","5","2","30","2","9","3","1","B02","7","9","1","8","2","1","","83","83","1","6","4","120.56614","24.195247","2"
"4998","66000","387130000C","(04)23274275","(04)23288582","2026","1","13","3","57","臺中市","南屯區","0","2","0","7","1","6","50","4","1","1","5","4","6","6","3","1","10","5","5","2","15","2","9","3","1","B03","7","9","1","8","2","1","","24","24","1","13","4","120.649924","24.132047","2"
"4999","66000","387130000C","(04)23274275","(04)23288582","2026","1","13","4","45","臺中市","南屯區","0","0","0","7","","","30","","","","","","","","","","","","","","15","","","","","B03","","","1","","1","","","20","20","1","12","4","120.641459","24.138398","3"
"5000","66000","387130000C","(04)23274275","(04)23288582","2026","1","13","5","4","臺中市","西屯區","0","1","0","7","1","6","50","13","9","1","3","4","6","6","4","4","5","4","5","2","30","2","7","2","4","C03","7","9","1","9","2","14","","87","87","1","13","2","120.64431","24.171554","2"
"5001","66000","387130000C","(04)23274275","(04)23288582","2026","1","13","5","49","臺中市","北區","0","1","0","7","1","6","50","4","19","1","5","4","6","6","1","1","5","4","5","2","2","3","10","3","1","B03","7","6","3","19","2","1","","10","10","1","12","4","120.684446","24.142295","2"
"5002","66000","387130000C","(04)23274275","(04)23288582","2026","1","13","6","22","臺中市","潭子區","0","3","0","7","1","6","50","13","9","1","5","4","6","6","4","4","5","5","5","1","12","2","9","2","1","C03","7","1","1","10","2","14","","51","51","1","13","4","120.710785","24.212787","2"
"5003","66000","387130000C","(04)23274275","(04)23288582","2026","1","13","6","31","臺中市","清水區","0","0","0","7","","","50","","","","","","","","","","","","","","","","","","","B03","","","1","","1","","","7","7","1","12","4","120.573585","24.264278","3"
"5004","66000","387130000C","(04)23274275","(04)23288582","2026","1","13","6","32","臺中市","西屯區","0","0","0","7","","","50","","","","","","","","","","","","","","12","","","","","C03","","","1","","2","","","84","84","1","12","4","120.634755","24.169582","3"
"5005","66000","387130000C","(04)23274275","(04)23288582","2026","1","13","6","34","臺中市","龍井區","0","0","0","7","","","50","","","","","","","","","","","","","","","","","","","B03","","","1","","9","","","84","84","2","12","4","120.549837","24.208683","3"
"5006","66000","387130000C","(04)23274275","(04)23288582","2026","1","13","6","40","臺中市","后里區","0","0","0","7","","","60","","","","","","","","","","","","","","13","","","","","B03","","","1","","1","","","7","7","1","6","4","120.678654","24.303851","3"
"5007","66000","387130000C","(04)23274275","(04)23288582","2026","1","13","6","50","臺中市","南區","0","1","0","7","3","6","30","4","1","1","5","4","6","6","4","4","10","5","5","2","30","2","8","2","1","C03","7","9","1","10","1","15","","85","85","1","13","4","120.674706","24.128998","2"
"5008","66000","387130000C","(04)23274275","(04)23288582","2026","1","13","6","54","臺中市","清水區","0","0","0","7","","","60","","","","","","","","","","","","","","","","","","","A41","","","1","","2","","","85","85","1","12","4","120.551314","24.276117","3"
"5009","66000","387130000C","(04)23274275","(04)23288582","2026","1","13","6","58","臺中市","北屯區","0","2","0","7","2","6","50","4","1","1","5","4","6","6","2","1","10","5","5","2","12","2","7","2","1","C03","7","15","1","10","2","14","","42","42","1","6","4","120.719475","24.163003","2"
"5010","66000","387130000C","(04)23274275","(04)23288582","2026","1","13","7","0","臺中市","烏日區","0","1","0","7","2","6","70","3","1","1","5","4","6","6","4","4","1","4","4","1","30","2","9","3","1","B03","7","5","1","8","2","1","","84","84","1","6","4","120.601279","24.110668","2"
"5011","66000","387130000C","(04)23274275","(04)23288582","2026","1","13","7","2","臺中市","南區","0","0","0","7","","","50","","","","","","","","","","","","","","13","","","","","B03","","","1","","1","","","7","7","1","12","4","120.657853","24.116448","3"
"5012","66000","387130000C","(04)23274275","(04)23288582","2026","1","13","7","6","臺中市","西屯區","0","1","0","7","2","6","50","4","1","1","5","4","6","6","1","1","10","5","5","2","16","2","9","5","4","C03","7","9","3","19","2","12","","21","21","1","12","4","120.635352","24.182115","2"
"5013","66000","387130000C","(04)23274275","(04)23288582","2026","1","13","7","6","臺中市","龍井區","0","1","0","7","2","6","50","13","8","1","5","4","6","6","4","4","1","5","1","1","18","2","9","1","1","C03","7","9","1","10","2","14","","82","82","1","12","4","120.522855","24.218105","2"
"5014","66000","387130000C","(04)23274275","(04)23288582","2026","1","13","7","13","臺中市","清水區","0","1","0","7","3","6","50","3","1","1","5","4","6","6","4","4","1","4","5","1","17","2","9","2","1","F01","7","9","7","21","9","12","","12","12","1","12","4","120.564946","24.277046","2"
"5015","66000","387130000C","(04)23274275","(04)23288582","2026","1","13","7","15","臺中市","北屯區","0","1","0","7","2","6","50","4","1","1","5","4","6","6","1","1","10","5","5","2","12","3","10","1","1","C03","7","7","1","10","2","13","","84","84","1","6","4","120.676135","24.200709","2"
"5016","66000","387130000C","(04)23274275","(04)23288582","2026","1","13","7","16","臺中市","大肚區","0","0","0","7","","","40","","","","","","","","","","","","","","23","","","","","B03","","","1","","2","","","59","59","1","6","4","120.582814","24.172763","3"
"5017","66000","387130000C","(04)23274275","(04)23288582","2026","1","13","7","20","臺中市","西屯區","0","0","0","7","","","50","","","","","","","","","","","","","","14","","","","","B03","","","1","","1","","","78","78","1","13","4","120.647403","24.158642","3"
"5018","66000","387130000C","(04)23274275","(04)23288582","2026","1","13","7","20","臺中市","霧峰區","0","1","0","6","3","6","50","11","9","1","5","4","6","6","4","4","5","5","5","1","18","2","9","1","1","C03","7","9","1","10","2","16","","84","84","1","12","4","120.691606","24.044291","2"
"5019","66000","387130000C","(04)23274275","(04)23288582","2026","1","13","7","23","臺中市","北屯區","0","1","0","7","3","6","50","3","1","1","5","4","6","6","1","1","10","5","5","2","16","3","10","3","1","B03","7","11","1","8","2","5","","45","45","1","6","4","120.726085","24.180468","2"
"5020","66000","387130000C","(04)23274275","(04)23288582","2026","1","13","7","24","臺中市","潭子區","0","0","0","7","","","50","","","","","","","","","","","","","","","","","","","C03","","","1","","2","","","7","7","1","12","4","120.685357","24.225697","3"
"5021","66000","387130000C","(04)23274275","(04)23288582","2026","1","13","7","24","臺中市","西屯區","0","1","0","6","2","6","50","13","9","1","5","4","6","6","4","4","10","5","5","2","17","2","9","5","4","B03","7","15","1","8","1","4","","76","76","1","13","4","120.662127","24.168827","2"
"5022","66000","387130000C","(04)23274275","(04)23288582","2026","1","13","7","25","臺中市","大安區","0","0","0","7","","","50","","","","","","","","","","","","","","13","","","","","B03","","","3","","2","","","7","7","1","6","4","120.616176","24.349732","3"
"5023","66000","387130000C","(04)23274275","(04)23288582","2026","1","13","7","26","臺中市","梧棲區","0","1","0","7","2","6","90","13","17","1","5","4","6","6","4","4","9","5","5","1","13","3","10","3","1","B03","7","14","1","8","2","3","","84","84","1","12","4","120.515135","24.226719","2"
"5024","66000","387130000C","(04)23274275","(04)23288582","2026","1","13","7","26","臺中市","后里區","0","0","0","7","2","6","0","3","9","1","5","4","6","6","4","4","9","5","5","1","17","3","10","3","1","B03","7","13","1","8","1","4","","76","76","1","12","4","120.72684","24.309169","3"
"5025","66000","387130000C","(04)23274275","(04)23288582","2026","1","13","7","27","臺中市","西屯區","0","0","0","7","","","50","","","","","","","","","","","","","","12","","","","","A11","","","1","","1","","","40","40","1","13","4","120.65481","24.198964","3"
"5026","66000","387130000C","(04)23274275","(04)23288582","2026","1","13","7","29","臺中市","豐原區","0","2","0","7","2","6","50","3","8","1","5","4","6","6","4","4","1","4","4","1","13","2","1","1","1","C03","7","9","1","10","2","11","","7","7","1","12","4","120.751505","24.270816","2"
"5027","66000","387130000C","(04)23274275","(04)23288582","2026","1","13","7","30","臺中市","北屯區","0","0","0","7","","","50","","","","","","","","","","","","","","12","","","","","C03","","","1","","2","","","84","84","1","6","4","120.720953","24.169893","4"
"5028","66000","387130000C","(04)23274275","(04)23288582","2026","1","13","7","30","臺中市","石岡區","0","0","0","7","","","50","","","","","","","","","","","","","","","","","","","C03","","","1","","1","","","84","84","1","12","4","120.815901","24.260636","3"
"5029","66000","387130000C","(04)23274275","(04)23288582","2026","1","13","7","31","臺中市","龍井區","0","0","0","7","","","30","","","","","","","","","","","","","","","","","","","B03","","","1","","2","","","84","84","1","12","4","120.547867","24.195119","3"
"5030","66000","387130000C","(04)23274275","(04)23288582","2026","1","13","7","34","臺中市","東區","0","1","0","7","3","6","30","3","1","1","5","4","6","6","4","4","10","5","5","2","16","3","10","5","4","C03","7","5","1","10","1","13","","12","12","1","12","4","120.688163","24.135848","2"
"5031","66000","387130000C","(04)23274275","(04)23288582","2026","1","13","7","35","臺中市","大甲區","0","0","0","7","","","50","","","","","","","","","","","","","","","","","","","C03","","","3","","1","","","84","84","1","6","4","120.653864","24.40652","3"
"5032","66000","387130000C","(04)23274275","(04)23288582","2026","1","13","7","37","臺中市","太平區","0","0","0","7","","3","80","","","","","","","","","","","","","","","","","","","B03","","","1","","1","","","7","7","1","12","4","120.716843","24.154375","3"
"5033","66000","387130000C","(04)23274275","(04)23288582","2026","1","13","7","37","臺中市","梧棲區","0","1","0","7","3","6","50","13","9","1","5","4","6","6","4","4","5","5","5","1","13","2","9","1","1","C03","7","9","1","10","2","11","","7","7","1","6","4","120.538925","24.252504","2"
"5034","66000","387130000C","(04)23274275","(04)23288582","2026","1","13","7","38","臺中市","龍井區","0","1","0","7","2","6","30","4","1","1","5","4","6","6","4","4","10","5","5","1","16","3","10","3","1","B03","7","6","1","8","2","4","","48","48","1","12","4","120.525673","24.218615","2"
"5035","66000","387130000C","(04)23274275","(04)23288582","2026","1","13","7","40","臺中市","梧棲區","0","0","0","7","","","40","","","","","","","","","","","","","","13","","","","","B03","","","1","","2","","","7","7","1","12","4","120.52566","24.224626","3"
"5036","66000","387130000C","(04)23274275","(04)23288582","2026","1","13","7","41","臺中市","大里區","0","0","0","7","","","50","","","","","","","","","","","","","","13","","","","","C03","","","5","","2","","","7","7","1","6","4","120.69985","24.105294","3"
"5037","66000","387130000C","(04)23274275","(04)23288582","2026","1","13","7","42","臺中市","西屯區","0","2","0","7","1","6","40","13","8","1","5","4","6","6","4","4","1","4","4","1","16","2","9","1","1","C03","7","5","1","10","2","12","","47","47","1","12","4","120.601076","24.18219","2"
"5038","66000","387130000C","(04)23274275","(04)23288582","2026","1","13","7","43","臺中市","南屯區","0","0","0","7","3","6","40","13","9","1","5","4","6","6","1","1","5","5","4","2","17","","","","","C03","","","1","","1","","","84","84","1","12","4","120.643788","24.153545","3"
"5039","66000","387130000C","(04)23274275","(04)23288582","2026","1","13","7","45","臺中市","神岡區","0","1","0","7","1","6","50","3","1","1","5","4","6","6","1","1","5","5","4","2","12","3","10","1","4","C03","7","6","1","10","2","12","","7","7","1","12","4","120.695619","24.239682","2"
"5040","66000","387130000C","(04)23274275","(04)23288582","2026","1","13","7","46","臺中市","西屯區","0","0","0","7","","3","80","","","","","","","","","","","","","","13","","","","","B03","","","1","","2","","","7","7","1","12","4","120.651105","24.197807","3"
"5041","66000","387130000C","(04)23274275","(04)23288582","2026","1","13","7","47","臺中市","西區","0","1","0","7","3","6","40","13","8","1","5","4","6","6","4","4","1","4","1","2","13","3","10","1","1","C03","7","9","1","10","2","11","13","7","7","1","6","4","120.659894","24.158815","2"
"5042","66000","387130000C","(04)23274275","(04)23288582","2026","1","13","7","47","臺中市","龍井區","0","1","0","7","2","6","50","13","7","1","5","4","6","6","4","4","5","4","4","2","12","2","8","1","1","C03","7","4","1","10","2","12","","8","8","1","12","4","120.50435","24.210519","2"
"5043","66000","387130000C","(04)23274275","(04)23288582","2026","1","13","7","47","臺中市","東勢區","0","0","0","7","","","50","","","","","","","","","","","","","","","","","","","B03","","","1","","2","","","59","59","1","12","4","120.859873","24.278952","3"
"5044","66000","387130000C","(04)23274275","(04)23288582","2026","1","13","7","48","臺中市","北屯區","0","2","0","7","2","6","50","4","1","1","5","4","6","6","1","1","10","5","5","2","16","2","8","1","1","C03","7","6","1","10","2","12","","11","11","1","12","4","120.672777","24.176","2"
"5045","66000","387130000C","(04)23274275","(04)23288582","2026","1","13","7","49","臺中市","北區","0","1","0","7","2","6","50","3","1","1","5","4","6","6","1","1","10","5","5","2","16","3","10","5","4","B03","7","6","1","8","2","1","","11","11","1","13","4","120.672565","24.168787","2"
"5046","66000","387130000C","(04)23274275","(04)23288582","2026","1","13","7","49","臺中市","西屯區","0","0","0","7","","","50","","","","","","","","","","","","","","13","","","","","C03","","","1","","1","","","8","8","1","12","4","120.636931","24.170984","3"
"5047","66000","387130000C","(04)23274275","(04)23288582","2026","1","13","7","50","臺中市","潭子區","0","2","0","7","3","6","60","5","1","1","5","4","6","6","1","1","1","4","5","1","17","2","9","2","1","C03","7","5","1","10","2","12","","11","11","1","13","4","120.703442","24.200598","2"
"5048","66000","387130000C","(04)23274275","(04)23288582","2026","1","13","7","50","臺中市","北區","0","1","0","7","2","6","50","13","9","1","5","4","6","6","4","4","3","4","5","2","17","2","9","5","1","C03","7","9","1","10","1","11","","7","7","1","13","4","120.685944","24.155097","2"
"5049","66000","387130000C","(04)23274275","(04)23288582","2026","1","13","7","50","臺中市","大里區","0","0","0","7","","","50","","","","","","","","","","","","","","15","","","","","C03","","","1","","2","","","15","15","1","13","4","120.699943","24.108973","3"
"5050","66000","387130000C","(04)23274275","(04)23288582","2026","1","13","7","52","臺中市","大雅區","0","1","0","6","2","6","40","3","1","1","5","4","6","6","4","4","10","5","5","1","12","3","10","3","1","B03","7","5","1","8","2","5","","14","14","1","13","4","120.630048","24.205874","2"
"5051","66000","387130000C","(04)23274275","(04)23288582","2026","1","13","7","53","臺中市","大甲區","0","0","0","7","","","50","","","","","","","","","","","","","","13","","","","","A12","","","1","","1","","","8","8","1","12","4","120.638078","24.361432","3"
"5052","66000","387130000C","(04)23274275","(04)23288582","2026","1","13","7","54","臺中市","烏日區","0","1","0","7","3","6","60","13","7","1","5","4","6","6","4","4","1","2","4","1","12","2","9","1","1","C03","7","12","1","4","2","11","14","59","59","1","6","4","120.616813","24.105438","2"
"5053","66000","387130000C","(04)23274275","(04)23288582","2026","1","13","7","55","臺中市","西區","0","0","0","7","","","50","","","","","","","","","","","","","","12","","","","","C02","","","1","","2","","","47","47","1","13","4","120.662206","24.135166","3"
"5054","66000","387130000C","(04)23274275","(04)23288582","2026","1","13","7","56","臺中市","梧棲區","0","1","0","7","3","6","30","4","1","1","5","4","6","6","4","4","10","5","5","2","15","2","9","1","1","C03","7","9","1","10","2","12","","15","15","1","6","4","120.544795","24.240981","2"
"5055","66000","387130000C","(04)23274275","(04)23288582","2026","1","13","8","0","臺中市","沙鹿區","0","0","0","7","","","40","","","","","","","","","","","","","","17","","","","","B03","","","1","","2","","","85","85","1","6","4","120.558917","24.233121","3"
"5056","66000","387130000C","(04)23274275","(04)23288582","2026","1","13","8","1","臺中市","東區","0","1","0","7","3","9","40","4","1","1","5","4","6","6","2","1","5","5","4","2","13","3","10","2","1","C03","7","9","1","10","2","11","","84","84","1","13","4","120.700104","24.138866","2"
"5057","66000","387130000C","(04)23274275","(04)23288582","2026","1","13","8","2","臺中市","中區","0","1","0","7","2","6","50","4","1","1","5","4","6","6","1","1","10","5","5","2","16","2","9","4","1","F01","7","6","7","21","2","11","","11","11","1","12","4","120.676888","24.141923","2"
"5058","66000","387130000C","(04)23274275","(04)23288582","2026","1","13","8","2","臺中市","沙鹿區","0","1","0","7","2","6","40","4","2","1","5","4","6","6","1","1","3","4","4","2","13","2","9","2","1","C03","7","9","5","19","2","11","","59","59","1","6","4","120.564793","24.248844","2"
"5059","66000","387130000C","(04)23274275","(04)23288582","2026","1","13","8","4","臺中市","西屯區","0","1","0","7","2","6","40","3","1","1","5","4","6","6","4","4","1","5","5","2","14","3","10","5","4","B03","7","2","1","8","1","6","","49","49","1","13","4","120.661049","24.172157","2"
"5060","66000","387130000C","(04)23274275","(04)23288582","2026","1","13","8","4","臺中市","西屯區","0","2","0","7","2","6","30","3","1","1","5","4","6","6","4","4","5","5","5","2","16","2","9","5","4","C03","7","6","1","10","2","12","","12","12","1","12","4","120.648506","24.16905","2"
"5061","66000","387130000C","(04)23274275","(04)23288582","2026","1","13","8","7","臺中市","北屯區","0","0","0","7","","","50","","","","","","","","","","","","","","13","","","","","B03","","","1","","2","","","56","56","1","6","4","120.679696","24.172167","3"
"5062","66000","387130000C","(04)23274275","(04)23288582","2026","1","13","8","8","臺中市","北屯區","0","2","0","7","2","6","50","4","1","1","5","4","6","6","2","1","10","5","5","2","16","2","9","2","1","C03","7","6","1","10","2","12","","11","11","1","6","4","120.668661","24.192741","2"
"5063","66000","387130000C","(04)23274275","(04)23288582","2026","1","13","8","8","臺中市","豐原區","0","0","0","7","","","50","","","","","","","","","","","","","","16","","","","","C03","","","1","","2","","","11","11","1","6","4","120.721531","24.246705","3"
"5064","66000","387130000C","(04)23274275","(04)23288582","2026","1","13","8","10","臺中市","西屯區","0","2","0","6","2","6","50","13","7","1","5","4","6","6","4","4","9","5","4","1","16","2","9","1","1","C03","7","11","1","10","2","12","","45","45","1","13","4","120.614611","24.190586","2"
"5065","66000","387130000C","(04)23274275","(04)23288582","2026","1","13","8","10","臺中市","太平區","0","0","0","7","","","50","","","","","","","","","","","","","","17","","","","","A12","","","1","","1","","","84","84","1","12","4","120.705536","24.159413","3"
"5066","66000","387130000C","(04)23274275","(04)23288582","2026","1","13","8","12","臺中市","西區","0","0","0","6","","","50","","","","","","","","","","","","","","","","","","","B03","","","1","","1","","","49","49","1","12","4","120.665195","24.128984","3"
"5067","66000","387130000C","(04)23274275","(04)23288582","2026","1","13","8","14","臺中市","大雅區","0","1","0","7","3","6","60","3","2","1","5","4","6","6","1","1","9","4","5","1","16","2","8","2","1","F02","7","9","7","21","2","12","","85","85","1","13","4","120.658372","24.230901","2"
"5068","66000","387130000C","(04)23274275","(04)23288582","2026","1","13","8","14","臺中市","豐原區","0","0","0","7","","","50","","","","","","","","","","","","","","15","","","","","B03","","","1","","2","","","21","21","1","13","4","120.736468","24.272663","3"
"5069","66000","387130000C","(04)23274275","(04)23288582","2026","1","13","8","16","臺中市","南區","0","3","0","7","2","6","50","4","1","1","5","4","6","6","1","1","10","5","5","2","13","3","10","1","1","C03","7","5","1","10","2","13","","11","11","1","12","4","120.661463","24.12172","2"
"5070","66000","387130000C","(04)23274275","(04)23288582","2026","1","13","8","16","臺中市","大里區","0","1","0","7","3","6","30","13","9","1","5","4","6","6","4","4","10","5","5","2","20","2","3","3","1","B03","7","3","1","8","2","1","","50","50","1","12","4","120.686653","24.072283","2"
"5071","66000","387130000C","(04)23274275","(04)23288582","2026","1","13","8","17","臺中市","潭子區","0","1","0","7","3","6","60","4","2","1","5","4","6","6","1","1","1","4","5","1","13","2","8","2","1","C03","7","9","1","10","2","11","","7","7","1","13","4","120.705233","24.215254","2"
"5072","66000","387130000C","(04)23274275","(04)23288582","2026","1","13","8","18","臺中市","潭子區","0","0","0","7","","","30","","","","","","","","","","","","","","","","","","","B03","","","1","","2","","","87","87","1","13","4","120.702212","24.203861","3"
"5073","66000","387130000C","(04)23274275","(04)23288582","2026","1","13","8","19","臺中市","太平區","0","0","0","7","","","30","","","","","","","","","","","","","","","","","","","B03","","","1","","2","","","49","49","1","12","4","120.720067","24.126626","3"
"5074","66000","387130000C","(04)23274275","(04)23288582","2026","1","13","8","20","臺中市","西區","0","0","0","7","","","50","","","","","","","","","","","","","","","","","","","B03","","","1","","1","","","84","84","1","6","4","120.673856","24.140218","3"
"5075","66000","387130000C","(04)23274275","(04)23288582","2026","1","13","8","20","臺中市","太平區","0","1","0","7","2","6","50","3","1","1","5","4","6","6","4","4","10","5","5","2","16","3","10","2","1","C03","7","4","1","10","2","12","","39","39","1","12","4","120.721434","24.121511","2"
"5076","66000","387130000C","(04)23274275","(04)23288582","2026","1","13","8","20","臺中市","大肚區","0","0","0","7","","","50","","","","","","","","","","","","","","12","","","","","B02","","","1","","2","","","40","40","1","6","4","120.55758","24.127736","3"
"5077","66000","387130000C","(04)23274275","(04)23288582","2026","1","13","8","21","臺中市","西屯區","0","1","0","7","2","6","50","13","9","1","5","4","6","6","4","4","1","4","4","2","13","2","9","5","4","C03","7","9","1","10","2","11","","7","7","1","13","4","120.617523","24.19207","2"
"5078","66000","387130000C","(04)23274275","(04)23288582","2026","1","13","8","21","臺中市","太平區","0","1","0","7","2","6","50","13","9","1","5","4","6","6","4","4","5","5","5","1","17","3","10","3","1","B03","7","4","1","8","2","6","","34","34","1","12","4","120.725896","24.136673","2"
"5079","66000","387130000C","(04)23274275","(04)23288582","2026","1","13","8","22","臺中市","烏日區","0","0","0","7","","","60","","","","","","","","","","","","","","13","","","","","B03","","","1","","1","","","84","84","1","6","4","120.646357","24.064934","3"
"5080","66000","387130000C","(04)23274275","(04)23288582","2026","1","13","8","24","臺中市","東區","0","1","0","7","3","6","50","3","1","1","5","4","6","6","4","4","10","5","5","2","17","2","9","5","4","F01","7","6","7","21","2","11","","39","39","1","12","4","120.702299","24.141046","2"
"5081","66000","387130000C","(04)23274275","(04)23288582","2026","1","13","8","26","臺中市","大雅區","0","0","0","7","","","50","","","","","","","","","","","","","","","","","","","C03","","","1","","1","","","7","7","1","13","4","120.658379","24.220157","3"
"5082","66000","387130000C","(04)23274275","(04)23288582","2026","1","13","8","29","臺中市","大雅區","0","0","0","7","","","50","","","","","","","","","","","","","","","","","","","B03","","","1","","1","","","7","7","1","13","4","120.647839","24.21614","3"
"5083","66000","387130000C","(04)23274275","(04)23288582","2026","1","13","8","30","臺中市","北屯區","0","0","0","7","","","50","","","","","","","","","","","","","","13","","","","","B03","","","1","","1","","","56","56","1","6","4","120.683265","24.197538","3"
"5084","66000","387130000C","(04)23274275","(04)23288582","2026","1","13","8","32","臺中市","西區","0","0","0","7","","","50","","","","","","","","","","","","","","13","","","","","A05","","","1","","1","","","7","7","1","13","4","120.665819","24.140298","3"
"5085","66000","387130000C","(04)23274275","(04)23288582","2026","1","13","8","34","臺中市","東區","0","1","0","7","2","6","50","4","1","1","5","4","6","6","2","1","5","4","5","2","18","2","9","2","1","C03","7","6","1","10","2","14","","84","84","1","13","4","120.696471","24.135639","2"