序號,縣市別代碼,機關代碼,市話,傳真,年,月,日,時,分,縣市,區,死亡數量,受傷數量,2-30,天候,道路照明設備,道路類別,道路速限,道路型態,事故位置,路面鋪裝,路面狀態,路面缺陷,障礙物,視距,號誌種類,號誌動作,分向設施,快車道或一般車道間,快慢車道間,路面邊線,事故類型及型態,受傷程度,主要傷處,保護裝備,行動電話或功能裝置,當事者區分(類別),車輛用途,當事者行動狀態,駕照狀態,駕照種類,飲酒情形,車輛撞擊部位最初,車輛撞擊部位其他,肇事因素個別,肇事因素主要,肇事逃逸,職業,共享經濟或外送平台,GPS座標X,GPS座標Y,事故類別
"5086","66000","387130000C","(04)23274275","(04)23288582","2026","1","13","8","38","臺中市","西屯區","0","0","0","7","","","60","","","","","","","","","","","","","","16","","","","","B12","","","1","","2","","","40","40","1","12","4","120.615676","24.182903","3"
"5087","66000","387130000C","(04)23274275","(04)23288582","2026","1","13","8","39","臺中市","西屯區","0","2","0","7","2","6","40","3","1","1","5","4","6","6","1","1","5","5","4","2","13","2","9","2","1","C03","7","9","1","10","2","11","","7","7","1","12","4","120.647792","24.167067","2"
"5088","66000","387130000C","(04)23274275","(04)23288582","2026","1","13","8","43","臺中市","南屯區","0","0","0","7","","","50","","","","","","","","","","","","","","13","","","","","B03","","","1","","1","","","7","7","1","6","4","120.616349","24.145937","3"
"5089","66000","387130000C","(04)23274275","(04)23288582","2026","1","13","8","43","臺中市","新社區","0","0","0","7","","","50","","","","","","","","","","","","","","","","","","","G03","","","1","","1","","","82","82","1","12","4","120.79778","24.261818","3"
"5090","66000","387130000C","(04)23274275","(04)23288582","2026","1","13","8","57","臺中市","北屯區","0","0","0","7","","","50","","","","","","","","","","","","","","17","","","","","B12","","","1","","2","","","84","84","1","6","4","120.731242","24.161953","3"
"5091","66000","387130000C","(04)23274275","(04)23288582","2026","1","13","8","58","臺中市","沙鹿區","0","0","0","7","","","30","","","","","","","","","","","","","","16","","","","","B03","","","1","","2","","","14","14","1","6","4","120.565136","24.250441","3"
"5092","66000","387130000C","(04)23274275","(04)23288582","2026","1","13","8","59","臺中市","南屯區","0","1","0","7","1","6","50","4","1","1","5","4","6","6","4","4","5","4","5","2","16","3","10","3","1","B03","7","5","1","8","2","2","","11","11","1","12","4","120.64264","24.149792","2"
"5093","66000","387130000C","(04)23274275","(04)23288582","2026","1","13","9","2","臺中市","西屯區","0","1","0","7","2","6","50","13","9","1","5","4","6","6","4","4","5","4","5","2","12","2","9","5","4","C03","7","9","1","10","2","14","","8","8","1","12","4","120.619735","24.187244","2"
"5094","66000","387130000C","(04)23274275","(04)23288582","2026","1","13","9","9","臺中市","西屯區","0","2","0","7","2","6","50","13","7","1","5","4","6","6","4","4","5","5","4","2","16","2","9","5","4","B01","7","6","1","8","2","1","","48","48","1","12","4","120.638777","24.165176","2"
"5095","66000","387130000C","(04)23274275","(04)23288582","2026","1","13","9","12","臺中市","南屯區","0","0","0","7","","","40","","","","","","","","","","","","","","12","","","","","A04","","","1","","9","","","8","8","1","12","4","120.614892","24.14823","3"
"5096","66000","387130000C","(04)23274275","(04)23288582","2026","1","13","9","12","臺中市","神岡區","0","0","0","7","","","50","","","","","","","","","","","","","","17","","","","","B12","","","1","","1","","","51","51","1","12","4","120.712565","24.256438","3"
"5097","66000","387130000C","(04)23274275","(04)23288582","2026","1","13","9","15","臺中市","潭子區","0","1","0","7","3","6","50","3","2","1","5","4","6","6","4","4","5","4","4","2","17","2","8","2","1","C03","7","9","1","10","2","14","","43","43","1","13","4","120.692978","24.229851","2"
"5098","66000","387130000C","(04)23274275","(04)23288582","2026","1","13","9","15","臺中市","西屯區","0","0","0","7","","","30","","","","","","","","","","","","","","17","","","","","B03","","","1","","1","","","8","8","1","13","4","120.646366","24.183353","3"
"5099","66000","387130000C","(04)23274275","(04)23288582","2026","1","13","9","16","臺中市","北區","0","0","0","7","","","50","","","","","","","","","","","","","","9","","","","","B03","","","6","","9","","","85","85","1","13","4","120.687307","24.164873","4"
"5100","66000","387130000C","(04)23274275","(04)23288582","2026","1","13","9","20","臺中市","霧峰區","0","0","0","7","","","30","","","","","","","","","","","","","","17","","","","","B03","","","1","","2","","","8","8","1","6","4","120.662175","24.072057","3"
"5101","66000","387130000C","(04)23274275","(04)23288582","2026","1","13","9","20","臺中市","大肚區","0","1","0","7","1","6","50","13","9","1","5","4","6","6","4","4","9","5","5","1","17","2","9","1","1","C03","7","11","1","10","2","12","","39","39","1","6","4","120.579082","24.16929","2"
"5102","66000","387130000C","(04)23274275","(04)23288582","2026","1","13","9","20","臺中市","大甲區","0","2","0","7","2","6","50","13","9","1","5","4","6","6","4","4","5","5","5","1","16","2","9","1","1","C03","7","9","3","19","1","11","","7","7","1","6","4","120.626183","24.349296","2"
"5103","66000","387130000C","(04)23274275","(04)23288582","2026","1","13","9","23","臺中市","西區","0","2","0","7","2","6","50","4","2","1","5","4","6","6","1","1","10","5","5","2","13","2","9","2","1","C03","7","9","1","10","2","11","","7","7","1","12","4","120.657353","24.146702","2"
"5104","66000","387130000C","(04)23274275","(04)23288582","2026","1","13","9","26","臺中市","沙鹿區","0","0","0","7","","","50","","","","","","","","","","","","","","","","","","","B03","","","1","","2","","","12","12","1","6","4","120.560785","24.237033","3"
"5105","66000","387130000C","(04)23274275","(04)23288582","2026","1","13","9","31","臺中市","后里區","0","1","0","7","2","6","50","3","1","1","5","4","6","6","1","1","1","4","5","1","16","3","10","3","1","B03","7","5","1","8","2","16","","11","11","1","12","4","120.72367","24.297907","2"
"5106","66000","387130000C","(04)23274275","(04)23288582","2026","1","13","9","34","臺中市","北屯區","0","0","0","7","","","50","","","","","","","","","","","","","","17","","","","","B03","","","1","","2","","","51","51","1","6","4","120.686163","24.178729","3"
"5107","66000","387130000C","(04)23274275","(04)23288582","2026","1","13","9","35","臺中市","太平區","0","2","0","7","2","6","50","5","1","1","5","4","6","6","1","1","10","5","5","2","13","2","9","2","1","C03","7","9","1","10","2","11","","7","7","1","12","4","120.710274","24.134832","2"
"5108","66000","387130000C","(04)23274275","(04)23288582","2026","1","13","9","38","臺中市","龍井區","0","0","0","7","","","50","","","","","","","","","","","","","","","","","","","C03","","","3","","1","","","11","11","1","12","4","120.545355","24.186149","3"
"5109","66000","387130000C","(04)23274275","(04)23288582","2026","1","13","9","40","臺中市","北區","0","0","0","7","3","6","50","18","24","1","5","4","6","6","4","4","3","5","4","2","17","","","","","B12","","","1","","2","","","8","8","1","13","4","120.694668","24.157904","3"
"5110","66000","387130000C","(04)23274275","(04)23288582","2026","1","13","9","46","臺中市","太平區","0","2","0","7","2","6","50","3","4","1","5","4","6","6","1","1","5","4","5","2","13","2","9","1","1","C03","7","9","1","10","2","11","","84","84","1","12","4","120.707266","24.129108","2"
"5111","66000","387130000C","(04)23274275","(04)23288582","2026","1","13","9","48","臺中市","西屯區","0","0","0","7","","","60","","","","","","","","","","","","","","13","","","","","A12","","","1","","1","","","7","7","1","13","4","120.619336","24.181007","3"
"5112","66000","387130000C","(04)23274275","(04)23288582","2026","1","13","9","50","臺中市","沙鹿區","0","1","0","7","3","6","50","4","1","1","5","4","6","6","2","1","10","5","5","2","16","4","11","1","1","F03","7","6","7","21","2","14","","48","48","1","13","4","120.566781","24.23694","2"
"5113","66000","387130000C","(04)23274275","(04)23288582","2026","1","13","9","51","臺中市","北區","0","0","0","7","","","50","","","","","","","","","","","","","","17","","","","","F03","","","7","","2","","","48","48","1","13","4","120.67543","24.165156","3"
"5114","66000","387130000C","(04)23274275","(04)23288582","2026","1","13","9","53","臺中市","北屯區","0","0","0","7","","","50","","","","","","","","","","","","","","14","","","","","B12","","","1","","1","","","49","49","1","6","5","120.676136","24.200773","3"
"5115","66000","387130000C","(04)23274275","(04)23288582","2026","1","13","9","55","臺中市","西區","0","0","0","7","","","50","","","","","","","","","","","","","","","","","","","B03","","","1","","2","","","84","84","1","12","4","120.674407","24.141596","3"
"5116","66000","387130000C","(04)23274275","(04)23288582","2026","1","13","10","3","臺中市","大安區","0","0","0","7","","3","40","","","","","","","","","","","","","","","","","","","B03","","","1","","2","","","7","7","1","6","4","120.571108","24.339977","3"
"5117","66000","387130000C","(04)23274275","(04)23288582","2026","1","13","10","6","臺中市","南區","0","0","0","7","","","50","","","","","","","","","","","","","","","","","","","B03","","","1","","2","","","45","45","1","12","4","120.661368","24.117022","3"
"5118","66000","387130000C","(04)23274275","(04)23288582","2026","1","13","10","6","臺中市","北屯區","0","0","0","7","","","50","","","","","","","","","","","","","","12","","","","","B03","","","1","","1","","","40","40","1","6","4","120.683855","24.200789","3"
"5119","66000","387130000C","(04)23274275","(04)23288582","2026","1","13","10","8","臺中市","北屯區","0","0","0","7","","","50","","","","","","","","","","","","","","14","","","","","B12","","","1","","1","","","49","49","1","6","4","120.690576","24.17277","3"
"5120","66000","387130000C","(04)23274275","(04)23288582","2026","1","13","10","8","臺中市","豐原區","0","0","0","7","","","50","","","","","","","","","","","","","","17","","","","","B03","","","1","","2","","","59","59","1","13","4","120.718119","24.251938","3"
"5121","66000","387130000C","(04)23274275","(04)23288582","2026","1","13","10","10","臺中市","外埔區","0","0","0","7","","","50","","","","","","","","","","","","","","12","","","","","B03","","","1","","2","","","35","35","1","12","4","120.652788","24.330419","3"
"5122","66000","387130000C","(04)23274275","(04)23288582","2026","1","13","10","11","臺中市","北屯區","0","0","0","7","","","50","","","","","","","","","","","","","","13","","","","","B03","","","1","8","1","","","84","84","1","6","4","120.660323","24.191608","4"
"5123","66000","387130000C","(04)23274275","(04)23288582","2026","1","13","10","13","臺中市","南屯區","0","0","0","7","3","6","40","13","8","1","5","4","6","6","4","4","5","5","4","2","14","","","","","B03","","","1","","2","","","50","50","1","12","4","120.643624","24.146743","3"
"5124","66000","387130000C","(04)23274275","(04)23288582","2026","1","13","10","15","臺中市","北屯區","0","0","0","7","","","30","","","","","","","","","","","","","","14","","","","","B12","","","1","","2","","","49","49","1","6","4","120.665469","24.180478","3"
"5125","66000","387130000C","(04)23274275","(04)23288582","2026","1","13","10","17","臺中市","潭子區","0","1","0","7","3","6","50","3","2","1","5","4","6","6","4","4","5","4","4","2","17","2","8","2","1","C03","7","11","1","10","2","12","14","39","39","1","13","4","120.71174","24.229762","2"
"5126","66000","387130000C","(04)23274275","(04)23288582","2026","1","13","10","18","臺中市","石岡區","0","0","0","7","","","50","","","","","","","","","","","","","","12","","","","","B12","","","1","","2","","","14","14","1","13","4","120.813105","24.258903","3"
"5127","66000","387130000C","(04)23274275","(04)23288582","2026","1","13","10","22","臺中市","西區","0","0","0","7","","","40","","","","","","","","","","","","","","","","","","","C03","","","1","","1","","","84","84","1","6","4","120.662583","24.155647","3"
"5128","66000","387130000C","(04)23274275","(04)23288582","2026","1","13","10","23","臺中市","西屯區","0","0","0","7","","","40","","","","","","","","","","","","","","13","","","","","B01","","","1","","1","","","56","56","1","13","4","120.604778","24.183439","3"
"5129","66000","387130000C","(04)23274275","(04)23288582","2026","1","13","10","28","臺中市","大里區","0","3","0","7","3","6","50","4","1","1","5","4","6","6","1","1","10","5","5","2","15","2","9","1","1","C04","7","9","3","19","2","11","","21","21","1","12","4","120.689329","24.118362","2"
"5130","66000","387130000C","(04)23274275","(04)23288582","2026","1","13","10","28","臺中市","沙鹿區","0","0","0","7","","","50","","","","","","","","","","","","","","17","","","","","B12","","","1","","2","","","8","8","1","6","4","120.560679","24.216737","3"
"5131","66000","387130000C","(04)23274275","(04)23288582","2026","1","13","10","28","臺中市","東勢區","0","0","0","7","","","30","","","","","","","","","","","","","","","","","","","B12","","","1","","2","","","7","7","1","12","4","120.895578","24.223266","3"
"5132","66000","387130000C","(04)23274275","(04)23288582","2026","1","13","10","29","臺中市","大里區","0","1","0","7","2","6","50","4","1","1","5","4","6","6","1","1","10","5","5","2","17","2","7","2","1","C03","7","6","1","10","2","14","","48","48","1","13","4","120.697785","24.082551","2"
"5133","66000","387130000C","(04)23274275","(04)23288582","2026","1","13","10","30","臺中市","西區","0","0","0","7","","","50","","","","","","","","","","","","","","17","","","","","B03","","","1","","1","","","84","84","1","13","4","120.672125","24.138661","4"
"5134","66000","387130000C","(04)23274275","(04)23288582","2026","1","13","10","31","臺中市","西屯區","0","0","0","7","","","30","","","","","","","","","","","","","","17","","","","","B03","","","1","","1","","","8","8","1","12","4","120.646864","24.18287","3"
"5135","66000","387130000C","(04)23274275","(04)23288582","2026","1","13","10","31","臺中市","清水區","0","1","0","7","3","6","50","3","1","1","5","4","6","6","4","4","5","5","5","2","16","2","8","1","1","F03","7","11","7","21","2","12","","14","14","1","12","4","120.565886","24.268554","2"
"5136","66000","387130000C","(04)23274275","(04)23288582","2026","1","13","10","32","臺中市","西屯區","0","0","0","7","","","50","","","","","","","","","","","","","","13","","","","","B03","","","1","","9","","","21","21","2","12","4","120.657937","24.200764","3"
"5137","66000","387130000C","(04)23274275","(04)23288582","2026","1","13","10","38","臺中市","北區","0","0","0","7","","","50","","","","","","","","","","","","","","17","","","","","C03","","","6","","1","","","85","85","1","13","4","120.682538","24.146562","4"
"5138","66000","387130000C","(04)23274275","(04)23288582","2026","1","13","10","40","臺中市","沙鹿區","0","1","0","7","2","6","50","4","1","1","5","4","6","6","2","1","10","5","5","2","17","2","8","2","1","C03","7","9","1","10","2","11","","21","21","1","6","4","120.566084","24.231159","2"
"5139","66000","387130000C","(04)23274275","(04)23288582","2026","1","13","10","41","臺中市","東區","0","0","0","7","","","50","","","","","","","","","","","","","","17","","","","","B03","","","1","","2","","","1","1","1","12","4","120.693132","24.133238","3"
"5140","66000","387130000C","(04)23274275","(04)23288582","2026","1","13","10","42","臺中市","西區","0","0","0","7","","","50","","","","","","","","","","","","","","13","","","","","C03","","","1","","2","","","7","7","1","12","4","120.655062","24.14613","3"
"5141","66000","387130000C","(04)23274275","(04)23288582","2026","1","13","10","42","臺中市","霧峰區","0","0","0","7","","","50","","","","","","","","","","","","","","13","","","","","B03","","","1","","2","","","82","82","1","12","4","120.69585","24.054332","3"
"5142","66000","387130000C","(04)23274275","(04)23288582","2026","1","13","10","45","臺中市","潭子區","0","2","0","7","3","6","50","4","1","1","5","4","6","6","1","1","5","4","4","2","17","2","9","2","1","C03","7","6","3","19","2","11","14","11","11","1","13","4","120.703521","24.211688","2"
"5143","66000","387130000C","(04)23274275","(04)23288582","2026","1","13","10","47","臺中市","北屯區","0","0","0","7","","","50","","","","","","","","","","","","","","13","","","","","B03","","","1","","1","","","7","7","1","6","4","120.721761","24.18068","3"
"5144","66000","387130000C","(04)23274275","(04)23288582","2026","1","13","10","48","臺中市","南區","0","0","0","7","","","50","","","","","","","","","","","","","","13","","","","","B11","","","1","","1","","","8","8","1","13","4","120.650463","24.110661","3"
"5145","66000","387130000C","(04)23274275","(04)23288582","2026","1","13","10","55","臺中市","西屯區","0","2","0","7","2","6","50","13","9","1","5","4","6","6","4","4","5","4","5","2","13","2","8","5","1","C03","7","9","1","10","2","11","","7","7","1","12","4","120.638968","24.160315","2"
"5146","66000","387130000C","(04)23274275","(04)23288582","2026","1","13","10","58","臺中市","西屯區","0","0","0","7","","","30","","","","","","","","","","","","","","17","","","","","B03","","","1","","2","","","78","78","1","12","4","120.647859","24.156566","3"
"5147","66000","387130000C","(04)23274275","(04)23288582","2026","1","13","11","0","臺中市","大肚區","0","0","0","7","","","50","","","","","","","","","","","","","","9","","","","","B03","","","1","","2","","","49","49","1","6","4","120.580783","24.173928","3"
"5148","66000","387130000C","(04)23274275","(04)23288582","2026","1","13","11","2","臺中市","潭子區","0","0","0","7","","","60","","","","","","","","","","","","","","","","","","","B12","","","1","","2","","","84","84","1","13","4","120.703307","24.199982","3"
"5149","66000","387130000C","(04)23274275","(04)23288582","2026","1","13","11","5","臺中市","太平區","0","1","0","7","2","6","50","13","7","1","5","4","6","6","4","4","5","5","4","1","12","3","10","3","1","B03","7","9","1","8","2","2","","39","39","1","12","4","120.729456","24.104697","2"
"5150","66000","387130000C","(04)23274275","(04)23288582","2026","1","13","11","8","臺中市","沙鹿區","0","0","0","7","","","50","","","","","","","","","","","","","","14","","","","","B02","","","1","","2","","","49","49","1","6","4","120.57467","24.221849","3"
"5151","66000","387130000C","(04)23274275","(04)23288582","2026","1","13","11","11","臺中市","龍井區","0","1","0","7","2","6","50","4","1","1","5","4","6","6","2","1","5","4","4","2","16","3","10","3","1","B12","7","5","1","4","2","2","","11","11","1","12","4","120.523002","24.196334","2"
"5152","66000","387130000C","(04)23274275","(04)23288582","2026","1","13","11","12","臺中市","大肚區","0","2","0","7","1","6","50","4","1","1","5","4","6","6","1","1","10","5","5","2","16","2","2","3","1","B01","7","6","1","8","2","2","","87","87","1","6","4","120.579256","24.168972","2"
"5153","66000","387130000C","(04)23274275","(04)23288582","2026","1","13","11","13","臺中市","東區","0","1","0","7","1","6","50","13","7","1","5","4","6","6","4","4","9","4","4","2","17","3","10","5","4","B01","7","9","1","3","2","1","","7","7","1","12","4","120.698833","24.130946","2"
"5154","66000","387130000C","(04)23274275","(04)23288582","2026","1","13","11","15","臺中市","龍井區","0","1","0","7","2","6","50","13","9","1","5","4","6","6","1","1","3","4","4","2","13","2","9","1","1","C03","7","8","1","10","2","14","","40","40","1","6","2","120.545812","24.191093","2"
"5155","66000","387130000C","(04)23274275","(04)23288582","2026","1","13","11","16","臺中市","豐原區","0","1","0","7","2","6","50","3","9","1","5","4","6","6","4","4","1","4","4","1","15","3","10","1","1","C03","7","9","1","10","2","11","","39","39","1","12","4","120.71783","24.264235","2"
"5156","66000","387130000C","(04)23274275","(04)23288582","2026","1","13","11","17","臺中市","南區","0","2","0","7","2","6","40","13","8","1","5","4","6","6","4","4","1","4","4","2","13","2","8","1","1","C03","7","9","1","8","2","11","","7","7","1","12","4","120.657892","24.112336","2"
"5157","66000","387130000C","(04)23274275","(04)23288582","2026","1","13","11","17","臺中市","沙鹿區","0","1","0","7","2","6","50","3","2","1","5","4","6","6","1","1","10","5","5","2","11","2","9","2","1","C03","7","9","1","10","2","14","","85","85","1","6","4","120.556135","24.220955","2"
"5158","66000","387130000C","(04)23274275","(04)23288582","2026","1","13","11","20","臺中市","沙鹿區","0","1","0","7","2","6","50","3","2","1","5","4","6","6","2","1","10","5","5","2","17","3","10","1","1","C03","7","6","1","10","2","16","","23","23","1","12","4","120.579471","24.218511","2"
"5159","66000","387130000C","(04)23274275","(04)23288582","2026","1","13","11","20","臺中市","東勢區","0","0","0","7","","","30","","","","","","","","","","","","","","14","","","","","A12","","","1","","1","","","87","87","1","13","4","120.82778","24.263831","3"
"5160","66000","387130000C","(04)23274275","(04)23288582","2026","1","13","11","24","臺中市","北區","0","0","0","7","3","9","50","18","24","1","5","4","6","6","4","4","10","5","5","2","17","","","","","B12","","","1","","2","","","76","76","1","13","4","120.680818","24.15809","3"
"5161","66000","387130000C","(04)23274275","(04)23288582","2026","1","13","11","27","臺中市","東區","0","1","0","7","3","6","50","4","1","1","5","4","6","6","1","1","10","5","5","2","16","3","10","5","4","B12","7","5","1","8","2","5","","84","84","1","12","4","120.700678","24.127254","2"
"5162","66000","387130000C","(04)23274275","(04)23288582","2026","1","13","11","27","臺中市","西屯區","0","0","0","7","","","30","","","","","","","","","","","","","","30","","","","","A12","","","1","","2","","","82","82","1","13","4","120.640366","24.169533","3"
"5163","66000","387130000C","(04)23274275","(04)23288582","2026","1","13","11","30","臺中市","太平區","0","0","0","7","","","50","","","","","","","","","","","","","","","","","","","B03","","","1","","10","","","77","77","1","12","4","120.723218","24.150597","3"
"5164","66000","387130000C","(04)23274275","(04)23288582","2026","1","13","11","30","臺中市","神岡區","0","0","0","7","","","30","","","","","","","","","","","","","","11","","","","","B12","","","1","","2","","","8","8","1","12","4","120.684942","24.234085","3"
"5165","66000","387130000C","(04)23274275","(04)23288582","2026","1","13","11","32","臺中市","南區","0","2","0","7","2","6","50","3","1","1","5","4","6","6","4","4","5","5","5","2","13","2","9","2","1","C03","7","9","1","10","2","11","","84","84","1","13","4","120.680335","24.131866","2"
"5166","66000","387130000C","(04)23274275","(04)23288582","2026","1","13","11","33","臺中市","北屯區","0","0","0","7","","","50","","","","","","","","","","","","","","12","","","","","C03","","","1","","1","","","8","8","1","7","4","120.66947","24.17721","3"
"5167","66000","387130000C","(04)23274275","(04)23288582","2026","1","13","11","34","臺中市","北屯區","0","0","0","7","","","50","","","","","","","","","","","","","","17","","","","","B03","","","1","","1","","","48","48","1","6","4","120.664817","24.191853","3"
"5168","66000","387130000C","(04)23274275","(04)23288582","2026","1","13","11","34","臺中市","梧棲區","0","1","0","7","2","6","40","4","2","1","5","4","6","6","1","1","1","4","1","1","16","3","10","3","1","B03","7","5","1","8","2","4","","20","20","1","12","4","120.539225","24.257437","2"
"5169","66000","387130000C","(04)23274275","(04)23288582","2026","1","13","11","34","臺中市","豐原區","0","0","0","7","","","40","","","","","","","","","","","","","","12","","","","","B03","","","1","","2","","","51","51","1","12","4","120.726387","24.242434","3"
"5170","66000","387130000C","(04)23274275","(04)23288582","2026","1","13","11","35","臺中市","南區","0","0","0","7","","","50","","","","","","","","","","","","","","","","","","","B03","","","1","","1","","","84","84","1","12","4","120.679425","24.126964","3"
"5171","66000","387130000C","(04)23274275","(04)23288582","2026","1","13","11","35","臺中市","南屯區","0","0","0","7","","","50","","","","","","","","","","","","","","","","","","","C03","","","1","","1","","","42","42","1","12","4","120.653003","24.134955","3"
"5172","66000","387130000C","(04)23274275","(04)23288582","2026","1","13","11","35","臺中市","烏日區","0","1","0","7","2","6","50","4","1","1","5","4","6","6","2","1","5","4","5","1","17","3","10","4","1","G03","7","15","1","21","2","17","","84","84","1","6","4","120.621896","24.10509","2"
"5173","66000","387130000C","(04)23274275","(04)23288582","2026","1","13","11","36","臺中市","大里區","0","0","0","7","","","50","","","","","","","","","","","","","","14","","","","","B03","","","1","","2","","","49","49","1","6","4","120.689923","24.10685","3"
"5174","66000","387130000C","(04)23274275","(04)23288582","2026","1","13","11","40","臺中市","大肚區","0","0","0","7","","","30","","","","","","","","","","","","","","17","","","","","A11","","","1","","2","","","59","59","1","6","4","120.551343","24.137876","3"
"5175","66000","387130000C","(04)23274275","(04)23288582","2026","1","13","11","43","臺中市","西區","0","2","0","7","2","6","40","4","1","1","5","4","6","6","1","1","10","5","5","2","17","2","9","1","1","C03","7","9","1","10","2","11","","7","7","1","12","4","120.663807","24.13656","2"
"5176","66000","387130000C","(04)23274275","(04)23288582","2026","1","13","11","43","臺中市","南區","0","1","0","7","2","6","30","13","9","1","5","4","6","6","4","4","1","5","5","2","13","2","8","1","1","C03","7","9","1","10","2","11","","7","7","1","12","4","120.661488","24.119602","2"
"5177","66000","387130000C","(04)23274275","(04)23288582","2026","1","13","11","44","臺中市","大安區","0","1","0","6","2","6","50","3","1","1","5","4","6","6","4","4","8","5","5","1","16","3","10","3","1","B12","7","5","1","8","2","2","","84","84","1","6","4","120.583716","24.35002","2"
"5178","66000","387130000C","(04)23274275","(04)23288582","2026","1","13","11","45","臺中市","龍井區","0","0","0","7","","","50","","","","","","","","","","","","","","","","","","","A41","","","1","","9","","","68","68","1","12","4","120.499199","24.212081","3"
"5179","66000","387130000C","(04)23274275","(04)23288582","2026","1","13","11","46","臺中市","豐原區","0","0","0","7","","","30","","","","","","","","","","","","","","17","","","","","B03","","","1","","2","","","58","58","1","13","4","120.716666","24.236884","3"
"5180","66000","387130000C","(04)23274275","(04)23288582","2026","1","13","11","48","臺中市","豐原區","0","1","0","7","2","6","50","5","1","1","5","4","6","6","1","1","10","5","5","2","17","3","10","3","1","B12","7","5","1","8","2","2","","65","65","1","13","4","120.721565","24.257527","2"
"5181","66000","387130000C","(04)23274275","(04)23288582","2026","1","13","11","50","臺中市","烏日區","0","1","0","7","3","6","50","13","8","1","5","3","6","6","4","4","5","5","4","2","18","2","9","1","1","C03","7","9","1","10","2","12","11","84","84","1","12","4","120.600576","24.11133","2"
"5182","66000","387130000C","(04)23274275","(04)23288582","2026","1","13","11","56","臺中市","北屯區","0","0","0","7","","","50","","","","","","","","","","","","","","12","","","","","B03","","","1","8","1","","","50","50","1","6","4","120.686163","24.178729","3"
"5183","66000","387130000C","(04)23274275","(04)23288582","2026","1","13","12","0","臺中市","清水區","0","1","0","7","3","6","50","3","1","1","5","4","6","6","4","4","5","4","5","1","16","3","10","3","1","B03","7","11","1","8","2","4","","45","45","1","12","4","120.558404","24.271486","2"
"5184","66000","387130000C","(04)23274275","(04)23288582","2026","1","13","12","3","臺中市","潭子區","0","1","0","7","3","6","50","4","1","1","5","4","6","6","1","1","5","4","5","2","15","3","10","2","1","F03","7","9","7","21","2","11","14","21","21","1","13","4","120.705359","24.211544","2"
"5185","66000","387130000C","(04)23274275","(04)23288582","2026","1","13","12","4","臺中市","梧棲區","0","0","0","7","","","50","","","","","","","","","","","","","","16","","","","","C03","","","1","","2","","","11","11","1","12","4","120.538131","24.247274","3"
"5186","66000","387130000C","(04)23274275","(04)23288582","2026","1","13","12","5","臺中市","烏日區","0","2","0","7","3","6","50","4","1","1","5","4","6","6","1","1","10","5","5","2","16","2","9","2","1","C03","7","6","1","10","2","14","","38","38","1","6","4","120.649129","24.093503","2"
"5187","66000","387130000C","(04)23274275","(04)23288582","2026","1","13","12","6","臺中市","中區","0","0","0","7","3","6","50","3","1","1","5","4","6","6","4","4","10","5","5","","16","3","10","3","1","B03","7","11","1","8","2","4","","45","45","1","6","4","120.680389","24.145851","3"
"5188","66000","387130000C","(04)23274275","(04)23288582","2026","1","13","12","6","臺中市","西屯區","0","0","0","7","","","50","","","","","","","","","","","","","","13","","","","","B03","","","1","","2","","","7","7","1","12","4","120.637314","24.173494","3"
"5189","66000","387130000C","(04)23274275","(04)23288582","2026","1","13","12","10","臺中市","太平區","0","1","0","7","2","6","50","3","2","1","5","4","6","6","4","4","10","5","5","2","16","3","10","3","1","B03","7","1","1","8","2","4","","51","51","1","12","4","120.714413","24.146822","2"
"5190","66000","387130000C","(04)23274275","(04)23288582","2026","1","13","12","12","臺中市","大甲區","0","1","0","7","2","6","50","4","1","1","5","4","6","6","4","4","10","5","5","2","15","3","10","3","1","B03","7","9","1","8","2","8","","12","12","1","6","4","120.629913","24.34352","2"
"5191","66000","387130000C","(04)23274275","(04)23288582","2026","1","13","12","16","臺中市","沙鹿區","0","0","0","7","","","50","","","","","","","","","","","","","","17","","","","","B03","","","1","","2","","","85","85","1","6","4","120.560836","24.241137","4"
"5192","66000","387130000C","(04)23274275","(04)23288582","2026","1","13","12","17","臺中市","西屯區","0","0","0","7","","","40","","","","","","","","","","","","","","13","","","","","B12","","","1","","1","","","84","84","1","12","4","120.635879","24.181852","3"
"5193","66000","387130000C","(04)23274275","(04)23288582","2026","1","13","12","18","臺中市","梧棲區","0","1","0","7","3","6","50","13","14","1","5","4","6","6","4","4","5","5","5","1","14","3","10","3","1","B03","7","2","1","8","2","6","","49","49","1","6","4","120.538616","24.248707","2"
"5194","66000","387130000C","(04)23274275","(04)23288582","2026","1","13","12","30","臺中市","北屯區","0","0","0","7","","","50","","","","","","","","","","","","","","17","","","","","B03","","","1","","1","","","45","45","1","6","4","120.69626","24.182515","3"
"5195","66000","387130000C","(04)23274275","(04)23288582","2026","1","13","12","31","臺中市","南屯區","0","0","0","7","","","50","","","","","","","","","","","","","","12","","","","","B03","","","1","","9","","","8","8","1","12","4","120.602251","24.139221","3"
"5196","66000","387130000C","(04)23274275","(04)23288582","2026","1","13","12","32","臺中市","西屯區","0","1","0","7","2","6","30","4","9","1","5","4","6","6","4","4","10","5","5","2","16","2","9","5","4","C03","7","6","1","10","2","12","","14","14","1","12","4","120.655108","24.162349","2"