序號,縣市別代碼,機關代碼,市話,傳真,年,月,日,時,分,縣市,區,死亡數量,受傷數量,2-30,天候,道路照明設備,道路類別,道路速限,道路型態,事故位置,路面鋪裝,路面狀態,路面缺陷,障礙物,視距,號誌種類,號誌動作,分向設施,快車道或一般車道間,快慢車道間,路面邊線,事故類型及型態,受傷程度,主要傷處,保護裝備,行動電話或功能裝置,當事者區分(類別),車輛用途,當事者行動狀態,駕照狀態,駕照種類,飲酒情形,車輛撞擊部位最初,車輛撞擊部位其他,肇事因素個別,肇事因素主要,肇事逃逸,職業,共享經濟或外送平台,GPS座標X,GPS座標Y,事故類別
"5197","66000","387130000C","(04)23274275","(04)23288582","2026","1","13","12","33","臺中市","梧棲區","0","0","0","7","","","60","","","","","","","","","","","","","","13","","","","","A31","","","1","","1","","","82","82","1","12","4","120.518108","24.238655","3"
"5198","66000","387130000C","(04)23274275","(04)23288582","2026","1","13","12","34","臺中市","北區","0","1","0","7","3","6","50","4","1","1","5","4","6","6","1","1","10","5","5","2","16","3","10","3","1","B03","7","6","1","8","2","1","","11","11","1","12","4","120.686111","24.15334","2"
"5199","66000","387130000C","(04)23274275","(04)23288582","2026","1","13","12","34","臺中市","沙鹿區","0","1","0","7","2","6","30","4","1","1","5","4","6","6","4","4","10","5","5","2","15","3","10","3","1","B03","7","9","1","8","2","8","","12","12","1","6","4","120.565136","24.250441","2"
"5200","66000","387130000C","(04)23274275","(04)23288582","2026","1","13","12","36","臺中市","太平區","0","1","0","7","2","6","30","3","2","5","5","4","6","6","4","4","10","5","5","2","16","2","9","1","1","C03","7","5","1","10","2","14","","14","14","1","12","4","120.730218","24.15325","2"
"5201","66000","387130000C","(04)23274275","(04)23288582","2026","1","13","12","37","臺中市","西屯區","0","0","0","7","","","50","","","","","","","","","","","","","","13","","","","","B03","","","1","","1","","","56","56","1","12","4","120.665394","24.178292","3"
"5202","66000","387130000C","(04)23274275","(04)23288582","2026","1","13","12","38","臺中市","新社區","0","0","0","7","","","50","","","","","","","","","","","","","","","","","","","B03","","","1","","1","","","84","84","1","12","4","120.806729","24.22762","3"
"5203","66000","387130000C","(04)23274275","(04)23288582","2026","1","13","12","39","臺中市","北區","0","0","0","7","","","40","","","","","","","","","","","","","","17","","","","","C03","","","1","","1","","","59","59","1","13","2","120.68427","24.153827","3"
"5204","66000","387130000C","(04)23274275","(04)23288582","2026","1","13","12","40","臺中市","西屯區","0","0","0","7","","","50","","","","","","","","","","","","","","13","","","","","B03","","","1","","2","","","59","59","1","13","4","120.655079","24.176269","3"
"5205","66000","387130000C","(04)23274275","(04)23288582","2026","1","13","12","43","臺中市","南屯區","0","1","0","7","3","6","50","13","9","1","5","4","6","6","4","4","5","4","5","2","17","3","10","3","1","B03","7","1","1","8","2","8","","51","51","1","12","4","120.638891","24.14732","2"
"5206","66000","387130000C","(04)23274275","(04)23288582","2026","1","13","12","44","臺中市","龍井區","0","1","0","7","2","6","30","4","1","1","5","4","6","6","4","4","5","5","5","2","11","3","10","3","1","B03","7","5","1","8","2","4","","14","14","1","6","4","120.52938","24.185268","2"
"5207","66000","387130000C","(04)23274275","(04)23288582","2026","1","13","12","46","臺中市","大里區","0","0","0","7","3","6","50","13","9","1","5","4","6","6","4","4","5","4","5","1","13","","","","","C03","","","1","","1","","","84","84","1","12","4","120.689753","24.106976","3"
"5208","66000","387130000C","(04)23274275","(04)23288582","2026","1","13","12","48","臺中市","西區","0","1","0","7","2","6","30","4","1","1","5","4","6","6","1","1","10","2","5","2","15","2","5","3","1","B01","7","9","1","4","2","6","","20","20","1","13","4","120.673271","24.146384","2"
"5209","66000","387130000C","(04)23274275","(04)23288582","2026","1","13","12","52","臺中市","南屯區","0","0","0","7","","","40","","","","","","","","","","","","","","14","","","","","B12","","","1","","1","","","49","49","1","6","4","120.638201","24.140571","3"
"5210","66000","387130000C","(04)23274275","(04)23288582","2026","1","13","12","52","臺中市","西屯區","0","0","0","7","","","50","","","","","","","","","","","","","","12","","","","","B12","","","1","","1","","","42","42","1","12","4","120.637822","24.180855","3"
"5211","66000","387130000C","(04)23274275","(04)23288582","2026","1","13","12","53","臺中市","潭子區","0","0","0","7","","","60","","","","","","","","","","","","","","","","","","","B03","","","1","","2","","","84","84","1","13","4","120.702508","24.190787","3"
"5212","66000","387130000C","(04)23274275","(04)23288582","2026","1","13","12","54","臺中市","南屯區","0","0","0","7","","","50","","","","","","","","","","","","","","","","","","","B03","","","1","","1","","","88","88","1","12","4","120.653447","24.132043","3"
"5213","66000","387130000C","(04)23274275","(04)23288582","2026","1","13","12","55","臺中市","西屯區","0","0","0","7","","","50","","","","","","","","","","","","","","13","","","","","C03","","","1","","1","","","7","7","1","13","4","120.626072","24.184557","3"
"5214","66000","387130000C","(04)23274275","(04)23288582","2026","1","13","13","0","臺中市","北屯區","0","0","0","7","","","50","","","","","","","","","","","","","","13","","","","","B03","","","1","","1","","","7","7","1","6","4","120.696045","24.185615","3"
"5215","66000","387130000C","(04)23274275","(04)23288582","2026","1","13","13","0","臺中市","西屯區","0","0","0","7","","","50","","","","","","","","","","","","","","13","","","","","B03","","","1","","1","","","59","59","1","13","4","120.626072","24.184557","4"
"5216","66000","387130000C","(04)23274275","(04)23288582","2026","1","13","13","6","臺中市","大里區","0","1","0","7","3","6","30","3","2","1","5","4","6","6","4","4","10","5","5","1","16","3","10","5","4","C03","7","6","1","10","2","14","","84","84","1","13","2","120.666296","24.104857","2"
"5217","66000","387130000C","(04)23274275","(04)23288582","2026","1","13","13","11","臺中市","北區","0","1","0","7","2","6","50","13","9","1","5","4","6","6","4","4","9","5","5","2","17","2","9","5","4","C03","7","1","1","10","2","12","","51","51","1","13","4","120.687739","24.152062","2"
"5218","66000","387130000C","(04)23274275","(04)23288582","2026","1","13","13","24","臺中市","北區","0","0","0","7","3","6","50","18","24","1","5","4","6","6","4","4","10","5","5","2","35","","","","","B03","","","3","","1","","","49","49","1","13","4","120.700576","24.154055","3"
"5219","66000","387130000C","(04)23274275","(04)23288582","2026","1","13","13","30","臺中市","南區","0","2","0","7","3","6","50","4","1","1","5","4","6","6","1","1","10","5","5","2","15","2","9","5","4","C03","7","9","1","10","2","12","","21","21","1","12","4","120.683524","24.133198","2"
"5220","66000","387130000C","(04)23274275","(04)23288582","2026","1","13","13","33","臺中市","太平區","0","1","0","7","2","6","50","3","1","1","5","4","6","6","4","4","10","5","5","1","16","3","10","3","1","B12","7","5","1","8","2","5","","87","87","1","12","4","120.73287","24.11282","2"
"5221","66000","387130000C","(04)23274275","(04)23288582","2026","1","13","13","37","臺中市","西區","0","1","0","7","2","6","50","4","1","1","5","4","6","6","1","1","1","2","4","2","13","3","10","3","1","B03","7","9","1","8","2","1","","84","84","1","12","4","120.665776","24.139275","2"
"5222","66000","387130000C","(04)23274275","(04)23288582","2026","1","13","13","42","臺中市","大里區","0","0","0","7","","","","","","","","","","","","","","","","","17","","","","","","","","","","","","","119","119","1","","","120.676209","24.101616","3"
"5223","66000","387130000C","(04)23274275","(04)23288582","2026","1","13","13","48","臺中市","西屯區","0","1","0","7","2","6","30","13","9","1","5","4","6","6","4","4","10","5","5","2","11","2","9","5","4","C03","7","9","1","10","1","11","","58","58","1","13","4","120.657425","24.202355","2"
"5224","66000","387130000C","(04)23274275","(04)23288582","2026","1","13","13","51","臺中市","北屯區","0","0","0","7","","","50","","","","","","","","","","","","","","12","","","","","B03","","","1","","1","","","8","8","1","6","4","120.709708","24.175639","3"
"5225","66000","387130000C","(04)23274275","(04)23288582","2026","1","13","13","52","臺中市","西區","0","0","0","7","","","50","","","","","","","","","","","","","","14","","","","","B03","","","1","8","2","","","49","49","1","13","4","120.665234","24.15085","3"
"5226","66000","387130000C","(04)23274275","(04)23288582","2026","1","13","13","54","臺中市","西區","0","0","0","7","","","50","","","","","","","","","","","","","","14","","","","","B03","","","1","","1","","","49","49","1","13","4","120.665113","24.149961","3"
"5227","66000","387130000C","(04)23274275","(04)23288582","2026","1","13","13","59","臺中市","西屯區","0","0","0","7","","","50","","","","","","","","","","","","","","13","","","","","C03","","","1","","1","","","7","7","1","13","4","120.645473","24.172268","3"
"5228","66000","387130000C","(04)23274275","(04)23288582","2026","1","13","14","2","臺中市","西屯區","0","0","0","7","","","40","","","","","","","","","","","","","","13","","","","","B03","","","1","","1","","","7","7","1","12","4","120.631865","24.170688","3"
"5229","66000","387130000C","(04)23274275","(04)23288582","2026","1","13","14","2","臺中市","沙鹿區","0","1","0","7","2","6","60","3","2","1","5","4","6","6","1","1","1","4","4","2","13","3","10","3","1","A12","7","9","1","7","2","1","","82","82","1","12","4","120.57636","24.248857","2"
"5230","66000","387130000C","(04)23274275","(04)23288582","2026","1","13","14","3","臺中市","西屯區","0","1","0","7","2","6","40","13","8","1","5","4","6","6","4","4","1","5","1","2","12","3","10","3","1","B03","7","9","1","8","2","2","","84","84","1","12","4","120.637077","24.159773","2"
"5231","66000","387130000C","(04)23274275","(04)23288582","2026","1","13","14","5","臺中市","南屯區","0","0","0","7","","","50","","","","","","","","","","","","","","13","","","","","B03","","","1","","1","","","7","7","1","12","4","120.646669","24.151548","3"
"5232","66000","387130000C","(04)23274275","(04)23288582","2026","1","13","14","9","臺中市","太平區","0","0","0","7","2","6","50","3","4","1","5","4","6","6","1","1","5","5","4","1","16","","","","","B03","","","1","","2","","","51","51","1","12","4","120.729018","24.104198","3"
"5233","66000","387130000C","(04)23274275","(04)23288582","2026","1","13","14","13","臺中市","南屯區","0","1","0","7","3","6","50","13","9","1","5","4","6","6","1","1","3","4","5","2","12","3","10","1","1","C03","7","9","1","10","1","14","","43","43","1","12","4","120.641023","24.141395","2"
"5234","66000","387130000C","(04)23274275","(04)23288582","2026","1","13","14","15","臺中市","西屯區","0","0","0","7","","","40","","","","","","","","","","","","","","17","","","","","B03","","","1","","2","","","21","21","1","13","4","120.629089","24.163138","3"
"5235","66000","387130000C","(04)23274275","(04)23288582","2026","1","13","14","15","臺中市","龍井區","0","0","0","7","","","70","","","","","","","","","","","","","","","","","","","A12","","","1","","2","","","7","7","1","12","4","120.521926","24.216819","3"
"5236","66000","387130000C","(04)23274275","(04)23288582","2026","1","13","14","20","臺中市","北屯區","0","0","0","7","","","50","","","","","","","","","","","","","","13","","","","","B03","","","1","","1","","","59","59","1","6","4","120.733558","24.160402","3"
"5237","66000","387130000C","(04)23274275","(04)23288582","2026","1","13","14","21","臺中市","南屯區","0","0","0","7","","","50","","","","","","","","","","","","","","13","","","","","B03","","","1","","2","","","82","82","1","12","4","120.623669","24.148907","3"
"5238","66000","387130000C","(04)23274275","(04)23288582","2026","1","13","14","28","臺中市","西屯區","0","0","0","7","","","50","","","","","","","","","","","","","","12","","","","","B12","","","1","","1","","","12","12","1","12","4","120.629909","24.160595","3"
"5239","66000","387130000C","(04)23274275","(04)23288582","2026","1","13","14","30","臺中市","霧峰區","0","0","0","7","","","50","","","","","","","","","","","","","","12","","","","","C03","","","1","","2","","","59","59","1","12","4","120.67992","24.071201","3"
"5240","66000","387130000C","(04)23274275","(04)23288582","2026","1","13","14","30","臺中市","神岡區","0","0","0","7","","","50","","","","","","","","","","","","","","12","","","","","A41","","","1","","2","","","8","8","1","13","4","120.698504","24.261043","3"
"5241","66000","387130000C","(04)23274275","(04)23288582","2026","1","13","14","35","臺中市","北屯區","0","0","0","7","","","50","","","","","","","","","","","","","","14","","","","","B03","","","1","","1","","","82","82","1","12","4","120.697628","24.170135","3"
"5242","66000","387130000C","(04)23274275","(04)23288582","2026","1","13","14","36","臺中市","西屯區","0","0","0","7","","","50","","","","","","","","","","","","","","12","","","","","C03","","","1","","1","","","8","8","1","13","4","120.643474","24.164767","3"
"5243","66000","387130000C","(04)23274275","(04)23288582","2026","1","13","14","39","臺中市","太平區","0","3","0","7","2","6","50","3","2","1","5","4","6","6","4","4","10","5","5","2","15","2","9","1","1","C03","7","1","1","10","2","11","","51","51","1","12","4","120.716372","24.118613","2"
"5244","66000","387130000C","(04)23274275","(04)23288582","2026","1","13","14","40","臺中市","北區","0","1","0","7","2","6","50","4","1","1","5","4","6","6","2","1","1","4","5","2","16","3","10","3","1","B03","7","5","1","8","2","5","","84","84","1","13","4","120.685544","24.155924","2"
"5245","66000","387130000C","(04)23274275","(04)23288582","2026","1","13","14","54","臺中市","太平區","0","0","0","7","","","50","","","","","","","","","","","","","","","","","","","A12","","","1","","2","","","84","84","1","12","4","120.73045","24.12798","3"
"5246","66000","387130000C","(04)23274275","(04)23288582","2026","1","13","14","55","臺中市","南區","0","0","0","7","","","50","","","","","","","","","","","","","","30","","","","","B13","","","1","","2","","","84","84","1","13","4","120.681726","24.130864","3"
"5247","66000","387130000C","(04)23274275","(04)23288582","2026","1","13","15","3","臺中市","大雅區","0","0","0","7","","","50","","","","","","","","","","","","","","","","","","","B03","","","1","","1","","","7","7","1","12","4","120.655312","24.227968","3"
"5248","66000","387130000C","(04)23274275","(04)23288582","2026","1","13","15","5","臺中市","北屯區","0","1","0","7","3","6","50","4","1","1","5","4","6","6","1","1","10","5","5","2","16","2","3","1","1","C03","7","5","1","10","2","11","","59","59","1","12","4","120.726814","24.171759","2"
"5249","66000","387130000C","(04)23274275","(04)23288582","2026","1","13","15","6","臺中市","潭子區","0","2","0","7","3","6","50","4","1","1","5","4","6","6","1","1","1","2","4","1","18","2","9","2","1","C03","7","9","1","10","2","14","","59","59","1","13","4","120.690082","24.22511","2"
"5250","66000","387130000C","(04)23274275","(04)23288582","2026","1","13","15","10","臺中市","豐原區","0","0","0","7","","","50","","","","","","","","","","","","","","17","","","","","B03","","","1","","2","","","40","40","1","12","4","120.747754","24.266775","3"
"5251","66000","387130000C","(04)23274275","(04)23288582","2026","1","13","15","12","臺中市","東區","0","0","0","7","","","50","","","","","","","","","","","","","","","","","","","B03","","","1","","1","","","84","84","1","6","4","120.705452","24.132212","3"
"5252","66000","387130000C","(04)23274275","(04)23288582","2026","1","13","15","12","臺中市","南區","0","0","0","7","","","30","","","","","","","","","","","","","","14","","","","","B12","","","1","","2","","","49","49","1","6","4","120.67259","24.129681","3"
"5253","66000","387130000C","(04)23274275","(04)23288582","2026","1","13","15","16","臺中市","豐原區","0","0","0","7","","","50","","","","","","","","","","","","","","14","","","","","A41","","","1","","2","","","49","49","1","12","4","120.715314","24.262883","3"
"5254","66000","387130000C","(04)23274275","(04)23288582","2026","1","13","15","17","臺中市","后里區","0","1","0","7","2","6","50","3","1","1","5","4","6","6","1","1","1","4","5","1","16","2","9","1","1","C03","7","6","1","10","2","14","","23","23","1","12","4","120.723161","24.312043","2"
"5255","66000","387130000C","(04)23274275","(04)23288582","2026","1","13","15","20","臺中市","西區","0","0","0","7","","","50","","","","","","","","","","","","","","17","","","","","B03","","","1","","2","","","84","84","1","13","4","120.671535","24.134654","3"
"5256","66000","387130000C","(04)23274275","(04)23288582","2026","1","13","15","20","臺中市","南區","0","2","0","7","2","6","50","3","1","1","5","4","6","6","1","1","10","5","5","2","13","2","9","1","1","C03","7","9","1","10","2","11","","7","7","1","12","4","120.664809","24.126186","2"
"5257","66000","387130000C","(04)23274275","(04)23288582","2026","1","13","15","24","臺中市","新社區","0","0","0","7","","","40","","","","","","","","","","","","","","","","","","","B03","","","1","","2","","","59","59","1","12","4","120.889406","24.125581","3"
"5258","66000","387130000C","(04)23274275","(04)23288582","2026","1","13","15","30","臺中市","南屯區","0","1","0","7","2","6","40","4","1","1","5","4","6","6","4","4","9","4","5","2","15","3","10","3","1","B03","7","9","1","8","2","8","","12","12","1","12","4","120.647747","24.142596","2"
"5259","66000","387130000C","(04)23274275","(04)23288582","2026","1","13","15","39","臺中市","清水區","0","0","0","7","","","50","","","","","","","","","","","","","","","","","","","B03","","","1","","2","","","58","58","1","12","4","120.576403","24.272394","3"
"5260","66000","387130000C","(04)23274275","(04)23288582","2026","1","13","15","40","臺中市","大里區","0","0","0","7","2","6","30","13","9","1","5","4","6","6","4","4","10","5","5","2","14","","","","","B12","","","1","","2","","","49","49","1","6","4","120.703011","24.098414","3"
"5261","66000","387130000C","(04)23274275","(04)23288582","2026","1","13","15","43","臺中市","西屯區","0","2","0","7","2","6","50","13","9","1","5","4","6","6","4","4","1","4","5","1","17","2","9","2","1","C03","7","1","1","10","2","13","","51","51","1","12","4","120.650008","24.163001","2"
"5262","66000","387130000C","(04)23274275","(04)23288582","2026","1","13","15","48","臺中市","太平區","0","0","0","7","2","6","50","3","2","1","5","4","6","6","1","1","5","5","5","1","13","","","","","B03","","","1","","1","","","84","84","1","12","4","120.716607","24.13193","3"
"5263","66000","387130000C","(04)23274275","(04)23288582","2026","1","13","15","50","臺中市","大雅區","0","3","0","7","1","6","50","13","9","1","5","4","6","6","4","4","9","5","5","2","17","2","8","1","1","C03","7","6","1","10","2","11","","48","48","1","13","4","120.647673","24.214899","2"
"5264","66000","387130000C","(04)23274275","(04)23288582","2026","1","13","15","50","臺中市","北屯區","0","0","0","7","","","50","","","","","","","","","","","","","","14","","","","","C03","","","1","","1","","","84","84","1","12","4","120.713638","24.179901","3"
"5265","66000","387130000C","(04)23274275","(04)23288582","2026","1","13","15","50","臺中市","西屯區","0","0","0","7","","3","80","","","","","","","","","","","","","","17","","","","","B03","","","1","","1","","","87","87","1","12","4","120.624306","24.154205","3"
"5266","66000","387130000C","(04)23274275","(04)23288582","2026","1","13","15","55","臺中市","外埔區","0","2","0","7","2","6","50","4","1","1","5","4","6","6","4","4","10","5","5","2","15","3","10","3","1","B03","7","9","1","8","2","6","","12","12","1","12","4","120.649365","24.325151","2"
"5267","66000","387130000C","(04)23274275","(04)23288582","2026","1","13","15","56","臺中市","北屯區","0","0","0","7","","","50","","","","","","","","","","","","","","","","","","","B03","","","1","","1","","","58","58","2","12","4","120.746847","24.192334","3"
"5268","66000","387130000C","(04)23274275","(04)23288582","2026","1","13","15","58","臺中市","東區","0","1","0","7","2","6","50","13","8","1","5","4","6","6","4","4","3","4","4","2","17","3","10","3","1","B03","7","5","1","8","2","2","","47","47","1","12","4","120.690199","24.12866","2"
"5269","66000","387130000C","(04)23274275","(04)23288582","2026","1","13","16","0","臺中市","北屯區","0","0","0","7","","","30","","","","","","","","","","","","","","14","","","","","B03","","","1","","1","","","49","49","1","6","4","120.688127","24.1673","3"
"5270","66000","387130000C","(04)23274275","(04)23288582","2026","1","13","16","1","臺中市","西區","0","0","0","7","","","50","","","","","","","","","","","","","","","","","","","A05","","","1","","9","","","84","84","1","12","4","120.677359","24.134512","3"
"5271","66000","387130000C","(04)23274275","(04)23288582","2026","1","13","16","4","臺中市","北屯區","0","1","0","7","2","6","40","13","12","1","5","4","6","6","4","4","5","5","4","2","18","2","9","2","1","C03","7","9","1","10","2","14","","82","82","1","12","4","120.696651","24.176039","2"
"5272","66000","387130000C","(04)23274275","(04)23288582","2026","1","13","16","8","臺中市","西屯區","0","0","0","7","","","50","","","","","","","","","","","","","","14","","","","","B13","","","1","","2","","","49","49","1","12","4","120.643654","24.162058","3"
"5273","66000","387130000C","(04)23274275","(04)23288582","2026","1","13","16","10","臺中市","北屯區","0","2","0","7","1","6","50","13","7","1","5","4","6","6","4","4","5","4","4","2","13","2","9","1","1","C03","7","9","1","10","2","11","","84","84","1","13","4","120.676698","24.192801","2"
"5274","66000","387130000C","(04)23274275","(04)23288582","2026","1","13","16","11","臺中市","清水區","0","1","0","7","2","6","50","4","1","1","5","4","6","6","4","4","8","3","4","2","15","2","9","1","1","C03","7","9","1","10","2","14","","20","20","1","12","4","120.575923","24.274846","2"
"5275","66000","387130000C","(04)23274275","(04)23288582","2026","1","13","16","14","臺中市","太平區","0","0","0","7","","","50","","","","","","","","","","","","","","","","","","","C03","","","1","","2","","","84","84","1","12","4","120.713181","24.124619","3"
"5276","66000","387130000C","(04)23274275","(04)23288582","2026","1","13","16","15","臺中市","太平區","0","0","0","7","","","50","","","","","","","","","","","","","","","","","","","B03","","","1","","1","","","59","59","1","12","4","120.718046","24.128549","3"
"5277","66000","387130000C","(04)23274275","(04)23288582","2026","1","13","16","16","臺中市","太平區","0","0","0","7","2","6","40","13","9","1","5","4","6","","4","4","4","5","5","1","13","","","","","C03","","","3","","2","","","84","84","1","12","4","120.818253","24.086076","3"
"5278","66000","387130000C","(04)23274275","(04)23288582","2026","1","13","16","17","臺中市","南區","0","0","0","7","","","50","","","","","","","","","","","","","","17","","","","","B03","","","1","","1","","","51","51","1","6","4","120.67355","24.126476","3"
"5279","66000","387130000C","(04)23274275","(04)23288582","2026","1","13","16","17","臺中市","后里區","0","1","0","7","2","6","50","4","1","1","5","4","6","6","1","1","5","4","4","2","16","3","10","3","1","B03","7","6","1","8","2","2","","11","11","1","12","4","120.695905","24.311341","2"
"5280","66000","387130000C","(04)23274275","(04)23288582","2026","1","13","16","18","臺中市","北屯區","0","1","0","7","3","6","30","4","1","1","5","4","6","6","3","1","10","5","5","2","15","3","10","1","1","C03","7","9","1","10","2","12","","24","24","1","12","4","120.697223","24.163371","2"
"5281","66000","387130000C","(04)23274275","(04)23288582","2026","1","13","16","20","臺中市","豐原區","0","1","0","7","2","6","50","13","9","1","5","4","6","6","4","4","9","4","4","2","16","3","10","3","1","B03","7","6","1","8","2","5","","20","20","1","12","4","120.734829","24.256857","2"
"5282","66000","387130000C","(04)23274275","(04)23288582","2026","1","13","16","21","臺中市","西屯區","0","0","0","7","","","40","","","","","","","","","","","","","","","","","","","C03","","","1","","1","","","7","7","1","13","4","120.661414","24.165008","3"
"5283","66000","387130000C","(04)23274275","(04)23288582","2026","1","13","16","21","臺中市","神岡區","0","1","0","7","1","9","0","18","21","4","5","4","6","6","4","4","10","5","5","2","9","3","10","1","4","F01","7","9","7","21","2","11","","30","30","1","3","4","120.658626","24.260707","2"
"5284","66000","387130000C","(04)23274275","(04)23288582","2026","1","13","16","22","臺中市","北屯區","0","0","0","7","","","50","","","","","","","","","","","","","","12","","","","","A11","","","1","","1","","","40","40","1","6","4","120.671551","24.18915","3"
"5285","66000","387130000C","(04)23274275","(04)23288582","2026","1","13","16","22","臺中市","西屯區","0","1","0","7","2","6","50","4","1","1","5","4","6","6","2","1","10","5","5","2","16","3","10","1","1","C03","7","5","1","10","2","12","","11","11","1","5","4","120.653402","24.204801","2"
"5286","66000","387130000C","(04)23274275","(04)23288582","2026","1","13","16","23","臺中市","西區","0","0","0","7","","","50","","","","","","","","","","","","","","","","","","","B03","","","1","8","1","","","84","84","1","13","4","120.660534","24.146801","3"
"5287","66000","387130000C","(04)23274275","(04)23288582","2026","1","13","16","23","臺中市","南屯區","0","2","0","7","3","6","50","4","1","1","5","4","6","6","2","1","10","5","5","2","12","2","9","1","1","C03","7","8","1","10","2","14","","84","84","1","6","4","120.646562","24.132065","2"
"5288","66000","387130000C","(04)23274275","(04)23288582","2026","1","13","16","23","臺中市","西屯區","0","1","0","7","2","6","50","13","9","1","5","4","6","6","4","4","1","4","5","2","12","2","9","2","1","C03","7","8","5","19","2","14","","40","40","1","12","4","120.594442","24.190886","2"
"5289","66000","387130000C","(04)23274275","(04)23288582","2026","1","13","16","25","臺中市","西屯區","0","1","0","7","2","6","40","13","8","1","5","4","6","6","4","4","5","4","4","2","17","3","10","2","1","C03","7","9","1","10","2","11","","59","59","1","12","4","120.647016","24.173617","2"
"5290","66000","387130000C","(04)23274275","(04)23288582","2026","1","13","16","27","臺中市","東勢區","0","1","0","7","3","6","50","4","1","1","5","4","6","6","1","1","9","5","5","1","16","3","10","5","4","B12","7","6","1","8","2","8","","11","11","1","12","4","120.830857","24.261798","2"
"5291","66000","387130000C","(04)23274275","(04)23288582","2026","1","13","16","28","臺中市","大里區","0","1","0","7","2","6","50","4","1","1","5","4","6","6","1","1","10","5","5","2","17","2","9","1","1","C03","7","1","1","10","2","14","","51","51","1","12","4","120.69011","24.107837","2"
"5292","66000","387130000C","(04)23274275","(04)23288582","2026","1","13","16","29","臺中市","大里區","0","0","0","7","","","50","","","","","","","","","","","","","","","","","","","C03","","","1","","2","","","7","7","1","12","4","120.686802","24.1092","3"
"5293","66000","387130000C","(04)23274275","(04)23288582","2026","1","13","16","30","臺中市","潭子區","0","1","0","7","3","6","40","3","2","1","5","4","6","6","4","4","1","4","4","1","18","2","9","2","1","F03","7","9","7","21","2","12","","84","84","1","13","4","120.705225","24.212495","2"
"5294","66000","387130000C","(04)23274275","(04)23288582","2026","1","13","16","31","臺中市","西區","0","0","0","7","","","50","","","","","","","","","","","","","","15","","","","","C03","","","1","","2","","","15","15","1","13","4","120.670315","24.14071","4"
"5295","66000","387130000C","(04)23274275","(04)23288582","2026","1","13","16","33","臺中市","北區","0","0","0","7","","","30","","","","","","","","","","","","","","","","","","","B12","","","5","","1","","","76","76","1","12","4","120.681342","24.155131","3"
"5296","66000","387130000C","(04)23274275","(04)23288582","2026","1","13","16","34","臺中市","東區","0","1","0","7","3","6","50","13","9","1","5","4","6","6","4","4","5","5","5","2","17","2","9","5","4","F01","7","15","7","21","1","11","","84","84","1","3","4","120.688461","24.135255","2"
"5297","66000","387130000C","(04)23274275","(04)23288582","2026","1","13","16","36","臺中市","中區","0","0","0","7","","","50","","","","","","","","","","","","","","11","","","","","A04","","","1","","9","","","8","8","1","12","4","120.684093","24.138586","3"
"5298","66000","387130000C","(04)23274275","(04)23288582","2026","1","13","16","36","臺中市","太平區","0","0","0","7","","3","40","","","","","","","","","","","","","","","","","","","B03","","","1","","2","","","7","7","1","12","4","120.71499","24.151107","3"
"5299","66000","387130000C","(04)23274275","(04)23288582","2026","1","13","16","37","臺中市","南屯區","0","0","0","7","","","50","","","","","","","","","","","","","","17","","","","","B03","","","1","","2","","","8","8","1","12","4","120.60366","24.139094","3"
"5300","66000","387130000C","(04)23274275","(04)23288582","2026","1","13","16","38","臺中市","龍井區","0","0","0","7","","","30","","","","","","","","","","","","","","","","","","","C03","","","1","","1","","","82","82","1","12","4","120.54696","24.216643","3"
"5301","66000","387130000C","(04)23274275","(04)23288582","2026","1","13","16","39","臺中市","西區","0","0","0","7","","","50","","","","","","","","","","","","","","17","","","","","C03","","","1","","1","","","84","84","1","12","4","120.661698","24.153047","3"
"5302","66000","387130000C","(04)23274275","(04)23288582","2026","1","13","16","40","臺中市","潭子區","0","0","0","7","","3","40","","","","","","","","","","","","","","","","","","","B03","","","1","","2","","","8","8","1","13","4","120.707244","24.20071","3"
"5303","66000","387130000C","(04)23274275","(04)23288582","2026","1","13","16","40","臺中市","大里區","0","0","0","6","3","6","50","13","","1","5","4","6","6","4","4","5","5","5","1","17","","","","","C03","","","1","","2","","","85","85","1","12","4","120.689983","24.1094","3"
"5304","66000","387130000C","(04)23274275","(04)23288582","2026","1","13","16","41","臺中市","西屯區","0","0","0","7","","","50","","","","","","","","","","","","","","","","","","","B03","","","1","","2","","","59","59","1","12","4","120.651867","24.176133","3"
"5305","66000","387130000C","(04)23274275","(04)23288582","2026","1","13","16","42","臺中市","梧棲區","0","0","0","7","","","40","","","","","","","","","","","","","","13","","","","","B03","","","1","","1","","","7","7","1","12","4","120.526555","24.222346","3"
"5306","66000","387130000C","(04)23274275","(04)23288582","2026","1","13","16","44","臺中市","西屯區","0","0","0","7","","","50","","","","","","","","","","","","","","17","","","","","B03","","","1","","2","","","56","56","1","12","4","120.621884","24.17741","3"
"5307","66000","387130000C","(04)23274275","(04)23288582","2026","1","13","16","45","臺中市","南區","0","0","0","7","","","50","","","","","","","","","","","","","","17","","","","","B03","","","1","","1","","","84","84","1","12","4","120.6646","24.119307","3"