序號,縣市別代碼,機關代碼,市話,傳真,年,月,日,時,分,縣市,區,死亡數量,受傷數量,2-30,天候,道路照明設備,道路類別,道路速限,道路型態,事故位置,路面鋪裝,路面狀態,路面缺陷,障礙物,視距,號誌種類,號誌動作,分向設施,快車道或一般車道間,快慢車道間,路面邊線,事故類型及型態,受傷程度,主要傷處,保護裝備,行動電話或功能裝置,當事者區分(類別),車輛用途,當事者行動狀態,駕照狀態,駕照種類,飲酒情形,車輛撞擊部位最初,車輛撞擊部位其他,肇事因素個別,肇事因素主要,肇事逃逸,職業,共享經濟或外送平台,GPS座標X,GPS座標Y,事故類別
"5308","66000","387130000C","(04)23274275","(04)23288582","2026","1","13","16","46","臺中市","西區","0","1","0","7","2","6","50","13","9","1","5","4","6","6","4","4","5","4","5","2","5","3","10","1","1","C03","7","6","1","10","2","11","","84","84","1","13","4","120.655546","24.146524","2"
"5309","66000","387130000C","(04)23274275","(04)23288582","2026","1","13","16","54","臺中市","南屯區","0","2","0","7","3","6","50","5","1","1","5","4","6","6","4","4","5","5","4","2","15","2","9","1","1","C03","7","9","1","10","2","12","","20","20","1","12","4","120.612194","24.138063","2"
"5310","66000","387130000C","(04)23274275","(04)23288582","2026","1","13","16","57","臺中市","太平區","0","0","0","7","2","6","50","3","2","1","5","4","6","6","4","4","5","5","5","2","25","","","","","A05","","","1","","2","","","84","84","1","12","4","120.719385","24.103166","3"
"5311","66000","387130000C","(04)23274275","(04)23288582","2026","1","13","16","58","臺中市","太平區","0","1","0","7","2","6","50","4","1","1","5","4","6","6","2","1","10","5","5","2","16","2","9","2","1","C03","7","9","1","10","2","11","","84","84","1","12","4","120.712193","24.144456","2"
"5312","66000","387130000C","(04)23274275","(04)23288582","2026","1","13","16","59","臺中市","東區","0","0","0","7","","","50","","","","","","","","","","","","","","","","","","","B03","","","1","","2","","","87","87","1","12","4","120.698239","24.125085","3"
"5313","66000","387130000C","(04)23274275","(04)23288582","2026","1","13","17","0","臺中市","神岡區","0","1","0","7","3","6","30","13","9","1","5","4","6","6","4","4","10","5","5","2","14","3","10","3","1","B03","7","2","1","8","2","3","","49","49","1","13","4","120.709239","24.270711","2"
"5314","66000","387130000C","(04)23274275","(04)23288582","2026","1","13","17","1","臺中市","梧棲區","0","0","0","7","","","40","","","","","","","","","","","","","","13","","","","","B03","","","1","","1","","","58","58","1","12","4","120.537678","24.249161","3"
"5315","66000","387130000C","(04)23274275","(04)23288582","2026","1","13","17","9","臺中市","西屯區","0","1","0","7","2","6","50","4","1","1","5","4","6","6","2","1","10","5","5","2","16","3","10","3","1","B01","7","6","1","4","2","1","","11","11","1","6","4","120.639083","24.164986","2"
"5316","66000","387130000C","(04)23274275","(04)23288582","2026","1","13","17","9","臺中市","西屯區","0","1","0","7","1","6","50","3","1","1","5","4","6","6","4","4","8","4","5","1","16","2","9","5","4","C03","7","9","1","10","2","12","","87","87","1","13","4","120.593534","24.180452","2"
"5317","66000","387130000C","(04)23274275","(04)23288582","2026","1","13","17","10","臺中市","西屯區","0","1","0","7","2","6","50","13","9","1","5","4","6","6","2","1","1","4","5","2","12","3","10","5","4","B03","7","7","1","8","2","5","","40","40","1","12","4","120.651805","24.165688","2"
"5318","66000","387130000C","(04)23274275","(04)23288582","2026","1","13","17","10","臺中市","烏日區","0","2","0","7","1","6","30","4","1","1","5","4","6","6","4","4","10","5","5","2","16","2","9","1","1","C03","7","9","1","10","2","11","12","15","15","1","6","4","120.631168","24.085222","2"
"5319","66000","387130000C","(04)23274275","(04)23288582","2026","1","13","17","10","臺中市","梧棲區","0","1","0","7","2","6","50","13","9","1","5","4","6","6","4","4","5","5","5","1","9","2","7","6","5","H01","8","16","7","21","10","17","","109","109","1","12","5","120.531408","24.227567","2"
"5320","66000","387130000C","(04)23274275","(04)23288582","2026","1","13","17","11","臺中市","霧峰區","0","1","0","7","2","6","30","5","1","1","5","4","6","6","4","4","5","5","5","2","17","3","10","5","4","C03","7","6","5","19","2","16","","14","14","1","12","4","120.688802","24.043326","2"
"5321","66000","387130000C","(04)23274275","(04)23288582","2026","1","13","17","14","臺中市","北區","0","0","0","7","","","50","","","","","","","","","","","","","","17","","","","","C01","","","1","","1","","","59","59","1","12","4","120.676775","24.159074","4"
"5322","66000","387130000C","(04)23274275","(04)23288582","2026","1","13","17","14","臺中市","南區","0","0","0","7","","","50","","","","","","","","","","","","","","14","","","","","B03","","","1","","2","","","49","49","1","6","4","120.67296","24.12396","3"
"5323","66000","387130000C","(04)23274275","(04)23288582","2026","1","13","17","14","臺中市","豐原區","0","1","0","7","3","6","40","13","8","1","5","4","6","6","4","4","5","5","4","2","17","2","9","1","4","C03","7","9","3","19","9","14","","84","84","1","12","4","120.715057","24.251588","2"
"5324","66000","387130000C","(04)23274275","(04)23288582","2026","1","13","17","15","臺中市","大肚區","0","0","0","7","","","50","","","","","","","","","","","","","","16","","","","","B03","","","1","","2","","","20","20","1","6","4","120.554319","24.131675","3"
"5325","66000","387130000C","(04)23274275","(04)23288582","2026","1","13","17","18","臺中市","潭子區","0","2","0","7","3","6","60","4","2","1","5","4","6","6","1","1","10","5","5","2","15","2","8","1","1","F02","7","9","7","21","2","12","","21","21","1","13","4","120.708253","24.227714","2"
"5326","66000","387130000C","(04)23274275","(04)23288582","2026","1","13","17","19","臺中市","大里區","0","1","0","7","2","6","50","13","9","1","5","4","6","6","4","4","5","5","5","1","17","2","9","1","1","C04","7","1","1","11","2","11","","51","51","1","12","4","120.680756","24.094862","2"
"5327","66000","387130000C","(04)23274275","(04)23288582","2026","1","13","17","21","臺中市","北區","0","2","0","7","1","6","40","13","8","1","5","4","6","6","4","4","1","4","4","2","17","2","9","1","1","C03","7","9","1","10","2","14","","84","84","1","12","4","120.673641","24.166353","2"
"5328","66000","387130000C","(04)23274275","(04)23288582","2026","1","13","17","21","臺中市","南區","0","1","0","7","3","6","50","5","9","1","5","4","6","6","4","4","5","5","5","2","16","3","10","5","4","B03","7","6","1","8","2","5","","14","14","1","6","4","120.648744","24.11947","2"
"5329","66000","387130000C","(04)23274275","(04)23288582","2026","1","13","17","22","臺中市","南區","0","0","0","7","","","50","","","","","","","","","","","","","","17","","","","","B03","","","1","","2","","","40","40","1","12","4","120.669347","24.118942","3"
"5330","66000","387130000C","(04)23274275","(04)23288582","2026","1","13","17","23","臺中市","南屯區","0","0","0","7","","","50","","","","","","","","","","","","","","13","","","","","B03","","","1","","1","","","56","56","1","6","4","120.623758","24.140799","3"
"5331","66000","387130000C","(04)23274275","(04)23288582","2026","1","13","17","23","臺中市","太平區","0","1","0","7","1","6","50","3","2","1","5","4","6","6","4","4","10","5","5","1","13","2","9","1","1","C03","7","9","1","10","2","12","","7","7","1","12","4","120.714864","24.124961","2"
"5332","66000","387130000C","(04)23274275","(04)23288582","2026","1","13","17","25","臺中市","潭子區","0","1","0","7","1","6","50","5","9","1","5","4","6","6","1","1","5","5","5","1","17","2","9","4","1","F01","7","5","7","21","2","11","","47","47","1","13","4","120.710112","24.207952","2"
"5333","66000","387130000C","(04)23274275","(04)23288582","2026","1","13","17","29","臺中市","東區","0","1","0","7","1","6","50","4","1","1","5","4","6","6","2","1","10","5","5","2","17","3","10","3","1","B03","7","9","1","8","2","2","","1","1","1","12","4","120.687754","24.136648","2"
"5334","66000","387130000C","(04)23274275","(04)23288582","2026","1","13","17","30","臺中市","外埔區","0","1","0","7","1","6","30","3","1","1","5","4","6","6","4","4","10","5","5","2","16","3","10","3","1","B12","7","6","1","8","2","8","","12","12","1","12","4","120.662874","24.322922","2"
"5335","66000","387130000C","(04)23274275","(04)23288582","2026","1","13","17","34","臺中市","南區","0","1","0","7","1","6","50","4","1","1","5","4","6","6","2","1","10","5","5","2","16","3","10","3","1","B03","7","6","1","8","2","8","","11","11","1","6","4","120.668486","24.129395","2"
"5336","66000","387130000C","(04)23274275","(04)23288582","2026","1","13","17","37","臺中市","北區","0","0","0","7","","","50","","","","","","","","","","","","","","16","","","","","C03","","","1","","1","","","51","51","1","13","4","120.68412","24.158975","3"
"5337","66000","387130000C","(04)23274275","(04)23288582","2026","1","13","17","37","臺中市","烏日區","0","0","0","7","1","6","40","3","1","1","5","4","6","6","1","1","10","5","5","2","16","3","10","3","1","B03","7","9","1","8","1","5","","20","20","1","6","4","120.647346","24.062993","3"
"5338","66000","387130000C","(04)23274275","(04)23288582","2026","1","13","17","40","臺中市","龍井區","0","1","0","7","1","6","40","13","8","1","5","4","6","6","4","4","10","4","3","2","12","2","9","2","1","C03","7","9","1","10","2","14","","42","42","1","6","4","120.576907","24.177359","2"
"5339","66000","387130000C","(04)23274275","(04)23288582","2026","1","13","17","42","臺中市","北區","0","0","0","7","","","50","","","","","","","","","","","","","","13","","","","","B03","","","1","","2","","","59","59","1","13","4","120.685798","24.159043","3"
"5340","66000","387130000C","(04)23274275","(04)23288582","2026","1","13","17","44","臺中市","北屯區","0","1","0","7","1","6","50","13","7","1","5","4","6","6","4","4","5","5","4","2","12","3","10","3","1","B03","7","9","1","8","2","2","","39","39","1","12","4","120.7107","24.183517","2"
"5341","66000","387130000C","(04)23274275","(04)23288582","2026","1","13","17","46","臺中市","霧峰區","0","0","0","7","1","6","70","13","7","1","5","4","6","6","4","4","1","3","5","1","13","","","","","B03","","","1","","1","","","82","82","1","6","4","120.682157","24.014192","3"
"5342","66000","387130000C","(04)23274275","(04)23288582","2026","1","13","17","48","臺中市","西屯區","0","0","0","7","","3","40","","","","","","","","","","","","","","","","","","","B03","","","1","","1","","","59","59","1","12","4","120.634948","24.179291","3"
"5343","66000","387130000C","(04)23274275","(04)23288582","2026","1","13","17","50","臺中市","沙鹿區","0","1","0","7","1","6","50","4","19","1","5","4","6","6","1","1","1","3","4","2","3","3","10","3","1","B03","7","6","3","19","2","8","","48","48","1","12","4","120.563899","24.206395","2"
"5344","66000","387130000C","(04)23274275","(04)23288582","2026","1","13","17","51","臺中市","西區","0","1","0","7","1","6","50","3","1","1","5","4","6","6","4","4","10","5","5","1","17","2","9","5","4","B03","7","9","1","10","2","8","","12","12","1","12","4","120.668142","24.150848","2"
"5345","66000","387130000C","(04)23274275","(04)23288582","2026","1","13","17","51","臺中市","石岡區","0","0","0","7","","","70","","","","","","","","","","","","","","13","","","","","B03","","","1","","1","","","84","84","1","13","4","120.793909","24.271385","3"
"5346","66000","387130000C","(04)23274275","(04)23288582","2026","1","13","17","52","臺中市","西屯區","0","2","0","7","1","6","0","13","21","5","5","4","6","6","4","4","10","5","5","2","17","2","8","1","4","C03","7","3","1","10","1","13","","50","50","1","12","4","120.64142","24.167862","2"
"5347","66000","387130000C","(04)23274275","(04)23288582","2026","1","13","17","52","臺中市","大甲區","0","1","0","7","1","6","50","3","1","1","5","4","6","6","3","1","10","5","5","2","17","3","10","5","4","B03","7","6","1","8","2","1","","48","48","1","6","4","120.622266","24.355948","2"
"5348","66000","387130000C","(04)23274275","(04)23288582","2026","1","13","17","53","臺中市","西屯區","0","1","0","7","1","6","50","13","9","1","5","4","6","6","4","4","1","4","5","2","18","2","9","2","1","C03","7","9","1","10","2","14","","59","59","1","12","4","120.633261","24.179706","2"
"5349","66000","387130000C","(04)23274275","(04)23288582","2026","1","13","17","55","臺中市","西屯區","0","0","0","7","","","40","","","","","","","","","","","","","","14","","","","","B13","","","1","","1","","","49","49","1","12","4","120.626892","24.20621","3"
"5350","66000","387130000C","(04)23274275","(04)23288582","2026","1","13","17","55","臺中市","西屯區","0","0","0","7","","","40","","","","","","","","","","","","","","13","","","","","B03","","","1","","1","","","59","59","1","12","4","120.626739","24.206255","3"
"5351","66000","387130000C","(04)23274275","(04)23288582","2026","1","13","17","56","臺中市","南區","0","0","0","7","","","50","","","","","","","","","","","","","","","","","","","B03","","","1","","1","","","7","7","1","6","4","120.669969","24.12467","3"
"5352","66000","387130000C","(04)23274275","(04)23288582","2026","1","13","17","56","臺中市","西屯區","0","1","0","7","1","6","50","4","1","1","5","4","6","6","1","1","8","4","4","1","16","3","10","5","4","C03","7","6","1","10","2","14","","11","11","1","13","4","120.664726","24.178119","2"
"5353","66000","387130000C","(04)23274275","(04)23288582","2026","1","13","17","57","臺中市","南區","0","0","0","7","","","50","","","","","","","","","","","","","","17","","","","","B03","","","1","","2","","","8","8","1","12","4","120.653303","24.122633","3"
"5354","66000","387130000C","(04)23274275","(04)23288582","2026","1","13","18","0","臺中市","北區","0","0","0","7","1","6","50","4","1","1","5","4","6","6","4","4","10","5","5","2","15","3","10","3","1","B03","7","9","1","8","2","5","","15","15","1","12","4","120.684054","24.154645","3"
"5355","66000","387130000C","(04)23274275","(04)23288582","2026","1","13","18","0","臺中市","北屯區","0","0","0","7","","","50","","","","","","","","","","","","","","","","","","","C02","","","1","","1","","","78","78","1","13","4","120.665687","24.182422","3"
"5356","66000","387130000C","(04)23274275","(04)23288582","2026","1","13","18","0","臺中市","烏日區","0","0","0","7","","","60","","","","","","","","","","","","","","13","","","","","B03","","","1","","1","","","7","7","1","6","4","120.647836","24.079097","3"
"5357","66000","387130000C","(04)23274275","(04)23288582","2026","1","13","18","1","臺中市","西屯區","0","1","0","7","1","6","30","13","9","1","5","4","6","6","4","4","10","5","5","2","17","2","9","2","4","C03","7","11","1","10","2","11","","45","45","1","12","4","120.646466","24.179038","2"
"5358","66000","387130000C","(04)23274275","(04)23288582","2026","1","13","18","1","臺中市","豐原區","0","0","0","7","","","50","","","","","","","","","","","","","","13","","","","","B03","","","1","","1","","","59","59","1","12","4","120.702337","24.251485","3"
"5359","66000","387130000C","(04)23274275","(04)23288582","2026","1","13","18","2","臺中市","南屯區","0","0","0","7","","","50","","","","","","","","","","","","","","17","","","","","B03","","","1","","2","","","84","84","1","12","4","120.647833","24.139853","3"
"5360","66000","387130000C","(04)23274275","(04)23288582","2026","1","13","18","2","臺中市","龍井區","0","0","0","7","","","50","","","","","","","","","","","","","","","","","","","B03","","","5","","2","","","43","43","1","12","4","120.524249","24.210557","3"
"5361","66000","387130000C","(04)23274275","(04)23288582","2026","1","13","18","3","臺中市","大雅區","0","0","0","7","","","30","","","","","","","","","","","","","","","","","","","B03","","","1","","2","","","12","12","1","12","4","120.647716","24.223919","3"
"5362","66000","387130000C","(04)23274275","(04)23288582","2026","1","13","18","4","臺中市","龍井區","0","1","0","7","1","6","50","13","9","1","5","4","6","6","4","4","5","5","4","1","12","2","9","1","1","C03","7","9","1","10","2","11","","84","84","1","6","4","120.537622","24.176782","2"
"5363","66000","387130000C","(04)23274275","(04)23288582","2026","1","13","18","5","臺中市","西屯區","0","0","0","7","","","50","","","","","","","","","","","","","","12","","","","","B03","","","1","","1","","","8","8","1","13","4","120.647856","24.196115","3"
"5364","66000","387130000C","(04)23274275","(04)23288582","2026","1","13","18","7","臺中市","豐原區","0","0","0","7","","","50","","","","","","","","","","","","","","13","","","","","B03","","","1","","1","","","87","87","1","12","4","120.720038","24.241514","3"
"5365","66000","387130000C","(04)23274275","(04)23288582","2026","1","13","18","9","臺中市","西屯區","0","1","0","7","1","6","40","4","1","1","5","4","6","6","1","1","10","5","5","1","16","3","10","3","1","B13","7","11","5","19","2","4","","45","45","1","12","4","120.618365","24.163747","2"
"5366","66000","387130000C","(04)23274275","(04)23288582","2026","1","13","18","12","臺中市","潭子區","0","1","0","7","1","6","60","13","7","1","5","4","6","6","4","4","1","4","4","1","13","2","9","2","1","C03","7","9","1","10","2","11","","7","7","1","13","4","120.705321","24.210975","2"
"5367","66000","387130000C","(04)23274275","(04)23288582","2026","1","13","18","14","臺中市","太平區","0","0","0","7","1","3","80","13","7","1","5","4","6","6","4","4","10","4","5","1","13","","","","","B03","","","1","","2","","","84","84","1","12","4","120.71585","24.152654","3"
"5368","66000","387130000C","(04)23274275","(04)23288582","2026","1","13","18","16","臺中市","潭子區","0","1","0","7","1","6","30","4","1","1","5","4","6","6","4","4","10","5","5","2","15","3","10","2","1","C03","7","9","1","10","2","12","","15","15","1","13","2","120.707456","24.228847","2"
"5369","66000","387130000C","(04)23274275","(04)23288582","2026","1","13","18","17","臺中市","西屯區","0","0","0","7","","","50","","","","","","","","","","","","","","13","","","","","B03","","","1","","1","","","7","7","1","12","4","120.659257","24.163525","3"
"5370","66000","387130000C","(04)23274275","(04)23288582","2026","1","13","18","17","臺中市","太平區","0","0","0","7","","","50","","","","","","","","","","","","","","13","","","","","B03","","","1","","2","","","7","7","1","12","4","120.733427","24.153833","3"
"5371","66000","387130000C","(04)23274275","(04)23288582","2026","1","13","18","18","臺中市","北屯區","0","1","0","7","1","6","50","4","1","1","5","4","6","6","1","1","10","5","5","2","13","2","9","1","1","C03","7","9","1","10","2","14","","58","58","1","6","4","120.727522","24.169206","2"
"5372","66000","387130000C","(04)23274275","(04)23288582","2026","1","13","18","19","臺中市","龍井區","0","1","0","7","1","6","50","4","2","1","5","4","6","6","2","1","9","5","5","2","13","2","8","2","1","C03","7","9","1","10","2","11","","6","6","1","6","4","120.583492","24.187326","2"
"5373","66000","387130000C","(04)23274275","(04)23288582","2026","1","13","18","20","臺中市","北屯區","0","0","0","7","","3","50","","","","","","","","","","","","","","","","","","","B03","","","1","","2","","","84","84","1","13","4","120.682072","24.200962","3"
"5374","66000","387130000C","(04)23274275","(04)23288582","2026","1","13","18","24","臺中市","東區","0","0","0","7","","","50","","","","","","","","","","","","","","","","","","","B03","","","1","","1","","","7","7","1","12","4","120.69485","24.133051","3"
"5375","66000","387130000C","(04)23274275","(04)23288582","2026","1","13","18","30","臺中市","太平區","0","1","0","7","1","6","50","11","9","1","5","4","6","6","4","4","5","4","5","1","17","2","9","1","1","F01","7","9","7","21","2","11","","84","84","1","12","4","120.735058","24.134195","2"
"5376","66000","387130000C","(04)23274275","(04)23288582","2026","1","13","18","31","臺中市","大雅區","0","1","0","7","1","6","50","13","9","1","5","4","6","6","4","4","5","4","5","1","18","2","9","1","1","C03","7","9","1","10","2","12","","84","84","1","12","4","120.649049","24.226958","2"
"5377","66000","387130000C","(04)23274275","(04)23288582","2026","1","13","18","32","臺中市","南屯區","0","0","0","7","","","50","","","","","","","","","","","","","","17","","","","","C03","","","1","","2","","","50","50","1","12","4","120.646939","24.14128","3"
"5378","66000","387130000C","(04)23274275","(04)23288582","2026","1","13","18","32","臺中市","西屯區","0","2","0","7","1","6","50","13","9","1","5","4","6","6","4","4","1","4","5","2","13","2","8","1","1","C03","7","7","1","10","1","12","","7","7","1","12","4","120.653008","24.195852","2"
"5379","66000","387130000C","(04)23274275","(04)23288582","2026","1","13","18","32","臺中市","大甲區","0","0","0","7","","","50","","","","","","","","","","","","","","12","","","","","B03","","","1","","2","","","84","84","1","6","4","120.628287","24.352106","3"
"5380","66000","387130000C","(04)23274275","(04)23288582","2026","1","13","18","33","臺中市","神岡區","0","2","0","7","1","6","50","4","1","1","5","4","6","6","4","4","10","5","5","2","13","2","9","1","1","C03","7","9","2","19","2","11","","85","85","1","12","4","120.698225","24.235678","2"
"5381","66000","387130000C","(04)23274275","(04)23288582","2026","1","13","18","36","臺中市","北屯區","0","2","0","7","1","6","50","4","1","1","5","4","6","6","1","1","10","5","5","2","17","3","10","3","1","B03","7","5","1","8","2","5","","58","58","1","6","4","120.693906","24.200771","2"
"5382","66000","387130000C","(04)23274275","(04)23288582","2026","1","13","18","36","臺中市","烏日區","0","1","0","7","3","6","30","3","2","1","5","4","6","6","4","4","10","5","5","2","18","2","9","1","1","C03","7","9","1","10","2","12","","84","84","1","6","4","120.619416","24.105395","2"
"5383","66000","387130000C","(04)23274275","(04)23288582","2026","1","13","18","38","臺中市","北區","0","1","0","7","1","6","50","4","1","1","5","4","6","6","2","1","5","4","5","2","17","3","10","3","1","B03","7","6","1","8","2","6","","20","20","1","12","4","120.678291","24.167071","2"
"5384","66000","387130000C","(04)23274275","(04)23288582","2026","1","13","18","38","臺中市","南區","0","0","0","7","","","50","","","","","","","","","","","","","","13","","","","","C03","","","1","","2","","","7","7","1","6","4","120.650544","24.120277","3"
"5385","66000","387130000C","(04)23274275","(04)23288582","2026","1","13","18","39","臺中市","西屯區","0","1","0","7","1","6","50","3","1","1","5","4","6","6","1","1","1","4","5","1","9","3","10","5","4","A04","7","9","1","2","2","15","","59","59","1","13","4","120.659035","24.170845","2"
"5386","66000","387130000C","(04)23274275","(04)23288582","2026","1","13","18","39","臺中市","大里區","0","0","0","7","","","50","","","","","","","","","","","","","","","","","","","B03","","","1","","2","","","7","7","1","12","4","120.678953","24.114234","3"
"5387","66000","387130000C","(04)23274275","(04)23288582","2026","1","13","18","44","臺中市","豐原區","0","0","0","7","","","50","","","","","","","","","","","","","","17","","","","","B03","","","1","","2","","","50","50","1","12","4","120.709219","24.254899","3"
"5388","66000","387130000C","(04)23274275","(04)23288582","2026","1","13","18","44","臺中市","豐原區","0","0","0","7","","","50","","","","","","","","","","","","","","16","","","","","C03","","","1","","2","","","4","4","1","12","4","120.727013","24.253838","3"
"5389","66000","387130000C","(04)23274275","(04)23288582","2026","1","13","18","45","臺中市","潭子區","0","2","0","7","1","6","50","13","9","1","5","4","6","6","4","4","9","5","5","2","13","2","9","1","1","C03","7","9","1","10","2","14","","59","59","1","13","4","120.718036","24.196151","2"
"5390","66000","387130000C","(04)23274275","(04)23288582","2026","1","13","18","46","臺中市","南屯區","0","0","0","7","1","6","50","13","9","1","5","4","6","6","1","1","5","5","5","2","12","","","","","C03","","","1","","2","","","8","8","1","12","4","120.650427","24.148875","3"
"5391","66000","387130000C","(04)23274275","(04)23288582","2026","1","13","18","46","臺中市","豐原區","0","1","0","7","1","6","60","13","8","1","5","4","6","6","4","4","1","4","4","2","17","3","10","5","4","B03","7","9","1","8","2","15","","8","8","1","12","4","120.703104","24.25215","2"
"5392","66000","387130000C","(04)23274275","(04)23288582","2026","1","13","18","49","臺中市","烏日區","0","1","0","7","1","6","70","3","1","1","5","4","6","6","1","1","1","4","4","1","16","3","10","3","1","B03","7","5","1","8","2","5","","11","11","1","6","4","120.598333","24.111309","2"
"5393","66000","387130000C","(04)23274275","(04)23288582","2026","1","13","18","50","臺中市","西屯區","0","1","0","7","1","6","50","13","9","1","5","4","6","6","4","4","1","4","5","2","12","2","9","2","1","C03","7","9","1","10","2","11","","59","59","1","13","4","120.645874","24.169869","2"
"5394","66000","387130000C","(04)23274275","(04)23288582","2026","1","13","18","50","臺中市","西屯區","0","0","0","7","","3","40","","","","","","","","","","","","","","","","","","","B03","","","1","","1","","","59","59","1","12","4","120.634948","24.179291","3"
"5395","66000","387130000C","(04)23274275","(04)23288582","2026","1","13","18","50","臺中市","西屯區","0","1","0","7","1","6","50","4","1","1","5","4","6","6","1","1","10","5","5","2","12","3","10","5","4","B03","7","6","1","8","2","7","","8","8","1","12","4","120.634578","24.176226","2"
"5396","66000","387130000C","(04)23274275","(04)23288582","2026","1","13","18","52","臺中市","大里區","0","0","0","6","1","6","60","4","7","1","5","4","6","6","1","1","1","4","4","1","13","","","","","B03","","","1","","2","","","59","59","1","12","4","120.665604","24.106188","3"
"5397","66000","387130000C","(04)23274275","(04)23288582","2026","1","13","18","53","臺中市","中區","0","0","0","7","","","50","","","","","","","","","","","","","","15","","","","","C03","","","1","","1","","","15","15","1","13","4","120.678434","24.145806","4"
"5398","66000","387130000C","(04)23274275","(04)23288582","2026","1","13","18","53","臺中市","北區","0","2","0","7","1","6","50","13","7","1","5","4","6","6","4","4","1","4","4","2","13","2","9","1","1","C03","7","12","1","10","2","11","12","7","7","1","13","4","120.677481","24.154103","2"
"5399","66000","387130000C","(04)23274275","(04)23288582","2026","1","13","18","54","臺中市","北屯區","0","1","0","7","1","6","50","4","1","1","5","4","6","6","4","4","5","5","5","2","13","2","9","2","1","C03","7","9","1","10","2","11","","84","84","1","12","4","120.7216","24.160336","2"
"5400","66000","387130000C","(04)23274275","(04)23288582","2026","1","13","18","54","臺中市","大甲區","0","1","0","7","1","6","50","4","1","1","5","4","6","6","1","1","5","5","5","1","16","3","10","3","1","B03","7","6","1","8","2","1","","11","11","1","6","4","120.624517","24.346255","2"
"5401","66000","387130000C","(04)23274275","(04)23288582","2026","1","13","19","0","臺中市","西屯區","0","1","0","7","1","6","40","13","8","1","5","4","6","6","4","4","1","5","1","2","13","2","9","2","1","C03","7","9","1","10","2","11","","7","7","1","12","4","120.624032","24.17893","2"
"5402","66000","387130000C","(04)23274275","(04)23288582","2026","1","13","19","0","臺中市","烏日區","0","0","0","7","1","6","30","13","24","1","5","4","6","6","4","4","10","4","5","2","13","3","10","3","1","B03","7","9","1","8","2","1","","84","84","1","6","4","120.616326","24.112137","3"
"5403","66000","387130000C","(04)23274275","(04)23288582","2026","1","13","19","5","臺中市","北屯區","0","1","0","7","1","6","50","4","1","1","5","4","6","6","1","1","10","5","5","2","18","2","8","1","1","C03","7","9","1","10","2","11","","59","59","1","12","4","120.673706","24.186351","2"
"5404","66000","387130000C","(04)23274275","(04)23288582","2026","1","13","19","11","臺中市","太平區","0","0","0","7","","","50","","","","","","","","","","","","","","16","","","","","F01","","","7","","2","","","48","48","1","12","1","120.717182","24.156905","3"
"5405","66000","387130000C","(04)23274275","(04)23288582","2026","1","13","19","15","臺中市","北區","0","0","0","7","","","50","","","","","","","","","","","","","","13","","","","","C03","","","1","","2","11","","59","59","1","12","4","120.678141","24.148761","4"
"5406","66000","387130000C","(04)23274275","(04)23288582","2026","1","13","19","16","臺中市","潭子區","0","0","0","7","","3","40","","","","","","","","","","","","","","","","","","","B03","","","1","","2","","","84","84","1","13","4","120.699851","24.201084","3"
"5407","66000","387130000C","(04)23274275","(04)23288582","2026","1","13","19","16","臺中市","西屯區","0","2","0","7","1","6","50","3","9","1","5","4","6","6","4","4","1","4","5","1","13","3","10","5","4","C03","7","9","1","10","2","11","","7","7","1","13","4","120.651812","24.197794","2"
"5408","66000","387130000C","(04)23274275","(04)23288582","2026","1","13","19","18","臺中市","南屯區","0","0","0","7","","","50","","","","","","","","","","","","","","13","","","","","B03","","","1","","1","","","59","59","1","6","4","120.633835","24.14671","3"
"5409","66000","387130000C","(04)23274275","(04)23288582","2026","1","13","19","21","臺中市","西區","0","0","0","7","","","50","","","","","","","","","","","","","","13","","","","","C03","","","1","","1","","","7","7","1","13","4","120.662352","24.155342","3"
"5410","66000","387130000C","(04)23274275","(04)23288582","2026","1","13","19","24","臺中市","后里區","0","1","0","7","1","6","50","13","12","1","5","4","6","6","4","4","1","4","4","1","18","2","9","1","1","C03","7","9","1","10","2","11","","59","59","1","6","4","120.723732","24.297573","2"
"5411","66000","387130000C","(04)23274275","(04)23288582","2026","1","13","19","25","臺中市","東區","0","1","0","7","3","6","50","4","9","1","5","4","6","6","1","1","5","5","5","2","16","3","10","5","4","B03","7","6","1","8","2","5","","11","11","1","6","4","120.702897","24.125381","2"
"5412","66000","387130000C","(04)23274275","(04)23288582","2026","1","13","19","25","臺中市","大里區","0","3","0","7","2","6","50","4","1","1","5","4","6","6","1","1","10","5","5","2","17","2","9","1","1","C03","7","9","1","10","2","12","","21","21","1","12","4","120.67911","24.112334","2"
"5413","66000","387130000C","(04)23274275","(04)23288582","2026","1","13","19","34","臺中市","北屯區","0","0","0","7","","","40","","","","","","","","","","","","","","14","","","","","B03","","","1","","9","","","49","49","1","6","4","120.682326","24.170787","3"
"5414","66000","387130000C","(04)23274275","(04)23288582","2026","1","13","19","35","臺中市","后里區","0","1","0","7","1","6","50","13","9","1","5","4","6","6","4","4","9","5","5","1","3","3","10","3","1","B03","7","9","1","8","2","1","","59","59","1","12","4","120.71321","24.306332","2"
"5415","66000","387130000C","(04)23274275","(04)23288582","2026","1","13","19","37","臺中市","南屯區","0","0","0","7","","","50","","","","","","","","","","","","","","15","","","","","C03","","","1","","2","","","15","15","1","13","4","120.625482","24.117893","3"
"5416","66000","387130000C","(04)23274275","(04)23288582","2026","1","13","19","40","臺中市","西屯區","0","2","0","7","2","6","40","4","1","1","5","4","6","6","2","1","10","5","5","2","16","3","10","2","1","C03","7","5","1","10","2","12","","47","47","1","13","4","120.653345","24.160828","2"