序號,縣市別代碼,機關代碼,市話,傳真,年,月,日,時,分,縣市,區,死亡數量,受傷數量,2-30,天候,道路照明設備,道路類別,道路速限,道路型態,事故位置,路面鋪裝,路面狀態,路面缺陷,障礙物,視距,號誌種類,號誌動作,分向設施,快車道或一般車道間,快慢車道間,路面邊線,事故類型及型態,受傷程度,主要傷處,保護裝備,行動電話或功能裝置,當事者區分(類別),車輛用途,當事者行動狀態,駕照狀態,駕照種類,飲酒情形,車輛撞擊部位最初,車輛撞擊部位其他,肇事因素個別,肇事因素主要,肇事逃逸,職業,共享經濟或外送平台,GPS座標X,GPS座標Y,事故類別
"5417","66000","387130000C","(04)23274275","(04)23288582","2026","1","13","19","40","臺中市","豐原區","0","1","0","7","1","6","50","4","1","1","5","4","6","6","4","4","5","5","4","2","15","3","10","5","4","B03","7","9","1","8","2","1","","6","6","1","12","4","120.716599","24.252308","2"
"5418","66000","387130000C","(04)23274275","(04)23288582","2026","1","13","19","43","臺中市","南屯區","0","1","0","7","1","6","50","4","1","1","5","4","6","6","4","4","9","5","5","2","17","3","10","3","1","B03","7","6","1","8","2","8","","14","14","1","13","4","120.633255","24.131296","2"
"5419","66000","387130000C","(04)23274275","(04)23288582","2026","1","13","19","54","臺中市","沙鹿區","0","0","0","7","","","30","","","","","","","","","","","","","","13","","","","","B03","","","1","","1","","","7","7","1","6","4","120.557382","24.217499","3"
"5420","66000","387130000C","(04)23274275","(04)23288582","2026","1","13","20","1","臺中市","西區","0","1","0","7","1","6","50","3","1","1","5","4","6","6","4","4","10","5","5","1","30","2","9","5","4","C03","7","9","1","10","2","11","","84","84","1","12","4","120.661665","24.14345","2"
"5421","66000","387130000C","(04)23274275","(04)23288582","2026","1","13","20","1","臺中市","西屯區","0","2","0","7","1","6","50","13","9","1","5","4","6","6","4","4","5","4","5","1","3","2","9","6","5","H01","8","16","7","21","10","17","","95","95","1","12","5","120.650745","24.157277","2"
"5422","66000","387130000C","(04)23274275","(04)23288582","2026","1","13","20","13","臺中市","南區","0","0","0","7","","","50","","","","","","","","","","","","","","17","","","","","C03","","","1","","2","","","50","50","1","12","4","120.658064","24.124006","3"
"5423","66000","387130000C","(04)23274275","(04)23288582","2026","1","13","20","14","臺中市","南屯區","0","0","0","7","1","6","50","4","1","1","5","4","6","6","1","1","5","4","4","2","14","3","10","3","1","B02","7","2","1","8","2","3","","52","52","1","12","4","120.652972","24.143818","3"
"5424","66000","387130000C","(04)23274275","(04)23288582","2026","1","13","20","23","臺中市","北屯區","0","1","0","7","1","6","30","4","1","1","5","4","6","6","4","4","10","5","5","2","15","3","10","2","1","C03","7","9","5","19","2","13","","12","12","1","6","4","120.6963","24.16294","2"
"5425","66000","387130000C","(04)23274275","(04)23288582","2026","1","13","20","30","臺中市","太平區","0","1","0","7","1","6","50","4","2","1","5","4","6","6","2","1","5","5","4","2","17","3","10","5","4","B03","7","6","1","8","2","5","8","84","84","1","12","4","120.712649","24.159078","2"
"5426","66000","387130000C","(04)23274275","(04)23288582","2026","1","13","20","34","臺中市","大里區","0","0","0","7","","","50","","","","","","","","","","","","","","","","","","","C03","","","1","","2","","","8","8","1","12","4","120.704164","24.106415","3"
"5427","66000","387130000C","(04)23274275","(04)23288582","2026","1","13","20","42","臺中市","梧棲區","0","0","0","7","","","70","","","","","","","","","","","","","","17","","","","","A41","","","1","","2","","","59","59","1","12","4","120.548595","24.236471","3"
"5428","66000","387130000C","(04)23274275","(04)23288582","2026","1","13","20","46","臺中市","大雅區","0","1","0","7","1","6","50","4","1","1","5","4","6","6","2","1","10","4","5","1","17","2","9","1","1","C03","7","9","1","10","2","12","","21","21","1","12","4","120.652411","24.221291","2"
"5429","66000","387130000C","(04)23274275","(04)23288582","2026","1","13","20","48","臺中市","沙鹿區","0","0","0","7","","","50","","","","","","","","","","","","","","","","","","","B03","","","1","","1","","","45","45","1","12","4","120.569369","24.220426","3"
"5430","66000","387130000C","(04)23274275","(04)23288582","2026","1","13","20","50","臺中市","豐原區","0","0","0","7","","","30","","","","","","","","","","","","","","14","","","","","C03","","","1","","2","","","49","49","1","12","4","120.717146","24.252746","4"
"5431","66000","387130000C","(04)23274275","(04)23288582","2026","1","13","20","54","臺中市","南屯區","0","0","0","7","1","6","50","13","9","1","5","4","6","6","4","4","3","4","5","2","13","","","","","C03","","","1","","1","","","7","7","1","12","4","120.622878","24.145051","3"
"5432","66000","387130000C","(04)23274275","(04)23288582","2026","1","13","20","58","臺中市","太平區","0","0","0","7","","","50","","","","","","","","","","","","","","13","","","","","B03","","","1","","2","","","84","84","1","13","4","120.728984","24.104302","3"
"5433","66000","387130000C","(04)23274275","(04)23288582","2026","1","13","21","1","臺中市","太平區","0","0","0","7","","","30","","","","","","","","","","","","","","","","","","","B03","","","1","","2","","","58","58","1","12","4","120.714904","24.147489","3"
"5434","66000","387130000C","(04)23274275","(04)23288582","2026","1","13","21","4","臺中市","中區","0","1","0","7","1","6","50","4","1","1","5","4","6","6","4","4","7","5","5","2","16","3","10","3","1","B02","7","5","1","8","2","6","","84","84","1","13","4","120.684439","24.140786","2"
"5435","66000","387130000C","(04)23274275","(04)23288582","2026","1","13","21","6","臺中市","大里區","0","0","0","7","","","30","","","","","","","","","","","","","","16","","","","","C03","","","1","","2","","","14","14","1","12","4","120.706172","24.094649","3"
"5436","66000","387130000C","(04)23274275","(04)23288582","2026","1","13","21","7","臺中市","西屯區","0","0","0","7","","","40","","","","","","","","","","","","","","16","","","","","B03","","","1","","2","","","84","84","1","13","4","120.653213","24.16083","3"
"5437","66000","387130000C","(04)23274275","(04)23288582","2026","1","13","21","11","臺中市","南屯區","0","0","0","7","","","50","","","","","","","","","","","","","","","","","","","B01","","","1","","1","","","11","11","1","12","4","120.649753","24.152342","3"
"5438","66000","387130000C","(04)23274275","(04)23288582","2026","1","13","21","14","臺中市","豐原區","0","1","0","7","1","6","50","5","19","1","5","4","6","6","2","1","1","4","5","1","3","3","10","3","1","B03","7","6","1","8","2","1","","10","10","1","12","4","120.711351","24.246565","2"
"5439","66000","387130000C","(04)23274275","(04)23288582","2026","1","13","21","19","臺中市","北區","0","0","0","7","","","50","","","","","","","","","","","","","","","","","","","B03","","","1","","1","","","84","84","1","12","4","120.681513","24.150854","3"
"5440","66000","387130000C","(04)23274275","(04)23288582","2026","1","13","21","21","臺中市","新社區","0","1","0","7","1","6","50","4","9","1","5","4","6","6","4","4","10","5","5","1","17","3","10","3","1","B03","7","14","5","8","2","7","","76","76","1","12","4","120.81245","24.191801","2"
"5441","66000","387130000C","(04)23274275","(04)23288582","2026","1","13","21","26","臺中市","西區","0","0","0","7","","","50","","","","","","","","","","","","","","","","","","","B03","","","1","","1","","","84","84","1","12","4","120.659105","24.156085","3"
"5442","66000","387130000C","(04)23274275","(04)23288582","2026","1","13","21","30","臺中市","沙鹿區","0","0","0","7","1","6","50","11","9","1","5","4","6","6","4","4","10","4","5","2","11","","","","","B03","","","1","","2","","","41","41","1","12","4","120.564345","24.212913","3"
"5443","66000","387130000C","(04)23274275","(04)23288582","2026","1","13","21","34","臺中市","北屯區","0","0","0","7","","","50","","","","","","","","","","","","","","12","","","","","B03","","","1","","1","","","40","40","1","12","4","120.681361","24.176353","3"
"5444","66000","387130000C","(04)23274275","(04)23288582","2026","1","13","21","35","臺中市","北區","0","2","0","7","2","6","50","13","9","1","5","4","6","6","4","4","3","4","5","1","17","2","9","6","1","F01","7","1","7","21","2","13","","51","51","1","12","4","120.678935","24.162919","2"
"5445","66000","387130000C","(04)23274275","(04)23288582","2026","1","13","21","40","臺中市","西屯區","0","2","0","7","1","6","50","4","1","1","5","4","6","6","4","4","10","5","5","2","15","2","9","2","4","C03","7","9","1","10","2","11","","15","15","1","12","4","120.667155","24.177125","2"
"5446","66000","387130000C","(04)23274275","(04)23288582","2026","1","13","21","40","臺中市","烏日區","0","1","0","7","2","6","50","13","7","1","5","4","6","6","4","4","9","5","4","2","12","3","10","5","4","B03","7","11","1","8","2","4","","45","45","1","13","4","120.607382","24.126297","2"
"5447","66000","387130000C","(04)23274275","(04)23288582","2026","1","13","22","0","臺中市","沙鹿區","0","0","0","7","","","50","","","","","","","","","","","","","","17","","","","","B03","","","1","","2","","","7","7","1","6","4","120.606321","24.247247","3"
"5448","66000","387130000C","(04)23274275","(04)23288582","2026","1","13","22","3","臺中市","大里區","0","2","0","7","2","6","50","3","9","1","5","4","6","6","4","4","1","4","5","1","17","3","10","3","1","B01","7","7","1","8","2","2","","40","40","1","6","4","120.691944","24.091453","2"
"5449","66000","387130000C","(04)23274275","(04)23288582","2026","1","13","22","5","臺中市","北屯區","0","1","0","7","1","6","50","4","1","1","5","4","6","6","2","1","10","5","5","2","18","2","9","1","1","C03","7","9","1","10","2","11","","59","59","1","12","4","120.733277","24.161239","2"
"5450","66000","387130000C","(04)23274275","(04)23288582","2026","1","13","22","15","臺中市","大里區","0","1","0","7","1","6","50","3","1","1","5","4","6","6","4","4","10","5","5","2","18","2","9","1","1","C03","7","11","1","9","2","12","","84","84","1","12","4","120.693792","24.090834","2"
"5451","66000","387130000C","(04)23274275","(04)23288582","2026","1","13","22","21","臺中市","南屯區","0","2","0","7","1","6","30","11","9","1","5","4","6","6","4","4","5","5","5","1","18","2","9","2","1","C03","7","9","3","19","2","12","","59","59","1","13","4","120.582775","24.142036","2"
"5452","66000","387130000C","(04)23274275","(04)23288582","2026","1","13","22","26","臺中市","北區","0","1","0","7","1","6","50","4","1","1","5","4","6","6","1","1","5","5","4","2","17","3","10","3","1","B03","7","6","5","8","2","5","","20","20","1","12","4","120.686725","24.165283","2"
"5453","66000","387130000C","(04)23274275","(04)23288582","2026","1","13","22","38","臺中市","后里區","0","0","0","7","","","30","","","","","","","","","","","","","","16","","","","","B03","","","1","","1","","","14","14","1","6","4","120.707379","24.302538","3"
"5454","66000","387130000C","(04)23274275","(04)23288582","2026","1","13","22","49","臺中市","西屯區","0","1","0","7","1","6","50","13","8","1","5","4","6","6","4","4","5","4","4","2","12","3","10","5","4","B03","7","3","1","8","2","2","","50","50","1","12","4","120.662304","24.176419","2"
"5455","66000","387130000C","(04)23274275","(04)23288582","2026","1","13","22","57","臺中市","烏日區","0","1","0","7","2","6","40","11","8","1","5","4","6","6","4","4","9","5","1","2","18","2","9","5","4","C03","7","9","1","10","2","12","","59","59","1","13","4","120.587132","24.112045","2"
"5456","66000","387130000C","(04)23274275","(04)23288582","2026","1","13","23","3","臺中市","南區","0","2","0","7","1","6","50","4","1","1","5","4","6","6","2","1","10","5","5","2","16","2","9","2","1","C03","7","6","1","10","2","14","","84","84","1","12","4","120.683825","24.123673","2"
"5457","66000","387130000C","(04)23274275","(04)23288582","2026","1","13","23","24","臺中市","北區","0","1","0","7","1","6","50","4","2","1","5","4","6","6","2","1","10","5","5","2","13","3","10","2","1","C03","7","9","1","10","2","11","","7","7","1","13","4","120.672041","24.170019","2"
"5458","66000","387130000C","(04)23274275","(04)23288582","2026","1","13","23","28","臺中市","烏日區","0","0","0","7","","","30","","","","","","","","","","","","","","30","","","","","C03","","","1","","9","","","85","85","1","13","4","120.622699","24.108353","3"
"5459","66000","387130000C","(04)23274275","(04)23288582","2026","1","14","0","18","臺中市","豐原區","0","1","0","7","1","6","50","13","7","1","5","4","6","6","2","1","5","4","4","2","13","3","10","3","1","B03","7","9","1","8","9","1","","52","52","2","12","4","120.72058","24.25163","2"
"5460","66000","387130000C","(04)23274275","(04)23288582","2026","1","14","1","3","臺中市","豐原區","0","0","0","7","","","50","","","","","","","","","","","","","","13","","","","","B03","","","1","","2","","","84","84","1","12","4","120.71406","24.250907","3"
"5461","66000","387130000C","(04)23274275","(04)23288582","2026","1","14","1","17","臺中市","西屯區","0","0","0","7","","","30","","","","","","","","","","","","","","9","","","","","C03","","","1","","1","","","85","85","1","12","4","120.659281","24.164549","3"
"5462","66000","387130000C","(04)23274275","(04)23288582","2026","1","14","2","12","臺中市","西屯區","0","0","0","7","","","50","","","","","","","","","","","","","","17","","","","","C03","","","1","","1","","","80","80","1","12","4","120.624046","24.182283","3"
"5463","66000","387130000C","(04)23274275","(04)23288582","2026","1","14","3","41","臺中市","東區","0","0","0","7","","","50","","","","","","","","","","","","","","17","","","","","B03","","","1","","2","","","43","43","1","6","4","120.69273","24.125617","3"
"5464","66000","387130000C","(04)23274275","(04)23288582","2026","1","14","4","24","臺中市","豐原區","0","0","0","7","","","50","","","","","","","","","","","","","","20","","","","","A11","","","1","","2","","","59","59","1","12","4","120.719442","24.229723","3"
"5465","66000","387130000C","(04)23274275","(04)23288582","2026","1","14","4","51","臺中市","清水區","0","1","0","7","3","6","50","4","1","1","5","4","6","6","1","1","1","4","4","2","17","3","10","2","1","C03","7","5","1","9","2","11","","22","22","1","12","4","120.576837","24.275915","2"
"5466","66000","387130000C","(04)23274275","(04)23288582","2026","1","14","5","42","臺中市","北屯區","0","0","0","7","","","50","","","","","","","","","","","","","","17","","","","","B03","","","1","","2","","","59","59","1","6","4","120.702819","24.169937","3"
"5467","66000","387130000C","(04)23274275","(04)23288582","2026","1","14","6","13","臺中市","后里區","0","1","0","7","3","6","30","13","9","1","5","4","6","6","4","4","10","5","5","2","11","3","10","3","1","B03","7","9","1","8","2","2","","59","59","1","6","4","120.682624","24.314262","2"
"5468","66000","387130000C","(04)23274275","(04)23288582","2026","1","14","6","30","臺中市","沙鹿區","0","0","0","7","","","40","","","","","","","","","","","","","","14","","","","","B03","","","1","","1","","","49","49","1","6","4","120.568466","24.203022","3"
"5469","66000","387130000C","(04)23274275","(04)23288582","2026","1","14","6","37","臺中市","龍井區","0","1","0","7","2","6","50","4","1","1","5","4","6","6","1","1","10","5","5","2","16","3","10","3","1","B03","7","6","1","8","2","1","","85","85","1","6","4","120.546034","24.201728","2"
"5470","66000","387130000C","(04)23274275","(04)23288582","2026","1","14","6","48","臺中市","南區","0","0","0","7","","","50","","","","","","","","","","","","","","","","","","","B03","","","1","","1","","","84","84","1","12","4","120.681284","24.126543","3"
"5471","66000","387130000C","(04)23274275","(04)23288582","2026","1","14","6","54","臺中市","北區","0","2","0","7","2","6","50","3","1","1","5","4","6","6","4","4","5","4","4","2","16","2","7","1","1","C03","7","6","1","10","2","11","","13","13","1","12","4","120.674233","24.172308","2"
"5472","66000","387130000C","(04)23274275","(04)23288582","2026","1","14","6","57","臺中市","東區","0","2","0","7","2","6","50","3","4","1","5","4","6","6","4","4","5","5","5","1","13","2","9","2","1","C03","7","9","1","10","2","11","","84","84","1","6","4","120.703531","24.131092","2"
"5473","66000","387130000C","(04)23274275","(04)23288582","2026","1","14","7","1","臺中市","北屯區","0","0","0","7","","3","80","","","","","","","","","","","","","","","","","","","B03","","","1","","2","","","40","40","1","13","4","120.718073","24.160009","3"
"5474","66000","387130000C","(04)23274275","(04)23288582","2026","1","14","7","7","臺中市","霧峰區","0","0","0","7","","","30","","","","","","","","","","","","","","10","","","","","B03","","","1","","2","","","41","41","1","12","4","120.664572","24.061639","3"
"5475","66000","387130000C","(04)23274275","(04)23288582","2026","1","14","7","9","臺中市","清水區","0","0","0","7","","","50","","","","","","","","","","","","","","","","","","","C03","","","1","","2","","","58","58","1","12","4","120.550241","24.26474","3"
"5476","66000","387130000C","(04)23274275","(04)23288582","2026","1","14","7","10","臺中市","北屯區","0","0","0","7","","","50","","","","","","","","","","","","","","13","","","","","B03","","","1","","1","","","59","59","1","6","4","120.722644","24.177337","3"
"5477","66000","387130000C","(04)23274275","(04)23288582","2026","1","14","7","12","臺中市","東勢區","0","0","0","7","","","50","","","","","","","","","","","","","","","","","","","B03","","","1","","9","","","41","41","2","12","4","120.766919","24.284048","3"
"5478","66000","387130000C","(04)23274275","(04)23288582","2026","1","14","7","19","臺中市","豐原區","0","0","0","7","","","50","","","","","","","","","","","","","","17","","","","","B03","","","1","","2","","","8","8","1","12","4","120.722469","24.24881","3"
"5479","66000","387130000C","(04)23274275","(04)23288582","2026","1","14","7","21","臺中市","東勢區","0","0","0","7","","","70","","","","","","","","","","","","","","","","","","","B03","","","1","","1","","","7","7","1","13","4","120.822842","24.261451","3"
"5480","66000","387130000C","(04)23274275","(04)23288582","2026","1","14","7","21","臺中市","神岡區","0","1","0","7","2","6","30","3","1","1","5","4","6","6","4","4","10","5","5","1","17","2","9","5","4","F01","7","6","7","21","2","14","","48","48","1","13","4","120.683315","24.245527","2"
"5481","66000","387130000C","(04)23274275","(04)23288582","2026","1","14","7","22","臺中市","西區","0","0","0","7","","","50","","","","","","","","","","","","","","13","","","","","B03","","","1","","2","","","7","7","1","12","4","120.677918","24.133939","3"
"5482","66000","387130000C","(04)23274275","(04)23288582","2026","1","14","7","23","臺中市","沙鹿區","0","2","0","7","2","6","30","3","2","1","5","4","6","6","4","4","10","5","5","2","17","2","7","2","1","C03","7","6","1","10","2","11","","14","14","1","6","4","120.549397","24.218082","2"
"5483","66000","387130000C","(04)23274275","(04)23288582","2026","1","14","7","23","臺中市","豐原區","0","2","0","7","2","6","50","13","9","1","5","4","6","6","4","4","5","5","5","1","17","2","9","1","1","C03","7","1","1","10","2","14","","51","51","1","12","4","120.713791","24.25914","2"
"5484","66000","387130000C","(04)23274275","(04)23288582","2026","1","14","7","27","臺中市","北屯區","0","0","0","7","","3","40","","","","","","","","","","","","","","12","","","","","B03","","","1","","1","","","35","35","1","6","4","120.679851","24.201188","3"
"5485","66000","387130000C","(04)23274275","(04)23288582","2026","1","14","7","30","臺中市","西屯區","0","2","0","7","2","6","50","3","1","1","5","4","6","6","2","1","10","5","5","2","16","2","7","1","1","C03","7","6","1","10","2","12","","11","11","1","13","4","120.656356","24.160463","2"
"5486","66000","387130000C","(04)23274275","(04)23288582","2026","1","14","7","30","臺中市","太平區","0","0","0","7","","","50","","","","","","","","","","","","","","16","","","","","E03","","","1","","2","","","39","39","1","11","4","120.731122","24.140265","3"
"5487","66000","387130000C","(04)23274275","(04)23288582","2026","1","14","7","32","臺中市","大雅區","0","0","0","7","","","0","","","","","","","","","","","","","","","","","","","C03","","","1","","1","","","7","7","1","13","4","120.66824","24.218142","3"
"5488","66000","387130000C","(04)23274275","(04)23288582","2026","1","14","7","33","臺中市","大肚區","0","1","0","7","3","6","50","13","9","1","5","4","6","6","4","4","9","5","5","2","12","3","10","3","1","B12","7","11","1","8","2","8","","45","45","1","6","4","120.57792","24.112732","2"
"5489","66000","387130000C","(04)23274275","(04)23288582","2026","1","14","7","35","臺中市","太平區","0","0","0","7","","","50","","","","","","","","","","","","","","13","","","","","C03","","","1","","1","","","7","7","1","13","4","120.7149","24.141358","3"
"5490","66000","387130000C","(04)23274275","(04)23288582","2026","1","14","7","36","臺中市","大雅區","0","0","0","7","","","70","","","","","","","","","","","","","","","","","","","B03","","","1","","2","","","7","7","1","13","4","120.637049","24.234366","3"
"5491","66000","387130000C","(04)23274275","(04)23288582","2026","1","14","7","36","臺中市","南屯區","0","2","0","7","3","6","50","13","9","1","5","4","6","6","1","1","5","5","5","2","12","2","9","1","1","C03","7","9","1","10","2","11","","43","43","1","12","4","120.643879","24.136138","2"
"5492","66000","387130000C","(04)23274275","(04)23288582","2026","1","14","7","36","臺中市","烏日區","0","0","0","7","","","70","","","","","","","","","","","","","","13","","","","","B03","","","1","","1","","","84","84","1","12","4","120.611082","24.107467","3"
"5493","66000","387130000C","(04)23274275","(04)23288582","2026","1","14","7","37","臺中市","后里區","0","1","0","7","2","6","50","4","1","1","5","4","6","6","1","1","5","5","5","1","16","3","10","3","1","B03","7","6","5","19","2","1","","11","11","1","12","4","120.689187","24.31443","2"
"5494","66000","387130000C","(04)23274275","(04)23288582","2026","1","14","7","39","臺中市","西屯區","0","1","0","7","2","6","50","13","9","1","5","4","6","6","4","4","5","5","5","2","13","2","9","5","4","C03","7","9","1","10","1","11","","7","7","1","12","4","120.653221","24.160772","2"
"5495","66000","387130000C","(04)23274275","(04)23288582","2026","1","14","7","40","臺中市","潭子區","0","0","0","7","","","50","","","","","","","","","","","","","","","","","","","B03","","","1","","2","","","8","8","1","13","4","120.699041","24.194483","3"
"5496","66000","387130000C","(04)23274275","(04)23288582","2026","1","14","7","40","臺中市","北屯區","0","0","0","7","","","30","","","","","","","","","","","","","","11","","","","","B03","","","1","","1","","","8","8","1","6","4","120.661358","24.19186","3"
"5497","66000","387130000C","(04)23274275","(04)23288582","2026","1","14","7","40","臺中市","西屯區","0","2","0","7","2","6","50","13","8","1","5","4","6","6","4","4","10","4","5","1","17","2","9","1","1","C03","7","7","1","10","2","14","","42","42","1","13","4","120.664096","24.201366","2"
"5498","66000","387130000C","(04)23274275","(04)23288582","2026","1","14","7","41","臺中市","南屯區","0","0","0","7","","","40","","","","","","","","","","","","","","12","","","","","C03","","","1","","1","","","34","34","1","6","4","120.647421","24.135892","3"
"5499","66000","387130000C","(04)23274275","(04)23288582","2026","1","14","7","41","臺中市","北屯區","0","1","0","7","3","6","50","4","2","1","5","4","6","6","2","1","10","5","5","2","13","2","9","2","1","C03","7","9","1","10","2","11","","7","7","1","6","4","120.693276","24.162816","2"
"5500","66000","387130000C","(04)23274275","(04)23288582","2026","1","14","7","41","臺中市","西屯區","0","1","0","7","2","6","50","13","9","1","5","4","6","6","4","4","1","4","5","2","12","3","10","5","4","B03","7","7","1","8","2","5","","40","40","1","13","4","120.659038","24.201139","2"
"5501","66000","387130000C","(04)23274275","(04)23288582","2026","1","14","7","41","臺中市","神岡區","0","1","0","7","1","6","60","11","9","1","5","4","6","6","4","4","1","4","4","1","16","3","10","5","4","B03","7","7","1","8","2","7","","20","20","1","12","4","120.691412","24.232018","2"
"5502","66000","387130000C","(04)23274275","(04)23288582","2026","1","14","7","42","臺中市","梧棲區","0","0","0","7","","","50","","","","","","","","","","","","","","13","","","","","B03","","","1","","2","","","7","7","1","12","4","120.55691","24.242376","3"
"5503","66000","387130000C","(04)23274275","(04)23288582","2026","1","14","7","42","臺中市","沙鹿區","0","0","0","7","","","60","","","","","","","","","","","","","","13","","","","","B03","","","1","","2","","","7","7","1","6","4","120.559143","24.210657","3"
"5504","66000","387130000C","(04)23274275","(04)23288582","2026","1","14","7","43","臺中市","太平區","0","0","0","7","","","50","","","","","","","","","","","","","","17","","","","","B03","","","1","","2","","","84","84","1","12","4","120.733301","24.159754","3"
"5505","66000","387130000C","(04)23274275","(04)23288582","2026","1","14","7","44","臺中市","西屯區","0","2","0","7","2","6","40","4","1","1","5","4","6","6","2","1","10","5","5","2","15","2","9","1","1","C03","7","9","5","19","2","11","","85","85","1","13","4","120.652542","24.156573","2"
"5506","66000","387130000C","(04)23274275","(04)23288582","2026","1","14","7","45","臺中市","大里區","0","2","0","7","2","6","30","13","9","1","5","4","6","6","4","4","10","5","5","2","13","2","1","2","1","C03","7","9","1","10","2","11","","7","7","1","6","4","120.697642","24.092753","2"
"5507","66000","387130000C","(04)23274275","(04)23288582","2026","1","14","7","45","臺中市","太平區","0","2","0","7","2","6","30","4","1","1","5","4","6","6","4","4","10","5","5","2","15","2","8","2","1","C03","7","9","1","10","2","11","","15","15","1","12","4","120.723725","24.141152","2"
"5508","66000","387130000C","(04)23274275","(04)23288582","2026","1","14","7","45","臺中市","清水區","0","0","0","7","","","60","","","","","","","","","","","","","","17","","","","","B03","","","1","","2","","","47","47","1","12","4","120.596523","24.30395","3"
"5509","66000","387130000C","(04)23274275","(04)23288582","2026","1","14","7","45","臺中市","沙鹿區","0","2","0","7","2","6","50","13","7","1","5","4","5","6","4","4","5","5","4","2","13","2","9","1","1","C03","7","9","1","10","2","11","","7","7","1","12","4","120.566633","24.211783","2"
"5510","66000","387130000C","(04)23274275","(04)23288582","2026","1","14","7","45","臺中市","神岡區","0","1","0","7","2","6","40","13","9","1","5","4","6","6","4","4","10","5","5","1","17","3","10","5","4","B03","7","1","1","8","2","8","","51","51","1","13","4","120.673189","24.244009","2"
"5511","66000","387130000C","(04)23274275","(04)23288582","2026","1","14","7","46","臺中市","北屯區","0","0","0","7","","","50","","","","","","","","","","","","","","12","","","","","B03","","","1","","2","","","40","40","1","6","4","120.699599","24.1648","3"
"5512","66000","387130000C","(04)23274275","(04)23288582","2026","1","14","7","47","臺中市","西屯區","0","1","0","7","2","6","50","13","7","1","5","4","6","6","4","4","4","4","4","2","17","2","9","5","4","C03","7","1","1","10","2","13","","20","20","1","13","4","120.593495","24.179169","2"
"5513","66000","387130000C","(04)23274275","(04)23288582","2026","1","14","7","47","臺中市","大里區","0","2","0","7","2","6","50","13","7","1","5","4","6","6","4","4","5","4","4","2","17","2","9","2","1","C03","7","1","3","19","2","14","","51","51","1","6","4","120.707913","24.094985","2"
"5514","66000","387130000C","(04)23274275","(04)23288582","2026","1","14","7","48","臺中市","大雅區","0","1","0","7","3","6","30","5","9","1","5","4","6","6","4","4","10","5","5","1","17","2","9","2","1","C03","7","5","1","10","2","16","","84","84","1","13","4","120.626238","24.209629","2"
"5515","66000","387130000C","(04)23274275","(04)23288582","2026","1","14","7","49","臺中市","神岡區","0","0","0","7","","","50","","","","","","","","","","","","","","16","","","","","C03","","","1","","2","","","20","20","1","12","4","120.65669","24.251394","3"
"5516","66000","387130000C","(04)23274275","(04)23288582","2026","1","14","7","50","臺中市","西屯區","0","2","0","7","2","6","50","4","1","1","5","4","6","6","4","4","10","5","5","2","17","2","9","1","4","C03","7","6","1","10","2","12","","14","14","1","13","4","120.629135","24.203663","2"
"5517","66000","387130000C","(04)23274275","(04)23288582","2026","1","14","7","50","臺中市","西屯區","0","2","0","7","1","6","30","4","1","1","5","4","6","6","4","4","10","5","5","2","15","2","9","1","1","C03","7","9","1","11","2","11","","15","15","1","12","4","120.655114","24.171396","2"
"5518","66000","387130000C","(04)23274275","(04)23288582","2026","1","14","7","51","臺中市","太平區","0","0","0","7","2","6","40","13","8","1","5","4","6","6","1","1","1","5","1","1","13","3","10","3","1","B03","7","9","1","8","7","1","","7","7","1","12","4","120.717164","24.156291","3"
"5519","66000","387130000C","(04)23274275","(04)23288582","2026","1","14","7","51","臺中市","梧棲區","0","1","0","7","2","6","70","4","1","1","5","4","6","6","1","1","10","5","5","2","16","3","10","3","1","B03","7","11","1","8","2","6","","11","11","1","13","4","120.556995","24.253471","2"
"5520","66000","387130000C","(04)23274275","(04)23288582","2026","1","14","7","52","臺中市","北屯區","0","2","0","7","2","6","50","3","19","1","5","4","6","6","4","4","4","5","4","2","1","2","9","1","1","C03","7","9","1","10","2","11","","10","10","1","6","4","120.65939","24.182511","2"
"5521","66000","387130000C","(04)23274275","(04)23288582","2026","1","14","7","53","臺中市","潭子區","0","0","0","7","","","60","","","","","","","","","","","","","","","","","","","C03","","","1","","2","","","7","7","1","12","4","120.705285","24.215434","3"
"5522","66000","387130000C","(04)23274275","(04)23288582","2026","1","14","7","53","臺中市","神岡區","0","1","0","7","2","6","50","3","1","1","5","4","6","6","4","4","10","5","5","1","17","3","10","5","4","C03","7","6","1","10","2","13","14","84","84","1","13","4","120.681525","24.242322","2"
"5523","66000","387130000C","(04)23274275","(04)23288582","2026","1","14","7","54","臺中市","大里區","0","0","0","7","","","60","","","","","","","","","","","","","","13","","","","","C03","","","1","","2","","","7","7","1","6","4","120.681325","24.104865","3"
"5524","66000","387130000C","(04)23274275","(04)23288582","2026","1","14","7","54","臺中市","大里區","0","1","0","7","3","6","50","3","1","1","5","4","6","6","4","4","5","4","5","2","16","3","10","5","4","B03","7","6","1","8","2","2","","14","14","1","13","4","120.680875","24.111022","2"
"5525","66000","387130000C","(04)23274275","(04)23288582","2026","1","14","7","54","臺中市","大肚區","0","0","0","7","","","30","","","","","","","","","","","","","","14","","","","","B03","","","1","","2","","","49","49","1","6","4","120.573419","24.163604","3"
"5526","66000","387130000C","(04)23274275","(04)23288582","2026","1","14","7","54","臺中市","沙鹿區","0","1","0","7","2","6","50","3","1","1","5","4","6","6","4","4","10","5","5","2","16","3","10","3","1","B03","7","9","1","8","2","2","","20","20","1","6","4","120.553854","24.224488","2"