序號,縣市別代碼,機關代碼,市話,傳真,年,月,日,時,分,縣市,區,死亡數量,受傷數量,2-30,天候,道路照明設備,道路類別,道路速限,道路型態,事故位置,路面鋪裝,路面狀態,路面缺陷,障礙物,視距,號誌種類,號誌動作,分向設施,快車道或一般車道間,快慢車道間,路面邊線,事故類型及型態,受傷程度,主要傷處,保護裝備,行動電話或功能裝置,當事者區分(類別),車輛用途,當事者行動狀態,駕照狀態,駕照種類,飲酒情形,車輛撞擊部位最初,車輛撞擊部位其他,肇事因素個別,肇事因素主要,肇事逃逸,職業,共享經濟或外送平台,GPS座標X,GPS座標Y,事故類別
"5527","66000","387130000C","(04)23274275","(04)23288582","2026","1","14","7","55","臺中市","大雅區","0","1","0","7","1","6","30","3","1","1","5","4","6","6","4","4","5","5","5","1","17","3","10","1","1","C03","7","6","1","10","2","11","","14","14","1","13","4","120.650329","24.2305","2"
"5528","66000","387130000C","(04)23274275","(04)23288582","2026","1","14","7","55","臺中市","大肚區","0","0","0","7","","","50","","","","","","","","","","","","","","13","","","","","B03","","","1","","2","","","7","7","1","6","4","120.554219","24.132156","3"
"5529","66000","387130000C","(04)23274275","(04)23288582","2026","1","14","7","57","臺中市","西屯區","0","0","0","7","","","50","","","","","","","","","","","","","","12","","","","","B03","","","1","","1","","","42","42","1","13","4","120.663927","24.201302","3"
"5530","66000","387130000C","(04)23274275","(04)23288582","2026","1","14","7","57","臺中市","大里區","0","0","0","7","","","","","","","","","","","","","","","","","12","","","","","B12","","","","","","","","87","87","1","6","4","120.682607","24.10454","3"
"5531","66000","387130000C","(04)23274275","(04)23288582","2026","1","14","7","57","臺中市","豐原區","0","0","0","7","","","30","","","","","","","","","","","","","","13","","","","","C03","","","1","","2","","","7","7","1","6","4","120.737933","24.273287","3"
"5532","66000","387130000C","(04)23274275","(04)23288582","2026","1","14","7","58","臺中市","烏日區","0","1","0","7","3","9","30","11","9","1","5","4","6","6","4","4","10","5","5","2","10","3","10","3","1","B03","7","9","1","8","2","5","","84","84","1","6","4","120.64062","24.0694","2"
"5533","66000","387130000C","(04)23274275","(04)23288582","2026","1","14","7","59","臺中市","大雅區","0","0","0","7","","","50","","","","","","","","","","","","","","","","","","","B03","","","1","","1","","","7","7","1","12","4","120.634533","24.204553","3"
"5534","66000","387130000C","(04)23274275","(04)23288582","2026","1","14","7","59","臺中市","霧峰區","0","2","0","7","3","6","30","4","1","1","5","4","6","6","4","4","10","5","5","2","15","2","9","1","1","C03","7","9","1","10","2","11","","12","12","1","12","4","120.696508","24.068547","2"
"5535","66000","387130000C","(04)23274275","(04)23288582","2026","1","14","8","0","臺中市","西區","0","1","0","7","3","6","50","4","2","1","5","4","6","6","4","4","10","5","5","2","16","2","9","1","1","C03","7","6","1","10","1","11","","84","84","1","6","4","120.656165","24.153835","2"
"5536","66000","387130000C","(04)23274275","(04)23288582","2026","1","14","8","1","臺中市","西屯區","0","0","0","7","","","50","","","","","","","","","","","","","","12","","","","","B03","","","1","","2","","","84","84","1","13","4","120.654333","24.171252","3"
"5537","66000","387130000C","(04)23274275","(04)23288582","2026","1","14","8","1","臺中市","西屯區","0","1","0","7","2","6","40","13","8","1","5","4","6","6","4","4","1","5","1","2","17","2","9","5","4","C03","7","9","1","10","2","14","","59","59","1","12","4","120.614419","24.18333","2"
"5538","66000","387130000C","(04)23274275","(04)23288582","2026","1","14","8","1","臺中市","太平區","0","1","0","7","2","6","50","3","1","1","5","4","6","6","4","4","1","4","5","2","16","3","10","3","1","B03","7","5","1","8","2","6","","14","14","1","13","4","120.711103","24.139833","2"
"5539","66000","387130000C","(04)23274275","(04)23288582","2026","1","14","8","3","臺中市","大里區","0","0","0","7","","","50","","","","","","","","","","","","","","13","","","","","C03","","","1","","2","","","7","7","1","13","4","120.687224","24.120922","3"
"5540","66000","387130000C","(04)23274275","(04)23288582","2026","1","14","8","4","臺中市","北屯區","0","1","0","7","1","6","50","4","2","1","5","4","6","6","1","1","5","4","5","2","12","3","10","1","1","C03","7","5","1","10","2","12","","20","20","1","13","4","120.695377","24.164938","2"
"5541","66000","387130000C","(04)23274275","(04)23288582","2026","1","14","8","5","臺中市","烏日區","0","1","0","7","2","6","50","4","1","1","5","4","6","6","1","1","1","4","5","1","18","2","9","1","1","C03","7","9","1","10","2","12","","84","84","1","6","4","120.646698","24.110348","2"
"5542","66000","387130000C","(04)23274275","(04)23288582","2026","1","14","8","8","臺中市","大里區","0","0","0","7","","","50","","","","","","","","","","","","","","17","","","","","B03","","","1","","2","","","8","8","1","6","4","120.714913","24.092747","3"
"5543","66000","387130000C","(04)23274275","(04)23288582","2026","1","14","8","10","臺中市","北屯區","0","0","0","7","","","50","","","","","","","","","","","","","","12","","","","","B02","","","1","","1","","","14","14","1","6","4","120.686981","24.177298","3"
"5544","66000","387130000C","(04)23274275","(04)23288582","2026","1","14","8","15","臺中市","南區","0","0","0","7","","","50","","","","","","","","","","","","","","13","","","","","B03","","","1","","2","","","7","7","1","12","4","120.648717","24.122644","3"
"5545","66000","387130000C","(04)23274275","(04)23288582","2026","1","14","8","15","臺中市","南區","0","1","0","7","2","6","50","13","9","1","5","4","6","6","4","4","1","5","5","2","13","2","9","2","1","C03","7","9","1","10","2","11","12","7","7","1","12","4","120.648827","24.122442","2"
"5546","66000","387130000C","(04)23274275","(04)23288582","2026","1","14","8","16","臺中市","龍井區","0","0","0","7","","","50","","","","","","","","","","","","","","13","","","","","B03","","","1","","2","","","59","59","1","6","4","120.574821","24.18146","3"
"5547","66000","387130000C","(04)23274275","(04)23288582","2026","1","14","8","16","臺中市","后里區","0","1","0","7","3","6","50","3","2","1","5","4","6","6","4","4","5","5","5","1","13","2","9","1","1","C03","7","9","1","10","2","11","","7","7","1","6","4","120.697103","24.301604","2"
"5548","66000","387130000C","(04)23274275","(04)23288582","2026","1","14","8","17","臺中市","南區","0","2","0","7","2","6","50","4","1","1","5","4","6","6","1","1","10","5","5","2","17","3","10","3","1","A02","7","9","1","2","1","1","","87","87","1","12","4","120.684951","24.129521","2"
"5549","66000","387130000C","(04)23274275","(04)23288582","2026","1","14","8","17","臺中市","南區","0","0","0","7","","","50","","","","","","","","","","","","","","12","","","","","B03","","","1","","1","","","84","84","1","12","4","120.650059","24.120652","3"
"5550","66000","387130000C","(04)23274275","(04)23288582","2026","1","14","8","18","臺中市","大雅區","0","0","0","7","","","40","","","","","","","","","","","","","","","","","","","C03","","","1","","1","","","7","7","1","13","4","120.626636","24.207029","3"
"5551","66000","387130000C","(04)23274275","(04)23288582","2026","1","14","8","20","臺中市","西屯區","0","0","0","7","","","30","","","","","","","","","","","","","","12","","","","","B03","","","1","","2","","","2","2","1","13","4","120.615316","24.188451","3"
"5552","66000","387130000C","(04)23274275","(04)23288582","2026","1","14","8","20","臺中市","大里區","0","1","0","7","2","6","50","3","1","1","5","4","6","6","4","4","3","4","5","2","13","3","10","2","1","C03","7","9","1","10","2","11","","8","8","1","6","4","120.691807","24.091362","2"
"5553","66000","387130000C","(04)23274275","(04)23288582","2026","1","14","8","23","臺中市","南屯區","0","0","0","7","","","50","","","","","","","","","","","","","","16","","","","","C03","","","1","","1","","","84","84","1","12","4","120.614169","24.139192","3"
"5554","66000","387130000C","(04)23274275","(04)23288582","2026","1","14","8","25","臺中市","南屯區","0","2","0","7","3","6","50","4","1","1","5","4","6","6","2","1","10","5","5","2","15","2","9","2","4","C03","7","9","1","10","2","11","","21","21","1","6","4","120.601113","24.14321","2"
"5555","66000","387130000C","(04)23274275","(04)23288582","2026","1","14","8","25","臺中市","北屯區","0","1","0","7","2","6","30","3","1","1","5","4","6","6","4","4","10","5","5","2","16","3","10","3","1","B03","7","6","1","8","2","1","","14","14","1","6","4","120.668281","24.179581","2"
"5556","66000","387130000C","(04)23274275","(04)23288582","2026","1","14","8","25","臺中市","西屯區","0","0","0","7","","","50","","","","","","","","","","","","","","12","","","","","B03","","","1","","1","","","8","8","1","13","4","120.659629","24.201115","3"
"5557","66000","387130000C","(04)23274275","(04)23288582","2026","1","14","8","25","臺中市","梧棲區","0","0","0","7","","","50","","","","","","","","","","","","","","12","","","","","B03","","","1","","2","","","8","8","1","12","4","120.544022","24.242613","3"
"5558","66000","387130000C","(04)23274275","(04)23288582","2026","1","14","8","25","臺中市","豐原區","0","0","0","7","2","6","50","13","9","1","5","4","6","6","4","4","10","5","5","2","14","3","10","3","1","B12","7","2","1","8","2","3","","49","49","1","12","4","120.710925","24.244095","3"
"5559","66000","387130000C","(04)23274275","(04)23288582","2026","1","14","8","28","臺中市","南屯區","0","2","0","7","3","6","50","13","9","1","5","4","6","6","1","1","5","2","5","2","12","2","9","1","1","C03","7","9","1","10","2","14","","8","8","1","12","4","120.649734","24.152428","2"
"5560","66000","387130000C","(04)23274275","(04)23288582","2026","1","14","8","29","臺中市","西屯區","0","0","0","7","","","50","","","","","","","","","","","","","","13","","","","","B03","","","1","","1","","","7","7","1","13","4","120.618728","24.184787","3"
"5561","66000","387130000C","(04)23274275","(04)23288582","2026","1","14","8","32","臺中市","南區","0","0","0","7","","","40","","","","","","","","","","","","","","12","","","","","B03","","","1","","1","","","84","84","1","13","4","120.660295","24.12026","3"
"5562","66000","387130000C","(04)23274275","(04)23288582","2026","1","14","8","35","臺中市","后里區","0","1","0","7","2","6","60","13","9","1","5","4","6","6","4","4","5","4","5","1","17","3","10","3","1","A12","7","9","1","7","2","6","","7","7","1","12","4","120.724657","24.32196","2"
"5563","66000","387130000C","(04)23274275","(04)23288582","2026","1","14","8","40","臺中市","大甲區","0","1","0","7","3","6","50","5","1","1","5","4","6","6","1","1","10","5","5","2","17","2","9","1","1","C03","7","9","1","10","2","14","","8","8","1","6","4","120.621997","24.344222","2"
"5564","66000","387130000C","(04)23274275","(04)23288582","2026","1","14","8","40","臺中市","新社區","0","2","0","7","2","6","50","4","1","1","5","4","6","6","4","4","10","5","5","2","12","2","9","1","1","C03","7","6","1","10","2","13","","48","48","1","12","4","120.807762","24.240239","2"
"5565","66000","387130000C","(04)23274275","(04)23288582","2026","1","14","8","43","臺中市","北屯區","0","0","0","7","","","30","","","","","","","","","","","","","","12","","","","","B03","","","1","8","1","","","84","84","1","6","4","120.72032","24.176699","3"
"5566","66000","387130000C","(04)23274275","(04)23288582","2026","1","14","8","43","臺中市","西屯區","0","0","0","7","","","50","","","","","","","","","","","","","","13","","","","","C03","","","1","","1","","","7","7","1","12","4","120.665595","24.168085","3"
"5567","66000","387130000C","(04)23274275","(04)23288582","2026","1","14","8","45","臺中市","北屯區","0","2","0","7","3","6","50","3","1","1","5","4","6","6","3","1","5","5","5","2","13","2","9","2","1","C03","7","9","1","10","2","11","","7","7","1","6","4","120.707401","24.173489","2"
"5568","66000","387130000C","(04)23274275","(04)23288582","2026","1","14","8","45","臺中市","烏日區","0","0","0","7","","3","80","","","","","","","","","","","","","","13","","","","","B12","","","1","","1","","","7","7","1","6","4","120.616521","24.107356","3"
"5569","66000","387130000C","(04)23274275","(04)23288582","2026","1","14","8","45","臺中市","神岡區","0","1","0","7","1","6","50","5","1","1","5","4","6","6","1","1","5","5","5","1","17","2","9","1","4","C03","7","12","1","10","2","12","","43","43","1","12","4","120.665258","24.273675","2"
"5570","66000","387130000C","(04)23274275","(04)23288582","2026","1","14","8","47","臺中市","太平區","0","2","0","7","2","6","30","4","1","1","5","4","6","6","4","4","10","5","5","2","15","2","8","2","1","F03","7","9","7","21","2","14","","12","12","1","12","4","120.724953","24.142914","2"
"5571","66000","387130000C","(04)23274275","(04)23288582","2026","1","14","8","48","臺中市","北區","0","0","0","7","","","50","","","","","","","","","","","","","","13","","","","","C03","","","1","","1","","","7","7","1","12","4","120.67289","24.168695","3"
"5572","66000","387130000C","(04)23274275","(04)23288582","2026","1","14","8","49","臺中市","南屯區","0","1","0","7","2","6","50","13","8","1","5","4","6","6","4","4","9","4","4","2","16","3","10","3","1","B03","7","6","1","8","2","8","","59","59","1","12","4","120.645609","24.132012","2"
"5573","66000","387130000C","(04)23274275","(04)23288582","2026","1","14","8","50","臺中市","東區","0","1","0","7","2","6","50","4","1","1","5","4","6","6","1","1","10","5","5","2","16","3","10","3","1","B03","7","5","1","8","2","8","","11","11","1","12","4","120.696201","24.14275","2"
"5574","66000","387130000C","(04)23274275","(04)23288582","2026","1","14","8","51","臺中市","西區","0","1","0","7","2","6","50","4","1","1","5","4","6","6","2","1","5","4","4","2","16","3","10","3","1","B03","7","6","1","8","2","6","","20","20","1","13","4","120.655126","24.1509","2"
"5575","66000","387130000C","(04)23274275","(04)23288582","2026","1","14","8","51","臺中市","大里區","0","1","0","7","3","6","60","13","8","1","5","4","6","6","4","4","3","4","4","1","13","2","9","5","4","C03","7","9","1","10","2","11","","7","7","1","13","4","120.669597","24.10369","2"
"5576","66000","387130000C","(04)23274275","(04)23288582","2026","1","14","8","51","臺中市","沙鹿區","0","0","0","7","","","60","","","","","","","","","","","","","","","","","","","A12","","","1","","1","","","40","40","1","6","4","120.606579","24.247056","3"
"5577","66000","387130000C","(04)23274275","(04)23288582","2026","1","14","8","53","臺中市","潭子區","0","2","0","7","3","6","50","4","1","1","5","4","6","6","1","1","5","4","4","2","17","2","9","2","1","C03","7","9","1","10","2","11","12","84","84","1","13","4","120.710912","24.229731","2"
"5578","66000","387130000C","(04)23274275","(04)23288582","2026","1","14","8","54","臺中市","潭子區","0","1","0","7","2","6","50","4","1","1","5","4","6","6","2","1","5","4","4","2","17","3","10","3","1","B03","7","11","1","8","2","6","","45","45","1","13","4","120.704349","24.211567","2"
"5579","66000","387130000C","(04)23274275","(04)23288582","2026","1","14","8","55","臺中市","南屯區","0","1","0","7","3","6","50","13","9","1","5","4","6","6","1","1","3","4","5","2","18","2","9","1","1","C03","7","9","1","10","2","14","","59","59","1","12","4","120.623707","24.145055","2"
"5580","66000","387130000C","(04)23274275","(04)23288582","2026","1","14","8","56","臺中市","烏日區","0","1","0","7","1","6","50","4","1","1","5","4","6","6","1","1","10","5","5","2","16","3","10","3","1","B03","7","5","1","8","2","5","","11","11","1","6","4","120.649056","24.093417","2"
"5581","66000","387130000C","(04)23274275","(04)23288582","2026","1","14","8","57","臺中市","南屯區","0","1","0","7","2","6","50","4","1","1","5","4","6","6","4","4","10","5","5","2","15","3","10","3","1","B03","7","9","1","8","2","1","","12","12","1","12","4","120.612922","24.147121","2"
"5582","66000","387130000C","(04)23274275","(04)23288582","2026","1","14","8","58","臺中市","大雅區","0","0","0","7","","","30","","","","","","","","","","","","","","","","","","","B03","","","1","","1","","","49","49","1","12","4","120.664304","24.211895","3"
"5583","66000","387130000C","(04)23274275","(04)23288582","2026","1","14","8","58","臺中市","大雅區","0","0","0","7","","","30","","","","","","","","","","","","","","","","","","","B12","","","1","","2","","","49","49","1","12","4","120.659236","24.23377","3"
"5584","66000","387130000C","(04)23274275","(04)23288582","2026","1","14","9","1","臺中市","北屯區","0","1","0","7","2","6","50","3","1","1","5","4","6","6","4","4","10","5","5","2","18","2","8","1","1","C03","7","12","1","10","9","12","","82","82","1","6","4","120.686935","24.18825","2"
"5585","66000","387130000C","(04)23274275","(04)23288582","2026","1","14","9","2","臺中市","北屯區","0","0","0","7","","","50","","","","","","","","","","","","","","","","","","","B03","","","1","","1","","","8","8","1","13","4","120.737319","24.161178","3"
"5586","66000","387130000C","(04)23274275","(04)23288582","2026","1","14","9","4","臺中市","太平區","0","1","0","7","2","6","50","13","7","1","5","4","6","6","4","4","5","5","4","2","12","3","10","3","1","B03","7","9","1","8","2","2","","8","8","1","13","4","120.717915","24.125688","2"
"5587","66000","387130000C","(04)23274275","(04)23288582","2026","1","14","9","5","臺中市","大甲區","0","1","0","7","3","6","50","3","1","1","5","4","6","6","2","1","10","5","5","2","17","3","10","5","4","B03","7","6","1","8","2","2","","11","11","1","6","4","120.6274","24.350852","2"
"5588","66000","387130000C","(04)23274275","(04)23288582","2026","1","14","9","7","臺中市","太平區","0","1","0","7","2","6","50","13","9","1","5","4","6","6","4","4","5","5","5","1","12","3","10","3","1","B03","7","9","1","8","1","5","","84","84","1","12","4","120.713925","24.125099","2"
"5589","66000","387130000C","(04)23274275","(04)23288582","2026","1","14","9","10","臺中市","西區","0","2","0","7","2","6","50","4","1","1","5","4","6","6","1","1","10","5","5","2","3","3","10","3","1","B03","7","6","1","8","2","1","","10","10","1","12","4","120.663045","24.146704","2"
"5590","66000","387130000C","(04)23274275","(04)23288582","2026","1","14","9","11","臺中市","東區","0","1","0","7","2","6","50","13","9","1","5","4","6","6","4","4","5","4","4","2","13","2","9","1","1","C03","7","9","1","10","2","11","","7","7","1","12","4","120.692393","24.140554","2"
"5591","66000","387130000C","(04)23274275","(04)23288582","2026","1","14","9","12","臺中市","豐原區","0","0","0","7","","","50","","","","","","","","","","","","","","17","","","","","B12","","","1","","1","","","40","40","1","12","4","120.719273","24.230367","3"
"5592","66000","387130000C","(04)23274275","(04)23288582","2026","1","14","9","13","臺中市","豐原區","0","1","0","7","2","6","50","3","1","1","5","4","6","6","4","4","5","5","4","2","16","3","10","2","1","C03","7","5","1","10","2","13","","47","47","1","6","4","120.720242","24.251718","2"
"5593","66000","387130000C","(04)23274275","(04)23288582","2026","1","14","9","19","臺中市","西屯區","0","0","0","7","","","60","","","","","","","","","","","","","","13","","","","","B02","","","3","","1","","","59","59","1","13","4","120.646882","24.164133","3"
"5594","66000","387130000C","(04)23274275","(04)23288582","2026","1","14","9","21","臺中市","北區","0","2","0","7","2","6","50","4","1","1","5","4","6","6","1","1","5","5","5","2","17","2","9","5","1","C03","7","9","1","10","2","14","","7","7","1","13","2","120.667949","24.16042","2"
"5595","66000","387130000C","(04)23274275","(04)23288582","2026","1","14","9","23","臺中市","北區","0","1","0","7","2","6","50","4","1","1","5","4","6","6","1","1","10","5","5","2","13","2","9","5","4","C03","7","15","1","10","2","12","","7","7","1","13","4","120.68487","24.160512","2"
"5596","66000","387130000C","(04)23274275","(04)23288582","2026","1","14","9","23","臺中市","北屯區","0","1","0","7","2","6","50","4","1","1","5","4","6","6","1","1","10","5","5","2","18","2","9","1","1","C03","7","12","1","10","2","12","","87","87","1","6","4","120.687039","24.168196","2"
"5597","66000","387130000C","(04)23274275","(04)23288582","2026","1","14","9","24","臺中市","南屯區","0","0","0","7","","","50","","","","","","","","","","","","","","12","","","","","B03","","","1","","2","","","87","87","1","6","4","120.652971","24.135608","4"
"5598","66000","387130000C","(04)23274275","(04)23288582","2026","1","14","9","24","臺中市","北屯區","0","1","0","7","2","6","50","4","9","1","5","4","6","6","2","1","10","4","5","2","12","3","10","2","1","C03","7","15","1","10","2","14","","42","42","1","6","4","120.685418","24.17086","2"
"5599","66000","387130000C","(04)23274275","(04)23288582","2026","1","14","9","28","臺中市","西區","0","1","0","7","2","6","50","3","1","1","5","4","6","6","4","4","10","5","5","2","15","2","9","2","1","C03","7","9","1","10","2","11","","15","15","1","12","4","120.65552","24.140746","2"
"5600","66000","387130000C","(04)23274275","(04)23288582","2026","1","14","9","35","臺中市","豐原區","0","1","0","7","2","6","50","4","9","1","5","4","6","6","2","1","5","5","5","1","17","3","10","1","1","C03","7","9","1","10","2","14","","4","4","1","12","4","120.702913","24.251506","2"
"5601","66000","387130000C","(04)23274275","(04)23288582","2026","1","14","9","43","臺中市","北區","0","0","0","7","3","6","50","3","1","1","5","4","6","6","4","4","10","5","5","2","17","","","","","B03","","","1","","2","","","7","7","1","13","4","120.694292","24.159293","3"
"5602","66000","387130000C","(04)23274275","(04)23288582","2026","1","14","9","44","臺中市","南區","0","0","0","7","","","50","","","","","","","","","","","","","","13","","","","","B03","","","1","","1","","","84","84","1","13","4","120.670038","24.126456","3"
"5603","66000","387130000C","(04)23274275","(04)23288582","2026","1","14","9","47","臺中市","太平區","0","0","0","7","","","30","","","","","","","","","","","","","","11","","","","","B03","","","1","","2","","","82","82","1","13","4","120.706427","24.154859","3"
"5604","66000","387130000C","(04)23274275","(04)23288582","2026","1","14","9","48","臺中市","東區","0","1","0","7","2","6","50","4","1","1","5","4","6","6","1","1","10","5","5","2","16","3","10","3","1","B12","7","5","1","8","2","2","","11","11","1","12","4","120.706613","24.136809","2"
"5605","66000","387130000C","(04)23274275","(04)23288582","2026","1","14","9","50","臺中市","南區","0","0","0","7","","","40","","","","","","","","","","","","","","14","","","","","B03","","","1","","2","","","49","49","1","12","4","120.666645","24.116854","3"
"5606","66000","387130000C","(04)23274275","(04)23288582","2026","1","14","9","50","臺中市","龍井區","0","2","0","7","2","6","50","4","1","1","5","4","6","6","4","4","5","5","5","1","15","2","9","3","1","B12","7","9","1","8","2","8","","6","6","1","6","4","120.53338","24.211669","2"
"5607","66000","387130000C","(04)23274275","(04)23288582","2026","1","14","9","50","臺中市","烏日區","0","0","0","7","","","50","","","","","","","","","","","","","","13","","","","","B03","","","1","","1","","","84","84","1","6","4","120.589771","24.112565","3"
"5608","66000","387130000C","(04)23274275","(04)23288582","2026","1","14","9","51","臺中市","西屯區","0","0","0","7","","","60","","","","","","","","","","","","","","12","","","","","B03","","","1","","1","","","40","40","1","13","4","120.638634","24.169929","3"
"5609","66000","387130000C","(04)23274275","(04)23288582","2026","1","14","9","55","臺中市","南屯區","0","2","0","7","1","6","50","13","7","1","5","4","6","6","4","4","5","4","4","2","3","2","9","2","1","C03","7","9","1","10","11","11","","10","10","1","12","4","120.637026","24.144478","2"
"5610","66000","387130000C","(04)23274275","(04)23288582","2026","1","14","9","55","臺中市","太平區","0","0","0","7","","","50","","","","","","","","","","","","","","16","","","","","C03","","","1","","1","","","48","48","1","12","4","120.723584","24.133887","3"
"5611","66000","387130000C","(04)23274275","(04)23288582","2026","1","14","9","56","臺中市","沙鹿區","0","1","0","7","2","6","30","4","1","1","5","4","6","6","4","4","10","5","5","2","17","3","10","3","1","B01","7","5","1","8","2","16","","14","14","1","6","4","120.565766","24.245871","2"
"5612","66000","387130000C","(04)23274275","(04)23288582","2026","1","14","9","56","臺中市","后里區","0","1","0","7","3","6","30","4","1","1","5","4","6","6","4","4","5","5","5","1","15","3","10","1","1","C03","7","9","1","10","2","12","","15","15","1","5","4","120.71965","24.306782","2"
"5613","66000","387130000C","(04)23274275","(04)23288582","2026","1","14","9","58","臺中市","大里區","0","2","0","7","2","6","50","13","9","1","5","4","6","6","4","4","5","4","4","1","2","2","9","1","1","C03","7","9","1","10","2","11","12","84","84","1","6","4","120.690024","24.109701","2"
"5614","66000","387130000C","(04)23274275","(04)23288582","2026","1","14","9","59","臺中市","北區","0","2","0","7","2","6","30","3","2","1","5","4","6","6","4","4","5","5","4","2","16","2","9","1","1","C03","7","6","1","10","2","12","","39","39","1","12","4","120.681247","24.159322","2"
"5615","66000","387130000C","(04)23274275","(04)23288582","2026","1","14","10","6","臺中市","太平區","0","1","0","7","2","6","50","3","1","1","5","4","6","6","4","4","10","5","5","2","15","3","10","2","1","C03","7","9","1","10","2","13","","20","20","1","13","4","120.716331","24.127568","2"
"5616","66000","387130000C","(04)23274275","(04)23288582","2026","1","14","10","7","臺中市","北區","0","2","0","7","2","6","40","13","8","1","5","4","6","6","4","4","5","4","4","2","17","2","9","5","1","C03","7","9","1","10","2","11","","59","59","1","13","4","120.686051","24.159162","2"
"5617","66000","387130000C","(04)23274275","(04)23288582","2026","1","14","10","12","臺中市","北屯區","0","0","0","7","","","50","","","","","","","","","","","","","","12","","","","","C03","","","1","10","1","","","84","84","1","6","4","120.703836","24.174427","4"
"5618","66000","387130000C","(04)23274275","(04)23288582","2026","1","14","10","22","臺中市","西區","0","1","0","7","3","6","40","13","8","1","5","4","6","6","4","4","1","2","4","2","12","3","10","3","1","B03","7","13","1","8","2","4","","76","76","1","6","4","120.668261","24.142497","2"
"5619","66000","387130000C","(04)23274275","(04)23288582","2026","1","14","10","23","臺中市","南屯區","0","0","0","7","","","50","","","","","","","","","","","","","","","","","","","B03","","","1","","1","","","59","59","1","12","4","120.646604","24.14907","3"
"5620","66000","387130000C","(04)23274275","(04)23288582","2026","1","14","10","25","臺中市","南區","0","2","0","7","3","6","50","5","9","1","5","4","6","6","1","1","5","5","5","2","10","2","9","5","4","C03","7","15","1","10","1","14","","4","4","1","12","4","120.660328","24.124544","2"
"5621","66000","387130000C","(04)23274275","(04)23288582","2026","1","14","10","29","臺中市","烏日區","0","1","0","7","3","6","30","4","1","1","5","4","6","6","4","4","10","5","5","1","16","3","10","3","1","B03","7","6","1","8","2","1","","14","14","1","6","4","120.658098","24.055644","2"
"5622","66000","387130000C","(04)23274275","(04)23288582","2026","1","14","10","30","臺中市","大雅區","0","1","0","7","1","6","70","13","9","1","5","4","6","6","4","4","1","5","5","1","17","2","9","1","1","C03","7","9","1","10","2","12","","85","85","1","12","4","120.644435","24.226943","2"
"5623","66000","387130000C","(04)23274275","(04)23288582","2026","1","14","10","30","臺中市","北屯區","0","1","0","7","3","6","50","4","1","1","5","4","6","6","4","4","10","5","5","2","13","2","9","2","1","C02","7","9","1","9","2","11","","7","7","1","6","4","120.698276","24.18377","2"
"5624","66000","387130000C","(04)23274275","(04)23288582","2026","1","14","10","31","臺中市","太平區","0","0","0","7","","","50","","","","","","","","","","","","","","13","","","","","B12","","","1","","2","","","7","7","1","12","4","120.71213","24.144918","3"
"5625","66000","387130000C","(04)23274275","(04)23288582","2026","1","14","10","32","臺中市","北屯區","0","0","0","7","","","50","","","","","","","","","","","","","","17","","","","","B03","","","1","","2","","","51","51","1","6","4","120.686163","24.178729","3"
"5626","66000","387130000C","(04)23274275","(04)23288582","2026","1","14","10","36","臺中市","大里區","0","1","0","7","3","6","50","4","1","1","5","4","6","6","1","1","10","5","5","2","15","2","9","1","1","C04","7","1","1","10","2","12","","51","51","1","12","4","120.701187","24.100229","2"
"5627","66000","387130000C","(04)23274275","(04)23288582","2026","1","14","10","37","臺中市","豐原區","0","0","0","7","","","30","","","","","","","","","","","","","","17","","","","","B03","","","1","","2","","","8","8","1","6","4","120.731825","24.255872","3"
"5628","66000","387130000C","(04)23274275","(04)23288582","2026","1","14","10","39","臺中市","大里區","0","2","0","7","2","6","40","13","9","1","5","4","6","6","4","4","5","5","4","2","17","2","8","2","1","C03","7","9","1","10","2","11","","84","84","1","6","4","120.697533","24.094896","2"
"5629","66000","387130000C","(04)23274275","(04)23288582","2026","1","14","10","44","臺中市","南區","0","3","0","7","2","6","50","4","1","1","5","4","6","6","2","1","5","4","5","1","15","2","9","2","1","C03","7","9","1","10","2","11","","21","21","1","13","4","120.666768","24.11779","2"
"5630","66000","387130000C","(04)23274275","(04)23288582","2026","1","14","10","53","臺中市","南屯區","0","0","0","7","","","50","","","","","","","","","","","","","","12","","","","","B03","","","1","","1","","","84","84","1","12","4","120.643934","24.133373","3"
"5631","66000","387130000C","(04)23274275","(04)23288582","2026","1","14","10","57","臺中市","神岡區","0","1","0","7","2","6","30","3","1","1","5","4","6","6","4","4","10","5","5","1","17","3","10","5","4","B12","7","6","1","8","2","8","","14","14","1","13","4","120.67413","24.249961","2"
"5632","66000","387130000C","(04)23274275","(04)23288582","2026","1","14","10","58","臺中市","西屯區","0","0","0","7","","","60","","","","","","","","","","","","","","16","","","","","B03","","","1","","1","","","39","39","1","12","4","120.638824","24.169547","3"
"5633","66000","387130000C","(04)23274275","(04)23288582","2026","1","14","11","0","臺中市","北屯區","0","1","0","7","1","6","50","3","2","1","5","4","6","6","3","1","5","4","5","2","18","2","9","1","1","C03","7","9","1","10","2","12","","84","84","1","13","4","120.713686","24.165954","2"
"5634","66000","387130000C","(04)23274275","(04)23288582","2026","1","14","11","0","臺中市","太平區","0","0","0","7","","","50","","","","","","","","","","","","","","17","","","","","B03","","","1","","2","","","51","51","1","13","4","120.711198","24.158978","3"
"5635","66000","387130000C","(04)23274275","(04)23288582","2026","1","14","11","2","臺中市","沙鹿區","0","1","0","7","2","6","50","4","1","1","5","4","6","6","4","4","10","5","5","2","13","4","11","1","1","C03","7","9","1","10","2","11","","7","7","1","13","4","120.564139","24.242797","2"
"5636","66000","387130000C","(04)23274275","(04)23288582","2026","1","14","11","8","臺中市","北屯區","0","1","0","7","2","6","30","4","1","1","5","4","6","6","4","4","10","5","5","2","16","2","9","2","1","C03","7","9","1","10","2","14","","12","12","1","6","4","120.687636","24.205589","2"