序號,縣市別代碼,機關代碼,市話,傳真,年,月,日,時,分,縣市,區,死亡數量,受傷數量,2-30,天候,道路照明設備,道路類別,道路速限,道路型態,事故位置,路面鋪裝,路面狀態,路面缺陷,障礙物,視距,號誌種類,號誌動作,分向設施,快車道或一般車道間,快慢車道間,路面邊線,事故類型及型態,受傷程度,主要傷處,保護裝備,行動電話或功能裝置,當事者區分(類別),車輛用途,當事者行動狀態,駕照狀態,駕照種類,飲酒情形,車輛撞擊部位最初,車輛撞擊部位其他,肇事因素個別,肇事因素主要,肇事逃逸,職業,共享經濟或外送平台,GPS座標X,GPS座標Y,事故類別
"5637","66000","387130000C","(04)23274275","(04)23288582","2026","1","14","11","10","臺中市","西屯區","0","0","0","7","","","50","","","","","","","","","","","","","","13","","","","","C03","","","1","","9","","","85","85","1","12","4","120.604227","24.185258","3"
"5638","66000","387130000C","(04)23274275","(04)23288582","2026","1","14","11","12","臺中市","北屯區","0","0","0","7","","","50","","","","","","","","","","","","","","13","","","","","B03","","","1","","1","","","58","58","1","6","4","120.727133","24.166858","3"
"5639","66000","387130000C","(04)23274275","(04)23288582","2026","1","14","11","15","臺中市","沙鹿區","0","1","0","7","2","6","50","13","7","1","5","4","6","6","4","4","1","4","4","2","12","3","10","3","1","B12","7","9","1","8","2","2","","1","1","1","6","4","120.567777","24.226769","2"
"5640","66000","387130000C","(04)23274275","(04)23288582","2026","1","14","11","19","臺中市","南屯區","0","0","0","7","3","6","50","13","9","1","5","4","6","6","1","1","5","5","5","2","17","","","","","B03","","","1","","1","","","85","85","1","12","4","120.648239","24.132039","3"
"5641","66000","387130000C","(04)23274275","(04)23288582","2026","1","14","11","20","臺中市","太平區","0","1","0","7","2","6","30","4","1","1","5","4","6","6","4","4","10","5","5","2","15","3","10","2","1","C03","7","9","1","10","2","12","","15","15","1","12","4","120.723721","24.141146","2"
"5642","66000","387130000C","(04)23274275","(04)23288582","2026","1","14","11","21","臺中市","新社區","0","1","0","7","2","6","50","3","1","1","5","4","6","6","4","4","10","5","5","1","12","3","10","1","1","C03","7","15","1","10","9","11","","84","84","2","12","4","120.797505","24.202982","2"
"5643","66000","387130000C","(04)23274275","(04)23288582","2026","1","14","11","22","臺中市","潭子區","0","1","0","7","2","6","60","3","2","1","5","4","6","6","4","4","1","4","4","1","17","3","10","3","1","B03","7","5","1","8","2","5","","14","14","1","13","4","120.705087","24.208483","2"
"5644","66000","387130000C","(04)23274275","(04)23288582","2026","1","14","11","22","臺中市","沙鹿區","0","0","0","7","","","50","","","","","","","","","","","","","","17","","","","","B03","","","1","","2","","","7","7","1","6","4","120.569942","24.244304","3"
"5645","66000","387130000C","(04)23274275","(04)23288582","2026","1","14","11","23","臺中市","東區","0","0","0","7","","","50","","","","","","","","","","","","","","13","","","","","B03","","","1","","2","","","7","7","1","12","4","120.68777","24.140101","3"
"5646","66000","387130000C","(04)23274275","(04)23288582","2026","1","14","11","24","臺中市","潭子區","0","1","0","7","3","6","50","4","1","1","5","4","6","6","3","1","10","5","5","2","15","2","9","2","1","C03","7","9","1","10","2","11","","24","24","1","13","4","120.704233","24.210825","2"
"5647","66000","387130000C","(04)23274275","(04)23288582","2026","1","14","11","25","臺中市","和平區","0","0","0","7","","","30","","","","","","","","","","","","","","11","","","","","B12","","","1","","2","","","8","8","1","13","4","121.27484","24.296201","3"
"5648","66000","387130000C","(04)23274275","(04)23288582","2026","1","14","11","26","臺中市","北屯區","0","0","0","7","","","50","","","","","","","","","","","","","","12","","","","","B12","","","1","5","2","","","35","35","1","6","4","120.692847","24.16292","3"
"5649","66000","387130000C","(04)23274275","(04)23288582","2026","1","14","11","30","臺中市","南區","0","1","0","6","2","6","50","4","1","1","5","4","6","6","1","1","3","4","4","2","17","2","1","3","1","B03","7","15","1","8","2","4","","8","8","1","12","4","120.653164","24.122641","2"
"5650","66000","387130000C","(04)23274275","(04)23288582","2026","1","14","11","30","臺中市","烏日區","0","0","0","7","","","50","","","","","","","","","","","","","","9","","","","","B03","","","1","","1","","","39","39","1","6","4","120.616844","24.116186","3"
"5651","66000","387130000C","(04)23274275","(04)23288582","2026","1","14","11","31","臺中市","梧棲區","0","1","0","7","2","6","40","4","1","1","5","4","6","6","1","1","10","5","5","2","16","3","10","3","1","B03","7","5","1","8","2","2","","84","84","1","12","4","120.546643","24.245984","2"
"5652","66000","387130000C","(04)23274275","(04)23288582","2026","1","14","11","34","臺中市","西區","0","2","0","7","2","6","50","3","1","1","5","4","6","6","3","1","7","5","5","2","16","2","7","1","1","C04","7","6","1","8","2","16","","48","48","1","13","4","120.662433","24.161712","2"
"5653","66000","387130000C","(04)23274275","(04)23288582","2026","1","14","11","37","臺中市","南屯區","0","1","0","7","3","6","50","4","4","1","5","4","6","6","2","1","5","4","5","2","13","2","8","2","4","C03","7","9","1","10","2","11","","7","7","1","6","4","120.654832","24.140211","2"
"5654","66000","387130000C","(04)23274275","(04)23288582","2026","1","14","11","37","臺中市","西屯區","0","0","0","7","","","50","","","","","","","","","","","","","","16","","","","","C03","","","1","","2","","","12","12","1","12","4","120.64968","24.164174","3"
"5655","66000","387130000C","(04)23274275","(04)23288582","2026","1","14","11","38","臺中市","大里區","0","1","0","6","3","6","50","13","9","1","5","4","6","6","4","4","5","5","4","2","13","3","10","1","1","C03","7","11","1","10","2","13","","65","65","1","12","4","120.681878","24.10951","2"
"5656","66000","387130000C","(04)23274275","(04)23288582","2026","1","14","11","39","臺中市","北屯區","0","0","0","7","","","50","","","","","","","","","","","","","","","","","","","B12","","","1","","9","","","49","49","1","13","4","120.725891","24.162336","3"
"5657","66000","387130000C","(04)23274275","(04)23288582","2026","1","14","11","39","臺中市","沙鹿區","0","0","0","7","","","50","","","","","","","","","","","","","","14","","","","","B03","","","1","","1","","","49","49","1","12","4","120.562454","24.239624","3"
"5658","66000","387130000C","(04)23274275","(04)23288582","2026","1","14","11","45","臺中市","北屯區","0","1","0","7","3","6","50","13","7","1","5","4","6","6","4","4","1","4","4","2","13","3","10","3","1","B12","7","9","1","8","2","1","","84","84","1","6","4","120.686316","24.194901","2"
"5659","66000","387130000C","(04)23274275","(04)23288582","2026","1","14","11","45","臺中市","清水區","0","2","0","7","3","6","50","4","1","1","5","4","6","6","1","1","1","4","4","2","17","3","10","3","1","B03","7","5","1","8","2","6","","11","11","1","12","4","120.576642","24.272318","2"
"5660","66000","387130000C","(04)23274275","(04)23288582","2026","1","14","11","46","臺中市","西屯區","0","0","0","7","","","30","","","","","","","","","","","","","","14","","","","","B03","","","1","","1","","","49","49","1","13","4","120.605804","24.188453","3"
"5661","66000","387130000C","(04)23274275","(04)23288582","2026","1","14","11","46","臺中市","霧峰區","0","2","0","7","2","6","50","3","1","1","5","4","6","6","4","4","10","5","5","2","17","2","9","2","1","C04","7","6","3","19","2","12","","20","20","1","6","4","120.698311","24.067568","2"
"5662","66000","387130000C","(04)23274275","(04)23288582","2026","1","14","11","47","臺中市","沙鹿區","0","0","0","7","","","50","","","","","","","","","","","","","","17","","","","","B03","","","1","","1","","","49","49","1","6","4","120.561649","24.240805","3"
"5663","66000","387130000C","(04)23274275","(04)23288582","2026","1","14","11","48","臺中市","沙鹿區","0","0","0","7","","","50","","","","","","","","","","","","","","","","","","","B12","","","1","","2","","","54","54","1","6","4","120.563604","24.244617","3"
"5664","66000","387130000C","(04)23274275","(04)23288582","2026","1","14","11","49","臺中市","北區","0","0","0","7","","","50","","","","","","","","","","","","","","17","","","","","C03","","","6","","1","","","85","85","1","13","4","120.682472","24.152539","4"
"5665","66000","387130000C","(04)23274275","(04)23288582","2026","1","14","11","53","臺中市","西屯區","0","0","0","7","","","40","","","","","","","","","","","","","","12","","","","","B12","","","1","","1","","","8","8","1","13","4","120.66485","24.178294","3"
"5666","66000","387130000C","(04)23274275","(04)23288582","2026","1","14","11","55","臺中市","大雅區","0","1","0","7","3","6","50","3","2","1","5","4","6","6","4","4","5","2","5","1","17","2","9","1","1","C03","7","6","1","10","2","12","","48","48","1","12","4","120.64913","24.2249","2"
"5667","66000","387130000C","(04)23274275","(04)23288582","2026","1","14","11","58","臺中市","沙鹿區","0","0","0","7","","","50","","","","","","","","","","","","","","17","","","","","C03","","","1","","2","","","50","50","1","6","4","120.55785","24.234712","3"
"5668","66000","387130000C","(04)23274275","(04)23288582","2026","1","14","11","59","臺中市","北屯區","0","1","0","7","2","6","50","13","9","1","5","4","6","6","4","4","9","4","5","2","17","2","9","1","1","C03","7","8","1","10","2","15","","40","40","1","6","4","120.691996","24.164986","2"
"5669","66000","387130000C","(04)23274275","(04)23288582","2026","1","14","12","2","臺中市","大雅區","0","1","0","7","3","6","30","3","1","1","5","4","6","6","4","4","10","5","5","2","16","3","10","3","1","B03","7","6","1","8","2","1","","20","20","1","13","4","120.62963","24.239455","2"
"5670","66000","387130000C","(04)23274275","(04)23288582","2026","1","14","12","3","臺中市","潭子區","0","2","0","7","3","6","50","4","1","1","5","4","6","6","2","1","1","2","5","2","13","2","9","2","1","C03","7","9","1","8","2","11","","7","7","1","13","4","120.688127","24.216193","2"
"5671","66000","387130000C","(04)23274275","(04)23288582","2026","1","14","12","3","臺中市","潭子區","0","0","0","7","","","30","","","","","","","","","","","","","","","","","","","A11","","","1","","2","","","49","49","1","13","4","120.705592","24.2067","3"
"5672","66000","387130000C","(04)23274275","(04)23288582","2026","1","14","12","3","臺中市","西屯區","0","1","0","7","2","6","50","13","9","1","5","4","6","6","4","4","4","4","5","2","3","2","9","6","5","H01","8","16","7","21","10","16","","95","95","1","13","5","120.660555","24.162495","2"
"5673","66000","387130000C","(04)23274275","(04)23288582","2026","1","14","12","7","臺中市","大肚區","0","0","0","7","","","60","","","","","","","","","","","","","","13","","","","","B03","","","1","","2","","","7","7","1","12","4","120.545158","24.16122","3"
"5674","66000","387130000C","(04)23274275","(04)23288582","2026","1","14","12","8","臺中市","梧棲區","0","0","0","7","","","50","","","","","","","","","","","","","","16","","","","","B03","","","1","","2","","","11","11","1","12","4","120.528716","24.25453","3"
"5675","66000","387130000C","(04)23274275","(04)23288582","2026","1","14","12","10","臺中市","大雅區","0","2","0","7","3","6","50","13","9","1","5","4","6","6","4","4","5","2","5","1","17","2","9","1","1","C03","7","5","1","10","2","12","","85","85","1","12","4","120.668185","24.217985","2"
"5676","66000","387130000C","(04)23274275","(04)23288582","2026","1","14","12","10","臺中市","北屯區","0","1","0","7","3","6","0","13","8","1","5","4","6","6","4","4","1","4","4","2","12","3","10","4","1","F01","7","1","7","21","1","11","","51","51","1","6","4","120.702036","24.184766","2"
"5677","66000","387130000C","(04)23274275","(04)23288582","2026","1","14","12","10","臺中市","大里區","0","0","0","7","","","30","","","","","","","","","","","","","","","","","","","B03","","","1","","1","","","49","49","1","13","4","120.713004","24.08391","3"
"5678","66000","387130000C","(04)23274275","(04)23288582","2026","1","14","12","13","臺中市","龍井區","0","0","0","7","","","50","","","","","","","","","","","","","","17","","","","","B03","","","1","","9","","","51","51","1","6","4","120.583801","24.180919","3"
"5679","66000","387130000C","(04)23274275","(04)23288582","2026","1","14","12","15","臺中市","北屯區","0","0","0","7","","","50","","","","","","","","","","","","","","17","","","","","C03","","","1","","1","","","59","59","1","5","4","120.679908","24.174059","3"
"5680","66000","387130000C","(04)23274275","(04)23288582","2026","1","14","12","16","臺中市","清水區","0","1","0","7","3","6","50","5","1","1","5","4","6","6","2","1","5","5","4","2","16","3","10","1","1","C03","7","6","1","10","2","13","","11","11","1","12","4","120.556848","24.266306","2"
"5681","66000","387130000C","(04)23274275","(04)23288582","2026","1","14","12","23","臺中市","西屯區","0","1","0","7","1","6","50","13","9","1","5","4","6","6","4","4","9","5","5","2","16","3","10","3","1","B12","7","6","1","5","1","8","","59","59","1","12","4","120.643745","24.200888","2"
"5682","66000","387130000C","(04)23274275","(04)23288582","2026","1","14","12","24","臺中市","后里區","0","2","0","7","2","6","50","13","9","1","5","4","6","6","4","4","9","4","5","1","17","3","10","3","1","B11","7","1","1","8","2","7","","51","51","1","12","4","120.72969","24.331621","2"
"5683","66000","387130000C","(04)23274275","(04)23288582","2026","1","14","12","25","臺中市","北屯區","0","0","0","7","","","50","","","","","","","","","","","","","","14","","","","","B03","","","1","","2","","","50","50","1","6","4","120.659025","24.190973","3"
"5684","66000","387130000C","(04)23274275","(04)23288582","2026","1","14","12","30","臺中市","西區","0","0","0","7","","","50","","","","","","","","","","","","","","13","","","","","B03","","","1","","2","","","7","7","1","12","4","120.657385","24.150643","3"
"5685","66000","387130000C","(04)23274275","(04)23288582","2026","1","14","12","32","臺中市","南屯區","0","0","0","7","","","50","","","","","","","","","","","","","","","","","","","B03","","","1","","2","","","8","8","1","12","4","120.6394","24.142057","3"
"5686","66000","387130000C","(04)23274275","(04)23288582","2026","1","14","12","34","臺中市","豐原區","0","2","0","7","2","6","50","4","1","1","5","4","6","6","4","4","10","5","5","2","16","2","9","1","1","C03","7","6","1","10","2","14","","13","13","1","12","4","120.722247","24.256792","2"
"5687","66000","387130000C","(04)23274275","(04)23288582","2026","1","14","12","35","臺中市","南屯區","0","1","0","7","2","6","50","4","2","1","5","4","6","6","2","1","5","4","5","2","12","2","9","1","1","C03","7","9","1","10","2","11","","84","84","1","12","4","120.630863","24.138657","2"
"5688","66000","387130000C","(04)23274275","(04)23288582","2026","1","14","12","36","臺中市","烏日區","0","1","0","7","1","6","50","13","7","1","5","4","6","6","4","4","1","4","4","1","13","3","10","2","1","C03","7","9","1","10","2","11","","7","7","1","6","4","120.636508","24.107352","2"
"5689","66000","387130000C","(04)23274275","(04)23288582","2026","1","14","12","37","臺中市","西區","0","2","0","7","3","6","50","4","1","1","5","4","6","6","4","4","10","5","5","2","16","2","9","1","1","C03","7","5","1","10","2","14","","84","84","1","6","4","120.67256","24.151589","2"
"5690","66000","387130000C","(04)23274275","(04)23288582","2026","1","14","12","40","臺中市","外埔區","0","1","0","7","2","6","50","3","9","1","5","4","6","6","4","4","9","5","5","1","16","3","10","3","1","B03","7","6","1","8","2","1","","14","14","1","12","4","120.67447","24.33125","2"
"5691","66000","387130000C","(04)23274275","(04)23288582","2026","1","14","12","40","臺中市","和平區","0","0","0","7","1","6","50","13","9","1","5","4","6","6","4","4","10","3","5","1","16","3","10","3","1","B03","","","1","8","2","5","2","83","83","1","13","4","120.870023","24.169871","3"
"5692","66000","387130000C","(04)23274275","(04)23288582","2026","1","14","12","42","臺中市","南區","0","1","0","7","2","6","50","3","1","1","5","4","6","6","4","4","1","4","5","2","16","3","10","2","1","C03","7","5","1","10","1","15","","85","85","1","13","4","120.660465","24.126614","2"
"5693","66000","387130000C","(04)23274275","(04)23288582","2026","1","14","12","42","臺中市","西屯區","0","0","0","7","","","50","","","","","","","","","","","","","","13","","","","","C03","","","1","","1","","","7","7","1","13","4","120.643951","24.171458","3"
"5694","66000","387130000C","(04)23274275","(04)23288582","2026","1","14","12","45","臺中市","東區","0","0","0","7","","","50","","","","","","","","","","","","","","12","","","","","A11","","","1","1","1","","","8","8","1","12","4","120.710617","24.142374","3"
"5695","66000","387130000C","(04)23274275","(04)23288582","2026","1","14","12","48","臺中市","大雅區","0","0","0","7","","","","","","","","","","","","","","","","","","","","","","","","","","","","","","49","49","1","","","120.664881","24.236033","3"
"5696","66000","387130000C","(04)23274275","(04)23288582","2026","1","14","12","48","臺中市","北屯區","0","1","0","7","2","6","50","13","9","1","5","4","6","6","4","4","9","4","4","2","13","2","9","1","1","C03","7","9","1","10","2","11","","7","7","1","6","4","120.690312","24.178058","2"
"5697","66000","387130000C","(04)23274275","(04)23288582","2026","1","14","13","0","臺中市","北屯區","0","1","0","7","3","6","30","13","9","1","5","4","6","6","4","4","10","5","5","2","12","2","9","2","1","F03","7","9","7","21","2","12","","84","84","1","12","4","120.711714","24.173408","2"
"5698","66000","387130000C","(04)23274275","(04)23288582","2026","1","14","13","1","臺中市","北屯區","0","0","0","7","","","","","","","","","","","","","","","","","","","","","","","","","","","","","","119","119","1","","","120.72923","24.161833","3"
"5699","66000","387130000C","(04)23274275","(04)23288582","2026","1","14","13","2","臺中市","北屯區","0","2","0","7","2","6","50","3","1","1","5","4","6","6","4","4","10","5","5","2","17","2","8","2","1","C03","7","1","1","10","2","11","","51","51","1","6","4","120.701602","24.169923","2"
"5700","66000","387130000C","(04)23274275","(04)23288582","2026","1","14","13","3","臺中市","豐原區","0","1","0","7","2","6","30","4","1","1","5","4","6","6","4","4","5","5","4","2","15","3","10","1","1","C03","7","9","1","10","2","12","","13","13","1","12","4","120.716613","24.252299","2"
"5701","66000","387130000C","(04)23274275","(04)23288582","2026","1","14","13","12","臺中市","北區","0","0","0","7","","","50","","","","","","","","","","","","","","13","","","","","B03","","","1","","1","","","7","7","1","12","4","120.684952","24.163958","3"
"5702","66000","387130000C","(04)23274275","(04)23288582","2026","1","14","13","12","臺中市","大甲區","0","0","0","7","","","50","","","","","","","","","","","","","","","","","","","C03","","","1","","1","","","7","7","1","6","4","120.620888","24.341876","3"
"5703","66000","387130000C","(04)23274275","(04)23288582","2026","1","14","13","14","臺中市","西區","0","3","0","7","2","6","40","5","1","1","5","4","6","6","2","1","1","2","1","2","13","2","9","1","1","C03","7","9","1","10","2","11","","7","7","1","13","4","120.669417","24.151004","2"
"5704","66000","387130000C","(04)23274275","(04)23288582","2026","1","14","13","15","臺中市","西屯區","0","0","0","7","","","30","","","","","","","","","","","","","","14","","","","","B03","","","1","","1","","","49","49","1","12","4","120.652651","24.174128","3"
"5705","66000","387130000C","(04)23274275","(04)23288582","2026","1","14","13","20","臺中市","中區","0","0","0","7","","","50","","","","","","","","","","","","","","17","","","","","B01","","","1","","9","","","49","49","1","13","4","120.681723","24.137499","3"
"5706","66000","387130000C","(04)23274275","(04)23288582","2026","1","14","13","21","臺中市","太平區","0","0","0","7","","3","40","","","","","","","","","","","","","","13","","","","","B03","","","1","","2","","","7","7","1","13","4","120.709654","24.134726","3"
"5707","66000","387130000C","(04)23274275","(04)23288582","2026","1","14","13","24","臺中市","西區","0","2","0","7","1","6","50","13","9","1","5","4","6","6","1","1","10","5","5","1","17","2","9","5","4","C03","7","9","1","10","2","11","","84","84","1","12","4","120.676978","24.14047","2"
"5708","66000","387130000C","(04)23274275","(04)23288582","2026","1","14","13","26","臺中市","南區","0","1","0","7","3","6","50","4","1","1","5","4","6","6","1","1","10","5","5","2","16","3","10","5","4","B02","7","5","1","8","2","5","","84","84","1","12","4","120.679224","24.126376","2"
"5709","66000","387130000C","(04)23274275","(04)23288582","2026","1","14","13","30","臺中市","豐原區","0","0","0","7","","","50","","","","","","","","","","","","","","18","","","","","C03","","","1","","1","","","59","59","1","6","4","120.721863","24.256477","4"
"5710","66000","387130000C","(04)23274275","(04)23288582","2026","1","14","13","35","臺中市","西屯區","0","1","0","7","2","6","50","4","4","1","5","4","6","6","2","1","10","5","5","2","13","3","10","5","4","B03","7","9","1","8","2","5","","59","59","1","12","4","120.621989","24.183406","2"
"5711","66000","387130000C","(04)23274275","(04)23288582","2026","1","14","13","38","臺中市","西區","0","2","0","7","2","6","50","3","1","1","5","4","6","6","4","4","8","5","5","2","16","2","9","2","1","C03","7","6","1","10","1","14","","14","14","1","12","4","120.655073","24.149937","2"
"5712","66000","387130000C","(04)23274275","(04)23288582","2026","1","14","13","40","臺中市","太平區","0","0","0","7","","","50","","","","","","","","","","","","","","17","","","","","B03","","","1","","2","","","51","51","2","13","4","120.716152","24.155717","3"
"5713","66000","387130000C","(04)23274275","(04)23288582","2026","1","14","13","41","臺中市","北區","0","1","0","7","2","6","50","4","1","1","5","4","6","6","1","1","5","5","5","2","17","3","10","5","1","B02","7","6","1","8","1","4","","20","20","1","13","4","120.677176","24.165176","2"
"5714","66000","387130000C","(04)23274275","(04)23288582","2026","1","14","13","49","臺中市","北屯區","0","0","0","7","","","30","","","","","","","","","","","","","","14","","","","","B03","","","1","","1","","","49","49","1","6","4","120.740184","24.18102","3"
"5715","66000","387130000C","(04)23274275","(04)23288582","2026","1","14","13","51","臺中市","東勢區","0","0","0","7","","","30","","","","","","","","","","","","","","","","","","","B03","","","1","","2","","","84","84","1","12","4","120.869709","24.230283","3"
"5716","66000","387130000C","(04)23274275","(04)23288582","2026","1","14","13","53","臺中市","太平區","0","0","0","7","","","50","","","","","","","","","","","","","","17","","","","","A12","","","1","","2","","","51","51","1","13","4","120.713377","24.141827","3"
"5717","66000","387130000C","(04)23274275","(04)23288582","2026","1","14","13","56","臺中市","南區","0","1","0","7","2","6","50","4","1","1","5","4","6","6","2","1","5","5","4","2","12","2","9","2","1","C03","7","9","1","10","2","11","","84","84","1","13","4","120.660136","24.125886","2"
"5718","66000","387130000C","(04)23274275","(04)23288582","2026","1","14","13","56","臺中市","西屯區","0","0","0","7","","","40","","","","","","","","","","","","","","17","","","","","B02","","","1","","1","","","45","45","1","13","4","120.644251","24.194815","3"
"5719","66000","387130000C","(04)23274275","(04)23288582","2026","1","14","13","58","臺中市","西區","0","1","0","7","3","6","50","4","1","1","5","4","6","6","1","1","10","5","5","2","16","3","10","3","1","B03","7","6","1","8","2","1","","11","11","1","6","4","120.675473","24.141775","2"
"5720","66000","387130000C","(04)23274275","(04)23288582","2026","1","14","14","5","臺中市","沙鹿區","0","2","0","7","2","6","50","3","1","1","5","4","6","6","1","1","10","5","5","2","17","2","8","2","1","C03","7","9","1","10","2","11","","21","21","1","6","4","120.556135","24.220955","2"
"5721","66000","387130000C","(04)23274275","(04)23288582","2026","1","14","14","6","臺中市","北區","0","0","0","7","","","50","","","","","","","","","","","","","","13","","","","","B03","","","1","","2","","","59","59","1","13","4","120.67631","24.158896","3"
"5722","66000","387130000C","(04)23274275","(04)23288582","2026","1","14","14","10","臺中市","西屯區","0","0","0","7","","","40","","","","","","","","","","","","","","17","","","","","B03","","","1","","1","","","50","50","1","13","4","120.657189","24.195046","3"
"5723","66000","387130000C","(04)23274275","(04)23288582","2026","1","14","14","10","臺中市","大里區","0","1","0","7","2","6","50","13","9","1","5","4","6","6","4","4","9","5","5","1","17","2","9","2","1","C03","7","4","1","10","2","14","","84","84","1","13","4","120.711227","24.091305","2"
"5724","66000","387130000C","(04)23274275","(04)23288582","2026","1","14","14","18","臺中市","西屯區","0","1","0","7","2","6","50","4","19","1","5","4","6","6","2","1","10","5","5","2","2","3","10","1","1","C03","7","5","1","10","9","15","","10","10","2","12","4","120.655841","24.165569","2"
"5725","66000","387130000C","(04)23274275","(04)23288582","2026","1","14","14","20","臺中市","梧棲區","0","0","0","7","","","60","","","","","","","","","","","","","","16","","","","","B03","","","1","","2","","","11","11","1","12","4","120.525033","24.223276","3"
"5726","66000","387130000C","(04)23274275","(04)23288582","2026","1","14","14","23","臺中市","清水區","0","0","0","7","","","30","","","","","","","","","","","","","","","","","","","C03","","","3","","2","","","41","41","1","12","4","120.629423","24.304155","3"
"5727","66000","387130000C","(04)23274275","(04)23288582","2026","1","14","14","26","臺中市","西區","0","2","0","7","2","6","50","4","2","1","5","4","6","6","2","1","3","4","5","2","12","2","8","1","1","C03","7","7","1","10","2","11","","20","20","1","13","4","120.666277","24.141327","2"
"5728","66000","387130000C","(04)23274275","(04)23288582","2026","1","14","14","29","臺中市","西屯區","0","0","0","7","","","50","","","","","","","","","","","","","","13","","","","","B03","","","1","","2","","","7","7","1","12","4","120.661075","24.17252","3"
"5729","66000","387130000C","(04)23274275","(04)23288582","2026","1","14","14","30","臺中市","豐原區","0","0","0","7","","","50","","","","","","","","","","","","","","17","","","","","B03","","","1","","2","","","1","1","1","12","4","120.705238","24.249989","3"
"5730","66000","387130000C","(04)23274275","(04)23288582","2026","1","14","14","32","臺中市","潭子區","0","1","0","7","3","6","50","4","4","1","5","4","6","6","1","1","1","5","5","1","13","3","10","2","1","C03","7","9","1","10","2","11","","7","7","1","13","4","120.71532","24.204914","2"
"5731","66000","387130000C","(04)23274275","(04)23288582","2026","1","14","14","32","臺中市","中區","0","1","0","7","2","6","50","4","1","1","5","4","6","6","2","1","10","5","5","2","16","3","10","2","1","C03","7","6","1","10","2","14","","85","85","1","13","4","120.676864","24.141919","2"
"5732","66000","387130000C","(04)23274275","(04)23288582","2026","1","14","14","35","臺中市","后里區","0","1","0","6","2","6","50","13","9","1","5","4","6","6","4","4","5","4","5","2","17","3","10","3","1","B03","7","11","1","8","2","15","","39","39","1","12","4","120.674111","24.316896","2"
"5733","66000","387130000C","(04)23274275","(04)23288582","2026","1","14","14","40","臺中市","潭子區","0","1","0","7","2","6","50","4","1","1","5","4","6","6","1","1","1","4","4","1","16","3","10","3","1","B03","7","5","1","4","2","2","","11","11","1","13","4","120.68481","24.216297","2"
"5734","66000","387130000C","(04)23274275","(04)23288582","2026","1","14","14","40","臺中市","北區","0","0","0","7","","","30","","","","","","","","","","","","","","","","","","","","","","","","","","","119","119","1","","","120.68829","24.160468","3"
"5735","66000","387130000C","(04)23274275","(04)23288582","2026","1","14","14","41","臺中市","潭子區","0","0","0","7","","","50","","","","","","","","","","","","","","","","","","","B03","","","1","","2","","","82","82","1","13","4","120.699579","24.194423","3"
"5736","66000","387130000C","(04)23274275","(04)23288582","2026","1","14","14","42","臺中市","西區","0","2","0","7","1","6","50","4","1","1","5","4","6","6","1","1","10","5","5","1","17","2","9","5","4","C03","7","9","1","10","2","14","","85","85","1","12","4","120.661809","24.154276","2"
"5737","66000","387130000C","(04)23274275","(04)23288582","2026","1","14","14","42","臺中市","外埔區","0","0","0","7","","","50","","","","","","","","","","","","","","14","","","","","B03","","","1","","2","","","49","49","1","12","4","120.638618","24.34285","3"
"5738","66000","387130000C","(04)23274275","(04)23288582","2026","1","14","14","45","臺中市","太平區","0","0","0","7","","3","80","","","","","","","","","","","","","","30","","","","","B03","","","1","","2","","","84","84","1","13","4","120.714097","24.14843","3"
"5739","66000","387130000C","(04)23274275","(04)23288582","2026","1","14","14","47","臺中市","北屯區","0","0","0","7","","","50","","","","","","","","","","","","","","12","","","","","B03","","","1","","1","","","40","40","1","6","4","120.705978","24.16948","3"
"5740","66000","387130000C","(04)23274275","(04)23288582","2026","1","14","14","53","臺中市","太平區","0","1","0","7","2","6","50","4","4","1","5","4","6","6","2","1","5","4","5","2","13","3","10","3","1","B02","7","9","1","8","2","1","","7","7","1","12","4","120.700558","24.147953","2"
"5741","66000","387130000C","(04)23274275","(04)23288582","2026","1","14","14","56","臺中市","西區","0","0","0","7","","","50","","","","","","","","","","","","","","17","","","","","B03","","","1","","1","","","8","8","1","13","4","120.671916","24.145577","4"
"5742","66000","387130000C","(04)23274275","(04)23288582","2026","1","14","14","58","臺中市","北區","0","1","0","7","2","6","50","3","1","1","5","4","6","6","1","1","5","4","5","2","15","3","10","3","1","B03","7","9","1","8","2","1","","84","84","1","13","4","120.681087","24.157607","2"
"5743","66000","387130000C","(04)23274275","(04)23288582","2026","1","14","15","2","臺中市","南屯區","0","1","0","7","2","6","50","13","9","1","5","4","6","6","4","4","9","4","5","2","17","3","10","1","1","C03","7","9","1","10","2","16","","85","85","1","12","4","120.613167","24.140776","2"
"5744","66000","387130000C","(04)23274275","(04)23288582","2026","1","14","15","2","臺中市","北屯區","0","1","0","7","2","6","50","3","1","1","5","4","6","6","4","4","10","5","5","2","17","2","9","5","4","F01","7","1","7","21","2","14","","51","51","1","12","4","120.667168","24.178259","2"
"5745","66000","387130000C","(04)23274275","(04)23288582","2026","1","14","15","5","臺中市","中區","0","1","0","7","2","6","50","4","1","1","5","4","6","6","2","1","5","4","5","2","17","3","10","3","1","B03","7","6","1","8","2","1","","11","11","1","13","4","120.683619","24.141543","2"
"5746","66000","387130000C","(04)23274275","(04)23288582","2026","1","14","15","5","臺中市","南區","0","0","0","7","","","40","","","","","","","","","","","","","","17","","","","","C03","","","1","","2","","","7","7","1","6","4","120.647499","24.119044","3"