序號,縣市別代碼,機關代碼,市話,傳真,年,月,日,時,分,縣市,區,死亡數量,受傷數量,2-30,天候,道路照明設備,道路類別,道路速限,道路型態,事故位置,路面鋪裝,路面狀態,路面缺陷,障礙物,視距,號誌種類,號誌動作,分向設施,快車道或一般車道間,快慢車道間,路面邊線,事故類型及型態,受傷程度,主要傷處,保護裝備,行動電話或功能裝置,當事者區分(類別),車輛用途,當事者行動狀態,駕照狀態,駕照種類,飲酒情形,車輛撞擊部位最初,車輛撞擊部位其他,肇事因素個別,肇事因素主要,肇事逃逸,職業,共享經濟或外送平台,GPS座標X,GPS座標Y,事故類別
"5747","66000","387130000C","(04)23274275","(04)23288582","2026","1","14","15","5","臺中市","東勢區","0","1","0","7","3","6","30","13","9","1","5","4","6","6","4","4","10","5","5","1","17","3","10","5","4","G03","7","1","1","8","2","17","","51","51","1","12","4","120.855631","24.259882","2"
"5748","66000","387130000C","(04)23274275","(04)23288582","2026","1","14","15","6","臺中市","東區","0","0","0","7","","","50","","","","","","","","","","","","","","","","","","","B12","","","1","","2","","","84","84","1","13","4","120.699331","24.147811","4"
"5749","66000","387130000C","(04)23274275","(04)23288582","2026","1","14","15","6","臺中市","清水區","0","0","0","7","2","6","50","13","9","1","5","4","6","6","4","4","8","4","5","2","12","","","","","B03","","","1","","1","","","51","51","1","12","4","120.573068","24.265277","3"
"5750","66000","387130000C","(04)23274275","(04)23288582","2026","1","14","15","10","臺中市","西屯區","0","1","0","7","2","6","50","3","1","1","5","4","6","6","2","1","10","5","5","2","12","2","9","1","1","C04","7","6","1","11","2","12","","8","8","1","13","4","120.598159","24.162982","2"
"5751","66000","387130000C","(04)23274275","(04)23288582","2026","1","14","15","18","臺中市","大里區","0","0","0","7","","","50","","","","","","","","","","","","","","13","","","","","B03","","","1","","2","","","84","84","1","12","4","120.728315","24.09082","3"
"5752","66000","387130000C","(04)23274275","(04)23288582","2026","1","14","15","19","臺中市","南屯區","0","0","0","7","3","6","50","13","9","1","5","4","6","6","1","1","3","4","5","2","13","","","","","B03","","","1","","1","","","7","7","1","12","4","120.640658","24.141465","3"
"5753","66000","387130000C","(04)23274275","(04)23288582","2026","1","14","15","20","臺中市","北區","0","0","0","7","","","50","","","","","","","","","","","","","","","","","","","C01","","","1","","2","","","84","84","1","12","4","120.667811","24.169792","3"
"5754","66000","387130000C","(04)23274275","(04)23288582","2026","1","14","15","21","臺中市","南屯區","0","1","0","7","3","6","50","4","1","1","5","4","6","6","2","1","10","5","5","2","16","2","9","1","1","C03","7","6","3","19","2","14","","36","36","1","12","4","120.648631","24.150859","2"
"5755","66000","387130000C","(04)23274275","(04)23288582","2026","1","14","15","25","臺中市","沙鹿區","0","0","0","7","","","0","","","","","","","","","","","","","","17","","","","","B03","","","1","","1","","","51","51","1","12","4","120.566092","24.242794","3"
"5756","66000","387130000C","(04)23274275","(04)23288582","2026","1","14","15","28","臺中市","南屯區","0","0","0","7","","","60","","","","","","","","","","","","","","13","","","","","B03","","","1","","1","","","7","7","1","12","4","120.616286","24.146186","3"
"5757","66000","387130000C","(04)23274275","(04)23288582","2026","1","14","15","28","臺中市","后里區","0","0","0","7","","","50","","","","","","","","","","","","","","","","","","","B03","","","1","","2","","","84","84","1","12","4","120.697048","24.313143","3"
"5758","66000","387130000C","(04)23274275","(04)23288582","2026","1","14","15","29","臺中市","烏日區","0","1","0","7","2","6","50","11","8","1","5","4","6","6","4","4","1","4","4","1","18","2","9","1","1","C03","7","5","1","10","2","16","","84","84","1","6","4","120.585486","24.112418","2"
"5759","66000","387130000C","(04)23274275","(04)23288582","2026","1","14","15","30","臺中市","北區","0","0","0","7","","","50","","","","","","","","","","","","","","","","","","","B03","","","1","","11","","","50","50","2","12","4","120.678323","24.160421","3"
"5760","66000","387130000C","(04)23274275","(04)23288582","2026","1","14","15","30","臺中市","南屯區","0","1","0","7","2","6","50","4","2","1","5","4","6","6","2","1","9","4","1","2","12","2","9","1","1","C03","7","5","3","19","2","14","","8","8","1","12","4","120.612322","24.150274","2"
"5761","66000","387130000C","(04)23274275","(04)23288582","2026","1","14","15","32","臺中市","西屯區","0","0","0","7","","","40","","","","","","","","","","","","","","","","","","","B03","","","1","","1","","","59","59","1","12","4","120.629004","24.163845","3"
"5762","66000","387130000C","(04)23274275","(04)23288582","2026","1","14","15","33","臺中市","后里區","0","1","0","7","2","6","60","13","7","1","5","4","6","6","4","4","1","4","4","1","21","2","9","3","1","B03","7","9","1","8","2","1","","59","59","1","12","4","120.677008","24.297023","2"
"5763","66000","387130000C","(04)23274275","(04)23288582","2026","1","14","15","34","臺中市","龍井區","0","0","0","7","","","60","","","","","","","","","","","","","","23","","","","","B03","","","1","","2","","","59","59","1","6","4","120.573736","24.185472","3"
"5764","66000","387130000C","(04)23274275","(04)23288582","2026","1","14","15","36","臺中市","后里區","0","2","0","7","2","6","50","3","1","1","5","4","3","6","4","4","9","4","4","2","16","3","10","3","1","B03","7","5","1","8","2","2","","11","11","1","12","4","120.707213","24.306332","2"
"5765","66000","387130000C","(04)23274275","(04)23288582","2026","1","14","15","37","臺中市","南屯區","0","0","0","7","","","50","","","","","","","","","","","","","","13","","","","","B03","","","1","","1","","","7","7","1","12","4","120.653201","24.14466","3"
"5766","66000","387130000C","(04)23274275","(04)23288582","2026","1","14","15","45","臺中市","烏日區","0","0","0","7","","","60","","","","","","","","","","","","","","13","","","","","B03","","","1","","1","","","84","84","1","6","4","120.644793","24.092963","3"
"5767","66000","387130000C","(04)23274275","(04)23288582","2026","1","14","15","46","臺中市","梧棲區","0","1","0","7","3","6","30","4","1","1","5","4","6","6","4","4","10","5","5","2","15","3","10","3","1","B03","7","9","1","8","2","2","","15","15","1","6","4","120.555592","24.25896","2"
"5768","66000","387130000C","(04)23274275","(04)23288582","2026","1","14","15","47","臺中市","西區","0","0","0","7","","","50","","","","","","","","","","","","","","","","","","","B03","","","1","","1","","","84","84","1","12","4","120.664564","24.150296","3"
"5769","66000","387130000C","(04)23274275","(04)23288582","2026","1","14","15","48","臺中市","后里區","0","1","0","7","2","6","50","3","1","1","5","4","6","6","4","4","5","5","4","1","17","3","10","3","1","B03","7","6","1","8","2","1","","59","59","1","12","4","120.731085","24.30294","2"
"5770","66000","387130000C","(04)23274275","(04)23288582","2026","1","14","15","53","臺中市","南區","0","1","0","7","3","6","50","13","9","1","5","4","6","6","4","4","5","5","5","2","28","2","9","5","4","C03","7","9","1","10","2","11","","84","84","1","6","4","120.668964","24.116118","2"
"5771","66000","387130000C","(04)23274275","(04)23288582","2026","1","14","15","55","臺中市","中區","0","0","0","7","","","50","","","","","","","","","","","","","","17","","","","","B03","","","1","","2","","","8","8","1","13","4","120.682155","24.135894","3"
"5772","66000","387130000C","(04)23274275","(04)23288582","2026","1","14","15","55","臺中市","北屯區","0","0","0","7","","","30","","","","","","","","","","","","","","17","","","","","B03","","","1","","1","","","59","59","2","12","4","120.720079","24.161125","3"
"5773","66000","387130000C","(04)23274275","(04)23288582","2026","1","14","15","57","臺中市","大雅區","0","0","0","7","","","30","","","","","","","","","","","","","","","","","","","B03","","","1","","1","","","8","8","1","13","4","120.653725","24.227821","3"
"5774","66000","387130000C","(04)23274275","(04)23288582","2026","1","14","16","0","臺中市","南屯區","0","0","0","7","3","6","50","13","9","1","5","4","6","6","4","4","5","4","5","2","13","","","","","B03","","","1","","1","","","59","59","1","12","4","120.646848","24.146808","3"
"5775","66000","387130000C","(04)23274275","(04)23288582","2026","1","14","16","0","臺中市","西屯區","0","0","0","7","","","50","","","","","","","","","","","","","","13","","","","","B12","","","1","","1","","","7","7","1","12","4","120.615213","24.182779","3"
"5776","66000","387130000C","(04)23274275","(04)23288582","2026","1","14","16","3","臺中市","潭子區","0","0","0","7","","","60","","","","","","","","","","","","","","","","","","","B12","","","1","","2","","","8","8","1","13","4","120.688196","24.216111","3"
"5777","66000","387130000C","(04)23274275","(04)23288582","2026","1","14","16","3","臺中市","北區","0","1","0","7","2","6","50","4","1","1","5","4","6","6","1","1","10","5","5","2","17","3","10","3","1","B03","7","9","1","8","2","8","","84","84","1","13","4","120.68897","24.158985","2"
"5778","66000","387130000C","(04)23274275","(04)23288582","2026","1","14","16","7","臺中市","梧棲區","0","1","0","7","2","6","60","3","2","1","5","4","6","6","4","4","1","4","5","1","16","3","10","3","1","B03","7","5","1","8","2","2","","47","47","1","12","4","120.5367","24.251509","2"
"5779","66000","387130000C","(04)23274275","(04)23288582","2026","1","14","16","8","臺中市","西區","0","0","0","7","","","50","","","","","","","","","","","","","","","","","","","B03","","","1","8","1","","","84","84","2","13","4","120.655624","24.14797","3"
"5780","66000","387130000C","(04)23274275","(04)23288582","2026","1","14","16","11","臺中市","北區","0","0","0","7","","","50","","","","","","","","","","","","","","","","","","","B03","","","1","","1","","","49","49","1","12","4","120.686581","24.159369","4"
"5781","66000","387130000C","(04)23274275","(04)23288582","2026","1","14","16","15","臺中市","霧峰區","0","0","0","7","2","6","40","5","1","1","5","4","6","6","1","1","10","5","5","2","13","","","","","C03","","","1","","2","","","7","7","1","6","4","120.678666","24.064781","3"
"5782","66000","387130000C","(04)23274275","(04)23288582","2026","1","14","16","17","臺中市","西屯區","0","0","0","7","","","50","","","","","","","","","","","","","","12","","","","","B03","","","1","","2","","","8","8","1","12","4","120.637333","24.17086","3"
"5783","66000","387130000C","(04)23274275","(04)23288582","2026","1","14","16","20","臺中市","潭子區","0","1","0","7","3","6","30","3","9","1","5","4","6","6","4","4","10","5","5","1","19","2","8","4","1","C03","7","15","1","10","2","16","","43","43","1","13","4","120.728191","24.197802","2"
"5784","66000","387130000C","(04)23274275","(04)23288582","2026","1","14","16","21","臺中市","霧峰區","0","1","0","7","2","6","50","3","1","1","5","4","6","6","4","4","10","5","5","2","16","3","10","1","1","C03","7","6","1","10","2","13","","48","48","1","12","4","120.708479","24.07401","2"
"5785","66000","387130000C","(04)23274275","(04)23288582","2026","1","14","16","28","臺中市","西區","0","1","0","7","2","6","50","3","2","1","5","4","6","6","4","4","5","4","5","1","17","3","10","3","1","B03","7","9","1","8","2","4","","6","6","1","13","4","120.679095","24.137176","2"
"5786","66000","387130000C","(04)23274275","(04)23288582","2026","1","14","16","28","臺中市","大甲區","0","1","0","7","3","6","50","3","1","1","5","4","6","6","4","4","10","5","5","2","17","2","9","5","4","C03","7","6","1","10","2","12","","4","4","1","12","4","120.624392","24.350727","2"
"5787","66000","387130000C","(04)23274275","(04)23288582","2026","1","14","16","30","臺中市","北屯區","0","2","0","7","3","6","50","3","2","1","5","4","6","6","4","4","1","4","5","2","13","3","10","3","1","B03","7","9","1","8","2","5","","54","54","1","12","4","120.693168","24.171176","2"
"5788","66000","387130000C","(04)23274275","(04)23288582","2026","1","14","16","31","臺中市","豐原區","0","1","0","7","2","6","50","13","7","1","5","4","6","6","4","4","5","5","4","2","17","2","9","5","4","F03","7","12","7","21","2","16","","7","7","1","12","4","120.718273","24.239903","2"
"5789","66000","387130000C","(04)23274275","(04)23288582","2026","1","14","16","33","臺中市","大雅區","0","1","0","7","3","6","50","5","2","1","5","4","6","6","1","1","5","2","5","2","17","2","9","1","1","C03","7","9","1","10","2","12","","7","7","1","12","4","120.667814","24.215878","2"
"5790","66000","387130000C","(04)23274275","(04)23288582","2026","1","14","16","35","臺中市","太平區","0","1","0","7","2","6","30","3","1","1","5","4","6","6","2","1","10","5","4","2","16","3","10","2","1","C03","7","9","1","10","2","11","","84","84","1","12","4","120.735567","24.14913","2"
"5791","66000","387130000C","(04)23274275","(04)23288582","2026","1","14","16","37","臺中市","清水區","0","0","0","7","","","50","","","","","","","","","","","","","","","","","","","C02","","","1","","1","","","20","20","1","12","4","120.571548","24.274647","3"
"5792","66000","387130000C","(04)23274275","(04)23288582","2026","1","14","16","38","臺中市","北屯區","0","1","0","7","2","6","50","4","1","1","5","4","6","6","2","1","10","5","5","2","16","2","9","2","1","C04","7","6","3","19","2","14","","48","48","1","6","4","120.67933","24.171208","2"
"5793","66000","387130000C","(04)23274275","(04)23288582","2026","1","14","16","39","臺中市","南屯區","0","1","0","7","3","6","30","11","9","1","5","4","6","6","4","4","10","5","5","2","10","3","10","3","1","B12","7","9","1","8","1","8","","59","59","1","6","4","120.607887","24.131786","2"
"5794","66000","387130000C","(04)23274275","(04)23288582","2026","1","14","16","39","臺中市","西屯區","0","0","0","7","","","50","","","","","","","","","","","","","","13","","","","","C03","","","1","","2","","","7","7","1","12","4","120.612911","24.171405","3"
"5795","66000","387130000C","(04)23274275","(04)23288582","2026","1","14","16","39","臺中市","大里區","0","0","0","7","","","50","","","","","","","","","","","","","","13","","","","","B03","","","1","","2","","","57","57","1","12","4","120.696884","24.111747","3"
"5796","66000","387130000C","(04)23274275","(04)23288582","2026","1","14","16","42","臺中市","西屯區","0","1","0","7","2","6","50","13","9","1","5","4","6","6","4","4","1","4","5","2","12","3","10","3","1","B03","7","3","1","8","2","2","","50","50","1","12","4","120.65659","24.169709","2"
"5797","66000","387130000C","(04)23274275","(04)23288582","2026","1","14","16","45","臺中市","沙鹿區","0","0","0","7","","","30","","","","","","","","","","","","","","","","","","","B03","","","1","","2","","","45","45","1","12","4","120.56195","24.241842","3"
"5798","66000","387130000C","(04)23274275","(04)23288582","2026","1","14","16","48","臺中市","烏日區","0","1","0","7","3","6","50","3","1","1","5","4","6","6","4","4","10","5","5","2","17","3","10","3","1","B03","7","11","1","8","2","2","","45","45","1","6","4","120.611416","24.110597","2"
"5799","66000","387130000C","(04)23274275","(04)23288582","2026","1","14","16","49","臺中市","北屯區","0","0","0","7","","","50","","","","","","","","","","","","","","","","","","","B03","","","1","","9","","","51","51","1","13","4","120.721592","24.17911","4"
"5800","66000","387130000C","(04)23274275","(04)23288582","2026","1","14","16","55","臺中市","西屯區","0","0","0","7","","","50","","","","","","","","","","","","","","17","","","","","B03","","","1","","1","","","59","59","1","13","4","120.63606","24.181746","3"
"5801","66000","387130000C","(04)23274275","(04)23288582","2026","1","14","16","59","臺中市","西屯區","0","0","0","7","","","50","","","","","","","","","","","","","","","","","","","A11","","","1","","2","","","87","87","1","12","4","120.639668","24.185198","3"
"5802","66000","387130000C","(04)23274275","(04)23288582","2026","1","14","17","0","臺中市","豐原區","0","0","0","7","","","40","","","","","","","","","","","","","","17","","","","","B03","","","1","","10","","","87","87","1","13","4","120.71704","24.256813","3"
"5803","66000","387130000C","(04)23274275","(04)23288582","2026","1","14","17","2","臺中市","潭子區","0","0","0","7","","","30","","","","","","","","","","","","","","","","","","","B12","","","1","","2","","","49","49","1","13","4","120.710547","24.215482","3"
"5804","66000","387130000C","(04)23274275","(04)23288582","2026","1","14","17","2","臺中市","大里區","0","1","0","7","2","6","50","13","9","1","5","4","6","6","4","4","9","5","5","1","17","2","8","2","1","C03","7","11","3","19","2","12","","45","45","1","13","4","120.699359","24.090078","2"
"5805","66000","387130000C","(04)23274275","(04)23288582","2026","1","14","17","4","臺中市","北區","0","0","0","7","","","50","","","","","","","","","","","","","","12","","","","","B03","","","1","","2","","","40","40","1","13","4","120.682207","24.159243","3"
"5806","66000","387130000C","(04)23274275","(04)23288582","2026","1","14","17","4","臺中市","豐原區","0","2","0","7","2","6","50","13","8","1","5","4","6","6","4","4","9","5","4","2","16","2","9","5","4","C03","7","6","1","10","2","11","","20","20","1","12","4","120.734953","24.255591","2"
"5807","66000","387130000C","(04)23274275","(04)23288582","2026","1","14","17","4","臺中市","豐原區","0","0","0","7","","","50","","","","","","","","","","","","","","12","","","","","B03","","","1","","2","","","26","26","1","12","4","120.701237","24.248934","3"
"5808","66000","387130000C","(04)23274275","(04)23288582","2026","1","14","17","5","臺中市","北屯區","0","1","0","7","2","6","50","4","1","1","5","4","6","6","1","1","10","5","5","2","16","2","9","5","4","F02","7","5","7","21","2","12","","20","20","1","12","4","120.704146","24.164674","2"
"5809","66000","387130000C","(04)23274275","(04)23288582","2026","1","14","17","5","臺中市","沙鹿區","0","1","0","7","2","6","50","3","1","1","5","4","6","6","4","4","10","5","5","2","16","3","10","1","1","C03","7","5","1","10","2","11","","47","47","1","6","4","120.56792","24.226746","2"
"5810","66000","387130000C","(04)23274275","(04)23288582","2026","1","14","17","6","臺中市","西區","0","1","0","7","2","6","50","3","1","1","5","4","6","6","4","4","5","5","5","2","17","2","9","2","1","C03","7","9","1","10","2","14","","59","59","1","12","4","120.660498","24.155566","2"
"5811","66000","387130000C","(04)23274275","(04)23288582","2026","1","14","17","6","臺中市","清水區","0","0","0","7","","","50","","","","","","","","","","","","","","","","","","","B03","","","1","","1","","","87","87","1","12","4","120.548504","24.278932","3"
"5812","66000","387130000C","(04)23274275","(04)23288582","2026","1","14","17","7","臺中市","外埔區","0","0","0","7","2","6","50","13","7","1","5","4","6","6","4","4","5","4","4","1","16","3","10","3","1","B03","7","9","1","8","2","1","","7","7","1","12","4","120.640768","24.341116","3"
"5813","66000","387130000C","(04)23274275","(04)23288582","2026","1","14","17","9","臺中市","北屯區","0","1","0","7","2","6","50","13","8","1","5","4","6","6","4","4","9","4","4","2","16","3","10","1","1","C03","7","6","1","10","2","13","","39","39","1","12","4","120.66486","24.182162","2"
"5814","66000","387130000C","(04)23274275","(04)23288582","2026","1","14","17","9","臺中市","北屯區","0","0","0","7","","","50","","","","","","","","","","","","","","13","","","","","B03","","","1","","1","","","59","59","1","6","4","120.685782","24.177459","3"
"5815","66000","387130000C","(04)23274275","(04)23288582","2026","1","14","17","9","臺中市","龍井區","0","0","0","7","","","60","","","","","","","","","","","","","","12","","","","","B03","","","1","","2","","","26","26","1","12","4","120.576075","24.177348","3"
"5816","66000","387130000C","(04)23274275","(04)23288582","2026","1","14","17","10","臺中市","西區","0","0","0","7","","","40","","","","","","","","","","","","","","13","","","","","C03","","","1","","1","","","59","59","1","13","4","120.655118","24.15022","3"
"5817","66000","387130000C","(04)23274275","(04)23288582","2026","1","14","17","11","臺中市","大里區","0","1","0","6","3","6","30","13","9","1","5","4","6","6","4","4","10","5","5","1","12","2","9","1","1","C03","7","1","1","10","2","12","","51","51","1","12","4","120.6684","24.106099","2"
"5818","66000","387130000C","(04)23274275","(04)23288582","2026","1","14","17","14","臺中市","烏日區","0","0","0","7","2","6","40","3","2","1","5","4","6","6","4","4","10","5","5","2","14","3","10","3","1","B03","7","2","1","8","2","6","","49","49","1","6","4","120.63572","24.107685","3"
"5819","66000","387130000C","(04)23274275","(04)23288582","2026","1","14","17","15","臺中市","西屯區","0","2","0","7","2","6","50","4","1","1","5","4","6","6","1","1","10","5","5","2","13","2","8","2","4","C03","7","9","1","10","2","11","12","7","7","1","12","4","120.610803","24.191005","2"
"5820","66000","387130000C","(04)23274275","(04)23288582","2026","1","14","17","16","臺中市","潭子區","0","1","0","7","1","6","50","3","2","1","5","4","6","6","2","1","1","4","5","2","17","2","9","1","1","C03","7","9","1","10","2","14","","84","84","1","13","4","120.697538","24.216548","2"
"5821","66000","387130000C","(04)23274275","(04)23288582","2026","1","14","17","17","臺中市","大甲區","0","1","0","7","2","6","50","13","9","1","5","4","6","6","4","4","9","5","5","1","13","2","9","2","1","C03","7","9","3","19","2","11","","7","7","1","6","4","120.657704","24.381537","2"
"5822","66000","387130000C","(04)23274275","(04)23288582","2026","1","14","17","20","臺中市","西區","0","0","0","7","","","50","","","","","","","","","","","","","","","","","","","B03","","","1","","1","","","49","49","1","12","4","120.665196","24.15574","3"
"5823","66000","387130000C","(04)23274275","(04)23288582","2026","1","14","17","20","臺中市","外埔區","0","1","0","7","1","6","50","13","9","1","5","4","6","6","4","4","9","5","5","1","21","2","9","1","1","C03","7","9","1","10","2","12","14","59","59","1","12","4","120.702357","24.33346","2"
"5824","66000","387130000C","(04)23274275","(04)23288582","2026","1","14","17","21","臺中市","北屯區","0","0","0","7","","","50","","","","","","","","","","","","","","13","","","","","C03","","","1","","1","","","7","7","1","12","4","120.675434","24.202133","3"
"5825","66000","387130000C","(04)23274275","(04)23288582","2026","1","14","17","21","臺中市","西屯區","0","0","0","7","","","50","","","","","","","","","","","","","","14","","","","","B03","","","1","","1","","","49","49","1","12","4","120.657493","24.172007","3"
"5826","66000","387130000C","(04)23274275","(04)23288582","2026","1","14","17","21","臺中市","東勢區","0","1","0","7","1","6","40","13","8","1","5","4","6","6","4","4","1","4","4","1","13","3","10","1","4","C03","7","9","1","10","2","11","","84","84","1","12","4","120.836333","24.231943","2"
"5827","66000","387130000C","(04)23274275","(04)23288582","2026","1","14","17","23","臺中市","大雅區","0","1","0","7","1","6","50","4","1","1","5","4","6","6","1","1","10","4","4","1","17","3","10","3","1","A12","7","6","1","3","2","2","","85","85","1","13","4","120.629045","24.207192","2"
"5828","66000","387130000C","(04)23274275","(04)23288582","2026","1","14","17","25","臺中市","大里區","0","1","0","7","1","6","80","10","7","1","5","4","6","6","4","4","1","3","5","1","13","3","10","3","1","B03","7","9","1","10","2","1","","82","82","1","6","4","120.686335","24.074316","2"
"5829","66000","387130000C","(04)23274275","(04)23288582","2026","1","14","17","25","臺中市","大里區","0","1","0","7","1","6","50","13","9","1","5","4","6","6","4","4","9","5","5","2","17","3","10","3","1","B03","7","11","1","8","2","5","","46","46","1","12","4","120.725475","24.090024","2"
"5830","66000","387130000C","(04)23274275","(04)23288582","2026","1","14","17","25","臺中市","烏日區","0","1","0","7","3","6","50","3","2","1","5","4","6","6","2","1","1","4","5","1","12","3","10","3","1","B03","7","5","5","8","2","2","","47","47","1","6","4","120.611257","24.10779","2"
"5831","66000","387130000C","(04)23274275","(04)23288582","2026","1","14","17","25","臺中市","烏日區","0","0","0","7","","","30","","","","","","","","","","","","","","15","","","","","C03","","","1","","1","","","15","15","1","6","4","120.644317","24.087617","3"
"5832","66000","387130000C","(04)23274275","(04)23288582","2026","1","14","17","26","臺中市","大雅區","0","2","0","7","3","6","50","4","1","1","5","4","6","6","1","1","10","5","5","2","16","2","9","1","1","C03","7","6","1","10","2","11","","11","11","1","12","4","120.64831","24.226565","2"
"5833","66000","387130000C","(04)23274275","(04)23288582","2026","1","14","17","26","臺中市","潭子區","0","0","0","7","","","50","","","","","","","","","","","","","","","","","","","B03","","","1","","2","","","85","85","1","13","4","120.703289","24.20072","3"
"5834","66000","387130000C","(04)23274275","(04)23288582","2026","1","14","17","27","臺中市","西區","0","0","0","7","","","50","","","","","","","","","","","","","","13","","","","","B03","","","1","","1","","","7","7","1","13","4","120.676883","24.135024","3"
"5835","66000","387130000C","(04)23274275","(04)23288582","2026","1","14","17","32","臺中市","北屯區","0","0","0","7","","","50","","","","","","","","","","","","","","17","","","","","B03","","","1","","1","","","26","26","1","6","4","120.721341","24.18012","3"
"5836","66000","387130000C","(04)23274275","(04)23288582","2026","1","14","17","33","臺中市","西屯區","0","0","0","7","","","50","","","","","","","","","","","","","","17","","","","","B03","","","1","","2","","","46","46","1","12","4","120.628237","24.202375","3"
"5837","66000","387130000C","(04)23274275","(04)23288582","2026","1","14","17","35","臺中市","大雅區","0","2","0","7","1","6","30","3","1","1","5","4","6","6","3","1","10","4","5","1","17","2","9","1","1","C03","7","6","1","10","2","14","","20","20","1","12","4","120.673121","24.231264","2"
"5838","66000","387130000C","(04)23274275","(04)23288582","2026","1","14","17","35","臺中市","太平區","0","1","0","7","1","6","40","13","8","1","5","4","6","6","1","1","1","4","1","2","12","3","10","3","1","B03","7","9","1","8","2","2","","84","84","1","13","4","120.714101","24.149706","2"
"5839","66000","387130000C","(04)23274275","(04)23288582","2026","1","14","17","35","臺中市","沙鹿區","0","0","0","7","","","50","","","","","","","","","","","","","","14","","","","","B03","","","1","","2","","","49","49","2","6","4","120.560149","24.251723","3"
"5840","66000","387130000C","(04)23274275","(04)23288582","2026","1","14","17","36","臺中市","清水區","0","0","0","7","1","6","50","13","7","1","5","4","6","6","1","1","8","3","4","1","13","","","","","B03","","","1","","1","","","7","7","1","12","4","120.562149","24.26279","3"
"5841","66000","387130000C","(04)23274275","(04)23288582","2026","1","14","17","38","臺中市","豐原區","0","1","0","7","2","6","40","13","7","1","5","4","6","6","4","4","1","4","4","1","12","2","9","5","4","F01","7","8","7","21","2","13","","40","40","1","13","4","120.714061","24.255732","2"
"5842","66000","387130000C","(04)23274275","(04)23288582","2026","1","14","17","39","臺中市","太平區","0","2","0","7","1","6","50","13","9","1","5","4","6","6","4","4","5","5","5","1","17","3","10","2","1","C03","7","11","1","10","2","14","","39","39","1","12","4","120.71713","24.130617","2"
"5843","66000","387130000C","(04)23274275","(04)23288582","2026","1","14","17","39","臺中市","大甲區","0","0","0","7","","","50","","","","","","","","","","","","","","9","","","","","B03","","","1","","1","","","51","51","1","12","4","120.618405","24.348746","3"
"5844","66000","387130000C","(04)23274275","(04)23288582","2026","1","14","17","40","臺中市","北區","0","0","0","7","","","","","","","","","","","","","","","","","17","","","","","","","","","","","","","119","119","1","","","120.685913","24.145484","3"
"5845","66000","387130000C","(04)23274275","(04)23288582","2026","1","14","17","42","臺中市","西屯區","0","1","0","7","1","6","50","13","9","1","5","4","6","6","1","1","1","4","5","2","13","2","8","2","1","C03","7","9","1","10","2","11","","59","59","1","12","4","120.655331","24.200008","2"
"5846","66000","387130000C","(04)23274275","(04)23288582","2026","1","14","17","43","臺中市","北屯區","0","0","0","7","","","50","","","","","","","","","","","","","","13","","","","","C03","","","1","","1","","","7","7","1","12","4","120.674168","24.174025","3"
"5847","66000","387130000C","(04)23274275","(04)23288582","2026","1","14","17","44","臺中市","大里區","0","0","0","7","","","50","","","","","","","","","","","","","","","","","","","C03","","","1","","2","","","7","7","1","12","4","120.68103","24.094628","3"
"5848","66000","387130000C","(04)23274275","(04)23288582","2026","1","14","17","45","臺中市","北區","0","0","0","7","","","50","","","","","","","","","","","","","","17","","","","","B03","","","1","","2","","","84","84","1","13","4","120.684462","24.151088","3"
"5849","66000","387130000C","(04)23274275","(04)23288582","2026","1","14","17","45","臺中市","北屯區","0","1","0","7","1","6","40","5","2","1","5","4","6","6","4","4","1","4","4","2","16","2","9","1","1","C04","7","8","1","10","2","14","","40","40","1","12","4","120.676696","24.177251","2"
"5850","66000","387130000C","(04)23274275","(04)23288582","2026","1","14","17","46","臺中市","西屯區","0","1","0","7","1","6","50","13","9","1","5","4","6","6","4","4","5","4","5","2","17","2","9","5","4","C03","7","14","1","10","1","14","","84","84","1","13","4","120.636497","24.170285","2"
"5851","66000","387130000C","(04)23274275","(04)23288582","2026","1","14","17","47","臺中市","西區","0","0","0","7","","","50","","","","","","","","","","","","","","17","","","","","B01","","","1","","1","","","14","14","1","12","4","120.661662","24.147309","3"
"5852","66000","387130000C","(04)23274275","(04)23288582","2026","1","14","17","47","臺中市","北區","0","2","0","7","1","6","50","4","1","1","5","4","6","6","4","4","10","5","5","2","15","2","9","1","1","C03","7","9","3","19","2","11","","15","15","1","12","4","120.67209","24.158436","2"
"5853","66000","387130000C","(04)23274275","(04)23288582","2026","1","14","17","54","臺中市","南屯區","0","0","0","7","","","50","","","","","","","","","","","","","","13","","","","","C03","","","1","","1","","","7","7","1","12","4","120.646274","24.129831","3"
"5854","66000","387130000C","(04)23274275","(04)23288582","2026","1","14","17","55","臺中市","沙鹿區","0","2","0","7","1","6","40","13","8","1","5","4","6","6","4","4","1","4","4","1","9","2","9","1","1","C03","7","9","1","10","2","14","","59","59","1","12","4","120.621074","24.242338","2"
"5855","66000","387130000C","(04)23274275","(04)23288582","2026","1","14","17","57","臺中市","南屯區","0","0","0","7","","","50","","","","","","","","","","","","","","12","","","","","B12","","","1","","1","","","8","8","1","12","4","120.653189","24.129066","4"
"5856","66000","387130000C","(04)23274275","(04)23288582","2026","1","14","17","58","臺中市","潭子區","0","1","0","7","1","6","50","3","2","1","5","4","6","6","4","4","5","5","4","2","2","3","10","2","1","C03","7","9","1","10","11","11","","8","8","2","13","4","120.70068","24.211126","2"