序號,縣市別代碼,機關代碼,市話,傳真,年,月,日,時,分,縣市,區,死亡數量,受傷數量,2-30,天候,道路照明設備,道路類別,道路速限,道路型態,事故位置,路面鋪裝,路面狀態,路面缺陷,障礙物,視距,號誌種類,號誌動作,分向設施,快車道或一般車道間,快慢車道間,路面邊線,事故類型及型態,受傷程度,主要傷處,保護裝備,行動電話或功能裝置,當事者區分(類別),車輛用途,當事者行動狀態,駕照狀態,駕照種類,飲酒情形,車輛撞擊部位最初,車輛撞擊部位其他,肇事因素個別,肇事因素主要,肇事逃逸,職業,共享經濟或外送平台,GPS座標X,GPS座標Y,事故類別
"5857","66000","387130000C","(04)23274275","(04)23288582","2026","1","14","17","59","臺中市","太平區","0","3","0","7","1","6","50","4","1","1","5","4","6","6","4","4","10","5","5","2","16","2","9","1","1","C03","7","5","1","10","2","11","","14","14","1","12","4","120.719215","24.103043","2"
"5858","66000","387130000C","(04)23274275","(04)23288582","2026","1","14","18","0","臺中市","北屯區","0","1","0","7","1","6","50","4","1","1","5","4","6","6","1","1","10","5","5","2","16","3","10","3","1","B03","7","6","1","8","2","2","","11","11","1","6","4","120.713455","24.180122","2"
"5859","66000","387130000C","(04)23274275","(04)23288582","2026","1","14","18","1","臺中市","西區","0","0","0","7","","","50","","","","","","","","","","","","","","","","","","","B03","","","1","","2","","","8","8","1","12","4","120.67986","24.137938","3"
"5860","66000","387130000C","(04)23274275","(04)23288582","2026","1","14","18","1","臺中市","西屯區","0","0","0","7","","","50","","","","","","","","","","","","","","","","","","","B03","","","1","","1","","","7","7","1","13","4","120.647013","24.165652","3"
"5861","66000","387130000C","(04)23274275","(04)23288582","2026","1","14","18","1","臺中市","太平區","0","2","0","7","1","6","50","13","9","1","5","4","6","6","2","1","5","5","5","1","13","3","10","2","1","C03","7","9","1","10","2","11","","7","7","1","13","4","120.718988","24.115963","2"
"5862","66000","387130000C","(04)23274275","(04)23288582","2026","1","14","18","2","臺中市","后里區","0","2","0","7","1","6","30","11","9","1","5","2","1","6","4","4","10","5","5","2","24","2","9","1","1","C03","7","9","1","10","2","12","","59","59","1","12","4","120.723477","24.300482","2"
"5863","66000","387130000C","(04)23274275","(04)23288582","2026","1","14","18","3","臺中市","沙鹿區","0","0","0","7","1","6","40","13","8","1","5","4","6","","4","4","1","4","4","2","17","3","10","1","1","C03","7","9","1","10","4","11","","84","84","1","6","4","120.570248","24.218269","3"
"5864","66000","387130000C","(04)23274275","(04)23288582","2026","1","14","18","3","臺中市","沙鹿區","0","0","0","7","","","50","","","","","","","","","","","","","","17","","","","","B03","","","1","","1","","","51","51","1","6","4","120.570732","24.21414","3"
"5865","66000","387130000C","(04)23274275","(04)23288582","2026","1","14","18","4","臺中市","豐原區","0","0","0","7","","","60","","","","","","","","","","","","","","13","","","","","B03","","","1","","2","","","84","84","1","12","4","120.704788","24.255096","3"
"5866","66000","387130000C","(04)23274275","(04)23288582","2026","1","14","18","5","臺中市","東區","0","1","0","7","1","6","50","13","9","1","5","4","6","6","4","4","1","2","5","2","13","3","10","3","1","B03","7","9","1","8","2","1","","7","7","1","12","4","120.694751","24.14234","2"
"5867","66000","387130000C","(04)23274275","(04)23288582","2026","1","14","18","5","臺中市","南屯區","0","1","0","7","1","6","50","13","9","1","5","4","6","6","4","4","5","4","5","2","16","3","10","3","1","B03","7","6","1","8","2","8","","20","20","1","12","4","120.634875","24.151874","2"
"5868","66000","387130000C","(04)23274275","(04)23288582","2026","1","14","18","5","臺中市","清水區","0","0","0","7","","","50","","","","","","","","","","","","","","","","","","","B03","","","1","","2","","","58","58","1","12","4","120.54928","24.276341","3"
"5869","66000","387130000C","(04)23274275","(04)23288582","2026","1","14","18","6","臺中市","西屯區","0","2","0","7","1","6","50","3","1","1","5","4","6","6","4","4","10","5","5","1","13","2","9","2","1","C03","7","9","1","10","2","11","","59","59","1","12","4","120.665823","24.168325","2"
"5870","66000","387130000C","(04)23274275","(04)23288582","2026","1","14","18","8","臺中市","西區","0","0","0","7","","","50","","","","","","","","","","","","","","14","","","","","B03","","","1","","2","","","49","49","1","13","4","120.661595","24.152254","3"
"5871","66000","387130000C","(04)23274275","(04)23288582","2026","1","14","18","8","臺中市","西屯區","0","0","0","7","","","40","","","","","","","","","","","","","","12","","","","","C03","","","1","","1","","","40","40","1","12","4","120.595222","24.182602","3"
"5872","66000","387130000C","(04)23274275","(04)23288582","2026","1","14","18","8","臺中市","清水區","0","3","0","7","1","6","30","5","1","1","5","4","6","6","4","4","9","4","5","2","15","2","9","1","1","C03","7","9","1","10","2","12","","15","15","1","12","4","120.543391","24.287698","2"
"5873","66000","387130000C","(04)23274275","(04)23288582","2026","1","14","18","9","臺中市","西屯區","0","0","0","7","","","50","","","","","","","","","","","","","","13","","","","","B03","","","1","","2","","","59","59","1","12","4","120.606287","24.16097","3"
"5874","66000","387130000C","(04)23274275","(04)23288582","2026","1","14","18","10","臺中市","南屯區","0","0","0","7","","","30","","","","","","","","","","","","","","9","","","","","B03","","","1","","1","","","84","84","1","6","4","120.639414","24.147585","3"
"5875","66000","387130000C","(04)23274275","(04)23288582","2026","1","14","18","10","臺中市","大甲區","0","0","0","7","","","50","","","","","","","","","","","","","","","","","","","C03","","","1","","1","","","4","4","1","6","4","120.621205","24.34637","3"
"5876","66000","387130000C","(04)23274275","(04)23288582","2026","1","14","18","10","臺中市","神岡區","0","2","0","7","1","6","50","13","7","1","5","4","6","6","4","4","5","5","4","2","16","2","9","5","4","C03","7","6","1","10","2","14","","39","39","1","12","4","120.702089","24.262704","2"
"5877","66000","387130000C","(04)23274275","(04)23288582","2026","1","14","18","12","臺中市","豐原區","0","1","0","7","1","6","50","5","1","1","5","4","6","6","1","1","5","4","4","2","12","3","10","5","4","C03","7","9","1","10","2","11","","7","7","1","12","4","120.711377","24.23954","2"
"5878","66000","387130000C","(04)23274275","(04)23288582","2026","1","14","18","13","臺中市","西屯區","0","2","0","7","1","6","50","5","1","1","5","4","6","6","2","1","10","5","5","2","17","2","9","5","4","C03","7","9","1","10","2","14","","85","85","1","12","4","120.656516","24.199856","2"
"5879","66000","387130000C","(04)23274275","(04)23288582","2026","1","14","18","15","臺中市","龍井區","0","0","0","7","","","40","","","","","","","","","","","","","","12","","","","","B03","","","1","","2","","","8","8","1","12","4","120.5894","24.184295","3"
"5880","66000","387130000C","(04)23274275","(04)23288582","2026","1","14","18","22","臺中市","西屯區","0","1","0","7","1","6","50","4","1","1","5","4","6","6","1","1","10","5","5","2","13","2","9","5","4","C03","7","9","1","10","2","11","","7","7","1","13","4","120.659063","24.176148","2"
"5881","66000","387130000C","(04)23274275","(04)23288582","2026","1","14","18","26","臺中市","西屯區","0","0","0","6","","","50","","","","","","","","","","","","","","","","","","","B03","","","1","","1","","","7","7","1","13","4","120.621241","24.183919","3"
"5882","66000","387130000C","(04)23274275","(04)23288582","2026","1","14","18","27","臺中市","北區","0","0","0","7","","","50","","","","","","","","","","","","","","","","","","","B03","","","1","","1","","","7","7","1","12","4","120.672089","24.170996","3"
"5883","66000","387130000C","(04)23274275","(04)23288582","2026","1","14","18","29","臺中市","西區","0","1","0","7","1","6","50","13","9","1","5","4","6","6","4","4","9","5","5","2","17","3","10","5","4","B03","7","9","1","8","2","1","","4","4","1","12","4","120.65918","24.141235","2"
"5884","66000","387130000C","(04)23274275","(04)23288582","2026","1","14","18","30","臺中市","東區","0","0","0","7","","","50","","","","","","","","","","","","","","17","","","","","B03","","","1","","2","","","47","47","1","12","4","120.692423","24.151697","3"
"5885","66000","387130000C","(04)23274275","(04)23288582","2026","1","14","18","31","臺中市","太平區","0","2","0","7","1","6","50","13","9","1","5","4","6","6","4","4","9","5","5","2","16","2","9","2","1","C03","7","6","1","10","2","11","","65","65","1","13","4","120.719718","24.12752","2"
"5886","66000","387130000C","(04)23274275","(04)23288582","2026","1","14","18","32","臺中市","南屯區","0","0","0","7","","","50","","","","","","","","","","","","","","17","","","","","C03","","","1","","1","","","46","46","1","12","4","120.645616","24.13466","3"
"5887","66000","387130000C","(04)23274275","(04)23288582","2026","1","14","18","32","臺中市","外埔區","0","1","0","7","1","6","50","3","1","1","5","4","6","6","4","4","10","5","5","2","12","3","10","3","1","B03","7","6","1","8","2","8","","14","14","1","12","4","120.664028","24.344303","2"
"5888","66000","387130000C","(04)23274275","(04)23288582","2026","1","14","18","36","臺中市","南屯區","0","1","0","7","2","6","40","3","1","1","5","4","6","6","1","1","9","4","5","2","12","2","9","3","1","B02","7","5","1","8","2","2","","8","8","1","12","4","120.622523","24.149938","2"
"5889","66000","387130000C","(04)23274275","(04)23288582","2026","1","14","18","37","臺中市","南屯區","0","0","0","7","","","50","","","","","","","","","","","","","","13","","","","","C03","","","1","","1","","","59","59","1","12","4","120.646378","24.139962","4"
"5890","66000","387130000C","(04)23274275","(04)23288582","2026","1","14","18","37","臺中市","梧棲區","0","0","0","7","","","50","","","","","","","","","","","","","","17","","","","","B03","","","1","","1","","","8","8","1","6","4","120.548729","24.247912","3"
"5891","66000","387130000C","(04)23274275","(04)23288582","2026","1","14","18","47","臺中市","大雅區","0","0","0","7","","","50","","","","","","","","","","","","","","","","","","","C03","","","1","","2","","","49","49","1","12","2","120.654502","24.222502","3"
"5892","66000","387130000C","(04)23274275","(04)23288582","2026","1","14","18","48","臺中市","潭子區","0","1","0","7","1","6","50","11","9","1","5","4","6","6","4","4","10","5","5","1","20","2","9","2","1","C03","7","9","1","10","2","14","","8","8","1","12","4","120.71202","24.193797","2"
"5893","66000","387130000C","(04)23274275","(04)23288582","2026","1","14","18","48","臺中市","北屯區","0","1","0","7","1","6","50","13","9","1","5","4","6","6","4","4","7","4","5","2","13","2","9","1","1","C03","7","9","1","10","2","11","","84","84","1","13","4","120.687171","24.186431","2"
"5894","66000","387130000C","(04)23274275","(04)23288582","2026","1","14","18","51","臺中市","東區","0","0","0","7","","","50","","","","","","","","","","","","","","","","","","","B03","","","1","","2","","","51","51","1","13","4","120.708508","24.142925","3"
"5895","66000","387130000C","(04)23274275","(04)23288582","2026","1","14","18","52","臺中市","后里區","0","2","0","7","1","6","30","4","1","1","5","4","6","6","4","4","5","5","5","2","16","2","9","1","1","C03","7","6","1","10","2","14","","14","14","1","12","4","120.720346","24.307769","2"
"5896","66000","387130000C","(04)23274275","(04)23288582","2026","1","14","18","56","臺中市","南區","0","0","0","7","","","30","","","","","","","","","","","","","","30","","","","","B03","","","1","","2","","","8","8","1","6","4","120.653373","24.123753","3"
"5897","66000","387130000C","(04)23274275","(04)23288582","2026","1","14","18","59","臺中市","西屯區","0","0","0","7","","","60","","","","","","","","","","","","","","","","","","","B03","","","1","","1","","","59","59","1","12","4","120.639414","24.188611","3"
"5898","66000","387130000C","(04)23274275","(04)23288582","2026","1","14","19","0","臺中市","梧棲區","0","1","0","7","1","6","50","13","14","1","5","4","6","6","4","4","1","4","5","1","16","2","7","1","1","C03","7","9","5","19","3","14","","59","59","1","6","4","120.531838","24.261017","2"
"5899","66000","387130000C","(04)23274275","(04)23288582","2026","1","14","19","1","臺中市","西屯區","0","1","0","7","1","6","50","4","9","1","5","4","6","6","1","1","5","4","5","2","12","2","9","1","4","C03","7","8","1","10","2","14","","40","40","1","12","4","120.632549","24.182806","2"
"5900","66000","387130000C","(04)23274275","(04)23288582","2026","1","14","19","5","臺中市","南屯區","0","0","0","7","1","6","40","13","8","1","5","4","6","6","4","4","9","5","4","2","13","","","","","C03","","","1","","1","","","7","7","1","12","4","120.637458","24.143794","3"
"5901","66000","387130000C","(04)23274275","(04)23288582","2026","1","14","19","7","臺中市","沙鹿區","0","2","0","7","1","6","50","3","1","1","5","4","6","6","4","4","10","5","5","2","16","2","9","1","1","F03","7","6","7","21","2","12","","48","48","1","12","4","120.560895","24.241608","2"
"5902","66000","387130000C","(04)23274275","(04)23288582","2026","1","14","19","8","臺中市","西屯區","0","1","0","7","1","6","50","3","1","1","5","4","6","6","2","1","10","5","5","2","16","3","10","5","4","B03","7","5","1","8","2","5","","20","20","1","12","4","120.643936","24.163507","2"
"5903","66000","387130000C","(04)23274275","(04)23288582","2026","1","14","19","10","臺中市","南屯區","0","0","0","7","","","50","","","","","","","","","","","","","","17","","","","","B03","","","1","","1","","","8","8","1","12","4","120.639559","24.134936","3"
"5904","66000","387130000C","(04)23274275","(04)23288582","2026","1","14","19","13","臺中市","西屯區","0","1","0","7","1","6","50","3","1","1","5","4","6","6","4","4","10","5","5","2","16","3","10","5","4","B03","7","5","1","8","2","2","","14","14","1","12","4","120.664576","24.177543","2"
"5905","66000","387130000C","(04)23274275","(04)23288582","2026","1","14","19","18","臺中市","神岡區","0","1","0","7","1","6","30","4","1","1","5","4","6","6","3","1","10","4","5","1","15","2","9","1","1","F01","7","9","7","21","2","11","","12","12","1","12","4","120.682345","24.24316","2"
"5906","66000","387130000C","(04)23274275","(04)23288582","2026","1","14","19","27","臺中市","西屯區","0","0","0","7","","","30","","","","","","","","","","","","","","12","","","","","B03","","","1","","1","","","8","8","1","12","4","120.647537","24.199769","3"
"5907","66000","387130000C","(04)23274275","(04)23288582","2026","1","14","19","30","臺中市","南屯區","0","0","0","7","","","50","","","","","","","","","","","","","","17","","","","","","","","","","","","","119","119","1","","","120.64451","24.147762","3"
"5908","66000","387130000C","(04)23274275","(04)23288582","2026","1","14","19","32","臺中市","清水區","0","1","0","7","1","6","50","3","2","1","5","4","6","6","1","1","8","3","4","2","13","2","9","1","1","C03","7","9","1","10","2","11","","7","7","1","12","4","120.574497","24.265129","2"
"5909","66000","387130000C","(04)23274275","(04)23288582","2026","1","14","19","39","臺中市","南區","0","1","0","7","1","6","50","5","9","1","5","4","6","6","4","4","5","5","5","2","16","2","9","5","4","C03","7","11","1","10","2","14","","20","20","1","6","4","120.68009","24.129544","2"
"5910","66000","387130000C","(04)23274275","(04)23288582","2026","1","14","19","40","臺中市","西屯區","0","0","0","7","","","50","","","","","","","","","","","","","","","","","","","B03","","","1","","1","","","85","85","1","13","4","120.646707","24.174684","3"
"5911","66000","387130000C","(04)23274275","(04)23288582","2026","1","14","19","42","臺中市","沙鹿區","0","2","0","7","1","6","40","4","2","1","5","4","6","6","1","1","5","4","4","2","2","2","9","1","1","C03","7","9","1","10","2","11","","59","59","1","12","4","120.559035","24.23486","2"
"5912","66000","387130000C","(04)23274275","(04)23288582","2026","1","14","19","43","臺中市","北區","0","1","0","7","1","6","50","4","2","1","5","4","6","6","2","1","3","4","5","2","9","3","10","3","1","B03","7","11","2","19","2","8","","84","84","1","13","4","120.678266","24.163112","2"
"5913","66000","387130000C","(04)23274275","(04)23288582","2026","1","14","19","59","臺中市","西屯區","0","1","0","7","1","6","50","3","1","1","5","4","6","6","4","4","10","5","5","2","13","2","8","1","4","C03","7","9","1","10","2","11","12","43","43","1","12","4","120.6444","24.174073","2"
"5914","66000","387130000C","(04)23274275","(04)23288582","2026","1","14","20","2","臺中市","南屯區","0","1","0","7","2","6","50","3","1","1","5","4","6","6","4","4","9","4","4","2","13","2","9","1","1","C03","7","7","1","10","2","11","","7","7","1","12","4","120.607879","24.127281","2"
"5915","66000","387130000C","(04)23274275","(04)23288582","2026","1","14","20","5","臺中市","大里區","0","0","0","7","","","50","","","","","","","","","","","","","","","","","","","C03","","","1","","1","","","7","7","1","12","4","120.7035","24.095688","3"
"5916","66000","387130000C","(04)23274275","(04)23288582","2026","1","14","20","12","臺中市","北屯區","0","0","0","7","","","50","","","","","","","","","","","","","","15","","","","","B03","","","1","8","2","","","20","20","1","12","4","120.688531","24.1916","3"
"5917","66000","387130000C","(04)23274275","(04)23288582","2026","1","14","20","39","臺中市","大里區","0","0","0","7","","","50","","","","","","","","","","","","","","12","","","","","B03","","","1","","2","","","35","35","1","12","4","120.688792","24.119824","3"
"5918","66000","387130000C","(04)23274275","(04)23288582","2026","1","14","20","49","臺中市","北區","0","0","0","7","","","50","","","","","","","","","","","","","","","","","","","B03","","","1","","2","","","84","84","1","12","4","120.682344","24.163038","3"
"5919","66000","387130000C","(04)23274275","(04)23288582","2026","1","14","20","49","臺中市","烏日區","0","0","0","7","1","6","50","13","1","1","5","4","6","6","4","4","5","4","5","1","13","3","10","1","1","C03","7","9","1","10","1","11","","84","84","1","6","4","120.638424","24.106678","3"
"5920","66000","387130000C","(04)23274275","(04)23288582","2026","1","14","20","50","臺中市","西區","0","0","0","7","","","50","","","","","","","","","","","","","","12","","","","","C03","","","1","","1","","","8","8","1","13","4","120.662766","24.16122","4"
"5921","66000","387130000C","(04)23274275","(04)23288582","2026","1","14","20","50","臺中市","大里區","0","0","0","7","","","50","","","","","","","","","","","","","","","","","","","B03","","","1","","2","","","51","51","1","12","4","120.697051","24.104189","3"
"5922","66000","387130000C","(04)23274275","(04)23288582","2026","1","14","20","56","臺中市","外埔區","0","1","0","7","1","6","50","5","1","1","5","4","6","6","1","1","10","5","5","2","16","3","10","3","1","B03","7","6","1","8","2","1","","11","11","1","6","4","120.655802","24.332232","2"
"5923","66000","387130000C","(04)23274275","(04)23288582","2026","1","14","20","59","臺中市","西屯區","0","0","0","7","","","40","","","","","","","","","","","","","","12","","","","","C03","","","1","","1","","","40","40","1","12","4","120.639795","24.168889","3"
"5924","66000","387130000C","(04)23274275","(04)23288582","2026","1","14","21","0","臺中市","北屯區","0","0","0","7","","","50","","","","","","","","","","","","","","12","","","","","B03","","","1","","1","","","40","40","1","12","4","120.733754","24.176966","3"
"5925","66000","387130000C","(04)23274275","(04)23288582","2026","1","14","21","1","臺中市","大甲區","0","0","0","7","","","50","","","","","","","","","","","","","","16","","","","","B03","","","1","","1","","","14","14","1","12","4","120.622698","24.348678","3"
"5926","66000","387130000C","(04)23274275","(04)23288582","2026","1","14","21","7","臺中市","西屯區","0","1","0","7","1","6","50","13","9","1","5","4","6","6","4","4","10","4","5","2","13","3","10","3","1","B03","7","9","1","8","2","1","","7","7","1","13","4","120.635162","24.171889","2"
"5927","66000","387130000C","(04)23274275","(04)23288582","2026","1","14","21","9","臺中市","潭子區","0","0","0","7","","","","","","","","","","","","","","","","","17","","","","","","","","","","","","","86","86","1","","","120.700471","24.214008","3"
"5928","66000","387130000C","(04)23274275","(04)23288582","2026","1","14","21","14","臺中市","潭子區","0","0","0","7","","","30","","","","","","","","","","","","","","","","","","","C03","","","1","","2","","","7","7","1","13","4","120.69457","24.218803","3"
"5929","66000","387130000C","(04)23274275","(04)23288582","2026","1","14","21","14","臺中市","豐原區","0","0","0","7","","","50","","","","","","","","","","","","","","17","","","","","B03","","","1","","2","","","51","51","1","12","4","120.707703","24.247116","3"
"5930","66000","387130000C","(04)23274275","(04)23288582","2026","1","14","21","20","臺中市","東區","0","0","0","7","","","50","","","","","","","","","","","","","","17","","","","","B03","","","1","","1","","","85","85","1","12","4","120.689902","24.13827","4"
"5931","66000","387130000C","(04)23274275","(04)23288582","2026","1","14","21","35","臺中市","北區","0","0","0","7","","","50","","","","","","","","","","","","","","15","","","","","C03","","","1","","1","","","15","15","1","13","4","120.666755","24.160421","3"
"5932","66000","387130000C","(04)23274275","(04)23288582","2026","1","14","21","35","臺中市","西屯區","0","1","0","7","1","6","50","3","1","1","5","4","6","6","1","1","10","5","5","2","12","3","10","1","4","C03","7","8","1","10","2","13","","84","84","1","12","2","120.663871","24.176087","2"
"5933","66000","387130000C","(04)23274275","(04)23288582","2026","1","14","21","44","臺中市","西區","0","0","0","7","","","50","","","","","","","","","","","","","","","","","","","B03","","","1","","2","","","40","40","1","13","4","120.655255","24.135112","3"
"5934","66000","387130000C","(04)23274275","(04)23288582","2026","1","14","21","46","臺中市","北屯區","0","0","0","7","","","30","","","","","","","","","","","","","","16","","","","","F01","","","7","","1","","","12","12","1","3","4","120.715879","24.172423","3"
"5935","66000","387130000C","(04)23274275","(04)23288582","2026","1","14","21","52","臺中市","大雅區","0","2","0","7","3","6","30","4","1","1","5","4","6","6","4","4","10","5","5","2","15","2","9","5","4","C03","7","9","1","10","2","11","","15","15","1","12","4","120.655166","24.222016","2"
"5936","66000","387130000C","(04)23274275","(04)23288582","2026","1","14","21","55","臺中市","豐原區","0","0","0","7","","","50","","","","","","","","","","","","","","13","","","","","B03","","","1","","2","","","7","7","1","12","4","120.732328","24.258643","3"
"5937","66000","387130000C","(04)23274275","(04)23288582","2026","1","14","22","2","臺中市","大里區","0","0","0","7","","","50","","","","","","","","","","","","","","16","","","","","C03","","","2","","2","","","21","21","1","12","4","120.689912","24.108361","3"
"5938","66000","387130000C","(04)23274275","(04)23288582","2026","1","14","22","10","臺中市","南屯區","0","1","0","7","2","6","50","4","2","1","5","4","6","6","2","1","5","4","5","2","16","3","10","3","1","A04","7","5","1","2","2","5","","84","84","1","12","4","120.649878","24.134978","2"
"5939","66000","387130000C","(04)23274275","(04)23288582","2026","1","14","22","24","臺中市","北屯區","0","0","0","7","","","50","","","","","","","","","","","","","","16","","","","","C03","","","1","","1","","","5","5","1","6","4","120.692013","24.182689","3"
"5940","66000","387130000C","(04)23274275","(04)23288582","2026","1","14","22","33","臺中市","南屯區","0","1","0","7","1","6","50","4","1","1","5","4","6","6","1","1","10","5","5","2","18","2","9","6","1","F02","7","6","7","21","9","14","","59","59","1","13","4","120.643814","24.150962","2"
"5941","66000","387130000C","(04)23274275","(04)23288582","2026","1","14","22","37","臺中市","西屯區","0","1","0","7","1","6","50","4","1","1","5","4","6","6","2","1","10","5","5","2","12","3","10","5","4","B03","7","7","1","8","2","5","","40","40","1","12","4","120.6511","24.166908","2"
"5942","66000","387130000C","(04)23274275","(04)23288582","2026","1","14","22","48","臺中市","大雅區","0","2","0","7","3","6","50","13","9","1","5","4","6","6","4","4","9","5","5","2","13","2","9","5","4","C03","7","9","1","10","2","11","","7","7","1","12","4","120.647638","24.214753","2"
"5943","66000","387130000C","(04)23274275","(04)23288582","2026","1","14","22","56","臺中市","南區","0","1","0","7","1","6","50","3","1","1","5","4","6","6","1","1","5","5","5","2","13","3","10","2","1","C03","7","9","1","10","2","11","","84","84","1","13","4","120.668632","24.118985","2"
"5944","66000","387130000C","(04)23274275","(04)23288582","2026","1","14","22","56","臺中市","西屯區","0","3","0","7","1","6","50","4","1","1","5","4","6","6","1","1","3","4","5","1","17","2","9","5","4","C03","7","8","1","10","2","13","","40","40","1","13","4","120.647179","24.168727","2"
"5945","66000","387130000C","(04)23274275","(04)23288582","2026","1","14","23","15","臺中市","西區","0","1","0","7","1","6","50","4","1","1","5","4","6","6","1","1","5","4","5","2","16","3","10","3","1","B03","7","5","1","8","2","5","","47","47","1","13","4","120.657427","24.143022","2"
"5946","66000","387130000C","(04)23274275","(04)23288582","2026","1","14","23","21","臺中市","北屯區","0","0","0","7","","","50","","","","","","","","","","","","","","14","","","","","B12","","","1","","2","","","49","49","1","12","4","120.697602","24.161995","3"
"5947","66000","387130000C","(04)23274275","(04)23288582","2026","1","14","23","21","臺中市","霧峰區","0","0","0","7","","6","30","","","","","","","","","","","","","","17","","","","","B03","","","1","8","10","","","85","85","1","13","4","120.700049","24.039433","3"
"5948","66000","387130000C","(04)23274275","(04)23288582","2026","1","14","23","26","臺中市","大里區","0","1","0","7","1","6","50","13","9","1","5","4","6","6","4","4","9","5","5","1","12","2","9","1","1","C03","7","9","1","10","2","12","","59","59","1","13","4","120.707145","24.087124","2"
"5949","66000","387130000C","(04)23274275","(04)23288582","2026","1","14","23","34","臺中市","北屯區","0","0","0","7","","","50","","","","","","","","","","","","","","13","","","","","B03","","","1","","1","","","84","84","1","12","4","120.720724","24.172608","4"
"5950","66000","387130000C","(04)23274275","(04)23288582","2026","1","14","23","40","臺中市","南屯區","0","0","0","7","","","60","","","","","","","","","","","","","","12","","","","","B02","","","1","","2","","","39","39","1","13","4","120.623514","24.149923","3"
"5951","66000","387130000C","(04)23274275","(04)23288582","2026","1","14","23","53","臺中市","北屯區","0","2","0","7","1","6","50","14","7","1","5","4","6","6","4","4","1","5","4","2","12","2","9","1","1","C03","7","5","1","10","2","14","","84","84","1","5","4","120.739842","24.17896","2"
"5952","66000","387130000C","(04)23274275","(04)23288582","2026","1","15","0","28","臺中市","大里區","0","1","0","7","1","6","50","4","1","1","5","4","6","6","1","1","10","5","5","2","17","2","9","4","1","F01","7","9","7","21","2","11","","21","21","1","13","4","120.681167","24.10495","2"
"5953","66000","387130000C","(04)23274275","(04)23288582","2026","1","15","0","39","臺中市","大里區","0","1","0","7","2","6","30","3","1","1","5","4","6","6","4","4","10","5","5","2","17","2","8","5","4","C03","7","5","1","10","2","11","","84","84","1","13","4","120.699913","24.086469","2"
"5954","66000","387130000C","(04)23274275","(04)23288582","2026","1","15","1","50","臺中市","后里區","0","0","0","7","","","50","","","","","","","","","","","","","","14","","","","","B03","","","1","","2","","","49","49","1","6","4","120.723692","24.294721","3"
"5955","66000","387130000C","(04)23274275","(04)23288582","2026","1","15","2","35","臺中市","大雅區","0","0","0","7","","","50","","","","","","","","","","","","","","","","","","","C03","","","1","","2","","","84","84","1","13","4","120.652018","24.216522","4"
"5956","66000","387130000C","(04)23274275","(04)23288582","2026","1","15","2","42","臺中市","東區","0","1","0","7","1","6","40","3","2","1","5","4","6","6","4","4","10","5","5","2","17","2","9","2","1","C03","7","9","1","10","5","11","","59","59","1","13","4","120.698148","24.144609","2"
"5957","66000","387130000C","(04)23274275","(04)23288582","2026","1","15","4","30","臺中市","大雅區","0","0","0","7","","","40","","","","","","","","","","","","","","","","","","","B12","","","1","","2","","","55","55","1","13","4","120.649219","24.216172","3"
"5958","66000","387130000C","(04)23274275","(04)23288582","2026","1","15","5","24","臺中市","大里區","0","0","0","7","","","50","","","","","","","","","","","","","","17","","","","","B12","","","1","","1","","","50","50","2","6","4","120.688452","24.108035","3"
"5959","66000","387130000C","(04)23274275","(04)23288582","2026","1","15","5","53","臺中市","沙鹿區","0","1","0","7","1","6","50","13","7","1","5","4","6","6","4","4","5","4","5","1","13","3","10","3","1","B03","7","9","1","8","2","1","","59","59","1","6","4","120.561885","24.232274","2"
"5960","66000","387130000C","(04)23274275","(04)23288582","2026","1","15","5","55","臺中市","龍井區","0","0","0","7","","","50","","","","","","","","","","","","","","","","","","","B03","","","3","","2","","","84","84","1","6","4","120.556374","24.201184","3"
"5961","66000","387130000C","(04)23274275","(04)23288582","2026","1","15","6","0","臺中市","后里區","0","1","0","7","1","6","50","13","8","1","5","4","6","6","4","4","9","4","4","2","12","3","10","4","1","A12","7","13","1","3","2","7","","77","77","1","6","4","120.693278","24.313625","2"
"5962","66000","387130000C","(04)23274275","(04)23288582","2026","1","15","6","4","臺中市","龍井區","0","0","0","7","","","50","","","","","","","","","","","","","","","","","","","B03","","","3","","9","","","43","43","1","12","4","120.536002","24.194667","3"
"5963","66000","387130000C","(04)23274275","(04)23288582","2026","1","15","6","5","臺中市","龍井區","0","1","0","7","2","6","50","11","9","1","5","4","6","6","4","4","5","5","5","1","18","2","9","1","1","C03","7","9","1","10","2","14","","59","59","1","6","4","120.554671","24.188778","2"
"5964","66000","387130000C","(04)23274275","(04)23288582","2026","1","15","6","18","臺中市","清水區","0","1","0","7","3","6","50","3","2","1","5","4","6","6","4","4","9","4","5","1","16","3","10","3","1","B03","7","6","1","8","2","1","","48","48","1","12","4","120.564437","24.280442","2"
"5965","66000","387130000C","(04)23274275","(04)23288582","2026","1","15","6","25","臺中市","后里區","0","2","0","7","3","6","50","13","8","1","5","4","6","6","4","4","9","4","4","1","16","2","8","1","1","C03","7","1","1","10","2","14","","51","51","1","6","4","120.692044","24.314044","2"
"5966","66000","387130000C","(04)23274275","(04)23288582","2026","1","15","6","28","臺中市","清水區","0","0","0","7","","","50","","","","","","","","","","","","","","","","","","","B03","","","1","","2","","","40","40","1","12","4","120.577634","24.275858","3"