序號,縣市別代碼,機關代碼,市話,傳真,年,月,日,時,分,縣市,區,死亡數量,受傷數量,2-30,天候,道路照明設備,道路類別,道路速限,道路型態,事故位置,路面鋪裝,路面狀態,路面缺陷,障礙物,視距,號誌種類,號誌動作,分向設施,快車道或一般車道間,快慢車道間,路面邊線,事故類型及型態,受傷程度,主要傷處,保護裝備,行動電話或功能裝置,當事者區分(類別),車輛用途,當事者行動狀態,駕照狀態,駕照種類,飲酒情形,車輛撞擊部位最初,車輛撞擊部位其他,肇事因素個別,肇事因素主要,肇事逃逸,職業,共享經濟或外送平台,GPS座標X,GPS座標Y,事故類別
"5967","66000","387130000C","(04)23274275","(04)23288582","2026","1","15","6","36","臺中市","潭子區","0","2","0","7","3","6","50","4","1","1","5","4","6","6","4","4","5","5","5","1","15","2","9","2","1","C03","7","9","1","10","2","12","","15","15","1","13","4","120.708185","24.215629","2"
"5968","66000","387130000C","(04)23274275","(04)23288582","2026","1","15","6","40","臺中市","北屯區","0","1","0","7","2","6","50","4","1","1","5","4","6","6","2","1","5","5","5","2","18","2","9","2","1","C03","7","9","1","10","2","16","","82","82","1","12","4","120.69083","24.180345","2"
"5969","66000","387130000C","(04)23274275","(04)23288582","2026","1","15","7","0","臺中市","南區","0","1","0","7","1","6","50","4","1","1","5","4","6","6","1","1","9","4","5","2","12","2","9","1","1","C03","7","6","1","10","2","14","","48","48","1","12","4","120.648615","24.119636","2"
"5970","66000","387130000C","(04)23274275","(04)23288582","2026","1","15","7","3","臺中市","大里區","0","2","0","7","2","6","50","3","2","1","5","4","6","6","2","1","5","5","5","2","13","2","9","1","1","C03","7","9","1","10","2","11","14","7","7","1","6","4","120.705755","24.104428","2"
"5971","66000","387130000C","(04)23274275","(04)23288582","2026","1","15","7","5","臺中市","烏日區","0","1","0","7","2","6","40","3","1","1","5","4","6","6","4","4","10","5","5","2","17","3","10","1","1","C03","7","6","1","10","2","16","","85","85","1","6","4","120.606345","24.119311","2"
"5972","66000","387130000C","(04)23274275","(04)23288582","2026","1","15","7","8","臺中市","神岡區","0","0","0","7","","","30","","","","","","","","","","","","","","16","","","","","B03","","","1","","1","","","14","14","1","12","4","120.657592","24.271445","3"
"5973","66000","387130000C","(04)23274275","(04)23288582","2026","1","15","7","10","臺中市","西屯區","0","1","0","7","2","6","40","13","9","1","5","4","6","6","4","4","7","5","5","2","18","2","9","2","1","C03","7","9","1","10","2","16","","84","84","1","13","4","120.6101","24.200099","2"
"5974","66000","387130000C","(04)23274275","(04)23288582","2026","1","15","7","10","臺中市","大里區","0","1","0","7","2","9","50","11","9","1","5","4","6","6","4","4","5","5","5","1","11","3","10","3","1","A05","7","9","1","6","2","4","","8","8","1","13","4","120.693948","24.084261","2"
"5975","66000","387130000C","(04)23274275","(04)23288582","2026","1","15","7","18","臺中市","大雅區","0","0","0","7","","","30","","","","","","","","","","","","","","","","","","","B03","","","1","","2","","","12","12","1","13","4","120.639323","24.21259","3"
"5976","66000","387130000C","(04)23274275","(04)23288582","2026","1","15","7","21","臺中市","太平區","0","1","0","7","2","6","50","4","2","1","5","4","6","6","1","1","5","5","5","1","17","2","8","2","1","C03","7","9","1","10","2","14","","84","84","1","12","4","120.719325","24.131209","2"
"5977","66000","387130000C","(04)23274275","(04)23288582","2026","1","15","7","22","臺中市","西屯區","0","1","0","7","2","6","50","3","9","1","5","4","6","6","2","1","5","4","5","2","12","3","10","1","1","C03","7","7","1","10","2","15","","8","8","1","13","4","120.618933","24.187523","2"
"5978","66000","387130000C","(04)23274275","(04)23288582","2026","1","15","7","24","臺中市","北屯區","0","1","0","7","3","6","50","4","1","1","5","4","6","6","1","1","10","5","5","2","16","3","10","3","1","B03","7","6","1","8","2","2","","48","48","1","6","4","120.711301","24.172254","2"
"5979","66000","387130000C","(04)23274275","(04)23288582","2026","1","15","7","25","臺中市","潭子區","0","0","0","7","","","50","","","","","","","","","","","","","","13","","","","","B03","","","1","","2","","","59","59","1","12","4","120.70955","24.203646","3"
"5980","66000","387130000C","(04)23274275","(04)23288582","2026","1","15","7","25","臺中市","大肚區","0","1","0","7","2","6","50","13","9","1","5","4","6","6","4","4","5","4","5","1","13","3","10","3","1","B03","7","9","1","8","2","5","","7","7","1","6","4","120.539609","24.159626","2"
"5981","66000","387130000C","(04)23274275","(04)23288582","2026","1","15","7","27","臺中市","后里區","0","0","0","7","2","6","50","3","1","1","5","4","6","6","1","1","3","4","4","1","13","","","","","B03","","","1","","2","","","59","59","2","6","4","120.723205","24.28759","3"
"5982","66000","387130000C","(04)23274275","(04)23288582","2026","1","15","7","28","臺中市","東勢區","0","0","0","7","","","60","","","","","","","","","","","","","","","","","","","B03","","","1","","1","","","7","7","1","12","4","120.825046","24.261222","3"
"5983","66000","387130000C","(04)23274275","(04)23288582","2026","1","15","7","29","臺中市","清水區","0","0","0","7","","","50","","","","","","","","","","","","","","17","","","","","B03","","","1","","2","","","83","83","1","12","4","120.545983","24.267357","3"
"5984","66000","387130000C","(04)23274275","(04)23288582","2026","1","15","7","30","臺中市","豐原區","0","1","0","7","2","6","30","3","2","1","5","4","6","6","4","4","10","5","5","2","13","2","9","5","4","C03","7","9","1","10","2","15","","58","58","1","13","4","120.717799","24.264216","2"
"5985","66000","387130000C","(04)23274275","(04)23288582","2026","1","15","7","32","臺中市","北屯區","0","0","0","7","","","50","","","","","","","","","","","","","","12","","","","","B03","","","1","","1","","","84","84","1","12","4","120.684979","24.19622","3"
"5986","66000","387130000C","(04)23274275","(04)23288582","2026","1","15","7","33","臺中市","神岡區","0","0","0","7","","","50","","","","","","","","","","","","","","17","","","","","C03","","","1","","2","","","59","59","1","13","4","120.695641","24.247688","3"
"5987","66000","387130000C","(04)23274275","(04)23288582","2026","1","15","7","34","臺中市","西屯區","0","0","0","7","","","30","","","","","","","","","","","","","","17","","","","","B03","","","1","","1","","","76","76","1","13","4","120.642639","24.19693","3"
"5988","66000","387130000C","(04)23274275","(04)23288582","2026","1","15","7","34","臺中市","西屯區","0","0","0","7","","","0","","","","","","","","","","","","","","15","","","","","B03","","","1","","1","","","84","84","1","12","4","120.614021","24.183518","3"
"5989","66000","387130000C","(04)23274275","(04)23288582","2026","1","15","7","35","臺中市","太平區","0","0","0","7","","","50","","","","","","","","","","","","","","12","","","","","B12","","","1","","2","","","8","8","1","12","4","120.712741","24.145481","3"
"5990","66000","387130000C","(04)23274275","(04)23288582","2026","1","15","7","35","臺中市","清水區","0","1","0","7","3","6","30","11","9","1","5","4","6","6","4","4","10","5","5","1","10","2","9","2","1","F03","7","9","7","21","2","11","","41","41","1","12","4","120.595474","24.308489","2"
"5991","66000","387130000C","(04)23274275","(04)23288582","2026","1","15","7","35","臺中市","神岡區","0","0","0","7","2","6","40","5","1","1","5","4","6","6","1","1","10","5","5","2","17","3","10","5","4","C03","7","9","1","10","2","13","","59","59","2","12","4","120.664787","24.273776","3"
"5992","66000","387130000C","(04)23274275","(04)23288582","2026","1","15","7","37","臺中市","大雅區","0","0","0","7","","","50","","","","","","","","","","","","","","16","","","","","C03","","","5","","2","","","11","11","1","12","4","120.641337","24.228384","3"
"5993","66000","387130000C","(04)23274275","(04)23288582","2026","1","15","7","37","臺中市","大甲區","0","0","0","7","","","50","","","","","","","","","","","","","","","","","","","C03","","","1","","2","","","7","7","1","6","4","120.651326","24.38114","3"
"5994","66000","387130000C","(04)23274275","(04)23288582","2026","1","15","7","41","臺中市","南屯區","0","1","0","7","3","6","50","13","8","1","5","4","6","6","4","4","1","4","5","2","13","3","10","3","1","B03","7","9","1","8","2","1","","84","84","1","12","4","120.622831","24.146414","2"
"5995","66000","387130000C","(04)23274275","(04)23288582","2026","1","15","7","42","臺中市","西屯區","0","1","0","7","2","6","40","4","2","1","5","4","6","6","1","1","5","4","4","2","18","2","9","1","4","C03","7","9","1","10","2","14","","84","84","1","13","4","120.590438","24.171605","2"
"5996","66000","387130000C","(04)23274275","(04)23288582","2026","1","15","7","43","臺中市","潭子區","0","0","0","7","","","30","","","","","","","","","","","","","","","","","","","C03","","","1","","2","","","84","84","1","13","4","120.681367","24.223562","3"
"5997","66000","387130000C","(04)23274275","(04)23288582","2026","1","15","7","43","臺中市","龍井區","0","1","0","7","2","6","30","3","1","1","5","4","6","6","4","4","5","5","5","1","16","3","10","3","1","B03","7","6","1","8","2","8","","14","14","1","12","4","120.534801","24.17724","2"
"5998","66000","387130000C","(04)23274275","(04)23288582","2026","1","15","7","43","臺中市","神岡區","0","0","0","7","","","50","","","","","","","","","","","","","","17","","","","","C03","","","1","","2","","","51","51","1","13","4","120.674753","24.251977","3"
"5999","66000","387130000C","(04)23274275","(04)23288582","2026","1","15","7","44","臺中市","外埔區","0","1","0","7","2","6","50","13","9","1","5","4","6","6","4","4","5","5","5","1","17","3","10","3","1","B03","7","1","1","8","2","8","","39","39","1","12","4","120.643553","24.332038","2"
"6000","66000","387130000C","(04)23274275","(04)23288582","2026","1","15","7","45","臺中市","北屯區","0","0","0","7","","","50","","","","","","","","","","","","","","","","","","","B03","","","1","","1","","","40","40","1","13","4","120.673748","24.190164","3"
"6001","66000","387130000C","(04)23274275","(04)23288582","2026","1","15","7","45","臺中市","西屯區","0","2","0","7","2","6","50","3","2","1","5","4","6","6","2","1","4","4","4","2","16","3","10","5","4","C03","7","5","1","10","2","13","","47","47","1","13","4","120.640716","24.176188","2"
"6002","66000","387130000C","(04)23274275","(04)23288582","2026","1","15","7","45","臺中市","烏日區","0","0","0","7","","3","80","","","","","","","","","","","","","","13","","","","","B03","","","1","","1","","","7","7","1","6","4","120.616521","24.107356","3"
"6003","66000","387130000C","(04)23274275","(04)23288582","2026","1","15","7","46","臺中市","西區","0","1","0","7","2","6","50","3","2","1","5","4","6","6","4","4","5","4","5","2","12","3","10","3","1","B03","7","9","1","8","2","5","","43","43","1","13","4","120.655692","24.134833","2"
"6004","66000","387130000C","(04)23274275","(04)23288582","2026","1","15","7","46","臺中市","西區","0","1","0","7","2","6","50","4","8","1","5","4","6","6","2","1","1","3","4","2","13","2","9","2","1","C03","7","9","1","10","2","11","","84","84","1","12","4","120.657197","24.143154","2"
"6005","66000","387130000C","(04)23274275","(04)23288582","2026","1","15","7","49","臺中市","西區","0","0","0","7","","","50","","","","","","","","","","","","","","","","","","","C03","","","1","","1","","","7","7","1","12","4","120.672608","24.136325","3"
"6006","66000","387130000C","(04)23274275","(04)23288582","2026","1","15","7","49","臺中市","西屯區","0","0","0","7","","","30","","","","","","","","","","","","","","13","","","","","C03","","","1","","1","","","7","7","1","13","4","120.645737","24.199177","3"
"6007","66000","387130000C","(04)23274275","(04)23288582","2026","1","15","7","50","臺中市","西區","0","1","0","7","3","6","40","3","2","1","5","4","6","6","3","1","5","5","4","2","17","3","10","1","1","C03","7","9","1","10","2","11","","4","4","1","6","4","120.660685","24.1329","2"
"6008","66000","387130000C","(04)23274275","(04)23288582","2026","1","15","7","50","臺中市","大甲區","0","1","0","7","3","6","50","11","9","1","5","4","6","6","4","4","5","5","5","2","17","2","9","1","1","C03","7","9","1","10","2","14","","7","7","1","6","4","120.637533","24.355996","2"
"6009","66000","387130000C","(04)23274275","(04)23288582","2026","1","15","7","51","臺中市","潭子區","0","0","0","7","","","50","","","","","","","","","","","","","","","","","","","C03","","","1","","2","","","7","7","1","12","4","120.684792","24.216293","3"
"6010","66000","387130000C","(04)23274275","(04)23288582","2026","1","15","7","51","臺中市","西屯區","0","0","0","7","","","50","","","","","","","","","","","","","","17","","","","","C03","","","1","","9","","","8","8","1","13","4","120.64218","24.169561","3"
"6011","66000","387130000C","(04)23274275","(04)23288582","2026","1","15","7","52","臺中市","北區","0","1","0","7","2","6","50","11","7","1","5","4","6","6","4","4","5","5","4","2","16","3","10","3","1","B03","7","11","1","8","2","8","","34","34","1","13","4","120.664482","24.158464","2"
"6012","66000","387130000C","(04)23274275","(04)23288582","2026","1","15","7","52","臺中市","南屯區","0","0","0","7","","","50","","","","","","","","","","","","","","13","","","","","B01","","","1","","1","","","7","7","1","6","4","120.612566","24.151349","3"
"6013","66000","387130000C","(04)23274275","(04)23288582","2026","1","15","7","52","臺中市","太平區","0","1","0","7","2","6","50","4","1","1","5","4","6","6","1","1","10","5","5","2","16","3","10","2","1","C03","7","5","1","10","2","12","","47","47","1","12","4","120.716151","24.105968","2"
"6014","66000","387130000C","(04)23274275","(04)23288582","2026","1","15","7","53","臺中市","南屯區","0","1","0","7","3","6","30","13","9","1","5","4","6","6","4","4","10","5","5","2","17","3","10","3","1","B03","7","1","1","8","1","8","","51","51","1","12","4","120.64195","24.146402","2"
"6015","66000","387130000C","(04)23274275","(04)23288582","2026","1","15","7","54","臺中市","太平區","0","1","0","7","2","6","30","4","1","1","5","4","6","6","4","4","5","5","5","2","16","2","9","2","1","C03","7","5","1","10","2","14","","12","12","1","12","4","120.718199","24.150703","2"
"6016","66000","387130000C","(04)23274275","(04)23288582","2026","1","15","7","54","臺中市","沙鹿區","0","1","0","7","2","6","40","13","8","1","5","4","3","6","4","4","1","4","4","2","12","2","8","2","1","C03","7","9","1","10","2","14","","43","43","1","6","4","120.552306","24.216459","2"
"6017","66000","387130000C","(04)23274275","(04)23288582","2026","1","15","7","57","臺中市","太平區","0","0","0","7","","","50","","","","","","","","","","","","","","13","","","","","B03","","","1","","1","","","7","7","1","12","4","120.723166","24.149437","3"
"6018","66000","387130000C","(04)23274275","(04)23288582","2026","1","15","7","58","臺中市","北屯區","0","0","0","7","","","50","","","","","","","","","","","","","","13","","","","","C03","","","1","","1","","","84","84","1","6","4","120.727801","24.159716","3"
"6019","66000","387130000C","(04)23274275","(04)23288582","2026","1","15","7","58","臺中市","西屯區","0","0","0","7","","","30","","","","","","","","","","","","","","14","","","","","A11","","","1","","1","","","49","49","1","13","4","120.634979","24.191627","3"
"6020","66000","387130000C","(04)23274275","(04)23288582","2026","1","15","7","59","臺中市","沙鹿區","0","1","0","7","2","6","40","13","8","1","5","4","6","6","4","4","3","4","4","2","18","2","9","2","1","C03","7","9","3","19","2","14","","43","43","1","6","4","120.557948","24.226932","2"
"6021","66000","387130000C","(04)23274275","(04)23288582","2026","1","15","8","0","臺中市","大里區","0","0","0","7","","","50","","","","","","","","","","","","","","17","","","","","B03","","","1","","1","","","87","87","1","12","4","120.690128","24.123083","3"
"6022","66000","387130000C","(04)23274275","(04)23288582","2026","1","15","8","3","臺中市","潭子區","0","1","0","7","3","6","30","4","1","1","5","4","6","6","4","4","10","5","5","2","15","2","9","2","1","F03","7","9","7","21","2","11","","15","15","1","12","4","120.702733","24.209975","2"
"6023","66000","387130000C","(04)23274275","(04)23288582","2026","1","15","8","3","臺中市","烏日區","0","0","0","7","","","50","","","","","","","","","","","","","","13","","","","","B03","","","1","","2","","","51","51","1","6","4","120.597933","24.110172","3"
"6024","66000","387130000C","(04)23274275","(04)23288582","2026","1","15","8","9","臺中市","大里區","0","0","0","7","","","50","","","","","","","","","","","","","","12","","","","","A41","","","1","","2","","","40","40","1","6","4","120.666213","24.083122","3"
"6025","66000","387130000C","(04)23274275","(04)23288582","2026","1","15","8","9","臺中市","外埔區","0","2","0","7","2","6","50","10","8","1","5","4","6","6","4","4","3","4","4","2","12","3","10","3","1","B03","7","10","1","8","2","5","","40","40","1","6","4","120.640774","24.339331","2"
"6026","66000","387130000C","(04)23274275","(04)23288582","2026","1","15","8","10","臺中市","烏日區","0","1","0","7","2","6","50","13","9","1","5","4","6","6","4","4","5","4","5","1","28","","","","","","","","","","","","","118","118","1","","","120.643065","24.076073","2"
"6027","66000","387130000C","(04)23274275","(04)23288582","2026","1","15","8","10","臺中市","沙鹿區","0","0","0","7","","","60","","","","","","","","","","","","","","12","","","","","B03","","","1","","1","","","40","40","1","6","4","120.597328","24.250006","3"
"6028","66000","387130000C","(04)23274275","(04)23288582","2026","1","15","8","15","臺中市","中區","0","0","0","7","","","50","","","","","","","","","","","","","","13","","","","","C03","","","1","","1","","","7","7","1","12","4","120.683141","24.142547","3"
"6029","66000","387130000C","(04)23274275","(04)23288582","2026","1","15","8","15","臺中市","北屯區","0","0","0","7","","","50","","","","","","","","","","","","","","13","","","","","C03","","","1","","1","","","59","59","1","6","4","120.686688","24.198802","3"
"6030","66000","387130000C","(04)23274275","(04)23288582","2026","1","15","8","15","臺中市","西屯區","0","2","0","7","2","6","50","13","9","1","5","4","6","6","4","4","5","4","4","2","13","2","9","5","4","C03","7","9","1","10","2","11","14","7","7","1","12","4","120.623304","24.185816","2"
"6031","66000","387130000C","(04)23274275","(04)23288582","2026","1","15","8","16","臺中市","西區","0","2","0","7","2","6","50","4","1","1","5","4","6","6","4","4","10","5","5","2","17","2","9","1","1","C03","7","9","1","10","2","11","","15","15","1","12","4","120.658944","24.155105","2"
"6032","66000","387130000C","(04)23274275","(04)23288582","2026","1","15","8","16","臺中市","北區","0","2","0","7","2","6","50","4","2","1","5","4","6","6","1","1","5","4","5","2","13","2","9","1","1","C03","7","9","1","10","2","11","","7","7","1","12","4","120.682089","24.154584","2"
"6033","66000","387130000C","(04)23274275","(04)23288582","2026","1","15","8","16","臺中市","大里區","0","0","0","7","","","50","","","","","","","","","","","","","","","","","","","B03","","","1","","2","","","40","40","1","12","4","120.679324","24.115507","3"
"6034","66000","387130000C","(04)23274275","(04)23288582","2026","1","15","8","17","臺中市","大里區","0","1","0","7","2","6","50","4","1","1","5","4","6","6","1","1","10","5","5","1","16","3","10","3","1","B03","7","5","1","8","2","5","","85","85","1","12","4","120.685063","24.118992","2"
"6035","66000","387130000C","(04)23274275","(04)23288582","2026","1","15","8","18","臺中市","北屯區","0","1","0","7","3","6","50","4","2","1","5","4","6","6","2","1","10","5","5","2","13","2","8","2","1","C03","7","7","1","10","1","14","12","84","84","1","6","4","120.701002","24.170131","2"
"6036","66000","387130000C","(04)23274275","(04)23288582","2026","1","15","8","18","臺中市","大里區","0","0","0","7","","3","80","","","","","","","","","","","","","","13","","","","","A41","","","1","","2","","","7","7","1","6","4","120.688471","24.095036","3"
"6037","66000","387130000C","(04)23274275","(04)23288582","2026","1","15","8","21","臺中市","龍井區","0","1","0","7","2","6","50","3","2","1","5","4","6","6","4","4","5","5","5","1","16","2","9","1","1","C03","7","5","1","10","2","13","","12","12","1","12","4","120.549871","24.190931","2"
"6038","66000","387130000C","(04)23274275","(04)23288582","2026","1","15","8","26","臺中市","西屯區","0","1","0","7","2","6","30","13","9","1","5","4","6","6","4","4","10","5","5","2","13","2","7","5","4","C03","7","9","1","10","2","11","","7","7","1","13","4","120.657425","24.202355","2"
"6039","66000","387130000C","(04)23274275","(04)23288582","2026","1","15","8","28","臺中市","石岡區","0","1","0","7","2","6","30","4","1","1","5","4","6","6","4","4","10","5","5","1","15","3","10","5","4","C03","7","9","3","19","2","11","","85","85","1","13","4","120.807201","24.241046","2"
"6040","66000","387130000C","(04)23274275","(04)23288582","2026","1","15","8","30","臺中市","北屯區","0","1","0","7","2","6","50","3","1","1","5","4","6","6","4","4","10","5","5","2","17","3","10","1","1","C03","7","6","1","10","2","14","","48","48","1","6","4","120.704828","24.169288","2"
"6041","66000","387130000C","(04)23274275","(04)23288582","2026","1","15","8","32","臺中市","南屯區","0","0","0","7","3","6","50","13","9","1","5","4","6","6","4","4","5","4","5","2","13","","","","","C03","","","1","","2","","","7","7","1","12","4","120.622888","24.140467","3"
"6042","66000","387130000C","(04)23274275","(04)23288582","2026","1","15","8","42","臺中市","東區","0","0","0","7","","","50","","","","","","","","","","","","","","12","","","","","","","","","","","","","85","85","1","","","120.69698","24.142881","3"
"6043","66000","387130000C","(04)23274275","(04)23288582","2026","1","15","8","43","臺中市","大雅區","0","0","0","7","","","50","","","","","","","","","","","","","","","","","","","B03","","","1","","1","","","56","56","1","12","4","120.649736","24.222866","3"
"6044","66000","387130000C","(04)23274275","(04)23288582","2026","1","15","8","43","臺中市","梧棲區","0","1","0","7","2","6","50","13","8","1","5","4","6","6","4","4","3","4","4","1","7","2","7","6","5","H01","8","16","7","21","10","17","","109","109","1","12","5","120.548167","24.246975","2"
"6045","66000","387130000C","(04)23274275","(04)23288582","2026","1","15","8","45","臺中市","北屯區","0","0","0","7","","","30","","","","","","","","","","","","","","17","","","","","B03","","","1","","2","","","84","84","1","6","4","120.70094","24.184331","3"
"6046","66000","387130000C","(04)23274275","(04)23288582","2026","1","15","8","47","臺中市","北屯區","0","2","0","7","2","6","50","3","1","1","5","4","6","6","4","4","10","5","5","2","12","2","9","1","1","C03","7","9","1","10","2","12","","85","85","1","12","4","120.705411","24.166644","2"
"6047","66000","387130000C","(04)23274275","(04)23288582","2026","1","15","8","49","臺中市","太平區","0","0","0","7","","","50","","","","","","","","","","","","","","","","","","","C03","","","1","","10","","","84","84","1","12","4","120.712193","24.144456","3"
"6048","66000","387130000C","(04)23274275","(04)23288582","2026","1","15","8","50","臺中市","北區","0","1","0","7","2","6","50","4","2","1","5","4","6","6","2","1","10","5","5","2","17","2","9","1","1","C03","7","9","1","10","2","11","","7","7","1","13","4","120.677376","24.153925","2"
"6049","66000","387130000C","(04)23274275","(04)23288582","2026","1","15","8","51","臺中市","北屯區","0","2","0","7","3","6","50","4","1","1","5","4","6","6","1","1","10","5","5","2","15","2","9","1","1","C03","7","9","1","10","2","11","","21","21","1","6","4","120.660728","24.191584","2"
"6050","66000","387130000C","(04)23274275","(04)23288582","2026","1","15","8","53","臺中市","南屯區","0","1","0","6","2","6","50","13","9","1","5","4","6","6","4","4","3","4","5","2","13","2","9","2","1","C03","7","9","1","10","2","11","","7","7","1","12","4","120.600915","24.143351","2"
"6051","66000","387130000C","(04)23274275","(04)23288582","2026","1","15","8","54","臺中市","北屯區","0","0","0","7","","","50","","","","","","","","","","","","","","","","","","","B03","","","1","","1","","","40","40","1","13","4","120.692271","24.162482","3"
"6052","66000","387130000C","(04)23274275","(04)23288582","2026","1","15","8","54","臺中市","大里區","0","1","0","7","2","6","50","4","1","1","5","4","6","6","1","1","10","5","5","2","17","3","10","3","1","B03","7","6","1","1","2","8","","11","11","1","12","4","120.698934","24.09655","2"
"6053","66000","387130000C","(04)23274275","(04)23288582","2026","1","15","8","56","臺中市","東區","0","0","0","7","","","50","","","","","","","","","","","","","","14","","","","","B03","","","1","","2","","","49","49","1","12","4","120.705831","24.138939","3"
"6054","66000","387130000C","(04)23274275","(04)23288582","2026","1","15","8","57","臺中市","西區","0","0","0","7","","","40","","","","","","","","","","","","","","","","","","","C03","","","1","","1","","","7","7","1","6","4","120.664103","24.140049","3"
"6055","66000","387130000C","(04)23274275","(04)23288582","2026","1","15","8","59","臺中市","大里區","0","4","0","7","2","6","50","4","1","1","5","4","6","6","1","1","10","5","5","1","16","2","9","1","1","C03","7","9","1","10","5","11","","4","4","1","12","4","120.67805","24.112002","2"
"6056","66000","387130000C","(04)23274275","(04)23288582","2026","1","15","9","0","臺中市","太平區","0","2","0","7","2","6","50","4","2","1","5","4","6","6","1","1","10","5","5","2","17","2","8","1","1","C03","7","6","1","10","2","11","","23","23","1","12","4","120.721331","24.101346","2"
"6057","66000","387130000C","(04)23274275","(04)23288582","2026","1","15","9","4","臺中市","西區","0","1","0","7","2","6","50","4","1","1","5","4","6","6","2","1","1","4","5","2","13","2","7","1","1","C03","7","9","3","19","2","11","","7","7","1","13","4","120.667875","24.130825","2"
"6058","66000","387130000C","(04)23274275","(04)23288582","2026","1","15","9","5","臺中市","梧棲區","0","0","0","7","","","40","","","","","","","","","","","","","","13","","","","","B12","","","1","","2","","","58","58","1","12","4","120.526215","24.222377","3"
"6059","66000","387130000C","(04)23274275","(04)23288582","2026","1","15","9","10","臺中市","北屯區","0","0","0","7","","","50","","","","","","","","","","","","","","13","","","","","B03","","","1","","1","","","7","7","1","6","4","120.721326","24.176743","3"
"6060","66000","387130000C","(04)23274275","(04)23288582","2026","1","15","9","12","臺中市","東區","0","1","0","7","2","6","50","13","9","1","5","4","6","6","4","4","5","4","5","2","17","2","9","1","1","F03","7","9","7","21","2","11","","8","8","1","12","4","120.701278","24.144296","2"
"6061","66000","387130000C","(04)23274275","(04)23288582","2026","1","15","9","15","臺中市","大雅區","0","2","0","7","3","6","0","13","8","1","5","4","6","6","4","4","5","2","4","1","17","2","9","1","1","C03","7","1","3","19","2","14","","51","51","1","12","4","120.635872","24.215506","2"
"6062","66000","387130000C","(04)23274275","(04)23288582","2026","1","15","9","15","臺中市","南屯區","0","1","0","7","3","6","50","13","9","1","5","4","6","6","4","4","1","4","5","2","12","2","9","1","1","C03","7","9","1","10","2","11","","7","7","1","12","4","120.646913","24.154034","2"
"6063","66000","387130000C","(04)23274275","(04)23288582","2026","1","15","9","15","臺中市","霧峰區","0","2","0","7","2","6","50","3","1","1","5","4","6","6","1","1","10","5","5","2","13","2","9","2","1","C03","7","9","1","10","2","11","","39","39","1","6","4","120.699685","24.07575","2"
"6064","66000","387130000C","(04)23274275","(04)23288582","2026","1","15","9","20","臺中市","西區","0","2","0","7","2","6","50","13","7","1","5","4","6","6","4","4","1","4","4","2","17","2","9","1","1","C03","7","9","1","10","2","11","","7","7","1","12","4","120.658197","24.155242","2"
"6065","66000","387130000C","(04)23274275","(04)23288582","2026","1","15","9","25","臺中市","太平區","0","0","0","7","","","50","","","","","","","","","","","","","","","","","","","B03","","","1","","1","","","7","7","1","12","4","120.712648","24.145287","3"
"6066","66000","387130000C","(04)23274275","(04)23288582","2026","1","15","9","27","臺中市","北屯區","0","1","0","7","2","6","50","13","9","1","5","4","6","6","4","4","3","4","5","2","17","3","10","3","1","B03","7","1","1","8","2","8","","51","51","1","6","4","120.662718","24.188191","2"
"6067","66000","387130000C","(04)23274275","(04)23288582","2026","1","15","9","27","臺中市","神岡區","0","0","0","7","","","30","","","","","","","","","","","","","","17","","","","","B12","","","1","","2","","","59","59","1","13","4","120.692749","24.240475","3"
"6068","66000","387130000C","(04)23274275","(04)23288582","2026","1","15","9","28","臺中市","南屯區","0","0","0","7","","","40","","","","","","","","","","","","","","14","","","","","B03","","","1","","1","","","49","49","1","6","4","120.65023","24.13797","3"
"6069","66000","387130000C","(04)23274275","(04)23288582","2026","1","15","9","30","臺中市","大里區","0","0","0","7","","","30","","","","","","","","","","","","","","","","","","","B03","","","1","","9","","","87","87","1","12","4","120.679764","24.099732","3"
"6070","66000","387130000C","(04)23274275","(04)23288582","2026","1","15","9","31","臺中市","豐原區","0","0","0","7","","","50","","","","","","","","","","","","","","13","","","","","B03","","","1","","2","","","7","7","1","12","4","120.709457","24.248458","3"
"6071","66000","387130000C","(04)23274275","(04)23288582","2026","1","15","9","34","臺中市","南屯區","0","2","0","7","3","6","50","13","9","1","5","4","6","6","4","4","5","4","5","2","13","2","9","2","1","C04","7","9","1","10","2","11","","7","7","1","13","4","120.652973","24.136789","2"
"6072","66000","387130000C","(04)23274275","(04)23288582","2026","1","15","9","39","臺中市","西屯區","0","1","0","7","2","6","40","13","8","1","5","4","6","6","4","4","1","4","4","2","13","2","9","1","1","C03","7","9","1","10","2","11","","85","85","1","13","4","120.654924","24.201112","2"
"6073","66000","387130000C","(04)23274275","(04)23288582","2026","1","15","9","42","臺中市","南屯區","0","1","0","7","2","6","30","4","1","1","5","4","6","6","4","4","9","5","5","2","17","2","9","1","1","C03","7","9","1","10","2","11","","15","15","1","12","4","120.613415","24.146995","2"
"6074","66000","387130000C","(04)23274275","(04)23288582","2026","1","15","9","45","臺中市","北區","0","0","0","7","","","50","","","","","","","","","","","","","","12","","","","","B03","","","1","","1","","","42","42","1","13","4","120.682576","24.153256","3"
"6075","66000","387130000C","(04)23274275","(04)23288582","2026","1","15","9","45","臺中市","北區","0","0","0","7","","","50","","","","","","","","","","","","","","13","","","","","B12","","","1","","1","","","7","7","1","13","4","120.677041","24.162939","3"
"6076","66000","387130000C","(04)23274275","(04)23288582","2026","1","15","9","46","臺中市","大里區","0","1","0","7","2","6","50","3","2","1","5","4","6","6","4","4","5","5","4","2","12","3","10","1","1","C03","7","15","5","19","2","13","","84","84","1","13","4","120.681021","24.109619","2"