序號,縣市別代碼,機關代碼,市話,傳真,年,月,日,時,分,縣市,區,死亡數量,受傷數量,2-30,天候,道路照明設備,道路類別,道路速限,道路型態,事故位置,路面鋪裝,路面狀態,路面缺陷,障礙物,視距,號誌種類,號誌動作,分向設施,快車道或一般車道間,快慢車道間,路面邊線,事故類型及型態,受傷程度,主要傷處,保護裝備,行動電話或功能裝置,當事者區分(類別),車輛用途,當事者行動狀態,駕照狀態,駕照種類,飲酒情形,車輛撞擊部位最初,車輛撞擊部位其他,肇事因素個別,肇事因素主要,肇事逃逸,職業,共享經濟或外送平台,GPS座標X,GPS座標Y,事故類別
"6077","66000","387130000C","(04)23274275","(04)23288582","2026","1","15","9","51","臺中市","北屯區","0","2","0","7","3","6","50","13","9","1","5","4","6","6","4","4","1","4","5","2","13","2","7","2","1","C03","7","9","1","10","2","11","","7","7","1","6","4","120.693593","24.182816","2"
"6078","66000","387130000C","(04)23274275","(04)23288582","2026","1","15","9","51","臺中市","北屯區","0","0","0","7","","","50","","","","","","","","","","","","","","9","","","","","C03","","","3","","9","","","59","59","2","6","4","120.693572","24.182872","3"
"6079","66000","387130000C","(04)23274275","(04)23288582","2026","1","15","9","53","臺中市","西屯區","0","0","0","7","","","40","","","","","","","","","","","","","","13","","","","","C03","","","1","","1","","","7","7","1","12","4","120.612695","24.1841","3"
"6080","66000","387130000C","(04)23274275","(04)23288582","2026","1","15","9","54","臺中市","西屯區","0","0","0","7","","","50","","","","","","","","","","","","","","13","","","","","A42","","","1","","1","","","84","84","1","13","4","120.644635","24.171227","3"
"6081","66000","387130000C","(04)23274275","(04)23288582","2026","1","15","9","57","臺中市","大雅區","0","1","0","7","1","6","30","13","9","1","5","4","6","6","1","1","10","5","5","1","17","3","10","3","1","B03","7","2","1","8","2","16","","85","85","1","12","4","120.628478","24.207012","2"
"6082","66000","387130000C","(04)23274275","(04)23288582","2026","1","15","9","57","臺中市","豐原區","0","1","0","7","2","6","50","3","1","1","5","4","6","6","2","1","5","5","4","2","3","3","10","3","1","B02","7","6","1","8","2","1","","84","84","1","12","4","120.714836","24.245947","2"
"6083","66000","387130000C","(04)23274275","(04)23288582","2026","1","15","9","58","臺中市","北屯區","0","0","0","7","","","50","","","","","","","","","","","","","","17","","","","","B12","","","1","","2","","","87","87","1","6","4","120.704783","24.16949","4"
"6084","66000","387130000C","(04)23274275","(04)23288582","2026","1","15","10","1","臺中市","北屯區","0","1","0","7","3","6","50","4","1","1","5","4","6","6","1","1","10","5","5","2","17","2","9","1","1","C03","7","4","1","10","2","13","","1","1","1","5","4","120.733652","24.15989","2"
"6085","66000","387130000C","(04)23274275","(04)23288582","2026","1","15","10","2","臺中市","西區","0","0","0","7","","","50","","","","","","","","","","","","","","","","","","","B03","","","1","","1","","","7","7","1","6","4","120.657245","24.151019","4"
"6086","66000","387130000C","(04)23274275","(04)23288582","2026","1","15","10","2","臺中市","西屯區","0","1","0","7","2","6","50","13","9","1","5","4","6","6","4","4","10","5","5","2","11","3","10","2","1","C03","7","9","1","10","2","11","","7","7","1","13","4","120.638823","24.17999","2"
"6087","66000","387130000C","(04)23274275","(04)23288582","2026","1","15","10","4","臺中市","西區","0","0","0","7","","","50","","","","","","","","","","","","","","14","","","","","B03","","","1","","2","","","50","50","1","12","4","120.673222","24.149751","3"
"6088","66000","387130000C","(04)23274275","(04)23288582","2026","1","15","10","6","臺中市","南屯區","0","1","0","7","3","6","50","13","9","1","5","4","6","6","4","4","5","5","5","2","16","3","10","3","1","B03","7","5","1","8","2","8","","20","20","1","12","4","120.64483","24.133502","2"
"6089","66000","387130000C","(04)23274275","(04)23288582","2026","1","15","10","9","臺中市","西區","0","1","0","7","2","6","50","4","1","1","5","4","6","6","4","4","5","4","5","2","12","3","10","3","1","B03","7","3","1","8","2","7","","87","87","1","13","4","120.677744","24.139806","2"
"6090","66000","387130000C","(04)23274275","(04)23288582","2026","1","15","10","9","臺中市","北屯區","0","0","0","7","","","50","","","","","","","","","","","","","","","","","","","B03","","","1","","1","","","84","84","1","13","4","120.698418","24.174092","3"
"6091","66000","387130000C","(04)23274275","(04)23288582","2026","1","15","10","10","臺中市","潭子區","0","2","0","7","3","6","30","4","1","1","5","4","6","6","4","4","10","5","5","2","17","2","9","2","1","C03","7","9","1","10","2","11","12","15","15","1","13","4","120.706805","24.20225","2"
"6092","66000","387130000C","(04)23274275","(04)23288582","2026","1","15","10","12","臺中市","新社區","0","1","0","7","2","6","30","11","9","1","5","4","6","6","4","4","10","5","5","1","11","2","9","5","4","C03","7","6","1","10","2","14","","41","41","1","13","4","120.790813","24.234733","2"
"6093","66000","387130000C","(04)23274275","(04)23288582","2026","1","15","10","15","臺中市","潭子區","0","1","0","7","3","6","40","3","2","1","5","4","6","6","3","1","5","5","4","2","17","3","10","4","1","B03","7","15","1","8","2","4","","76","76","1","12","4","120.704121","24.209946","2"
"6094","66000","387130000C","(04)23274275","(04)23288582","2026","1","15","10","16","臺中市","太平區","0","1","0","7","2","6","50","4","1","1","5","4","6","6","1","1","10","5","5","2","16","2","9","2","1","C03","7","6","1","10","2","14","","48","48","1","12","4","120.713913","24.158965","2"
"6095","66000","387130000C","(04)23274275","(04)23288582","2026","1","15","10","17","臺中市","西屯區","0","0","0","7","","","40","","","","","","","","","","","","","","17","","","","","B12","","","1","","2","","","8","8","1","13","4","120.651582","24.163991","3"
"6096","66000","387130000C","(04)23274275","(04)23288582","2026","1","15","10","20","臺中市","西屯區","0","0","0","7","","","50","","","","","","","","","","","","","","11","","","","","B12","","","1","","1","","","41","41","1","12","4","120.626162","24.189357","3"
"6097","66000","387130000C","(04)23274275","(04)23288582","2026","1","15","10","23","臺中市","大里區","0","1","0","7","2","6","50","4","1","1","5","4","6","6","1","1","1","4","4","1","13","2","4","2","1","C03","7","9","1","10","2","11","","7","7","1","12","4","120.695735","24.087993","2"
"6098","66000","387130000C","(04)23274275","(04)23288582","2026","1","15","10","33","臺中市","西屯區","0","0","0","7","","","40","","","","","","","","","","","","","","13","","","","","B03","","","1","","1","","","82","82","1","13","4","120.644656","24.163382","3"
"6099","66000","387130000C","(04)23274275","(04)23288582","2026","1","15","10","38","臺中市","北區","0","1","0","7","2","6","50","3","1","1","5","4","6","1","4","4","1","4","5","2","16","3","10","3","1","B03","7","5","1","8","2","4","","14","14","1","12","4","120.691314","24.158708","2"
"6100","66000","387130000C","(04)23274275","(04)23288582","2026","1","15","10","39","臺中市","南區","0","1","0","7","1","6","50","4","1","1","5","4","6","6","1","1","9","4","5","2","15","3","10","3","1","B03","7","9","1","8","2","2","","21","21","1","12","4","120.670043","24.124456","2"
"6101","66000","387130000C","(04)23274275","(04)23288582","2026","1","15","10","39","臺中市","龍井區","0","0","0","7","","","50","","","","","","","","","","","","","","","","","","","B02","","","1","","2","","","49","49","1","12","4","120.52336","24.202881","3"
"6102","66000","387130000C","(04)23274275","(04)23288582","2026","1","15","10","40","臺中市","南區","0","1","0","7","2","6","50","13","9","1","5","4","6","6","4","4","9","5","5","2","12","3","10","3","1","B12","7","1","1","8","2","8","","51","51","1","12","4","120.658207","24.116817","2"
"6103","66000","387130000C","(04)23274275","(04)23288582","2026","1","15","10","41","臺中市","北屯區","0","1","0","7","3","6","50","3","1","1","5","4","6","6","4","4","10","5","5","2","18","2","9","2","1","C03","7","9","1","10","2","14","","84","84","1","6","4","120.717877","24.190462","2"
"6104","66000","387130000C","(04)23274275","(04)23288582","2026","1","15","10","49","臺中市","梧棲區","0","0","0","7","","","50","","","","","","","","","","","","","","12","","","","","C03","","","1","","2","","","84","84","1","12","4","120.549422","24.241014","3"
"6105","66000","387130000C","(04)23274275","(04)23288582","2026","1","15","10","50","臺中市","大甲區","0","0","0","7","","","50","","","","","","","","","","","","","","","","","","","C03","","","1","","1","","","87","87","1","6","4","120.628889","24.35424","3"
"6106","66000","387130000C","(04)23274275","(04)23288582","2026","1","15","10","52","臺中市","南屯區","0","0","0","7","","","50","","","","","","","","","","","","","","12","","","","","B03","","","1","","1","","","47","47","1","6","4","120.634204","24.143912","3"
"6107","66000","387130000C","(04)23274275","(04)23288582","2026","1","15","10","54","臺中市","大里區","0","2","0","7","2","6","50","4","7","1","5","4","6","6","1","1","3","4","5","1","17","2","9","2","1","C03","7","11","1","10","2","13","","45","45","1","13","4","120.697477","24.082827","2"
"6108","66000","387130000C","(04)23274275","(04)23288582","2026","1","15","11","0","臺中市","北區","0","2","0","7","2","6","50","13","9","1","5","4","6","6","4","4","9","5","5","2","17","2","9","5","1","C03","7","9","1","10","2","14","","84","84","1","13","4","120.687399","24.161613","2"
"6109","66000","387130000C","(04)23274275","(04)23288582","2026","1","15","11","0","臺中市","北屯區","0","1","0","7","2","6","50","4","1","1","5","4","6","6","1","1","10","5","5","2","30","2","9","1","1","C03","7","9","1","10","2","14","","82","82","1","6","4","120.70248","24.186419","2"
"6110","66000","387130000C","(04)23274275","(04)23288582","2026","1","15","11","0","臺中市","大里區","0","0","0","7","","","50","","","","","","","","","","","","","","","","","","","C03","","","1","","1","","","87","87","1","12","4","120.697683","24.090021","3"
"6111","66000","387130000C","(04)23274275","(04)23288582","2026","1","15","11","0","臺中市","神岡區","0","2","0","7","2","6","50","4","1","1","5","4","6","6","1","1","10","5","5","2","16","2","9","5","4","C03","7","6","1","10","2","11","","14","14","1","12","4","120.701272","24.251314","2"
"6112","66000","387130000C","(04)23274275","(04)23288582","2026","1","15","11","1","臺中市","太平區","0","0","0","7","","3","80","","","","","","","","","","","","","","30","","","","","B03","","","1","","2","","","84","84","1","13","4","120.714097","24.14843","3"
"6113","66000","387130000C","(04)23274275","(04)23288582","2026","1","15","11","3","臺中市","北屯區","0","0","0","7","","","50","","","","","","","","","","","","","","12","","","","","B03","","","1","","2","","","8","8","1","6","4","120.69378","24.162641","3"
"6114","66000","387130000C","(04)23274275","(04)23288582","2026","1","15","11","5","臺中市","西區","0","1","0","7","2","6","50","4","1","1","5","4","6","6","4","4","8","3","5","2","17","3","10","3","1","B03","7","8","1","8","2","16","","40","40","1","12","4","120.661668","24.147315","2"
"6115","66000","387130000C","(04)23274275","(04)23288582","2026","1","15","11","5","臺中市","烏日區","0","2","0","7","2","6","50","3","1","1","5","4","6","6","1","1","1","4","5","1","17","2","9","1","1","C03","7","1","1","10","2","12","","20","20","1","6","4","120.618763","24.113691","2"
"6116","66000","387130000C","(04)23274275","(04)23288582","2026","1","15","11","10","臺中市","北屯區","0","1","0","7","2","6","50","3","2","1","5","4","6","6","4","4","5","5","5","2","17","3","10","1","1","C03","7","9","1","10","1","16","","84","84","1","12","4","120.676162","24.180615","2"
"6117","66000","387130000C","(04)23274275","(04)23288582","2026","1","15","11","10","臺中市","大里區","0","0","0","7","","","30","","","","","","","","","","","","","","","","","","","A12","","","1","","9","","","84","84","2","12","4","120.701356","24.105355","3"
"6118","66000","387130000C","(04)23274275","(04)23288582","2026","1","15","11","10","臺中市","龍井區","0","0","0","7","","","50","","","","","","","","","","","","","","17","","","","","B03","","","1","","2","","","8","8","1","6","4","120.586781","24.181346","3"
"6119","66000","387130000C","(04)23274275","(04)23288582","2026","1","15","11","11","臺中市","沙鹿區","0","0","0","7","","","40","","","","","","","","","","","","","","17","","","","","A12","","","1","","1","","","78","78","1","6","4","120.595282","24.250135","3"
"6120","66000","387130000C","(04)23274275","(04)23288582","2026","1","15","11","13","臺中市","西屯區","0","0","0","7","","","60","","","","","","","","","","","","","","13","","","","","B03","","","1","","1","","","59","59","1","13","4","120.618014","24.169374","3"
"6121","66000","387130000C","(04)23274275","(04)23288582","2026","1","15","11","22","臺中市","北區","0","0","0","7","","","50","","","","","","","","","","","","","","17","","","","","B12","","","1","","2","","","8","8","1","13","4","120.684028","24.146718","3"
"6122","66000","387130000C","(04)23274275","(04)23288582","2026","1","15","11","23","臺中市","東區","0","0","0","7","","","0","","","","","","","","","","","","","","17","","","","","C03","","","1","","1","","","51","51","1","12","4","120.689052","24.134058","3"
"6123","66000","387130000C","(04)23274275","(04)23288582","2026","1","15","11","24","臺中市","龍井區","0","1","0","7","2","6","50","3","2","1","5","4","6","6","4","4","5","5","5","1","13","3","10","3","4","B03","7","9","1","8","2","1","","84","84","1","12","4","120.523315","24.198242","2"
"6124","66000","387130000C","(04)23274275","(04)23288582","2026","1","15","11","25","臺中市","西區","0","0","0","7","","","30","","","","","","","","","","","","","","","","","","","B03","","","1","","1","","","84","84","1","6","4","120.659912","24.145846","3"
"6125","66000","387130000C","(04)23274275","(04)23288582","2026","1","15","11","27","臺中市","西區","0","1","0","7","2","6","50","4","1","1","5","4","6","6","1","1","7","5","5","2","15","2","9","1","1","C03","7","9","1","10","2","11","","21","21","1","13","2","120.671863","24.151528","2"
"6126","66000","387130000C","(04)23274275","(04)23288582","2026","1","15","11","28","臺中市","南區","0","1","0","7","2","6","50","3","2","1","5","4","6","6","4","4","9","5","5","2","17","2","7","1","1","C03","7","9","1","10","2","12","","84","84","1","12","4","120.660006","24.114027","2"
"6127","66000","387130000C","(04)23274275","(04)23288582","2026","1","15","11","30","臺中市","大里區","0","2","0","7","2","6","50","4","1","1","5","4","6","6","1","1","5","5","5","1","13","2","9","2","1","C03","7","9","1","10","2","11","","7","7","1","12","4","120.70241","24.093391","2"
"6128","66000","387130000C","(04)23274275","(04)23288582","2026","1","15","11","33","臺中市","西屯區","0","1","0","7","1","6","50","4","1","1","5","4","6","6","2","1","10","5","5","2","13","2","9","5","4","C03","7","9","1","10","2","15","","59","59","1","13","4","120.621017","24.18206","2"
"6129","66000","387130000C","(04)23274275","(04)23288582","2026","1","15","11","34","臺中市","西屯區","0","1","0","7","2","6","50","4","1","1","5","4","6","6","1","1","10","5","5","2","16","3","10","1","1","C03","7","6","1","10","3","11","","11","11","1","13","4","120.590438","24.171605","2"
"6130","66000","387130000C","(04)23274275","(04)23288582","2026","1","15","11","34","臺中市","大里區","0","1","0","7","2","6","50","4","2","1","5","4","6","6","2","1","5","4","4","1","16","3","10","3","1","B03","7","5","1","8","2","5","","47","47","1","6","4","120.681361","24.104587","2"
"6131","66000","387130000C","(04)23274275","(04)23288582","2026","1","15","11","42","臺中市","北屯區","0","0","0","7","","","50","","","","","","","","","","","","","","","","","","","B03","","","1","","1","","","20","20","1","13","4","120.722518","24.175556","3"
"6132","66000","387130000C","(04)23274275","(04)23288582","2026","1","15","11","44","臺中市","北屯區","0","0","0","7","","","50","","","","","","","","","","","","","","12","","","","","B03","","","1","","1","","","65","65","1","6","4","120.664775","24.184107","3"
"6133","66000","387130000C","(04)23274275","(04)23288582","2026","1","15","11","45","臺中市","霧峰區","0","2","0","7","2","6","40","3","9","1","5","4","6","6","4","4","9","5","5","2","16","2","9","2","1","C03","7","4","1","10","2","12","","84","84","1","13","4","120.685456","24.05027","2"
"6134","66000","387130000C","(04)23274275","(04)23288582","2026","1","15","11","45","臺中市","梧棲區","0","1","0","7","3","6","40","13","8","1","5","4","6","6","4","4","1","4","1","1","17","2","9","1","1","C03","7","9","1","10","1","11","","84","84","1","6","4","120.538203","24.249039","2"
"6135","66000","387130000C","(04)23274275","(04)23288582","2026","1","15","11","50","臺中市","東區","0","0","0","7","","","30","","","","","","","","","","","","","","12","","","","","B12","","","1","","1","","","50","50","1","13","4","120.71057","24.145191","3"
"6136","66000","387130000C","(04)23274275","(04)23288582","2026","1","15","11","53","臺中市","北區","0","0","0","7","","","50","","","","","","","","","","","","","","17","","","","","B03","","","1","","2","","","49","49","1","13","4","120.676177","24.158253","3"
"6137","66000","387130000C","(04)23274275","(04)23288582","2026","1","15","11","53","臺中市","西屯區","0","0","0","7","","","50","","","","","","","","","","","","","","12","","","","","C03","","","1","","1","","","8","8","1","13","4","120.661245","24.176307","3"
"6138","66000","387130000C","(04)23274275","(04)23288582","2026","1","15","11","54","臺中市","潭子區","0","0","0","7","","","30","","","","","","","","","","","","","","","","","","","B03","","","1","","2","","","84","84","1","13","4","120.714576","24.205956","3"
"6139","66000","387130000C","(04)23274275","(04)23288582","2026","1","15","11","57","臺中市","南區","0","2","0","7","3","6","50","13","9","1","5","4","6","6","4","4","1","4","5","2","13","2","9","2","1","C03","7","9","1","10","2","11","","7","7","1","12","4","120.670791","24.118946","2"
"6140","66000","387130000C","(04)23274275","(04)23288582","2026","1","15","12","0","臺中市","南屯區","0","0","0","7","","","50","","","","","","","","","","","","","","","","","","","B12","","","1","","1","","","59","59","1","12","4","120.64991","24.139701","3"
"6141","66000","387130000C","(04)23274275","(04)23288582","2026","1","15","12","3","臺中市","太平區","0","1","0","7","2","6","30","4","1","1","5","4","6","6","4","4","10","5","5","2","15","2","9","2","1","C03","7","9","1","10","2","12","","15","15","1","13","4","120.711588","24.157434","2"
"6142","66000","387130000C","(04)23274275","(04)23288582","2026","1","15","12","4","臺中市","東區","0","0","0","7","","","50","","","","","","","","","","","","","","","","","","","C03","","","1","","2","","","8","8","1","12","4","120.693464","24.133077","3"
"6143","66000","387130000C","(04)23274275","(04)23288582","2026","1","15","12","11","臺中市","北屯區","0","1","0","7","2","6","50","13","7","1","5","4","6","6","4","4","5","5","4","2","16","2","9","1","1","C03","7","8","1","10","2","14","","40","40","1","12","4","120.669534","24.177358","2"
"6144","66000","387130000C","(04)23274275","(04)23288582","2026","1","15","12","19","臺中市","后里區","0","0","0","7","3","6","40","13","7","1","5","4","6","6","4","4","1","4","4","1","12","3","10","3","1","B03","7","15","1","8","2","8","","51","51","1","6","4","120.722038","24.308014","3"
"6145","66000","387130000C","(04)23274275","(04)23288582","2026","1","15","12","21","臺中市","北屯區","0","0","0","7","","","50","","","","","","","","","","","","","","12","","","","","B03","","","1","8","1","","","8","8","1","6","4","120.706038","24.169544","3"
"6146","66000","387130000C","(04)23274275","(04)23288582","2026","1","15","12","24","臺中市","大里區","0","0","0","7","2","6","60","4","1","1","5","4","6","6","1","1","1","2","4","1","12","","","","","B03","","","1","","2","","","87","87","1","13","4","120.68968","24.10112","3"
"6147","66000","387130000C","(04)23274275","(04)23288582","2026","1","15","12","24","臺中市","太平區","0","1","0","7","2","6","50","13","9","1","5","4","6","6","4","4","5","5","4","2","16","3","10","3","1","B03","7","6","1","8","2","2","","39","39","1","12","4","120.70697","24.159385","2"
"6148","66000","387130000C","(04)23274275","(04)23288582","2026","1","15","12","27","臺中市","北區","0","0","0","7","","","50","","","","","","","","","","","","","","13","","","","","B03","","","1","","2","","","7","7","1","12","4","120.673396","24.166857","3"
"6149","66000","387130000C","(04)23274275","(04)23288582","2026","1","15","12","31","臺中市","南屯區","0","2","0","7","3","6","50","13","9","1","5","4","6","6","4","4","3","4","5","2","13","2","9","1","1","C03","7","9","1","10","2","11","","7","7","1","12","4","120.647834","24.139804","2"
"6150","66000","387130000C","(04)23274275","(04)23288582","2026","1","15","12","35","臺中市","大雅區","0","0","0","7","","","50","","","","","","","","","","","","","","","","","","","B12","","","1","","2","","","84","84","1","12","4","120.649219","24.216172","3"
"6151","66000","387130000C","(04)23274275","(04)23288582","2026","1","15","12","43","臺中市","西屯區","0","0","0","7","","","30","","","","","","","","","","","","","","14","","","","","B03","","","1","","1","","","49","49","1","13","4","120.627992","24.188248","3"
"6152","66000","387130000C","(04)23274275","(04)23288582","2026","1","15","12","54","臺中市","后里區","0","0","0","7","3","6","50","13","14","1","5","4","6","6","4","4","9","5","5","1","17","3","10","3","1","B03","7","9","1","8","2","5","","83","83","1","6","4","120.712672","24.299251","3"
"6153","66000","387130000C","(04)23274275","(04)23288582","2026","1","15","13","0","臺中市","烏日區","0","1","0","7","3","6","50","13","8","1","5","4","6","6","4","4","1","4","4","1","16","3","10","3","1","B03","7","5","1","8","2","5","","84","84","1","6","4","120.616367","24.116216","2"
"6154","66000","387130000C","(04)23274275","(04)23288582","2026","1","15","13","3","臺中市","大雅區","0","1","0","7","2","6","60","13","9","1","5","4","6","6","4","4","1","4","5","1","17","3","10","3","1","B12","7","5","1","8","2","2","","85","85","1","12","4","120.646931","24.222521","2"
"6155","66000","387130000C","(04)23274275","(04)23288582","2026","1","15","13","4","臺中市","西區","0","2","0","7","2","6","50","3","1","1","5","4","6","6","4","4","10","5","5","2","16","2","9","2","1","C03","7","9","1","10","2","12","","4","4","1","13","4","120.660182","24.153034","2"
"6156","66000","387130000C","(04)23274275","(04)23288582","2026","1","15","13","4","臺中市","新社區","0","0","0","7","","","50","","","","","","","","","","","","","","","","","","","A04","","","1","","2","","","84","84","1","12","4","120.813092","24.192373","3"
"6157","66000","387130000C","(04)23274275","(04)23288582","2026","1","15","13","13","臺中市","東勢區","0","0","0","7","","","50","","","","","","","","","","","","","","","","","","","B03","","","1","","1","","","49","49","1","12","4","120.831502","24.245211","3"
"6158","66000","387130000C","(04)23274275","(04)23288582","2026","1","15","13","14","臺中市","西區","0","0","0","7","","","50","","","","","","","","","","","","","","","","","","","B12","","","1","","2","","","84","84","1","12","4","120.670767","24.145322","3"
"6159","66000","387130000C","(04)23274275","(04)23288582","2026","1","15","13","20","臺中市","潭子區","0","2","0","7","2","6","50","3","1","1","5","4","6","6","4","4","5","5","5","1","16","2","9","2","1","C03","7","5","1","10","2","13","","85","85","1","13","4","120.716631","24.204268","2"
"6160","66000","387130000C","(04)23274275","(04)23288582","2026","1","15","13","20","臺中市","西區","0","1","0","7","2","6","50","4","1","1","5","4","6","6","1","1","10","5","5","2","17","3","10","1","1","C03","7","9","5","19","2","12","","21","21","1","12","4","120.65733","24.137949","2"
"6161","66000","387130000C","(04)23274275","(04)23288582","2026","1","15","13","22","臺中市","太平區","0","0","0","7","","","50","","","","","","","","","","","","","","","","","","","B13","","","1","","10","","","84","84","1","12","4","120.703207","24.155928","3"
"6162","66000","387130000C","(04)23274275","(04)23288582","2026","1","15","13","23","臺中市","西屯區","0","0","0","7","","","50","","","","","","","","","","","","","","14","","","","","B03","","","1","","2","","","49","49","1","13","4","120.604467","24.187178","3"
"6163","66000","387130000C","(04)23274275","(04)23288582","2026","1","15","13","24","臺中市","龍井區","0","1","0","7","1","6","50","4","1","1","5","4","6","6","1","1","10","5","5","2","16","3","10","3","1","B01","7","6","1","4","2","5","","11","11","1","6","4","120.58531","24.183902","2"
"6164","66000","387130000C","(04)23274275","(04)23288582","2026","1","15","13","28","臺中市","西區","0","0","0","7","","","50","","","","","","","","","","","","","","13","","","","","B03","","","1","","1","","","7","7","1","12","4","120.666944","24.129241","3"
"6165","66000","387130000C","(04)23274275","(04)23288582","2026","1","15","13","28","臺中市","太平區","0","0","0","7","","","50","","","","","","","","","","","","","","","","","","","B03","","","1","","2","","","7","7","1","12","4","120.714343","24.149312","3"
"6166","66000","387130000C","(04)23274275","(04)23288582","2026","1","15","13","30","臺中市","北屯區","0","0","0","7","","","50","","","","","","","","","","","","","","13","","","","","B03","","","1","","9","","","59","59","1","6","4","120.685469","24.171749","3"
"6167","66000","387130000C","(04)23274275","(04)23288582","2026","1","15","13","30","臺中市","西屯區","0","0","0","7","","","50","","","","","","","","","","","","","","12","","","","","B03","","","1","","1","","","40","40","1","13","4","120.623799","24.177279","3"
"6168","66000","387130000C","(04)23274275","(04)23288582","2026","1","15","13","30","臺中市","烏日區","0","1","0","7","2","6","40","4","1","1","5","4","6","6","2","1","5","4","4","2","16","3","10","1","1","F03","7","9","7","21","2","14","","21","21","1","6","4","120.60716","24.122664","2"
"6169","66000","387130000C","(04)23274275","(04)23288582","2026","1","15","13","30","臺中市","后里區","0","2","0","7","3","6","50","4","2","1","5","4","6","6","4","4","5","5","5","2","17","3","10","3","1","B03","7","5","1","8","2","6","","84","84","1","6","4","120.721071","24.308077","2"
"6170","66000","387130000C","(04)23274275","(04)23288582","2026","1","15","13","41","臺中市","北區","0","2","0","7","2","6","40","13","8","1","5","4","6","6","4","4","5","4","4","2","17","2","9","5","1","C03","7","9","1","10","2","11","","7","7","1","13","4","120.671801","24.170933","2"
"6171","66000","387130000C","(04)23274275","(04)23288582","2026","1","15","13","44","臺中市","西區","0","0","0","7","","","50","","","","","","","","","","","","","","14","","","","","B12","","","1","","2","","","49","49","1","13","4","120.657279","24.155401","3"
"6172","66000","387130000C","(04)23274275","(04)23288582","2026","1","15","13","44","臺中市","西屯區","0","0","0","7","","","50","","","","","","","","","","","","","","13","","","","","B03","","","1","","1","","","7","7","1","13","4","120.635442","24.182538","3"
"6173","66000","387130000C","(04)23274275","(04)23288582","2026","1","15","13","54","臺中市","北屯區","0","1","0","7","2","6","50","3","1","1","5","4","6","6","4","4","10","5","5","2","15","2","9","1","1","C03","7","9","1","10","2","11","","6","6","1","12","4","120.695961","24.18428","2"
"6174","66000","387130000C","(04)23274275","(04)23288582","2026","1","15","13","55","臺中市","北屯區","0","1","0","7","3","6","50","4","1","1","5","4","6","6","1","1","10","5","5","2","16","2","9","1","1","C03","7","6","1","10","2","14","13","48","48","1","5","4","120.74085","24.178272","2"
"6175","66000","387130000C","(04)23274275","(04)23288582","2026","1","15","13","57","臺中市","北屯區","0","0","0","7","","","50","","","","","","","","","","","","","","","","","","","A12","","","1","","1","","","84","84","1","13","4","120.69115","24.18374","4"
"6176","66000","387130000C","(04)23274275","(04)23288582","2026","1","15","14","0","臺中市","西區","0","0","0","7","","","50","","","","","","","","","","","","","","","","","","","B03","","","1","","1","","","7","7","1","12","4","120.657194","24.140026","3"
"6177","66000","387130000C","(04)23274275","(04)23288582","2026","1","15","14","2","臺中市","西區","0","1","0","7","2","6","50","3","1","1","5","4","6","6","2","1","1","3","4","2","16","3","10","3","1","B03","7","6","1","8","2","2","","38","38","1","12","4","120.658996","24.155901","2"
"6178","66000","387130000C","(04)23274275","(04)23288582","2026","1","15","14","3","臺中市","霧峰區","0","0","0","7","","","50","","","","","","","","","","","","","","","","","","","A11","","","1","","2","","","45","45","1","13","4","120.699499","24.057959","3"
"6179","66000","387130000C","(04)23274275","(04)23288582","2026","1","15","14","5","臺中市","豐原區","0","0","0","7","","","50","","","","","","","","","","","","","","17","","","","","B03","","","1","","2","","","84","84","1","12","4","120.729258","24.25254","3"
"6180","66000","387130000C","(04)23274275","(04)23288582","2026","1","15","14","13","臺中市","梧棲區","0","0","0","7","","","40","","","","","","","","","","","","","","14","","","","","B12","","","1","","2","","","50","50","1","12","4","120.531483","24.251307","3"
"6181","66000","387130000C","(04)23274275","(04)23288582","2026","1","15","14","25","臺中市","南區","0","0","0","7","","","30","","","","","","","","","","","","","","13","","","","","C03","","","1","","1","","","7","7","1","12","4","120.661383","24.124018","3"
"6182","66000","387130000C","(04)23274275","(04)23288582","2026","1","15","14","29","臺中市","北區","0","2","0","7","2","6","50","3","20","1","5","4","6","6","4","4","5","5","4","2","3","3","10","1","1","C03","7","9","1","10","2","11","","10","10","1","12","4","120.681603","24.150896","2"
"6183","66000","387130000C","(04)23274275","(04)23288582","2026","1","15","14","36","臺中市","大里區","0","2","0","7","2","6","50","13","9","1","5","4","6","6","2","1","5","5","5","1","16","2","9","1","1","C03","7","6","1","10","2","14","","84","84","1","13","4","120.68451","24.107671","2"
"6184","66000","387130000C","(04)23274275","(04)23288582","2026","1","15","14","39","臺中市","西區","0","1","0","7","2","6","50","13","9","1","5","4","6","6","4","4","5","4","5","2","16","3","10","5","4","B03","7","5","1","8","2","5","","20","20","1","13","4","120.657526","24.146822","2"
"6185","66000","387130000C","(04)23274275","(04)23288582","2026","1","15","14","40","臺中市","和平區","0","0","0","7","","","40","","","","","","","","","","","","","","14","3","10","3","1","B12","7","2","1","8","2","7","","49","49","1","12","4","120.88344","24.174343","3"
"6186","66000","387130000C","(04)23274275","(04)23288582","2026","1","15","14","45","臺中市","大雅區","0","1","0","7","3","6","50","4","1","1","5","4","6","6","1","1","10","5","5","2","17","3","10","5","4","B03","7","6","1","15","2","8","","59","59","1","12","4","120.653601","24.22407","2"
"6187","66000","387130000C","(04)23274275","(04)23288582","2026","1","15","14","46","臺中市","北區","0","1","0","7","3","6","50","4","4","1","5","4","6","6","1","1","5","4","5","2","17","2","9","5","4","C03","7","9","1","10","2","14","","21","21","1","13","4","120.683201","24.148156","2"