序號,縣市別代碼,機關代碼,市話,傳真,年,月,日,時,分,縣市,區,死亡數量,受傷數量,2-30,天候,道路照明設備,道路類別,道路速限,道路型態,事故位置,路面鋪裝,路面狀態,路面缺陷,障礙物,視距,號誌種類,號誌動作,分向設施,快車道或一般車道間,快慢車道間,路面邊線,事故類型及型態,受傷程度,主要傷處,保護裝備,行動電話或功能裝置,當事者區分(類別),車輛用途,當事者行動狀態,駕照狀態,駕照種類,飲酒情形,車輛撞擊部位最初,車輛撞擊部位其他,肇事因素個別,肇事因素主要,肇事逃逸,職業,共享經濟或外送平台,GPS座標X,GPS座標Y,事故類別
"6188","66000","387130000C","(04)23274275","(04)23288582","2026","1","15","14","50","臺中市","豐原區","0","0","0","7","","","50","","","","","","","","","","","","","","17","","","","","B03","","","1","","2","","","7","7","1","6","4","120.715278","24.256103","3"
"6189","66000","387130000C","(04)23274275","(04)23288582","2026","1","15","14","52","臺中市","南屯區","0","1","0","7","2","6","50","4","2","1","5","4","6","6","2","1","9","4","5","2","12","3","10","3","1","B03","7","1","1","8","2","2","","51","51","1","12","4","120.652627","24.135909","2"
"6190","66000","387130000C","(04)23274275","(04)23288582","2026","1","15","14","52","臺中市","西屯區","0","0","0","7","","","50","","","","","","","","","","","","","","13","","","","","B03","","","1","","2","","","7","7","1","13","4","120.61638","24.188827","3"
"6191","66000","387130000C","(04)23274275","(04)23288582","2026","1","15","14","55","臺中市","太平區","0","0","0","7","","","50","","","","","","","","","","","","","","13","","","","","C03","","","1","","2","","","7","7","1","13","4","120.717403","24.156618","3"
"6192","66000","387130000C","(04)23274275","(04)23288582","2026","1","15","14","57","臺中市","大里區","0","0","0","7","","","50","","","","","","","","","","","","","","9","","","","","A11","","","1","","2","","","84","84","1","12","4","120.702693","24.08784","3"
"6193","66000","387130000C","(04)23274275","(04)23288582","2026","1","15","15","0","臺中市","大雅區","0","0","0","7","","","30","","","","","","","","","","","","","","","","","","","B12","","","1","","2","","","49","49","1","12","4","120.644037","24.237084","3"
"6194","66000","387130000C","(04)23274275","(04)23288582","2026","1","15","15","0","臺中市","南屯區","0","0","0","7","3","6","50","13","9","1","5","4","6","6","1","1","1","4","5","2","13","","","","","B12","","","1","","2","","","7","7","1","12","4","120.646885","24.150748","3"
"6195","66000","387130000C","(04)23274275","(04)23288582","2026","1","15","15","2","臺中市","大肚區","0","1","0","7","2","6","50","4","1","1","5","4","6","6","1","1","10","5","5","2","15","3","10","3","1","A41","7","9","1","1","2","2","","21","21","1","6","4","120.56813","24.124102","2"
"6196","66000","387130000C","(04)23274275","(04)23288582","2026","1","15","15","6","臺中市","北區","0","2","0","7","2","6","50","3","1","1","5","4","6","6","4","4","1","4","5","2","16","2","9","1","1","C03","7","6","1","10","2","14","","14","14","1","13","4","120.692421","24.155877","2"
"6197","66000","387130000C","(04)23274275","(04)23288582","2026","1","15","15","8","臺中市","北區","0","0","0","7","","","50","","","","","","","","","","","","","","","","","","","B03","","","1","","1","","","40","40","1","12","4","120.691892","24.15993","3"
"6198","66000","387130000C","(04)23274275","(04)23288582","2026","1","15","15","11","臺中市","北區","0","1","0","7","3","6","50","4","2","1","5","4","6","6","1","1","5","4","5","2","12","2","9","5","4","C03","7","5","1","10","2","12","","84","84","1","12","4","120.675677","24.159047","2"
"6199","66000","387130000C","(04)23274275","(04)23288582","2026","1","15","15","15","臺中市","北屯區","0","0","0","7","","","30","","","","","","","","","","","","","","9","","","","","B01","","","1","4","2","","","49","49","1","12","4","120.690379","24.162096","3"
"6200","66000","387130000C","(04)23274275","(04)23288582","2026","1","15","15","22","臺中市","南屯區","0","1","0","7","2","6","50","3","1","1","5","4","6","6","4","4","9","4","4","2","12","3","10","3","1","B03","7","5","1","8","2","2","","14","14","1","12","4","120.634333","24.15119","2"
"6201","66000","387130000C","(04)23274275","(04)23288582","2026","1","15","15","30","臺中市","北區","0","0","0","7","","","50","","","","","","","","","","","","","","17","","","","","B03","","","1","","2","","","84","84","1","13","4","120.673171","24.162809","3"
"6202","66000","387130000C","(04)23274275","(04)23288582","2026","1","15","15","31","臺中市","東勢區","0","0","0","7","","","50","","","","","","","","","","","","","","","","","","","B03","","","1","","2","","","84","84","1","12","4","120.828565","24.259615","3"
"6203","66000","387130000C","(04)23274275","(04)23288582","2026","1","15","15","32","臺中市","龍井區","0","0","0","7","","","50","","","","","","","","","","","","","","13","","","","","B03","","","1","","2","","","59","59","1","6","4","120.585298","24.184784","3"
"6204","66000","387130000C","(04)23274275","(04)23288582","2026","1","15","15","34","臺中市","清水區","0","0","0","7","","","30","","","","","","","","","","","","","","","","","","","B12","","","1","","2","","","49","49","1","12","4","120.573422","24.278723","3"
"6205","66000","387130000C","(04)23274275","(04)23288582","2026","1","15","15","35","臺中市","西屯區","0","0","0","7","","","50","","","","","","","","","","","","","","30","","","","","A12","","","1","","2","","","59","59","1","13","4","120.654789","24.164356","3"
"6206","66000","387130000C","(04)23274275","(04)23288582","2026","1","15","15","40","臺中市","中區","0","2","0","7","2","6","50","3","2","1","5","4","6","6","4","4","10","4","5","2","13","2","8","2","1","C03","7","9","1","10","2","12","","59","59","1","13","4","120.682061","24.136639","2"
"6207","66000","387130000C","(04)23274275","(04)23288582","2026","1","15","15","40","臺中市","沙鹿區","0","0","0","7","","","50","","","","","","","","","","","","","","17","","","","","B03","","","1","","2","","","8","8","1","6","4","120.562607","24.241086","3"
"6208","66000","387130000C","(04)23274275","(04)23288582","2026","1","15","15","50","臺中市","西區","0","0","0","7","","","40","","","","","","","","","","","","","","","","","","","C03","","","1","","1","","","84","84","1","12","4","120.657928","24.157685","3"
"6209","66000","387130000C","(04)23274275","(04)23288582","2026","1","15","15","55","臺中市","東區","0","0","0","7","","","50","","","","","","","","","","","","","","","","","","","B12","","","1","","1","","","84","84","1","13","4","120.69327","24.126885","3"
"6210","66000","387130000C","(04)23274275","(04)23288582","2026","1","15","15","56","臺中市","南屯區","0","0","0","7","","","50","","","","","","","","","","","","","","13","","","","","B03","","","1","","1","","","7","7","1","12","4","120.610858","24.145253","3"
"6211","66000","387130000C","(04)23274275","(04)23288582","2026","1","15","15","58","臺中市","沙鹿區","0","0","0","7","","","30","","","","","","","","","","","","","","12","","","","","B12","","","1","","2","","","76","76","1","6","4","120.565351","24.240803","3"
"6212","66000","387130000C","(04)23274275","(04)23288582","2026","1","15","16","0","臺中市","大雅區","0","0","0","7","","","0","","","","","","","","","","","","","","","","","","","B03","","","1","","1","","","49","49","1","13","4","120.656627","24.220458","3"
"6213","66000","387130000C","(04)23274275","(04)23288582","2026","1","15","16","0","臺中市","南屯區","0","0","0","7","","","50","","","","","","","","","","","","","","11","","","","","B03","","","1","","1","","","48","48","1","12","4","120.623063","24.14054","3"
"6214","66000","387130000C","(04)23274275","(04)23288582","2026","1","15","16","1","臺中市","西屯區","0","0","0","7","","","30","","","","","","","","","","","","","","","","","","","B03","","","1","","1","","","49","49","1","13","4","120.653281","24.176119","3"
"6215","66000","387130000C","(04)23274275","(04)23288582","2026","1","15","16","11","臺中市","北區","0","2","0","7","2","6","50","4","2","1","5","4","6","6","2","1","10","5","5","2","13","2","9","2","1","C03","7","9","3","19","2","11","","7","7","1","13","4","120.687364","24.155442","2"
"6216","66000","387130000C","(04)23274275","(04)23288582","2026","1","15","16","11","臺中市","沙鹿區","0","0","0","7","","","50","","","","","","","","","","","","","","17","","","","","B03","","","1","","1","","","84","84","1","6","4","120.577211","24.241299","3"
"6217","66000","387130000C","(04)23274275","(04)23288582","2026","1","15","16","15","臺中市","北區","0","2","0","7","3","6","50","3","1","1","5","4","6","6","4","4","5","4","4","2","15","2","9","5","4","C03","7","1","1","10","2","14","","51","51","1","12","4","120.681111","24.160833","2"
"6218","66000","387130000C","(04)23274275","(04)23288582","2026","1","15","16","21","臺中市","沙鹿區","0","1","0","7","2","6","40","13","8","1","5","4","6","6","1","1","1","4","4","2","13","2","9","2","1","C03","7","9","1","10","2","11","","59","59","1","6","4","120.55156","24.229805","2"
"6219","66000","387130000C","(04)23274275","(04)23288582","2026","1","15","16","23","臺中市","石岡區","0","0","0","7","","","70","","","","","","","","","","","","","","","","","","","B03","","","1","","1","","","84","84","1","12","4","120.809323","24.264693","3"
"6220","66000","387130000C","(04)23274275","(04)23288582","2026","1","15","16","26","臺中市","東區","0","1","0","7","3","6","50","4","1","1","5","4","6","6","1","1","5","4","4","2","12","3","10","3","1","B03","7","11","1","8","2","5","","39","39","1","6","4","120.694548","24.127532","2"
"6221","66000","387130000C","(04)23274275","(04)23288582","2026","1","15","16","27","臺中市","大甲區","0","0","0","7","","","50","","","","","","","","","","","","","","13","","","","","B03","","","1","","7","","","53","53","1","6","4","120.621199","24.342097","3"
"6222","66000","387130000C","(04)23274275","(04)23288582","2026","1","15","16","30","臺中市","北區","0","0","0","7","","","50","","","","","","","","","","","","","","","","","","","B03","","","1","","1","","","49","49","1","12","4","120.684304","24.165008","3"
"6223","66000","387130000C","(04)23274275","(04)23288582","2026","1","15","16","31","臺中市","西屯區","0","0","0","7","","","50","","","","","","","","","","","","","","","","","","","B03","","","1","","1","","","20","20","1","12","4","120.645791","24.169873","3"
"6224","66000","387130000C","(04)23274275","(04)23288582","2026","1","15","16","31","臺中市","西屯區","0","0","0","7","","","50","","","","","","","","","","","","","","13","","","","","B03","","","1","","1","","","56","56","1","12","4","120.636717","24.173692","3"
"6225","66000","387130000C","(04)23274275","(04)23288582","2026","1","15","16","31","臺中市","龍井區","0","0","0","7","","","50","","","","","","","","","","","","","","30","","","","","B03","","","1","","2","","","50","50","1","12","4","120.582651","24.178305","3"
"6226","66000","387130000C","(04)23274275","(04)23288582","2026","1","15","16","37","臺中市","豐原區","0","1","0","7","2","6","30","13","9","1","5","4","6","6","4","4","10","5","5","1","17","3","10","3","1","B03","7","1","1","8","2","8","","51","51","1","13","4","120.721772","24.268864","2"
"6227","66000","387130000C","(04)23274275","(04)23288582","2026","1","15","16","38","臺中市","大里區","0","1","0","7","3","6","50","13","7","1","5","4","6","6","4","4","9","5","4","2","13","3","10","3","1","B03","7","9","1","8","2","1","","7","7","1","12","4","120.676675","24.108309","2"
"6228","66000","387130000C","(04)23274275","(04)23288582","2026","1","15","16","39","臺中市","西區","0","0","0","7","","","50","","","","","","","","","","","","","","13","","","","","C03","","","1","","1","","","7","7","1","13","4","120.658078","24.147729","3"
"6229","66000","387130000C","(04)23274275","(04)23288582","2026","1","15","16","40","臺中市","沙鹿區","0","0","0","7","","","50","","","","","","","","","","","","","","17","","","","","B03","","","1","","1","","","7","7","1","6","4","120.569638","24.22986","3"
"6230","66000","387130000C","(04)23274275","(04)23288582","2026","1","15","16","42","臺中市","太平區","0","2","0","7","2","6","50","13","9","1","5","4","6","6","4","4","5","4","5","1","17","2","8","2","1","C03","7","1","1","10","2","11","","51","51","1","12","4","120.718691","24.154623","2"
"6231","66000","387130000C","(04)23274275","(04)23288582","2026","1","15","16","45","臺中市","北屯區","0","0","0","7","","","50","","","","","","","","","","","","","","16","","","","","C03","","","1","","1","","","1","1","1","12","4","120.693234","24.162155","3"
"6232","66000","387130000C","(04)23274275","(04)23288582","2026","1","15","16","45","臺中市","北屯區","0","0","0","7","","","","","","","","","","","","","","","","","17","","","","","","","","","","","","","119","119","1","","","120.670504","24.175953","3"
"6233","66000","387130000C","(04)23274275","(04)23288582","2026","1","15","16","47","臺中市","大雅區","0","1","0","7","3","6","50","13","8","1","5","4","6","6","4","4","3","4","4","1","13","3","10","5","4","C03","7","9","1","10","1","11","","7","7","1","12","4","120.649674","24.214355","2"
"6234","66000","387130000C","(04)23274275","(04)23288582","2026","1","15","16","47","臺中市","中區","0","0","0","7","","","50","","","","","","","","","","","","","","13","","","","","B03","","","1","","2","","","59","59","1","13","4","120.68198","24.145071","3"
"6235","66000","387130000C","(04)23274275","(04)23288582","2026","1","15","16","47","臺中市","太平區","0","0","0","7","","","50","","","","","","","","","","","","","","13","","","","","B03","","","1","","2","","","57","57","1","13","4","120.713519","24.158843","3"
"6236","66000","387130000C","(04)23274275","(04)23288582","2026","1","15","16","55","臺中市","東區","0","0","0","7","","","50","","","","","","","","","","","","","","2","","","","","B03","","","1","","1","","","7","7","1","12","4","120.692444","24.147794","3"
"6237","66000","387130000C","(04)23274275","(04)23288582","2026","1","15","16","55","臺中市","大肚區","0","0","0","7","","","40","","","","","","","","","","","","","","13","","","","","C03","","","3","","2","","","8","8","1","6","4","120.582855","24.171964","3"
"6238","66000","387130000C","(04)23274275","(04)23288582","2026","1","15","17","2","臺中市","西屯區","0","1","0","7","2","6","50","3","1","1","5","4","6","6","1","1","5","5","4","2","16","3","10","3","1","B03","7","15","1","8","2","5","","8","8","1","12","4","120.663863","24.17626","2"
"6239","66000","387130000C","(04)23274275","(04)23288582","2026","1","15","17","3","臺中市","東區","0","0","0","7","","","40","","","","","","","","","","","","","","12","","","","","F02","","","7","","2","","","8","8","1","6","4","120.705948","24.143731","3"
"6240","66000","387130000C","(04)23274275","(04)23288582","2026","1","15","17","5","臺中市","北區","0","1","0","7","1","6","50","4","1","1","5","4","6","6","1","1","5","4","4","2","16","3","10","1","1","C03","7","6","1","10","2","14","","11","11","1","13","4","120.678273","24.171302","2"
"6241","66000","387130000C","(04)23274275","(04)23288582","2026","1","15","17","5","臺中市","大安區","0","0","0","7","","","50","","","","","","","","","","","","","","","","","","","C03","","","1","","2","","","7","7","1","6","4","120.60165","24.364909","3"
"6242","66000","387130000C","(04)23274275","(04)23288582","2026","1","15","17","7","臺中市","大里區","0","0","0","7","","","50","","","","","","","","","","","","","","","","","","","B12","","","1","","2","","","49","49","1","12","4","120.679705","24.105729","3"
"6243","66000","387130000C","(04)23274275","(04)23288582","2026","1","15","17","8","臺中市","大雅區","0","0","0","7","","","30","","","","","","","","","","","","","","","","","","","B03","","","1","","1","","","8","8","1","12","4","120.634659","24.219387","3"
"6244","66000","387130000C","(04)23274275","(04)23288582","2026","1","15","17","8","臺中市","北區","0","1","0","7","1","6","50","13","9","1","5","4","6","6","4","4","9","5","5","2","2","3","10","3","1","B03","7","9","1","8","2","2","","83","83","1","12","4","120.683036","24.160321","2"
"6245","66000","387130000C","(04)23274275","(04)23288582","2026","1","15","17","9","臺中市","北屯區","0","0","0","7","","","50","","","","","","","","","","","","","","30","","","","","A11","","","1","","2","","","59","59","1","12","4","120.713744","24.173295","3"
"6246","66000","387130000C","(04)23274275","(04)23288582","2026","1","15","17","11","臺中市","北區","0","0","0","6","","","50","","","","","","","","","","","","","","17","","","","","C03","","","1","","1","","","51","51","1","13","4","120.666618","24.160983","3"
"6247","66000","387130000C","(04)23274275","(04)23288582","2026","1","15","17","14","臺中市","霧峰區","0","2","0","7","3","6","0","13","14","1","5","4","6","6","4","4","5","4","4","1","16","2","7","1","1","F03","7","11","7","21","2","12","","46","46","1","6","4","120.663285","24.059816","2"
"6248","66000","387130000C","(04)23274275","(04)23288582","2026","1","15","17","15","臺中市","梧棲區","0","2","0","7","2","6","50","4","1","1","5","4","6","6","4","4","5","5","5","2","15","2","9","2","1","C03","7","9","1","10","2","11","","6","6","1","12","4","120.549552","24.245783","2"
"6249","66000","387130000C","(04)23274275","(04)23288582","2026","1","15","17","16","臺中市","北屯區","0","0","0","7","","","50","","","","","","","","","","","","","","13","","","","","B03","","","1","","1","","","59","59","1","12","4","120.676458","24.174982","3"
"6250","66000","387130000C","(04)23274275","(04)23288582","2026","1","15","17","17","臺中市","北屯區","0","0","0","7","","","50","","","","","","","","","","","","","","13","","","","","C03","","","1","","2","","","7","7","1","6","4","120.702626","24.165043","4"
"6251","66000","387130000C","(04)23274275","(04)23288582","2026","1","15","17","17","臺中市","太平區","0","2","0","7","2","3","80","13","7","1","5","4","6","6","4","4","1","4","5","2","17","2","7","3","1","B03","7","8","1","8","2","7","","40","40","1","12","4","120.717139","24.156334","2"
"6252","66000","387130000C","(04)23274275","(04)23288582","2026","1","15","17","18","臺中市","北區","0","0","0","7","","","50","","","","","","","","","","","","","","","","","","","B03","","","1","","2","","","40","40","1","12","4","120.670306","24.160745","3"
"6253","66000","387130000C","(04)23274275","(04)23288582","2026","1","15","17","20","臺中市","南區","0","1","0","7","2","6","30","13","9","1","5","4","6","6","4","4","10","5","5","2","14","3","10","3","1","B03","7","2","1","8","2","6","","49","49","1","12","4","120.657749","24.123402","2"
"6254","66000","387130000C","(04)23274275","(04)23288582","2026","1","15","17","22","臺中市","東區","0","1","0","7","1","6","50","4","1","1","5","4","6","6","1","1","10","5","5","2","18","2","9","5","4","C03","7","9","1","10","2","14","","84","84","1","13","4","120.704736","24.130651","2"
"6255","66000","387130000C","(04)23274275","(04)23288582","2026","1","15","17","25","臺中市","北區","0","1","0","7","1","6","50","13","8","1","5","4","6","6","4","4","5","4","4","2","17","3","10","1","1","C03","7","11","1","10","2","16","","39","39","1","13","4","120.675997","24.171846","2"
"6256","66000","387130000C","(04)23274275","(04)23288582","2026","1","15","17","26","臺中市","北屯區","0","0","0","7","","","50","","","","","","","","","","","","","","","","","","","C03","","","1","","1","","","84","84","1","13","4","120.721629","24.178583","4"
"6257","66000","387130000C","(04)23274275","(04)23288582","2026","1","15","17","29","臺中市","北屯區","0","1","0","7","2","6","40","13","12","1","5","4","6","6","3","1","10","4","4","2","13","2","9","5","4","C03","7","9","1","10","2","11","","7","7","1","12","4","120.690423","24.172327","2"
"6258","66000","387130000C","(04)23274275","(04)23288582","2026","1","15","17","30","臺中市","霧峰區","0","0","0","7","","","40","","","","","","","","","","","","","","12","","","","","C03","","","1","","1","","","59","59","1","12","2","120.678562","24.06469","3"
"6259","66000","387130000C","(04)23274275","(04)23288582","2026","1","15","17","30","臺中市","沙鹿區","0","0","0","6","","","30","","","","","","","","","","","","","","14","","","","","B03","","","1","","2","","","49","49","1","12","4","120.557582","24.217463","3"
"6260","66000","387130000C","(04)23274275","(04)23288582","2026","1","15","17","30","臺中市","神岡區","0","0","0","7","","","0","","","","","","","","","","","","","","17","","","","","","","","","","","","","119","119","1","","","120.672724","24.254362","3"
"6261","66000","387130000C","(04)23274275","(04)23288582","2026","1","15","17","32","臺中市","北區","0","0","0","7","","","50","","","","","","","","","","","","","","12","","","","","B03","","","1","","2","","","84","84","1","13","4","120.671207","24.173481","3"
"6262","66000","387130000C","(04)23274275","(04)23288582","2026","1","15","17","32","臺中市","沙鹿區","0","2","0","7","2","6","30","3","1","1","5","4","6","6","4","4","10","5","5","2","13","2","8","1","1","C03","7","9","1","10","2","14","","84","84","1","6","4","120.570285","24.252186","2"
"6263","66000","387130000C","(04)23274275","(04)23288582","2026","1","15","17","35","臺中市","西區","0","0","0","7","","","30","","","","","","","","","","","","","","14","","","","","B03","","","1","","1","","","49","49","1","13","4","120.655184","24.137211","3"
"6264","66000","387130000C","(04)23274275","(04)23288582","2026","1","15","17","35","臺中市","西屯區","0","2","0","7","1","6","50","4","1","1","5","4","6","6","2","1","10","5","5","2","16","2","8","5","4","C03","7","6","1","10","2","11","","11","11","1","12","4","120.638558","24.185355","2"
"6265","66000","387130000C","(04)23274275","(04)23288582","2026","1","15","17","37","臺中市","西屯區","0","1","0","7","1","6","50","13","7","1","5","4","6","6","2","1","5","4","4","2","13","3","10","3","1","B03","7","9","1","8","2","5","","7","7","1","12","4","120.660381","24.164268","2"
"6266","66000","387130000C","(04)23274275","(04)23288582","2026","1","15","17","38","臺中市","東區","0","0","0","7","","","50","","","","","","","","","","","","","","13","","","","","C03","","","1","","2","","","7","7","1","6","4","120.70069","24.127037","3"
"6267","66000","387130000C","(04)23274275","(04)23288582","2026","1","15","17","39","臺中市","潭子區","0","0","0","7","","","50","","","","","","","","","","","","","","11","","","","","B03","","","1","","2","","","41","41","1","13","4","120.691619","24.234769","3"
"6268","66000","387130000C","(04)23274275","(04)23288582","2026","1","15","17","40","臺中市","烏日區","0","1","0","7","2","6","50","3","1","1","5","4","6","6","4","4","1","5","4","2","16","2","9","1","1","C04","7","6","1","10","2","14","","14","14","1","6","4","120.603179","24.108811","2"
"6269","66000","387130000C","(04)23274275","(04)23288582","2026","1","15","17","41","臺中市","西區","0","2","0","7","1","6","50","4","1","1","5","4","6","6","4","4","10","5","5","1","17","2","9","5","4","C03","7","9","1","10","2","11","","84","84","1","12","4","120.661025","24.1548","2"
"6270","66000","387130000C","(04)23274275","(04)23288582","2026","1","15","17","41","臺中市","沙鹿區","0","1","0","7","1","6","30","3","1","1","5","4","6","6","4","4","10","5","5","2","13","3","10","2","1","C03","7","5","1","10","1","11","","58","58","1","6","4","120.57785","24.224408","2"
"6271","66000","387130000C","(04)23274275","(04)23288582","2026","1","15","17","43","臺中市","北屯區","0","0","0","7","","","50","","","","","","","","","","","","","","13","","","","","B03","","","1","","1","","","59","59","1","12","4","120.70354","24.164775","3"
"6272","66000","387130000C","(04)23274275","(04)23288582","2026","1","15","17","44","臺中市","大里區","0","0","0","7","","","50","","","","","","","","","","","","","","13","","","","","C03","","","1","","2","","","7","7","1","12","4","120.705959","24.095517","3"
"6273","66000","387130000C","(04)23274275","(04)23288582","2026","1","15","17","44","臺中市","清水區","0","1","0","7","1","6","50","4","2","1","5","4","6","6","1","1","5","5","4","2","13","3","10","3","1","B03","7","1","1","8","2","1","","58","58","1","12","4","120.55349","24.268035","2"
"6274","66000","387130000C","(04)23274275","(04)23288582","2026","1","15","17","45","臺中市","北屯區","0","1","0","7","2","6","50","4","1","1","5","4","6","6","2","1","10","5","5","2","16","2","9","1","1","C03","7","9","1","10","2","14","","84","84","1","12","4","120.677021","24.18576","2"
"6275","66000","387130000C","(04)23274275","(04)23288582","2026","1","15","17","45","臺中市","大里區","0","1","0","7","1","6","50","3","1","1","5","4","6","6","4","4","5","2","5","1","17","3","10","3","1","B12","7","6","3","19","2","1","","7","7","1","13","4","120.717415","24.085808","2"
"6276","66000","387130000C","(04)23274275","(04)23288582","2026","1","15","17","46","臺中市","西區","0","0","0","7","","","50","","","","","","","","","","","","","","13","","","","","C03","","","1","","1","","","7","7","1","13","4","120.657642","24.151371","3"
"6277","66000","387130000C","(04)23274275","(04)23288582","2026","1","15","17","46","臺中市","西屯區","0","0","0","7","","","60","","","","","","","","","","","","","","13","","","","","B02","","","1","","1","","","59","59","1","13","4","120.640052","24.168813","3"
"6278","66000","387130000C","(04)23274275","(04)23288582","2026","1","15","17","47","臺中市","北屯區","0","0","0","7","","","","","","","","","","","","","","","","","17","","","","","","","","","","","","","119","119","1","","","120.670261","24.183622","3"
"6279","66000","387130000C","(04)23274275","(04)23288582","2026","1","15","17","48","臺中市","南屯區","0","0","0","7","","","30","","","","","","","","","","","","","","13","","","","","B03","","","1","","1","","","84","84","1","12","4","120.599641","24.143762","3"
"6280","66000","387130000C","(04)23274275","(04)23288582","2026","1","15","17","48","臺中市","南屯區","0","1","0","7","2","6","50","13","9","1","5","4","6","6","4","4","9","4","5","2","13","2","9","1","1","C03","7","9","1","10","2","11","","59","59","1","12","4","120.653018","24.130377","2"
"6281","66000","387130000C","(04)23274275","(04)23288582","2026","1","15","17","49","臺中市","南區","0","0","0","7","","","30","","","","","","","","","","","","","","14","","","","","B03","","","1","","2","","","49","49","1","12","4","120.669453","24.117187","3"
"6282","66000","387130000C","(04)23274275","(04)23288582","2026","1","15","17","51","臺中市","大里區","1","1","0","7","1","6","50","3","1","1","5","4","6","6","1","1","10","5","5","1","16","2","9","3","1","B12","7","6","1","8","2","1","","11","11","1","13","4","120.710577","24.107846","1"
"6283","66000","387130000C","(04)23274275","(04)23288582","2026","1","15","17","54","臺中市","西區","0","1","0","7","1","6","50","4","1","1","5","4","6","6","1","1","5","5","5","2","12","2","9","5","4","C03","7","9","1","10","2","14","","42","42","1","13","4","120.662426","24.155346","2"
"6284","66000","387130000C","(04)23274275","(04)23288582","2026","1","15","17","56","臺中市","北屯區","0","0","0","7","","","50","","","","","","","","","","","","","","12","","","","","C03","","","1","","2","","","20","20","1","6","4","120.69224","24.165856","3"
"6285","66000","387130000C","(04)23274275","(04)23288582","2026","1","15","17","56","臺中市","西屯區","0","1","0","6","1","6","50","3","1","1","5","4","6","6","2","1","10","5","5","2","17","3","10","3","1","B03","7","6","1","8","2","8","","11","11","1","13","4","120.616508","24.182689","2"
"6286","66000","387130000C","(04)23274275","(04)23288582","2026","1","15","17","57","臺中市","太平區","0","0","0","7","","","50","","","","","","","","","","","","","","15","","","","","C03","","","1","","2","","","15","15","1","13","4","120.711415","24.139803","3"
"6287","66000","387130000C","(04)23274275","(04)23288582","2026","1","15","17","57","臺中市","豐原區","0","0","0","7","","","50","","","","","","","","","","","","","","13","","","","","B03","","","1","","2","","","59","59","1","12","4","120.732401","24.258611","3"
"6288","66000","387130000C","(04)23274275","(04)23288582","2026","1","15","17","59","臺中市","西屯區","0","0","0","7","","","30","","","","","","","","","","","","","","9","","","","","B12","","","1","","9","","","8","8","2","12","4","120.664179","24.175209","3"
"6289","66000","387130000C","(04)23274275","(04)23288582","2026","1","15","18","0","臺中市","太平區","0","0","0","7","","","50","","","","","","","","","","","","","","17","","","","","C03","","","1","","2","","","84","84","1","13","4","120.724034","24.15547","3"
"6290","66000","387130000C","(04)23274275","(04)23288582","2026","1","15","18","0","臺中市","沙鹿區","0","0","0","6","","","60","","","","","","","","","","","","","","13","","","","","B03","","","1","","2","","","56","56","1","12","4","120.581421","24.209662","3"
"6291","66000","387130000C","(04)23274275","(04)23288582","2026","1","15","18","3","臺中市","烏日區","0","0","0","7","","","50","","","","","","","","","","","","","","12","","","","","B03","","","1","","2","","","8","8","1","6","4","120.618724","24.115942","3"
"6292","66000","387130000C","(04)23274275","(04)23288582","2026","1","15","18","4","臺中市","西屯區","0","0","0","7","","","50","","","","","","","","","","","","","","","","","","","B01","","","1","","1","","","84","84","1","12","4","120.643643","24.165818","3"
"6293","66000","387130000C","(04)23274275","(04)23288582","2026","1","15","18","6","臺中市","北屯區","0","0","0","7","","","50","","","","","","","","","","","","","","13","","","","","C03","","","1","","1","","","59","59","1","6","4","120.718034","24.179979","3"
"6294","66000","387130000C","(04)23274275","(04)23288582","2026","1","15","18","6","臺中市","清水區","0","0","0","7","","","50","","","","","","","","","","","","","","","","","","","B03","","","1","","2","","","26","26","1","12","4","120.574485","24.270617","3"
"6295","66000","387130000C","(04)23274275","(04)23288582","2026","1","15","18","8","臺中市","梧棲區","0","2","0","7","1","6","50","4","1","1","5","4","6","6","1","1","10","5","5","2","16","2","9","1","1","C03","7","6","1","10","2","12","","11","11","1","6","4","120.530043","24.25385","2"
"6296","66000","387130000C","(04)23274275","(04)23288582","2026","1","15","18","10","臺中市","西屯區","0","1","0","7","1","6","40","13","8","1","5","4","6","6","4","4","1","4","4","2","16","2","9","5","4","C03","7","9","1","10","2","11","","84","84","1","12","4","120.651512","24.20755","2"
"6297","66000","387130000C","(04)23274275","(04)23288582","2026","1","15","18","10","臺中市","西屯區","0","0","0","7","","3","80","","","","","","","","","","","","","","13","","","","","B03","","","1","","1","","","7","7","1","12","4","120.634676","24.179409","3"
"6298","66000","387130000C","(04)23274275","(04)23288582","2026","1","15","18","10","臺中市","烏日區","0","0","0","7","","","50","","","","","","","","","","","","","","14","","","","","B03","","","1","","1","","","49","49","1","6","4","120.595636","24.110709","3"