序號,縣市別代碼,機關代碼,市話,傳真,年,月,日,時,分,縣市,區,死亡數量,受傷數量,2-30,天候,道路照明設備,道路類別,道路速限,道路型態,事故位置,路面鋪裝,路面狀態,路面缺陷,障礙物,視距,號誌種類,號誌動作,分向設施,快車道或一般車道間,快慢車道間,路面邊線,事故類型及型態,受傷程度,主要傷處,保護裝備,行動電話或功能裝置,當事者區分(類別),車輛用途,當事者行動狀態,駕照狀態,駕照種類,飲酒情形,車輛撞擊部位最初,車輛撞擊部位其他,肇事因素個別,肇事因素主要,肇事逃逸,職業,共享經濟或外送平台,GPS座標X,GPS座標Y,事故類別
"6299","66000","387130000C","(04)23274275","(04)23288582","2026","1","15","18","10","臺中市","豐原區","0","1","0","7","1","6","50","13","9","1","5","4","6","6","4","4","5","4","4","2","17","3","10","3","1","B03","7","1","1","8","2","16","","51","51","1","6","4","120.722481","24.25607","2"
"6300","66000","387130000C","(04)23274275","(04)23288582","2026","1","15","18","12","臺中市","南區","0","0","0","7","","","50","","","","","","","","","","","","","","","","","","","B03","","","1","","1","","","14","14","1","13","4","120.671292","24.112912","3"
"6301","66000","387130000C","(04)23274275","(04)23288582","2026","1","15","18","12","臺中市","大里區","0","1","0","7","1","6","50","13","7","1","5","4","6","6","4","4","5","5","4","2","13","2","8","1","1","C03","7","8","5","19","2","11","","84","84","1","12","4","120.68196","24.100368","2"
"6302","66000","387130000C","(04)23274275","(04)23288582","2026","1","15","18","14","臺中市","大甲區","0","0","0","7","","","50","","","","","","","","","","","","","","12","","","","","B03","","","1","","2","","","51","51","1","6","4","120.646038","24.404419","4"
"6303","66000","387130000C","(04)23274275","(04)23288582","2026","1","15","18","16","臺中市","沙鹿區","0","0","0","7","","","30","","","","","","","","","","","","","","17","","","","","","","","","","","","","119","119","1","","","120.573374","24.220673","3"
"6304","66000","387130000C","(04)23274275","(04)23288582","2026","1","15","18","17","臺中市","北區","0","0","0","7","","","50","","","","","","","","","","","","","","","","","","","B03","","","1","","1","","","51","51","1","12","4","120.686661","24.15317","3"
"6305","66000","387130000C","(04)23274275","(04)23288582","2026","1","15","18","17","臺中市","北區","0","1","0","7","3","6","50","4","2","1","5","4","6","6","1","1","5","2","4","2","16","3","10","5","4","B12","7","5","1","8","2","2","","11","11","1","13","4","120.670234","24.158965","2"
"6306","66000","387130000C","(04)23274275","(04)23288582","2026","1","15","18","17","臺中市","西屯區","0","1","0","7","2","3","50","10","9","1","5","4","6","6","4","4","1","4","5","2","13","2","1","5","4","B03","7","9","1","8","2","1","3","7","7","1","13","4","120.649001","24.196898","2"
"6307","66000","387130000C","(04)23274275","(04)23288582","2026","1","15","18","19","臺中市","龍井區","0","1","0","7","1","6","30","3","1","1","5","4","6","6","3","1","10","5","5","2","16","2","9","1","1","C03","7","6","1","10","9","12","","11","11","1","12","4","120.592472","24.181445","2"
"6308","66000","387130000C","(04)23274275","(04)23288582","2026","1","15","18","20","臺中市","北區","0","2","0","7","1","6","40","13","8","1","5","4","6","6","4","4","1","4","4","2","13","2","9","1","1","C03","7","9","1","10","2","11","","7","7","1","13","4","120.671553","24.172571","2"
"6309","66000","387130000C","(04)23274275","(04)23288582","2026","1","15","18","21","臺中市","北屯區","0","2","0","7","2","6","50","3","1","1","5","4","6","6","4","4","10","5","5","2","16","2","9","5","4","C03","7","6","1","10","2","11","","20","20","1","12","4","120.678965","24.173856","2"
"6310","66000","387130000C","(04)23274275","(04)23288582","2026","1","15","18","21","臺中市","北屯區","0","0","0","7","","","50","","","","","","","","","","","","","","","","","","","B03","","","1","","9","","","49","49","2","13","4","120.720595","24.174697","3"
"6311","66000","387130000C","(04)23274275","(04)23288582","2026","1","15","18","22","臺中市","神岡區","0","2","0","7","1","6","30","11","12","1","5","4","6","6","4","4","10","5","5","1","12","2","9","5","4","C03","7","9","1","10","2","16","","8","8","1","12","4","120.691016","24.247689","2"
"6312","66000","387130000C","(04)23274275","(04)23288582","2026","1","15","18","23","臺中市","南屯區","0","0","0","7","","","50","","","","","","","","","","","","","","17","","","","","B03","","","1","","2","","","59","59","1","13","4","120.653174","24.129876","3"
"6313","66000","387130000C","(04)23274275","(04)23288582","2026","1","15","18","28","臺中市","大里區","0","1","0","7","2","6","50","13","9","1","5","4","6","6","4","4","9","4","5","1","17","3","10","3","1","B03","7","9","3","19","2","5","","59","59","1","12","4","120.690888","24.108188","2"
"6314","66000","387130000C","(04)23274275","(04)23288582","2026","1","15","18","29","臺中市","西屯區","0","1","0","6","1","6","50","4","1","1","5","4","6","6","2","1","10","5","5","2","16","3","10","3","1","B03","7","5","1","8","2","3","","47","47","1","13","4","120.617479","24.159703","2"
"6315","66000","387130000C","(04)23274275","(04)23288582","2026","1","15","18","29","臺中市","太平區","0","1","0","7","1","6","50","3","1","1","5","4","6","6","4","4","10","5","5","2","17","3","10","3","1","B03","7","6","1","8","2","1","","14","14","1","12","4","120.714945","24.125769","2"
"6316","66000","387130000C","(04)23274275","(04)23288582","2026","1","15","18","30","臺中市","北區","0","1","0","6","3","6","50","4","2","1","5","4","6","6","4","4","5","4","5","2","9","3","10","5","4","C03","7","9","1","10","2","12","","84","84","1","13","4","120.68261","24.166045","2"
"6317","66000","387130000C","(04)23274275","(04)23288582","2026","1","15","18","30","臺中市","北屯區","0","0","0","6","","","","","","","","","","","","","","","","","17","","","","","","","","","","","","","109","109","1","","","120.694009","24.176363","4"
"6318","66000","387130000C","(04)23274275","(04)23288582","2026","1","15","18","30","臺中市","西屯區","0","0","0","7","","","50","","","","","","","","","","","","","","13","","","","","C03","","","1","","2","","","84","84","1","12","4","120.655993","24.159588","3"
"6319","66000","387130000C","(04)23274275","(04)23288582","2026","1","15","18","32","臺中市","東區","0","0","0","7","","","50","","","","","","","","","","","","","","","","","","","B03","","","1","","2","","","56","56","1","13","4","120.708162","24.135668","3"
"6320","66000","387130000C","(04)23274275","(04)23288582","2026","1","15","18","32","臺中市","東區","0","0","0","7","","","30","","","","","","","","","","","","","","27","","","","","B02","","","1","","2","","","84","84","1","6","4","120.694023","24.126351","3"
"6321","66000","387130000C","(04)23274275","(04)23288582","2026","1","15","18","35","臺中市","大雅區","0","2","0","7","1","6","70","3","2","1","5","4","6","6","1","1","1","3","4","1","17","3","10","5","4","B03","7","5","1","8","2","2","","20","20","1","13","4","120.644362","24.22723","2"
"6322","66000","387130000C","(04)23274275","(04)23288582","2026","1","15","18","35","臺中市","北區","0","1","0","7","1","6","50","13","9","1","5","4","6","6","4","4","10","5","5","2","12","3","10","2","1","C03","7","15","1","10","2","12","","20","20","1","13","4","120.685395","24.152786","2"
"6323","66000","387130000C","(04)23274275","(04)23288582","2026","1","15","18","35","臺中市","南屯區","0","0","0","7","","","50","","","","","","","","","","","","","","13","","","","","B03","","","1","","1","","","7","7","1","12","4","120.628251","24.148052","3"
"6324","66000","387130000C","(04)23274275","(04)23288582","2026","1","15","18","37","臺中市","潭子區","0","1","0","7","1","6","50","13","9","1","5","4","6","6","4","4","5","5","5","1","28","2","9","2","1","C03","7","9","1","10","2","11","12","84","84","1","13","4","120.724206","24.20404","2"
"6325","66000","387130000C","(04)23274275","(04)23288582","2026","1","15","18","37","臺中市","北屯區","0","0","0","7","","","50","","","","","","","","","","","","","","13","","","","","B12","","","1","","1","","","59","59","1","12","4","120.671332","24.174755","3"
"6326","66000","387130000C","(04)23274275","(04)23288582","2026","1","15","18","40","臺中市","南屯區","0","0","0","7","","","50","","","","","","","","","","","","","","13","","","","","B03","","","1","","1","","","7","7","1","12","4","120.616286","24.146186","3"
"6327","66000","387130000C","(04)23274275","(04)23288582","2026","1","15","18","40","臺中市","西屯區","0","0","0","7","","","50","","","","","","","","","","","","","","17","","","","","B12","","","1","","9","","","50","50","1","12","4","120.592927","24.169248","3"
"6328","66000","387130000C","(04)23274275","(04)23288582","2026","1","15","18","41","臺中市","南區","0","0","0","7","","","50","","","","","","","","","","","","","","2","","","","","B02","","","1","","2","","","51","51","1","12","4","120.661841","24.12996","3"
"6329","66000","387130000C","(04)23274275","(04)23288582","2026","1","15","18","42","臺中市","南區","0","0","0","7","","","40","","","","","","","","","","","","","","","","","","","B03","","","1","","1","","","84","84","1","13","4","120.679133","24.13164","3"
"6330","66000","387130000C","(04)23274275","(04)23288582","2026","1","15","18","43","臺中市","潭子區","0","0","0","7","","","50","","","","","","","","","","","","","","","","","","","B03","","","1","","2","","","7","7","1","13","4","120.701314","24.200658","3"
"6331","66000","387130000C","(04)23274275","(04)23288582","2026","1","15","18","43","臺中市","太平區","0","1","0","7","1","6","50","13","9","1","5","4","6","6","4","4","1","4","5","2","17","2","9","2","1","C03","7","9","1","10","2","12","","82","82","1","13","4","120.718277","24.136691","2"
"6332","66000","387130000C","(04)23274275","(04)23288582","2026","1","15","18","43","臺中市","豐原區","0","1","0","7","1","6","50","13","9","1","5","4","6","6","4","4","1","4","5","1","17","2","9","2","2","C03","7","9","2","19","2","14","","62","62","1","13","4","120.72948","24.275764","2"
"6333","66000","387130000C","(04)23274275","(04)23288582","2026","1","15","18","44","臺中市","豐原區","0","0","0","7","1","6","50","13","8","1","5","4","6","6","2","1","5","4","4","2","12","3","10","3","1","B03","7","1","1","8","9","8","","51","51","1","12","4","120.718928","24.237906","3"
"6334","66000","387130000C","(04)23274275","(04)23288582","2026","1","15","18","47","臺中市","西區","0","0","0","7","","","50","","","","","","","","","","","","","","13","","","","","B03","","","1","","1","","","84","84","1","13","4","120.676004","24.132993","3"
"6335","66000","387130000C","(04)23274275","(04)23288582","2026","1","15","18","49","臺中市","北區","0","0","0","7","","","50","","","","","","","","","","","","","","","","","","","B01","","","1","","1","","","50","50","1","12","4","120.669257","24.17164","3"
"6336","66000","387130000C","(04)23274275","(04)23288582","2026","1","15","18","54","臺中市","南屯區","0","0","0","7","","","30","","","","","","","","","","","","","","17","","","","","B03","","","1","","1","","","59","59","1","13","4","120.638791","24.140297","3"
"6337","66000","387130000C","(04)23274275","(04)23288582","2026","1","15","18","55","臺中市","北屯區","0","0","0","7","","","50","","","","","","","","","","","","","","13","","","","","B03","","","1","","2","","","84","84","1","6","4","120.680517","24.183925","3"
"6338","66000","387130000C","(04)23274275","(04)23288582","2026","1","15","19","5","臺中市","南屯區","0","0","0","7","","3","40","","","","","","","","","","","","","","13","","","","","B03","","","1","","1","","","7","7","1","12","4","120.621618","24.134699","3"
"6339","66000","387130000C","(04)23274275","(04)23288582","2026","1","15","19","7","臺中市","北區","0","0","0","7","","","30","","","","","","","","","","","","","","14","","","","","B03","","","1","","1","","","49","49","1","13","4","120.672256","24.16642","3"
"6340","66000","387130000C","(04)23274275","(04)23288582","2026","1","15","19","11","臺中市","南區","0","0","0","7","","","50","","","","","","","","","","","","","","17","","","","","B03","","","1","","2","","","87","87","1","13","4","120.646961","24.11876","3"
"6341","66000","387130000C","(04)23274275","(04)23288582","2026","1","15","19","11","臺中市","北屯區","0","1","0","7","2","6","30","4","1","1","5","4","6","6","1","1","10","5","5","2","16","2","9","5","4","C03","7","6","1","10","1","12","","84","84","1","12","4","120.700419","24.167609","2"
"6342","66000","387130000C","(04)23274275","(04)23288582","2026","1","15","19","19","臺中市","中區","0","0","0","7","","","50","","","","","","","","","","","","","","","","","","","B03","","","1","","1","","","84","84","1","12","4","120.685831","24.13865","3"
"6343","66000","387130000C","(04)23274275","(04)23288582","2026","1","15","19","21","臺中市","北屯區","0","0","0","7","","","50","","","","","","","","","","","","","","12","","","","","B03","","","1","","1","","","2","2","1","12","4","120.667505","24.179762","3"
"6344","66000","387130000C","(04)23274275","(04)23288582","2026","1","15","19","23","臺中市","西屯區","0","1","0","7","1","6","50","13","9","1","5","4","6","6","1","1","5","4","5","2","12","3","10","1","1","C03","7","9","1","10","1","12","","7","7","1","12","4","120.641391","24.168538","2"
"6345","66000","387130000C","(04)23274275","(04)23288582","2026","1","15","19","27","臺中市","沙鹿區","0","2","0","7","1","6","50","4","1","1","5","4","6","6","4","4","10","5","5","2","16","2","9","4","1","F01","7","6","7","21","2","14","","48","48","1","6","4","120.567344","24.250613","2"
"6346","66000","387130000C","(04)23274275","(04)23288582","2026","1","15","19","43","臺中市","西屯區","0","0","0","7","","","50","","","","","","","","","","","","","","13","","","","","B03","","","1","","1","","","59","59","1","12","4","120.65169","24.189413","3"
"6347","66000","387130000C","(04)23274275","(04)23288582","2026","1","15","19","45","臺中市","東區","0","2","0","7","1","6","50","4","1","1","5","4","6","6","1","1","5","5","5","2","17","2","9","2","1","C03","7","11","1","10","2","12","","45","45","1","13","4","120.687909","24.136493","2"
"6348","66000","387130000C","(04)23274275","(04)23288582","2026","1","15","19","46","臺中市","霧峰區","0","0","0","7","","","50","","","","","","","","","","","","","","14","","","","","C03","","","1","","2","","","49","49","1","12","4","120.696202","24.055945","3"
"6349","66000","387130000C","(04)23274275","(04)23288582","2026","1","15","19","46","臺中市","豐原區","0","0","0","7","","","50","","","","","","","","","","","","","","16","","","","","B12","","","1","","2","","","47","47","1","12","4","120.71595","24.23952","4"
"6350","66000","387130000C","(04)23274275","(04)23288582","2026","1","15","19","54","臺中市","霧峰區","0","2","0","7","1","6","50","13","12","1","5","4","6","6","4","4","5","2","4","1","17","2","7","2","1","C03","7","4","1","10","2","12","","7","7","1","13","4","120.69931","24.0693","2"
"6351","66000","387130000C","(04)23274275","(04)23288582","2026","1","15","19","58","臺中市","東區","0","0","0","7","","","50","","","","","","","","","","","","","","14","","","","","B03","","","1","","2","","","49","49","1","6","4","120.694423","24.14277","3"
"6352","66000","387130000C","(04)23274275","(04)23288582","2026","1","15","20","0","臺中市","南屯區","0","0","0","7","","","","","","","","","","","","","","","","","17","","","","","","","","","","","","","119","119","1","","","120.646815","24.134662","3"
"6353","66000","387130000C","(04)23274275","(04)23288582","2026","1","15","20","3","臺中市","大里區","0","2","0","7","1","6","50","13","9","1","5","4","6","6","3","1","1","4","5","1","18","2","9","1","1","C03","7","9","1","10","2","14","","84","84","1","12","4","120.699843","24.118372","2"
"6354","66000","387130000C","(04)23274275","(04)23288582","2026","1","15","20","5","臺中市","南區","0","0","0","7","","","50","","","","","","","","","","","","","","","","","","","B03","","","1","","2","","","84","84","1","13","4","120.680928","24.130808","3"
"6355","66000","387130000C","(04)23274275","(04)23288582","2026","1","15","20","9","臺中市","南屯區","0","1","0","7","2","6","50","13","9","1","5","4","6","6","4","4","9","4","5","2","18","2","9","1","1","C03","7","9","1","10","2","12","","59","59","1","12","4","120.624027","24.149267","2"
"6356","66000","387130000C","(04)23274275","(04)23288582","2026","1","15","20","22","臺中市","南屯區","0","1","0","7","1","6","50","13","7","1","5","4","6","6","1","1","5","5","4","2","18","2","9","1","1","C03","7","9","1","9","1","12","","84","84","1","12","4","120.646388","24.148838","2"
"6357","66000","387130000C","(04)23274275","(04)23288582","2026","1","15","20","24","臺中市","太平區","0","0","0","7","","","50","","","","","","","","","","","","","","17","","","","","B03","","","1","","1","","","84","84","1","12","4","120.714934","24.140893","3"
"6358","66000","387130000C","(04)23274275","(04)23288582","2026","1","15","20","30","臺中市","太平區","0","0","0","7","","","40","","","","","","","","","","","","","","13","","","","","C03","","","1","","2","","","7","7","1","12","4","120.715278","24.149397","3"
"6359","66000","387130000C","(04)23274275","(04)23288582","2026","1","15","20","32","臺中市","太平區","0","1","0","7","1","6","50","4","1","1","5","4","6","6","2","1","10","5","5","2","16","3","10","3","1","B03","7","5","1","8","2","5","","11","11","1","13","4","120.70974","24.135563","2"
"6360","66000","387130000C","(04)23274275","(04)23288582","2026","1","15","20","35","臺中市","龍井區","0","1","0","7","1","6","50","11","9","1","5","2","6","6","4","4","5","5","5","1","18","2","9","1","1","C03","7","9","1","10","2","12","","59","59","1","5","4","120.546899","24.206154","2"
"6361","66000","387130000C","(04)23274275","(04)23288582","2026","1","15","20","40","臺中市","大甲區","0","0","0","7","","","50","","","","","","","","","","","","","","13","","","","","B03","","","1","","2","","","7","7","1","12","4","120.648371","24.375883","3"
"6362","66000","387130000C","(04)23274275","(04)23288582","2026","1","15","20","45","臺中市","東區","0","0","0","7","","","50","","","","","","","","","","","","","","","","","","","B03","","","5","","2","","","59","59","1","13","4","120.706077","24.1444","3"
"6363","66000","387130000C","(04)23274275","(04)23288582","2026","1","15","20","45","臺中市","西屯區","0","2","0","7","1","6","50","4","1","1","5","4","6","6","2","1","10","5","5","2","13","2","8","5","4","C03","7","9","1","10","2","11","","59","59","1","13","4","120.617497","24.185344","2"
"6364","66000","387130000C","(04)23274275","(04)23288582","2026","1","15","20","45","臺中市","沙鹿區","0","0","0","6","","","30","","","","","","","","","","","","","","17","","","","","B03","","","1","","2","","","8","8","1","12","4","120.572061","24.238068","3"
"6365","66000","387130000C","(04)23274275","(04)23288582","2026","1","15","20","46","臺中市","南屯區","0","0","0","7","","","50","","","","","","","","","","","","","","13","","","","","B03","","","1","","1","","","84","84","1","12","4","120.637611","24.143492","3"
"6366","66000","387130000C","(04)23274275","(04)23288582","2026","1","15","20","47","臺中市","北屯區","0","0","0","7","","","40","","","","","","","","","","","","","","14","","","","","B03","","","1","","2","","","49","49","1","6","4","120.731557","24.161307","4"
"6367","66000","387130000C","(04)23274275","(04)23288582","2026","1","15","20","50","臺中市","霧峰區","0","0","0","7","","","50","","","","","","","","","","","","","","13","","","","","B03","","","1","","1","","","84","84","1","5","4","120.711498","24.077094","3"
"6368","66000","387130000C","(04)23274275","(04)23288582","2026","1","15","20","53","臺中市","大里區","0","1","0","7","1","6","50","13","9","1","5","4","6","6","4","4","5","5","5","1","13","2","7","1","1","C03","7","9","1","10","2","11","14","7","7","1","12","4","120.700214","24.096284","2"
"6369","66000","387130000C","(04)23274275","(04)23288582","2026","1","15","20","54","臺中市","神岡區","0","0","0","7","","","50","","","","","","","","","","","","","","13","","","","","B03","","","1","","2","","","59","59","1","12","4","120.689898","24.247791","3"
"6370","66000","387130000C","(04)23274275","(04)23288582","2026","1","15","20","57","臺中市","西屯區","0","1","0","7","1","6","50","4","1","1","5","4","6","6","1","1","10","5","5","1","16","3","10","3","1","B03","7","5","1","8","2","2","","47","47","1","12","4","120.642736","24.159089","2"
"6371","66000","387130000C","(04)23274275","(04)23288582","2026","1","15","21","4","臺中市","大里區","0","0","0","7","","","50","","","","","","","","","","","","","","","","","","","B03","","","1","","2","","","84","84","1","12","4","120.696329","24.11111","3"
"6372","66000","387130000C","(04)23274275","(04)23288582","2026","1","15","21","9","臺中市","東區","0","2","0","7","1","6","40","4","2","1","5","4","6","6","1","1","1","4","4","2","13","2","9","1","1","C03","7","9","1","10","2","11","","7","7","1","6","4","120.690279","24.126364","2"
"6373","66000","387130000C","(04)23274275","(04)23288582","2026","1","15","21","16","臺中市","西屯區","0","0","0","7","","","50","","","","","","","","","","","","","","12","","","","","B03","","","1","","2","","","40","40","1","12","4","120.63814","24.16669","3"
"6374","66000","387130000C","(04)23274275","(04)23288582","2026","1","15","21","19","臺中市","豐原區","0","1","0","7","1","6","50","4","1","1","5","4","6","6","1","1","10","5","4","2","13","2","9","2","1","C03","7","9","1","10","2","14","","58","58","1","13","4","120.70975","24.24469","2"
"6375","66000","387130000C","(04)23274275","(04)23288582","2026","1","15","21","23","臺中市","西屯區","0","1","0","7","1","6","50","4","2","1","5","4","6","6","1","1","5","5","4","2","13","3","10","1","1","C03","7","9","1","10","2","12","","7","7","1","12","4","120.589326","24.174891","2"
"6376","66000","387130000C","(04)23274275","(04)23288582","2026","1","15","21","32","臺中市","東區","0","0","0","7","","","50","","","","","","","","","","","","","","","","","","","B03","","","1","","2","","","8","8","1","13","4","120.689298","24.145153","3"
"6377","66000","387130000C","(04)23274275","(04)23288582","2026","1","15","21","34","臺中市","龍井區","0","0","0","7","","","50","","","","","","","","","","","","","","13","","","","","B03","","","1","","1","","","85","85","1","6","4","120.582699","24.178214","3"
"6378","66000","387130000C","(04)23274275","(04)23288582","2026","1","15","21","35","臺中市","西區","0","0","0","7","","","50","","","","","","","","","","","","","","17","","","","","B01","","","1","","2","","","59","59","1","13","4","120.654616","24.155306","3"
"6379","66000","387130000C","(04)23274275","(04)23288582","2026","1","15","21","51","臺中市","后里區","0","0","0","7","1","6","50","3","1","1","5","4","6","6","4","4","5","5","5","1","17","3","10","3","1","B03","7","1","1","8","2","2","","84","84","1","12","4","120.720991","24.307986","3"
"6380","66000","387130000C","(04)23274275","(04)23288582","2026","1","15","22","3","臺中市","北屯區","0","0","0","7","","","30","","","","","","","","","","","","","","28","","","","","C03","","","1","10","2","","","87","87","1","12","4","120.668419","24.179145","3"
"6381","66000","387130000C","(04)23274275","(04)23288582","2026","1","15","22","5","臺中市","南區","0","0","0","7","","","50","","","","","","","","","","","","","","","","","","","B03","","","1","","2","","","84","84","1","13","4","120.679256","24.12428","3"
"6382","66000","387130000C","(04)23274275","(04)23288582","2026","1","15","22","16","臺中市","東區","0","0","0","7","","","30","","","","","","","","","","","","","","12","","","","","B03","","","1","","1","","","8","8","1","6","4","120.699162","24.140195","3"
"6383","66000","387130000C","(04)23274275","(04)23288582","2026","1","15","22","20","臺中市","沙鹿區","0","0","0","7","","","50","","","","","","","","","","","","","","13","","","","","B03","","","1","","1","","","7","7","1","6","4","120.564375","24.206646","3"
"6384","66000","387130000C","(04)23274275","(04)23288582","2026","1","15","22","32","臺中市","南屯區","0","0","0","7","","","50","","","","","","","","","","","","","","","","","","","B03","","","1","","2","","","45","45","1","13","4","120.633677","24.148263","3"
"6385","66000","387130000C","(04)23274275","(04)23288582","2026","1","15","23","0","臺中市","北區","0","0","0","7","","","50","","","","","","","","","","","","","","12","","","","","B03","","","3","","9","","","84","84","2","13","4","120.689444","24.14697","3"
"6386","66000","387130000C","(04)23274275","(04)23288582","2026","1","15","23","40","臺中市","沙鹿區","0","0","0","6","","","30","","","","","","","","","","","","","","14","","","","","B03","","","1","","2","","","49","49","1","12","4","120.569226","24.242275","3"
"6387","66000","387130000C","(04)23274275","(04)23288582","2026","1","15","23","48","臺中市","西區","0","2","0","7","1","6","50","4","1","1","5","4","6","6","4","4","10","5","5","2","15","2","9","1","1","C03","7","9","1","10","2","12","","15","15","1","13","4","120.658002","24.15598","2"
"6388","66000","387130000C","(04)23274275","(04)23288582","2026","1","15","23","56","臺中市","東區","0","2","0","7","1","6","50","4","1","1","5","4","6","6","1","1","9","4","4","2","17","2","9","2","1","C03","7","9","5","10","2","11","","21","21","1","12","4","120.706404","24.1365","2"
"6389","66000","387130000C","(04)23274275","(04)23288582","2026","1","16","0","53","臺中市","烏日區","0","0","0","7","","","50","","","","","","","","","","","","","","17","","","","","A12","","","1","","9","","","78","78","2","6","4","120.64646","24.060121","3"
"6390","66000","387130000C","(04)23274275","(04)23288582","2026","1","16","1","1","臺中市","中區","0","1","0","7","1","6","50","4","1","1","5","4","6","6","1","1","5","4","5","2","16","3","10","3","1","B03","7","5","3","19","2","6","","84","84","1","13","4","120.680032","24.13788","2"
"6391","66000","387130000C","(04)23274275","(04)23288582","2026","1","16","1","54","臺中市","霧峰區","0","0","0","7","","","50","","","","","","","","","","","","","","","","","","","B02","","","1","","11","","","4","4","2","12","4","120.685676","24.069314","3"
"6392","66000","387130000C","(04)23274275","(04)23288582","2026","1","16","2","25","臺中市","東區","0","0","0","7","","","30","","","","","","","","","","","","","","","","","","","B03","","","1","","11","","","87","87","1","12","4","120.690292","24.144497","4"
"6393","66000","387130000C","(04)23274275","(04)23288582","2026","1","16","4","33","臺中市","大里區","0","1","0","7","1","6","50","3","1","1","5","4","6","6","4","4","10","5","5","2","16","3","10","3","1","B03","7","6","1","8","2","8","","12","12","1","12","4","120.69581","24.090912","2"
"6394","66000","387130000C","(04)23274275","(04)23288582","2026","1","16","6","15","臺中市","西屯區","0","0","0","7","1","6","40","4","1","1","5","4","6","6","1","1","10","5","5","2","17","","","","","C03","","","1","","2","","","84","84","1","13","4","120.606664","24.169177","3"
"6395","66000","387130000C","(04)23274275","(04)23288582","2026","1","16","6","38","臺中市","龍井區","0","0","0","7","2","6","40","13","8","1","5","4","6","6","1","1","1","4","1","1","13","3","10","3","1","B03","7","9","5","19","8","1","","7","7","1","6","4","120.519813","24.212432","3"
"6396","66000","387130000C","(04)23274275","(04)23288582","2026","1","16","6","50","臺中市","沙鹿區","0","2","0","7","1","6","60","4","2","1","5","4","6","6","1","1","8","3","5","1","17","2","9","5","4","F03","7","9","7","21","2","14","","21","21","1","13","4","120.562335","24.240219","2"
"6397","66000","387130000C","(04)23274275","(04)23288582","2026","1","16","6","55","臺中市","大肚區","0","0","0","7","","","50","","","","","","","","","","","","","","","","","","","B03","","","1","","1","","","8","8","2","6","4","120.550503","24.138598","3"
"6398","66000","387130000C","(04)23274275","(04)23288582","2026","1","16","6","56","臺中市","北區","0","0","0","7","","","50","","","","","","","","","","","","","","17","","","","","B12","","","1","","2","","","84","84","1","13","4","120.700003","24.159977","3"
"6399","66000","387130000C","(04)23274275","(04)23288582","2026","1","16","6","59","臺中市","南屯區","0","1","0","7","1","6","50","13","8","1","5","4","6","6","4","4","1","4","1","2","18","2","9","5","4","C03","7","9","1","10","2","11","","84","84","1","13","4","120.592564","24.157937","2"
"6400","66000","387130000C","(04)23274275","(04)23288582","2026","1","16","7","1","臺中市","大甲區","0","0","0","7","","","50","","","","","","","","","","","","","","","","","","","C03","","","1","","2","","","4","4","1","6","4","120.627573","24.347","3"
"6401","66000","387130000C","(04)23274275","(04)23288582","2026","1","16","7","5","臺中市","潭子區","0","1","0","7","1","6","60","3","2","1","5","4","6","6","4","4","1","4","4","1","18","2","9","2","1","C03","7","9","1","10","2","14","","8","8","1","13","4","120.705281","24.212538","2"
"6402","66000","387130000C","(04)23274275","(04)23288582","2026","1","16","7","13","臺中市","東區","0","1","0","7","1","6","50","13","9","1","5","4","6","6","4","4","9","4","5","2","12","2","9","1","1","C03","7","8","1","10","2","11","12","7","7","1","12","4","120.695161","24.133235","2"
"6403","66000","387130000C","(04)23274275","(04)23288582","2026","1","16","7","16","臺中市","北區","0","0","0","7","","","50","","","","","","","","","","","","","","13","","","","","C03","","","1","","2","","","84","84","1","12","4","120.671502","24.173623","4"
"6404","66000","387130000C","(04)23274275","(04)23288582","2026","1","16","7","18","臺中市","潭子區","0","2","0","7","3","6","40","13","8","1","5","4","6","6","4","4","5","5","4","2","17","3","10","3","1","B12","7","11","3","19","2","8","","45","45","1","12","4","120.714155","24.229455","2"
"6405","66000","387130000C","(04)23274275","(04)23288582","2026","1","16","7","18","臺中市","沙鹿區","0","1","0","7","2","6","50","4","1","1","5","4","6","6","1","1","10","5","5","2","16","2","9","1","1","C03","7","9","1","10","2","14","","7","7","1","12","4","120.606244","24.247281","2"
"6406","66000","387130000C","(04)23274275","(04)23288582","2026","1","16","7","21","臺中市","大雅區","0","2","0","7","3","6","60","3","1","1","5","4","6","6","1","1","10","5","5","2","13","2","9","2","1","C03","7","9","1","10","2","11","","7","7","1","12","4","120.647378","24.22092","2"
"6407","66000","387130000C","(04)23274275","(04)23288582","2026","1","16","7","21","臺中市","潭子區","0","0","0","7","","","30","","","","","","","","","","","","","","","","","","","C03","","","3","","9","","","8","8","1","13","4","120.702677","24.208925","3"
"6408","66000","387130000C","(04)23274275","(04)23288582","2026","1","16","7","22","臺中市","大里區","0","1","0","7","2","6","50","13","14","1","5","4","6","6","4","4","5","5","5","1","16","3","10","3","1","B03","7","5","1","8","2","5","","47","47","1","12","4","120.680237","24.095471","2"
"6409","66000","387130000C","(04)23274275","(04)23288582","2026","1","16","7","23","臺中市","大里區","0","1","0","7","2","6","50","4","1","1","5","4","6","6","1","1","10","5","5","2","17","2","9","1","1","C03","7","1","1","10","2","12","","51","51","1","12","4","120.674846","24.103339","2"