序號,縣市別代碼,機關代碼,市話,傳真,年,月,日,時,分,縣市,區,死亡數量,受傷數量,2-30,天候,道路照明設備,道路類別,道路速限,道路型態,事故位置,路面鋪裝,路面狀態,路面缺陷,障礙物,視距,號誌種類,號誌動作,分向設施,快車道或一般車道間,快慢車道間,路面邊線,事故類型及型態,受傷程度,主要傷處,保護裝備,行動電話或功能裝置,當事者區分(類別),車輛用途,當事者行動狀態,駕照狀態,駕照種類,飲酒情形,車輛撞擊部位最初,車輛撞擊部位其他,肇事因素個別,肇事因素主要,肇事逃逸,職業,共享經濟或外送平台,GPS座標X,GPS座標Y,事故類別
"6410","66000","387130000C","(04)23274275","(04)23288582","2026","1","16","7","27","臺中市","北屯區","0","0","0","7","","","50","","","","","","","","","","","","","","15","","","","","B03","","","1","","1","","","15","15","1","6","4","120.725378","24.165402","3"
"6411","66000","387130000C","(04)23274275","(04)23288582","2026","1","16","7","28","臺中市","北屯區","0","0","0","7","","","50","","","","","","","","","","","","","","","","","","","C03","","","1","","1","","","26","26","1","13","4","120.722732","24.167333","4"
"6412","66000","387130000C","(04)23274275","(04)23288582","2026","1","16","7","29","臺中市","南區","0","2","0","7","2","6","50","13","7","1","5","4","6","6","4","4","5","4","4","2","13","3","10","3","1","B03","7","9","1","8","2","1","","7","7","1","12","4","120.684147","24.12136","2"
"6413","66000","387130000C","(04)23274275","(04)23288582","2026","1","16","7","29","臺中市","大甲區","0","1","0","7","3","6","50","4","1","1","5","4","6","6","2","1","10","5","5","2","17","3","10","5","4","B03","7","9","1","8","2","5","","4","4","1","6","4","120.617558","24.351633","2"
"6414","66000","387130000C","(04)23274275","(04)23288582","2026","1","16","7","34","臺中市","沙鹿區","0","2","0","7","2","6","30","11","9","1","5","4","6","6","4","4","10","5","5","2","17","2","9","5","4","C01","7","9","1","9","2","12","","41","41","1","13","4","120.587992","24.225155","2"
"6415","66000","387130000C","(04)23274275","(04)23288582","2026","1","16","7","35","臺中市","大里區","0","0","0","7","","","50","","","","","","","","","","","","","","","","","","","B03","","","1","","2","","","8","8","1","12","4","120.689462","24.100552","3"
"6416","66000","387130000C","(04)23274275","(04)23288582","2026","1","16","7","37","臺中市","西區","0","0","0","7","","","50","","","","","","","","","","","","","","","","","","","B03","","","1","","1","","","84","84","1","12","4","120.661642","24.150845","3"
"6417","66000","387130000C","(04)23274275","(04)23288582","2026","1","16","7","40","臺中市","后里區","0","0","0","7","","","50","","","","","","","","","","","","","","12","3","10","3","1","B03","7","9","1","8","1","5","","8","8","1","13","4","120.718956","24.305449","3"
"6418","66000","387130000C","(04)23274275","(04)23288582","2026","1","16","7","42","臺中市","太平區","0","2","0","7","2","6","30","3","1","1","5","4","6","6","3","1","5","5","5","2","16","2","9","2","1","C03","7","6","1","10","2","14","","24","24","1","12","4","120.729481","24.108285","2"
"6419","66000","387130000C","(04)23274275","(04)23288582","2026","1","16","7","43","臺中市","西屯區","0","1","0","7","2","6","40","3","1","1","5","4","6","6","2","1","10","5","5","2","17","3","10","2","1","C03","7","1","1","10","1","13","","51","51","2","4","4","120.658602","24.163491","2"
"6420","66000","387130000C","(04)23274275","(04)23288582","2026","1","16","7","44","臺中市","北區","0","1","0","7","2","6","50","3","2","1","5","4","6","6","4","4","5","5","5","2","13","2","9","1","1","C03","7","9","1","10","2","11","","59","59","1","13","4","120.667063","24.159211","2"
"6421","66000","387130000C","(04)23274275","(04)23288582","2026","1","16","7","44","臺中市","大里區","0","2","0","7","2","6","50","13","9","1","5","4","6","6","1","1","1","4","5","1","17","2","9","1","1","C03","7","9","1","10","2","11","","7","7","1","12","4","120.682298","24.100677","2"
"6422","66000","387130000C","(04)23274275","(04)23288582","2026","1","16","7","45","臺中市","北屯區","0","0","0","7","","","50","","","","","","","","","","","","","","17","","","","","B03","","","1","","1","","","58","58","1","6","4","120.687399","24.184135","3"
"6423","66000","387130000C","(04)23274275","(04)23288582","2026","1","16","7","46","臺中市","南屯區","0","2","0","7","3","6","40","13","8","1","5","4","6","6","4","4","3","4","4","2","12","3","10","3","1","B03","7","14","1","8","2","2","","76","76","1","12","4","120.638684","24.146358","2"
"6424","66000","387130000C","(04)23274275","(04)23288582","2026","1","16","7","46","臺中市","西屯區","0","1","0","7","2","6","50","4","1","1","5","4","6","6","2","1","10","5","5","2","12","3","10","1","1","C03","7","7","1","10","1","12","","8","8","1","13","4","120.635161","24.179456","2"
"6425","66000","387130000C","(04)23274275","(04)23288582","2026","1","16","7","46","臺中市","大里區","0","0","0","7","","","60","","","","","","","","","","","","","","","","","","","B03","","","1","","2","","","7","7","1","6","4","120.662355","24.108416","3"
"6426","66000","387130000C","(04)23274275","(04)23288582","2026","1","16","7","52","臺中市","東區","0","2","0","7","2","6","50","4","1","1","5","4","6","6","1","1","10","5","5","2","13","2","8","1","1","C03","7","9","1","10","2","12","","7","7","1","12","4","120.689237","24.140064","2"
"6427","66000","387130000C","(04)23274275","(04)23288582","2026","1","16","7","53","臺中市","北屯區","0","0","0","7","","","50","","","","","","","","","","","","","","16","","","","","B02","","","1","","1","","","2","2","1","12","4","120.685477","24.173349","3"
"6428","66000","387130000C","(04)23274275","(04)23288582","2026","1","16","7","55","臺中市","霧峰區","0","0","0","7","","","50","","","","","","","","","","","","","","14","","","","","B03","","","1","","1","","","94","94","1","12","4","120.699381","24.077355","3"
"6429","66000","387130000C","(04)23274275","(04)23288582","2026","1","16","7","56","臺中市","西屯區","0","0","0","7","","","50","","","","","","","","","","","","","","13","","","","","C03","","","5","","2","","","7","7","1","13","4","120.603248","24.175286","3"
"6430","66000","387130000C","(04)23274275","(04)23288582","2026","1","16","7","56","臺中市","西屯區","0","1","0","7","2","6","50","4","1","1","5","4","6","6","4","4","10","5","5","2","18","2","9","2","1","C03","7","9","1","10","2","16","","59","59","1","12","4","120.608286","24.162908","2"
"6431","66000","387130000C","(04)23274275","(04)23288582","2026","1","16","7","57","臺中市","烏日區","0","0","0","7","2","6","50","8","18","1","5","4","6","6","4","4","10","5","5","2","12","","","","","B03","","","1","","1","","","8","8","1","6","4","120.618531","24.116639","3"
"6432","66000","387130000C","(04)23274275","(04)23288582","2026","1","16","7","57","臺中市","石岡區","0","0","0","7","","","50","","","","","","","","","","","","","","","","","","","B03","","","1","","2","","","84","84","1","12","4","120.812193","24.253681","3"
"6433","66000","387130000C","(04)23274275","(04)23288582","2026","1","16","7","58","臺中市","西區","0","1","0","7","2","6","50","4","1","1","5","4","6","6","4","4","10","5","5","2","17","3","10","3","1","B03","7","9","1","8","2","5","","12","12","1","12","4","120.669571","24.151832","2"
"6434","66000","387130000C","(04)23274275","(04)23288582","2026","1","16","7","58","臺中市","霧峰區","0","0","0","7","","","50","","","","","","","","","","","","","","","","","","","B03","","","1","","1","","","7","7","1","6","4","120.683987","24.050919","3"
"6435","66000","387130000C","(04)23274275","(04)23288582","2026","1","16","7","59","臺中市","南屯區","0","0","0","7","","","50","","","","","","","","","","","","","","12","","","","","B03","","","1","","1","","","40","40","1","6","4","120.61105","24.145608","3"
"6436","66000","387130000C","(04)23274275","(04)23288582","2026","1","16","7","59","臺中市","西屯區","0","2","0","7","2","6","50","3","1","1","5","4","6","6","4","4","10","5","5","2","13","2","9","2","1","C03","7","9","1","10","2","11","","7","7","1","12","4","120.662136","24.163353","2"
"6437","66000","387130000C","(04)23274275","(04)23288582","2026","1","16","8","0","臺中市","北區","0","0","0","7","","","50","","","","","","","","","","","","","","17","","","","","B03","","","1","","1","","","11","11","1","13","4","120.676144","24.150298","3"
"6438","66000","387130000C","(04)23274275","(04)23288582","2026","1","16","8","0","臺中市","東區","0","0","0","7","","","50","","","","","","","","","","","","","","","","","","","B03","","","1","","1","","","7","7","1","12","4","120.699799","24.136645","3"
"6439","66000","387130000C","(04)23274275","(04)23288582","2026","1","16","8","1","臺中市","烏日區","0","1","0","6","2","6","40","5","1","1","5","4","6","6","1","1","5","4","4","1","16","3","10","3","1","B03","7","5","1","8","2","2","","11","11","1","6","4","120.652886","24.094549","2"
"6440","66000","387130000C","(04)23274275","(04)23288582","2026","1","16","8","1","臺中市","大甲區","0","1","0","7","3","6","50","13","9","1","5","4","6","6","4","4","5","4","5","1","17","3","10","3","1","B03","7","2","1","8","2","7","","49","49","1","6","4","120.620662","24.349469","2"
"6441","66000","387130000C","(04)23274275","(04)23288582","2026","1","16","8","1","臺中市","大甲區","0","1","0","7","3","6","50","4","1","1","5","4","6","6","1","1","10","5","5","2","17","3","10","3","1","B03","7","9","1","8","2","1","","7","7","1","6","4","120.618686","24.345892","2"
"6442","66000","387130000C","(04)23274275","(04)23288582","2026","1","16","8","4","臺中市","南區","0","2","0","7","3","6","50","3","1","1","5","4","6","6","4","4","3","5","5","2","12","2","9","2","1","C03","7","8","1","10","2","14","","40","40","1","6","4","120.655741","24.114832","2"
"6443","66000","387130000C","(04)23274275","(04)23288582","2026","1","16","8","5","臺中市","大里區","0","1","0","7","2","6","50","13","9","1","5","4","6","6","4","4","5","5","5","1","13","2","9","2","1","C03","7","9","3","19","2","11","","7","7","1","6","4","120.69768","24.090137","2"
"6444","66000","387130000C","(04)23274275","(04)23288582","2026","1","16","8","9","臺中市","后里區","0","0","0","7","2","6","50","13","2","1","5","4","6","6","1","1","3","4","4","1","12","","","","","A41","","","1","","1","","","59","59","1","6","4","120.721658","24.306705","3"
"6445","66000","387130000C","(04)23274275","(04)23288582","2026","1","16","8","10","臺中市","南屯區","0","0","0","7","3","6","50","13","9","1","5","4","6","6","1","1","10","2","5","2","13","","","","","B03","","","1","","2","","","7","7","1","12","4","120.622294","24.150069","3"
"6446","66000","387130000C","(04)23274275","(04)23288582","2026","1","16","8","12","臺中市","南區","0","0","0","7","","","0","","","","","","","","","","","","","","16","","","","","B03","","","1","","1","","","51","51","1","12","4","120.661457","24.117436","3"
"6447","66000","387130000C","(04)23274275","(04)23288582","2026","1","16","8","15","臺中市","西屯區","0","0","0","7","","3","40","","","","","","","","","","","","","","13","","","","","B12","","","1","","1","","","56","56","1","12","4","120.635531","24.181271","3"
"6448","66000","387130000C","(04)23274275","(04)23288582","2026","1","16","8","16","臺中市","西屯區","0","2","0","7","2","6","40","13","8","1","5","4","6","6","4","4","5","4","4","2","13","2","9","1","4","C03","7","9","1","10","2","11","","59","59","1","13","4","120.590501","24.171153","2"
"6449","66000","387130000C","(04)23274275","(04)23288582","2026","1","16","8","19","臺中市","西屯區","0","2","0","7","2","6","50","3","1","1","5","4","6","6","4","4","4","4","4","2","16","2","9","5","4","C03","7","6","1","10","2","12","","14","14","1","13","4","120.664518","24.166619","2"
"6450","66000","387130000C","(04)23274275","(04)23288582","2026","1","16","8","20","臺中市","豐原區","0","1","0","7","1","6","50","13","9","1","5","4","6","6","4","4","1","4","5","1","17","3","10","1","1","C03","7","9","1","10","2","12","","84","84","1","6","4","120.726033","24.246936","2"
"6451","66000","387130000C","(04)23274275","(04)23288582","2026","1","16","8","21","臺中市","大安區","0","0","0","7","","","50","","","","","","","","","","","","","","13","","","","","B03","","","1","","2","","","84","84","1","12","4","120.584391","24.349745","3"
"6452","66000","387130000C","(04)23274275","(04)23288582","2026","1","16","8","24","臺中市","北區","0","2","0","7","2","6","50","3","1","1","5","4","6","6","4","4","1","4","5","2","17","2","9","5","4","C03","7","5","1","10","2","12","","84","84","1","12","4","120.677206","24.15221","2"
"6453","66000","387130000C","(04)23274275","(04)23288582","2026","1","16","8","26","臺中市","南屯區","0","1","0","7","3","6","50","13","9","1","5","4","6","6","1","1","5","2","5","2","12","3","10","3","1","B03","7","5","1","8","2","2","","84","84","1","12","4","120.612546","24.138407","2"
"6454","66000","387130000C","(04)23274275","(04)23288582","2026","1","16","8","26","臺中市","神岡區","0","1","0","6","2","6","50","13","7","1","5","4","6","6","1","1","1","2","5","1","13","2","9","5","4","C03","7","9","1","10","2","11","","7","7","1","12","4","120.696521","24.248552","2"
"6455","66000","387130000C","(04)23274275","(04)23288582","2026","1","16","8","30","臺中市","大雅區","0","0","0","7","","","50","","","","","","","","","","","","","","","","","","","B03","","","1","","1","","","50","50","1","12","4","120.650813","24.216905","3"
"6456","66000","387130000C","(04)23274275","(04)23288582","2026","1","16","8","32","臺中市","西屯區","0","1","0","7","2","3","80","13","9","1","5","4","6","6","4","4","10","4","5","2","13","3","10","3","1","B03","7","9","1","3","2","1","","7","7","1","12","4","120.637422","24.186166","2"
"6457","66000","387130000C","(04)23274275","(04)23288582","2026","1","16","8","35","臺中市","大雅區","0","0","0","7","","","50","","","","","","","","","","","","","","","","","","","B12","","","1","","2","","","87","87","1","12","4","120.661818","24.217977","3"
"6458","66000","387130000C","(04)23274275","(04)23288582","2026","1","16","8","35","臺中市","北屯區","0","0","0","7","","","50","","","","","","","","","","","","","","13","","","","","B03","","","1","","2","","","59","59","1","12","4","120.686329","24.19073","3"
"6459","66000","387130000C","(04)23274275","(04)23288582","2026","1","16","8","35","臺中市","太平區","0","0","0","7","","","30","","","","","","","","","","","","","","17","","","","","B03","","","1","","2","","","84","84","1","12","4","120.713346","24.141369","3"
"6460","66000","387130000C","(04)23274275","(04)23288582","2026","1","16","8","38","臺中市","東區","0","0","0","7","","","50","","","","","","","","","","","","","","","","","","","B03","","","1","","2","","","87","87","1","12","4","120.705238","24.148197","3"
"6461","66000","387130000C","(04)23274275","(04)23288582","2026","1","16","8","38","臺中市","大里區","0","0","0","7","","","60","","","","","","","","","","","","","","","","","","","B02","","","1","","2","","","47","47","1","12","4","120.688079","24.101918","3"
"6462","66000","387130000C","(04)23274275","(04)23288582","2026","1","16","8","39","臺中市","中區","0","2","0","7","2","6","50","4","4","1","5","4","6","6","2","1","8","3","5","2","13","2","9","2","1","C03","7","9","1","10","2","11","14","7","7","1","12","4","120.680007","24.137855","2"
"6463","66000","387130000C","(04)23274275","(04)23288582","2026","1","16","8","40","臺中市","潭子區","0","0","0","7","","","40","","","","","","","","","","","","","","","","","","","B03","","","1","","2","","","59","59","1","13","4","120.719583","24.196131","3"
"6464","66000","387130000C","(04)23274275","(04)23288582","2026","1","16","8","40","臺中市","西屯區","0","1","0","7","2","6","40","3","8","1","5","4","6","6","2","1","4","4","4","2","13","3","10","5","4","C03","7","9","1","10","2","11","","7","7","1","13","4","120.663974","24.166313","2"
"6465","66000","387130000C","(04)23274275","(04)23288582","2026","1","16","8","44","臺中市","神岡區","0","0","0","7","","","50","","","","","","","","","","","","","","13","","","","","B03","","","1","","1","","","59","59","1","13","4","120.697723","24.248739","3"
"6466","66000","387130000C","(04)23274275","(04)23288582","2026","1","16","8","49","臺中市","北屯區","0","0","0","7","","","50","","","","","","","","","","","","","","","","","","","B03","","","1","","1","","","51","51","1","13","4","120.688463","24.196017","3"
"6467","66000","387130000C","(04)23274275","(04)23288582","2026","1","16","8","50","臺中市","大里區","0","1","0","7","2","6","50","4","1","1","5","4","6","6","4","4","10","5","5","1","17","3","10","3","1","B03","7","9","1","8","2","6","","15","15","1","12","4","120.675874","24.107875","2"
"6468","66000","387130000C","(04)23274275","(04)23288582","2026","1","16","8","53","臺中市","大里區","0","0","0","7","2","6","30","4","1","1","5","4","6","6","4","4","10","5","5","2","15","","","","","C03","","","1","","2","","","15","15","1","12","4","120.701271","24.088113","4"
"6469","66000","387130000C","(04)23274275","(04)23288582","2026","1","16","8","53","臺中市","大甲區","0","0","0","7","","","50","","","","","","","","","","","","","","","","","","","B12","","","1","","2","","","49","49","2","12","4","120.621466","24.344406","3"
"6470","66000","387130000C","(04)23274275","(04)23288582","2026","1","16","8","54","臺中市","西區","0","0","0","7","","","50","","","","","","","","","","","","","","","","","","","B03","","","1","","1","","","84","84","1","6","4","120.663121","24.156462","3"
"6471","66000","387130000C","(04)23274275","(04)23288582","2026","1","16","8","56","臺中市","大雅區","0","1","0","7","3","6","60","13","9","1","5","4","6","6","4","4","5","5","5","1","18","2","9","5","4","C03","7","9","1","10","2","12","","59","59","1","12","4","120.653635","24.228883","2"
"6472","66000","387130000C","(04)23274275","(04)23288582","2026","1","16","8","56","臺中市","潭子區","0","1","0","7","2","6","40","13","14","1","5","4","6","6","4","4","1","4","4","1","17","2","9","2","1","C03","7","9","1","10","2","11","","59","59","1","13","4","120.705105","24.214101","2"
"6473","66000","387130000C","(04)23274275","(04)23288582","2026","1","16","8","58","臺中市","北屯區","0","1","0","7","2","6","50","5","1","1","5","4","6","6","2","1","10","5","5","2","12","3","10","3","1","B03","7","5","1","8","2","5","","84","84","1","6","4","120.676186","24.201309","2"
"6474","66000","387130000C","(04)23274275","(04)23288582","2026","1","16","8","59","臺中市","東區","0","2","0","7","1","6","50","3","1","1","5","4","6","6","4","4","9","4","5","2","16","2","9","1","1","C03","7","6","1","10","2","11","12","14","14","1","12","4","120.697178","24.141514","2"
"6475","66000","387130000C","(04)23274275","(04)23288582","2026","1","16","9","0","臺中市","北屯區","0","4","0","7","2","6","50","4","1","1","5","4","6","6","1","1","10","5","5","2","16","2","9","3","1","B12","7","6","1","8","2","5","","11","11","1","6","4","120.720961","24.170505","2"
"6476","66000","387130000C","(04)23274275","(04)23288582","2026","1","16","9","0","臺中市","清水區","0","2","0","7","3","6","50","4","2","1","5","4","6","6","4","4","5","5","5","1","17","3","10","3","1","B03","7","13","1","8","2","4","","76","76","1","12","4","120.560613","24.267124","2"
"6477","66000","387130000C","(04)23274275","(04)23288582","2026","1","16","9","2","臺中市","豐原區","0","0","0","7","","","50","","","","","","","","","","","","","","17","","","","","B03","","","1","","2","","","50","50","1","13","4","120.724892","24.246789","3"
"6478","66000","387130000C","(04)23274275","(04)23288582","2026","1","16","9","4","臺中市","北屯區","0","0","0","7","","","50","","","","","","","","","","","","","","","","","","","B03","","","1","","1","","","7","7","1","12","4","120.710854","24.175049","3"
"6479","66000","387130000C","(04)23274275","(04)23288582","2026","1","16","9","5","臺中市","東區","0","2","0","7","3","6","50","4","2","1","5","4","6","6","2","1","5","4","4","2","11","2","9","2","1","C03","7","6","1","10","2","11","","11","11","1","12","4","120.702883","24.144667","2"
"6480","66000","387130000C","(04)23274275","(04)23288582","2026","1","16","9","6","臺中市","西屯區","0","0","0","7","","","40","","","","","","","","","","","","","","17","","","","","B03","","","1","","11","","","7","7","2","13","4","120.637959","24.170447","3"
"6481","66000","387130000C","(04)23274275","(04)23288582","2026","1","16","9","8","臺中市","北屯區","0","0","0","7","","","30","","","","","","","","","","","","","","16","","","","","B02","","","1","","1","","","14","14","1","12","4","120.679628","24.176488","3"
"6482","66000","387130000C","(04)23274275","(04)23288582","2026","1","16","9","13","臺中市","豐原區","0","1","0","7","2","6","50","4","1","1","5","4","6","6","3","1","10","5","5","2","14","3","10","5","4","B03","7","2","1","9","2","3","","49","49","1","12","4","120.7065","24.25493","2"
"6483","66000","387130000C","(04)23274275","(04)23288582","2026","1","16","9","18","臺中市","西屯區","0","0","0","7","","","40","","","","","","","","","","","","","","17","","","","","F01","","","7","","2","","","84","84","1","13","4","120.668682","24.177906","3"
"6484","66000","387130000C","(04)23274275","(04)23288582","2026","1","16","9","21","臺中市","烏日區","0","0","0","7","2","6","50","4","2","1","5","4","6","6","2","1","3","4","4","2","13","","","","","A04","","","1","","2","","","7","7","1","6","4","120.618772","24.115984","3"
"6485","66000","387130000C","(04)23274275","(04)23288582","2026","1","16","9","22","臺中市","潭子區","0","2","0","7","2","6","50","4","2","1","5","4","6","6","4","4","5","5","5","1","17","2","9","1","1","C03","7","6","1","10","2","14","","14","14","1","13","4","120.706317","24.20348","2"
"6486","66000","387130000C","(04)23274275","(04)23288582","2026","1","16","9","22","臺中市","西屯區","0","0","0","7","","","40","","","","","","","","","","","","","","16","","","","","B03","","","1","","2","","","11","11","1","12","4","120.643455","24.165777","3"
"6487","66000","387130000C","(04)23274275","(04)23288582","2026","1","16","9","23","臺中市","潭子區","0","0","0","7","","","30","","","","","","","","","","","","","","20","","","","","B03","","","1","","2","","","59","59","1","12","4","120.707199","24.200172","3"
"6488","66000","387130000C","(04)23274275","(04)23288582","2026","1","16","9","23","臺中市","南屯區","0","0","0","7","3","6","50","13","9","1","5","4","6","6","1","1","5","4","5","2","12","","","","","B03","","","1","","1","","","20","20","1","12","4","120.622756","24.140344","3"
"6489","66000","387130000C","(04)23274275","(04)23288582","2026","1","16","9","30","臺中市","梧棲區","0","0","0","7","","","30","","","","","","","","","","","","","","14","","","","","B12","","","1","","2","","","49","49","1","6","4","120.535428","24.245011","3"
"6490","66000","387130000C","(04)23274275","(04)23288582","2026","1","16","9","32","臺中市","大雅區","0","0","0","7","","","30","","","","","","","","","","","","","","","","","","","B03","","","1","","9","","","50","50","2","12","4","120.638743","24.20948","3"
"6491","66000","387130000C","(04)23274275","(04)23288582","2026","1","16","9","35","臺中市","西屯區","0","1","0","7","2","6","40","13","8","1","5","4","6","6","4","4","5","4","4","2","13","4","11","5","4","B03","7","7","3","19","11","1","","84","84","2","13","4","120.64944","24.17545","2"
"6492","66000","387130000C","(04)23274275","(04)23288582","2026","1","16","9","37","臺中市","西屯區","0","0","0","7","","","30","","","","","","","","","","","","","","14","","","","","B03","","","1","","2","","","49","49","1","13","4","120.654386","24.167442","3"
"6493","66000","387130000C","(04)23274275","(04)23288582","2026","1","16","9","40","臺中市","沙鹿區","0","1","0","7","2","6","50","13","9","1","5","4","6","6","4","4","5","5","5","2","17","2","9","3","1","B03","7","9","1","8","2","5","4","59","59","1","12","4","120.570954","24.228361","2"
"6494","66000","387130000C","(04)23274275","(04)23288582","2026","1","16","9","44","臺中市","清水區","0","1","0","7","3","6","50","13","9","1","5","4","6","6","4","4","8","3","5","1","9","3","10","3","1","B03","7","9","1","8","2","5","","59","59","1","12","4","120.575496","24.271087","2"
"6495","66000","387130000C","(04)23274275","(04)23288582","2026","1","16","9","45","臺中市","南屯區","0","0","0","7","3","6","50","13","9","1","5","4","6","6","4","4","5","2","5","2","13","","","","","B03","","","1","","1","","","7","7","1","12","4","120.644297","24.134539","3"
"6496","66000","387130000C","(04)23274275","(04)23288582","2026","1","16","9","47","臺中市","東區","0","1","0","7","2","6","50","13","9","1","5","4","6","6","4","4","5","5","5","2","13","2","9","1","1","C03","7","9","1","10","2","14","","7","7","1","12","4","120.699945","24.142623","2"
"6497","66000","387130000C","(04)23274275","(04)23288582","2026","1","16","9","48","臺中市","西屯區","0","0","0","7","","","50","","","","","","","","","","","","","","16","","","","","C03","","","1","","2","","","11","11","1","12","4","120.645451","24.175916","3"
"6498","66000","387130000C","(04)23274275","(04)23288582","2026","1","16","9","52","臺中市","北區","0","0","0","7","","","50","","","","","","","","","","","","","","13","","","","","C03","","","1","","1","","","7","7","1","13","4","120.687988","24.146741","3"
"6499","66000","387130000C","(04)23274275","(04)23288582","2026","1","16","9","56","臺中市","西區","0","0","0","7","","","50","","","","","","","","","","","","","","","","","","","B03","","","1","","1","","","7","7","1","12","4","120.669787","24.150697","3"
"6500","66000","387130000C","(04)23274275","(04)23288582","2026","1","16","10","0","臺中市","大雅區","0","0","0","7","","","0","","","","","","","","","","","","","","","","","","","B12","","","1","","2","","","8","8","1","12","4","120.639266","24.232452","3"
"6501","66000","387130000C","(04)23274275","(04)23288582","2026","1","16","10","0","臺中市","沙鹿區","0","1","0","7","2","6","50","13","8","1","5","4","6","6","4","4","8","3","4","1","17","3","10","5","4","B03","7","7","1","8","2","2","","40","40","1","13","4","120.567297","24.2439","2"
"6502","66000","387130000C","(04)23274275","(04)23288582","2026","1","16","10","3","臺中市","北區","0","0","0","7","","","50","","","","","","","","","","","","","","17","","","","","B03","","","1","","1","","","84","84","1","12","4","120.68758","24.157669","3"
"6503","66000","387130000C","(04)23274275","(04)23288582","2026","1","16","10","7","臺中市","南屯區","0","0","0","7","","","40","","","","","","","","","","","","","","16","","","","","B03","","","1","","1","","","11","11","1","6","4","120.65057","24.152339","3"
"6504","66000","387130000C","(04)23274275","(04)23288582","2026","1","16","10","10","臺中市","北區","0","1","0","7","2","6","50","4","1","1","5","4","6","6","1","1","5","5","5","2","17","3","10","5","1","B03","7","9","3","19","2","1","","7","7","1","13","4","120.687248","24.155681","2"
"6505","66000","387130000C","(04)23274275","(04)23288582","2026","1","16","10","13","臺中市","北區","0","0","0","7","","","50","","","","","","","","","","","","","","17","","","","","B03","","","1","","2","","","39","39","1","12","4","120.668229","24.17","3"
"6506","66000","387130000C","(04)23274275","(04)23288582","2026","1","16","10","18","臺中市","北屯區","0","1","0","7","2","6","50","5","2","1","5","4","6","6","4","4","5","5","5","2","12","2","9","1","1","C03","7","9","1","10","2","12","","39","39","1","12","4","120.668571","24.175682","2"
"6507","66000","387130000C","(04)23274275","(04)23288582","2026","1","16","10","19","臺中市","潭子區","0","1","0","7","3","6","0","3","1","1","5","4","6","6","1","1","10","5","5","2","14","3","10","3","1","B03","7","2","1","8","2","3","","49","49","1","12","4","120.722591","24.203108","2"
"6508","66000","387130000C","(04)23274275","(04)23288582","2026","1","16","10","20","臺中市","大甲區","0","1","0","7","3","6","50","4","1","1","5","4","6","6","4","4","10","5","5","2","15","2","9","5","4","C03","7","9","2","19","2","11","","15","15","1","4","4","120.651665","24.399549","2"
"6509","66000","387130000C","(04)23274275","(04)23288582","2026","1","16","10","21","臺中市","霧峰區","0","2","0","7","2","6","50","4","1","1","5","4","6","6","4","4","10","5","5","2","17","2","9","2","1","C03","7","6","1","10","2","14","","48","48","1","6","4","120.690076","24.066009","2"
"6510","66000","387130000C","(04)23274275","(04)23288582","2026","1","16","10","22","臺中市","潭子區","0","0","0","6","","","30","","","","","","","","","","","","","","","","","","","B12","","","1","","9","","","93","93","2","13","4","120.699603","24.204055","3"
"6511","66000","387130000C","(04)23274275","(04)23288582","2026","1","16","10","23","臺中市","東區","0","1","0","7","2","6","30","4","1","1","5","4","6","6","4","4","10","5","5","2","15","3","10","3","1","B03","7","9","1","8","2","5","","15","15","1","12","4","120.688146","24.14101","2"
"6512","66000","387130000C","(04)23274275","(04)23288582","2026","1","16","10","25","臺中市","梧棲區","0","1","0","7","3","6","50","4","1","1","5","4","6","6","1","1","10","5","5","2","16","2","9","1","1","C03","7","6","1","10","2","12","","11","11","1","6","4","120.537135","24.24236","2"
"6513","66000","387130000C","(04)23274275","(04)23288582","2026","1","16","10","29","臺中市","潭子區","0","0","0","7","","","40","","","","","","","","","","","","","","","","","","","B12","","","1","","2","","","49","49","1","13","4","120.705757","24.227459","3"
"6514","66000","387130000C","(04)23274275","(04)23288582","2026","1","16","10","30","臺中市","龍井區","0","2","0","7","2","6","30","4","9","1","5","4","6","6","4","4","5","5","5","1","17","2","9","1","1","C03","7","5","1","10","2","11","","84","84","1","13","4","120.583685","24.181151","2"
"6515","66000","387130000C","(04)23274275","(04)23288582","2026","1","16","10","32","臺中市","西屯區","0","0","0","7","","","50","","","","","","","","","","","","","","12","","","","","B03","","","1","","1","","","40","40","1","13","4","120.653039","24.166668","3"
"6516","66000","387130000C","(04)23274275","(04)23288582","2026","1","16","10","36","臺中市","東區","1","1","0","7","1","6","50","4","1","1","5","4","6","6","1","1","9","4","5","2","12","3","10","3","1","B03","7","14","1","8","2","4","","76","76","1","12","4","120.694546","24.146406","1"
"6517","66000","387130000C","(04)23274275","(04)23288582","2026","1","16","10","37","臺中市","霧峰區","0","1","0","7","2","6","40","4","1","1","5","4","6","6","1","1","2","4","5","2","17","3","10","3","1","B01","7","9","1","4","2","16","","21","21","1","13","4","120.694872","24.06595","2"
"6518","66000","387130000C","(04)23274275","(04)23288582","2026","1","16","10","46","臺中市","大雅區","0","0","0","7","","","50","","","","","","","","","","","","","","","","","","","B12","","","1","","1","","","41","41","1","12","4","120.646179","24.238937","3"
"6519","66000","387130000C","(04)23274275","(04)23288582","2026","1","16","10","46","臺中市","西屯區","0","2","0","7","2","6","50","4","2","1","5","4","6","6","4","4","4","4","5","2","13","2","9","5","4","C03","7","9","1","10","2","11","","7","7","1","13","4","120.637388","24.15835","2"
"6520","66000","387130000C","(04)23274275","(04)23288582","2026","1","16","10","48","臺中市","神岡區","0","1","0","6","2","6","50","3","1","1","5","4","6","6","1","1","10","5","5","2","17","2","9","2","1","C01","7","6","1","9","2","11","","23","23","1","6","4","120.698623","24.248885","2"