序號,縣市別代碼,機關代碼,市話,傳真,年,月,日,時,分,縣市,區,死亡數量,受傷數量,2-30,天候,道路照明設備,道路類別,道路速限,道路型態,事故位置,路面鋪裝,路面狀態,路面缺陷,障礙物,視距,號誌種類,號誌動作,分向設施,快車道或一般車道間,快慢車道間,路面邊線,事故類型及型態,受傷程度,主要傷處,保護裝備,行動電話或功能裝置,當事者區分(類別),車輛用途,當事者行動狀態,駕照狀態,駕照種類,飲酒情形,車輛撞擊部位最初,車輛撞擊部位其他,肇事因素個別,肇事因素主要,肇事逃逸,職業,共享經濟或外送平台,GPS座標X,GPS座標Y,事故類別
"6521","66000","387130000C","(04)23274275","(04)23288582","2026","1","16","10","50","臺中市","北屯區","0","0","0","7","","","30","","","","","","","","","","","","","","17","","","","","B12","","","1","","1","","","84","84","1","6","4","120.713858","24.173681","3"
"6522","66000","387130000C","(04)23274275","(04)23288582","2026","1","16","10","50","臺中市","清水區","0","1","0","7","3","6","30","13","9","1","5","4","6","6","4","4","10","5","5","2","17","3","10","3","1","B12","7","2","1","8","2","7","","49","49","1","12","4","120.588095","24.293289","2"
"6523","66000","387130000C","(04)23274275","(04)23288582","2026","1","16","10","53","臺中市","西屯區","0","0","0","7","","","50","","","","","","","","","","","","","","12","","","","","B12","","","1","","2","","","84","84","1","13","4","120.652439","24.206154","3"
"6524","66000","387130000C","(04)23274275","(04)23288582","2026","1","16","10","57","臺中市","潭子區","0","1","0","7","2","6","30","3","1","1","5","4","6","6","4","4","10","5","5","2","11","2","9","1","1","C03","7","6","1","11","2","12","","48","48","1","13","4","120.704669","24.209438","2"
"6525","66000","387130000C","(04)23274275","(04)23288582","2026","1","16","10","58","臺中市","南區","0","0","0","7","","","50","","","","","","","","","","","","","","","","","","","B02","","","1","","9","","","51","51","2","13","4","120.659497","24.116968","3"
"6526","66000","387130000C","(04)23274275","(04)23288582","2026","1","16","11","0","臺中市","豐原區","0","0","0","7","","","30","","","","","","","","","","","","","","17","","","","","B03","","","1","","2","","","49","49","1","6","4","120.724123","24.25108","3"
"6527","66000","387130000C","(04)23274275","(04)23288582","2026","1","16","11","1","臺中市","北區","0","2","0","7","2","6","50","13","9","1","5","4","6","6","4","4","1","4","5","2","12","2","9","1","1","C03","7","9","1","10","2","12","","8","8","1","12","4","120.672139","24.171275","2"
"6528","66000","387130000C","(04)23274275","(04)23288582","2026","1","16","11","4","臺中市","北屯區","0","0","0","7","","","50","","","","","","","","","","","","","","","","","","","C03","","","1","","1","","","7","7","1","13","4","120.672894","24.175944","4"
"6529","66000","387130000C","(04)23274275","(04)23288582","2026","1","16","11","6","臺中市","北區","0","0","0","7","","","50","","","","","","","","","","","","","","17","","","","","B02","","","1","","2","","","59","59","1","12","4","120.685188","24.165348","3"
"6530","66000","387130000C","(04)23274275","(04)23288582","2026","1","16","11","6","臺中市","西屯區","0","0","0","7","","","0","","","","","","","","","","","","","","14","","","","","B03","","","1","","1","","","49","49","1","13","4","120.657144","24.175626","3"
"6531","66000","387130000C","(04)23274275","(04)23288582","2026","1","16","11","6","臺中市","太平區","0","0","0","7","","","30","","","","","","","","","","","","","","","","","","","B03","","","1","","2","","","41","41","1","12","4","120.721982","24.124514","3"
"6532","66000","387130000C","(04)23274275","(04)23288582","2026","1","16","11","10","臺中市","西區","0","2","0","7","2","6","50","4","1","1","5","4","6","6","1","1","10","5","5","2","17","2","9","1","1","C03","7","15","1","10","1","12","","84","84","2","12","4","120.65767","24.154155","2"
"6533","66000","387130000C","(04)23274275","(04)23288582","2026","1","16","11","10","臺中市","南區","0","0","0","7","","","50","","","","","","","","","","","","","","","","","","","C03","","","1","","1","","","84","84","1","12","4","120.649542","24.121072","3"
"6534","66000","387130000C","(04)23274275","(04)23288582","2026","1","16","11","13","臺中市","北區","0","0","0","7","","","50","","","","","","","","","","","","","","17","","","","","B02","","","3","","2","","","51","51","1","12","4","120.685119","24.165205","3"
"6535","66000","387130000C","(04)23274275","(04)23288582","2026","1","16","11","14","臺中市","太平區","0","2","0","7","2","6","50","4","1","1","5","4","6","6","3","1","10","5","5","2","15","2","9","2","1","C03","7","9","1","10","2","12","","24","24","1","12","4","120.718196","24.130802","2"
"6536","66000","387130000C","(04)23274275","(04)23288582","2026","1","16","11","15","臺中市","東區","0","0","0","7","","","50","","","","","","","","","","","","","","","","","","","B03","","","1","","1","","","7","7","1","6","4","120.696132","24.147768","3"
"6537","66000","387130000C","(04)23274275","(04)23288582","2026","1","16","11","15","臺中市","北屯區","0","0","0","7","","","50","","","","","","","","","","","","","","12","","","","","B12","","","1","","2","","","43","43","1","6","4","120.714702","24.16691","3"
"6538","66000","387130000C","(04)23274275","(04)23288582","2026","1","16","11","15","臺中市","西屯區","0","1","0","7","3","6","50","4","1","1","5","4","6","6","1","1","10","5","5","2","16","3","10","5","4","B03","7","5","1","8","2","2","","11","11","1","13","4","120.653343","24.203476","2"
"6539","66000","387130000C","(04)23274275","(04)23288582","2026","1","16","11","19","臺中市","西區","0","0","0","7","","","50","","","","","","","","","","","","","","17","","","","","B03","","","1","","1","","","7","7","1","12","4","120.656767","24.135853","3"
"6540","66000","387130000C","(04)23274275","(04)23288582","2026","1","16","11","23","臺中市","大里區","0","1","0","7","3","6","50","13","9","1","5","4","6","6","4","4","9","5","5","2","12","2","8","1","1","C03","7","15","1","10","2","14","","42","42","1","12","4","120.688444","24.107104","2"
"6541","66000","387130000C","(04)23274275","(04)23288582","2026","1","16","11","25","臺中市","清水區","0","1","0","7","2","9","50","3","1","1","5","4","6","6","4","4","8","4","4","1","17","3","10","6","1","F01","7","6","7","21","2","11","","20","20","1","12","4","120.572162","24.26955","2"
"6542","66000","387130000C","(04)23274275","(04)23288582","2026","1","16","11","30","臺中市","東區","0","2","0","7","2","6","50","13","9","1","5","4","6","6","4","4","5","4","5","2","12","2","9","1","1","C03","7","9","1","10","1","14","","8","8","1","12","4","120.689944","24.143036","2"
"6543","66000","387130000C","(04)23274275","(04)23288582","2026","1","16","11","33","臺中市","神岡區","0","0","0","6","","","50","","","","","","","","","","","","","","17","","","","","B03","","","1","","2","","","88","88","1","12","4","120.692133","24.248183","3"
"6544","66000","387130000C","(04)23274275","(04)23288582","2026","1","16","11","34","臺中市","沙鹿區","0","0","0","7","","","60","","","","","","","","","","","","","","17","","","","","B03","","","1","","2","","","84","84","1","6","4","120.585228","24.25065","3"
"6545","66000","387130000C","(04)23274275","(04)23288582","2026","1","16","11","38","臺中市","太平區","0","1","0","7","2","9","0","18","21","4","5","4","6","6","4","4","10","5","5","2","8","3","10","3","1","B03","7","2","1","8","2","3","","49","49","1","12","4","120.705489","24.159708","2"
"6546","66000","387130000C","(04)23274275","(04)23288582","2026","1","16","11","39","臺中市","北區","0","1","0","7","2","6","50","4","1","1","5","4","6","6","1","1","10","4","5","2","13","2","7","1","1","C03","7","9","1","10","2","12","","7","7","1","13","4","120.677045","24.155757","2"
"6547","66000","387130000C","(04)23274275","(04)23288582","2026","1","16","11","40","臺中市","大雅區","0","0","0","7","","","50","","","","","","","","","","","","","","","","","","","A12","","","1","","2","","","87","87","1","12","4","120.647979","24.229317","3"
"6548","66000","387130000C","(04)23274275","(04)23288582","2026","1","16","11","40","臺中市","北屯區","0","1","0","7","2","6","50","13","7","1","5","4","6","6","4","4","5","5","4","2","14","2","9","1","1","C03","7","9","1","10","2","12","","84","84","1","6","4","120.678579","24.175568","2"
"6549","66000","387130000C","(04)23274275","(04)23288582","2026","1","16","11","44","臺中市","太平區","0","0","0","7","","3","40","","","","","","","","","","","","","","","","","","","B03","","","1","","1","","","61","61","1","12","4","120.715427","24.152006","3"
"6550","66000","387130000C","(04)23274275","(04)23288582","2026","1","16","11","45","臺中市","東區","0","0","0","7","","","50","","","","","","","","","","","","","","","","","","","B03","","","1","","1","","","7","7","1","12","4","120.697243","24.147949","3"
"6551","66000","387130000C","(04)23274275","(04)23288582","2026","1","16","11","46","臺中市","南屯區","0","2","0","7","3","6","30","13","9","1","5","4","6","6","4","4","10","5","5","2","10","2","9","2","1","C03","7","9","1","10","2","11","","59","59","1","13","4","120.633098","24.122571","2"
"6552","66000","387130000C","(04)23274275","(04)23288582","2026","1","16","11","48","臺中市","北屯區","0","1","0","7","3","6","0","4","21","2","5","2","6","6","4","4","10","5","5","2","18","2","8","1","1","C03","7","9","1","10","2","11","","84","84","1","12","4","120.686307","24.185274","2"
"6553","66000","387130000C","(04)23274275","(04)23288582","2026","1","16","11","50","臺中市","西區","0","0","0","7","","","","","","","","","","","","","","","","","17","","","","","","","","","","","","","87","","1","","","120.656945","24.156394","3"
"6554","66000","387130000C","(04)23274275","(04)23288582","2026","1","16","11","55","臺中市","太平區","0","0","0","7","","","30","","","","","","","","","","","","","","14","","","","","B12","","","1","","9","","","49","49","1","12","4","120.714454","24.105739","3"
"6555","66000","387130000C","(04)23274275","(04)23288582","2026","1","16","12","2","臺中市","中區","0","0","0","7","","","50","","","","","","","","","","","","","","","","","","","B03","","","1","","1","","","84","84","1","6","4","120.685417","24.137773","3"
"6556","66000","387130000C","(04)23274275","(04)23288582","2026","1","16","12","2","臺中市","北屯區","0","1","0","7","2","6","50","4","2","1","5","4","6","6","2","1","1","2","4","2","12","2","9","1","1","C03","7","9","1","10","2","12","","8","8","1","12","4","120.715683","24.164154","2"
"6557","66000","387130000C","(04)23274275","(04)23288582","2026","1","16","12","5","臺中市","北屯區","0","1","0","7","3","6","50","4","2","2","5","4","6","6","1","1","5","4","4","2","18","2","9","1","1","C03","7","9","1","10","2","12","","84","84","1","6","4","120.683159","24.171","2"
"6558","66000","387130000C","(04)23274275","(04)23288582","2026","1","16","12","6","臺中市","南屯區","0","0","0","7","3","6","50","13","9","1","5","4","6","6","4","4","5","5","5","2","12","","","","","B03","","","1","","2","","","50","50","1","12","4","120.632131","24.152129","3"
"6559","66000","387130000C","(04)23274275","(04)23288582","2026","1","16","12","9","臺中市","大里區","0","1","0","7","2","6","40","4","1","1","5","4","6","6","1","1","10","5","5","2","15","3","10","3","1","B12","7","11","1","8","2","4","","45","45","1","6","4","120.701832","24.0859","2"
"6560","66000","387130000C","(04)23274275","(04)23288582","2026","1","16","12","10","臺中市","西區","0","1","0","7","2","6","50","3","1","1","5","4","6","6","4","4","10","5","5","2","17","3","10","1","1","C03","7","6","1","10","2","14","","48","48","1","12","4","120.673691","24.139143","2"
"6561","66000","387130000C","(04)23274275","(04)23288582","2026","1","16","12","10","臺中市","豐原區","0","0","0","7","","","50","","","","","","","","","","","","","","17","","","","","B03","","","1","","2","","","11","11","1","13","4","120.739534","24.26248","3"
"6562","66000","387130000C","(04)23274275","(04)23288582","2026","1","16","12","12","臺中市","大里區","0","2","0","7","2","6","50","13","7","1","5","4","6","6","4","4","5","4","4","1","17","2","7","2","1","C03","7","1","1","10","2","12","","39","39","1","12","4","120.703029","24.089551","2"
"6563","66000","387130000C","(04)23274275","(04)23288582","2026","1","16","12","15","臺中市","清水區","0","1","0","7","3","9","50","4","2","1","5","4","6","6","1","1","1","4","5","1","13","3","10","3","1","B03","7","9","1","8","2","1","","82","82","1","12","4","120.570873","24.275726","2"
"6564","66000","387130000C","(04)23274275","(04)23288582","2026","1","16","12","16","臺中市","西屯區","0","0","0","7","","","50","","","","","","","","","","","","","","23","","","","","B02","","","1","","2","","","8","8","1","13","4","120.628713","24.157523","3"
"6565","66000","387130000C","(04)23274275","(04)23288582","2026","1","16","12","17","臺中市","南屯區","0","0","0","7","","","40","","","","","","","","","","","","","","13","","","","","B01","","","1","","1","","","59","59","1","6","4","120.634367","24.155665","3"
"6566","66000","387130000C","(04)23274275","(04)23288582","2026","1","16","12","21","臺中市","西屯區","0","0","0","7","","","50","","","","","","","","","","","","","","12","","","","","B03","","","1","","1","","","8","8","1","13","4","120.653251","24.166805","3"
"6567","66000","387130000C","(04)23274275","(04)23288582","2026","1","16","12","22","臺中市","南區","0","0","0","7","","","50","","","","","","","","","","","","","","17","","","","","B12","","","1","","2","","","14","14","1","12","4","120.666944","24.127776","3"
"6568","66000","387130000C","(04)23274275","(04)23288582","2026","1","16","12","23","臺中市","西區","0","0","0","7","","","50","","","","","","","","","","","","","","","","","","","A11","","","1","","1","","","8","8","1","12","4","120.685089","24.139604","3"
"6569","66000","387130000C","(04)23274275","(04)23288582","2026","1","16","12","23","臺中市","大甲區","0","1","0","7","3","6","50","13","9","1","5","4","6","6","4","4","9","5","5","1","17","2","9","1","1","C03","7","9","1","10","2","14","","7","7","1","6","4","120.626128","24.34635","2"
"6570","66000","387130000C","(04)23274275","(04)23288582","2026","1","16","12","29","臺中市","太平區","0","2","0","7","2","6","30","3","1","1","5","4","6","6","4","4","10","5","5","2","17","2","7","2","1","C03","7","6","1","10","2","11","","14","14","1","12","4","120.706809","24.151318","2"
"6571","66000","387130000C","(04)23274275","(04)23288582","2026","1","16","12","34","臺中市","大肚區","0","0","0","7","","","30","","","","","","","","","","","","","","","","","","","B03","","","1","","2","","","50","50","1","6","4","120.559616","24.128255","3"
"6572","66000","387130000C","(04)23274275","(04)23288582","2026","1","16","12","34","臺中市","沙鹿區","0","1","0","7","2","6","60","3","2","1","5","4","6","6","1","1","3","3","3","1","17","3","10","5","4","B03","7","5","1","8","2","2","","11","11","1","13","4","120.62104","24.242275","2"
"6573","66000","387130000C","(04)23274275","(04)23288582","2026","1","16","12","35","臺中市","西屯區","0","0","0","7","","","50","","","","","","","","","","","","","","13","","","","","C03","","","1","","1","","","7","7","1","12","4","120.656611","24.188513","3"
"6574","66000","387130000C","(04)23274275","(04)23288582","2026","1","16","12","35","臺中市","大里區","0","0","0","7","","","50","","","","","","","","","","","","","","","","","","","B03","","","1","","1","","","59","59","1","12","4","120.700153","24.116323","3"
"6575","66000","387130000C","(04)23274275","(04)23288582","2026","1","16","12","37","臺中市","北屯區","0","1","0","7","1","6","50","4","2","1","5","4","6","6","1","1","5","4","5","2","2","3","10","3","1","B03","7","5","1","8","2","2","","10","10","1","13","4","120.719224","24.159365","2"
"6576","66000","387130000C","(04)23274275","(04)23288582","2026","1","16","12","37","臺中市","霧峰區","0","1","0","7","2","6","50","3","1","1","5","4","6","6","1","1","10","5","5","2","16","3","10","3","1","B03","7","6","1","8","2","6","","11","11","1","6","4","120.676461","24.064079","2"
"6577","66000","387130000C","(04)23274275","(04)23288582","2026","1","16","12","46","臺中市","西屯區","0","1","0","7","2","6","50","13","7","1","5","4","6","6","4","4","1","4","5","2","13","3","10","4","4","A04","7","9","1","1","2","1","","7","7","1","13","4","120.627762","24.176789","2"
"6578","66000","387130000C","(04)23274275","(04)23288582","2026","1","16","12","56","臺中市","大里區","0","1","0","7","2","6","50","13","9","1","5","4","6","6","4","4","5","5","5","1","17","2","9","1","1","C03","7","9","1","10","2","11","","84","84","1","12","4","120.68832","24.100251","2"
"6579","66000","387130000C","(04)23274275","(04)23288582","2026","1","16","12","57","臺中市","北屯區","0","0","0","7","","","50","","","","","","","","","","","","","","14","","","","","B12","","","1","","1","","","49","49","1","6","4","120.698557","24.174755","3"
"6580","66000","387130000C","(04)23274275","(04)23288582","2026","1","16","13","0","臺中市","西區","0","0","0","7","","","50","","","","","","","","","","","","","","16","","","","","B03","","","1","","1","","","20","20","1","13","4","120.669357","24.138794","3"
"6581","66000","387130000C","(04)23274275","(04)23288582","2026","1","16","13","1","臺中市","神岡區","0","2","0","7","1","6","30","3","1","1","5","4","6","6","4","4","10","5","5","1","17","3","10","5","4","B03","7","6","1","8","2","8","","41","41","1","12","4","120.70243","24.272889","2"
"6582","66000","387130000C","(04)23274275","(04)23288582","2026","1","16","13","2","臺中市","中區","0","0","0","7","","","50","","","","","","","","","","","","","","13","","","","","C03","","","1","","1","","","59","59","1","13","4","120.682388","24.140414","4"
"6583","66000","387130000C","(04)23274275","(04)23288582","2026","1","16","13","3","臺中市","大甲區","1","0","0","7","2","6","50","13","9","1","5","4","6","6","4","4","4","4","5","1","13","1","1","1","1","C03","7","7","1","10","2","11","","84","84","1","6","4","120.652051","24.388679","1"
"6584","66000","387130000C","(04)23274275","(04)23288582","2026","1","16","13","3","臺中市","后里區","0","1","0","7","3","6","40","3","9","1","5","4","6","6","4","4","10","5","5","1","15","3","10","3","1","B03","7","15","1","8","2","8","","15","15","1","6","4","120.741637","24.319166","2"
"6585","66000","387130000C","(04)23274275","(04)23288582","2026","1","16","13","9","臺中市","東區","0","1","0","7","2","6","50","4","1","1","5","4","6","6","1","1","10","5","5","2","16","3","10","3","1","B03","7","6","3","19","2","6","","11","11","1","12","4","120.701252","24.142721","2"
"6586","66000","387130000C","(04)23274275","(04)23288582","2026","1","16","13","10","臺中市","豐原區","0","1","0","7","2","6","50","13","7","1","5","4","6","6","4","4","5","4","4","2","13","3","10","1","1","C03","7","9","1","10","2","12","","84","84","1","12","4","120.725295","24.242523","2"
"6587","66000","387130000C","(04)23274275","(04)23288582","2026","1","16","13","15","臺中市","大雅區","0","0","0","7","","","30","","","","","","","","","","","","","","","","","","","B03","","","1","","2","","","84","84","1","13","4","120.641417","24.229975","4"
"6588","66000","387130000C","(04)23274275","(04)23288582","2026","1","16","13","18","臺中市","大里區","0","1","0","7","2","6","50","13","9","1","5","4","6","6","4","4","1","4","5","1","17","3","10","3","1","B11","7","1","1","8","2","8","","51","51","1","12","4","120.685495","24.096206","2"
"6589","66000","387130000C","(04)23274275","(04)23288582","2026","1","16","13","21","臺中市","北區","0","2","0","7","2","6","50","13","9","1","5","4","6","6","4","4","9","5","5","2","17","2","9","1","1","C03","7","11","1","10","2","14","","45","45","1","12","4","120.682916","24.167266","2"
"6590","66000","387130000C","(04)23274275","(04)23288582","2026","1","16","13","21","臺中市","東區","0","2","0","7","3","6","50","4","1","1","5","4","6","6","4","4","3","4","4","2","12","2","9","2","1","C03","7","1","1","10","2","14","","51","51","1","6","4","120.69127","24.147358","2"
"6591","66000","387130000C","(04)23274275","(04)23288582","2026","1","16","13","30","臺中市","北區","0","2","0","7","2","6","30","4","1","1","5","4","6","6","4","4","10","5","5","2","15","2","9","5","4","C03","7","9","1","10","2","11","","15","15","1","12","4","120.683601","24.14677","2"
"6592","66000","387130000C","(04)23274275","(04)23288582","2026","1","16","13","31","臺中市","東勢區","0","0","0","7","","","40","","","","","","","","","","","","","","11","","","","","B03","","","1","","1","","","8","8","1","13","4","120.878399","24.232018","3"
"6593","66000","387130000C","(04)23274275","(04)23288582","2026","1","16","13","36","臺中市","霧峰區","0","0","0","7","","","50","","","","","","","","","","","","","","","","","","","F03","","","7","","2","","","84","84","1","12","4","120.718139","24.078666","3"
"6594","66000","387130000C","(04)23274275","(04)23288582","2026","1","16","13","39","臺中市","大里區","0","1","0","6","2","6","50","13","8","1","5","4","6","6","1","1","5","5","4","1","17","3","10","3","1","B03","7","5","1","8","2","5","","84","84","1","12","4","120.685725","24.103106","2"
"6595","66000","387130000C","(04)23274275","(04)23288582","2026","1","16","13","41","臺中市","大里區","0","0","0","7","","","30","","","","","","","","","","","","","","","","","","","C03","","","1","","2","","","8","8","1","12","4","120.690127","24.12085","3"
"6596","66000","387130000C","(04)23274275","(04)23288582","2026","1","16","13","45","臺中市","北區","0","0","0","7","","","50","","","","","","","","","","","","","","17","","","","","","","","","","","","","85","85","1","","","120.691196","24.158539","4"
"6597","66000","387130000C","(04)23274275","(04)23288582","2026","1","16","13","45","臺中市","北屯區","0","0","0","7","","","50","","","","","","","","","","","","","","13","","","","","B03","","","1","","1","","","84","84","1","12","4","120.685329","24.169517","3"
"6598","66000","387130000C","(04)23274275","(04)23288582","2026","1","16","13","57","臺中市","西屯區","0","0","0","7","","","50","","","","","","","","","","","","","","13","","","","","B03","","","1","","1","","","61","61","1","13","4","120.62182","24.180232","3"
"6599","66000","387130000C","(04)23274275","(04)23288582","2026","1","16","13","58","臺中市","西區","0","1","0","7","3","6","50","4","1","1","5","4","6","6","1","1","10","5","5","2","12","3","10","1","1","C03","7","1","1","10","2","11","","51","51","1","6","4","120.661731","24.144327","2"
"6600","66000","387130000C","(04)23274275","(04)23288582","2026","1","16","13","58","臺中市","西區","0","0","0","7","","","40","","","","","","","","","","","","","","13","","","","","C03","","","1","","2","","","8","8","1","13","4","120.657878","24.158242","3"
"6601","66000","387130000C","(04)23274275","(04)23288582","2026","1","16","13","58","臺中市","西屯區","0","0","0","7","","","50","","","","","","","","","","","","","","13","","","","","B03","","","1","","1","","","58","58","1","13","4","120.621585","24.18004","3"
"6602","66000","387130000C","(04)23274275","(04)23288582","2026","1","16","14","10","臺中市","南屯區","0","0","0","7","","","40","","","","","","","","","","","","","","12","","","","","B03","","","1","","1","","","8","8","1","12","4","120.623241","24.137107","3"
"6603","66000","387130000C","(04)23274275","(04)23288582","2026","1","16","14","10","臺中市","沙鹿區","0","1","0","7","2","6","50","13","8","1","5","4","6","6","4","4","1","4","4","2","2","3","10","3","1","B03","7","9","1","8","2","2","","8","8","1","6","4","120.56032","24.23956","2"
"6604","66000","387130000C","(04)23274275","(04)23288582","2026","1","16","14","18","臺中市","大里區","0","1","0","7","2","6","50","4","1","1","5","4","6","6","1","1","10","5","5","1","15","3","10","3","1","B03","7","9","1","8","2","5","","21","21","1","12","4","120.665229","24.09514","2"
"6605","66000","387130000C","(04)23274275","(04)23288582","2026","1","16","14","19","臺中市","神岡區","0","0","0","7","","","50","","","","","","","","","","","","","","17","","","","","F01","","","7","","8","","","53","53","1","12","5","120.68452","24.247708","3"
"6606","66000","387130000C","(04)23274275","(04)23288582","2026","1","16","14","20","臺中市","大甲區","0","0","0","7","","","50","","","","","","","","","","","","","","","","","","","C03","","","1","","2","","","7","7","1","6","4","120.624134","24.346608","3"
"6607","66000","387130000C","(04)23274275","(04)23288582","2026","1","16","14","21","臺中市","西屯區","0","0","0","7","","","50","","","","","","","","","","","","","","13","","","","","A12","","","1","","2","","","7","7","1","13","4","120.639582","24.165754","3"
"6608","66000","387130000C","(04)23274275","(04)23288582","2026","1","16","14","25","臺中市","北屯區","0","1","0","7","3","6","50","3","1","1","5","4","6","6","4","4","10","5","5","2","16","3","10","3","1","B12","7","5","1","8","2","5","","20","20","1","6","4","120.709358","24.17832","2"
"6609","66000","387130000C","(04)23274275","(04)23288582","2026","1","16","14","26","臺中市","沙鹿區","0","0","0","7","","","50","","","","","","","","","","","","","","","","","","","B03","","","1","","2","","","84","84","1","12","4","120.575399","24.226915","3"
"6610","66000","387130000C","(04)23274275","(04)23288582","2026","1","16","14","28","臺中市","西區","0","0","0","7","","","50","","","","","","","","","","","","","","13","","","","","C03","","","1","","1","","","59","59","1","13","4","120.659558","24.146742","3"
"6611","66000","387130000C","(04)23274275","(04)23288582","2026","1","16","14","29","臺中市","大里區","0","0","0","7","","","50","","","","","","","","","","","","","","","","","","","B03","","","1","","2","","","84","84","1","12","4","120.689956","24.11146","3"
"6612","66000","387130000C","(04)23274275","(04)23288582","2026","1","16","14","31","臺中市","北屯區","0","1","0","7","1","6","50","4","2","1","5","4","6","6","1","1","3","4","4","2","12","3","10","3","1","B03","7","5","1","8","2","2","","20","20","1","13","4","120.686486","24.196559","2"
"6613","66000","387130000C","(04)23274275","(04)23288582","2026","1","16","14","39","臺中市","霧峰區","0","0","0","7","","","50","","","","","","","","","","","","","","13","","","","","B03","","","1","","2","","","7","7","1","12","4","120.697322","24.055892","3"
"6614","66000","387130000C","(04)23274275","(04)23288582","2026","1","16","14","47","臺中市","北屯區","0","2","0","7","2","6","50","18","9","1","5","4","6","6","2","1","10","5","5","2","13","2","7","2","1","C03","7","9","1","10","1","11","","7","7","1","6","4","120.700505","24.170104","2"
"6615","66000","387130000C","(04)23274275","(04)23288582","2026","1","16","14","50","臺中市","南區","0","0","0","7","","","50","","","","","","","","","","","","","","","","","","","B03","","","1","","1","","","8","8","1","12","4","120.662002","24.120108","3"
"6616","66000","387130000C","(04)23274275","(04)23288582","2026","1","16","14","52","臺中市","后里區","0","1","0","7","2","6","50","3","2","1","5","4","6","6","4","4","5","4","5","1","17","2","9","1","1","C03","7","6","1","10","2","12","","14","14","1","6","4","120.731834","24.301049","2"
"6617","66000","387130000C","(04)23274275","(04)23288582","2026","1","16","14","52","臺中市","石岡區","0","0","0","7","","","50","","","","","","","","","","","","","","12","","","","","B12","","","1","","1","","","8","8","1","13","4","120.763175","24.277074","3"
"6618","66000","387130000C","(04)23274275","(04)23288582","2026","1","16","14","54","臺中市","烏日區","0","0","0","7","","","70","","","","","","","","","","","","","","13","","","","","B03","","","1","","1","","","8","8","1","6","4","120.604008","24.109443","3"
"6619","66000","387130000C","(04)23274275","(04)23288582","2026","1","16","14","55","臺中市","大雅區","0","1","0","7","3","6","30","13","9","1","5","4","6","6","4","4","10","5","5","2","17","2","7","5","4","B03","7","15","1","8","1","8","","78","78","1","12","4","120.649784","24.226351","2"
"6620","66000","387130000C","(04)23274275","(04)23288582","2026","1","16","15","8","臺中市","大肚區","0","2","0","7","2","6","30","4","1","1","5","4","6","6","4","4","10","5","5","2","16","2","9","1","1","C03","7","9","1","10","2","11","","12","12","1","5","4","120.545116","24.153389","2"
"6621","66000","387130000C","(04)23274275","(04)23288582","2026","1","16","15","10","臺中市","豐原區","0","1","0","6","2","6","50","3","2","1","5","4","6","6","1","1","3","5","4","2","17","3","10","3","1","B13","7","1","1","8","2","8","","51","51","1","13","4","120.721594","24.239255","2"
"6622","66000","387130000C","(04)23274275","(04)23288582","2026","1","16","15","15","臺中市","大里區","0","0","0","7","","","50","","","","","","","","","","","","","","","","","","","B13","","","1","","1","","","49","49","1","12","4","120.708419","24.087008","3"
"6623","66000","387130000C","(04)23274275","(04)23288582","2026","1","16","15","30","臺中市","大雅區","0","0","0","7","","","70","","","","","","","","","","","","","","","","","","","A11","","","1","","1","","","40","40","1","13","4","120.645263","24.225553","3"
"6624","66000","387130000C","(04)23274275","(04)23288582","2026","1","16","15","31","臺中市","北屯區","0","0","0","7","","","50","","","","","","","","","","","","","","12","","","","","B03","","","1","","1","","","84","84","1","13","4","120.71912","24.161976","3"
"6625","66000","387130000C","(04)23274275","(04)23288582","2026","1","16","15","35","臺中市","大里區","0","0","0","7","","","50","","","","","","","","","","","","","","16","","","","","C03","","","1","","1","","","40","40","1","12","4","120.698147","24.081029","3"
"6626","66000","387130000C","(04)23274275","(04)23288582","2026","1","16","15","40","臺中市","西屯區","0","1","0","7","2","6","50","4","1","1","5","4","6","6","2","1","10","5","5","2","16","3","10","3","1","A04","7","5","1","2","2","2","","47","47","1","13","4","120.619345","24.185618","2"
"6627","66000","387130000C","(04)23274275","(04)23288582","2026","1","16","15","42","臺中市","西區","0","2","0","7","2","6","50","4","1","1","5","4","6","6","1","1","10","5","5","2","16","2","9","5","4","C03","7","6","1","10","2","12","","85","85","1","13","4","120.651302","24.148826","2"
"6628","66000","387130000C","(04)23274275","(04)23288582","2026","1","16","15","43","臺中市","西區","0","2","0","7","1","6","50","4","1","1","5","4","6","6","1","1","10","5","5","1","17","2","9","5","4","C03","7","9","1","10","2","11","","85","85","1","12","4","120.670847","24.14026","2"
"6629","66000","387130000C","(04)23274275","(04)23288582","2026","1","16","15","45","臺中市","太平區","0","1","0","7","2","6","50","4","2","1","5","4","6","6","4","4","5","4","5","1","13","3","10","3","1","B03","7","9","1","8","2","6","","3","3","1","12","4","120.70649","24.157925","2"
"6630","66000","387130000C","(04)23274275","(04)23288582","2026","1","16","15","45","臺中市","太平區","0","1","0","7","2","6","40","3","2","1","5","4","6","6","4","4","5","5","5","1","13","2","8","2","1","C03","7","9","1","10","2","11","","7","7","1","12","4","120.720454","24.149095","2"