序號,縣市別代碼,機關代碼,市話,傳真,年,月,日,時,分,縣市,區,死亡數量,受傷數量,2-30,天候,道路照明設備,道路類別,道路速限,道路型態,事故位置,路面鋪裝,路面狀態,路面缺陷,障礙物,視距,號誌種類,號誌動作,分向設施,快車道或一般車道間,快慢車道間,路面邊線,事故類型及型態,受傷程度,主要傷處,保護裝備,行動電話或功能裝置,當事者區分(類別),車輛用途,當事者行動狀態,駕照狀態,駕照種類,飲酒情形,車輛撞擊部位最初,車輛撞擊部位其他,肇事因素個別,肇事因素主要,肇事逃逸,職業,共享經濟或外送平台,GPS座標X,GPS座標Y,事故類別
"6631","66000","387130000C","(04)23274275","(04)23288582","2026","1","16","15","48","臺中市","東區","0","0","0","7","","3","80","","","","","","","","","","","","","","","","","","","B03","","","1","","1","","","7","7","1","13","4","120.707575","24.132383","3"
"6632","66000","387130000C","(04)23274275","(04)23288582","2026","1","16","15","51","臺中市","北區","0","1","0","7","2","6","50","4","1","1","5","4","6","6","4","4","5","5","5","2","15","2","8","3","1","B01","7","9","1","4","2","5","","12","12","1","12","4","120.680996","24.153491","2"
"6633","66000","387130000C","(04)23274275","(04)23288582","2026","1","16","15","52","臺中市","南屯區","0","1","0","7","2","6","40","4","1","1","5","4","6","6","2","1","10","5","5","2","16","2","9","4","1","F01","7","6","7","21","2","14","","84","84","1","13","4","120.612558","24.13844","2"
"6634","66000","387130000C","(04)23274275","(04)23288582","2026","1","16","15","57","臺中市","西屯區","0","0","0","7","","","30","","","","","","","","","","","","","","14","","","","","B03","","","1","","2","","","49","49","1","12","4","120.645747","24.177916","3"
"6635","66000","387130000C","(04)23274275","(04)23288582","2026","1","16","15","57","臺中市","太平區","0","1","0","7","2","6","30","4","1","1","5","4","6","6","4","4","10","5","5","2","15","3","10","3","1","B03","7","9","1","8","2","1","","15","15","1","13","4","120.720885","24.115148","2"
"6636","66000","387130000C","(04)23274275","(04)23288582","2026","1","16","15","58","臺中市","大雅區","0","1","0","7","3","6","30","11","9","1","5","4","6","6","4","4","10","5","5","2","17","3","10","5","4","B11","7","9","1","8","2","8","","41","41","1","12","4","120.647135","24.219702","2"
"6637","66000","387130000C","(04)23274275","(04)23288582","2026","1","16","15","58","臺中市","西屯區","0","1","0","7","2","9","50","13","9","1","5","4","6","6","4","4","5","4","5","1","18","2","9","2","1","C03","7","12","1","10","2","14","","59","59","1","12","4","120.642575","24.177427","2"
"6638","66000","387130000C","(04)23274275","(04)23288582","2026","1","16","15","58","臺中市","神岡區","0","2","0","7","1","6","50","3","1","1","5","4","6","6","1","1","5","4","4","1","16","2","9","1","4","C03","7","9","5","10","2","11","","21","21","1","12","4","120.673265","24.253868","2"
"6639","66000","387130000C","(04)23274275","(04)23288582","2026","1","16","16","0","臺中市","大雅區","0","1","0","7","3","6","60","4","2","1","5","4","6","6","1","1","1","3","5","1","17","2","8","2","4","C03","7","5","1","10","2","14","","1","1","1","13","4","120.648913","24.218033","2"
"6640","66000","387130000C","(04)23274275","(04)23288582","2026","1","16","16","0","臺中市","沙鹿區","0","0","0","7","","","50","","","","","","","","","","","","","","17","","","","","B12","","","1","","9","","","84","84","1","6","4","120.55843","24.236904","3"
"6641","66000","387130000C","(04)23274275","(04)23288582","2026","1","16","16","3","臺中市","東區","0","2","0","7","1","6","30","4","1","1","5","4","6","6","4","4","10","5","5","2","15","2","9","5","4","C03","7","9","1","10","2","12","","13","13","1","13","4","120.689862","24.132249","2"
"6642","66000","387130000C","(04)23274275","(04)23288582","2026","1","16","16","8","臺中市","西屯區","0","2","0","7","1","6","50","13","8","1","5","4","6","6","4","4","5","4","4","2","17","3","10","5","4","B12","7","5","3","19","2","5","","84","84","1","13","4","120.612753","24.171707","2"
"6643","66000","387130000C","(04)23274275","(04)23288582","2026","1","16","16","10","臺中市","北屯區","0","1","0","7","2","6","50","3","1","1","5","4","6","6","4","4","10","5","5","2","16","3","10","3","1","B03","7","5","1","8","2","5","","47","47","1","12","4","120.690623","24.178391","2"
"6644","66000","387130000C","(04)23274275","(04)23288582","2026","1","16","16","11","臺中市","大里區","0","0","0","7","","3","50","","","","","","","","","","","","","","","","","","","B12","","","1","","2","","","7","7","1","12","4","120.690704","24.098029","3"
"6645","66000","387130000C","(04)23274275","(04)23288582","2026","1","16","16","12","臺中市","西區","0","0","0","7","","","40","","","","","","","","","","","","","","13","","","","","C03","","","1","","1","","","59","59","1","13","4","120.667533","24.141803","3"
"6646","66000","387130000C","(04)23274275","(04)23288582","2026","1","16","16","12","臺中市","太平區","0","2","0","7","2","6","50","13","9","1","5","4","6","6","4","4","10","5","5","2","16","2","8","1","1","C03","7","6","1","10","2","12","","20","20","1","12","4","120.717571","24.127494","2"
"6647","66000","387130000C","(04)23274275","(04)23288582","2026","1","16","16","18","臺中市","烏日區","0","0","0","7","2","6","50","13","9","1","5","4","6","6","4","4","9","5","5","2","12","","","","","B03","","","1","","2","","","50","50","1","6","4","120.609984","24.108707","3"
"6648","66000","387130000C","(04)23274275","(04)23288582","2026","1","16","16","20","臺中市","潭子區","0","1","0","7","2","6","50","4","2","1","5","4","6","6","2","1","5","2","4","2","16","2","9","1","1","C03","7","6","1","10","2","13","","48","48","1","13","4","120.703317","24.211571","2"
"6649","66000","387130000C","(04)23274275","(04)23288582","2026","1","16","16","21","臺中市","西屯區","0","1","0","7","2","6","50","4","1","1","5","4","6","6","2","1","10","5","5","2","16","3","10","3","1","B02","7","5","1","4","2","6","","47","47","1","12","4","120.66111","24.171771","2"
"6650","66000","387130000C","(04)23274275","(04)23288582","2026","1","16","16","21","臺中市","豐原區","0","1","0","7","2","6","50","3","1","1","5","4","6","6","4","4","5","5","5","1","16","3","10","1","1","C03","7","11","1","10","2","12","12","14","14","1","13","4","120.717133","24.253637","2"
"6651","66000","387130000C","(04)23274275","(04)23288582","2026","1","16","16","22","臺中市","梧棲區","0","0","0","7","","","50","","","","","","","","","","","","","","18","","","","","F01","","","7","","1","","","59","59","1","2","4","120.533789","24.25525","3"
"6652","66000","387130000C","(04)23274275","(04)23288582","2026","1","16","16","23","臺中市","西屯區","0","0","0","7","","","50","","","","","","","","","","","","","","17","","","","","A42","","","1","","1","","","84","84","1","13","4","120.625393","24.154545","3"
"6653","66000","387130000C","(04)23274275","(04)23288582","2026","1","16","16","24","臺中市","清水區","0","0","0","6","","","50","","","","","","","","","","","","","","","","","","","B03","","","1","","2","","","8","8","1","12","4","120.573215","24.266325","3"
"6654","66000","387130000C","(04)23274275","(04)23288582","2026","1","16","16","25","臺中市","北屯區","0","0","0","7","","","50","","","","","","","","","","","","","","16","","","","","C03","","","1","","1","","","21","21","1","6","4","120.685457","24.172025","3"
"6655","66000","387130000C","(04)23274275","(04)23288582","2026","1","16","16","28","臺中市","烏日區","0","2","0","7","2","6","60","4","1","1","5","4","6","6","1","1","1","4","5","2","15","2","8","1","1","C03","7","9","1","10","2","11","","21","21","1","6","4","120.646528","24.110521","2"
"6656","66000","387130000C","(04)23274275","(04)23288582","2026","1","16","16","28","臺中市","后里區","0","1","0","6","3","6","50","3","19","1","5","4","6","6","1","1","5","4","5","1","3","3","10","1","1","C03","7","9","3","19","2","11","","10","10","2","6","4","120.7317","24.339319","2"
"6657","66000","387130000C","(04)23274275","(04)23288582","2026","1","16","16","30","臺中市","北屯區","0","0","0","7","","","50","","","","","","","","","","","","","","17","","","","","F01","","","7","","1","","","26","26","1","12","4","120.690975","24.165052","3"
"6658","66000","387130000C","(04)23274275","(04)23288582","2026","1","16","16","31","臺中市","豐原區","0","0","0","7","","","50","","","","","","","","","","","","","","17","","","","","A11","","","1","","2","","","77","77","1","12","4","120.708354","24.246293","3"
"6659","66000","387130000C","(04)23274275","(04)23288582","2026","1","16","16","34","臺中市","西區","0","0","0","7","","","50","","","","","","","","","","","","","","","","","","","B03","","","1","","1","","","84","84","1","12","4","120.670329","24.142184","3"
"6660","66000","387130000C","(04)23274275","(04)23288582","2026","1","16","16","35","臺中市","大雅區","0","0","0","7","","","50","","","","","","","","","","","","","","","","","","","B03","","","1","","2","","","51","51","1","12","4","120.645537","24.22927","3"
"6661","66000","387130000C","(04)23274275","(04)23288582","2026","1","16","16","37","臺中市","北區","0","0","0","7","","","50","","","","","","","","","","","","","","","","","","","B03","","","1","","2","","","7","7","1","13","4","120.685316","24.147379","3"
"6662","66000","387130000C","(04)23274275","(04)23288582","2026","1","16","16","40","臺中市","北區","0","0","0","7","","","50","","","","","","","","","","","","","","","","","","","C03","","","1","","1","","","59","59","1","12","4","120.682393","24.164106","3"
"6663","66000","387130000C","(04)23274275","(04)23288582","2026","1","16","16","43","臺中市","西屯區","0","1","0","7","2","6","50","13","9","1","5","4","6","6","4","4","10","4","5","2","17","3","10","1","1","C03","7","9","1","10","2","12","","43","43","1","13","4","120.657145","24.197844","2"
"6664","66000","387130000C","(04)23274275","(04)23288582","2026","1","16","16","45","臺中市","大雅區","0","0","0","7","","","70","","","","","","","","","","","","","","","","","","","B12","","","1","","2","","","84","84","1","12","4","120.629962","24.241187","3"
"6665","66000","387130000C","(04)23274275","(04)23288582","2026","1","16","16","51","臺中市","烏日區","0","0","0","7","","","50","","","","","","","","","","","","","","17","","","","","A11","","","1","","2","","","84","84","1","6","4","120.638531","24.106672","3"
"6666","66000","387130000C","(04)23274275","(04)23288582","2026","1","16","16","52","臺中市","東區","0","1","0","7","3","6","50","4","1","1","5","4","6","5","1","1","5","5","5","2","11","3","10","3","1","B03","7","6","1","8","2","8","","11","11","1","13","4","120.692421","24.139404","2"
"6667","66000","387130000C","(04)23274275","(04)23288582","2026","1","16","16","56","臺中市","北屯區","0","1","0","7","3","6","30","4","1","1","5","4","6","6","4","4","10","5","5","2","17","3","10","3","1","B03","7","9","1","8","1","8","","12","12","1","12","4","120.680237","24.178097","2"
"6668","66000","387130000C","(04)23274275","(04)23288582","2026","1","16","17","0","臺中市","北屯區","0","1","0","7","2","6","50","3","1","1","5","4","6","6","1","1","1","3","5","2","16","3","10","3","1","B03","7","6","1","8","2","5","","11","11","1","13","4","120.720693","24.167897","2"
"6669","66000","387130000C","(04)23274275","(04)23288582","2026","1","16","17","1","臺中市","西屯區","0","0","0","7","","","50","","","","","","","","","","","","","","","","","","","B12","","","1","","1","","","59","59","1","12","4","120.654248","24.170387","3"
"6670","66000","387130000C","(04)23274275","(04)23288582","2026","1","16","17","2","臺中市","南屯區","0","0","0","7","","","50","","","","","","","","","","","","","","17","","","","","B03","","","1","","1","","","58","58","1","12","4","120.626109","24.143871","3"
"6671","66000","387130000C","(04)23274275","(04)23288582","2026","1","16","17","5","臺中市","南屯區","0","2","0","7","1","6","50","4","1","1","5","4","6","6","2","1","10","5","5","2","13","2","9","2","1","C03","7","9","1","10","2","11","","83","83","1","13","4","120.632356","24.145477","2"
"6672","66000","387130000C","(04)23274275","(04)23288582","2026","1","16","17","9","臺中市","豐原區","0","2","0","7","2","9","0","18","21","4","5","4","6","6","4","4","10","5","5","2","17","2","9","2","1","C03","7","9","3","19","2","11","","30","30","1","13","4","120.712354","24.255704","2"
"6673","66000","387130000C","(04)23274275","(04)23288582","2026","1","16","17","11","臺中市","烏日區","0","0","0","7","2","6","50","4","2","1","5","4","6","6","2","1","3","4","3","2","13","","","","","C03","","","1","","2","","","7","7","1","6","4","120.646801","24.11044","3"
"6674","66000","387130000C","(04)23274275","(04)23288582","2026","1","16","17","13","臺中市","龍井區","0","3","0","7","2","6","40","13","9","1","5","4","6","3","4","4","9","5","5","1","17","2","9","1","1","C03","7","15","1","10","2","11","","4","4","1","6","4","120.589708","24.191601","2"
"6675","66000","387130000C","(04)23274275","(04)23288582","2026","1","16","17","14","臺中市","豐原區","0","0","0","7","","","50","","","","","","","","","","","","","","16","","","","","B03","","","1","","2","","","47","47","1","13","4","120.722138","24.24856","3"
"6676","66000","387130000C","(04)23274275","(04)23288582","2026","1","16","17","15","臺中市","大雅區","0","2","0","7","3","6","50","4","1","1","5","4","6","6","1","1","4","3","5","1","17","2","9","2","4","C03","7","9","1","10","2","11","","7","7","1","13","4","120.654354","24.229388","2"
"6677","66000","387130000C","(04)23274275","(04)23288582","2026","1","16","17","15","臺中市","霧峰區","0","0","0","6","","","30","","","","","","","","","","","","","","17","","","","","C03","","","1","","2","","","84","84","1","13","4","120.675647","24.049327","3"
"6678","66000","387130000C","(04)23274275","(04)23288582","2026","1","16","17","20","臺中市","龍井區","0","1","0","7","2","6","50","13","9","1","5","4","6","6","4","4","9","5","5","2","17","3","10","5","1","B03","7","15","1","7","2","8","","76","76","1","6","4","120.592576","24.181862","2"
"6679","66000","387130000C","(04)23274275","(04)23288582","2026","1","16","17","20","臺中市","神岡區","0","0","0","7","","","50","","","","","","","","","","","","","","13","","","","","B03","","","1","","2","","","59","59","1","12","4","120.704157","24.261668","4"
"6680","66000","387130000C","(04)23274275","(04)23288582","2026","1","16","17","21","臺中市","西屯區","0","1","0","7","1","6","50","13","7","1","5","4","6","6","4","4","1","4","4","2","13","2","8","1","1","C03","7","9","1","10","2","11","","59","59","1","12","4","120.642123","24.157828","2"
"6681","66000","387130000C","(04)23274275","(04)23288582","2026","1","16","17","24","臺中市","大甲區","0","0","0","7","","","60","","","","","","","","","","","","","","","","","","","B12","","","1","","1","","","7","7","1","6","4","120.618153","24.340513","3"
"6682","66000","387130000C","(04)23274275","(04)23288582","2026","1","16","17","25","臺中市","北區","0","0","0","7","","","50","","","","","","","","","","","","","","13","","","","","C03","","","1","","1","","","7","7","1","13","4","120.68129","24.158904","3"
"6683","66000","387130000C","(04)23274275","(04)23288582","2026","1","16","17","25","臺中市","霧峰區","0","2","0","7","1","6","40","3","1","1","5","4","6","6","4","4","10","5","5","2","18","2","8","2","1","C03","7","9","1","10","2","12","","84","84","1","12","4","120.666231","24.079761","2"
"6684","66000","387130000C","(04)23274275","(04)23288582","2026","1","16","17","26","臺中市","北屯區","0","0","0","7","","","50","","","","","","","","","","","","","","17","","","","","C03","","","1","","2","","","51","51","1","6","4","120.693095","24.162311","3"
"6685","66000","387130000C","(04)23274275","(04)23288582","2026","1","16","17","26","臺中市","太平區","0","0","0","7","","","50","","","","","","","","","","","","","","12","","","","","C03","","","1","","2","","","40","40","1","13","4","120.72334","24.149459","3"
"6686","66000","387130000C","(04)23274275","(04)23288582","2026","1","16","17","28","臺中市","西區","0","0","0","7","","","30","","","","","","","","","","","","","","14","","","","","B03","","","1","","2","","","49","49","1","13","4","120.667919","24.148563","4"
"6687","66000","387130000C","(04)23274275","(04)23288582","2026","1","16","17","28","臺中市","東區","0","0","0","7","","","50","","","","","","","","","","","","","","17","","","","","C03","","","1","","1","","","84","84","1","6","4","120.70773","24.136288","3"
"6688","66000","387130000C","(04)23274275","(04)23288582","2026","1","16","17","31","臺中市","太平區","0","3","0","7","2","6","50","4","1","1","5","4","6","6","1","1","10","5","5","2","15","2","5","2","1","C03","7","9","1","10","2","12","","21","21","1","12","4","120.712858","24.144449","2"
"6689","66000","387130000C","(04)23274275","(04)23288582","2026","1","16","17","32","臺中市","北屯區","0","2","0","7","1","6","50","4","1","1","5","4","6","3","2","1","10","5","5","2","16","2","8","1","1","C03","7","6","1","10","2","11","","11","11","1","12","4","120.69411","24.170257","2"
"6690","66000","387130000C","(04)23274275","(04)23288582","2026","1","16","17","34","臺中市","北區","0","0","0","7","","","50","","","","","","","","","","","","","","16","","","","","C03","","","1","","2","","","48","48","1","13","4","120.678961","24.171314","3"
"6691","66000","387130000C","(04)23274275","(04)23288582","2026","1","16","17","34","臺中市","北屯區","0","1","0","7","1","6","50","13","9","1","5","4","6","6","1","1","10","5","5","2","13","2","9","5","4","C03","7","9","1","10","2","11","","7","7","1","12","4","120.710805","24.182625","2"
"6692","66000","387130000C","(04)23274275","(04)23288582","2026","1","16","17","36","臺中市","北區","0","0","0","7","","","50","","","","","","","","","","","","","","","","","","","C03","","","1","","1","","","84","84","1","12","2","120.671317","24.173709","3"
"6693","66000","387130000C","(04)23274275","(04)23288582","2026","1","16","17","36","臺中市","南屯區","0","0","0","7","1","6","50","13","9","1","5","4","6","6","1","1","5","2","5","2","13","","","","","C03","","","1","","1","","","7","7","1","12","4","120.609512","24.138451","3"
"6694","66000","387130000C","(04)23274275","(04)23288582","2026","1","16","17","37","臺中市","西屯區","0","0","0","7","","","50","","","","","","","","","","","","","","12","","","","","B03","","","1","","1","","","40","40","1","13","4","120.643177","24.159358","3"
"6695","66000","387130000C","(04)23274275","(04)23288582","2026","1","16","17","37","臺中市","梧棲區","0","1","0","7","1","6","50","13","7","1","5","4","6","6","4","4","3","4","4","1","17","3","10","3","1","B03","7","1","1","8","2","4","","51","51","1","8","4","120.534492","24.26344","2"
"6696","66000","387130000C","(04)23274275","(04)23288582","2026","1","16","17","37","臺中市","豐原區","0","0","0","7","","","50","","","","","","","","","","","","","","16","","","","","B03","","","1","","1","","","11","11","1","12","4","120.717782","24.251867","3"
"6697","66000","387130000C","(04)23274275","(04)23288582","2026","1","16","17","38","臺中市","清水區","0","0","0","6","","","50","","","","","","","","","","","","","","","","","","","B03","","","1","","1","","","49","49","1","12","4","120.546199","24.269897","3"
"6698","66000","387130000C","(04)23274275","(04)23288582","2026","1","16","17","40","臺中市","北屯區","0","0","0","7","","","40","","","","","","","","","","","","","","17","","","","","C03","","","1","","2","","","84","84","1","6","4","120.701916","24.183196","3"
"6699","66000","387130000C","(04)23274275","(04)23288582","2026","1","16","17","40","臺中市","大里區","0","2","0","6","1","6","50","3","1","1","5","4","6","6","4","4","10","5","5","1","16","2","9","1","1","C03","7","4","1","10","2","12","","4","4","1","12","4","120.704723","24.087895","2"
"6700","66000","387130000C","(04)23274275","(04)23288582","2026","1","16","17","43","臺中市","北區","0","0","0","7","","","50","","","","","","","","","","","","","","","","","","","B03","","","1","","2","","","84","84","1","13","4","120.686848","24.15546","3"
"6701","66000","387130000C","(04)23274275","(04)23288582","2026","1","16","17","43","臺中市","北屯區","0","0","0","7","","","50","","","","","","","","","","","","","","","","","","","B03","","","1","","2","","","84","84","1","12","4","120.686579","24.182892","3"
"6702","66000","387130000C","(04)23274275","(04)23288582","2026","1","16","17","46","臺中市","西屯區","0","0","0","7","","","50","","","","","","","","","","","","","","13","","","","","B03","","","1","","1","","","59","59","1","12","4","120.605061","24.187534","3"
"6703","66000","387130000C","(04)23274275","(04)23288582","2026","1","16","17","49","臺中市","南屯區","0","0","0","7","","3","80","","","","","","","","","","","","","","13","","","","","B03","","","1","","1","","","59","59","1","12","4","120.619647","24.119675","3"
"6704","66000","387130000C","(04)23274275","(04)23288582","2026","1","16","17","50","臺中市","北區","0","0","0","7","","","50","","","","","","","","","","","","","","17","","","","","B12","","","1","","2","","","84","84","1","13","4","120.689398","24.154491","3"
"6705","66000","387130000C","(04)23274275","(04)23288582","2026","1","16","17","50","臺中市","北屯區","0","0","0","7","","","50","","","","","","","","","","","","","","13","","","","","C03","","","1","","1","","","7","7","1","13","4","120.722991","24.16709","3"
"6706","66000","387130000C","(04)23274275","(04)23288582","2026","1","16","17","51","臺中市","龍井區","0","1","0","7","1","6","30","4","1","1","5","4","6","1","4","4","10","5","5","1","15","3","10","3","1","B03","7","9","1","8","2","1","","12","12","1","12","4","120.529454","24.205464","2"
"6707","66000","387130000C","(04)23274275","(04)23288582","2026","1","16","17","51","臺中市","烏日區","0","0","0","7","","","50","","","","","","","","","","","","","","12","","","","","B01","","","1","","2","","","8","8","1","6","4","120.615155","24.117805","4"
"6708","66000","387130000C","(04)23274275","(04)23288582","2026","1","16","17","52","臺中市","南屯區","0","0","0","7","","","50","","","","","","","","","","","","","","13","","","","","B03","","","1","","1","","","84","84","1","13","4","120.646433","24.141489","3"
"6709","66000","387130000C","(04)23274275","(04)23288582","2026","1","16","17","52","臺中市","南屯區","0","0","0","7","3","6","50","13","9","1","5","4","6","6","4","4","3","4","5","2","12","","","","","B03","","","1","","1","","","40","40","1","12","4","120.628928","24.145016","3"
"6710","66000","387130000C","(04)23274275","(04)23288582","2026","1","16","17","54","臺中市","后里區","0","0","0","7","1","6","50","13","8","1","5","4","6","6","4","4","2","4","4","1","13","","","","","B03","","","1","","1","","","59","59","1","6","4","120.723059","24.284555","3"
"6711","66000","387130000C","(04)23274275","(04)23288582","2026","1","16","17","56","臺中市","北屯區","0","0","0","7","","","50","","","","","","","","","","","","","","9","","","","","B03","","","1","8","1","","","40","40","1","12","4","120.723162","24.162697","3"
"6712","66000","387130000C","(04)23274275","(04)23288582","2026","1","16","17","57","臺中市","北屯區","0","0","0","7","","3","40","2","","","","","","","","","","","","","13","","","","","B03","","","1","8","1","","","84","84","1","12","4","120.694144","24.201018","3"
"6713","66000","387130000C","(04)23274275","(04)23288582","2026","1","16","17","57","臺中市","西屯區","0","0","0","7","","","50","","","","","","","","","","","","","","12","","","","","B03","","","1","","2","","","8","8","1","13","4","120.642544","24.169906","3"
"6714","66000","387130000C","(04)23274275","(04)23288582","2026","1","16","17","58","臺中市","西屯區","0","1","0","7","1","6","50","13","9","1","5","4","6","6","4","4","10","4","5","1","13","2","9","1","1","C03","7","9","1","10","2","11","","7","7","1","13","4","120.632913","24.179813","2"
"6715","66000","387130000C","(04)23274275","(04)23288582","2026","1","16","17","59","臺中市","西區","0","1","0","7","1","6","50","3","2","1","5","4","6","6","4","4","5","4","5","2","17","2","9","2","1","C03","7","7","1","10","2","12","11","8","8","1","13","4","120.675721","24.133969","2"
"6716","66000","387130000C","(04)23274275","(04)23288582","2026","1","16","18","3","臺中市","大里區","0","0","0","7","","","50","","","","","","","","","","","","","","12","","","","","C03","","","1","","2","","","8","8","1","12","4","120.679944","24.104424","3"
"6717","66000","387130000C","(04)23274275","(04)23288582","2026","1","16","18","3","臺中市","沙鹿區","0","1","0","6","1","6","50","13","9","1","5","4","6","6","4","4","5","4","5","2","16","2","9","1","1","C03","7","6","1","10","2","12","","39","39","1","12","4","120.564886","24.240478","2"
"6718","66000","387130000C","(04)23274275","(04)23288582","2026","1","16","18","4","臺中市","北區","0","1","0","7","1","6","40","13","7","1","5","4","6","6","4","4","9","4","4","2","16","3","10","3","1","B03","7","11","1","8","2","8","","45","45","1","12","4","120.681745","24.151403","2"
"6719","66000","387130000C","(04)23274275","(04)23288582","2026","1","16","18","4","臺中市","西屯區","0","0","0","7","","","30","","","","","","","","","","","","","","","","","","","B03","","","1","","1","","","14","14","1","12","4","120.642689","24.196454","3"
"6720","66000","387130000C","(04)23274275","(04)23288582","2026","1","16","18","6","臺中市","西區","0","2","0","7","1","6","50","3","1","1","5","4","6","6","1","1","10","5","5","1","17","2","9","5","4","C03","7","9","1","10","2","12","","25","25","1","12","4","120.658879","24.155974","2"
"6721","66000","387130000C","(04)23274275","(04)23288582","2026","1","16","18","6","臺中市","豐原區","0","0","0","7","","","50","","","","","","","","","","","","","","13","","","","","B03","","","1","","2","","","7","7","1","13","4","120.71394","24.253089","3"
"6722","66000","387130000C","(04)23274275","(04)23288582","2026","1","16","18","7","臺中市","龍井區","0","0","0","7","","","50","","","","","","","","","","","","","","13","","","","","B03","","","1","","1","","","7","7","1","6","4","120.586952","24.181291","3"
"6723","66000","387130000C","(04)23274275","(04)23288582","2026","1","16","18","10","臺中市","西屯區","0","0","0","7","","","","","","","","","","","","","","","","","28","","","","","","","","","","","","","109","109","1","","","120.64396","24.169134","3"
"6724","66000","387130000C","(04)23274275","(04)23288582","2026","1","16","18","11","臺中市","中區","0","0","0","7","","","50","","","","","","","","","","","","","","","","","","","B03","","","1","","2","","","84","84","1","6","4","120.681125","24.138844","3"
"6725","66000","387130000C","(04)23274275","(04)23288582","2026","1","16","18","11","臺中市","西屯區","0","1","0","7","1","6","50","4","1","1","5","4","6","6","2","1","10","5","5","2","16","3","10","3","1","B03","7","6","1","8","2","2","","48","48","1","12","4","120.598514","24.204611","2"
"6726","66000","387130000C","(04)23274275","(04)23288582","2026","1","16","18","11","臺中市","沙鹿區","0","0","0","7","","","50","","","","","","","","","","","","","","12","","","","","B03","","","1","","2","","","40","40","1","6","4","120.570021","24.200987","3"
"6727","66000","387130000C","(04)23274275","(04)23288582","2026","1","16","18","15","臺中市","北區","0","0","0","7","","","50","","","","","","","","","","","","","","","","","","","C03","","","1","","1","","","84","84","1","13","4","120.675129","24.162784","3"
"6728","66000","387130000C","(04)23274275","(04)23288582","2026","1","16","18","18","臺中市","東區","0","0","0","7","","","50","","","","","","","","","","","","","","","","","","","C03","","","1","","1","","","7","7","1","13","4","120.708226","24.140709","3"
"6729","66000","387130000C","(04)23274275","(04)23288582","2026","1","16","18","18","臺中市","東區","0","1","0","7","1","6","50","4","1","1","5","4","6","6","1","1","10","5","5","2","16","3","10","2","1","C03","7","6","1","10","2","12","","11","11","1","13","4","120.700678","24.127254","2"
"6730","66000","387130000C","(04)23274275","(04)23288582","2026","1","16","18","20","臺中市","大里區","0","0","0","7","","","30","","","","","","","","","","","","","","","","","","","B12","","","1","","1","","","8","8","1","12","4","120.731957","24.088589","3"
"6731","66000","387130000C","(04)23274275","(04)23288582","2026","1","16","18","24","臺中市","大里區","0","0","0","7","","","50","","","","","","","","","","","","","","","","","","","B03","","","1","","2","","","51","51","1","12","4","120.679194","24.096064","3"
"6732","66000","387130000C","(04)23274275","(04)23288582","2026","1","16","18","25","臺中市","西區","0","0","0","7","","","50","","","","","","","","","","","","","","13","","","","","B03","","","3","","1","","","7","7","1","13","4","120.657242","24.150853","3"
"6733","66000","387130000C","(04)23274275","(04)23288582","2026","1","16","18","26","臺中市","西屯區","0","0","0","7","","3","80","","","","","","","","","","","","","","13","","","","","B03","","","1","","1","","","7","7","1","13","4","120.632642","24.171388","3"
"6734","66000","387130000C","(04)23274275","(04)23288582","2026","1","16","18","26","臺中市","霧峰區","1","1","0","7","1","6","50","4","1","1","5","4","6","6","1","1","10","5","5","1","17","2","1","3","1","B03","7","9","1","7","2","8","","4","4","1","13","4","120.693187","24.073198","1"
"6735","66000","387130000C","(04)23274275","(04)23288582","2026","1","16","18","27","臺中市","大甲區","0","0","0","7","","","50","","","","","","","","","","","","","","","","","","","B03","","","1","","1","","","8","8","1","6","4","120.64265","24.402265","3"
"6736","66000","387130000C","(04)23274275","(04)23288582","2026","1","16","18","29","臺中市","南屯區","0","2","0","7","2","6","40","13","8","1","5","4","6","6","4","4","9","4","1","2","13","2","9","1","1","C03","7","9","1","10","2","11","","7","7","1","12","4","120.610014","24.15155","2"
"6737","66000","387130000C","(04)23274275","(04)23288582","2026","1","16","18","31","臺中市","西區","0","1","0","7","1","6","50","4","1","1","5","4","6","6","2","1","10","5","5","2","18","2","9","2","1","C03","7","9","1","10","2","14","","87","87","1","13","4","120.661675","24.135106","2"
"6738","66000","387130000C","(04)23274275","(04)23288582","2026","1","16","18","33","臺中市","豐原區","0","1","0","7","1","6","50","4","1","1","5","4","6","6","4","4","5","5","4","1","18","2","9","1","1","C03","7","12","1","10","2","12","","6","6","1","13","4","120.726017","24.255378","2"
"6739","66000","387130000C","(04)23274275","(04)23288582","2026","1","16","18","34","臺中市","大雅區","0","0","0","7","","","60","","","","","","","","","","","","","","","","","","","C03","","","1","","1","","","7","7","1","13","4","120.650056","24.211839","3"
"6740","66000","387130000C","(04)23274275","(04)23288582","2026","1","16","18","45","臺中市","南屯區","0","0","0","7","","","50","","","","","","","","","","","","","","17","","","","","C03","","","1","","1","","","7","7","1","12","4","120.633944","24.146211","4"
"6741","66000","387130000C","(04)23274275","(04)23288582","2026","1","16","18","45","臺中市","西屯區","0","1","0","7","1","6","50","3","1","1","5","4","6","6","4","4","1","4","5","2","13","2","8","5","4","C03","7","7","1","10","2","11","","7","7","1","13","4","120.646617","24.154654","2"