序號,縣市別代碼,機關代碼,市話,傳真,年,月,日,時,分,縣市,區,死亡數量,受傷數量,2-30,天候,道路照明設備,道路類別,道路速限,道路型態,事故位置,路面鋪裝,路面狀態,路面缺陷,障礙物,視距,號誌種類,號誌動作,分向設施,快車道或一般車道間,快慢車道間,路面邊線,事故類型及型態,受傷程度,主要傷處,保護裝備,行動電話或功能裝置,當事者區分(類別),車輛用途,當事者行動狀態,駕照狀態,駕照種類,飲酒情形,車輛撞擊部位最初,車輛撞擊部位其他,肇事因素個別,肇事因素主要,肇事逃逸,職業,共享經濟或外送平台,GPS座標X,GPS座標Y,事故類別
"6742","66000","387130000C","(04)23274275","(04)23288582","2026","1","16","18","47","臺中市","西屯區","0","0","0","6","","3","80","","","","","","","","","","","","","","","","","","","B03","","","1","","1","","","7","7","1","13","4","120.634948","24.179291","3"
"6743","66000","387130000C","(04)23274275","(04)23288582","2026","1","16","18","47","臺中市","后里區","0","0","0","7","1","6","50","3","1","1","5","4","6","6","4","4","9","4","4","1","15","3","10","1","1","C03","7","9","1","10","2","14","","12","12","1","6","4","120.721781","24.308934","3"
"6744","66000","387130000C","(04)23274275","(04)23288582","2026","1","16","18","48","臺中市","西屯區","0","2","0","7","1","6","30","3","1","1","5","4","6","6","4","4","10","5","5","1","16","2","9","2","1","C03","7","6","1","10","2","13","","14","14","1","12","4","120.628181","24.179282","2"
"6745","66000","387130000C","(04)23274275","(04)23288582","2026","1","16","18","49","臺中市","南屯區","0","1","0","7","2","6","50","4","1","1","5","4","6","6","1","1","9","4","5","2","12","2","9","1","1","C04","7","9","1","10","2","14","","8","8","1","12","4","120.651203","24.13626","2"
"6746","66000","387130000C","(04)23274275","(04)23288582","2026","1","16","18","50","臺中市","西屯區","0","0","0","7","","","30","","","","","","","","","","","","","","15","","","","","C03","","","1","","1","","","12","12","1","13","4","120.649165","24.16836","3"
"6747","66000","387130000C","(04)23274275","(04)23288582","2026","1","16","18","52","臺中市","大里區","0","0","0","7","","","50","","","","","","","","","","","","","","14","","","","","B03","","","1","","2","","","49","49","1","12","4","120.680482","24.105774","3"
"6748","66000","387130000C","(04)23274275","(04)23288582","2026","1","16","18","56","臺中市","龍井區","0","3","0","7","2","6","30","3","1","1","5","4","6","6","4","4","10","5","5","2","16","2","9","1","1","C03","7","6","1","10","2","14","","12","12","1","6","4","120.594091","24.190773","2"
"6749","66000","387130000C","(04)23274275","(04)23288582","2026","1","16","18","56","臺中市","清水區","0","0","0","6","","","50","","","","","","","","","","","","","","","","","","","C03","","","1","","1","","","7","7","1","12","4","120.575877","24.266587","3"
"6750","66000","387130000C","(04)23274275","(04)23288582","2026","1","16","18","58","臺中市","豐原區","0","1","0","7","2","6","50","3","2","1","5","4","6","6","4","4","1","4","5","1","17","3","10","5","1","B03","7","13","1","8","9","4","","76","76","1","13","4","120.728015","24.250176","2"
"6751","66000","387130000C","(04)23274275","(04)23288582","2026","1","16","19","3","臺中市","北屯區","0","1","0","7","1","6","50","4","2","1","5","4","6","6","2","1","10","5","5","2","17","3","10","3","1","B01","7","6","1","4","2","1","","84","84","1","6","4","120.701454","24.178298","2"
"6752","66000","387130000C","(04)23274275","(04)23288582","2026","1","16","19","3","臺中市","大肚區","0","1","0","7","1","6","50","3","2","1","5","4","6","6","4","4","5","4","5","1","16","3","10","3","1","B03","7","6","1","8","2","5","","39","39","1","6","4","120.546145","24.147952","2"
"6753","66000","387130000C","(04)23274275","(04)23288582","2026","1","16","19","7","臺中市","沙鹿區","0","1","0","7","1","6","50","4","1","1","5","4","6","6","2","1","10","5","5","2","16","3","10","3","1","B03","7","6","1","8","2","1","","11","11","1","9","4","120.568694","24.223213","2"
"6754","66000","387130000C","(04)23274275","(04)23288582","2026","1","16","19","10","臺中市","大雅區","0","0","0","7","","","60","","","","","","","","","","","","","","","","","","","B12","","","1","","2","","","40","40","1","13","4","120.650214","24.211901","3"
"6755","66000","387130000C","(04)23274275","(04)23288582","2026","1","16","19","11","臺中市","西屯區","0","0","0","7","","","50","","","","","","","","","","","","","","","","","","","B03","","","1","","2","","","11","11","1","12","4","120.649703","24.162372","3"
"6756","66000","387130000C","(04)23274275","(04)23288582","2026","1","16","19","11","臺中市","西屯區","0","0","0","6","","","50","","","","","","","","","","","","","","","","","","","B03","","","1","","2","","","49","49","1","13","4","120.622203","24.186102","3"
"6757","66000","387130000C","(04)23274275","(04)23288582","2026","1","16","19","13","臺中市","烏日區","0","1","0","7","1","6","50","4","1","1","5","4","6","6","4","4","10","5","5","2","3","3","10","3","1","B03","7","6","1","8","2","1","","10","10","1","6","4","120.612662","24.108679","2"
"6758","66000","387130000C","(04)23274275","(04)23288582","2026","1","16","19","15","臺中市","神岡區","0","1","0","7","1","6","50","3","1","1","5","4","6","6","4","4","5","5","5","1","17","2","9","1","4","C03","7","12","1","10","2","14","","43","43","1","12","4","120.690719","24.238064","2"
"6759","66000","387130000C","(04)23274275","(04)23288582","2026","1","16","19","18","臺中市","西屯區","0","0","0","7","","","50","","","","","","","","","","","","","","13","","","","","","","","","","","","","86","86","1","","","120.636751","24.171244","3"
"6760","66000","387130000C","(04)23274275","(04)23288582","2026","1","16","19","30","臺中市","北屯區","0","2","0","7","1","3","40","13","17","1","5","4","6","6","4","4","3","5","5","2","13","2","8","3","1","B03","7","9","1","8","2","5","","7","7","1","13","4","120.68129","24.200935","2"
"6761","66000","387130000C","(04)23274275","(04)23288582","2026","1","16","19","30","臺中市","西屯區","0","1","0","7","1","6","50","4","1","1","5","4","6","6","1","1","10","5","5","2","16","3","10","3","1","B01","7","5","1","3","2","2","","47","47","1","12","4","120.623101","24.176029","2"
"6762","66000","387130000C","(04)23274275","(04)23288582","2026","1","16","19","30","臺中市","霧峰區","0","1","0","6","3","6","50","13","7","1","5","4","6","6","4","4","5","5","4","1","16","3","10","3","1","B03","7","11","1","8","2","7","","45","45","1","12","4","120.698807","24.065308","2"
"6763","66000","387130000C","(04)23274275","(04)23288582","2026","1","16","19","35","臺中市","大里區","0","1","0","7","1","6","50","4","1","1","5","4","6","6","4","4","10","5","5","2","15","2","9","2","1","C03","7","9","1","10","2","11","","15","15","1","12","4","120.699477","24.083944","2"
"6764","66000","387130000C","(04)23274275","(04)23288582","2026","1","16","19","37","臺中市","南屯區","0","2","0","7","2","6","40","13","7","1","5","4","6","6","4","4","1","4","4","2","17","3","10","3","1","B03","7","1","1","8","2","6","","85","85","1","12","4","120.638952","24.151461","2"
"6765","66000","387130000C","(04)23274275","(04)23288582","2026","1","16","19","38","臺中市","北區","0","0","0","7","","","50","","","","","","","","","","","","","","","","","","","C03","","","1","","1","","","7","7","1","12","4","120.671498","24.172469","4"
"6766","66000","387130000C","(04)23274275","(04)23288582","2026","1","16","19","38","臺中市","北區","0","0","0","7","","","50","","","","","","","","","","","","","","","","","","","C03","","","1","","1","","","7","7","1","12","4","120.671519","24.172433","4"
"6767","66000","387130000C","(04)23274275","(04)23288582","2026","1","16","19","38","臺中市","北屯區","0","1","0","7","1","6","50","4","19","1","5","4","6","6","1","1","10","5","5","2","3","3","10","5","4","B03","7","5","1","8","2","1","","10","10","1","12","4","120.724631","24.172239","2"
"6768","66000","387130000C","(04)23274275","(04)23288582","2026","1","16","19","45","臺中市","豐原區","0","2","0","7","1","6","50","5","1","1","5","4","6","6","1","1","10","5","5","2","16","2","9","2","1","C03","7","6","1","10","2","11","","11","11","1","13","4","120.715332","24.248222","2"
"6769","66000","387130000C","(04)23274275","(04)23288582","2026","1","16","19","46","臺中市","西區","0","0","0","7","","","30","","","","","","","","","","","","","","","","","","","B03","","","1","","2","","","84","84","1","6","4","120.657898","24.157139","3"
"6770","66000","387130000C","(04)23274275","(04)23288582","2026","1","16","19","49","臺中市","北屯區","0","2","0","7","1","6","50","4","1","1","5","4","6","6","2","1","10","5","5","2","16","2","8","1","1","C01","7","5","1","9","2","13","","47","47","1","12","4","120.66197","24.189481","2"
"6771","66000","387130000C","(04)23274275","(04)23288582","2026","1","16","19","57","臺中市","東區","0","1","0","7","1","6","50","4","1","1","5","4","6","6","1","1","5","5","5","2","12","3","10","3","1","B03","7","5","1","8","2","2","","84","84","1","6","4","120.692421","24.139346","2"
"6772","66000","387130000C","(04)23274275","(04)23288582","2026","1","16","20","0","臺中市","沙鹿區","0","1","0","6","2","6","40","13","8","1","5","4","6","6","4","4","1","4","4","2","17","3","10","1","1","C03","7","9","1","10","2","16","","68","68","1","12","4","120.566278","24.230323","2"
"6773","66000","387130000C","(04)23274275","(04)23288582","2026","1","16","20","3","臺中市","西區","0","0","0","7","","","50","","","","","","","","","","","","","","14","","","","","B03","","","1","","2","","","49","49","1","13","4","120.679598","24.135545","3"
"6774","66000","387130000C","(04)23274275","(04)23288582","2026","1","16","20","9","臺中市","大安區","0","0","0","7","","","40","","","","","","","","","","","","","","","","","","","C03","","","1","","1","","","7","7","1","12","4","120.595547","24.342345","3"
"6775","66000","387130000C","(04)23274275","(04)23288582","2026","1","16","20","19","臺中市","北屯區","0","0","0","7","","","50","","","","","","","","","","","","","","12","","","","","B03","","","1","","2","","","8","8","1","6","4","120.693718","24.176402","3"
"6776","66000","387130000C","(04)23274275","(04)23288582","2026","1","16","20","20","臺中市","西屯區","0","3","0","7","1","6","50","3","1","1","5","4","6","6","1","1","10","5","5","1","17","2","9","2","1","C03","7","9","1","10","2","11","","59","59","1","12","4","120.643268","24.170493","2"
"6777","66000","387130000C","(04)23274275","(04)23288582","2026","1","16","20","20","臺中市","西屯區","0","0","0","6","","3","30","","","","","","","","","","","","","","","","","","","B03","","","1","","2","","","51","51","1","13","4","120.639523","24.185426","3"
"6778","66000","387130000C","(04)23274275","(04)23288582","2026","1","16","20","27","臺中市","南屯區","0","1","0","7","1","6","50","3","1","1","5","4","6","6","1","1","10","5","5","2","12","2","9","1","1","C03","7","8","1","10","2","14","","40","40","1","12","4","120.646572","24.144956","2"
"6779","66000","387130000C","(04)23274275","(04)23288582","2026","1","16","20","28","臺中市","霧峰區","0","0","0","7","","","50","","","","","","","","","","","","","","12","","","","","B03","","","1","","2","","","40","40","1","12","4","120.696627","24.070157","3"
"6780","66000","387130000C","(04)23274275","(04)23288582","2026","1","16","20","30","臺中市","北屯區","0","0","0","7","","","50","","","","","","","","","","","","","","17","","","","","B03","","","1","","2","","","84","84","1","6","4","120.680175","24.189007","3"
"6781","66000","387130000C","(04)23274275","(04)23288582","2026","1","16","20","35","臺中市","大里區","0","2","0","7","1","6","30","3","1","1","5","4","6","6","4","4","10","5","5","1","17","2","8","2","1","C03","7","6","1","10","2","13","","85","85","1","12","4","120.709972","24.082608","2"
"6782","66000","387130000C","(04)23274275","(04)23288582","2026","1","16","20","40","臺中市","清水區","0","0","0","6","","","30","","","","","","","","","","","","","","","","","","","B03","","","1","","2","","","49","49","1","12","4","120.549823","24.266049","3"
"6783","66000","387130000C","(04)23274275","(04)23288582","2026","1","16","20","45","臺中市","北屯區","0","0","0","7","","","50","","","","","","","","","","","","","","","","","","","","","","","","","","","84","84","1","","","120.697755","24.166531","4"
"6784","66000","387130000C","(04)23274275","(04)23288582","2026","1","16","20","45","臺中市","西屯區","0","0","0","7","","","40","","","","","","","","","","","","","","14","","","","","B03","","","1","","1","","","49","49","1","12","4","120.645634","24.171155","3"
"6785","66000","387130000C","(04)23274275","(04)23288582","2026","1","16","20","49","臺中市","大甲區","0","3","0","7","1","6","50","13","9","1","5","4","6","6","4","4","8","3","5","1","11","2","9","3","1","B12","7","4","1","8","2","5","","1","1","1","12","4","120.628811","24.377446","2"
"6786","66000","387130000C","(04)23274275","(04)23288582","2026","1","16","20","53","臺中市","北屯區","0","0","0","7","","","50","","","","","","","","","","","","","","14","","","","","B03","","","1","","1","","","49","49","1","13","4","120.703754","24.186376","3"
"6787","66000","387130000C","(04)23274275","(04)23288582","2026","1","16","20","55","臺中市","東區","0","0","0","7","","","50","","","","","","","","","","","","","","","","","","","B03","","","1","","1","","","8","8","1","13","4","120.694463","24.142755","3"
"6788","66000","387130000C","(04)23274275","(04)23288582","2026","1","16","21","4","臺中市","北屯區","0","1","0","7","2","6","50","13","9","1","5","4","6","6","4","4","10","4","4","2","13","3","10","5","4","B03","7","9","1","8","2","1","","84","84","1","12","4","120.733478","24.167982","2"
"6789","66000","387130000C","(04)23274275","(04)23288582","2026","1","16","21","10","臺中市","梧棲區","0","0","0","7","","","50","","","","","","","","","","","","","","16","","","","","C03","","","1","","2","","","48","48","1","6","4","120.539263","24.261732","3"
"6790","66000","387130000C","(04)23274275","(04)23288582","2026","1","16","21","28","臺中市","西屯區","0","0","0","7","","","30","","","","","","","","","","","","","","17","","","","","C03","","","1","","1","","","51","51","1","12","4","120.649095","24.182889","3"
"6791","66000","387130000C","(04)23274275","(04)23288582","2026","1","16","21","31","臺中市","沙鹿區","0","0","0","7","","","50","","","","","","","","","","","","","","13","","","","","C01","","","1","","2","","","59","59","1","6","4","120.567377","24.227006","3"
"6792","66000","387130000C","(04)23274275","(04)23288582","2026","1","16","21","37","臺中市","西屯區","0","0","0","7","","","30","","","","","","","","","","","","","","14","","","","","B03","","","1","","2","","","49","49","1","13","4","120.660886","24.197465","4"
"6793","66000","387130000C","(04)23274275","(04)23288582","2026","1","16","21","39","臺中市","神岡區","0","1","0","7","2","6","40","5","1","1","5","4","6","6","4","4","1","4","4","1","17","3","10","5","4","C03","7","15","1","10","2","11","14","59","59","1","13","4","120.698166","24.234932","2"
"6794","66000","387130000C","(04)23274275","(04)23288582","2026","1","16","21","52","臺中市","北屯區","0","1","0","7","1","6","50","3","1","1","5","4","6","6","4","4","10","5","5","2","17","2","9","1","1","C03","7","9","1","10","2","12","","5","5","1","12","4","120.717162","24.176199","2"
"6795","66000","387130000C","(04)23274275","(04)23288582","2026","1","16","21","52","臺中市","西屯區","0","1","0","6","1","6","30","13","9","1","5","4","6","6","4","4","10","4","5","1","13","2","4","1","1","C03","7","9","1","10","2","11","","7","7","1","13","4","120.64773","24.174844","2"
"6796","66000","387130000C","(04)23274275","(04)23288582","2026","1","16","22","9","臺中市","南屯區","0","0","0","7","","","50","","","","","","","","","","","","","","","","","","","B03","","","1","","2","","","84","84","1","12","4","120.624804","24.135867","3"
"6797","66000","387130000C","(04)23274275","(04)23288582","2026","1","16","22","31","臺中市","大雅區","0","1","0","7","1","6","30","4","1","1","5","4","6","6","3","1","10","5","5","2","15","2","9","1","1","C03","7","9","1","10","2","11","","20","20","1","12","4","120.638012","24.224103","2"
"6798","66000","387130000C","(04)23274275","(04)23288582","2026","1","16","22","50","臺中市","大甲區","0","0","0","7","","","50","","","","","","","","","","","","","","35","","","","","B03","","","1","","2","","","59","59","2","12","4","120.627371","24.349572","3"
"6799","66000","387130000C","(04)23274275","(04)23288582","2026","1","16","22","52","臺中市","龍井區","0","1","0","7","1","6","30","4","1","1","5","4","6","6","3","1","10","5","5","2","15","3","10","3","1","B12","7","9","1","1","2","6","","20","20","2","6","4","120.505176","24.20133","2"
"6800","66000","387130000C","(04)23274275","(04)23288582","2026","1","16","22","56","臺中市","大肚區","0","1","0","7","1","6","50","4","1","1","5","4","6","6","1","1","10","5","5","2","12","3","10","3","1","B03","7","7","1","8","2","6","","20","20","1","6","4","120.56524","24.123087","2"
"6801","66000","387130000C","(04)23274275","(04)23288582","2026","1","16","23","2","臺中市","西區","0","0","0","6","","","50","","","","","","","","","","","","","","13","","","","","B03","","","1","","1","","","59","59","1","12","4","120.657589","24.157808","3"
"6802","66000","387130000C","(04)23274275","(04)23288582","2026","1","16","23","28","臺中市","中區","0","1","0","7","1","6","50","4","1","1","5","4","6","6","1","1","10","5","5","2","12","2","9","1","1","C03","7","8","1","10","2","14","","42","42","1","13","4","120.682212","24.135899","2"
"6803","66000","387130000C","(04)23274275","(04)23288582","2026","1","16","23","30","臺中市","西屯區","0","0","0","7","","","50","","","","","","","","","","","","","","13","","","","","B12","","","1","","2","","","59","59","1","12","4","120.655938","24.198879","3"
"6804","66000","387130000C","(04)23274275","(04)23288582","2026","1","16","23","30","臺中市","沙鹿區","0","0","0","6","","","30","","","","","","","","","","","","","","27","","","","","B03","","","1","","2","","","59","59","1","12","4","120.602674","24.229424","3"
"6805","66000","387130000C","(04)23274275","(04)23288582","2026","1","16","23","52","臺中市","太平區","0","0","0","7","","","50","","","","","","","","","","","","","","17","","","","","A11","","","1","","9","","","84","84","1","12","4","120.714326","24.11753","3"
"6806","66000","387130000C","(04)23274275","(04)23288582","2026","1","16","23","58","臺中市","東區","0","1","0","7","1","6","50","4","1","1","5","4","6","6","4","4","9","4","4","2","17","2","8","2","1","C03","7","9","1","10","2","11","","12","12","1","12","4","120.708371","24.141038","2"
"6807","66000","387130000C","(04)23274275","(04)23288582","2026","1","17","0","0","臺中市","南區","0","0","0","7","","","50","","","","","","","","","","","","","","17","","","","","B03","","","1","","11","","","85","85","1","12","4","120.658842","24.125417","3"
"6808","66000","387130000C","(04)23274275","(04)23288582","2026","1","17","0","10","臺中市","北區","0","2","0","7","1","6","30","4","1","1","5","4","6","6","4","4","10","5","5","2","17","2","9","1","1","C04","7","9","1","10","2","11","","84","84","1","13","4","120.68373","24.146526","2"
"6809","66000","387130000C","(04)23274275","(04)23288582","2026","1","17","0","36","臺中市","霧峰區","0","0","0","7","","","30","","","","","","","","","","","","","","17","","","","","B03","","","1","","2","","","7","7","1","13","4","120.704931","24.060311","3"
"6810","66000","387130000C","(04)23274275","(04)23288582","2026","1","17","1","10","臺中市","東區","0","1","0","7","1","6","50","3","1","1","5","4","6","6","4","4","9","4","4","2","17","3","10","3","1","B03","7","1","1","8","2","4","","51","51","1","12","4","120.704164","24.138271","2"
"6811","66000","387130000C","(04)23274275","(04)23288582","2026","1","17","1","14","臺中市","中區","0","1","0","6","1","6","50","3","2","1","5","4","6","6","1","1","1","4","5","2","18","2","9","1","1","C03","7","6","1","10","2","16","","37","37","1","12","4","120.684852","24.137562","2"
"6812","66000","387130000C","(04)23274275","(04)23288582","2026","1","17","1","17","臺中市","西屯區","0","0","0","7","","","40","","","","","","","","","","","","","","14","","","","","B03","","","1","","2","","","49","49","1","13","4","120.643562","24.17048","3"
"6813","66000","387130000C","(04)23274275","(04)23288582","2026","1","17","1","22","臺中市","北區","0","1","0","7","1","6","50","5","2","1","5","4","6","6","2","1","10","5","5","2","18","2","9","4","1","F01","7","9","7","21","5","12","","84","84","1","13","4","120.686215","24.154797","2"
"6814","66000","387130000C","(04)23274275","(04)23288582","2026","1","17","1","33","臺中市","西區","0","1","0","7","1","6","50","5","1","1","5","4","6","6","1","1","10","5","5","2","14","3","10","5","4","B01","7","2","1","4","2","3","","49","49","1","13","4","120.667577","24.130742","2"
"6815","66000","387130000C","(04)23274275","(04)23288582","2026","1","17","1","35","臺中市","西屯區","0","5","0","7","1","6","60","4","1","1","5","4","6","6","1","1","3","4","3","2","16","3","10","3","1","B03","7","6","1","8","2","2","","25","25","1","12","4","120.655837","24.158937","2"
"6816","66000","387130000C","(04)23274275","(04)23288582","2026","1","17","1","38","臺中市","太平區","0","0","0","5","","","50","","","","","","","","","","","","","","17","","","","","B12","","","1","","2","","","45","45","1","12","4","120.726085","24.135406","3"
"6817","66000","387130000C","(04)23274275","(04)23288582","2026","1","17","1","46","臺中市","豐原區","0","1","0","7","2","6","50","13","9","1","5","4","6","6","4","4","5","5","5","2","17","2","9","5","4","C03","7","9","5","19","6","11","","59","59","2","13","4","120.715598","24.261263","2"
"6818","66000","387130000C","(04)23274275","(04)23288582","2026","1","17","2","10","臺中市","神岡區","0","1","0","7","2","6","30","3","2","1","5","4","6","6","4","4","10","5","5","1","18","2","9","5","4","C03","7","15","5","19","6","15","","84","84","1","13","4","120.708022","24.271689","2"
"6819","66000","387130000C","(04)23274275","(04)23288582","2026","1","17","3","0","臺中市","中區","0","0","0","6","","","50","","","","","","","","","","","","","","12","","","","","B03","","","1","","1","","","35","35","1","12","4","120.681472","24.146174","3"
"6820","66000","387130000C","(04)23274275","(04)23288582","2026","1","17","3","50","臺中市","南屯區","0","1","0","7","2","6","50","4","1","1","5","4","6","6","1","1","9","4","5","2","3","3","10","3","1","B03","7","6","1","8","2","1","","10","10","1","12","4","120.613119","24.139801","2"
"6821","66000","387130000C","(04)23274275","(04)23288582","2026","1","17","3","50","臺中市","大肚區","0","0","0","7","","","70","","","","","","","","","","","","","","13","","","","","B03","","","1","","2","","","7","7","1","6","4","120.54894","24.147256","3"
"6822","66000","387130000C","(04)23274275","(04)23288582","2026","1","17","6","1","臺中市","豐原區","0","1","0","6","1","6","40","13","7","1","5","4","6","6","1","1","5","5","4","2","3","2","9","6","5","H01","8","16","7","21","2","17","","95","95","1","13","5","120.697913","24.245115","2"
"6823","66000","387130000C","(04)23274275","(04)23288582","2026","1","17","6","36","臺中市","南屯區","0","2","0","7","2","6","50","13","8","1","5","4","6","6","4","4","9","4","1","2","13","2","9","1","1","C03","7","7","1","10","2","13","","85","85","1","12","4","120.623241","24.137107","2"
"6824","66000","387130000C","(04)23274275","(04)23288582","2026","1","17","7","0","臺中市","梧棲區","0","2","0","7","3","6","40","4","1","1","5","4","6","6","4","4","10","5","5","2","16","2","9","1","1","C03","7","6","1","10","2","14","","14","14","1","6","4","120.558077","24.24217","2"
"6825","66000","387130000C","(04)23274275","(04)23288582","2026","1","17","7","7","臺中市","南區","0","1","0","7","3","6","50","13","9","1","5","4","6","6","4","4","5","5","5","2","17","2","9","5","4","C03","7","9","5","10","6","11","","84","84","1","12","4","120.675058","24.129505","2"
"6826","66000","387130000C","(04)23274275","(04)23288582","2026","1","17","7","10","臺中市","大肚區","0","0","0","7","","","50","","","","","","","","","","","","","","12","","","","","B03","","","1","","2","","","51","51","1","6","4","120.579163","24.16875","3"
"6827","66000","387130000C","(04)23274275","(04)23288582","2026","1","17","7","11","臺中市","北區","0","1","0","7","3","6","50","3","1","1","5","4","6","6","4","4","1","4","4","2","13","3","10","3","1","B03","7","4","1","8","2","1","","8","8","1","12","4","120.667506","24.162966","2"
"6828","66000","387130000C","(04)23274275","(04)23288582","2026","1","17","7","42","臺中市","南屯區","0","0","0","7","3","6","50","13","9","1","5","4","6","6","1","1","5","2","5","2","13","","","","","C03","","","1","","9","","","7","7","1","12","4","120.638585","24.147238","3"
"6829","66000","387130000C","(04)23274275","(04)23288582","2026","1","17","7","45","臺中市","北屯區","0","1","0","7","2","6","50","13","9","1","5","4","6","6","1","1","5","5","5","2","13","2","9","1","1","C03","7","9","1","10","2","11","","7","7","1","12","4","120.690919","24.173923","2"
"6830","66000","387130000C","(04)23274275","(04)23288582","2026","1","17","7","57","臺中市","梧棲區","0","1","0","7","3","6","60","4","9","1","5","4","6","6","1","1","1","2","5","1","14","3","10","3","1","B03","7","2","1","8","2","3","","49","49","1","6","4","120.534751","24.246093","2"
"6831","66000","387130000C","(04)23274275","(04)23288582","2026","1","17","7","58","臺中市","西區","0","0","0","7","","","50","","","","","","","","","","","","","","","","","","","B03","","","1","","1","","","40","40","1","13","4","120.663128","24.14306","3"
"6832","66000","387130000C","(04)23274275","(04)23288582","2026","1","17","7","58","臺中市","南屯區","0","0","0","7","","","50","","","","","","","","","","","","","","17","","","","","B03","","","1","","2","","","50","50","1","6","4","120.626575","24.142144","3"
"6833","66000","387130000C","(04)23274275","(04)23288582","2026","1","17","8","0","臺中市","太平區","0","2","0","7","2","6","50","3","1","1","5","4","6","6","3","1","10","5","5","2","15","2","9","1","1","C03","7","9","1","10","2","11","14","24","24","1","12","4","120.735799","24.133864","2"
"6834","66000","387130000C","(04)23274275","(04)23288582","2026","1","17","8","5","臺中市","大里區","0","1","0","7","2","6","50","13","7","1","5","4","6","6","1","1","5","5","4","1","17","2","9","1","1","C03","7","4","1","10","2","13","","40","40","1","12","4","120.676958","24.100294","2"
"6835","66000","387130000C","(04)23274275","(04)23288582","2026","1","17","8","9","臺中市","大里區","0","0","0","7","","","30","","","","","","","","","","","","","","","","","","","B03","","","1","","2","","","14","14","1","12","4","120.668085","24.107885","3"
"6836","66000","387130000C","(04)23274275","(04)23288582","2026","1","17","8","21","臺中市","北區","0","1","0","7","2","6","50","4","1","1","5","4","6","6","1","1","10","5","5","2","17","3","10","5","4","B03","7","5","1","8","2","6","","84","84","1","12","4","120.677303","24.151254","2"
"6837","66000","387130000C","(04)23274275","(04)23288582","2026","1","17","8","21","臺中市","霧峰區","0","2","0","7","2","6","60","3","2","1","5","4","6","6","1","1","1","5","5","2","17","2","8","5","4","C03","7","1","1","10","2","11","","84","84","1","6","4","120.691787","24.042883","2"
"6838","66000","387130000C","(04)23274275","(04)23288582","2026","1","17","8","25","臺中市","清水區","0","0","0","7","","","60","","","","","","","","","","","","","","17","","","","","B12","","","1","","2","","","50","50","1","12","4","120.548515","24.280106","3"
"6839","66000","387130000C","(04)23274275","(04)23288582","2026","1","17","8","40","臺中市","北區","0","0","0","7","","","","","","","","","","","","","","","","","17","","","","","","","","","","","","","86","86","1","","","120.691781","24.151977","3"
"6840","66000","387130000C","(04)23274275","(04)23288582","2026","1","17","8","40","臺中市","西屯區","0","1","0","7","2","6","40","13","8","1","5","4","6","6","4","4","1","4","1","2","12","3","10","5","4","A05","7","9","1","1","2","5","","8","8","1","12","4","120.651558","24.161796","2"
"6841","66000","387130000C","(04)23274275","(04)23288582","2026","1","17","8","44","臺中市","北屯區","0","0","0","7","","","40","","","","","","","","","","","","","","17","","","","","B03","","","1","","2","","","58","58","1","6","4","120.723421","24.171753","3"
"6842","66000","387130000C","(04)23274275","(04)23288582","2026","1","17","8","45","臺中市","梧棲區","0","1","0","7","3","6","60","3","1","1","5","4","6","6","1","1","10","5","5","2","16","3","10","3","1","B03","7","5","1","8","2","6","","26","26","1","6","4","120.537667","24.25297","2"
"6843","66000","387130000C","(04)23274275","(04)23288582","2026","1","17","8","46","臺中市","東區","0","0","0","7","","","50","","","","","","","","","","","","","","","","","","","B03","","","1","","1","","","8","8","1","6","4","120.69989","24.141626","4"
"6844","66000","387130000C","(04)23274275","(04)23288582","2026","1","17","8","50","臺中市","大肚區","0","0","0","7","","","50","","","","","","","","","","","","","","","","","","","B03","","","1","","2","","","84","84","1","6","4","120.553821","24.133119","3"
"6845","66000","387130000C","(04)23274275","(04)23288582","2026","1","17","8","51","臺中市","神岡區","0","0","0","7","1","6","50","4","2","1","5","4","6","6","1","1","1","5","4","1","12","","","","","B03","","","1","","2","","","2","2","1","12","4","120.689314","24.257814","3"
"6846","66000","387130000C","(04)23274275","(04)23288582","2026","1","17","8","54","臺中市","西屯區","0","1","0","7","2","6","30","4","1","1","5","4","6","6","4","4","10","5","5","2","15","2","9","2","1","C03","7","9","1","10","2","11","","12","12","1","12","4","120.64652","24.167591","2"
"6847","66000","387130000C","(04)23274275","(04)23288582","2026","1","17","8","55","臺中市","西屯區","0","2","0","7","2","6","50","13","9","1","5","4","6","6","4","4","5","4","5","2","13","2","8","1","1","C03","7","9","1","10","2","11","","7","7","1","13","4","120.629539","24.183759","2"
"6848","66000","387130000C","(04)23274275","(04)23288582","2026","1","17","8","57","臺中市","西屯區","0","0","0","7","","","50","","","","","","","","","","","","","","13","","","","","B03","","","1","","1","","","59","59","1","12","4","120.636063","24.158444","3"
"6849","66000","387130000C","(04)23274275","(04)23288582","2026","1","17","9","0","臺中市","清水區","0","1","0","7","3","6","50","3","2","1","5","4","6","6","4","4","5","5","5","2","17","2","9","2","1","C03","7","11","1","10","2","12","","32","32","1","12","4","120.572018","24.263269","2"
"6850","66000","387130000C","(04)23274275","(04)23288582","2026","1","17","9","5","臺中市","北屯區","0","0","0","7","","","50","","","","","","","","","","","","","","14","","","","","B03","","","1","","2","","","84","84","1","6","4","120.700136","24.164975","3"
"6851","66000","387130000C","(04)23274275","(04)23288582","2026","1","17","9","5","臺中市","烏日區","0","1","0","7","2","6","50","13","9","1","5","4","6","6","4","4","9","5","5","1","2","3","10","3","1","B03","7","9","1","8","2","1","","59","59","1","6","4","120.622146","24.107201","2"