序號,縣市別代碼,機關代碼,市話,傳真,年,月,日,時,分,縣市,區,死亡數量,受傷數量,2-30,天候,道路照明設備,道路類別,道路速限,道路型態,事故位置,路面鋪裝,路面狀態,路面缺陷,障礙物,視距,號誌種類,號誌動作,分向設施,快車道或一般車道間,快慢車道間,路面邊線,事故類型及型態,受傷程度,主要傷處,保護裝備,行動電話或功能裝置,當事者區分(類別),車輛用途,當事者行動狀態,駕照狀態,駕照種類,飲酒情形,車輛撞擊部位最初,車輛撞擊部位其他,肇事因素個別,肇事因素主要,肇事逃逸,職業,共享經濟或外送平台,GPS座標X,GPS座標Y,事故類別
"6852","66000","387130000C","(04)23274275","(04)23288582","2026","1","17","9","11","臺中市","新社區","0","1","0","7","2","6","40","11","9","1","5","4","6","6","4","4","5","5","5","1","18","2","8","5","4","C01","7","9","1","9","2","14","","6","6","1","13","4","120.878608","24.126377","2"
"6853","66000","387130000C","(04)23274275","(04)23288582","2026","1","17","9","16","臺中市","沙鹿區","0","0","0","7","","","60","","","","","","","","","","","","","","12","","","","","B03","","","1","","2","","","7","7","1","12","4","120.582939","24.249981","3"
"6854","66000","387130000C","(04)23274275","(04)23288582","2026","1","17","9","18","臺中市","中區","0","1","0","7","2","6","50","4","1","1","5","4","6","6","1","1","10","5","5","2","17","3","10","1","1","C03","7","9","1","10","2","14","","84","84","1","13","4","120.67991","24.138241","2"
"6855","66000","387130000C","(04)23274275","(04)23288582","2026","1","17","9","20","臺中市","新社區","0","1","0","7","2","6","50","3","1","1","5","4","6","6","4","4","10","5","5","2","16","3","10","3","1","B02","7","6","1","8","2","1","","14","14","1","12","4","120.822046","24.176734","2"
"6856","66000","387130000C","(04)23274275","(04)23288582","2026","1","17","9","23","臺中市","大里區","0","0","0","7","","","50","","","","","","","","","","","","","","","","","","","B03","","","1","","2","","","84","84","1","6","4","120.701029","24.096026","3"
"6857","66000","387130000C","(04)23274275","(04)23288582","2026","1","17","9","23","臺中市","豐原區","0","0","0","7","","","30","","","","","","","","","","","","","","11","","","","","B03","","","1","","2","","","41","41","1","12","4","120.740707","24.252074","3"
"6858","66000","387130000C","(04)23274275","(04)23288582","2026","1","17","9","24","臺中市","北屯區","0","0","0","7","","","50","","","","","","","","","","","","","","","","","","","B03","","","5","","1","","","84","84","1","13","4","120.670212","24.179313","3"
"6859","66000","387130000C","(04)23274275","(04)23288582","2026","1","17","9","26","臺中市","大雅區","0","2","0","7","3","6","50","3","1","1","4","4","6","6","4","4","10","5","5","2","17","2","8","5","4","C03","7","15","1","10","2","11","","34","34","1","12","4","120.654901","24.229722","2"
"6860","66000","387130000C","(04)23274275","(04)23288582","2026","1","17","9","30","臺中市","北屯區","0","1","0","7","2","6","50","13","9","1","5","4","6","6","4","4","1","4","5","2","12","2","9","2","1","C03","7","4","1","10","2","14","","84","84","1","6","4","120.721773","24.178628","2"
"6861","66000","387130000C","(04)23274275","(04)23288582","2026","1","17","9","35","臺中市","太平區","0","1","0","7","2","6","50","3","1","1","5","4","6","6","1","1","5","4","5","1","17","2","9","2","1","C03","7","9","1","10","2","14","","84","84","1","12","4","120.715883","24.127381","2"
"6862","66000","387130000C","(04)23274275","(04)23288582","2026","1","17","9","35","臺中市","清水區","0","0","0","7","","","30","","","","","","","","","","","","","","17","","","","","A12","","","1","","2","","","85","85","1","12","4","120.575632","24.278223","3"
"6863","66000","387130000C","(04)23274275","(04)23288582","2026","1","17","9","35","臺中市","梧棲區","0","0","0","7","","","50","","","","","","","","","","","","","","14","","","","","B03","","","1","","2","","","49","49","1","6","4","120.539109","24.247914","4"
"6864","66000","387130000C","(04)23274275","(04)23288582","2026","1","17","9","36","臺中市","西屯區","0","0","0","7","","","40","","","","","","","","","","","","","","12","","","","","C03","","","1","","9","","","50","50","1","12","4","120.65676","24.169023","3"
"6865","66000","387130000C","(04)23274275","(04)23288582","2026","1","17","9","38","臺中市","太平區","0","2","0","7","2","6","50","4","2","1","5","4","6","6","1","1","5","5","5","1","16","3","10","2","1","C03","7","5","1","10","2","11","14","20","20","1","12","4","120.715131","24.157133","2"
"6866","66000","387130000C","(04)23274275","(04)23288582","2026","1","17","9","40","臺中市","大里區","0","1","0","7","3","6","50","3","1","1","5","4","6","6","4","4","5","5","5","1","16","2","7","1","1","C03","7","6","1","10","2","14","","14","14","1","12","4","120.684888","24.113267","2"
"6867","66000","387130000C","(04)23274275","(04)23288582","2026","1","17","9","40","臺中市","太平區","0","2","0","7","2","6","50","4","19","1","5","4","6","6","2","1","5","5","5","2","3","2","4","6","5","H01","8","18","7","21","10","17","","96","96","1","12","5","120.715273","24.157168","2"
"6868","66000","387130000C","(04)23274275","(04)23288582","2026","1","17","9","40","臺中市","豐原區","0","1","0","7","1","6","30","3","1","1","5","4","6","6","4","4","10","5","5","2","17","2","9","1","1","F01","7","9","7","21","2","11","","84","84","1","6","4","120.699808","24.228921","2"
"6869","66000","387130000C","(04)23274275","(04)23288582","2026","1","17","9","46","臺中市","大里區","0","1","0","7","2","6","50","4","1","1","5","4","6","6","4","4","10","5","5","2","17","2","9","1","1","C03","7","9","3","19","2","11","","7","7","1","12","4","120.682606","24.105254","2"
"6870","66000","387130000C","(04)23274275","(04)23288582","2026","1","17","9","48","臺中市","沙鹿區","0","4","0","7","2","6","60","13","7","1","5","4","6","6","4","4","2","4","2","1","13","2","9","3","1","B03","7","9","1","8","2","1","","59","59","1","12","4","120.57197","24.243555","2"
"6871","66000","387130000C","(04)23274275","(04)23288582","2026","1","17","9","53","臺中市","西屯區","0","1","0","7","2","6","40","13","8","1","5","4","6","6","4","4","1","4","1","2","13","2","7","5","4","C03","7","7","1","10","2","11","","40","40","1","12","4","120.64569","24.164558","2"
"6872","66000","387130000C","(04)23274275","(04)23288582","2026","1","17","9","56","臺中市","西屯區","0","0","0","7","","","50","","","","","","","","","","","","","","17","","","","","C03","","","1","","2","","","8","8","1","12","4","120.643535","24.17029","3"
"6873","66000","387130000C","(04)23274275","(04)23288582","2026","1","17","10","0","臺中市","西區","0","0","0","7","","","","","","","","","","","","","","","","","","","","","","","","","","","","","","87","87","1","13","","120.658676","24.148548","3"
"6874","66000","387130000C","(04)23274275","(04)23288582","2026","1","17","10","0","臺中市","霧峰區","0","2","0","7","2","6","50","13","7","1","5","4","6","6","4","4","5","4","4","2","17","3","10","3","1","A12","7","6","1","3","2","16","","39","39","1","6","4","120.699716","24.072833","2"
"6875","66000","387130000C","(04)23274275","(04)23288582","2026","1","17","10","1","臺中市","大甲區","0","1","0","7","2","6","50","13","9","1","5","4","6","6","4","4","9","5","5","1","12","3","10","3","1","B03","7","9","1","8","2","5","","8","8","1","6","4","120.612022","24.348358","2"
"6876","66000","387130000C","(04)23274275","(04)23288582","2026","1","17","10","3","臺中市","霧峰區","0","0","0","7","","3","80","","","","","","","","","","","","","","","","","","","B03","","","1","","1","","","7","7","1","6","4","120.688938","24.060643","3"
"6877","66000","387130000C","(04)23274275","(04)23288582","2026","1","17","10","13","臺中市","外埔區","0","0","0","7","3","6","30","3","9","1","5","4","6","6","4","4","10","5","5","2","14","3","10","3","1","B03","7","2","1","8","2","4","","49","49","1","6","4","120.626877","24.335124","3"
"6878","66000","387130000C","(04)23274275","(04)23288582","2026","1","17","10","15","臺中市","北屯區","0","1","0","7","2","6","50","4","1","1","5","4","6","6","4","4","10","5","5","2","30","2","9","2","1","C03","7","9","1","10","2","14","","85","85","1","12","4","120.68575","24.195223","2"
"6879","66000","387130000C","(04)23274275","(04)23288582","2026","1","17","10","15","臺中市","大里區","0","1","0","7","2","6","30","4","1","1","5","4","6","6","4","4","10","5","5","2","15","3","10","3","1","B03","7","9","1","8","2","4","","12","12","1","6","4","120.703551","24.092089","2"
"6880","66000","387130000C","(04)23274275","(04)23288582","2026","1","17","10","22","臺中市","石岡區","0","0","0","7","","","70","","","","","","","","","","","","","","13","","","","","B03","","","1","","1","","","57","57","1","13","4","120.806664","24.266553","3"
"6881","66000","387130000C","(04)23274275","(04)23288582","2026","1","17","10","22","臺中市","神岡區","0","0","0","7","","","30","","","","","","","","","","","","","","17","","","","","B03","","","1","","2","","","8","8","1","6","4","120.681776","24.24402","3"
"6882","66000","387130000C","(04)23274275","(04)23288582","2026","1","17","10","23","臺中市","西區","0","0","0","7","","","","","","","","","","","","","","","","","","","","","","","","","","","","","","119","119","1","","","120.681606","24.136752","3"
"6883","66000","387130000C","(04)23274275","(04)23288582","2026","1","17","10","25","臺中市","梧棲區","0","0","0","7","","","70","","","","","","","","","","","","","","13","","","","","B03","","","1","","1","","","7","7","1","6","4","120.548111","24.24579","3"
"6884","66000","387130000C","(04)23274275","(04)23288582","2026","1","17","10","26","臺中市","西區","0","3","0","7","2","6","50","4","1","1","5","4","6","6","1","1","10","5","5","2","17","2","9","1","1","C03","7","9","1","10","2","11","","7","7","1","13","4","120.665236","24.146697","2"
"6885","66000","387130000C","(04)23274275","(04)23288582","2026","1","17","10","27","臺中市","北屯區","0","0","0","7","","","50","","","","","","","","","","","","","","15","","","","","B03","","","1","","1","","","12","12","1","12","4","120.715909","24.172925","3"
"6886","66000","387130000C","(04)23274275","(04)23288582","2026","1","17","10","31","臺中市","西區","0","0","0","7","","","50","","","","","","","","","","","","","","","","","","","B03","","","1","","1","","","8","8","1","13","4","120.660659","24.146838","3"
"6887","66000","387130000C","(04)23274275","(04)23288582","2026","1","17","10","35","臺中市","潭子區","0","0","0","7","","","50","","","","","","","","","","","","","","","","","","","B02","","","1","","2","","","84","84","1","13","4","120.708488","24.200355","3"
"6888","66000","387130000C","(04)23274275","(04)23288582","2026","1","17","10","35","臺中市","大里區","0","1","0","7","2","6","40","4","1","1","5","4","6","6","1","1","10","5","5","1","12","3","10","1","1","C03","7","9","1","10","2","11","","7","7","1","12","4","120.696827","24.111034","2"
"6889","66000","387130000C","(04)23274275","(04)23288582","2026","1","17","10","36","臺中市","大甲區","0","0","0","7","","","70","","","","","","","","","","","","","","12","","","","","F01","","","7","","1","","","8","8","1","3","4","120.643629","24.409442","3"
"6890","66000","387130000C","(04)23274275","(04)23288582","2026","1","17","10","38","臺中市","南區","0","1","0","7","2","6","50","3","1","1","5","4","6","6","1","1","10","5","5","2","17","2","9","5","4","C03","7","6","1","10","2","11","","11","11","1","12","4","120.670775","24.114856","2"
"6891","66000","387130000C","(04)23274275","(04)23288582","2026","1","17","10","41","臺中市","北屯區","0","0","0","7","","","50","","","","","","","","","","","","","","17","","","","","B03","","","1","","2","","","51","51","1","6","4","120.692413","24.182645","3"
"6892","66000","387130000C","(04)23274275","(04)23288582","2026","1","17","10","42","臺中市","南屯區","0","1","0","7","3","6","50","13","8","1","5","4","6","6","1","1","1","2","1","2","13","3","10","3","1","B01","7","9","1","4","1","1","","7","7","1","12","4","120.623619","24.149121","2"
"6893","66000","387130000C","(04)23274275","(04)23288582","2026","1","17","10","42","臺中市","大里區","0","0","0","7","","","30","","","","","","","","","","","","","","16","","","","","C03","","","1","","2","","","14","14","1","6","4","120.700028","24.097441","3"
"6894","66000","387130000C","(04)23274275","(04)23288582","2026","1","17","10","54","臺中市","北區","0","2","0","7","3","6","50","13","9","1","5","4","6","6","4","4","10","5","5","2","17","2","9","1","1","C03","7","2","1","10","2","13","","84","84","1","12","4","120.671918","24.173429","2"
"6895","66000","387130000C","(04)23274275","(04)23288582","2026","1","17","10","56","臺中市","北屯區","0","1","0","7","1","6","50","13","9","1","5","4","6","6","4","4","5","4","5","2","17","3","10","3","1","B03","7","1","1","8","2","4","","51","51","1","13","4","120.719061","24.176296","2"
"6896","66000","387130000C","(04)23274275","(04)23288582","2026","1","17","10","56","臺中市","烏日區","0","0","0","7","","","50","","","","","","","","","","","","","","17","","","","","B03","","","1","","9","","","8","8","2","6","4","120.593964","24.112125","3"
"6897","66000","387130000C","(04)23274275","(04)23288582","2026","1","17","10","58","臺中市","東區","0","1","0","7","2","6","50","3","2","1","5","4","6","6","4","4","5","5","5","2","17","3","10","1","1","C03","7","9","3","19","2","16","","68","68","1","12","4","120.701335","24.141746","2"
"6898","66000","387130000C","(04)23274275","(04)23288582","2026","1","17","11","0","臺中市","豐原區","0","2","0","7","3","6","50","13","8","1","5","4","6","6","4","4","1","4","4","2","12","2","9","1","4","C03","7","9","1","10","2","12","","8","8","1","12","4","120.716025","24.24449","2"
"6899","66000","387130000C","(04)23274275","(04)23288582","2026","1","17","11","2","臺中市","潭子區","0","3","0","7","3","6","30","11","9","1","5","4","6","6","4","4","10","5","5","1","12","2","9","2","1","C03","7","9","1","10","2","14","11","41","41","1","13","4","120.715969","24.226777","2"
"6900","66000","387130000C","(04)23274275","(04)23288582","2026","1","17","11","5","臺中市","北區","0","1","0","7","2","6","30","13","9","1","5","4","6","6","4","4","1","2","5","2","17","3","10","5","4","B03","7","8","1","8","2","4","","39","39","1","12","4","120.667695","24.157122","2"
"6901","66000","387130000C","(04)23274275","(04)23288582","2026","1","17","11","5","臺中市","大甲區","0","1","0","7","3","6","50","13","9","1","5","4","6","6","4","4","5","5","5","1","17","2","9","5","4","C03","7","6","1","10","2","14","","84","84","1","12","4","120.624009","24.342832","2"
"6902","66000","387130000C","(04)23274275","(04)23288582","2026","1","17","11","7","臺中市","東區","0","1","0","7","1","6","50","4","1","1","5","4","6","6","1","1","10","5","4","2","17","2","9","5","4","C03","7","9","1","10","2","14","","8","8","1","12","4","120.706603","24.140502","2"
"6903","66000","387130000C","(04)23274275","(04)23288582","2026","1","17","11","7","臺中市","北屯區","0","1","0","7","2","6","50","4","1","1","5","4","6","6","2","1","10","5","5","2","18","2","9","2","1","C03","7","9","1","10","2","14","","84","84","1","6","4","120.665138","24.183921","2"
"6904","66000","387130000C","(04)23274275","(04)23288582","2026","1","17","11","7","臺中市","北屯區","0","0","0","7","","","50","","","","","","","","","","","","","","13","","","","","B03","","","1","","2","","","7","7","1","6","4","120.665138","24.183921","3"
"6905","66000","387130000C","(04)23274275","(04)23288582","2026","1","17","11","8","臺中市","北區","0","0","0","7","","","50","","","","","","","","","","","","","","17","","","","","B03","","","1","","2","","","47","47","1","13","4","120.681055","24.157594","3"
"6906","66000","387130000C","(04)23274275","(04)23288582","2026","1","17","11","9","臺中市","大里區","0","0","0","7","","","50","","","","","","","","","","","","","","13","","","","","B03","","","1","","2","","","51","51","1","12","4","120.692071","24.101727","3"
"6907","66000","387130000C","(04)23274275","(04)23288582","2026","1","17","11","11","臺中市","西屯區","0","1","0","7","2","6","50","3","1","1","5","4","6","6","1","1","10","5","5","2","16","2","9","1","1","C03","7","9","1","10","2","12","","84","84","1","12","4","120.647457","24.170165","2"
"6908","66000","387130000C","(04)23274275","(04)23288582","2026","1","17","11","14","臺中市","烏日區","0","0","0","7","","","50","","","","","","","","","","","","","","13","","","","","B01","","","1","","1","","","7","7","1","13","4","120.615822","24.105529","3"
"6909","66000","387130000C","(04)23274275","(04)23288582","2026","1","17","11","15","臺中市","潭子區","0","0","0","7","","","50","","","","","","","","","","","","","","13","","","","","C03","","","1","","2","","","40","40","1","13","4","120.70339","24.200311","3"
"6910","66000","387130000C","(04)23274275","(04)23288582","2026","1","17","11","15","臺中市","北屯區","0","2","0","7","1","6","50","13","9","1","5","4","6","6","4","4","5","4","5","2","12","2","9","1","1","C03","7","1","1","10","2","14","","51","51","1","13","4","120.719061","24.176296","2"
"6911","66000","387130000C","(04)23274275","(04)23288582","2026","1","17","11","15","臺中市","烏日區","0","0","0","6","2","6","40","4","2","1","5","4","6","6","2","1","1","4","1","1","12","","","","","B02","","","1","","1","","","8","8","1","6","4","120.62036","24.102093","3"
"6912","66000","387130000C","(04)23274275","(04)23288582","2026","1","17","11","16","臺中市","北區","0","0","0","7","","","50","","","","","","","","","","","","","","29","","","","","B03","","","1","","2","","","84","84","1","12","4","120.683615","24.15022","3"
"6913","66000","387130000C","(04)23274275","(04)23288582","2026","1","17","11","17","臺中市","外埔區","0","0","0","7","2","6","50","13","8","1","5","4","6","6","4","1","5","4","4","1","13","","","","","B03","","","1","","2","","","59","59","1","6","4","120.638696","24.341664","3"
"6914","66000","387130000C","(04)23274275","(04)23288582","2026","1","17","11","18","臺中市","北區","0","1","0","7","3","6","50","4","1","1","5","4","6","6","1","1","10","5","5","2","16","3","10","3","1","B03","7","5","1","8","2","2","","20","20","1","12","4","120.675942","24.159384","2"
"6915","66000","387130000C","(04)23274275","(04)23288582","2026","1","17","11","18","臺中市","太平區","0","2","0","7","2","6","50","3","1","1","5","4","6","6","4","4","5","5","4","1","16","2","7","1","1","C03","7","6","5","10","2","11","","14","14","1","12","4","120.728614","24.150177","2"
"6916","66000","387130000C","(04)23274275","(04)23288582","2026","1","17","11","18","臺中市","龍井區","0","0","0","7","","","30","","","","","","","","","","","","","","","","","","","B03","","","1","","2","","","15","15","1","6","4","120.530463","24.185018","3"
"6917","66000","387130000C","(04)23274275","(04)23288582","2026","1","17","11","19","臺中市","大里區","0","2","0","7","2","6","50","13","9","1","5","4","6","6","4","4","9","5","5","1","12","2","9","5","4","C03","7","9","1","10","2","14","","8","8","1","6","4","120.706437","24.087385","2"
"6918","66000","387130000C","(04)23274275","(04)23288582","2026","1","17","11","20","臺中市","大里區","0","0","0","7","","","50","","","","","","","","","","","","","","17","","","","","B03","","","1","","2","","","7","7","1","12","4","120.697316","24.10245","3"
"6919","66000","387130000C","(04)23274275","(04)23288582","2026","1","17","11","21","臺中市","外埔區","0","0","0","7","3","6","40","3","9","1","5","4","6","6","4","4","10","5","5","1","10","3","10","1","1","C03","7","15","1","10","2","11","","59","59","1","6","4","120.642253","24.341763","3"
"6920","66000","387130000C","(04)23274275","(04)23288582","2026","1","17","11","22","臺中市","太平區","0","0","0","7","","","50","","","","","","","","","","","","","","","","","","","B03","","","1","","2","","","7","7","1","12","4","120.712899","24.149567","3"
"6921","66000","387130000C","(04)23274275","(04)23288582","2026","1","17","11","26","臺中市","東勢區","0","1","0","7","2","6","50","3","1","1","5","4","6","6","4","4","10","5","5","2","16","3","10","3","1","B03","7","6","1","8","2","1","","12","12","1","12","4","120.780799","24.285762","2"
"6922","66000","387130000C","(04)23274275","(04)23288582","2026","1","17","11","27","臺中市","沙鹿區","0","0","0","7","","","60","","","","","","","","","","","","","","","","","","","B03","","","1","","2","","","40","40","1","13","4","120.590138","24.250103","3"
"6923","66000","387130000C","(04)23274275","(04)23288582","2026","1","17","11","28","臺中市","北屯區","0","2","0","7","2","6","30","13","9","1","5","4","6","6","4","4","10","5","5","2","12","3","10","2","1","C03","7","4","1","10","2","12","","1","1","1","12","4","120.675013","24.178923","2"
"6924","66000","387130000C","(04)23274275","(04)23288582","2026","1","17","11","29","臺中市","西屯區","0","0","0","7","","","50","","","","","","","","","","","","","","11","","","","","B03","","","1","","2","","","8","8","1","12","4","120.640898","24.17874","3"
"6925","66000","387130000C","(04)23274275","(04)23288582","2026","1","17","11","30","臺中市","北區","0","0","0","7","","","50","","","","","","","","","","","","","","13","","","","","B03","","","1","","1","","","84","84","1","12","4","120.680971","24.163157","3"
"6926","66000","387130000C","(04)23274275","(04)23288582","2026","1","17","11","31","臺中市","中區","0","1","0","7","2","6","50","3","1","1","5","4","6","6","4","4","10","3","5","2","16","3","10","3","1","B03","7","6","1","8","2","4","","14","14","1","12","4","120.681748","24.143158","2"
"6927","66000","387130000C","(04)23274275","(04)23288582","2026","1","17","11","34","臺中市","南屯區","0","1","0","7","3","6","40","4","1","1","5","4","6","6","2","1","10","5","5","2","16","3","10","5","4","B03","7","5","1","8","2","2","","47","47","1","6","4","120.615167","24.147648","2"
"6928","66000","387130000C","(04)23274275","(04)23288582","2026","1","17","11","37","臺中市","大里區","0","2","0","7","2","6","50","4","1","1","5","4","6","6","4","4","10","5","5","1","15","2","9","1","1","C03","7","9","1","10","2","11","","15","15","1","12","4","120.676274","24.102542","2"
"6929","66000","387130000C","(04)23274275","(04)23288582","2026","1","17","11","39","臺中市","西屯區","0","0","0","7","","","0","","","","","","","","","","","","","","17","","","","","C03","","","1","","1","","","84","84","1","12","4","120.603799","24.185688","3"
"6930","66000","387130000C","(04)23274275","(04)23288582","2026","1","17","11","43","臺中市","大里區","0","0","0","7","","","60","","","","","","","","","","","","","","13","","","","","B03","","","1","","1","","","84","84","1","12","4","120.678445","24.1038","3"
"6931","66000","387130000C","(04)23274275","(04)23288582","2026","1","17","11","44","臺中市","烏日區","0","1","0","7","2","6","40","13","14","1","5","4","3","3","4","4","1","4","4","1","12","3","10","5","4","C03","7","9","1","10","2","12","","59","59","2","12","4","120.636822","24.107278","2"
"6932","66000","387130000C","(04)23274275","(04)23288582","2026","1","17","11","49","臺中市","霧峰區","0","0","0","7","","","50","","","","","","","","","","","","","","","","","","","C03","","","1","","2","","","15","15","1","6","4","120.700604","24.070844","3"
"6933","66000","387130000C","(04)23274275","(04)23288582","2026","1","17","11","51","臺中市","北屯區","0","2","0","7","3","6","50","13","9","1","5","4","6","6","4","4","1","4","5","2","12","3","10","3","1","B03","7","1","1","8","2","4","","51","51","1","12","4","120.685633","24.176787","2"
"6934","66000","387130000C","(04)23274275","(04)23288582","2026","1","17","11","52","臺中市","北區","0","0","0","7","","","50","","","","","","","","","","","","","","17","","","","","B03","","","1","","1","","","8","8","1","13","4","120.684616","24.155365","3"
"6935","66000","387130000C","(04)23274275","(04)23288582","2026","1","17","12","0","臺中市","西屯區","0","0","0","7","","","50","","","","","","","","","","","","","","13","","","","","B11","","","1","","1","","","7","7","1","12","4","120.623185","24.182745","3"
"6936","66000","387130000C","(04)23274275","(04)23288582","2026","1","17","12","1","臺中市","北區","0","1","0","7","3","6","50","3","1","1","5","4","6","6","4","4","10","5","5","2","16","3","10","3","1","B03","7","6","1","8","2","16","","20","20","1","12","4","120.669306","24.165704","2"
"6937","66000","387130000C","(04)23274275","(04)23288582","2026","1","17","12","1","臺中市","西屯區","0","0","0","7","","","50","","","","","","","","","","","","","","12","","","","","B03","","","1","","1","","","76","76","1","12","4","120.656168","24.159966","3"
"6938","66000","387130000C","(04)23274275","(04)23288582","2026","1","17","12","5","臺中市","北屯區","0","0","0","7","","","30","","","","","","","","","","","","","","15","","","","","C03","","","1","","1","","","15","15","1","12","4","120.66664","24.179015","3"
"6939","66000","387130000C","(04)23274275","(04)23288582","2026","1","17","12","7","臺中市","北屯區","0","0","0","7","","","50","","","","","","","","","","","","","","17","","","","","C03","","","1","","1","","","58","58","1","6","4","120.701187","24.169996","3"
"6940","66000","387130000C","(04)23274275","(04)23288582","2026","1","17","12","7","臺中市","石岡區","0","1","0","7","3","9","50","3","9","1","5","4","6","6","4","4","10","3","5","1","18","2","2","1","4","C03","7","21","3","19","8","11","","53","53","1","7","4","120.794556","24.273069","2"
"6941","66000","387130000C","(04)23274275","(04)23288582","2026","1","17","12","10","臺中市","西區","0","4","0","7","2","6","50","4","1","1","5","4","6","6","1","1","10","5","5","2","17","2","9","2","1","C03","7","9","1","10","2","12","","84","84","1","12","4","120.67122","24.14549","2"
"6942","66000","387130000C","(04)23274275","(04)23288582","2026","1","17","12","10","臺中市","北屯區","0","0","0","7","","","50","","","","","","","","","","","","","","12","","","","","C03","","","1","","2","","","84","84","1","6","4","120.668362","24.178454","3"
"6943","66000","387130000C","(04)23274275","(04)23288582","2026","1","17","12","12","臺中市","西屯區","0","1","0","7","2","6","50","13","9","1","5","4","6","6","4","4","5","4","5","2","13","2","9","5","4","C03","7","9","1","10","2","11","","7","7","1","13","4","120.622355","24.186155","2"
"6944","66000","387130000C","(04)23274275","(04)23288582","2026","1","17","12","15","臺中市","西區","0","0","0","7","","","50","","","","","","","","","","","","","","","","","","","C03","","","1","","1","","","7","7","1","13","4","120.666004","24.14692","3"
"6945","66000","387130000C","(04)23274275","(04)23288582","2026","1","17","12","15","臺中市","西屯區","0","0","0","7","","","50","","","","","","","","","","","","","","13","","","","","B03","","","1","","1","","","84","84","1","12","4","120.642808","24.15891","3"
"6946","66000","387130000C","(04)23274275","(04)23288582","2026","1","17","12","15","臺中市","清水區","0","0","0","6","","","70","","","","","","","","","","","","","","","","","","","B12","","","1","","2","","","11","11","1","12","4","120.575487","24.278415","3"
"6947","66000","387130000C","(04)23274275","(04)23288582","2026","1","17","12","17","臺中市","南區","0","1","0","7","3","6","50","4","1","1","5","4","6","6","2","1","3","5","5","2","12","3","10","3","1","B03","7","5","1","8","2","6","","47","47","1","6","4","120.6469","24.110595","2"
"6948","66000","387130000C","(04)23274275","(04)23288582","2026","1","17","12","18","臺中市","西屯區","0","2","0","7","2","6","50","4","1","1","5","4","6","6","2","1","10","5","5","2","16","2","9","1","1","C03","7","6","1","10","2","12","","11","11","1","13","4","120.614748","24.179656","2"
"6949","66000","387130000C","(04)23274275","(04)23288582","2026","1","17","12","18","臺中市","大里區","0","2","0","7","2","6","50","5","1","1","5","4","6","6","1","1","10","5","5","2","17","2","9","1","1","C03","7","9","3","19","2","12","","21","21","1","12","4","120.689898","24.112796","2"
"6950","66000","387130000C","(04)23274275","(04)23288582","2026","1","17","12","18","臺中市","大甲區","0","1","0","7","2","6","50","13","9","1","5","4","6","6","4","4","9","5","5","1","16","3","10","3","1","B03","7","6","1","8","2","8","","48","48","1","6","4","120.627248","24.347678","2"
"6951","66000","387130000C","(04)23274275","(04)23288582","2026","1","17","12","24","臺中市","東區","0","2","0","7","2","6","50","13","8","1","5","4","6","6","4","4","5","5","4","2","13","3","10","5","4","B03","7","3","1","8","2","5","","50","50","1","12","4","120.690229","24.131819","2"
"6952","66000","387130000C","(04)23274275","(04)23288582","2026","1","17","12","25","臺中市","清水區","0","2","0","7","3","6","30","11","9","1","5","4","6","6","4","4","10","4","5","1","17","2","8","2","1","C03","7","9","1","10","2","11","","8","8","1","12","4","120.567548","24.267485","2"
"6953","66000","387130000C","(04)23274275","(04)23288582","2026","1","17","12","26","臺中市","西區","0","0","0","7","","","40","","","","","","","","","","","","","","","","","","","B03","","","1","","1","","","49","49","1","13","4","120.665601","24.131043","3"
"6954","66000","387130000C","(04)23274275","(04)23288582","2026","1","17","12","31","臺中市","太平區","0","0","0","7","2","6","50","","","","","","","","","","","","","","","","","","","B03","","","1","","1","1","","58","58","1","12","4","120.721402","24.144541","3"
"6955","66000","387130000C","(04)23274275","(04)23288582","2026","1","17","12","34","臺中市","西屯區","0","1","0","7","2","6","40","3","1","1","5","4","6","6","4","4","10","5","5","2","16","3","10","3","1","B12","7","5","1","8","2","2","","84","84","1","12","4","120.638482","24.169172","2"
"6956","66000","387130000C","(04)23274275","(04)23288582","2026","1","17","12","37","臺中市","南屯區","0","1","0","7","3","6","50","13","8","1","5","4","6","6","4","4","5","5","4","2","16","3","10","3","1","B03","7","5","1","8","2","2","","20","20","1","6","4","120.632084","24.126368","2"
"6957","66000","387130000C","(04)23274275","(04)23288582","2026","1","17","12","40","臺中市","豐原區","0","3","0","7","2","6","50","4","1","1","5","4","6","6","1","1","10","5","5","2","16","2","9","2","1","C03","7","9","1","10","2","12","","21","21","1","13","4","120.722601","24.255992","2"
"6958","66000","387130000C","(04)23274275","(04)23288582","2026","1","17","12","42","臺中市","大里區","0","1","0","7","2","6","50","4","2","1","5","4","6","6","1","1","10","5","5","1","16","3","10","3","1","B03","7","1","1","8","2","8","","51","51","1","12","4","120.674815","24.105586","2"
"6959","66000","387130000C","(04)23274275","(04)23288582","2026","1","17","12","44","臺中市","豐原區","0","1","0","7","2","6","40","13","7","1","5","4","6","6","4","4","9","5","4","2","12","2","8","5","4","C03","7","8","1","10","2","14","","40","40","1","13","4","120.706532","24.251679","2"
"6960","66000","387130000C","(04)23274275","(04)23288582","2026","1","17","12","49","臺中市","南屯區","0","0","0","7","","","50","","","","","","","","","","","","","","","","","","","C03","","","1","","1","","","59","59","1","13","4","120.640678","24.146881","3"
"6961","66000","387130000C","(04)23274275","(04)23288582","2026","1","17","12","49","臺中市","太平區","0","2","0","7","2","6","30","4","1","1","5","4","6","6","4","4","5","5","5","2","15","2","9","2","3","C03","7","9","1","10","2","11","","15","15","1","6","2","120.711415","24.139833","2"