序號,縣市別代碼,機關代碼,市話,傳真,年,月,日,時,分,縣市,區,死亡數量,受傷數量,2-30,天候,道路照明設備,道路類別,道路速限,道路型態,事故位置,路面鋪裝,路面狀態,路面缺陷,障礙物,視距,號誌種類,號誌動作,分向設施,快車道或一般車道間,快慢車道間,路面邊線,事故類型及型態,受傷程度,主要傷處,保護裝備,行動電話或功能裝置,當事者區分(類別),車輛用途,當事者行動狀態,駕照狀態,駕照種類,飲酒情形,車輛撞擊部位最初,車輛撞擊部位其他,肇事因素個別,肇事因素主要,肇事逃逸,職業,共享經濟或外送平台,GPS座標X,GPS座標Y,事故類別
"6962","66000","387130000C","(04)23274275","(04)23288582","2026","1","17","12","53","臺中市","梧棲區","0","0","0","7","","","50","","","","","","","","","","","","","","15","","","","","B12","","","1","","1","","","12","12","1","6","4","120.534128","24.246545","3"
"6963","66000","387130000C","(04)23274275","(04)23288582","2026","1","17","12","58","臺中市","北區","0","0","0","7","","","50","","","","","","","","","","","","","","17","","","","","C03","","","1","","2","","","11","11","1","12","4","120.683438","24.153692","3"
"6964","66000","387130000C","(04)23274275","(04)23288582","2026","1","17","12","58","臺中市","北屯區","0","1","0","7","2","6","50","4","2","1","5","4","6","6","2","1","1","2","4","2","13","3","10","3","1","A12","7","9","1","3","2","1","","84","84","1","6","4","120.679809","24.182585","2"
"6965","66000","387130000C","(04)23274275","(04)23288582","2026","1","17","12","59","臺中市","北區","0","0","0","7","","","50","","","","","","","","","","","","","","14","","","","","C03","","","1","","2","","","49","49","1","12","4","120.683528","24.153492","3"
"6966","66000","387130000C","(04)23274275","(04)23288582","2026","1","17","13","0","臺中市","梧棲區","0","0","0","7","","","60","","","","","","","","","","","","","","17","","","","","B01","","","1","","1","","","85","85","1","6","4","120.535532","24.247145","3"
"6967","66000","387130000C","(04)23274275","(04)23288582","2026","1","17","13","1","臺中市","南區","0","1","0","7","2","6","50","13","9","1","5","4","6","6","4","4","5","4","5","2","12","3","10","1","1","C03","7","9","1","9","2","14","","84","84","1","12","4","120.649191","24.119496","2"
"6968","66000","387130000C","(04)23274275","(04)23288582","2026","1","17","13","6","臺中市","西屯區","0","0","0","7","","","50","","","","","","","","","","","","","","11","","","","","B03","","","1","","2","","","45","45","1","13","4","120.660452","24.169363","4"
"6969","66000","387130000C","(04)23274275","(04)23288582","2026","1","17","13","8","臺中市","大里區","0","0","0","7","","","50","","","","","","","","","","","","","","17","","","","","B03","","","5","","9","","","84","84","2","6","4","120.691395","24.089451","3"
"6970","66000","387130000C","(04)23274275","(04)23288582","2026","1","17","13","22","臺中市","龍井區","0","0","0","7","","","50","","","","","","","","","","","","","","24","","","","","B03","","","1","","2","","","51","51","1","6","4","120.582439","24.178311","3"
"6971","66000","387130000C","(04)23274275","(04)23288582","2026","1","17","13","23","臺中市","南屯區","0","0","0","7","","","50","","","","","","","","","","","","","","17","","","","","","","","","","","","","119","119","1","","","120.640536","24.142451","3"
"6972","66000","387130000C","(04)23274275","(04)23288582","2026","1","17","13","23","臺中市","沙鹿區","0","1","0","7","2","6","50","13","11","1","5","4","6","6","4","4","9","5","5","2","18","2","9","1","1","C03","7","9","1","10","2","15","","84","84","1","12","4","120.586322","24.250119","2"
"6973","66000","387130000C","(04)23274275","(04)23288582","2026","1","17","13","24","臺中市","北區","0","0","0","7","","","50","","","","","","","","","","","","","","17","","","","","B03","","","1","","2","","","8","8","1","13","4","120.663194","24.161735","3"
"6974","66000","387130000C","(04)23274275","(04)23288582","2026","1","17","13","28","臺中市","烏日區","0","1","0","7","2","6","50","13","7","1","5","4","6","6","4","4","5","5","4","2","13","2","9","5","4","C03","7","9","1","10","2","11","","59","59","1","13","4","120.624441","24.106284","2"
"6975","66000","387130000C","(04)23274275","(04)23288582","2026","1","17","13","29","臺中市","北屯區","0","1","0","7","1","6","50","4","2","1","5","4","6","6","1","1","3","4","5","2","13","2","8","1","1","C03","7","9","1","10","2","11","","25","25","1","13","4","120.663947","24.18566","2"
"6976","66000","387130000C","(04)23274275","(04)23288582","2026","1","17","13","30","臺中市","西區","0","0","0","7","","","50","","","","","","","","","","","","","","13","","","","","B03","","","1","","1","","","84","84","1","12","4","120.679346","24.138344","3"
"6977","66000","387130000C","(04)23274275","(04)23288582","2026","1","17","13","30","臺中市","烏日區","0","0","0","7","2","6","30","11","9","1","5","4","6","6","4","4","10","5","5","2","25","","","","","B03","","","1","","1","","","84","84","1","12","4","120.608289","24.122281","3"
"6978","66000","387130000C","(04)23274275","(04)23288582","2026","1","17","13","30","臺中市","豐原區","0","3","0","7","1","6","50","4","1","1","5","4","6","6","1","1","1","4","4","1","17","3","10","3","1","B03","7","6","1","8","2","8","","25","25","1","6","4","120.72241","24.277861","2"
"6979","66000","387130000C","(04)23274275","(04)23288582","2026","1","17","13","31","臺中市","后里區","0","1","0","7","3","6","50","11","9","1","3","4","5","6","4","4","5","4","4","1","18","2","9","1","1","C03","7","9","1","10","2","16","","87","87","1","6","4","120.722339","24.28417","2"
"6980","66000","387130000C","(04)23274275","(04)23288582","2026","1","17","13","34","臺中市","南區","0","2","0","7","1","6","50","3","1","1","5","4","6","6","4","4","10","5","5","2","9","2","8","5","4","C03","7","9","1","10","2","11","","10","10","1","12","4","120.659166","24.126024","2"
"6981","66000","387130000C","(04)23274275","(04)23288582","2026","1","17","13","35","臺中市","大雅區","0","0","0","7","","","50","","","","","","","","","","","","","","","","","","","C03","","","1","","2","","","7","7","1","12","4","120.653983","24.23014","3"
"6982","66000","387130000C","(04)23274275","(04)23288582","2026","1","17","13","36","臺中市","太平區","0","0","0","7","2","6","30","","","","","","","","","","","","","","","","","","","B11","","","1","","2","3","","93","93","1","12","4","120.712294","24.142298","3"
"6983","66000","387130000C","(04)23274275","(04)23288582","2026","1","17","13","42","臺中市","南區","0","1","0","7","3","6","50","13","8","1","5","4","3","6","4","4","5","4","4","2","13","2","9","2","1","C03","7","9","1","10","2","11","","7","7","1","5","4","120.680336","24.122378","2"
"6984","66000","387130000C","(04)23274275","(04)23288582","2026","1","17","13","44","臺中市","西區","0","0","0","7","","","50","","","","","","","","","","","","","","","","","","","C03","","","1","","1","","","84","84","1","6","4","120.668762","24.151467","3"
"6985","66000","387130000C","(04)23274275","(04)23288582","2026","1","17","13","44","臺中市","龍井區","0","0","0","7","","","30","","","","","","","","","","","","","","","","","","","B12","","","1","","2","","","49","49","1","6","4","120.524175","24.207558","3"
"6986","66000","387130000C","(04)23274275","(04)23288582","2026","1","17","13","50","臺中市","大甲區","0","0","0","7","","","50","","","","","","","","","","","","","","","","","","","B03","","","1","","1","","","59","59","1","6","4","120.624166","24.341087","3"
"6987","66000","387130000C","(04)23274275","(04)23288582","2026","1","17","13","51","臺中市","潭子區","0","1","0","7","3","6","40","11","8","1","5","4","3","6","4","4","5","4","4","2","17","3","10","3","1","B03","7","1","1","8","2","1","","51","51","1","13","4","120.703328","24.215373","2"
"6988","66000","387130000C","(04)23274275","(04)23288582","2026","1","17","13","53","臺中市","大雅區","0","0","0","7","","","50","","","","","","","","","","","","","","","","","","","B03","","","1","","1","","","7","7","1","12","4","120.672663","24.211356","3"
"6989","66000","387130000C","(04)23274275","(04)23288582","2026","1","17","13","53","臺中市","太平區","0","3","0","7","2","9","30","3","1","1","5","4","6","6","4","4","10","5","5","2","16","2","8","1","1","C03","7","6","1","10","2","12","","14","14","1","12","4","120.73429","24.147793","2"
"6990","66000","387130000C","(04)23274275","(04)23288582","2026","1","17","13","56","臺中市","北屯區","0","0","0","7","","","50","","","","","","","","","","","","","","13","","","","","C03","","","1","","1","","","84","84","1","12","4","120.702921","24.186455","3"
"6991","66000","387130000C","(04)23274275","(04)23288582","2026","1","17","13","56","臺中市","西屯區","0","0","0","7","","","60","","","","","","","","","","","","","","12","","","","","A11","","","1","","2","","","40","40","1","12","4","120.635526","24.171829","3"
"6992","66000","387130000C","(04)23274275","(04)23288582","2026","1","17","13","56","臺中市","西屯區","0","1","0","7","2","6","50","3","1","1","5","4","6","6","2","1","10","5","5","2","16","3","10","3","1","B03","7","5","1","8","2","5","","47","47","1","13","4","120.666613","24.171215","2"
"6993","66000","387130000C","(04)23274275","(04)23288582","2026","1","17","14","1","臺中市","西屯區","0","0","0","7","","","50","","","","","","","","","","","","","","13","","","","","B02","","","1","","1","","","59","59","1","12","4","120.646667","24.158881","3"
"6994","66000","387130000C","(04)23274275","(04)23288582","2026","1","17","14","2","臺中市","神岡區","0","0","0","7","1","6","60","3","1","1","5","4","6","6","1","1","1","4","5","1","12","","","","","B03","","","1","","2","","","45","45","1","12","4","120.693094","24.248444","3"
"6995","66000","387130000C","(04)23274275","(04)23288582","2026","1","17","14","4","臺中市","霧峰區","0","1","0","7","2","6","30","3","1","1","5","4","6","6","4","4","10","5","5","2","17","2","7","5","4","C03","7","6","1","10","2","11","","84","84","1","12","4","120.680634","24.06247","2"
"6996","66000","387130000C","(04)23274275","(04)23288582","2026","1","17","14","6","臺中市","南屯區","0","0","0","7","","","50","","","","","","","","","","","","","","","","","","","B03","","","1","","2","","","84","84","1","13","4","120.647563","24.130555","3"
"6997","66000","387130000C","(04)23274275","(04)23288582","2026","1","17","14","8","臺中市","北屯區","0","3","0","7","3","6","30","3","1","1","5","4","6","6","4","4","10","5","5","2","16","2","9","2","1","C03","7","6","1","10","2","12","","14","14","1","12","4","120.696312","24.182465","2"
"6998","66000","387130000C","(04)23274275","(04)23288582","2026","1","17","14","12","臺中市","南屯區","0","0","0","7","","","50","","","","","","","","","","","","","","","","","","","B03","","","1","","2","","","40","40","1","13","4","120.645768","24.140215","3"
"6999","66000","387130000C","(04)23274275","(04)23288582","2026","1","17","14","14","臺中市","北屯區","0","0","0","7","","","50","","","","","","","","","","","","","","13","","","","","B12","","","1","","1","","","82","82","1","12","4","120.72149","24.182663","3"
"7000","66000","387130000C","(04)23274275","(04)23288582","2026","1","17","14","15","臺中市","清水區","0","0","0","7","","","50","","","","","","","","","","","","","","17","","","","","B03","","","1","","9","","","8","8","1","12","4","120.573571","24.264352","3"
"7001","66000","387130000C","(04)23274275","(04)23288582","2026","1","17","14","18","臺中市","西屯區","0","0","0","7","","","50","","","","","","","","","","","","","","12","","","","","B03","","","1","","1","","","85","85","1","12","4","120.662058","24.176294","3"
"7002","66000","387130000C","(04)23274275","(04)23288582","2026","1","17","14","20","臺中市","西屯區","0","0","0","7","","","50","","","","","","","","","","","","","","17","","","","","B13","","","1","","1","","","49","49","1","12","4","120.611296","24.190977","3"
"7003","66000","387130000C","(04)23274275","(04)23288582","2026","1","17","14","27","臺中市","太平區","0","2","0","7","2","6","50","3","1","1","5","4","6","6","4","4","5","5","5","1","13","2","9","2","1","C03","7","9","1","10","2","12","","7","7","1","12","4","120.718664","24.126567","2"
"7004","66000","387130000C","(04)23274275","(04)23288582","2026","1","17","14","30","臺中市","沙鹿區","0","0","0","7","","","50","","","","","","","","","","","","","","17","","","","","B03","","","1","","1","","","40","40","1","12","4","120.557998","24.227159","3"
"7005","66000","387130000C","(04)23274275","(04)23288582","2026","1","17","14","35","臺中市","西屯區","0","1","0","7","2","6","70","3","1","1","5","4","6","6","4","4","10","5","5","2","13","2","9","5","4","C03","7","9","1","10","2","11","","7","7","1","12","4","120.626986","24.17739","2"
"7006","66000","387130000C","(04)23274275","(04)23288582","2026","1","17","14","36","臺中市","西區","0","1","0","7","2","6","40","3","1","1","5","4","6","6","1","1","10","5","5","2","13","2","9","5","4","C03","7","9","1","10","2","11","","7","7","1","13","4","120.65767","24.154155","2"
"7007","66000","387130000C","(04)23274275","(04)23288582","2026","1","17","14","40","臺中市","沙鹿區","0","1","0","7","2","6","50","4","8","1","5","4","6","6","4","4","4","3","4","2","17","3","10","5","1","B12","7","14","1","8","2","3","","93","93","1","12","4","120.558464","24.236745","2"
"7008","66000","387130000C","(04)23274275","(04)23288582","2026","1","17","14","42","臺中市","西區","0","0","0","7","","","50","","","","","","","","","","","","","","17","","","","","F01","","","1","","2","","","84","84","1","12","4","120.658457","24.150731","3"
"7009","66000","387130000C","(04)23274275","(04)23288582","2026","1","17","14","54","臺中市","西屯區","0","0","0","7","","","50","","","","","","","","","","","","","","14","","","","","B03","","","1","","1","","","49","49","1","12","4","120.651957","24.183548","4"
"7010","66000","387130000C","(04)23274275","(04)23288582","2026","1","17","14","54","臺中市","豐原區","0","0","0","7","","","50","","","","","","","","","","","","","","13","","","","","B03","","","1","","2","","","84","84","1","13","4","120.759142","24.277499","3"
"7011","66000","387130000C","(04)23274275","(04)23288582","2026","1","17","14","55","臺中市","西屯區","0","0","0","7","","3","80","","","","","","","","","","","","","","13","","","","","B03","","","5","","1","","","7","7","1","12","4","120.654234","24.199201","3"
"7012","66000","387130000C","(04)23274275","(04)23288582","2026","1","17","14","58","臺中市","西區","0","2","0","7","2","6","50","4","1","1","5","4","6","6","1","1","10","5","5","2","17","2","9","1","1","C03","7","9","1","10","2","11","","7","7","1","13","4","120.662576","24.155862","2"
"7013","66000","387130000C","(04)23274275","(04)23288582","2026","1","17","14","59","臺中市","大里區","0","0","0","7","2","6","50","13","9","1","5","4","6","6","4","4","1","4","5","1","17","","","","","B03","","","1","","2","","","84","84","1","13","4","120.700791","24.121451","3"
"7014","66000","387130000C","(04)23274275","(04)23288582","2026","1","17","15","0","臺中市","西區","0","0","0","7","","","50","","","","","","","","","","","","","","12","","","","","C03","","","1","","1","","","84","84","1","12","4","120.65508","24.148279","3"
"7015","66000","387130000C","(04)23274275","(04)23288582","2026","1","17","15","0","臺中市","龍井區","0","0","0","7","","","70","","","","","","","","","","","","","","","","","","","B03","","","1","","1","","","7","7","1","6","4","120.542335","24.217883","3"
"7016","66000","387130000C","(04)23274275","(04)23288582","2026","1","17","15","3","臺中市","北區","0","1","0","7","2","6","40","11","8","1","5","4","6","6","4","4","1","4","4","2","12","3","10","3","1","B03","7","9","1","8","2","5","","39","39","1","12","4","120.682971","24.145875","2"
"7017","66000","387130000C","(04)23274275","(04)23288582","2026","1","17","15","4","臺中市","西屯區","0","0","0","7","","","50","","","","","","","","","","","","","","","","","","","B03","","","1","","2","","","7","7","1","13","4","120.634578","24.176226","3"
"7018","66000","387130000C","(04)23274275","(04)23288582","2026","1","17","15","5","臺中市","大雅區","0","1","0","7","3","6","70","13","8","1","5","4","6","6","4","4","1","3","4","1","17","3","10","5","4","B11","7","5","1","8","2","5","","20","20","1","13","4","120.63731","24.234391","2"
"7019","66000","387130000C","(04)23274275","(04)23288582","2026","1","17","15","6","臺中市","西區","0","1","0","7","3","6","50","13","9","1","5","4","6","6","4","4","9","4","5","2","12","2","8","1","1","C03","7","9","1","10","2","11","","84","84","1","6","4","120.674471","24.141561","2"
"7020","66000","387130000C","(04)23274275","(04)23288582","2026","1","17","15","8","臺中市","大里區","0","0","0","7","3","6","50","13","9","1","5","4","6","6","4","4","5","4","5","1","12","","","","","B03","","","1","","2","","","59","59","1","12","4","120.68837","24.102772","3"
"7021","66000","387130000C","(04)23274275","(04)23288582","2026","1","17","15","11","臺中市","北區","0","0","0","7","3","6","50","4","2","1","5","4","6","6","1","1","3","2","5","2","13","3","10","5","4","C03","7","9","3","19","11","11","","7","7","1","13","4","120.673513","24.166764","3"
"7022","66000","387130000C","(04)23274275","(04)23288582","2026","1","17","15","11","臺中市","北區","0","0","0","7","","","50","","","","","","","","","","","","","","12","","","","","B03","","","1","","1","","","8","8","1","13","4","120.673798","24.162746","3"
"7023","66000","387130000C","(04)23274275","(04)23288582","2026","1","17","15","11","臺中市","外埔區","0","0","0","7","2","6","50","3","9","1","5","4","6","6","4","4","5","4","5","1","11","","","","","C03","","","1","","2","","","14","14","1","6","4","120.657062","24.329119","3"
"7024","66000","387130000C","(04)23274275","(04)23288582","2026","1","17","15","15","臺中市","南屯區","0","0","0","7","","","50","","","","","","","","","","","","","","","","","","","B03","","","1","","2","","","84","84","1","12","4","120.649756","24.142287","3"
"7025","66000","387130000C","(04)23274275","(04)23288582","2026","1","17","15","15","臺中市","北屯區","0","1","0","7","2","6","30","13","9","1","5","4","6","6","4","4","10","4","5","2","16","3","10","3","1","B03","7","1","1","8","2","5","","51","51","1","12","4","120.740922","24.180641","2"
"7026","66000","387130000C","(04)23274275","(04)23288582","2026","1","17","15","15","臺中市","太平區","0","1","0","7","2","6","50","13","9","1","5","4","6","6","4","4","9","5","5","1","13","3","10","3","1","B03","7","9","1","8","2","5","","7","7","1","12","4","120.717546","24.12393","2"
"7027","66000","387130000C","(04)23274275","(04)23288582","2026","1","17","15","17","臺中市","北區","0","0","0","7","","","50","","","","","","","","","","","","","","17","","","","","B03","","","1","","2","","","84","84","1","13","4","120.684227","24.145313","3"
"7028","66000","387130000C","(04)23274275","(04)23288582","2026","1","17","15","18","臺中市","太平區","0","2","0","7","2","6","50","13","24","1","5","4","6","6","1","1","5","5","4","2","16","3","10","3","1","B03","7","5","1","8","2","2","","47","47","1","12","4","120.713218","24.149729","2"
"7029","66000","387130000C","(04)23274275","(04)23288582","2026","1","17","15","27","臺中市","北區","0","1","0","7","3","6","50","4","2","1","5","4","6","6","1","1","5","2","5","2","13","3","10","5","4","C03","7","9","1","10","2","11","","84","84","1","13","4","120.685377","24.152481","2"
"7030","66000","387130000C","(04)23274275","(04)23288582","2026","1","17","15","28","臺中市","北屯區","0","0","0","7","","","50","","","","","","","","","","","","","","17","","","","","B03","","","1","","1","","","84","84","1","12","4","120.691717","24.162685","3"
"7031","66000","387130000C","(04)23274275","(04)23288582","2026","1","17","15","30","臺中市","大里區","0","2","0","7","2","6","30","13","9","1","5","4","6","6","4","4","10","5","5","2","25","2","9","3","1","B03","7","9","1","8","2","8","","84","84","1","12","4","120.732926","24.087411","2"
"7032","66000","387130000C","(04)23274275","(04)23288582","2026","1","17","15","30","臺中市","東勢區","0","0","0","7","3","4","70","13","9","1","5","4","6","6","4","4","4","3","5","1","16","3","10","5","4","B02","7","21","1","15","2","1","","84","84","1","13","4","120.808802","24.303334","3"
"7033","66000","387130000C","(04)23274275","(04)23288582","2026","1","17","15","31","臺中市","南屯區","0","0","0","7","","","50","","","","","","","","","","","","","","","","","","","C03","","","1","","9","","","49","49","2","13","4","120.649324","24.152282","3"
"7034","66000","387130000C","(04)23274275","(04)23288582","2026","1","17","15","31","臺中市","豐原區","0","0","0","7","","","50","","","","","","","","","","","","","","13","","","","","B03","","","1","","2","","","56","56","1","13","4","120.703648","24.238725","3"
"7035","66000","387130000C","(04)23274275","(04)23288582","2026","1","17","15","32","臺中市","西屯區","0","0","0","7","","","60","","","","","","","","","","","","","","13","","","","","B03","","","1","","1","","","7","7","1","13","4","120.649777","24.16273","3"
"7036","66000","387130000C","(04)23274275","(04)23288582","2026","1","17","15","32","臺中市","西屯區","0","0","0","7","","","30","","","","","","","","","","","","","","14","","","","","B03","","","1","","1","","","49","49","1","12","4","120.652897","24.158617","3"
"7037","66000","387130000C","(04)23274275","(04)23288582","2026","1","17","15","33","臺中市","北屯區","0","2","0","7","2","6","50","4","1","1","5","4","6","6","2","1","1","3","4","2","12","3","10","3","1","B03","7","7","1","8","2","5","","40","40","1","13","4","120.72163","24.162641","2"
"7038","66000","387130000C","(04)23274275","(04)23288582","2026","1","17","15","34","臺中市","北區","0","1","0","7","2","6","50","4","2","1","5","4","6","6","2","1","10","5","5","2","12","3","10","3","1","B03","7","5","1","8","2","2","","84","84","1","13","4","120.686676","24.160241","2"
"7039","66000","387130000C","(04)23274275","(04)23288582","2026","1","17","15","35","臺中市","烏日區","0","1","0","7","3","6","50","3","1","1","5","4","6","6","1","1","5","4","5","1","13","2","7","2","1","C03","7","9","1","10","2","11","","7","7","1","6","4","120.642499","24.069995","2"
"7040","66000","387130000C","(04)23274275","(04)23288582","2026","1","17","15","36","臺中市","潭子區","0","0","0","7","","3","40","","","","","","","","","","","","","","","","","","","B03","","","1","","2","","","84","84","1","13","4","120.706883","24.200715","3"
"7041","66000","387130000C","(04)23274275","(04)23288582","2026","1","17","15","36","臺中市","大里區","0","0","0","7","2","6","30","3","2","1","5","4","6","6","4","4","10","5","5","2","11","","","","","B03","","","1","","2","","","41","41","1","13","4","120.693993","24.106794","3"
"7042","66000","387130000C","(04)23274275","(04)23288582","2026","1","17","15","42","臺中市","西屯區","0","0","0","7","","3","80","","","","","","","","","","","","","","13","","","","","B12","","","1","","1","","","7","7","1","12","4","120.656098","24.199943","3"
"7043","66000","387130000C","(04)23274275","(04)23288582","2026","1","17","15","43","臺中市","潭子區","0","0","0","7","","","50","","","","","","","","","","","","","","","","","","","B03","","","1","","9","","","87","81","1","13","4","120.722348","24.202138","3"
"7044","66000","387130000C","(04)23274275","(04)23288582","2026","1","17","15","43","臺中市","西屯區","0","0","0","7","","","50","","","","","","","","","","","","","","13","","","","","C03","","","1","","1","","","7","7","1","12","4","120.655837","24.158789","3"
"7045","66000","387130000C","(04)23274275","(04)23288582","2026","1","17","15","44","臺中市","大雅區","0","0","0","7","","","50","","","","","","","","","","","","","","","","","","","F03","","","7","","1","","","39","39","1","12","4","120.644329","24.209355","3"
"7046","66000","387130000C","(04)23274275","(04)23288582","2026","1","17","15","45","臺中市","北區","0","1","0","7","2","6","50","13","9","1","5","4","6","6","4","4","9","5","5","2","9","3","10","3","1","B12","7","9","1","8","9","5","","84","84","2","13","4","120.684216","24.147502","2"
"7047","66000","387130000C","(04)23274275","(04)23288582","2026","1","17","15","46","臺中市","西區","0","2","0","7","2","6","50","13","7","1","5","4","6","6","4","4","5","4","5","2","13","2","9","5","4","C03","7","9","1","10","2","11","","7","7","1","13","4","120.662178","24.154749","2"
"7048","66000","387130000C","(04)23274275","(04)23288582","2026","1","17","15","47","臺中市","北區","0","0","0","7","","","50","","","","","","","","","","","","","","","","","","","B03","","","1","","2","","","50","50","1","13","4","120.683579","24.162207","3"
"7049","66000","387130000C","(04)23274275","(04)23288582","2026","1","17","15","53","臺中市","西屯區","0","0","0","7","","","40","","","","","","","","","","","","","","","","","","","C03","","","1","","1","","","8","8","1","13","4","120.64255","24.177711","4"
"7050","66000","387130000C","(04)23274275","(04)23288582","2026","1","17","15","57","臺中市","西屯區","0","0","0","7","","","50","","","","","","","","","","","","","","12","","","","","B03","","","1","","1","","","40","40","1","13","4","120.649132","24.197169","3"
"7051","66000","387130000C","(04)23274275","(04)23288582","2026","1","17","15","58","臺中市","神岡區","0","0","0","7","1","6","60","11","12","1","5","4","6","6","4","4","1","4","4","1","12","","","","","B03","","","1","","2","","","84","84","1","12","4","120.691448","24.232067","3"
"7052","66000","387130000C","(04)23274275","(04)23288582","2026","1","17","16","1","臺中市","北屯區","0","1","0","7","2","6","50","13","9","1","5","4","6","6","4","4","1","2","5","2","17","3","10","3","1","B03","7","9","1","3","2","6","","84","84","1","12","4","120.697285","24.170525","2"
"7053","66000","387130000C","(04)23274275","(04)23288582","2026","1","17","16","5","臺中市","大里區","0","3","0","7","2","3","80","13","7","1","5","4","6","6","4","4","1","4","5","1","13","2","3","3","1","B03","7","9","1","8","2","1","","7","7","1","12","4","120.68444","24.075768","2"
"7054","66000","387130000C","(04)23274275","(04)23288582","2026","1","17","16","6","臺中市","太平區","0","0","0","7","","","50","","","","","","","","","","","","","","17","","","","","C03","","","1","","2","","","68","68","1","12","4","120.725645","24.134069","3"
"7055","66000","387130000C","(04)23274275","(04)23288582","2026","1","17","16","9","臺中市","西區","0","0","0","7","","","50","","","","","","","","","","","","","","12","","","","","F03","","","1","","9","","","87","87","1","13","4","120.6531","24.150957","3"
"7056","66000","387130000C","(04)23274275","(04)23288582","2026","1","17","16","10","臺中市","東區","0","0","0","7","","","50","","","","","","","","","","","","","","14","","","","","B12","","","1","","1","","","49","49","1","6","4","120.702755","24.136406","3"
"7057","66000","387130000C","(04)23274275","(04)23288582","2026","1","17","16","10","臺中市","北屯區","0","0","0","7","","","50","","","","","","","","","","","","","","13","","","","","B02","","","1","","1","","","59","59","1","6","4","120.681181","24.168539","3"
"7058","66000","387130000C","(04)23274275","(04)23288582","2026","1","17","16","10","臺中市","西屯區","0","0","0","7","","","40","","","","","","","","","","","","","","13","","","","","C03","","","1","","1","","","7","7","1","12","4","120.644656","24.163382","3"
"7059","66000","387130000C","(04)23274275","(04)23288582","2026","1","17","16","17","臺中市","沙鹿區","0","0","0","7","","","60","","","","","","","","","","","","","","13","","","","","B03","","","1","","11","","","56","56","1","12","4","120.600385","24.25676","3"
"7060","66000","387130000C","(04)23274275","(04)23288582","2026","1","17","16","20","臺中市","南屯區","0","0","0","7","","","50","","","","","","","","","","","","","","13","","","","","C03","","","1","","2","","","7","7","1","12","4","120.612046","24.140301","3"
"7061","66000","387130000C","(04)23274275","(04)23288582","2026","1","17","16","25","臺中市","北區","0","0","0","7","3","6","50","4","2","1","5","4","6","6","1","1","10","5","5","2","17","","","","","C03","","","1","","1","","","7","7","1","13","4","120.67938","24.149777","3"
"7062","66000","387130000C","(04)23274275","(04)23288582","2026","1","17","16","29","臺中市","西屯區","0","1","0","7","2","6","50","4","1","1","5","4","6","6","2","1","10","5","5","2","16","3","10","3","1","B03","7","5","3","19","2","5","","47","47","1","12","4","120.656546","24.199853","2"
"7063","66000","387130000C","(04)23274275","(04)23288582","2026","1","17","16","29","臺中市","太平區","0","1","0","7","2","6","50","3","2","1","5","4","6","6","4","4","9","5","5","2","14","3","10","3","1","B03","7","2","1","8","2","3","","49","49","1","12","4","120.725225","24.150403","2"
"7064","66000","387130000C","(04)23274275","(04)23288582","2026","1","17","16","30","臺中市","北屯區","0","1","0","7","2","6","50","13","9","1","5","4","6","6","4","4","10","5","5","2","17","3","10","5","4","B03","7","7","1","8","2","2","","20","20","1","12","4","120.695344","24.167181","2"
"7065","66000","387130000C","(04)23274275","(04)23288582","2026","1","17","16","30","臺中市","大里區","0","1","0","7","2","6","50","4","1","1","5","4","6","6","1","1","10","5","5","2","17","3","10","2","1","C03","7","6","1","10","2","16","","85","85","1","12","4","120.702677","24.088281","2"
"7066","66000","387130000C","(04)23274275","(04)23288582","2026","1","17","16","30","臺中市","烏日區","0","0","0","7","","","50","","","","","","","","","","","","","","20","","","","","B03","","","1","","2","","","59","59","1","13","4","120.600254","24.107559","3"
"7067","66000","387130000C","(04)23274275","(04)23288582","2026","1","17","16","32","臺中市","南屯區","0","0","0","7","2","6","60","3","8","1","5","4","6","6","2","1","1","4","1","2","","3","10","2","1","B03","7","7","1","8","8","5","","40","40","1","13","4","120.634658","24.122407","3"
"7068","66000","387130000C","(04)23274275","(04)23288582","2026","1","17","16","33","臺中市","西屯區","0","0","0","7","","","50","","","","","","","","","","","","","","","","","","","B03","","","1","","1","","","7","7","1","13","4","120.619726","24.187237","3"
"7069","66000","387130000C","(04)23274275","(04)23288582","2026","1","17","16","33","臺中市","太平區","0","1","0","7","2","6","50","3","1","1","5","4","6","6","4","4","10","5","5","2","17","3","10","2","1","C03","7","6","1","10","2","12","","14","14","1","12","4","120.710123","24.155977","2"
"7070","66000","387130000C","(04)23274275","(04)23288582","2026","1","17","16","37","臺中市","烏日區","0","0","0","7","","","30","","","","","","","","","","","","","","17","","","","","B03","","","1","","2","","","20","20","1","6","4","120.616372","24.110954","3"
"7071","66000","387130000C","(04)23274275","(04)23288582","2026","1","17","16","48","臺中市","潭子區","0","1","0","7","3","6","50","3","1","1","5","4","6","6","1","1","5","4","4","2","17","3","10","3","1","A12","7","5","1","6","2","6","7","8","8","1","13","4","120.708649","24.231206","2"
"7072","66000","387130000C","(04)23274275","(04)23288582","2026","1","17","16","49","臺中市","西屯區","0","1","0","7","2","6","50","13","9","1","5","4","6","6","4","4","1","4","5","2","13","3","10","3","1","B03","7","9","1","8","2","5","","59","59","1","12","4","120.64393","24.171323","2"