序號,縣市別代碼,機關代碼,市話,傳真,年,月,日,時,分,縣市,區,死亡數量,受傷數量,2-30,天候,道路照明設備,道路類別,道路速限,道路型態,事故位置,路面鋪裝,路面狀態,路面缺陷,障礙物,視距,號誌種類,號誌動作,分向設施,快車道或一般車道間,快慢車道間,路面邊線,事故類型及型態,受傷程度,主要傷處,保護裝備,行動電話或功能裝置,當事者區分(類別),車輛用途,當事者行動狀態,駕照狀態,駕照種類,飲酒情形,車輛撞擊部位最初,車輛撞擊部位其他,肇事因素個別,肇事因素主要,肇事逃逸,職業,共享經濟或外送平台,GPS座標X,GPS座標Y,事故類別
"7073","66000","387130000C","(04)23274275","(04)23288582","2026","1","17","16","53","臺中市","北屯區","0","0","0","7","","","50","","","","","","","","","","","","","","30","","","","","B03","","","1","","1","","","50","50","1","12","4","120.690549","24.175617","3"
"7074","66000","387130000C","(04)23274275","(04)23288582","2026","1","17","16","53","臺中市","北屯區","0","0","0","7","","","50","","","","","","","","","","","","","","13","","","","","B03","","","1","","1","","","84","84","1","6","4","120.720464","24.162869","3"
"7075","66000","387130000C","(04)23274275","(04)23288582","2026","1","17","16","55","臺中市","外埔區","0","1","0","7","3","6","50","4","1","1","5","4","6","6","1","1","5","4","4","1","13","2","9","1","1","C03","7","6","1","10","2","11","","84","84","1","6","4","120.653443","24.331732","2"
"7076","66000","387130000C","(04)23274275","(04)23288582","2026","1","17","16","58","臺中市","霧峰區","0","2","0","7","2","6","50","13","7","1","5","4","5","6","3","1","1","4","4","1","16","2","9","2","1","C03","7","6","1","10","2","14","","48","48","1","12","4","120.694604","24.072585","2"
"7077","66000","387130000C","(04)23274275","(04)23288582","2026","1","17","16","59","臺中市","北屯區","0","0","0","7","","3","80","","","","","","","","","","","","","","12","","","","","B03","","","1","","1","","","40","40","1","13","4","120.721535","24.18107","3"
"7078","66000","387130000C","(04)23274275","(04)23288582","2026","1","17","17","1","臺中市","南屯區","0","0","0","7","","","50","","","","","","","","","","","","","","13","","","","","C03","","","1","","1","","","8","8","1","12","4","120.650922","24.139823","3"
"7079","66000","387130000C","(04)23274275","(04)23288582","2026","1","17","17","5","臺中市","南屯區","0","1","0","7","1","6","50","13","9","1","5","4","6","6","4","4","1","4","5","2","12","2","9","1","1","C03","7","9","1","10","2","12","","8","8","1","12","4","120.64658","24.147647","2"
"7080","66000","387130000C","(04)23274275","(04)23288582","2026","1","17","17","7","臺中市","太平區","0","1","0","7","2","3","80","13","7","1","5","4","6","6","4","4","1","4","5","1","13","3","10","3","1","B03","7","9","1","8","2","1","","84","84","1","12","4","120.717407","24.15697","2"
"7081","66000","387130000C","(04)23274275","(04)23288582","2026","1","17","17","11","臺中市","南屯區","0","0","0","7","","","50","","","","","","","","","","","","","","","","","","","B01","","","1","","1","","","21","21","1","13","4","120.617509","24.159449","3"
"7082","66000","387130000C","(04)23274275","(04)23288582","2026","1","17","17","12","臺中市","南屯區","0","0","0","7","","","50","","","","","","","","","","","","","","16","","","","","C03","","","1","","1","","","84","84","1","13","4","120.642781","24.124162","4"
"7083","66000","387130000C","(04)23274275","(04)23288582","2026","1","17","17","13","臺中市","北屯區","0","0","0","7","","","50","","","","","","","","","","","","","","9","","","","","B03","","","1","8","1","","","7","7","1","12","4","120.706999","24.189861","3"
"7084","66000","387130000C","(04)23274275","(04)23288582","2026","1","17","17","14","臺中市","西屯區","0","1","0","7","1","6","50","13","9","1","5","4","6","6","4","4","3","4","4","2","9","2","9","5","1","C03","7","7","1","10","2","14","","84","84","1","12","4","120.636468","24.159232","2"
"7085","66000","387130000C","(04)23274275","(04)23288582","2026","1","17","17","18","臺中市","太平區","0","0","0","7","2","6","30","4","1","1","5","4","6","6","4","4","10","5","5","2","10","3","10","3","1","B03","7","6","1","8","2","1","","14","14","1","12","4","120.720525","24.118272","3"
"7086","66000","387130000C","(04)23274275","(04)23288582","2026","1","17","17","19","臺中市","西屯區","0","0","0","7","","","50","","","","","","","","","","","","","","","3","10","3","1","B03","7","9","1","8","9","2","","8","8","2","13","4","120.650277","24.157575","3"
"7087","66000","387130000C","(04)23274275","(04)23288582","2026","1","17","17","20","臺中市","西區","0","1","0","7","3","6","50","4","1","1","5","4","6","6","1","1","10","5","5","2","12","3","10","3","1","B03","7","7","1","8","1","2","","40","40","1","12","4","120.665226","24.149034","2"
"7088","66000","387130000C","(04)23274275","(04)23288582","2026","1","17","17","20","臺中市","北區","0","0","0","7","","","50","","","","","","","","","","","","","","17","","","","","C03","","","1","","2","","","51","51","1","13","4","120.680848","24.167126","3"
"7089","66000","387130000C","(04)23274275","(04)23288582","2026","1","17","17","21","臺中市","東區","0","1","0","7","1","6","50","4","2","1","5","4","6","6","2","1","10","5","5","2","13","2","9","5","4","C03","7","9","1","10","2","11","","7","7","1","13","4","120.698614","24.132986","2"
"7090","66000","387130000C","(04)23274275","(04)23288582","2026","1","17","17","24","臺中市","太平區","0","1","0","7","2","6","50","3","1","1","5","4","6","6","4","4","10","5","5","2","17","3","10","3","1","B03","7","11","1","8","2","1","","45","45","1","12","4","120.715602","24.124724","2"
"7091","66000","387130000C","(04)23274275","(04)23288582","2026","1","17","17","27","臺中市","西屯區","0","0","0","6","","","40","","","","","","","","","","","","","","","","","","","C03","","","1","","1","","","7","7","1","13","4","120.644656","24.163382","3"
"7092","66000","387130000C","(04)23274275","(04)23288582","2026","1","17","17","28","臺中市","南區","0","1","0","7","1","6","50","4","1","1","5","4","6","6","1","1","1","5","5","2","12","3","10","3","1","B03","7","8","1","8","2","4","","40","40","1","6","4","120.655047","24.129446","2"
"7093","66000","387130000C","(04)23274275","(04)23288582","2026","1","17","17","31","臺中市","大里區","0","0","0","7","","","50","","","","","","","","","","","","","","","","","","","B03","","","1","","1","","","59","59","1","12","4","120.695169","24.111329","4"
"7094","66000","387130000C","(04)23274275","(04)23288582","2026","1","17","17","33","臺中市","西區","0","1","0","7","1","6","50","13","9","1","5","4","6","6","4","4","5","5","5","2","16","3","10","3","1","B03","7","11","1","8","1","5","","39","39","1","6","4","120.662859","24.136185","2"
"7095","66000","387130000C","(04)23274275","(04)23288582","2026","1","17","17","35","臺中市","西區","0","0","0","7","","","50","","","","","","","","","","","","","","12","","","","","B01","","","1","","1","","","35","35","1","13","4","120.665502","24.135388","3"
"7096","66000","387130000C","(04)23274275","(04)23288582","2026","1","17","17","38","臺中市","西屯區","0","0","0","7","","","50","","","","","","","","","","","","","","11","","","","","C03","","","1","","1","","","11","11","1","13","4","120.648827","24.174838","4"
"7097","66000","387130000C","(04)23274275","(04)23288582","2026","1","17","17","44","臺中市","東區","0","0","0","7","","","50","","","","","","","","","","","","","","17","","","","","B03","","","1","","1","","","82","82","1","12","4","120.70052","24.135082","3"
"7098","66000","387130000C","(04)23274275","(04)23288582","2026","1","17","17","44","臺中市","南屯區","0","2","0","7","1","6","50","13","9","1","5","4","6","6","1","1","5","4","5","2","12","2","8","1","1","C03","7","9","1","10","1","14","","84","84","1","12","4","120.653","24.135745","2"
"7099","66000","387130000C","(04)23274275","(04)23288582","2026","1","17","17","45","臺中市","大里區","0","1","0","7","1","6","50","4","1","1","5","4","6","6","4","4","10","5","5","2","17","3","10","3","1","B03","7","9","1","8","2","5","","15","15","1","12","4","120.688066","24.086025","2"
"7100","66000","387130000C","(04)23274275","(04)23288582","2026","1","17","17","46","臺中市","北屯區","0","2","0","7","1","6","30","4","1","1","5","4","6","6","4","4","10","5","5","2","15","2","9","1","1","C03","7","9","1","10","2","13","","15","15","1","6","4","120.669413","24.174793","2"
"7101","66000","387130000C","(04)23274275","(04)23288582","2026","1","17","17","46","臺中市","大甲區","0","0","0","7","","","30","","","","","","","","","","","","","","","","","","","B03","","","1","","1","","","41","41","1","6","4","120.674134","24.379156","3"
"7102","66000","387130000C","(04)23274275","(04)23288582","2026","1","17","17","49","臺中市","西屯區","0","1","0","7","1","6","50","4","1","1","5","4","6","6","2","1","10","5","5","2","16","3","10","3","1","B03","7","11","1","8","2","2","","45","45","1","12","4","120.626072","24.184557","2"
"7103","66000","387130000C","(04)23274275","(04)23288582","2026","1","17","17","50","臺中市","東區","0","0","0","7","","","50","","","","","","","","","","","","","","","","","","","B03","","","1","","1","","","7","7","1","13","4","120.69923","24.134822","3"
"7104","66000","387130000C","(04)23274275","(04)23288582","2026","1","17","17","50","臺中市","梧棲區","0","0","0","7","","","50","","","","","","","","","","","","","","11","","","","","B03","","","1","","2","","","84","84","1","12","4","120.558469","24.25681","3"
"7105","66000","387130000C","(04)23274275","(04)23288582","2026","1","17","17","50","臺中市","梧棲區","0","1","0","7","1","6","60","4","1","1","5","4","6","6","1","1","10","5","5","2","16","3","10","3","1","B03","7","5","1","8","2","2","","38","38","1","12","4","120.525019","24.254247","2"
"7106","66000","387130000C","(04)23274275","(04)23288582","2026","1","17","17","51","臺中市","北屯區","0","0","0","7","","","50","","","","","","","","","","","","","","17","","","","","B03","","","1","","2","","","20","20","1","6","4","120.709417","24.178233","3"
"7107","66000","387130000C","(04)23274275","(04)23288582","2026","1","17","17","53","臺中市","西區","0","1","0","7","1","6","50","4","2","1","5","4","6","6","4","4","5","4","5","2","16","3","10","2","1","C03","7","6","5","10","2","11","","39","39","1","13","4","120.661769","24.149948","2"
"7108","66000","387130000C","(04)23274275","(04)23288582","2026","1","17","17","58","臺中市","豐原區","0","1","0","7","1","6","50","13","9","1","5","4","6","6","4","4","5","4","5","1","3","3","10","1","1","F03","7","9","7","21","2","15","","58","58","1","13","4","120.71228","24.251358","2"
"7109","66000","387130000C","(04)23274275","(04)23288582","2026","1","17","17","59","臺中市","清水區","0","2","0","6","1","6","50","3","1","1","5","4","6","6","4","4","5","5","4","2","17","2","9","2","1","C03","7","6","3","19","2","14","","12","12","1","12","4","120.547753","24.262766","2"
"7110","66000","387130000C","(04)23274275","(04)23288582","2026","1","17","18","0","臺中市","南區","0","0","0","7","","","50","","","","","","","","","","","","","","","","","","","B03","","","1","","2","","","84","84","1","13","4","120.684892","24.129078","3"
"7111","66000","387130000C","(04)23274275","(04)23288582","2026","1","17","18","0","臺中市","南屯區","0","1","0","7","1","6","50","4","4","1","5","4","6","6","1","1","5","5","5","2","13","3","10","3","1","B03","7","9","1","8","2","5","","59","59","1","12","4","120.64983","24.140164","2"
"7112","66000","387130000C","(04)23274275","(04)23288582","2026","1","17","18","4","臺中市","北屯區","0","2","0","7","1","6","30","4","1","1","5","4","6","6","4","4","10","5","5","2","16","2","9","2","1","C03","7","6","1","10","2","11","","14","14","1","12","4","120.718587","24.177157","2"
"7113","66000","387130000C","(04)23274275","(04)23288582","2026","1","17","18","10","臺中市","西屯區","0","1","0","7","1","6","50","13","9","1","5","4","6","6","4","4","2","4","5","2","30","2","9","5","4","C03","7","9","3","19","2","11","","59","59","1","12","4","120.661983","24.201774","2"
"7114","66000","387130000C","(04)23274275","(04)23288582","2026","1","17","18","11","臺中市","太平區","0","1","0","7","1","6","50","4","1","1","5","4","6","6","1","1","5","4","5","2","16","2","7","2","1","C03","7","9","1","10","2","14","","84","84","1","6","4","120.708275","24.128385","2"
"7115","66000","387130000C","(04)23274275","(04)23288582","2026","1","17","18","13","臺中市","沙鹿區","0","0","0","7","","","60","","","","","","","","","","","","","","12","","","","","B03","","","1","","2","","","40","40","1","6","4","120.563242","24.23996","3"
"7116","66000","387130000C","(04)23274275","(04)23288582","2026","1","17","18","15","臺中市","南屯區","0","0","0","7","","","50","","","","","","","","","","","","","","17","","","","","B01","","","1","","1","","","40","40","1","12","4","120.654109","24.140028","4"
"7117","66000","387130000C","(04)23274275","(04)23288582","2026","1","17","18","18","臺中市","北屯區","0","0","0","7","","","50","","","","","","","","","","","","","","12","","","","","B02","","","1","","2","","","26","26","1","13","4","120.73035","24.177212","3"
"7118","66000","387130000C","(04)23274275","(04)23288582","2026","1","17","18","18","臺中市","龍井區","0","2","0","7","1","6","50","13","9","1","5","4","6","6","4","4","5","5","5","1","13","2","8","2","1","C03","7","9","1","10","2","11","","7","7","1","6","4","120.524984","24.211741","2"
"7119","66000","387130000C","(04)23274275","(04)23288582","2026","1","17","18","22","臺中市","南屯區","0","1","0","7","3","6","50","3","1","1","5","4","6","6","4","4","10","5","5","2","17","3","10","3","1","B03","7","11","1","8","1","8","","45","45","1","13","4","120.632159","24.139502","2"
"7120","66000","387130000C","(04)23274275","(04)23288582","2026","1","17","18","28","臺中市","東區","0","5","0","7","1","6","50","3","2","1","5","4","6","6","4","4","5","5","4","2","17","2","9","3","1","B03","7","9","1","8","2","5","","54","54","1","6","4","120.700009","24.141277","2"
"7121","66000","387130000C","(04)23274275","(04)23288582","2026","1","17","18","28","臺中市","北屯區","0","0","0","7","","","50","","","","","","","","","","","","","","9","","","","","B03","","","1","4","1","","","40","40","1","12","4","120.690909","24.171151","3"
"7122","66000","387130000C","(04)23274275","(04)23288582","2026","1","17","18","30","臺中市","沙鹿區","0","1","0","6","1","6","50","4","1","1","5","4","6","6","4","4","5","4","5","2","15","3","10","3","1","B03","7","9","1","8","2","1","","12","12","1","12","4","120.562701","24.243187","2"
"7123","66000","387130000C","(04)23274275","(04)23288582","2026","1","17","18","34","臺中市","潭子區","0","0","0","6","","","40","","","","","","","","","","","","","","","","","","","B03","","","1","","9","","","8","8","2","13","4","120.706989","24.200807","3"
"7124","66000","387130000C","(04)23274275","(04)23288582","2026","1","17","18","36","臺中市","北屯區","0","0","0","7","","","50","","","","","","","","","","","","","","13","","","","","B03","","","1","","1","","","58","58","1","12","4","120.69975","24.166161","3"
"7125","66000","387130000C","(04)23274275","(04)23288582","2026","1","17","18","39","臺中市","東區","0","0","0","7","","","50","","","","","","","","","","","","","","17","","","","","B03","","","1","","9","","","84","84","1","6","4","120.70668","24.148735","3"
"7126","66000","387130000C","(04)23274275","(04)23288582","2026","1","17","18","39","臺中市","石岡區","0","3","0","7","1","6","50","13","12","1","5","4","6","6","4","4","1","4","4","1","13","2","9","1","1","C03","7","9","1","10","2","11","","7","7","1","12","4","120.78114","24.274553","2"
"7127","66000","387130000C","(04)23274275","(04)23288582","2026","1","17","18","43","臺中市","北屯區","0","0","0","7","","","","","","","","","","","","","","","","","17","","","","","","","","","","","","","119","119","1","","","120.724855","24.174879","3"
"7128","66000","387130000C","(04)23274275","(04)23288582","2026","1","17","18","45","臺中市","南屯區","0","1","0","7","1","6","50","13","9","1","5","4","6","6","4","4","5","5","5","2","13","2","9","1","1","C03","7","9","3","19","2","11","","84","84","1","13","4","120.639081","24.133407","2"
"7129","66000","387130000C","(04)23274275","(04)23288582","2026","1","17","18","45","臺中市","后里區","0","2","0","7","3","6","40","13","8","1","5","4","6","6","4","4","9","4","4","1","3","2","9","6","5","H01","8","16","7","21","10","17","","98","98","1","6","5","120.715076","24.310039","2"
"7130","66000","387130000C","(04)23274275","(04)23288582","2026","1","17","18","50","臺中市","太平區","0","2","0","7","2","6","50","4","1","1","5","4","6","6","1","1","10","5","5","2","16","3","10","3","1","B03","7","6","1","8","2","6","","48","48","1","12","4","120.724025","24.111108","2"
"7131","66000","387130000C","(04)23274275","(04)23288582","2026","1","17","18","51","臺中市","沙鹿區","0","0","0","7","","","50","","","","","","","","","","","","","","16","","","","","C03","","","1","","2","","","14","14","1","12","2","120.575375","24.218723","3"
"7132","66000","387130000C","(04)23274275","(04)23288582","2026","1","17","18","54","臺中市","潭子區","0","0","0","6","","","40","","","","","","","","","","","","","","","","","","","B03","","","1","","2","","","49","49","1","13","4","120.703488","24.210873","3"
"7133","66000","387130000C","(04)23274275","(04)23288582","2026","1","17","18","55","臺中市","東區","0","0","0","7","","","50","","","","","","","","","","","","","","","","","","","B03","","","1","","1","","","58","58","1","6","4","120.699955","24.142127","3"
"7134","66000","387130000C","(04)23274275","(04)23288582","2026","1","17","18","58","臺中市","東區","0","2","0","7","1","6","50","3","1","1","5","4","6","6","3","1","7","5","5","2","16","2","9","2","1","C03","7","9","1","10","2","11","","39","39","1","13","4","120.693248","24.133749","2"
"7135","66000","387130000C","(04)23274275","(04)23288582","2026","1","17","19","2","臺中市","南區","0","0","0","7","","","50","","","","","","","","","","","","","","","","","","","B03","","","6","","9","","","11","11","1","13","4","120.67938","24.126424","3"
"7136","66000","387130000C","(04)23274275","(04)23288582","2026","1","17","19","4","臺中市","南區","0","1","0","7","1","6","50","13","9","1","5","4","6","6","4","4","5","5","5","2","12","3","10","2","1","C03","7","9","1","10","2","11","","7","7","1","13","4","120.662083","24.128146","2"
"7137","66000","387130000C","(04)23274275","(04)23288582","2026","1","17","19","4","臺中市","梧棲區","0","0","0","7","","","60","","","","","","","","","","","","","","13","","","","","B03","","","1","","1","","","7","7","1","6","4","120.535893","24.249995","3"
"7138","66000","387130000C","(04)23274275","(04)23288582","2026","1","17","19","5","臺中市","大里區","0","1","0","7","1","6","50","4","1","1","5","4","6","6","1","1","5","2","5","2","16","3","10","3","1","B03","7","11","1","8","2","1","","45","45","1","12","4","120.688985","24.104567","2"
"7139","66000","387130000C","(04)23274275","(04)23288582","2026","1","17","19","6","臺中市","北屯區","0","1","0","7","1","6","50","5","1","1","5","4","6","6","1","1","1","4","5","2","16","3","10","3","1","B03","7","5","1","8","2","5","","11","11","1","12","4","120.720736","24.174976","2"
"7140","66000","387130000C","(04)23274275","(04)23288582","2026","1","17","19","6","臺中市","太平區","0","0","0","7","","","30","","","","","","","","","","","","","","","","","","","B12","","","1","","2","","","49","49","1","12","4","120.716624","24.133223","3"
"7141","66000","387130000C","(04)23274275","(04)23288582","2026","1","17","19","7","臺中市","西區","0","0","0","7","","","50","","","","","","","","","","","","","","","","","","","B03","","","1","","1","","","35","35","1","6","4","120.666696","24.129306","3"
"7142","66000","387130000C","(04)23274275","(04)23288582","2026","1","17","19","9","臺中市","北屯區","0","0","0","7","","","50","","","","","","","","","","","","","","13","","","","","B03","","","1","","2","","","59","59","1","13","4","120.686644","24.177395","3"
"7143","66000","387130000C","(04)23274275","(04)23288582","2026","1","17","19","10","臺中市","西屯區","0","1","0","7","1","6","50","13","9","1","5","4","6","6","4","4","5","4","5","2","16","2","7","1","1","C03","7","6","1","10","2","12","","39","39","1","12","4","120.64234","24.197383","2"
"7144","66000","387130000C","(04)23274275","(04)23288582","2026","1","17","19","18","臺中市","西區","0","1","0","7","1","6","50","4","1","1","5","4","6","6","1","1","10","5","5","2","16","3","10","5","4","B03","7","5","1","8","2","6","","20","20","1","13","4","120.65884","24.150847","2"
"7145","66000","387130000C","(04)23274275","(04)23288582","2026","1","17","19","21","臺中市","北區","0","1","0","7","1","6","40","13","8","1","5","4","6","6","4","4","5","4","4","2","17","3","10","1","1","C03","7","15","1","10","1","14","","84","84","1","12","4","120.677866","24.169868","2"
"7146","66000","387130000C","(04)23274275","(04)23288582","2026","1","17","19","22","臺中市","清水區","0","0","0","6","","","50","","","","","","","","","","","","","","","","","","","B03","","","1","","2","","","12","12","1","12","4","120.565022","24.277108","3"
"7147","66000","387130000C","(04)23274275","(04)23288582","2026","1","17","19","27","臺中市","沙鹿區","0","0","0","7","","","50","","","","","","","","","","","","","","17","","","","","B03","","","1","","2","","","85","85","1","6","4","120.560852","24.215937","4"
"7148","66000","387130000C","(04)23274275","(04)23288582","2026","1","17","19","34","臺中市","西屯區","0","0","0","7","","","50","","","","","","","","","","","","","","17","","","","","C03","","","1","","1","","","14","14","1","13","4","120.657304","24.197222","3"
"7149","66000","387130000C","(04)23274275","(04)23288582","2026","1","17","19","35","臺中市","太平區","0","0","0","7","","","50","","","","","","","","","","","","","","","","","","","B03","","","1","","2","","","7","7","1","12","4","120.726285","24.152879","3"
"7150","66000","387130000C","(04)23274275","(04)23288582","2026","1","17","19","36","臺中市","南屯區","0","1","0","7","1","6","50","4","1","1","5","4","6","6","1","1","10","5","5","2","16","3","10","3","1","B03","7","5","1","8","2","2","","65","65","1","12","4","120.63839","24.147282","2"
"7151","66000","387130000C","(04)23274275","(04)23288582","2026","1","17","19","41","臺中市","東區","0","1","0","7","1","6","50","4","1","1","5","4","6","6","1","1","10","5","5","2","16","3","10","3","1","B03","7","6","1","8","2","6","","11","11","1","13","4","120.701252","24.142721","2"
"7152","66000","387130000C","(04)23274275","(04)23288582","2026","1","17","19","43","臺中市","西屯區","0","0","0","7","","","30","","","","","","","","","","","","","","12","","","","","B01","","","1","","2","","","8","8","1","12","4","120.645588","24.18323","3"
"7153","66000","387130000C","(04)23274275","(04)23288582","2026","1","17","19","48","臺中市","北屯區","0","0","0","7","","","50","","","","","","","","","","","","","","12","","","","","B03","","","1","8","2","","","84","84","1","12","4","120.691694","24.174053","3"
"7154","66000","387130000C","(04)23274275","(04)23288582","2026","1","17","19","48","臺中市","后里區","0","0","0","7","1","6","60","8","7","1","5","4","6","6","1","1","1","4","5","1","17","3","10","3","1","B03","7","9","1","8","2","1","","84","84","1","12","4","120.722772","24.28397","3"
"7155","66000","387130000C","(04)23274275","(04)23288582","2026","1","17","19","50","臺中市","大雅區","0","2","0","7","1","6","30","11","9","1","5","4","6","6","4","4","10","4","5","1","17","2","9","1","1","C03","7","9","1","10","2","11","","41","41","1","12","4","120.668165","24.22983","2"
"7156","66000","387130000C","(04)23274275","(04)23288582","2026","1","17","20","0","臺中市","大里區","0","1","0","7","1","6","50","3","1","1","5","4","6","6","1","1","10","5","5","2","17","3","10","3","1","B03","7","6","1","8","2","2","","11","11","1","12","4","120.68651","24.08849","2"
"7157","66000","387130000C","(04)23274275","(04)23288582","2026","1","17","20","2","臺中市","潭子區","0","0","0","7","","","40","","","","","","","","","","","","","","30","","","","","B03","","","1","","2","","","59","59","1","12","4","120.701022","24.209616","3"
"7158","66000","387130000C","(04)23274275","(04)23288582","2026","1","17","20","5","臺中市","南區","0","2","0","7","1","6","40","13","8","1","5","4","6","6","4","4","1","4","4","2","18","2","9","5","4","C03","7","9","1","10","2","12","","5","5","1","13","4","120.648397","24.119686","2"
"7159","66000","387130000C","(04)23274275","(04)23288582","2026","1","17","20","6","臺中市","南屯區","0","0","0","7","","","50","","","","","","","","","","","","","","17","","","","","C03","","","1","","2","","","84","84","1","13","2","120.644508","24.140137","3"
"7160","66000","387130000C","(04)23274275","(04)23288582","2026","1","17","20","10","臺中市","北屯區","0","1","0","7","1","6","50","13","9","1","5","4","6","6","4","4","1","4","5","2","13","3","10","3","1","B03","7","9","1","8","2","1","","84","84","1","12","4","120.686496","24.197978","2"
"7161","66000","387130000C","(04)23274275","(04)23288582","2026","1","17","20","18","臺中市","北屯區","0","1","0","7","1","6","50","4","1","1","5","4","6","6","2","1","10","5","5","2","12","2","9","1","1","C03","7","6","1","10","2","14","","48","48","1","6","4","120.680175","24.189007","2"
"7162","66000","387130000C","(04)23274275","(04)23288582","2026","1","17","20","24","臺中市","西屯區","0","1","0","7","1","6","50","4","1","1","5","4","6","6","1","1","10","5","5","2","13","3","10","5","4","B03","7","5","1","8","2","5","","7","7","1","12","4","120.645507","24.172509","2"
"7163","66000","387130000C","(04)23274275","(04)23288582","2026","1","17","20","29","臺中市","西屯區","0","0","0","7","","","50","","","","","","","","","","","","","","13","","","","","B03","","","1","","2","","","7","7","1","12","4","120.64815","24.174558","3"
"7164","66000","387130000C","(04)23274275","(04)23288582","2026","1","17","20","29","臺中市","大甲區","0","1","0","7","1","6","50","3","9","1","5","4","6","6","4","4","6","3","5","1","18","2","9","1","1","F01","7","1","7","21","1","12","","51","51","1","12","4","120.625062","24.337025","2"
"7165","66000","387130000C","(04)23274275","(04)23288582","2026","1","17","20","42","臺中市","西屯區","0","0","0","6","","","50","","","","","","","","","","","","","","","","","","","B01","","","1","","1","","","7","7","1","13","4","120.65481","24.198964","3"
"7166","66000","387130000C","(04)23274275","(04)23288582","2026","1","17","20","52","臺中市","西屯區","0","0","0","7","","","50","","","","","","","","","","","","","","12","","","","","B03","","","1","","1","","","51","51","1","13","4","120.624517","24.182011","3"
"7167","66000","387130000C","(04)23274275","(04)23288582","2026","1","17","20","58","臺中市","南屯區","0","0","0","7","","","50","","","","","","","","","","","","","","16","","","","","B03","","","1","","1","","","12","12","1","13","4","120.624147","24.149373","3"
"7168","66000","387130000C","(04)23274275","(04)23288582","2026","1","17","20","58","臺中市","霧峰區","0","0","0","7","","","50","","","","","","","","","","","","","","13","","","","","B03","","","1","","1","","","58","58","1","12","4","120.694742","24.051953","3"
"7169","66000","387130000C","(04)23274275","(04)23288582","2026","1","17","21","0","臺中市","大雅區","0","0","0","7","","","50","","","","","","","","","","","","","","13","","","","","B03","","","1","","1","","","82","82","1","12","4","120.662625","24.219374","3"
"7170","66000","387130000C","(04)23274275","(04)23288582","2026","1","17","21","10","臺中市","南區","0","1","0","7","1","6","50","13","8","1","5","4","6","6","1","1","5","4","4","2","12","3","10","3","1","B03","7","5","1","8","2","6","","47","47","1","6","4","120.65552","24.123353","2"
"7171","66000","387130000C","(04)23274275","(04)23288582","2026","1","17","21","15","臺中市","北屯區","0","0","0","7","","","50","","","","","","","","","","","","","","17","","","","","B12","","","1","","2","","","14","14","1","6","4","120.695482","24.165253","3"
"7172","66000","387130000C","(04)23274275","(04)23288582","2026","1","17","21","20","臺中市","石岡區","0","0","0","7","","","70","","","","","","","","","","","","","","13","","","","","B03","","","1","","1","","","7","7","1","13","4","120.772041","24.274915","3"
"7173","66000","387130000C","(04)23274275","(04)23288582","2026","1","17","21","21","臺中市","大雅區","0","0","0","7","","","30","","","","","","","","","","","","","","14","","","","","B03","","","1","","11","","","49","49","2","12","4","120.642289","24.219827","3"
"7174","66000","387130000C","(04)23274275","(04)23288582","2026","1","17","21","24","臺中市","南屯區","0","1","0","7","1","6","50","3","1","1","5","4","6","6","4","4","5","5","5","2","10","3","10","3","1","B03","7","9","1","8","2","8","","59","59","1","6","4","120.605808","24.138914","2"
"7175","66000","387130000C","(04)23274275","(04)23288582","2026","1","17","21","29","臺中市","西屯區","0","0","0","7","","","50","","","","","","","","","","","","","","13","","","","","C03","","","1","","1","","","7","7","1","12","4","120.639098","24.168915","3"
"7176","66000","387130000C","(04)23274275","(04)23288582","2026","1","17","21","35","臺中市","南屯區","0","1","0","7","2","6","50","13","8","1","5","4","6","6","4","4","9","4","4","2","13","2","9","1","1","C03","7","9","1","10","2","11","","7","7","1","12","4","120.623146","24.150402","2"
"7177","66000","387130000C","(04)23274275","(04)23288582","2026","1","17","21","40","臺中市","西區","0","1","0","7","1","6","40","4","2","1","5","4","6","6","1","1","1","4","1","1","13","2","9","1","1","C03","7","12","1","10","1","11","","7","7","1","12","4","120.662583","24.155647","2"
"7178","66000","387130000C","(04)23274275","(04)23288582","2026","1","17","21","40","臺中市","西屯區","0","1","0","7","1","6","50","13","9","1","5","4","6","6","4","4","5","4","5","2","13","2","8","1","1","C03","7","9","1","10","2","11","","59","59","1","12","4","120.64603","24.175485","2"
"7179","66000","387130000C","(04)23274275","(04)23288582","2026","1","17","21","42","臺中市","西屯區","0","0","0","6","2","6","50","13","9","1","5","4","6","6","4","4","5","5","5","2","11","3","10","3","1","B03","7","9","1","8","9","8","","8","8","2","13","4","120.638633","24.180514","3"
"7180","66000","387130000C","(04)23274275","(04)23288582","2026","1","17","21","42","臺中市","神岡區","0","0","0","7","","","50","","","","","","","","","","","","","","30","","","","","C03","","","1","","2","","","84","84","1","13","4","120.682495","24.249822","3"
"7181","66000","387130000C","(04)23274275","(04)23288582","2026","1","17","21","43","臺中市","豐原區","0","2","0","7","1","6","50","4","1","1","5","4","6","6","1","1","1","2","4","1","16","2","8","1","1","C03","7","6","3","19","8","12","14","53","53","1","13","4","120.703066","24.251551","2"
"7182","66000","387130000C","(04)23274275","(04)23288582","2026","1","17","21","44","臺中市","烏日區","0","1","0","7","1","6","30","4","1","1","5","4","6","6","4","4","10","5","5","2","17","2","9","2","1","C03","7","9","1","10","2","11","","84","84","1","6","4","120.651689","24.041726","2"