序號,縣市別代碼,機關代碼,市話,傳真,年,月,日,時,分,縣市,區,死亡數量,受傷數量,2-30,天候,道路照明設備,道路類別,道路速限,道路型態,事故位置,路面鋪裝,路面狀態,路面缺陷,障礙物,視距,號誌種類,號誌動作,分向設施,快車道或一般車道間,快慢車道間,路面邊線,事故類型及型態,受傷程度,主要傷處,保護裝備,行動電話或功能裝置,當事者區分(類別),車輛用途,當事者行動狀態,駕照狀態,駕照種類,飲酒情形,車輛撞擊部位最初,車輛撞擊部位其他,肇事因素個別,肇事因素主要,肇事逃逸,職業,共享經濟或外送平台,GPS座標X,GPS座標Y,事故類別
"7183","66000","387130000C","(04)23274275","(04)23288582","2026","1","17","21","49","臺中市","東區","0","0","0","7","","","50","","","","","","","","","","","","","","12","","","","","C03","","","1","","1","","","40","40","1","6","4","120.697139","24.138875","3"
"7184","66000","387130000C","(04)23274275","(04)23288582","2026","1","17","21","50","臺中市","南屯區","0","0","0","7","","","50","","","","","","","","","","","","","","16","","","","","B03","","","1","","1","","","48","48","1","6","4","120.648259","24.13203","3"
"7185","66000","387130000C","(04)23274275","(04)23288582","2026","1","17","21","50","臺中市","東勢區","0","1","0","7","1","6","50","13","9","1","5","4","6","6","4","4","9","5","5","1","18","2","9","5","4","C03","7","9","3","19","7","14","","53","53","1","13","4","120.829407","24.257094","2"
"7186","66000","387130000C","(04)23274275","(04)23288582","2026","1","17","22","5","臺中市","豐原區","0","0","0","7","","","50","","","","","","","","","","","","","","15","","","","","B03","","","1","","2","","","12","12","1","13","4","120.715672","24.249247","3"
"7187","66000","387130000C","(04)23274275","(04)23288582","2026","1","17","22","10","臺中市","北區","0","1","0","7","1","6","50","4","2","1","5","4","6","6","2","1","10","5","5","2","12","2","9","2","1","C03","7","9","1","10","2","14","","42","42","1","13","4","120.682153","24.145147","2"
"7188","66000","387130000C","(04)23274275","(04)23288582","2026","1","17","22","11","臺中市","南屯區","0","2","0","7","1","6","50","3","2","1","5","4","6","6","2","1","1","5","5","2","17","2","8","1","1","C01","7","5","1","9","2","12","","38","38","1","6","4","120.587249","24.160935","2"
"7189","66000","387130000C","(04)23274275","(04)23288582","2026","1","17","22","11","臺中市","太平區","0","0","0","7","","","50","","","","","","","","","","","","","","","","","","","C03","","","2","","2","","","6","6","1","12","4","120.712193","24.144456","3"
"7190","66000","387130000C","(04)23274275","(04)23288582","2026","1","17","22","12","臺中市","西屯區","0","2","0","7","1","6","40","4","8","1","5","4","6","6","2","1","1","5","1","2","12","2","9","2","1","C03","7","9","1","10","2","14","","7","7","1","12","4","120.652862","24.16047","2"
"7191","66000","387130000C","(04)23274275","(04)23288582","2026","1","17","22","13","臺中市","大里區","0","0","0","7","1","6","50","5","21","4","5","4","6","6","1","1","1","4","4","2","17","","","","","C03","","","1","","2","","","5","5","1","13","4","120.686738","24.095176","3"
"7192","66000","387130000C","(04)23274275","(04)23288582","2026","1","17","22","21","臺中市","大甲區","0","0","0","7","","","50","","","","","","","","","","","","","","","","","","","B03","","","1","","2","","","84","84","1","6","4","120.622497","24.345956","3"
"7193","66000","387130000C","(04)23274275","(04)23288582","2026","1","17","22","26","臺中市","西區","0","0","0","7","1","6","50","13","9","1","5","4","6","6","4","4","8","3","5","2","14","","","","","B03","","","1","","1","","","49","49","1","13","4","120.667645","24.145066","3"
"7194","66000","387130000C","(04)23274275","(04)23288582","2026","1","17","22","26","臺中市","東區","0","2","0","7","1","6","50","4","1","1","5","4","6","6","1","1","10","5","5","2","16","3","10","3","1","B03","7","5","1","8","2","2","","11","11","1","13","4","120.692423","24.147882","2"
"7195","66000","387130000C","(04)23274275","(04)23288582","2026","1","17","22","30","臺中市","北區","0","1","0","7","3","6","50","5","1","1","5","4","6","6","2","1","10","5","5","2","17","2","8","5","4","C03","7","5","1","8","2","11","","7","7","1","13","4","120.676177","24.158253","2"
"7196","66000","387130000C","(04)23274275","(04)23288582","2026","1","17","22","30","臺中市","烏日區","0","1","0","7","1","6","30","13","9","1","5","4","6","6","4","4","10","5","5","2","18","2","9","2","1","C03","7","9","1","10","2","12","","59","59","1","6","4","120.645871","24.050914","2"
"7197","66000","387130000C","(04)23274275","(04)23288582","2026","1","17","22","31","臺中市","太平區","0","0","0","7","","","50","","","","","","","","","","","","","","","","","","","B02","","","1","","2","","","62","62","1","12","4","120.717393","24.152423","3"
"7198","66000","387130000C","(04)23274275","(04)23288582","2026","1","17","22","40","臺中市","西屯區","0","0","0","7","","","50","","","","","","","","","","","","","","13","","","","","B03","","","1","","1","","","59","59","1","12","4","120.636528","24.170784","3"
"7199","66000","387130000C","(04)23274275","(04)23288582","2026","1","17","22","50","臺中市","中區","0","0","0","7","","","50","","","","","","","","","","","","","","13","","","","","B03","","","1","","1","","","59","59","1","12","4","120.682212","24.135899","3"
"7200","66000","387130000C","(04)23274275","(04)23288582","2026","1","17","22","50","臺中市","外埔區","0","0","0","7","1","6","30","3","14","1","5","4","6","6","4","4","10","5","5","2","14","3","10","3","1","B02","7","2","1","8","2","6","","49","49","1","12","4","120.654255","24.334328","3"
"7201","66000","387130000C","(04)23274275","(04)23288582","2026","1","17","23","5","臺中市","北屯區","0","0","0","7","","","50","","","","","","","","","","","","","","17","","","","","C03","","","1","","3","","","51","51","1","6","4","120.696599","24.164768","3"
"7202","66000","387130000C","(04)23274275","(04)23288582","2026","1","17","23","20","臺中市","北區","0","0","0","7","","","40","","","","","","","","","","","","","","14","","","","","B03","","","1","","2","","","49","49","1","13","4","120.669748","24.157724","3"
"7203","66000","387130000C","(04)23274275","(04)23288582","2026","1","17","23","47","臺中市","西屯區","0","0","0","7","","","50","","","","","","","","","","","","","","14","","","","","B03","","","1","","2","","","49","49","1","12","4","120.593721","24.179255","3"
"7204","66000","387130000C","(04)23274275","(04)23288582","2026","1","17","23","53","臺中市","南屯區","1","1","0","7","2","6","50","4","1","1","5","4","6","6","1","1","9","4","1","2","17","1","9","1","1","C03","7","9","1","10","2","11","","21","21","1","12","4","120.64024","24.117248","1"
"7205","66000","387130000C","(04)23274275","(04)23288582","2026","1","18","0","4","臺中市","潭子區","0","0","0","7","","","60","","","","","","","","","","","","","","13","","","","","B03","","","1","","2","","","59","59","1","12","4","120.703918","24.202318","3"
"7206","66000","387130000C","(04)23274275","(04)23288582","2026","1","18","0","45","臺中市","北區","0","1","0","7","1","6","50","4","2","1","5","4","6","6","2","1","10","5","5","2","13","2","9","2","1","C03","7","9","1","10","2","11","","7","7","1","13","4","120.667358","24.164722","2"
"7207","66000","387130000C","(04)23274275","(04)23288582","2026","1","18","1","2","臺中市","北區","0","2","0","7","1","6","50","4","1","1","5","4","6","6","1","1","10","5","5","2","17","2","8","5","4","B03","7","15","1","8","2","5","","39","39","1","13","4","120.67707","24.154142","2"
"7208","66000","387130000C","(04)23274275","(04)23288582","2026","1","18","1","22","臺中市","太平區","0","2","0","7","1","6","50","13","7","1","5","4","6","6","1","1","5","5","4","2","17","2","9","1","1","C03","7","9","1","10","2","12","","84","84","1","12","4","120.710896","24.149683","2"
"7209","66000","387130000C","(04)23274275","(04)23288582","2026","1","18","2","30","臺中市","太平區","0","0","0","7","","","30","","","","","","","","","","","","","","","","","","","B02","","","1","","2","","","59","59","1","12","4","120.709308","24.154022","3"
"7210","66000","387130000C","(04)23274275","(04)23288582","2026","1","18","2","45","臺中市","和平區","0","0","0","7","","","50","","","","","","","","","","","","","","19","","","","","B03","","","1","","2","","","59","59","1","12","4","120.915788","24.187483","3"
"7211","66000","387130000C","(04)23274275","(04)23288582","2026","1","18","2","50","臺中市","烏日區","0","1","0","7","1","6","50","4","1","1","5","4","6","6","1","1","10","5","5","2","16","3","10","3","1","B03","7","6","1","8","2","7","","48","48","1","6","4","120.643241","24.077072","2"
"7212","66000","387130000C","(04)23274275","(04)23288582","2026","1","18","4","59","臺中市","北屯區","0","0","0","7","","","","","","","","","","","","","","","","","21","","","","","","","","","","","","","119","119","1","","","120.707259","24.169866","3"
"7213","66000","387130000C","(04)23274275","(04)23288582","2026","1","18","5","0","臺中市","南屯區","0","0","0","7","","","50","","","","","","","","","","","","","","","","","","","B03","","","1","","2","","","59","59","1","6","4","120.652417","24.152401","3"
"7214","66000","387130000C","(04)23274275","(04)23288582","2026","1","18","6","0","臺中市","后里區","0","0","0","7","1","6","50","4","9","1","5","4","6","6","1","1","1","2","4","1","13","3","10","3","1","B03","7","9","1","8","2","1","","55","55","1","12","4","120.723793","24.294591","3"
"7215","66000","387130000C","(04)23274275","(04)23288582","2026","1","18","6","10","臺中市","沙鹿區","0","0","0","7","","","60","","","","","","","","","","","","","","","","","","","B03","","","1","","1","","","78","78","1","12","4","120.573391","24.244983","3"
"7216","66000","387130000C","(04)23274275","(04)23288582","2026","1","18","6","13","臺中市","龍井區","0","0","0","7","","","30","","","","","","","","","","","","","","","","","","","B01","","","1","","2","","","85","85","1","6","4","120.591833","24.181723","3"
"7217","66000","387130000C","(04)23274275","(04)23288582","2026","1","18","6","30","臺中市","清水區","0","0","0","7","3","6","30","13","9","1","5","4","6","6","4","4","10","5","5","2","17","3","10","3","1","B03","7","9","1","8","2","5","","84","84","2","12","4","120.549362","24.263959","3"
"7218","66000","387130000C","(04)23274275","(04)23288582","2026","1","18","6","31","臺中市","西屯區","0","1","0","7","1","6","50","4","2","1","5","4","6","6","1","1","5","4","5","2","18","2","9","1","1","C03","7","9","5","19","8","16","","53","53","1","12","4","120.655993","24.159588","2"
"7219","66000","387130000C","(04)23274275","(04)23288582","2026","1","18","6","47","臺中市","太平區","0","1","0","6","3","6","50","3","2","1","5","4","6","6","3","1","9","5","5","1","16","3","10","3","1","B03","7","11","3","19","9","4","","45","45","1","12","4","120.70385","24.114425","2"
"7220","66000","387130000C","(04)23274275","(04)23288582","2026","1","18","7","1","臺中市","烏日區","0","0","0","7","2","6","50","13","9","1","5","4","6","6","4","4","3","4","3","1","20","","","","","C03","","","1","","1","","","8","8","1","6","4","120.613698","24.106928","3"
"7221","66000","387130000C","(04)23274275","(04)23288582","2026","1","18","7","33","臺中市","東區","0","1","0","7","2","6","50","4","1","1","5","4","6","6","2","1","10","5","5","2","16","3","10","3","1","B01","7","5","1","4","2","5","","11","11","1","12","4","120.698075","24.147822","2"
"7222","66000","387130000C","(04)23274275","(04)23288582","2026","1","18","7","36","臺中市","東勢區","0","1","0","7","2","6","40","4","1","1","5","4","6","6","3","1","5","5","5","1","12","3","10","5","4","B03","7","5","1","8","2","6","","20","20","1","13","4","120.839615","24.203699","2"
"7223","66000","387130000C","(04)23274275","(04)23288582","2026","1","18","7","53","臺中市","潭子區","0","1","0","7","3","6","50","13","9","1","5","4","6","6","1","1","5","5","5","1","13","3","10","3","1","B02","7","9","5","19","2","5","","84","84","1","13","4","120.701126","24.194599","2"
"7224","66000","387130000C","(04)23274275","(04)23288582","2026","1","18","7","57","臺中市","南屯區","0","0","0","7","","","30","","","","","","","","","","","","","","17","","","","","B03","","","1","","1","","","84","84","1","6","4","120.638387","24.137845","3"
"7225","66000","387130000C","(04)23274275","(04)23288582","2026","1","18","7","58","臺中市","龍井區","0","2","0","7","2","6","30","5","1","1","5","4","6","6","4","4","10","5","5","2","16","2","8","2","1","C03","7","5","1","10","2","12","","14","14","1","6","4","120.579037","24.182635","2"
"7226","66000","387130000C","(04)23274275","(04)23288582","2026","1","18","8","2","臺中市","南屯區","0","1","0","7","2","6","50","4","2","1","5","4","6","6","1","1","9","5","5","2","17","3","10","3","1","B03","7","9","1","8","2","2","","8","8","1","13","4","120.64655","24.13335","2"
"7227","66000","387130000C","(04)23274275","(04)23288582","2026","1","18","8","10","臺中市","太平區","0","1","0","7","2","6","50","3","19","1","5","4","6","6","4","4","10","5","5","2","3","3","10","2","1","C03","7","9","1","10","2","11","","10","10","1","12","4","120.726824","24.149925","2"
"7228","66000","387130000C","(04)23274275","(04)23288582","2026","1","18","8","14","臺中市","神岡區","0","3","0","7","2","6","60","3","1","1","5","4","6","6","1","1","10","5","5","2","17","2","9","5","4","C03","7","9","1","10","2","11","","85","85","1","12","4","120.674091","24.282376","2"
"7229","66000","387130000C","(04)23274275","(04)23288582","2026","1","18","8","29","臺中市","南屯區","0","0","0","7","","","0","","","","","","","","","","","","","","17","","","","","C03","","","1","","1","","","78","78","1","6","4","120.652899","24.135007","3"
"7230","66000","387130000C","(04)23274275","(04)23288582","2026","1","18","8","30","臺中市","大雅區","0","0","0","7","","","","","","","","","","","","","","","","","","","","","","","","","","","","","","86","86","1","","","120.620898","24.225591","3"
"7231","66000","387130000C","(04)23274275","(04)23288582","2026","1","18","8","30","臺中市","大里區","0","0","0","7","","","50","","","","","","","","","","","","","","","","","","","B03","","","1","","2","","","49","49","1","12","4","120.68941","24.108535","3"
"7232","66000","387130000C","(04)23274275","(04)23288582","2026","1","18","8","38","臺中市","龍井區","0","1","0","7","2","6","30","13","9","1","5","4","6","6","4","4","10","5","5","2","28","2","9","2","1","C03","7","9","1","10","2","11","","87","87","1","6","4","120.584721","24.180115","2"
"7233","66000","387130000C","(04)23274275","(04)23288582","2026","1","18","8","39","臺中市","西區","0","0","0","7","","","50","","","","","","","","","","","","","","17","","","","","B03","","","1","","2","","","49","49","1","13","4","120.678338","24.136433","3"
"7234","66000","387130000C","(04)23274275","(04)23288582","2026","1","18","8","39","臺中市","烏日區","0","1","0","7","2","6","50","13","7","1","5","4","3","3","4","4","5","5","4","1","11","3","10","5","4","A04","7","9","1","2","2","2","","7","7","1","12","4","120.620591","24.106478","2"
"7235","66000","387130000C","(04)23274275","(04)23288582","2026","1","18","8","40","臺中市","西屯區","0","2","0","7","2","6","50","13","9","1","5","4","6","6","4","4","9","5","5","1","16","2","9","5","4","C03","7","11","5","11","2","14","","46","46","1","12","4","120.652562","24.16819","2"
"7236","66000","387130000C","(04)23274275","(04)23288582","2026","1","18","8","41","臺中市","北屯區","0","0","0","7","","","30","","","","","","","","","","","","","","16","","","","","C03","","","1","","1","","","12","12","1","12","4","120.696693","24.177901","3"
"7237","66000","387130000C","(04)23274275","(04)23288582","2026","1","18","8","49","臺中市","潭子區","0","1","0","7","3","6","30","4","8","1","5","4","6","6","4","4","7","5","4","2","16","3","10","3","1","B03","7","6","1","8","2","5","","14","14","1","13","4","120.690631","24.214388","2"
"7238","66000","387130000C","(04)23274275","(04)23288582","2026","1","18","8","52","臺中市","西屯區","0","1","0","7","2","6","60","4","10","1","5","4","6","6","2","1","1","2","5","2","17","3","10","5","4","B03","7","7","1","8","1","16","","35","35","1","12","4","120.646036","24.164468","2"
"7239","66000","387130000C","(04)23274275","(04)23288582","2026","1","18","9","4","臺中市","西屯區","0","0","0","7","","","60","","","","","","","","","","","","","","12","","","","","B03","","","1","","1","","","40","40","1","13","4","120.646355","24.155611","3"
"7240","66000","387130000C","(04)23274275","(04)23288582","2026","1","18","9","6","臺中市","北屯區","0","1","0","7","2","6","50","4","1","1","5","4","6","6","3","1","10","5","5","2","15","3","10","3","1","B03","7","9","1","8","2","4","","24","24","1","12","4","120.698351","24.185947","2"
"7241","66000","387130000C","(04)23274275","(04)23288582","2026","1","18","9","7","臺中市","南屯區","0","1","0","7","2","6","50","3","1","1","5","4","6","6","4","4","5","5","5","2","17","3","10","3","1","B02","7","6","1","8","2","4","","12","12","1","13","4","120.599482","24.150793","2"
"7242","66000","387130000C","(04)23274275","(04)23288582","2026","1","18","9","10","臺中市","沙鹿區","0","1","0","7","2","6","50","5","9","1","5","4","6","6","1","1","4","5","5","2","13","3","10","3","1","B03","7","9","1","8","2","5","","7","7","1","6","4","120.55803","24.233316","2"
"7243","66000","387130000C","(04)23274275","(04)23288582","2026","1","18","9","21","臺中市","霧峰區","0","0","0","7","","6","30","","","","","","","","","","","","","","17","","","","","C03","","","1","10","1","","","84","84","1","13","4","120.711119","24.071399","3"
"7244","66000","387130000C","(04)23274275","(04)23288582","2026","1","18","9","24","臺中市","南區","0","0","0","7","","","50","","","","","","","","","","","","","","","","","","","C03","","","1","","1","","","7","7","1","7","4","120.659749","24.116927","3"
"7245","66000","387130000C","(04)23274275","(04)23288582","2026","1","18","9","24","臺中市","東勢區","0","2","0","7","3","6","50","4","1","1","5","4","6","6","1","1","5","4","4","1","11","2","8","1","1","C03","7","6","1","10","2","12","","11","11","1","13","4","120.825184","24.26324","2"
"7246","66000","387130000C","(04)23274275","(04)23288582","2026","1","18","9","27","臺中市","豐原區","0","0","0","7","","","50","","","","","","","","","","","","","","13","","","","","B03","","","1","","2","","","59","59","1","12","4","120.746066","24.265327","3"
"7247","66000","387130000C","(04)23274275","(04)23288582","2026","1","18","9","44","臺中市","北屯區","0","1","0","7","3","6","50","13","9","1","5","4","6","6","4","4","5","4","5","2","18","2","9","2","1","C03","7","15","1","9","2","14","","87","87","1","6","4","120.680195","24.189115","2"
"7248","66000","387130000C","(04)23274275","(04)23288582","2026","1","18","9","45","臺中市","北區","0","1","0","7","3","6","50","4","2","1","5","4","6","6","1","1","5","4","5","2","16","2","7","1","1","C03","7","7","1","10","2","12","","40","40","1","12","4","120.682335","24.153988","2"
"7249","66000","387130000C","(04)23274275","(04)23288582","2026","1","18","9","45","臺中市","南屯區","0","0","0","7","","","50","","","","","","","","","","","","","","","","","","","B03","","","1","","1","","","59","59","1","13","4","120.642581","24.146871","3"
"7250","66000","387130000C","(04)23274275","(04)23288582","2026","1","18","9","45","臺中市","北屯區","0","1","0","7","3","6","50","13","9","1","5","4","6","6","4","4","1","4","5","2","16","3","10","3","1","B02","7","5","3","19","2","2","6","20","20","1","12","4","120.680809","24.172612","2"
"7251","66000","387130000C","(04)23274275","(04)23288582","2026","1","18","9","49","臺中市","和平區","0","0","0","7","","","30","","","","","","","","","","","","","","14","","","","","B13","","","1","","9","","","49","49","2","12","4","120.88358","24.174388","3"
"7252","66000","387130000C","(04)23274275","(04)23288582","2026","1","18","9","50","臺中市","南屯區","0","2","0","7","3","6","50","13","9","1","5","4","6","6","4","4","10","4","5","2","16","2","9","2","1","C03","7","6","1","10","2","14","","84","84","1","13","4","120.610349","24.131493","2"
"7253","66000","387130000C","(04)23274275","(04)23288582","2026","1","18","9","58","臺中市","沙鹿區","0","0","0","7","2","6","50","4","9","1","5","4","6","6","1","1","10","5","5","2","11","","","","","B03","","","1","","1","","","8","8","2","12","4","120.552919","24.217231","3"
"7254","66000","387130000C","(04)23274275","(04)23288582","2026","1","18","10","7","臺中市","西屯區","0","1","0","7","2","6","50","13","7","1","5","4","6","6","4","4","9","5","4","2","18","2","9","1","1","C03","7","9","1","10","2","12","","84","84","1","5","4","120.589018","24.172271","2"
"7255","66000","387130000C","(04)23274275","(04)23288582","2026","1","18","10","11","臺中市","東區","0","1","0","7","2","6","50","4","1","1","5","4","6","6","2","1","10","5","5","2","17","3","10","3","1","B01","7","5","1","2","2","2","","11","11","1","12","4","120.69942","24.147794","2"
"7256","66000","387130000C","(04)23274275","(04)23288582","2026","1","18","10","15","臺中市","北屯區","0","0","0","7","","","50","","","","","","","","","","","","","","17","","","","","C04","","","1","","2","","","50","50","1","6","4","120.710513","24.181513","3"
"7257","66000","387130000C","(04)23274275","(04)23288582","2026","1","18","10","19","臺中市","太平區","0","1","0","7","3","6","50","4","1","1","5","4","6","6","4","4","5","4","5","2","16","3","10","1","1","C03","7","5","1","10","2","14","","11","11","1","12","4","120.734272","24.149872","2"
"7258","66000","387130000C","(04)23274275","(04)23288582","2026","1","18","10","22","臺中市","北屯區","0","0","0","7","","","50","","","","","","","","","","","","","","","","","","","B03","","","1","","1","","","20","20","1","12","4","120.690115","24.170307","3"
"7259","66000","387130000C","(04)23274275","(04)23288582","2026","1","18","10","22","臺中市","沙鹿區","0","1","0","7","2","6","30","3","2","1","5","4","6","6","4","4","10","5","5","2","21","2","9","1","1","C03","7","9","1","10","2","12","","59","59","1","12","4","120.57222","24.243676","2"
"7260","66000","387130000C","(04)23274275","(04)23288582","2026","1","18","10","23","臺中市","清水區","0","0","0","7","2","6","50","4","1","1","5","4","6","6","4","4","8","3","4","2","15","","","","","B03","","","1","","2","","","20","20","1","12","4","120.545326","24.263446","3"
"7261","66000","387130000C","(04)23274275","(04)23288582","2026","1","18","10","23","臺中市","東勢區","0","0","0","7","","","50","","","","","","","","","","","","","","13","","","","","C03","","","1","","1","","","7","7","1","13","4","120.833484","24.247027","3"
"7262","66000","387130000C","(04)23274275","(04)23288582","2026","1","18","10","25","臺中市","大雅區","0","0","0","7","","","30","","","","","","","","","","","","","","","","","","","B03","","","1","","2","","","49","49","1","13","4","120.633244","24.230013","3"
"7263","66000","387130000C","(04)23274275","(04)23288582","2026","1","18","10","28","臺中市","沙鹿區","0","1","0","7","2","6","50","13","9","1","5","4","6","6","4","4","4","5","5","2","17","3","10","3","1","B03","7","15","1","8","1","4","","76","76","1","6","4","120.561194","24.240155","2"
"7264","66000","387130000C","(04)23274275","(04)23288582","2026","1","18","10","30","臺中市","西區","0","0","0","7","","","50","","","","","","","","","","","","","","","","","","","B03","","","1","","2","","","84","84","1","12","4","120.682102","24.13725","3"
"7265","66000","387130000C","(04)23274275","(04)23288582","2026","1","18","10","38","臺中市","東區","0","0","0","7","","","50","","","","","","","","","","","","","","","","","","","C03","","","1","","1","","","40","40","1","12","4","120.703599","24.140391","3"
"7266","66000","387130000C","(04)23274275","(04)23288582","2026","1","18","10","43","臺中市","北屯區","0","1","0","7","2","6","30","13","9","1","5","4","6","6","4","4","10","5","5","2","17","3","10","1","1","C03","7","1","1","10","2","16","","51","51","1","12","4","120.701698","24.166097","2"
"7267","66000","387130000C","(04)23274275","(04)23288582","2026","1","18","10","43","臺中市","西屯區","0","0","0","7","","","0","","","","","","","","","","","","","","14","","","","","B03","","","1","","1","","","49","49","1","12","4","120.64397","24.195166","3"
"7268","66000","387130000C","(04)23274275","(04)23288582","2026","1","18","10","43","臺中市","大里區","0","0","0","7","","","50","","","","","","","","","","","","","","17","","","","","B02","","","1","","2","","","8","8","1","12","4","120.681659","24.102514","3"
"7269","66000","387130000C","(04)23274275","(04)23288582","2026","1","18","10","45","臺中市","潭子區","0","0","0","7","","","30","","","","","","","","","","","","","","","","","","","B12","","","1","","2","","","8","8","1","13","4","120.707145","24.21963","3"
"7270","66000","387130000C","(04)23274275","(04)23288582","2026","1","18","10","47","臺中市","梧棲區","0","0","0","7","","","30","","","","","","","","","","","","","","14","","","","","B03","","","1","","1","","","49","49","1","6","4","120.551015","24.244401","3"
"7271","66000","387130000C","(04)23274275","(04)23288582","2026","1","18","10","48","臺中市","西區","0","1","0","7","2","6","30","4","1","1","5","4","6","6","4","4","10","5","5","2","17","2","9","1","1","C03","7","9","1","10","1","12","","13","13","1","12","4","120.669169","24.14645","2"
"7272","66000","387130000C","(04)23274275","(04)23288582","2026","1","18","10","49","臺中市","新社區","0","1","0","7","3","6","50","3","1","1","5","4","6","6","4","4","5","5","5","1","15","3","10","5","4","B03","7","15","1","8","2","7","","14","14","1","13","4","120.813719","24.221912","2"
"7273","66000","387130000C","(04)23274275","(04)23288582","2026","1","18","10","50","臺中市","西屯區","0","0","0","7","","","50","","","","","","","","","","","","","","17","","","","","","","","","","","","","87","87","1","","","120.615707","24.184479","3"
"7274","66000","387130000C","(04)23274275","(04)23288582","2026","1","18","11","0","臺中市","北屯區","0","0","0","7","","","30","","","","","","","","","","","","","","9","","","","","B03","","","1","10","9","","","8","8","1","12","4","120.733703","24.177047","4"
"7275","66000","387130000C","(04)23274275","(04)23288582","2026","1","18","11","0","臺中市","大甲區","0","0","0","7","","","50","","","","","","","","","","","","","","12","","","","","B03","","","1","","2","","","8","8","1","6","4","120.634122","24.3447","3"
"7276","66000","387130000C","(04)23274275","(04)23288582","2026","1","18","11","9","臺中市","南區","0","0","0","7","","","50","","","","","","","","","","","","","","","","","","","B12","","","1","","1","","","49","49","1","12","4","120.677111","24.127527","3"
"7277","66000","387130000C","(04)23274275","(04)23288582","2026","1","18","11","12","臺中市","西區","0","3","0","7","2","6","50","3","9","1","5","4","6","6","4","4","5","4","4","2","17","2","9","2","1","C03","7","6","1","10","2","13","","84","84","1","13","4","120.666566","24.144366","2"
"7278","66000","387130000C","(04)23274275","(04)23288582","2026","1","18","11","22","臺中市","霧峰區","0","3","0","7","2","6","60","13","7","1","5","4","6","6","4","4","1","4","4","1","17","2","9","5","4","C04","7","1","5","19","2","14","","51","51","1","12","4","120.693691","24.048631","2"
"7279","66000","387130000C","(04)23274275","(04)23288582","2026","1","18","11","24","臺中市","北屯區","0","2","0","7","2","6","50","13","9","1","5","4","6","6","2","1","5","5","5","2","17","3","10","5","4","B03","7","13","1","8","2","4","","76","76","1","12","4","120.704538","24.186751","2"
"7280","66000","387130000C","(04)23274275","(04)23288582","2026","1","18","11","26","臺中市","南屯區","0","0","0","7","","","50","","","","","","","","","","","","","","","","","","","B03","","","1","","1","","","8","8","1","13","4","120.642007","24.129517","3"
"7281","66000","387130000C","(04)23274275","(04)23288582","2026","1","18","11","26","臺中市","沙鹿區","0","0","0","7","","","50","","","","","","","","","","","","","","12","","","","","B03","","","1","","2","","","8","8","1","6","4","120.577523","24.220103","3"
"7282","66000","387130000C","(04)23274275","(04)23288582","2026","1","18","11","27","臺中市","西屯區","0","0","0","7","","","30","","","","","","","","","","","","","","9","","","","","B03","","","1","","1","","","49","49","1","12","4","120.651601","24.192932","3"
"7283","66000","387130000C","(04)23274275","(04)23288582","2026","1","18","11","27","臺中市","太平區","0","2","0","7","2","6","50","3","1","1","5","4","6","6","2","1","10","5","5","2","16","3","10","2","1","C03","7","5","1","10","2","13","","65","65","1","12","4","120.713168","24.12554","2"
"7284","66000","387130000C","(04)23274275","(04)23288582","2026","1","18","11","30","臺中市","東區","0","2","0","7","2","6","50","4","1","1","5","4","6","6","1","1","10","5","5","2","16","3","10","3","1","B03","7","6","1","8","2","2","","11","11","1","12","4","120.702006","24.142773","2"
"7285","66000","387130000C","(04)23274275","(04)23288582","2026","1","18","11","30","臺中市","沙鹿區","0","0","0","7","","","30","","","","","","","","","","","","","","14","","","","","B03","","","1","","1","","","49","49","1","12","4","120.570592","24.218026","4"
"7286","66000","387130000C","(04)23274275","(04)23288582","2026","1","18","11","36","臺中市","大里區","0","1","0","7","2","6","30","5","1","1","5","4","6","6","1","1","10","5","5","2","12","2","9","1","1","F01","7","15","7","21","2","13","","40","40","1","13","4","120.689874","24.112772","2"
"7287","66000","387130000C","(04)23274275","(04)23288582","2026","1","18","11","43","臺中市","烏日區","0","0","0","7","2","6","50","3","9","1","5","4","6","6","2","1","5","5","5","2","13","","","","","B03","","","1","","1","","","59","59","1","6","4","120.626107","24.111693","3"
"7288","66000","387130000C","(04)23274275","(04)23288582","2026","1","18","11","44","臺中市","北屯區","0","0","0","7","","","50","","","","","","","","","","","","","","14","","","","","B03","","","1","","1","","","49","49","1","6","4","120.725327","24.175235","3"
"7289","66000","387130000C","(04)23274275","(04)23288582","2026","1","18","11","47","臺中市","潭子區","0","0","0","7","","","50","","","","","","","","","","","","","","","","","","","C03","","","1","","2","","","36","36","2","13","4","120.703593","24.215861","3"
"7290","66000","387130000C","(04)23274275","(04)23288582","2026","1","18","11","48","臺中市","大里區","0","1","0","7","2","6","50","13","7","1","5","4","6","6","4","4","5","5","4","2","16","3","10","3","1","B12","7","11","3","19","2","7","","32","32","1","12","4","120.684363","24.095742","2"
"7291","66000","387130000C","(04)23274275","(04)23288582","2026","1","18","11","50","臺中市","北區","0","0","0","7","","","50","","","","","","","","","","","","","","13","","","","","B03","","","1","","1","","","84","84","1","12","4","120.674077","24.173433","3"
"7292","66000","387130000C","(04)23274275","(04)23288582","2026","1","18","11","53","臺中市","大雅區","0","0","0","7","","","60","","","","","","","","","","","","","","","","","","","B03","","","1","","1","","","84","84","1","12","4","120.650519","24.210481","3"