序號,縣市別代碼,機關代碼,市話,傳真,年,月,日,時,分,縣市,區,死亡數量,受傷數量,2-30,天候,道路照明設備,道路類別,道路速限,道路型態,事故位置,路面鋪裝,路面狀態,路面缺陷,障礙物,視距,號誌種類,號誌動作,分向設施,快車道或一般車道間,快慢車道間,路面邊線,事故類型及型態,受傷程度,主要傷處,保護裝備,行動電話或功能裝置,當事者區分(類別),車輛用途,當事者行動狀態,駕照狀態,駕照種類,飲酒情形,車輛撞擊部位最初,車輛撞擊部位其他,肇事因素個別,肇事因素主要,肇事逃逸,職業,共享經濟或外送平台,GPS座標X,GPS座標Y,事故類別
"7293","66000","387130000C","(04)23274275","(04)23288582","2026","1","18","11","53","臺中市","后里區","0","2","0","7","2","6","50","3","8","1","5","4","6","6","4","4","9","4","4","1","17","3","10","3","1","B03","7","11","5","19","2","5","","45","45","1","6","4","120.706983","24.311317","2"
"7294","66000","387130000C","(04)23274275","(04)23288582","2026","1","18","11","55","臺中市","沙鹿區","0","0","0","7","","","30","","","","","","","","","","","","","","","","","","","C03","","","1","","2","","","7","7","1","6","4","120.568118","24.249152","3"
"7295","66000","387130000C","(04)23274275","(04)23288582","2026","1","18","12","0","臺中市","豐原區","0","0","0","7","","","30","","","","","","","","","","","","","","17","","","","","B02","","","1","","9","","","8","8","1","12","4","120.723176","24.255855","3"
"7296","66000","387130000C","(04)23274275","(04)23288582","2026","1","18","12","5","臺中市","北屯區","0","0","0","7","","","50","","","","","","","","","","","","","","13","","","","","B03","","","1","","1","","","59","59","1","6","4","120.685456","24.181275","3"
"7297","66000","387130000C","(04)23274275","(04)23288582","2026","1","18","12","9","臺中市","清水區","0","0","0","7","2","6","50","","1","1","5","4","6","","4","4","9","5","5","2","15","","","","","C03","","","1","","1","","","15","15","1","12","4","120.578262","24.282156","3"
"7298","66000","387130000C","(04)23274275","(04)23288582","2026","1","18","12","10","臺中市","西屯區","0","0","0","7","","","50","","","","","","","","","","","","","","13","","","","","B03","","","1","","1","","","84","84","1","13","4","120.62885","24.163256","3"
"7299","66000","387130000C","(04)23274275","(04)23288582","2026","1","18","12","15","臺中市","北屯區","0","1","0","6","3","6","50","3","2","1","5","4","6","6","1","1","1","5","5","2","13","3","10","3","4","B03","7","9","1","8","2","5","","7","7","1","6","4","120.661561","24.185036","2"
"7300","66000","387130000C","(04)23274275","(04)23288582","2026","1","18","12","22","臺中市","大甲區","0","0","0","7","","","70","","","","","","","","","","","","","","13","","","","","B03","","","1","","1","","","7","7","1","6","4","120.643178","24.400323","3"
"7301","66000","387130000C","(04)23274275","(04)23288582","2026","1","18","12","25","臺中市","大雅區","0","0","0","7","","","50","","","","","","","","","","","","","","","","","","","B03","","","1","","2","","","65","65","1","13","4","120.648355","24.221185","3"
"7302","66000","387130000C","(04)23274275","(04)23288582","2026","1","18","12","27","臺中市","南屯區","0","0","0","7","","","50","","","","","","","","","","","","","","17","","","","","B03","","","1","","1","","","85","85","1","6","4","120.609718","24.139","3"
"7303","66000","387130000C","(04)23274275","(04)23288582","2026","1","18","12","32","臺中市","大里區","0","0","0","7","","","50","","","","","","","","","","","","","","17","","","","","B03","","","1","","2","","","49","49","1","12","4","120.686983","24.096531","3"
"7304","66000","387130000C","(04)23274275","(04)23288582","2026","1","18","12","36","臺中市","南區","0","0","0","7","","","50","","","","","","","","","","","","","","","","","","","B03","","","1","","1","","","49","49","1","6","4","120.658933","24.113325","4"
"7305","66000","387130000C","(04)23274275","(04)23288582","2026","1","18","12","37","臺中市","西區","0","1","0","7","2","6","50","4","1","1","5","4","6","6","1","1","10","5","5","2","17","3","10","3","1","B03","7","5","1","8","2","5","","47","47","1","12","4","120.661724","24.132351","2"
"7306","66000","387130000C","(04)23274275","(04)23288582","2026","1","18","12","39","臺中市","后里區","0","2","0","7","3","6","50","4","1","1","5","4","6","6","4","4","5","5","5","1","15","2","9","1","1","C03","7","9","5","19","2","12","","15","15","1","12","4","120.671961","24.309895","2"
"7307","66000","387130000C","(04)23274275","(04)23288582","2026","1","18","12","40","臺中市","南屯區","0","3","0","7","2","6","50","4","1","1","5","4","6","6","2","1","9","4","4","2","12","2","9","1","1","C03","7","9","1","10","2","11","","21","21","1","12","4","120.638312","24.133763","2"
"7308","66000","387130000C","(04)23274275","(04)23288582","2026","1","18","12","40","臺中市","豐原區","0","0","0","7","","","50","","","","","","","","","","","","","","17","","","","","B03","","","1","","2","","","7","7","1","6","4","120.720852","24.23949","3"
"7309","66000","387130000C","(04)23274275","(04)23288582","2026","1","18","12","56","臺中市","北區","0","2","0","7","2","6","30","4","1","1","5","4","6","6","4","4","10","5","5","2","15","2","9","1","1","C03","7","9","1","10","2","12","","15","15","1","12","4","120.683601","24.14677","2"
"7310","66000","387130000C","(04)23274275","(04)23288582","2026","1","18","12","57","臺中市","東區","0","0","0","7","","","50","","","","","","","","","","","","","","","","","","","B03","","","1","","1","","","7","7","1","12","4","120.689118","24.136979","4"
"7311","66000","387130000C","(04)23274275","(04)23288582","2026","1","18","12","57","臺中市","豐原區","0","2","0","7","2","6","0","13","24","1","5","4","6","6","4","4","10","4","5","2","15","2","9","5","4","F01","7","11","7","21","2","13","","39","39","1","12","1","120.72307","24.254428","2"
"7312","66000","387130000C","(04)23274275","(04)23288582","2026","1","18","13","1","臺中市","龍井區","0","1","0","7","2","6","30","4","1","1","5","4","6","6","4","4","10","5","5","2","16","2","8","1","1","C03","7","9","1","10","2","14","","59","59","1","6","4","120.5407","24.210387","2"
"7313","66000","387130000C","(04)23274275","(04)23288582","2026","1","18","13","2","臺中市","南屯區","0","1","0","7","3","6","50","13","9","1","5","4","6","6","4","4","9","5","5","2","13","3","10","2","1","C03","7","9","1","10","2","11","","7","7","1","13","4","120.638693","24.142763","2"
"7314","66000","387130000C","(04)23274275","(04)23288582","2026","1","18","13","2","臺中市","霧峰區","0","2","0","7","2","6","50","13","8","1","5","4","6","6","4","4","5","4","4","1","17","2","8","3","1","B03","7","13","1","8","2","4","","76","76","1","12","4","120.699186","24.069435","2"
"7315","66000","387130000C","(04)23274275","(04)23288582","2026","1","18","13","4","臺中市","西屯區","0","0","0","7","","","50","","","","","","","","","","","","","","14","","","","","B03","","","1","","1","","","49","49","1","12","4","120.62128","24.187211","3"
"7316","66000","387130000C","(04)23274275","(04)23288582","2026","1","18","13","6","臺中市","潭子區","0","0","0","7","","","30","","","","","","","","","","","","","","16","","","","","B12","","","1","","2","","","23","23","1","12","4","120.673789","24.20546","3"
"7317","66000","387130000C","(04)23274275","(04)23288582","2026","1","18","13","14","臺中市","北屯區","0","0","0","7","","3","50","","","","","","","","","","","","","","","","","","","B03","","","1","","1","","","84","84","1","13","4","120.680535","24.200846","3"
"7318","66000","387130000C","(04)23274275","(04)23288582","2026","1","18","13","15","臺中市","北區","0","1","0","7","3","6","50","3","1","1","5","4","6","6","4","4","2","4","5","2","16","3","10","3","1","B03","7","5","1","8","2","2","","20","20","1","12","4","120.684169","24.163224","2"
"7319","66000","387130000C","(04)23274275","(04)23288582","2026","1","18","13","19","臺中市","西屯區","0","2","0","7","2","6","50","11","7","1","5","4","6","6","4","4","9","5","4","2","17","3","10","5","4","B03","7","15","1","8","2","8","","42","42","1","12","4","120.645542","24.171174","2"
"7320","66000","387130000C","(04)23274275","(04)23288582","2026","1","18","13","20","臺中市","豐原區","0","0","0","7","","","50","","","","","","","","","","","","","","12","","","","","A12","","","1","3","2","","","8","8","1","13","4","120.722905","24.264262","4"
"7321","66000","387130000C","(04)23274275","(04)23288582","2026","1","18","13","21","臺中市","霧峰區","0","1","0","7","2","6","30","3","2","1","5","4","6","6","4","4","10","5","5","1","17","3","10","3","1","B12","7","5","1","8","2","8","","84","84","1","6","4","120.690475","24.026371","2"
"7322","66000","387130000C","(04)23274275","(04)23288582","2026","1","18","13","29","臺中市","豐原區","0","2","0","7","3","6","50","4","1","1","5","4","6","6","1","1","5","5","4","2","17","2","9","1","1","C03","7","1","1","10","2","11","","51","51","1","12","4","120.710392","24.254802","2"
"7323","66000","387130000C","(04)23274275","(04)23288582","2026","1","18","13","30","臺中市","梧棲區","0","1","0","7","2","6","60","4","1","1","5","4","6","6","1","1","10","5","5","2","16","3","10","3","1","B03","7","5","1","8","2","2","","47","47","1","6","4","120.536497","24.250026","2"
"7324","66000","387130000C","(04)23274275","(04)23288582","2026","1","18","13","36","臺中市","烏日區","0","1","0","7","2","6","50","3","1","1","5","4","6","6","2","1","10","5","5","2","16","3","10","5","4","B03","7","6","1","8","2","1","","25","25","1","13","4","120.641933","24.115637","2"
"7325","66000","387130000C","(04)23274275","(04)23288582","2026","1","18","13","40","臺中市","南屯區","0","0","0","7","","","50","","","","","","","","","","","","","","17","","","","","C02","","","1","","1","","","84","84","1","12","4","120.6466","24.150912","3"
"7326","66000","387130000C","(04)23274275","(04)23288582","2026","1","18","13","44","臺中市","清水區","0","0","0","6","","","30","","","","","","","","","","","","","","","","","","","C03","","","1","","1","","","51","51","1","12","4","120.556004","24.260491","3"
"7327","66000","387130000C","(04)23274275","(04)23288582","2026","1","18","13","48","臺中市","清水區","0","1","0","7","2","6","70","4","1","1","5","4","6","6","4","4","8","3","4","1","12","3","10","3","1","B03","7","6","1","8","2","4","","8","8","1","12","4","120.553666","24.294216","2"
"7328","66000","387130000C","(04)23274275","(04)23288582","2026","1","18","13","50","臺中市","豐原區","0","0","0","7","","","50","","","","","","","","","","","","","","17","","","","","B03","","","1","","2","","","40","40","1","6","4","120.750391","24.269885","3"
"7329","66000","387130000C","(04)23274275","(04)23288582","2026","1","18","13","52","臺中市","北屯區","0","0","0","7","","","50","","","","","","","","","","","","","","13","","","","","B03","","","1","","1","","","84","84","1","12","4","120.691764","24.162704","3"
"7330","66000","387130000C","(04)23274275","(04)23288582","2026","1","18","13","53","臺中市","大里區","0","0","0","7","","","50","","","","","","","","","","","","","","","","","","","B03","","","1","","1","","","84","84","1","12","4","120.681402","24.104154","3"
"7331","66000","387130000C","(04)23274275","(04)23288582","2026","1","18","13","53","臺中市","大里區","0","0","0","7","","","30","","","","","","","","","","","","","","","","","","","B03","","","1","","2","","","50","50","1","6","4","120.737642","24.085916","3"
"7332","66000","387130000C","(04)23274275","(04)23288582","2026","1","18","13","54","臺中市","大雅區","0","3","0","7","3","6","50","13","9","1","5","4","6","6","4","4","4","5","5","1","11","2","9","1","1","C03","7","11","1","10","2","11","","20","20","1","12","4","120.666234","24.217205","2"
"7333","66000","387130000C","(04)23274275","(04)23288582","2026","1","18","13","58","臺中市","東勢區","0","2","0","7","2","6","50","4","1","1","5","4","6","6","4","4","10","5","5","2","15","2","9","1","1","C03","7","9","1","10","2","12","","12","12","1","12","4","120.835084","24.248698","2"
"7334","66000","387130000C","(04)23274275","(04)23288582","2026","1","18","14","3","臺中市","西區","0","0","0","7","","","50","","","","","","","","","","","","","","13","","","","","B03","","","1","","1","","","59","59","1","13","4","120.676584","24.139605","3"
"7335","66000","387130000C","(04)23274275","(04)23288582","2026","1","18","14","7","臺中市","西屯區","0","0","0","7","","","50","","","","","","","","","","","","","","12","","","","","B01","","","1","","2","","","59","59","1","6","4","120.639748","24.171689","3"
"7336","66000","387130000C","(04)23274275","(04)23288582","2026","1","18","14","10","臺中市","南屯區","0","0","0","7","","","50","","","","","","","","","","","","","","17","","","","","B03","","","1","","1","","","76","76","1","13","4","120.642804","24.146708","3"
"7337","66000","387130000C","(04)23274275","(04)23288582","2026","1","18","14","13","臺中市","西屯區","0","0","0","7","","","50","","","","","","","","","","","","","","16","","","","","C03","","","1","","1","","","35","35","1","13","4","120.643404","24.178465","3"
"7338","66000","387130000C","(04)23274275","(04)23288582","2026","1","18","14","20","臺中市","梧棲區","0","0","0","7","","","50","","","","","","","","","","","","","","14","","","","","B03","","","1","","2","","","49","49","1","6","4","120.540117","24.25394","3"
"7339","66000","387130000C","(04)23274275","(04)23288582","2026","1","18","14","24","臺中市","大里區","0","0","0","7","2","6","50","13","9","1","5","4","6","6","4","4","10","5","5","2","17","3","10","3","1","B03","7","9","1","8","1","8","","8","8","2","12","4","120.678571","24.116544","3"
"7340","66000","387130000C","(04)23274275","(04)23288582","2026","1","18","14","29","臺中市","東區","0","0","0","7","","","50","","","","","","","","","","","","","","","","","","","B03","","","1","","1","","","8","8","1","12","4","120.697145","24.138839","3"
"7341","66000","387130000C","(04)23274275","(04)23288582","2026","1","18","14","32","臺中市","東區","0","1","0","7","2","6","40","4","1","1","5","4","6","6","1","1","10","5","5","2","16","3","10","3","1","B03","7","5","1","8","2","6","","11","11","1","12","4","120.692328","24.147842","2"
"7342","66000","387130000C","(04)23274275","(04)23288582","2026","1","18","14","35","臺中市","東勢區","0","0","0","7","","","50","","","","","","","","","","","","","","","","","","","B03","","","1","","2","","","55","55","1","13","4","120.843147","24.165585","3"
"7343","66000","387130000C","(04)23274275","(04)23288582","2026","1","18","14","38","臺中市","豐原區","0","0","0","7","","","30","","","","","","","","","","","","","","","","","","","B03","","","1","","9","","","84","84","2","13","4","120.724339","24.258151","3"
"7344","66000","387130000C","(04)23274275","(04)23288582","2026","1","18","14","39","臺中市","北區","0","1","0","7","2","6","50","4","1","1","5","4","6","6","2","1","10","5","5","2","17","2","9","1","1","C03","7","6","1","10","2","11","","84","84","1","13","4","120.669144","24.159173","2"
"7345","66000","387130000C","(04)23274275","(04)23288582","2026","1","18","14","40","臺中市","西區","0","0","0","7","","","50","","","","","","","","","","","","","","13","","","","","B03","","","1","","2","","","7","7","1","12","4","120.671627","24.146133","3"
"7346","66000","387130000C","(04)23274275","(04)23288582","2026","1","18","14","43","臺中市","西區","0","1","0","7","3","6","50","13","9","1","5","4","6","6","4","4","5","4","5","2","12","3","10","1","1","C03","7","9","1","10","1","11","","84","84","1","6","4","120.680914","24.136982","2"
"7347","66000","387130000C","(04)23274275","(04)23288582","2026","1","18","14","43","臺中市","南區","0","0","0","7","","","50","","","","","","","","","","","","","","","","","","","B03","","","1","","1","","","7","7","1","6","4","120.678482","24.1324","4"
"7348","66000","387130000C","(04)23274275","(04)23288582","2026","1","18","14","50","臺中市","北區","0","0","0","7","","","50","","","","","","","","","","","","","","17","","","","","B03","","","1","","2","","","59","59","1","12","4","120.673979","24.165114","3"
"7349","66000","387130000C","(04)23274275","(04)23288582","2026","1","18","14","50","臺中市","梧棲區","0","0","0","7","","","30","","","","","","","","","","","","","","14","","","","","B03","","","1","","1","","","49","49","1","6","4","120.534019","24.260716","3"
"7350","66000","387130000C","(04)23274275","(04)23288582","2026","1","18","15","2","臺中市","霧峰區","0","1","0","7","2","6","30","4","1","1","5","4","6","6","4","4","10","5","5","2","15","2","8","1","1","C03","7","9","1","10","2","11","","15","15","1","6","4","120.698259","24.071205","2"
"7351","66000","387130000C","(04)23274275","(04)23288582","2026","1","18","15","5","臺中市","東勢區","0","1","0","7","2","6","60","13","9","1","5","4","6","6","4","4","5","4","5","1","13","2","9","1","1","C03","7","9","1","9","2","11","","85","85","1","12","4","120.803063","24.303417","2"
"7352","66000","387130000C","(04)23274275","(04)23288582","2026","1","18","15","12","臺中市","南屯區","0","0","0","7","","","50","","","","","","","","","","","","","","17","","","","","C03","","","1","","2","","","59","59","1","13","4","120.649871","24.150645","4"
"7353","66000","387130000C","(04)23274275","(04)23288582","2026","1","18","15","12","臺中市","北屯區","0","0","0","7","","","50","","","","","","","","","","","","","","13","","","","","B03","","","1","","1","","","7","7","1","6","4","120.704466","24.170757","3"
"7354","66000","387130000C","(04)23274275","(04)23288582","2026","1","18","15","14","臺中市","霧峰區","0","1","0","7","2","6","50","13","8","1","5","4","6","6","4","4","1","4","4","1","17","2","9","2","1","C03","7","9","1","10","2","11","","84","84","1","12","4","120.693676","24.036184","2"
"7355","66000","387130000C","(04)23274275","(04)23288582","2026","1","18","15","18","臺中市","北屯區","0","0","0","7","","3","40","","","","","","","","","","","","","","13","","","","","B03","","","1","","1","","","84","84","1","13","4","120.722278","24.185517","3"
"7356","66000","387130000C","(04)23274275","(04)23288582","2026","1","18","15","19","臺中市","西屯區","0","0","0","7","","","50","","","","","","","","","","","","","","14","","","","","B03","","","3","","2","","","49","49","1","12","4","120.654869","24.164306","3"
"7357","66000","387130000C","(04)23274275","(04)23288582","2026","1","18","15","20","臺中市","西區","0","1","0","7","2","6","50","4","2","1","5","4","6","6","2","1","5","5","4","2","17","3","10","3","1","B03","7","1","1","8","2","8","","51","51","1","13","4","120.661606","24.13534","2"
"7358","66000","387130000C","(04)23274275","(04)23288582","2026","1","18","15","30","臺中市","北區","0","2","0","7","2","6","30","5","2","1","5","4","6","6","4","4","10","5","5","2","11","2","9","2","1","C03","7","5","1","10","2","11","","84","84","1","13","4","120.671108","24.156399","2"
"7359","66000","387130000C","(04)23274275","(04)23288582","2026","1","18","15","36","臺中市","太平區","0","1","0","7","3","6","40","13","8","1","5","4","6","6","4","4","5","5","4","1","13","2","8","1","1","C03","7","9","1","10","2","11","","7","7","1","12","4","120.720138","24.15738","2"
"7360","66000","387130000C","(04)23274275","(04)23288582","2026","1","18","15","40","臺中市","西屯區","0","0","0","7","","","30","","","","","","","","","","","","","","11","","","","","B03","","","1","","2","","","8","8","1","13","4","120.629851","24.184811","3"
"7361","66000","387130000C","(04)23274275","(04)23288582","2026","1","18","15","46","臺中市","潭子區","0","1","0","7","2","6","50","13","9","1","5","4","6","6","4","4","9","4","5","2","12","2","9","2","1","C03","7","8","3","19","2","14","","40","40","1","5","4","120.712058","24.20073","2"
"7362","66000","387130000C","(04)23274275","(04)23288582","2026","1","18","15","46","臺中市","西屯區","0","0","0","7","","","50","","","","","","","","","","","","","","14","","","","","B03","","","1","","2","","","49","49","1","12","4","120.647405","24.170366","3"
"7363","66000","387130000C","(04)23274275","(04)23288582","2026","1","18","15","53","臺中市","潭子區","0","0","0","7","","","30","","","","","","","","","","","","","","","","","","","B03","","","1","","1","","","8","8","2","13","4","120.68304","24.214977","3"
"7364","66000","387130000C","(04)23274275","(04)23288582","2026","1","18","15","53","臺中市","大肚區","0","1","0","7","2","6","50","4","1","1","5","4","6","6","4","4","10","5","5","2","15","2","9","1","1","C03","7","9","1","10","2","11","","15","15","1","6","4","120.540442","24.149555","2"
"7365","66000","387130000C","(04)23274275","(04)23288582","2026","1","18","15","56","臺中市","北屯區","0","0","0","7","","","50","","","","","","","","","","","","","","13","","","","","C03","","","3","","9","","","7","7","1","13","4","120.661164","24.190787","3"
"7366","66000","387130000C","(04)23274275","(04)23288582","2026","1","18","16","0","臺中市","北屯區","0","0","0","7","","","50","","","","","","","","","","","","","","14","","","","","B03","","","1","","1","","","49","49","1","6","4","120.707831","24.180114","3"
"7367","66000","387130000C","(04)23274275","(04)23288582","2026","1","18","16","1","臺中市","神岡區","0","0","0","7","","","30","","","","","","","","","","","","","","13","","","","","C03","","","1","","2","","","7","7","1","12","4","120.687213","24.246163","3"
"7368","66000","387130000C","(04)23274275","(04)23288582","2026","1","18","16","3","臺中市","西屯區","0","0","0","7","","","50","","","","","","","","","","","","","","12","","","","","B02","","","1","","1","","","40","40","1","12","4","120.642153","24.16443","3"
"7369","66000","387130000C","(04)23274275","(04)23288582","2026","1","18","16","5","臺中市","潭子區","0","1","0","7","3","6","30","3","1","1","5","4","6","6","4","4","5","5","5","1","16","2","9","2","1","C03","7","6","1","10","2","14","","11","11","1","12","4","120.681346","24.223523","2"
"7370","66000","387130000C","(04)23274275","(04)23288582","2026","1","18","16","13","臺中市","神岡區","0","1","0","7","2","6","30","13","9","1","5","4","6","6","4","4","9","5","5","1","18","2","9","5","4","F01","7","9","7","21","2","12","","59","59","1","13","4","120.6949","24.232159","2"
"7371","66000","387130000C","(04)23274275","(04)23288582","2026","1","18","16","21","臺中市","霧峰區","0","0","0","7","","","50","","","","","","","","","","","","","","","","","","","B03","","","1","","2","","","50","50","1","13","4","120.699258","24.071591","3"
"7372","66000","387130000C","(04)23274275","(04)23288582","2026","1","18","16","21","臺中市","清水區","0","0","0","7","","","50","","","","","","","","","","","","","","","","","","","B03","","","1","","1","","","49","49","1","12","4","120.566779","24.26836","3"
"7373","66000","387130000C","(04)23274275","(04)23288582","2026","1","18","16","22","臺中市","北區","0","2","0","7","2","6","50","13","9","1","5","4","6","6","4","4","5","4","5","2","16","3","10","3","1","B03","7","11","1","8","2","5","","39","39","1","12","4","120.683669","24.16705","2"
"7374","66000","387130000C","(04)23274275","(04)23288582","2026","1","18","16","28","臺中市","北屯區","0","1","0","7","2","6","30","4","1","1","5","4","6","6","4","4","10","5","5","2","15","3","10","3","1","B03","7","9","1","8","2","5","","12","12","1","12","4","120.682225","24.170317","2"
"7375","66000","387130000C","(04)23274275","(04)23288582","2026","1","18","16","32","臺中市","南區","0","0","0","7","","","50","","","","","","","","","","","","","","13","","","","","B03","","","1","","1","","","84","84","1","6","4","120.65738","24.113192","3"
"7376","66000","387130000C","(04)23274275","(04)23288582","2026","1","18","16","42","臺中市","霧峰區","0","0","0","7","","3","80","","","","","","","","","","","","","","13","","","","","B03","","","1","","1","","","59","59","1","12","4","120.689871","24.064078","3"
"7377","66000","387130000C","(04)23274275","(04)23288582","2026","1","18","16","54","臺中市","潭子區","0","0","0","7","","","30","","","","","","","","","","","","","","","","","","","B03","","","1","","2","","","84","84","1","13","4","120.705625","24.226559","3"
"7378","66000","387130000C","(04)23274275","(04)23288582","2026","1","18","16","55","臺中市","清水區","0","2","0","6","3","6","50","13","7","1","5","4","6","6","4","4","5","5","4","2","17","2","9","2","1","C03","7","11","1","10","2","11","","45","45","1","12","4","120.575679","24.277618","2"
"7379","66000","387130000C","(04)23274275","(04)23288582","2026","1","18","16","58","臺中市","清水區","0","2","0","7","3","6","30","4","1","1","5","4","6","6","4","4","10","5","5","1","15","2","9","2","1","C03","7","9","1","10","2","11","","15","15","1","12","4","120.583108","24.310356","2"
"7380","66000","387130000C","(04)23274275","(04)23288582","2026","1","18","16","59","臺中市","北區","0","0","0","7","","","50","","","","","","","","","","","","","","17","","","","","B03","","","1","","1","","","85","85","1","13","4","120.675228","24.15363","3"
"7381","66000","387130000C","(04)23274275","(04)23288582","2026","1","18","16","59","臺中市","北屯區","0","1","0","7","1","6","50","13","9","1","5","4","6","6","4","4","3","4","5","2","12","3","10","3","1","B03","7","5","1","8","2","2","","20","20","1","13","4","120.721313","24.178409","2"
"7382","66000","387130000C","(04)23274275","(04)23288582","2026","1","18","16","59","臺中市","豐原區","0","1","0","7","2","6","50","4","2","1","5","4","6","6","4","4","5","5","5","2","13","2","8","1","1","C03","7","9","1","10","2","11","14","59","59","1","13","4","120.718822","24.252435","2"
"7383","66000","387130000C","(04)23274275","(04)23288582","2026","1","18","17","2","臺中市","清水區","0","2","0","7","2","6","50","13","8","1","5","4","6","6","4","4","8","3","4","1","9","2","9","1","1","C03","7","9","1","10","2","12","","85","85","1","12","4","120.574013","24.2751","2"
"7384","66000","387130000C","(04)23274275","(04)23288582","2026","1","18","17","3","臺中市","西屯區","0","0","0","7","","","30","","","","","","","","","","","","","","14","","","","","B03","","","1","","2","","","49","49","1","12","4","120.652912","24.171873","3"
"7385","66000","387130000C","(04)23274275","(04)23288582","2026","1","18","17","3","臺中市","霧峰區","0","1","0","7","2","6","40","13","9","1","5","4","6","6","4","4","5","5","5","1","17","2","9","3","1","B03","7","9","1","8","8","5","","42","42","1","6","4","120.704024","24.071525","2"
"7386","66000","387130000C","(04)23274275","(04)23288582","2026","1","18","17","4","臺中市","西區","0","0","0","7","","","50","","","","","","","","","","","","","","17","","","","","C03","","","1","","2","","","84","84","1","13","4","120.657637","24.150965","3"
"7387","66000","387130000C","(04)23274275","(04)23288582","2026","1","18","17","17","臺中市","北屯區","0","0","0","7","","","50","","","","","","","","","","","","","","14","","","","","B03","","","1","","2","","","49","49","1","13","4","120.682757","24.192301","3"
"7388","66000","387130000C","(04)23274275","(04)23288582","2026","1","18","17","20","臺中市","西屯區","0","1","0","7","2","6","40","4","2","1","5","4","6","6","2","1","10","5","5","2","12","2","9","1","1","C03","7","8","1","10","2","13","","40","40","1","12","4","120.655771","24.159056","2"
"7389","66000","387130000C","(04)23274275","(04)23288582","2026","1","18","17","20","臺中市","沙鹿區","0","0","0","7","","","50","","","","","","","","","","","","","","","","","","","B03","","","1","","1","","","34","34","1","6","4","120.561215","24.239928","3"
"7390","66000","387130000C","(04)23274275","(04)23288582","2026","1","18","17","20","臺中市","梧棲區","0","0","0","7","","","50","","","","","","","","","","","","","","13","","","","","B03","","","1","","1","","","7","7","1","12","4","120.526377","24.222423","3"
"7391","66000","387130000C","(04)23274275","(04)23288582","2026","1","18","17","28","臺中市","南區","0","0","0","7","","","50","","","","","","","","","","","","","","","","","","","B03","","","1","","1","","","84","84","1","12","4","120.678761","24.119001","3"
"7392","66000","387130000C","(04)23274275","(04)23288582","2026","1","18","17","31","臺中市","西屯區","0","0","0","7","","","50","","","","","","","","","","","","","","30","","","","","C03","","","1","","1","","","84","84","1","12","4","120.615677","24.188965","3"
"7393","66000","387130000C","(04)23274275","(04)23288582","2026","1","18","17","34","臺中市","北屯區","0","0","0","7","","","50","","","","","","","","","","","","","","16","","","","","B03","","","1","","1","","","11","11","1","13","4","120.707785","24.18513","3"
"7394","66000","387130000C","(04)23274275","(04)23288582","2026","1","18","17","35","臺中市","北屯區","0","0","0","7","","","50","","","","","","","","","","","","","","30","","","","","B03","","","1","","2","","","84","84","1","6","4","120.690887","24.172176","3"
"7395","66000","387130000C","(04)23274275","(04)23288582","2026","1","18","17","39","臺中市","潭子區","0","1","0","7","1","6","40","13","8","1","5","4","6","6","4","4","1","4","4","1","13","2","9","2","1","C03","7","9","1","10","2","11","","59","59","1","12","4","120.705341","24.211249","2"
"7396","66000","387130000C","(04)23274275","(04)23288582","2026","1","18","17","40","臺中市","西區","0","0","0","7","","","50","","","","","","","","","","","","","","17","","","","","B03","","","1","","1","","","59","59","1","12","4","120.659391","24.142941","3"
"7397","66000","387130000C","(04)23274275","(04)23288582","2026","1","18","17","45","臺中市","清水區","0","0","0","7","1","6","30","3","2","1","5","4","6","6","4","4","8","4","5","1","11","","","","","B03","","","1","","1","","","8","8","1","12","4","120.563309","24.280124","3"
"7398","66000","387130000C","(04)23274275","(04)23288582","2026","1","18","17","46","臺中市","北屯區","0","0","0","7","","","50","","","","","","","","","","","","","","12","","","","","B03","","","1","","2","","","50","50","1","12","4","120.686552","24.195196","3"
"7399","66000","387130000C","(04)23274275","(04)23288582","2026","1","18","17","49","臺中市","西屯區","0","0","0","7","","","50","","","","","","","","","","","","","","13","","","","","B03","","","1","","2","","","58","58","1","12","4","120.657925","24.170795","3"
"7400","66000","387130000C","(04)23274275","(04)23288582","2026","1","18","17","50","臺中市","潭子區","0","1","0","6","1","6","50","4","2","1","5","4","6","6","1","1","1","4","5","2","13","3","10","3","1","B03","7","9","1","8","7","1","","53","53","1","13","4","120.718259","24.19761","2"
"7401","66000","387130000C","(04)23274275","(04)23288582","2026","1","18","17","50","臺中市","西屯區","0","1","0","7","1","6","50","13","9","1","5","4","6","6","4","4","5","4","5","2","13","3","10","5","4","C03","7","9","1","10","2","11","","7","7","1","13","4","120.644517","24.171364","2"
"7402","66000","387130000C","(04)23274275","(04)23288582","2026","1","18","17","52","臺中市","神岡區","0","0","0","7","","","50","","","","","","","","","","","","","","17","","","","","B03","","","1","","2","","","84","84","1","12","4","120.687811","24.247319","3"
"7403","66000","387130000C","(04)23274275","(04)23288582","2026","1","18","17","55","臺中市","西區","0","0","0","7","","","40","","","","","","","","","","","","","","13","","","","","C03","","","1","","2","","","7","7","1","6","4","120.671399","24.149904","3"