序號,縣市別代碼,機關代碼,市話,傳真,年,月,日,時,分,縣市,區,死亡數量,受傷數量,2-30,天候,道路照明設備,道路類別,道路速限,道路型態,事故位置,路面鋪裝,路面狀態,路面缺陷,障礙物,視距,號誌種類,號誌動作,分向設施,快車道或一般車道間,快慢車道間,路面邊線,事故類型及型態,受傷程度,主要傷處,保護裝備,行動電話或功能裝置,當事者區分(類別),車輛用途,當事者行動狀態,駕照狀態,駕照種類,飲酒情形,車輛撞擊部位最初,車輛撞擊部位其他,肇事因素個別,肇事因素主要,肇事逃逸,職業,共享經濟或外送平台,GPS座標X,GPS座標Y,事故類別
"7404","66000","387130000C","(04)23274275","(04)23288582","2026","1","18","17","55","臺中市","東區","0","0","0","7","","","50","","","","","","","","","","","","","","","","","","","B03","","","1","","1","","","7","7","1","13","4","120.711268","24.144465","3"
"7405","66000","387130000C","(04)23274275","(04)23288582","2026","1","18","17","55","臺中市","大里區","0","0","0","6","","","50","","","","","","","","","","","","","","","","","","","B03","","","1","","2","","","59","59","1","12","4","120.683833","24.114993","3"
"7406","66000","387130000C","(04)23274275","(04)23288582","2026","1","18","18","2","臺中市","大里區","0","1","0","7","1","6","50","4","1","1","5","4","6","6","1","1","5","4","5","2","15","3","10","3","1","B03","7","9","1","8","2","1","","21","21","1","12","4","120.688744","24.119863","2"
"7407","66000","387130000C","(04)23274275","(04)23288582","2026","1","18","18","3","臺中市","大甲區","0","0","0","7","","3","90","","","","","","","","","","","","","","","","","","","B03","","","1","","2","","","59","59","1","6","4","120.602588","24.391993","3"
"7408","66000","387130000C","(04)23274275","(04)23288582","2026","1","18","18","3","臺中市","神岡區","0","0","0","7","","","50","","","","","","","","","","","","","","17","","","","","F03","","","7","","2","","","11","11","1","13","4","120.677603","24.264852","3"
"7409","66000","387130000C","(04)23274275","(04)23288582","2026","1","18","18","8","臺中市","東區","0","0","0","7","","","50","","","","","","","","","","","","","","","","","","","B03","","","1","","1","","","15","15","1","13","4","120.704427","24.142134","3"
"7410","66000","387130000C","(04)23274275","(04)23288582","2026","1","18","18","8","臺中市","北屯區","0","0","0","7","","","50","","","","","","","","","","","","","","","","","","","B03","","","1","","1","","","11","11","1","13","4","120.696208","24.183202","3"
"7411","66000","387130000C","(04)23274275","(04)23288582","2026","1","18","18","12","臺中市","大里區","0","1","0","7","1","6","50","4","1","1","5","4","6","6","1","1","1","4","5","1","16","3","10","3","1","B03","7","6","1","8","2","2","","11","11","1","13","4","120.681713","24.102589","2"
"7412","66000","387130000C","(04)23274275","(04)23288582","2026","1","18","18","14","臺中市","石岡區","0","1","0","7","1","6","70","4","1","1","5","4","6","6","1","1","4","4","4","1","12","3","10","1","1","C04","7","11","1","11","2","13","","45","45","1","13","4","120.814366","24.261353","2"
"7413","66000","387130000C","(04)23274275","(04)23288582","2026","1","18","18","15","臺中市","西區","0","0","0","6","","","50","","","","","","","","","","","","","","","","","","","B03","","","1","","1","","","84","84","1","12","4","120.657126","24.156735","3"
"7414","66000","387130000C","(04)23274275","(04)23288582","2026","1","18","18","17","臺中市","西區","0","2","0","7","1","6","50","4","1","1","5","4","6","6","1","2","10","5","5","2","17","3","10","2","1","C03","7","6","1","10","2","11","","48","48","1","13","4","120.675314","24.136378","2"
"7415","66000","387130000C","(04)23274275","(04)23288582","2026","1","18","18","19","臺中市","北屯區","0","0","0","7","","","50","","","","","","","","","","","","","","17","","","","","B03","","","1","","2","","","40","40","1","13","4","120.776316","24.198616","3"
"7416","66000","387130000C","(04)23274275","(04)23288582","2026","1","18","18","20","臺中市","北屯區","0","0","0","7","","","30","","","","","","","","","","","","","","12","","","","","B03","","","1","","2","","","8","8","1","6","4","120.669445","24.184872","3"
"7417","66000","387130000C","(04)23274275","(04)23288582","2026","1","18","18","22","臺中市","豐原區","0","0","0","7","","","50","","","","","","","","","","","","","","","","","","","C03","","","1","","2","","","7","7","1","13","4","120.721345","24.257833","3"
"7418","66000","387130000C","(04)23274275","(04)23288582","2026","1","18","18","23","臺中市","大雅區","0","0","0","7","","","30","","","","","","","","","","","","","","","","","","","B03","","","1","","2","","","8","8","1","12","4","120.666716","24.218387","3"
"7419","66000","387130000C","(04)23274275","(04)23288582","2026","1","18","18","27","臺中市","南區","0","0","0","7","","","50","","","","","","","","","","","","","","","","","","","B03","","","1","","2","","","50","50","1","12","4","120.65421","24.118265","3"
"7420","66000","387130000C","(04)23274275","(04)23288582","2026","1","18","18","35","臺中市","西屯區","0","0","0","7","","","50","","","","","","","","","","","","","","17","","","","","B03","","","1","","2","","","76","76","1","13","4","120.659339","24.168854","3"
"7421","66000","387130000C","(04)23274275","(04)23288582","2026","1","18","18","39","臺中市","東區","0","0","0","7","","","50","","","","","","","","","","","","","","","","","","","B03","","","1","","1","","","7","7","1","13","4","120.689255","24.131309","3"
"7422","66000","387130000C","(04)23274275","(04)23288582","2026","1","18","18","43","臺中市","西區","0","1","0","7","1","6","50","4","1","1","5","4","6","6","1","1","1","4","4","2","9","3","10","3","1","A04","7","12","1","2","2","16","","85","85","1","6","4","120.659764","24.157149","2"
"7423","66000","387130000C","(04)23274275","(04)23288582","2026","1","18","18","43","臺中市","烏日區","0","1","0","7","1","6","40","13","8","1","5","4","6","6","4","4","3","4","3","2","20","2","9","2","1","C03","7","9","1","10","2","11","","59","59","1","6","4","120.58344","24.110571","2"
"7424","66000","387130000C","(04)23274275","(04)23288582","2026","1","18","18","45","臺中市","南區","0","0","0","7","","","40","","","","","","","","","","","","","","","","","","","B03","","","1","","2","","","84","84","1","13","4","120.67521","24.125362","3"
"7425","66000","387130000C","(04)23274275","(04)23288582","2026","1","18","18","46","臺中市","北區","0","1","0","7","2","6","50","4","1","1","5","4","6","6","2","1","5","5","5","2","17","2","9","1","1","C03","7","9","1","10","2","11","","58","58","1","12","4","120.68635","24.152445","2"
"7426","66000","387130000C","(04)23274275","(04)23288582","2026","1","18","18","48","臺中市","西區","0","0","0","6","","","30","","","","","","","","","","","","","","","","","","","C03","","","1","","1","","","49","49","1","12","4","120.66038","24.150695","3"
"7427","66000","387130000C","(04)23274275","(04)23288582","2026","1","18","18","48","臺中市","南屯區","0","1","0","7","1","6","50","13","9","1","5","4","6","6","4","4","5","4","5","2","17","2","9","1","1","C03","7","9","1","10","2","11","","59","59","1","12","4","120.649934","24.130145","2"
"7428","66000","387130000C","(04)23274275","(04)23288582","2026","1","18","18","56","臺中市","梧棲區","0","1","0","7","1","6","40","3","2","1","5","4","6","6","1","1","1","4","1","1","13","3","10","3","1","B03","7","9","1","8","2","1","","7","7","1","12","4","120.547976","24.245846","2"
"7429","66000","387130000C","(04)23274275","(04)23288582","2026","1","18","19","0","臺中市","南屯區","0","1","0","7","1","6","50","4","1","1","5","4","6","6","2","1","10","5","5","2","16","3","10","3","1","B03","7","6","1","8","2","1","","14","14","1","13","4","120.645305","24.152542","2"
"7430","66000","387130000C","(04)23274275","(04)23288582","2026","1","18","19","0","臺中市","北屯區","0","0","0","7","","","40","","","","","","","","","","","","","","17","","","","","B03","","","1","","1","","","86","86","1","6","4","120.681152","24.194238","3"
"7431","66000","387130000C","(04)23274275","(04)23288582","2026","1","18","19","3","臺中市","南屯區","0","3","0","7","1","3","80","13","9","1","5","4","6","6","4","4","1","4","5","1","13","3","10","3","1","B03","7","9","1","8","8","1","","53","53","1","13","4","120.624779","24.155426","2"
"7432","66000","387130000C","(04)23274275","(04)23288582","2026","1","18","19","8","臺中市","西屯區","0","0","0","7","","","70","","","","","","","","","","","","","","13","","","","","B03","","","1","","1","","","56","56","1","12","4","120.624575","24.178553","3"
"7433","66000","387130000C","(04)23274275","(04)23288582","2026","1","18","19","15","臺中市","中區","0","2","0","7","1","6","50","4","1","1","5","4","6","6","1","1","10","5","5","2","16","3","10","3","1","B03","7","5","1","8","1","5","","47","47","1","12","4","120.684477","24.139388","2"
"7434","66000","387130000C","(04)23274275","(04)23288582","2026","1","18","19","15","臺中市","北屯區","0","0","0","7","","","50","","","","","","","","","","","","","","17","","","","","B03","","","1","","9","","","50","50","1","12","4","120.723277","24.175924","3"
"7435","66000","387130000C","(04)23274275","(04)23288582","2026","1","18","19","15","臺中市","太平區","0","1","0","7","1","6","50","4","2","1","5","4","6","6","4","4","9","5","5","1","17","2","9","2","1","C03","7","9","1","10","2","12","","85","85","1","6","4","120.717358","24.116312","2"
"7436","66000","387130000C","(04)23274275","(04)23288582","2026","1","18","19","18","臺中市","西區","0","0","0","7","","","50","","","","","","","","","","","","","","","","","","","B03","","","1","","1","","","84","84","1","6","4","120.668762","24.130166","3"
"7437","66000","387130000C","(04)23274275","(04)23288582","2026","1","18","19","24","臺中市","太平區","0","0","0","7","","","50","","","","","","","","","","","","","","13","","","","","B03","","","1","","1","","","84","84","1","12","4","120.719895","24.156266","3"
"7438","66000","387130000C","(04)23274275","(04)23288582","2026","1","18","19","26","臺中市","西屯區","0","3","0","7","1","6","50","4","1","1","5","4","6","6","2","1","10","5","5","2","13","2","9","2","1","C03","7","9","1","10","2","11","","7","7","1","12","4","120.656281","24.169785","2"
"7439","66000","387130000C","(04)23274275","(04)23288582","2026","1","18","19","27","臺中市","西屯區","0","0","0","7","","","50","","","","","","","","","","","","","","13","","","","","B03","","","1","","1","","","7","7","1","12","4","120.639765","24.174478","3"
"7440","66000","387130000C","(04)23274275","(04)23288582","2026","1","18","19","28","臺中市","大雅區","0","0","0","7","","","0","","","","","","","","","","","","","","14","","","","","B03","","","1","","2","","","49","49","1","12","4","120.647865","24.223367","3"
"7441","66000","387130000C","(04)23274275","(04)23288582","2026","1","18","19","30","臺中市","南屯區","0","1","0","7","1","6","50","4","1","1","5","4","6","6","1","1","10","5","5","2","16","3","10","3","1","B03","7","11","1","8","2","2","","45","45","1","12","4","120.649738","24.149911","2"
"7442","66000","387130000C","(04)23274275","(04)23288582","2026","1","18","19","36","臺中市","大肚區","0","1","0","7","1","6","50","3","1","1","5","4","6","4","1","1","10","5","5","2","11","3","10","1","1","C03","7","9","1","10","2","11","","6","6","1","6","4","120.567842","24.12429","2"
"7443","66000","387130000C","(04)23274275","(04)23288582","2026","1","18","19","40","臺中市","烏日區","0","1","0","7","2","6","50","4","1","1","5","4","6","6","2","1","5","5","4","2","15","2","9","1","1","C03","7","9","1","10","2","14","","21","21","1","6","4","120.646412","24.093229","2"
"7444","66000","387130000C","(04)23274275","(04)23288582","2026","1","18","19","50","臺中市","烏日區","0","0","0","7","","","30","","","","","","","","","","","","","","9","","","","","B01","","","1","","1","","","51","51","1","6","4","120.616372","24.110954","4"
"7445","66000","387130000C","(04)23274275","(04)23288582","2026","1","18","19","56","臺中市","大里區","0","1","0","6","1","6","50","11","8","1","5","4","6","6","1","1","5","4","4","1","14","3","10","3","1","B03","7","2","1","8","2","4","","59","59","1","12","4","120.67679","24.100586","2"
"7446","66000","387130000C","(04)23274275","(04)23288582","2026","1","18","20","0","臺中市","北屯區","0","0","0","7","","","50","","","","","","","","","","","","","","17","","","","","B12","","","1","","1","","","40","40","1","6","4","120.720527","24.182698","3"
"7447","66000","387130000C","(04)23274275","(04)23288582","2026","1","18","20","1","臺中市","西屯區","0","0","0","7","","","50","","","","","","","","","","","","","","14","","","","","B03","","","1","","1","","","49","49","1","12","4","120.644676","24.195161","3"
"7448","66000","387130000C","(04)23274275","(04)23288582","2026","1","18","20","4","臺中市","大雅區","0","0","0","7","","","50","","","","","","","","","","","","","","","","","","","B03","","","1","","2","","","7","7","1","13","4","120.656456","24.221147","3"
"7449","66000","387130000C","(04)23274275","(04)23288582","2026","1","18","20","6","臺中市","龍井區","0","0","0","7","","","60","","","","","","","","","","","","","","","","","","","B03","","","1","","1","","","7","7","1","12","4","120.539005","24.206078","3"
"7450","66000","387130000C","(04)23274275","(04)23288582","2026","1","18","20","10","臺中市","大里區","0","0","0","7","","","50","","","","","","","","","","","","","","","","","","","C03","","","1","","2","","","48","48","1","12","4","120.695741","24.104229","3"
"7451","66000","387130000C","(04)23274275","(04)23288582","2026","1","18","20","12","臺中市","大甲區","0","1","0","7","1","6","50","4","9","1","5","4","6","6","1","1","6","3","5","1","2","3","10","3","1","B03","7","6","1","8","2","8","","48","48","1","12","4","120.625819","24.349827","2"
"7452","66000","387130000C","(04)23274275","(04)23288582","2026","1","18","20","24","臺中市","西屯區","0","2","0","7","1","6","30","13","9","1","5","4","6","6","4","4","10","5","5","2","30","2","7","5","4","C03","7","9","1","10","2","14","","85","85","1","13","4","120.634733","24.185044","2"
"7453","66000","387130000C","(04)23274275","(04)23288582","2026","1","18","20","26","臺中市","大里區","0","0","0","6","","","50","","","","","","","","","","","","","","","","","","","B03","","","1","","2","","","59","59","1","12","4","120.697316","24.100698","3"
"7454","66000","387130000C","(04)23274275","(04)23288582","2026","1","18","20","28","臺中市","北區","0","0","0","7","","","50","","","","","","","","","","","","","","17","","","","","B03","","","1","","1","","","8","8","1","13","4","120.676772","24.1594","3"
"7455","66000","387130000C","(04)23274275","(04)23288582","2026","1","18","20","28","臺中市","西屯區","0","1","0","7","1","6","50","3","1","1","5","4","6","6","4","4","5","5","4","2","17","3","10","2","1","C03","7","6","1","10","2","12","","8","8","1","12","4","120.640499","24.175914","2"
"7456","66000","387130000C","(04)23274275","(04)23288582","2026","1","18","20","30","臺中市","西屯區","0","0","0","7","","","50","","","","","","","","","","","","","","12","","","","","B03","","","1","","1","","","24","24","1","12","4","120.628676","24.161877","3"
"7457","66000","387130000C","(04)23274275","(04)23288582","2026","1","18","20","32","臺中市","大里區","0","0","0","7","","","50","","","","","","","","","","","","","","","","","","","B03","","","1","","9","","","84","84","2","12","4","120.689922","24.106192","3"
"7458","66000","387130000C","(04)23274275","(04)23288582","2026","1","18","20","40","臺中市","大肚區","0","0","0","7","","","50","","","","","","","","","","","","","","","","","","","A41","","","1","","2","","","78","78","1","6","4","120.581864","24.112599","3"
"7459","66000","387130000C","(04)23274275","(04)23288582","2026","1","18","20","44","臺中市","霧峰區","0","0","0","7","","","50","","","","","","","","","","","","","","13","","","","","B03","","","1","","1","","","84","84","1","13","4","120.69605","24.053648","3"
"7460","66000","387130000C","(04)23274275","(04)23288582","2026","1","18","20","44","臺中市","大肚區","0","0","0","7","","","50","","","","","","","","","","","","","","13","","","","","C03","","","1","","2","","","7","7","1","6","4","120.574589","24.160123","3"
"7461","66000","387130000C","(04)23274275","(04)23288582","2026","1","18","20","59","臺中市","西屯區","0","1","0","7","1","6","50","4","2","1","5","4","6","6","1","1","10","5","5","2","13","3","10","3","1","B03","7","9","1","8","2","5","","59","59","1","12","4","120.638163","24.177351","2"
"7462","66000","387130000C","(04)23274275","(04)23288582","2026","1","18","21","7","臺中市","沙鹿區","0","1","0","7","1","6","30","3","1","1","5","4","6","6","4","4","10","5","5","2","16","3","10","3","1","B03","7","5","1","8","2","8","","14","14","1","6","4","120.571073","24.241891","2"
"7463","66000","387130000C","(04)23274275","(04)23288582","2026","1","18","21","8","臺中市","西屯區","0","1","0","7","2","6","50","4","1","1","5","4","6","6","2","1","5","2","5","2","12","3","10","5","4","B03","7","5","1","8","2","2","","26","26","1","13","4","120.606449","24.192735","2"
"7464","66000","387130000C","(04)23274275","(04)23288582","2026","1","18","21","10","臺中市","北區","0","2","0","7","1","6","50","13","7","1","5","4","6","6","4","4","3","4","4","2","17","2","9","1","1","C03","7","8","1","10","2","14","","84","84","1","13","4","120.676831","24.156669","2"
"7465","66000","387130000C","(04)23274275","(04)23288582","2026","1","18","21","15","臺中市","沙鹿區","0","1","0","7","3","6","50","13","7","1","5","4","6","6","4","4","5","5","4","2","17","2","9","2","1","C03","7","12","1","10","2","14","","82","82","1","5","4","120.564111","24.237543","2"
"7466","66000","387130000C","(04)23274275","(04)23288582","2026","1","18","21","25","臺中市","北屯區","0","0","0","7","","","50","","","","","","","","","","","","","","12","","","","","B03","","","1","","2","","","40","40","1","13","4","120.721265","24.178404","3"
"7467","66000","387130000C","(04)23274275","(04)23288582","2026","1","18","21","26","臺中市","大里區","0","0","0","6","1","6","50","13","9","1","5","4","6","6","1","1","5","4","5","1","13","","","","","B03","","","1","","2","","","59","59","1","12","4","120.689795","24.115145","3"
"7468","66000","387130000C","(04)23274275","(04)23288582","2026","1","18","21","34","臺中市","北屯區","0","2","0","6","1","6","50","3","1","1","5","4","6","6","2","1","1","4","5","2","13","2","7","2","1","C03","7","12","1","10","2","11","","59","59","1","12","4","120.66656","24.181537","2"
"7469","66000","387130000C","(04)23274275","(04)23288582","2026","1","18","21","49","臺中市","東區","0","1","0","7","1","6","50","13","9","1","5","4","6","6","4","4","5","5","5","2","17","3","10","2","1","C03","7","1","1","10","2","11","","51","51","1","12","4","120.708001","24.140834","2"
"7470","66000","387130000C","(04)23274275","(04)23288582","2026","1","18","21","55","臺中市","南屯區","0","0","0","7","","","50","","","","","","","","","","","","","","","","","","","B03","","","1","","1","","","50","50","1","6","4","120.634902","24.153406","3"
"7471","66000","387130000C","(04)23274275","(04)23288582","2026","1","18","22","3","臺中市","大甲區","0","3","0","7","1","6","70","8","9","1","5","4","6","6","4","4","7","3","5","1","12","2","9","1","1","C03","7","9","1","10","2","12","","8","8","1","12","4","120.645012","24.371184","2"
"7472","66000","387130000C","(04)23274275","(04)23288582","2026","1","18","22","5","臺中市","西屯區","0","0","0","7","","","50","","","","","","","","","","","","","","17","","","","","B03","","","1","","1","","","45","45","1","12","4","120.612169","24.192886","3"
"7473","66000","387130000C","(04)23274275","(04)23288582","2026","1","18","22","17","臺中市","西屯區","0","0","0","7","","","50","","","","","","","","","","","","","","13","","","","","B03","","","1","","1","","","59","59","1","12","4","120.635816","24.1816","3"
"7474","66000","387130000C","(04)23274275","(04)23288582","2026","1","18","22","20","臺中市","西屯區","0","2","0","7","1","6","50","5","1","1","5","4","6","6","2","1","10","5","5","2","16","2","8","5","4","C03","7","6","1","10","2","11","","11","11","1","13","4","120.643643","24.165818","2"
"7475","66000","387130000C","(04)23274275","(04)23288582","2026","1","18","22","26","臺中市","西屯區","0","1","0","7","1","6","50","3","1","1","5","4","6","6","4","4","10","5","5","2","13","3","10","5","1","C03","7","9","1","10","1","11","","7","7","1","12","4","120.620734","24.186883","2"
"7476","66000","387130000C","(04)23274275","(04)23288582","2026","1","18","22","29","臺中市","南區","0","1","0","7","1","6","50","3","1","1","5","4","6","6","1","1","10","5","5","2","16","3","10","3","1","B03","7","11","1","8","2","5","","45","45","1","6","4","120.65751","24.124632","2"
"7477","66000","387130000C","(04)23274275","(04)23288582","2026","1","18","22","30","臺中市","南屯區","0","1","0","7","1","6","50","4","1","1","5","4","6","6","2","1","5","4","4","2","15","3","10","3","1","B03","7","9","1","8","2","5","","21","21","1","12","4","120.630208","24.117673","2"
"7478","66000","387130000C","(04)23274275","(04)23288582","2026","1","18","22","38","臺中市","西屯區","0","0","0","7","","","50","","","","","","","","","","","","","","17","","","","","C03","","","1","","2","","","8","8","1","12","4","120.65164","24.166818","3"
"7479","66000","387130000C","(04)23274275","(04)23288582","2026","1","18","22","38","臺中市","豐原區","0","0","0","7","","","0","","","","","","","","","","","","","","","","","","","B03","","","1","","2","","","49","49","1","13","4","120.724876","24.275109","3"
"7480","66000","387130000C","(04)23274275","(04)23288582","2026","1","18","22","45","臺中市","大里區","0","1","0","7","1","6","50","13","9","1","5","4","6","6","4","4","10","5","5","2","28","2","9","5","4","C03","7","9","1","10","2","11","","84","84","1","13","4","120.702494","24.093085","2"
"7481","66000","387130000C","(04)23274275","(04)23288582","2026","1","18","22","49","臺中市","梧棲區","0","1","0","7","1","6","70","13","8","1","5","4","6","6","4","4","1","4","1","1","23","2","9","3","1","B03","7","7","1","8","2","1","","59","59","1","6","4","120.528265","24.260754","2"
"7482","66000","387130000C","(04)23274275","(04)23288582","2026","1","18","23","4","臺中市","西屯區","0","0","0","7","","","30","","","","","","","","","","","","","","12","","","","","B03","","","1","","2","","","58","58","1","12","4","120.653169","24.172894","3"
"7483","66000","387130000C","(04)23274275","(04)23288582","2026","1","18","23","9","臺中市","西區","0","1","0","7","1","6","50","4","1","1","5","4","6","6","1","1","9","4","4","2","15","3","10","3","1","B01","7","9","1","4","2","16","","21","21","1","12","4","120.655069","24.146704","2"
"7484","66000","387130000C","(04)23274275","(04)23288582","2026","1","18","23","22","臺中市","霧峰區","0","1","0","7","3","6","40","4","1","1","5","4","6","6","1","1","10","5","5","2","16","3","10","5","4","B03","7","6","1","8","2","1","","48","48","1","13","4","120.678028","24.073679","2"
"7485","66000","387130000C","(04)23274275","(04)23288582","2026","1","18","23","55","臺中市","南區","0","0","0","7","","","50","","","","","","","","","","","","","","","","","","","B03","","","1","","2","","","7","7","1","12","4","120.652727","24.117987","3"
"7486","66000","387130000C","(04)23274275","(04)23288582","2026","1","19","0","6","臺中市","西屯區","0","0","0","7","","","40","","","","","","","","","","","","","","14","","","","","B03","","","1","","2","","","49","49","1","12","4","120.638648","24.168272","3"
"7487","66000","387130000C","(04)23274275","(04)23288582","2026","1","19","0","33","臺中市","大甲區","0","1","0","7","1","6","40","3","9","1","5","4","6","6","4","4","7","5","5","1","11","3","10","3","1","B03","7","6","3","19","2","8","","85","85","1","12","4","120.618225","24.342488","2"
"7488","66000","387130000C","(04)23274275","(04)23288582","2026","1","19","1","24","臺中市","東區","0","0","0","7","","","50","","","","","","","","","","","","","","13","","","","","B03","","","1","","2","","","84","84","1","12","4","120.694762","24.142964","3"
"7489","66000","387130000C","(04)23274275","(04)23288582","2026","1","19","1","25","臺中市","南屯區","0","1","0","7","1","6","50","4","2","1","5","4","6","6","4","4","5","5","5","2","21","2","1","3","1","B03","7","6","1","8","2","1","","59","59","1","12","4","120.64394","24.136485","2"
"7490","66000","387130000C","(04)23274275","(04)23288582","2026","1","19","1","30","臺中市","烏日區","0","0","0","7","","","50","","","","","","","","","","","","","","28","","","","","B03","","","1","","2","","","20","20","1","12","4","120.630304","24.100414","4"
"7491","66000","387130000C","(04)23274275","(04)23288582","2026","1","19","4","1","臺中市","北區","0","1","0","7","1","6","50","4","19","1","5","4","6","6","2","1","5","5","5","2","3","3","10","3","1","B03","7","6","1","8","2","2","","10","10","1","6","4","120.692367","24.151715","2"
"7492","66000","387130000C","(04)23274275","(04)23288582","2026","1","19","4","50","臺中市","梧棲區","0","0","0","7","","","30","","","","","","","","","","","","","","14","","","","","B03","","","1","","9","","","49","49","1","6","4","120.537518","24.259963","3"
"7493","66000","387130000C","(04)23274275","(04)23288582","2026","1","19","5","8","臺中市","大安區","0","1","0","7","1","6","50","13","9","1","5","4","6","6","4","4","8","3","5","1","27","2","9","3","1","B03","7","1","1","8","2","1","","51","51","1","12","4","120.585399","24.37616","2"
"7494","66000","387130000C","(04)23274275","(04)23288582","2026","1","19","6","0","臺中市","沙鹿區","1","0","0","7","1","6","40","13","8","1","5","4","6","6","4","4","1","4","4","2","17","3","10","3","1","A21","7","14","1","1","2","7","","77","77","1","12","4","120.555466","24.220082","1"
"7495","66000","387130000C","(04)23274275","(04)23288582","2026","1","19","6","36","臺中市","神岡區","0","0","0","7","","","50","","","","","","","","","","","","","","13","","","","","A12","","","1","","2","","","7","7","1","12","4","120.695338","24.234482","3"
"7496","66000","387130000C","(04)23274275","(04)23288582","2026","1","19","6","47","臺中市","北屯區","0","0","0","7","","","50","","","","","","","","","","","","","","","","","","","B12","","","1","","2","","","84","84","1","6","4","120.745266","24.19284","3"
"7497","66000","387130000C","(04)23274275","(04)23288582","2026","1","19","7","1","臺中市","大肚區","0","0","0","7","","","70","","","","","","","","","","","","","","13","","","","","B03","","","1","","1","","","7","7","1","6","4","120.554282","24.131316","3"
"7498","66000","387130000C","(04)23274275","(04)23288582","2026","1","19","7","4","臺中市","西屯區","0","1","0","7","2","6","50","13","9","1","5","4","6","6","4","4","5","5","5","2","10","2","9","5","4","C03","7","9","1","10","2","11","","4","4","1","12","4","120.651452","24.171647","2"
"7499","66000","387130000C","(04)23274275","(04)23288582","2026","1","19","7","5","臺中市","南屯區","0","1","0","7","2","6","50","3","2","1","5","4","6","6","1","1","9","4","5","2","17","2","9","2","1","C03","7","9","1","10","2","12","","43","43","1","12","4","120.620101","24.136508","2"
"7500","66000","387130000C","(04)23274275","(04)23288582","2026","1","19","7","7","臺中市","南區","0","1","0","7","2","6","50","4","2","1","5","4","6","6","2","1","5","4","4","2","13","3","10","1","1","C03","7","9","1","10","2","11","","7","7","1","13","4","120.681892","24.134025","2"
"7501","66000","387130000C","(04)23274275","(04)23288582","2026","1","19","7","11","臺中市","神岡區","0","1","0","7","1","6","50","13","9","1","5","4","6","6","4","4","4","4","4","2","13","3","10","1","4","C03","7","9","1","10","2","11","","59","59","1","12","4","120.690466","24.26619","2"
"7502","66000","387130000C","(04)23274275","(04)23288582","2026","1","19","7","15","臺中市","清水區","0","2","0","7","2","9","30","3","2","1","5","4","6","6","4","4","8","4","5","1","17","3","10","3","1","B03","7","5","1","8","1","8","","14","14","1","12","4","120.574977","24.282055","2"
"7503","66000","387130000C","(04)23274275","(04)23288582","2026","1","19","7","15","臺中市","梧棲區","0","0","0","7","","","60","","","","","","","","","","","","","","13","","","","","B03","","","1","","1","","","82","82","1","12","4","120.525073","24.25409","3"
"7504","66000","387130000C","(04)23274275","(04)23288582","2026","1","19","7","20","臺中市","大肚區","0","2","0","7","2","6","40","5","1","1","5","4","6","6","2","1","10","5","5","2","13","2","9","2","1","C03","7","12","1","10","2","13","","84","84","1","6","4","120.582722","24.172255","2"
"7505","66000","387130000C","(04)23274275","(04)23288582","2026","1","19","7","21","臺中市","北屯區","0","3","0","7","3","6","50","4","1","1","5","4","6","6","3","1","10","5","5","2","15","3","10","3","1","B03","7","9","1","8","2","7","","24","24","1","12","4","120.689706","24.190508","2"
"7506","66000","387130000C","(04)23274275","(04)23288582","2026","1","19","7","21","臺中市","西屯區","0","0","0","7","","","50","","","","","","","","","","","","","","13","","","","","B02","","","1","","1","","","56","56","1","12","4","120.636875","24.171011","3"
"7507","66000","387130000C","(04)23274275","(04)23288582","2026","1","19","7","21","臺中市","清水區","0","2","0","7","2","6","50","3","2","1","5","4","6","6","4","4","9","3","4","1","17","2","9","1","1","C03","7","7","1","10","2","13","","40","40","1","12","4","120.55888","24.266798","2"
"7508","66000","387130000C","(04)23274275","(04)23288582","2026","1","19","7","23","臺中市","東區","0","1","0","7","2","6","50","4","19","1","5","4","6","6","1","1","10","5","5","2","3","3","10","3","1","B03","7","6","5","19","2","1","","28","28","1","12","4","120.696553","24.127242","2"
"7509","66000","387130000C","(04)23274275","(04)23288582","2026","1","19","7","24","臺中市","北區","0","1","0","7","3","6","50","4","1","1","5","4","6","6","4","4","5","5","4","2","17","2","8","1","1","C03","7","5","1","10","2","12","","47","47","1","12","4","120.671136","24.170089","2"
"7510","66000","387130000C","(04)23274275","(04)23288582","2026","1","19","7","26","臺中市","大里區","0","1","0","7","2","6","50","4","1","1","5","4","6","6","1","1","10","5","5","2","16","2","9","1","1","C03","7","6","3","19","2","12","","11","11","1","12","4","120.695443","24.096751","2"
"7511","66000","387130000C","(04)23274275","(04)23288582","2026","1","19","7","27","臺中市","南屯區","0","1","0","7","2","6","50","13","9","1","5","4","6","6","4","4","9","5","5","2","17","3","10","2","1","C03","7","3","1","10","1","11","","50","50","1","13","4","120.644041","24.131311","2"
"7512","66000","387130000C","(04)23274275","(04)23288582","2026","1","19","7","27","臺中市","大里區","0","0","0","7","","","50","","","","","","","","","","","","","","17","","","","","B03","","","1","","2","","","51","51","1","12","4","120.67669","24.108153","3"
"7513","66000","387130000C","(04)23274275","(04)23288582","2026","1","19","7","28","臺中市","北屯區","0","1","0","7","2","6","50","4","2","1","5","4","6","6","2","1","5","5","5","2","17","2","9","1","1","C03","7","9","1","10","2","14","","84","84","1","12","4","120.683442","24.172562","2"