序號,縣市別代碼,機關代碼,市話,傳真,年,月,日,時,分,縣市,區,死亡數量,受傷數量,2-30,天候,道路照明設備,道路類別,道路速限,道路型態,事故位置,路面鋪裝,路面狀態,路面缺陷,障礙物,視距,號誌種類,號誌動作,分向設施,快車道或一般車道間,快慢車道間,路面邊線,事故類型及型態,受傷程度,主要傷處,保護裝備,行動電話或功能裝置,當事者區分(類別),車輛用途,當事者行動狀態,駕照狀態,駕照種類,飲酒情形,車輛撞擊部位最初,車輛撞擊部位其他,肇事因素個別,肇事因素主要,肇事逃逸,職業,共享經濟或外送平台,GPS座標X,GPS座標Y,事故類別
"7514","66000","387130000C","(04)23274275","(04)23288582","2026","1","19","7","30","臺中市","大雅區","0","1","0","7","1","6","50","13","9","1","5","4","6","6","4","4","5","5","5","1","30","3","10","3","1","B03","7","9","1","8","2","5","7","84","84","1","13","4","120.628049","24.229382","2"
"7515","66000","387130000C","(04)23274275","(04)23288582","2026","1","19","7","30","臺中市","大雅區","0","1","0","7","2","6","50","4","1","1","5","4","6","6","2","1","10","5","5","2","16","3","10","3","1","B03","7","6","1","8","2","2","","11","11","1","12","4","120.659957","24.219789","2"
"7516","66000","387130000C","(04)23274275","(04)23288582","2026","1","19","7","30","臺中市","潭子區","0","1","0","7","3","6","60","4","1","1","5","4","6","6","1","1","1","4","4","1","15","3","10","3","1","B03","7","9","5","19","2","7","","21","21","1","13","4","120.690061","24.224983","2"
"7517","66000","387130000C","(04)23274275","(04)23288582","2026","1","19","7","30","臺中市","烏日區","0","0","0","7","2","6","40","3","1","1","5","4","6","6","4","4","10","5","5","2","16","3","10","1","1","C03","7","6","1","10","1","11","","14","14","1","6","4","120.63861","24.081329","3"
"7518","66000","387130000C","(04)23274275","(04)23288582","2026","1","19","7","33","臺中市","北屯區","0","1","0","7","2","6","30","4","1","1","5","4","6","6","4","4","10","5","5","2","16","3","10","3","1","B03","7","6","1","8","2","1","","14","14","1","12","4","120.720309","24.177578","2"
"7519","66000","387130000C","(04)23274275","(04)23288582","2026","1","19","7","34","臺中市","清水區","0","1","0","7","2","6","50","3","2","1","5","4","6","6","4","4","9","4","5","2","20","2","9","1","1","F02","7","9","7","21","1","11","","58","58","1","12","4","120.561516","24.266427","2"
"7520","66000","387130000C","(04)23274275","(04)23288582","2026","1","19","7","34","臺中市","神岡區","0","0","0","7","","","50","","","","","","","","","","","","","","13","","","","","C03","","","1","","1","","","59","59","1","12","4","120.700478","24.251176","3"
"7521","66000","387130000C","(04)23274275","(04)23288582","2026","1","19","7","35","臺中市","南屯區","0","0","0","7","","","50","","","","","","","","","","","","","","13","","","","","B03","","","1","","2","","","56","56","1","6","4","120.631781","24.122496","3"
"7522","66000","387130000C","(04)23274275","(04)23288582","2026","1","19","7","35","臺中市","北屯區","0","0","0","7","","","50","","","","","","","","","","","","","","13","","","","","C03","","","1","","1","","","7","7","1","6","4","120.733204","24.161544","3"
"7523","66000","387130000C","(04)23274275","(04)23288582","2026","1","19","7","35","臺中市","沙鹿區","0","0","0","7","","","50","","","","","","","","","","","","","","13","","","","","B03","","","1","","11","","","84","84","2","12","4","120.570226","24.258003","3"
"7524","66000","387130000C","(04)23274275","(04)23288582","2026","1","19","7","36","臺中市","大里區","0","0","0","7","","","50","","","","","","","","","","","","","","","","","","","C03","","","1","","2","","","7","7","1","12","4","120.689463","24.078031","3"
"7525","66000","387130000C","(04)23274275","(04)23288582","2026","1","19","7","39","臺中市","西屯區","0","1","0","7","2","9","50","13","9","1","5","4","6","6","1","1","1","4","5","2","12","2","9","2","4","C03","7","8","1","10","2","11","","40","40","1","4","4","120.602822","24.184269","2"
"7526","66000","387130000C","(04)23274275","(04)23288582","2026","1","19","7","39","臺中市","梧棲區","0","1","0","7","3","6","40","13","8","1","5","4","6","6","4","4","1","4","1","1","30","2","9","1","1","C03","7","9","1","10","2","16","","87","87","1","6","4","120.5325","24.241907","2"
"7527","66000","387130000C","(04)23274275","(04)23288582","2026","1","19","7","40","臺中市","梧棲區","0","1","0","7","2","6","30","3","2","1","5","4","6","6","4","4","10","5","5","2","16","2","9","1","1","C03","7","5","1","10","2","13","","14","14","1","12","4","120.544544","24.240111","2"
"7528","66000","387130000C","(04)23274275","(04)23288582","2026","1","19","7","40","臺中市","和平區","0","0","0","7","1","7","30","13","9","1","5","4","6","6","4","4","10","5","5","2","35","3","10","5","4","B12","7","3","1","15","9","2","2","50","50","2","13","5","121.29333","24.317458","3"
"7529","66000","387130000C","(04)23274275","(04)23288582","2026","1","19","7","42","臺中市","西屯區","0","0","0","7","","","50","","","","","","","","","","","","","","13","","","","","B03","","","1","","1","","","7","7","1","13","4","120.618487","24.184968","3"
"7530","66000","387130000C","(04)23274275","(04)23288582","2026","1","19","7","43","臺中市","西屯區","0","1","0","7","2","6","50","4","2","1","5","4","6","6","2","1","5","2","5","2","18","2","9","5","4","C03","7","9","1","10","2","12","","84","84","1","13","4","120.605256","24.171538","2"
"7531","66000","387130000C","(04)23274275","(04)23288582","2026","1","19","7","44","臺中市","南屯區","0","2","0","7","3","6","40","4","8","1","5","4","6","6","1","1","1","4","1","2","13","2","9","2","1","C03","7","9","3","19","2","11","","59","59","1","13","4","120.614894","24.147891","2"
"7532","66000","387130000C","(04)23274275","(04)23288582","2026","1","19","7","44","臺中市","西屯區","0","1","0","6","2","6","50","4","9","1","5","4","6","6","1","1","10","5","5","2","12","3","10","5","4","C03","7","5","1","10","2","16","","84","84","1","12","4","120.606473","24.192739","2"
"7533","66000","387130000C","(04)23274275","(04)23288582","2026","1","19","7","47","臺中市","東區","0","2","0","7","2","6","50","4","2","1","5","4","6","6","2","1","5","2","5","2","13","2","7","1","1","C03","7","9","1","10","2","11","","7","7","1","12","4","120.699385","24.147646","2"
"7534","66000","387130000C","(04)23274275","(04)23288582","2026","1","19","7","48","臺中市","北屯區","0","1","0","7","3","6","50","4","1","1","5","4","6","6","1","1","5","5","5","2","13","2","9","1","1","C03","7","6","3","19","2","11","","7","7","1","6","4","120.730279","24.174071","2"
"7535","66000","387130000C","(04)23274275","(04)23288582","2026","1","19","7","48","臺中市","西屯區","0","2","0","7","2","6","50","13","9","1","5","4","6","6","4","4","9","5","5","2","16","2","9","5","4","C03","7","6","1","10","2","12","","20","20","1","12","4","120.61186","24.198875","2"
"7536","66000","387130000C","(04)23274275","(04)23288582","2026","1","19","7","48","臺中市","神岡區","0","1","0","7","1","6","50","3","1","1","5","4","6","6","1","1","5","4","4","2","16","3","10","5","4","B03","7","5","1","8","2","5","","20","20","1","12","4","120.681943","24.247165","2"
"7537","66000","387130000C","(04)23274275","(04)23288582","2026","1","19","7","49","臺中市","西屯區","0","1","0","7","2","6","50","5","1","1","5","4","6","6","2","1","10","5","5","2","13","3","10","5","4","B03","7","9","1","8","2","1","","59","59","1","12","4","120.59506","24.169691","2"
"7538","66000","387130000C","(04)23274275","(04)23288582","2026","1","19","7","49","臺中市","沙鹿區","0","0","0","7","","","60","","","","","","","","","","","","","","","","","","","B03","","","1","","2","","","45","45","1","6","4","120.581421","24.209662","3"
"7539","66000","387130000C","(04)23274275","(04)23288582","2026","1","19","7","50","臺中市","南區","0","2","0","7","3","6","50","4","2","1","5","4","6","6","2","1","3","5","5","2","13","2","9","2","1","C03","7","9","1","10","2","11","","7","7","1","6","4","120.652727","24.117987","2"
"7540","66000","387130000C","(04)23274275","(04)23288582","2026","1","19","7","50","臺中市","神岡區","0","0","0","7","","","50","","","","","","","","","","","","","","13","","","","","B12","","","1","","1","","","7","7","1","12","4","120.696834","24.248602","3"
"7541","66000","387130000C","(04)23274275","(04)23288582","2026","1","19","7","51","臺中市","北屯區","0","1","0","7","3","6","50","4","1","1","5","4","6","6","2","1","10","5","5","2","16","2","8","1","1","C03","7","6","1","10","2","14","","39","39","1","12","4","120.693453","24.185453","2"
"7542","66000","387130000C","(04)23274275","(04)23288582","2026","1","19","7","51","臺中市","梧棲區","0","0","0","7","","","50","","","","","","","","","","","","","","14","","","","","B03","","","1","","1","","","49","49","1","6","4","120.537079","24.261289","3"
"7543","66000","387130000C","(04)23274275","(04)23288582","2026","1","19","7","52","臺中市","霧峰區","0","1","0","7","2","6","50","11","9","1","5","4","6","6","4","4","9","4","5","1","16","3","10","3","1","B03","7","6","1","8","1","8","","48","48","1","12","4","120.677754","24.062429","2"
"7544","66000","387130000C","(04)23274275","(04)23288582","2026","1","19","7","53","臺中市","烏日區","0","0","0","7","","","30","","","","","","","","","","","","","","15","","","","","C03","","","1","","2","","","14","14","1","13","4","120.640918","24.076804","3"
"7545","66000","387130000C","(04)23274275","(04)23288582","2026","1","19","7","53","臺中市","豐原區","0","2","0","7","2","6","50","13","9","1","5","4","6","6","4","4","5","5","5","1","13","2","9","1","1","C01","7","9","1","9","2","11","","7","7","1","12","4","120.741211","24.251052","2"
"7546","66000","387130000C","(04)23274275","(04)23288582","2026","1","19","7","54","臺中市","大里區","0","1","0","7","3","6","50","13","9","1","5","4","6","6","4","4","9","5","5","1","16","3","10","3","1","B03","7","1","1","8","2","7","","51","51","1","12","4","120.711723","24.108735","2"
"7547","66000","387130000C","(04)23274275","(04)23288582","2026","1","19","7","57","臺中市","大雅區","0","1","0","7","2","6","40","13","7","1","5","4","6","6","4","4","1","4","4","2","16","2","8","2","1","C03","7","9","1","10","2","11","","7","7","1","12","4","120.635173","24.234565","2"
"7548","66000","387130000C","(04)23274275","(04)23288582","2026","1","19","8","0","臺中市","南區","0","0","0","7","","","30","","","","","","","","","","","","","","14","","","","","B03","","","1","8","1","","","49","49","1","6","4","120.680283","24.126592","3"
"7549","66000","387130000C","(04)23274275","(04)23288582","2026","1","19","8","0","臺中市","北屯區","0","0","0","7","","","50","","","","","","","","","","","","","","13","","","","","B03","","","1","","1","","","59","59","1","12","4","120.690447","24.173962","3"
"7550","66000","387130000C","(04)23274275","(04)23288582","2026","1","19","8","0","臺中市","大肚區","0","0","0","7","","","50","","","","","","","","","","","","","","13","","","","","B03","","","1","","2","","","59","59","1","6","4","120.583574","24.116002","3"
"7551","66000","387130000C","(04)23274275","(04)23288582","2026","1","19","8","0","臺中市","外埔區","0","1","0","6","3","6","50","3","1","1","5","4","6","6","4","4","10","5","5","1","16","3","10","3","1","B12","7","6","3","19","2","8","","20","20","1","6","4","120.713238","24.334615","2"
"7552","66000","387130000C","(04)23274275","(04)23288582","2026","1","19","8","1","臺中市","東區","0","2","0","7","2","6","50","4","1","1","5","4","6","6","1","1","10","5","5","2","18","2","9","1","1","C03","7","6","1","10","2","14","","87","87","1","12","4","120.706079","24.140465","2"
"7553","66000","387130000C","(04)23274275","(04)23288582","2026","1","19","8","2","臺中市","大里區","0","0","0","7","","3","50","","","","","","","","","","","","","","17","","","","","B03","","","1","","2","","","84","84","1","12","4","120.690004","24.096864","3"
"7554","66000","387130000C","(04)23274275","(04)23288582","2026","1","19","8","5","臺中市","大雅區","0","0","0","7","","","30","","","","","","","","","","","","","","","","","","","B03","","","1","","2","","","14","14","1","13","4","120.641879","24.20834","3"
"7555","66000","387130000C","(04)23274275","(04)23288582","2026","1","19","8","5","臺中市","潭子區","0","0","0","7","","","50","","","","","","","","","","","","","","","","","","","B03","","","1","","2","","","84","84","1","13","4","120.689512","24.225127","3"
"7556","66000","387130000C","(04)23274275","(04)23288582","2026","1","19","8","8","臺中市","北區","0","0","0","7","","","50","","","","","","","","","","","","","","13","","","","","C03","","","1","","2","","","7","7","1","12","4","120.682233","24.162566","3"
"7557","66000","387130000C","(04)23274275","(04)23288582","2026","1","19","8","10","臺中市","西屯區","0","0","0","7","","","40","","","","","","","","","","","","","","11","","","","","B03","","","1","","1","","","40","40","1","13","4","120.641092","24.167418","3"
"7558","66000","387130000C","(04)23274275","(04)23288582","2026","1","19","8","14","臺中市","豐原區","0","1","0","7","2","6","50","3","2","1","5","4","6","6","4","4","5","5","5","2","13","2","8","5","4","C03","7","9","1","10","2","11","","7","7","1","12","4","120.71628","24.231795","2"
"7559","66000","387130000C","(04)23274275","(04)23288582","2026","1","19","8","15","臺中市","西屯區","0","2","0","7","2","6","40","13","8","1","5","4","6","6","1","1","5","5","4","1","13","2","9","1","1","C03","7","9","1","10","2","11","","7","7","1","13","4","120.605256","24.171538","2"
"7560","66000","387130000C","(04)23274275","(04)23288582","2026","1","19","8","20","臺中市","西屯區","0","1","0","7","2","6","50","3","1","1","5","4","6","6","4","4","10","5","5","2","14","3","10","5","4","A12","7","2","1","7","2","16","","49","49","1","12","4","120.641964","24.194306","2"
"7561","66000","387130000C","(04)23274275","(04)23288582","2026","1","19","8","20","臺中市","沙鹿區","0","1","0","7","2","6","30","13","9","1","5","4","6","6","4","4","10","4","5","2","18","2","8","2","1","C03","7","11","1","10","2","14","","59","59","1","12","4","120.61766","24.242016","2"
"7562","66000","387130000C","(04)23274275","(04)23288582","2026","1","19","8","21","臺中市","大雅區","0","1","0","6","2","6","50","3","8","1","5","4","6","6","4","4","1","5","5","2","17","3","10","3","1","B12","7","7","1","8","2","3","","40","40","1","12","4","120.634557","24.20475","2"
"7563","66000","387130000C","(04)23274275","(04)23288582","2026","1","19","8","21","臺中市","北區","0","0","0","7","","","50","","","","","","","","","","","","","","10","","","","","C03","","","1","","1","","","59","59","1","12","4","120.692722","24.154617","3"
"7564","66000","387130000C","(04)23274275","(04)23288582","2026","1","19","8","21","臺中市","北區","0","0","0","7","","","40","","","","","","","","","","","","","","13","","","","","C03","","","1","","2","","","84","84","1","12","4","120.67568","24.159261","4"
"7565","66000","387130000C","(04)23274275","(04)23288582","2026","1","19","8","21","臺中市","西屯區","0","1","0","7","2","6","40","4","1","1","5","4","6","6","4","4","10","5","5","2","12","2","9","5","4","C03","7","8","1","10","2","14","","40","40","1","12","4","120.656544","24.169041","2"
"7566","66000","387130000C","(04)23274275","(04)23288582","2026","1","19","8","22","臺中市","東區","0","1","0","7","2","6","50","4","2","1","5","4","6","6","2","1","1","4","5","2","12","3","10","3","1","B01","7","9","1","8","2","2","","8","8","1","6","4","120.685899","24.14322","2"
"7567","66000","387130000C","(04)23274275","(04)23288582","2026","1","19","8","22","臺中市","西屯區","0","1","0","7","2","6","50","4","1","1","5","4","6","6","2","1","10","5","5","2","13","2","9","2","1","C03","7","9","1","10","2","11","","7","7","1","12","4","120.648","24.174368","2"
"7568","66000","387130000C","(04)23274275","(04)23288582","2026","1","19","8","22","臺中市","沙鹿區","0","0","0","7","","","50","","","","","","","","","","","","","","17","","","","","C03","","","1","","2","","","85","85","1","12","4","120.570027","24.229843","3"
"7569","66000","387130000C","(04)23274275","(04)23288582","2026","1","19","8","23","臺中市","霧峰區","0","1","0","7","2","6","50","4","1","1","5","4","6","6","4","4","10","5","5","2","17","2","9","5","4","F03","7","5","7","21","2","12","","84","84","1","13","4","120.698394","24.067986","2"
"7570","66000","387130000C","(04)23274275","(04)23288582","2026","1","19","8","24","臺中市","潭子區","0","0","0","7","","","50","","","","","","","","","","","","","","","","","","","B03","","","1","","2","","","84","84","1","13","4","120.710157","24.210492","3"
"7571","66000","387130000C","(04)23274275","(04)23288582","2026","1","19","8","27","臺中市","北屯區","0","0","0","7","","","50","","","","","","","","","","","","","","13","","","","","C03","","","1","","1","","","7","7","1","12","4","120.669727","24.176666","3"
"7572","66000","387130000C","(04)23274275","(04)23288582","2026","1","19","8","28","臺中市","梧棲區","0","2","0","7","2","6","60","4","1","1","5","4","6","6","2","1","10","5","5","2","16","2","1","3","1","B03","7","5","3","19","2","2","","47","47","1","12","4","120.524734","24.254349","2"
"7573","66000","387130000C","(04)23274275","(04)23288582","2026","1","19","8","32","臺中市","西屯區","0","0","0","7","","","50","","","","","","","","","","","","","","12","","","","","B03","","","1","","2","","","51","51","1","13","4","120.608597","24.154555","3"
"7574","66000","387130000C","(04)23274275","(04)23288582","2026","1","19","8","32","臺中市","豐原區","0","2","0","7","3","6","30","13","9","1","5","4","6","6","4","4","10","5","5","2","11","2","9","1","4","C03","7","9","1","10","2","11","","84","84","1","12","4","120.728294","24.268382","2"
"7575","66000","387130000C","(04)23274275","(04)23288582","2026","1","19","8","36","臺中市","南區","0","1","0","7","3","6","50","4","1","1","5","4","6","6","2","1","10","5","5","2","16","3","10","3","1","B03","7","5","1","8","2","5","","11","11","1","6","4","120.674823","24.126257","2"
"7576","66000","387130000C","(04)23274275","(04)23288582","2026","1","19","8","38","臺中市","南區","0","0","0","7","","","50","","","","","","","","","","","","","","","","","","","B12","","","1","","1","","","7","7","1","6","4","120.652727","24.117987","3"
"7577","66000","387130000C","(04)23274275","(04)23288582","2026","1","19","8","40","臺中市","西區","0","0","0","7","","","50","","","","","","","","","","","","","","17","","","","","B01","","","1","","2","","","8","8","1","13","4","120.665597","24.137272","3"
"7578","66000","387130000C","(04)23274275","(04)23288582","2026","1","19","8","40","臺中市","西區","0","3","0","7","2","6","50","4","2","1","5","4","6","6","4","4","5","5","5","1","3","2","9","6","5","H04","8","20","7","21","2","17","","98","98","1","13","5","120.669919","24.134887","2"
"7579","66000","387130000C","(04)23274275","(04)23288582","2026","1","19","8","40","臺中市","北區","0","0","0","7","","","50","","","","","","","","","","","","","","","","","","","A12","","","1","","1","","","45","45","1","12","4","120.687319","24.155645","3"
"7580","66000","387130000C","(04)23274275","(04)23288582","2026","1","19","8","40","臺中市","烏日區","0","0","0","7","2","6","40","13","9","1","5","4","6","6","4","4","10","5","5","2","14","3","10","3","1","B03","7","2","1","8","1","7","","49","49","1","6","4","120.587813","24.113912","3"
"7581","66000","387130000C","(04)23274275","(04)23288582","2026","1","19","8","42","臺中市","龍井區","0","0","0","7","","","30","","","","","","","","","","","","","","11","","","","","B03","","","1","","1","","","8","8","1","6","4","120.572704","24.179922","3"
"7582","66000","387130000C","(04)23274275","(04)23288582","2026","1","19","8","43","臺中市","西屯區","0","1","0","7","3","6","50","13","9","1","5","4","6","6","4","4","10","4","5","1","12","3","10","5","4","B03","7","15","1","8","2","6","","42","42","1","13","4","120.650422","24.166832","2"
"7583","66000","387130000C","(04)23274275","(04)23288582","2026","1","19","8","45","臺中市","北區","0","0","0","7","","","50","","","","","","","","","","","","","","17","","","","","A04","","","1","","2","8","","40","40","1","12","4","120.677017","24.167128","3"
"7584","66000","387130000C","(04)23274275","(04)23288582","2026","1","19","8","45","臺中市","梧棲區","0","0","0","7","","","30","","","","","","","","","","","","","","14","","","","","A11","","","1","","1","","","49","49","1","6","4","120.525616","24.23022","3"
"7585","66000","387130000C","(04)23274275","(04)23288582","2026","1","19","8","46","臺中市","北屯區","0","1","0","7","2","6","50","13","8","1","5","4","6","6","4","4","5","5","4","2","17","2","9","1","1","C03","7","9","1","10","2","11","","84","84","1","12","4","120.704551","24.170221","2"
"7586","66000","387130000C","(04)23274275","(04)23288582","2026","1","19","8","48","臺中市","西區","0","0","0","7","","","50","","","","","","","","","","","","","","","","","","","B03","","","1","","2","","","40","40","1","12","4","120.665986","24.153414","3"
"7587","66000","387130000C","(04)23274275","(04)23288582","2026","1","19","8","49","臺中市","西區","0","0","0","7","","","50","","","","","","","","","","","","","","","","","","","B03","","","1","","2","","","84","84","1","12","4","120.680507","24.137605","3"
"7588","66000","387130000C","(04)23274275","(04)23288582","2026","1","19","8","49","臺中市","北屯區","0","0","0","7","","","50","","","","","","","","","","","","","","17","","","","","C03","","","1","","1","","","14","14","1","6","4","120.687715","24.172544","3"
"7589","66000","387130000C","(04)23274275","(04)23288582","2026","1","19","8","49","臺中市","大甲區","0","2","0","7","2","6","30","4","1","1","5","4","6","6","4","4","5","5","5","2","15","2","8","2","1","C03","7","9","1","10","2","12","","15","15","1","6","4","120.618165","24.346253","2"
"7590","66000","387130000C","(04)23274275","(04)23288582","2026","1","19","8","50","臺中市","豐原區","0","0","0","7","","","50","","","","","","","","","","","","","","13","","","","","C03","","","1","","2","","","7","7","1","12","4","120.714805","24.257098","4"
"7591","66000","387130000C","(04)23274275","(04)23288582","2026","1","19","8","51","臺中市","北屯區","0","2","0","7","3","6","50","4","2","1","5","4","6","6","1","1","5","4","5","2","17","2","9","1","1","C03","7","1","1","10","2","13","14","51","51","1","6","2","120.706296","24.169511","2"
"7592","66000","387130000C","(04)23274275","(04)23288582","2026","1","19","8","51","臺中市","北屯區","0","1","0","7","3","6","50","4","1","1","5","4","6","6","4","4","10","5","5","2","13","2","8","1","1","C03","7","9","1","10","2","11","","7","7","1","12","4","120.663834","24.184766","2"
"7593","66000","387130000C","(04)23274275","(04)23288582","2026","1","19","8","52","臺中市","沙鹿區","0","0","0","7","","","50","","","","","","","","","","","","","","","","","","","B03","","","1","","2","","","50","50","1","6","4","120.573001","24.226808","3"
"7594","66000","387130000C","(04)23274275","(04)23288582","2026","1","19","8","52","臺中市","梧棲區","0","0","0","7","","","50","","","","","","","","","","","","","","14","","","","","B12","","","1","","2","","","49","49","1","6","4","120.535598","24.264143","3"
"7595","66000","387130000C","(04)23274275","(04)23288582","2026","1","19","8","56","臺中市","大里區","0","1","0","7","3","6","50","4","2","1","5","4","6","6","2","1","1","4","4","1","17","2","8","1","1","C03","7","6","1","10","2","13","","20","20","1","12","4","120.68755","24.102139","2"
"7596","66000","387130000C","(04)23274275","(04)23288582","2026","1","19","8","56","臺中市","梧棲區","0","0","0","7","","","70","","","","","","","","","","","","","","13","","","","","A11","","","1","","1","","","82","82","1","12","4","120.51816","24.238579","3"
"7597","66000","387130000C","(04)23274275","(04)23288582","2026","1","19","8","57","臺中市","南屯區","0","1","0","7","2","6","50","4","2","1","5","4","6","6","2","1","5","4","4","2","17","3","10","3","1","B03","7","6","1","8","2","1","","48","48","1","12","4","120.65295","24.152332","2"
"7598","66000","387130000C","(04)23274275","(04)23288582","2026","1","19","8","57","臺中市","北屯區","0","0","0","7","","","50","","","","","","","","","","","","","","13","","","","","B12","","","1","","1","","","84","84","1","6","4","120.685803","24.179698","3"
"7599","66000","387130000C","(04)23274275","(04)23288582","2026","1","19","9","0","臺中市","南屯區","0","0","0","7","","","50","","","","","","","","","","","","","","13","","","","","C03","","","1","","1","","","7","7","1","6","4","120.652978","24.134758","3"
"7600","66000","387130000C","(04)23274275","(04)23288582","2026","1","19","9","0","臺中市","北屯區","0","1","0","7","2","6","50","4","4","1","5","4","6","6","2","1","5","5","5","2","13","3","10","3","1","B03","7","9","1","8","2","5","","59","59","1","12","4","120.687618","24.171657","2"
"7601","66000","387130000C","(04)23274275","(04)23288582","2026","1","19","9","2","臺中市","北屯區","0","0","0","7","","","50","","","","","","","","","","","","","","17","","","","","B03","","","1","","1","","","84","84","1","12","4","120.694554","24.164851","3"
"7602","66000","387130000C","(04)23274275","(04)23288582","2026","1","19","9","10","臺中市","大雅區","0","1","0","7","1","6","50","13","9","1","5","4","6","6","4","4","1","5","5","1","13","2","8","1","1","C03","7","9","1","10","2","11","","7","7","1","13","4","120.656824","24.220759","2"
"7603","66000","387130000C","(04)23274275","(04)23288582","2026","1","19","9","11","臺中市","北屯區","0","1","0","7","3","6","50","13","9","1","5","4","6","6","4","4","5","4","5","1","17","2","9","2","1","C03","7","11","3","19","2","12","","34","34","1","6","4","120.662798","24.197659","2"
"7604","66000","387130000C","(04)23274275","(04)23288582","2026","1","19","9","12","臺中市","大甲區","0","1","0","7","1","6","50","13","9","1","5","4","6","6","4","4","5","5","5","2","11","2","9","1","1","C03","7","9","1","10","1","14","","41","41","1","12","4","120.633254","24.359567","2"
"7605","66000","387130000C","(04)23274275","(04)23288582","2026","1","19","9","16","臺中市","北屯區","0","0","0","7","","","50","","","","","","","","","","","","","","12","","","","","B03","","","1","","2","","","84","84","1","6","4","120.728486","24.17162","3"
"7606","66000","387130000C","(04)23274275","(04)23288582","2026","1","19","9","17","臺中市","西屯區","0","0","0","7","","","50","","","","","","","","","","","","","","13","","","","","A12","","","1","","1","","","59","59","1","12","4","120.635879","24.181852","3"
"7607","66000","387130000C","(04)23274275","(04)23288582","2026","1","19","9","19","臺中市","清水區","0","1","0","7","2","6","40","3","1","1","5","4","6","6","1","1","8","3","4","1","17","3","10","1","1","C03","7","9","1","10","2","11","","58","58","1","12","4","120.595115","24.300783","2"
"7608","66000","387130000C","(04)23274275","(04)23288582","2026","1","19","9","23","臺中市","大里區","0","1","0","7","3","6","50","4","1","1","5","4","6","6","4","4","10","5","5","2","16","3","10","3","1","B03","7","5","1","8","1","6","","11","11","1","6","4","120.697723","24.082446","2"
"7609","66000","387130000C","(04)23274275","(04)23288582","2026","1","19","9","26","臺中市","北屯區","0","0","0","7","","","50","","","","","","","","","","","","","","13","","","","","B12","","","1","","1","","","40","40","1","12","4","120.66932","24.201405","3"
"7610","66000","387130000C","(04)23274275","(04)23288582","2026","1","19","9","28","臺中市","北區","0","0","0","7","","","50","","","","","","","","","","","","","","17","","","","","A11","","","1","","2","","","59","59","1","12","4","120.686979","24.165192","4"
"7611","66000","387130000C","(04)23274275","(04)23288582","2026","1","19","9","29","臺中市","東區","0","0","0","7","","","50","","","","","","","","","","","","","","","","","","","C03","","","1","","2","","","7","7","1","12","4","120.69962","24.147915","3"
"7612","66000","387130000C","(04)23274275","(04)23288582","2026","1","19","9","29","臺中市","霧峰區","0","1","0","7","2","6","50","13","8","1","5","4","6","6","4","4","1","4","4","1","16","3","10","3","1","B03","7","5","1","8","2","2","","47","47","1","12","4","120.662798","24.057755","2"
"7613","66000","387130000C","(04)23274275","(04)23288582","2026","1","19","9","30","臺中市","北屯區","0","0","0","7","","","50","","","","","","","","","","","","","","12","","","","","B02","","","1","","1","","","8","8","1","6","4","120.707618","24.196917","3"
"7614","66000","387130000C","(04)23274275","(04)23288582","2026","1","19","9","31","臺中市","南屯區","0","0","0","7","","","50","","","","","","","","","","","","","","","","","","","B13","","","1","","1","","","84","84","1","13","4","120.633262","24.123785","3"
"7615","66000","387130000C","(04)23274275","(04)23288582","2026","1","19","9","32","臺中市","烏日區","0","1","0","7","2","6","50","13","14","1","5","4","6","6","4","4","1","4","5","1","12","2","9","5","4","C03","7","9","3","19","2","12","","59","59","1","13","4","120.643302","24.109501","2"
"7616","66000","387130000C","(04)23274275","(04)23288582","2026","1","19","9","33","臺中市","北區","0","1","0","7","2","6","50","4","1","1","5","4","6","6","1","1","10","5","5","2","16","2","9","5","4","C03","7","6","1","10","2","11","","11","11","1","12","4","120.682346","24.161601","2"
"7617","66000","387130000C","(04)23274275","(04)23288582","2026","1","19","9","36","臺中市","烏日區","0","0","0","7","2","6","60","13","8","1","5","4","6","6","4","4","1","4","4","2","13","3","10","1","1","C03","7","9","1","10","1","11","","8","8","1","6","4","120.614887","24.106342","3"
"7618","66000","387130000C","(04)23274275","(04)23288582","2026","1","19","9","38","臺中市","北屯區","0","2","0","7","3","6","30","4","1","1","5","4","6","6","4","4","10","5","5","2","16","2","7","1","1","C03","7","6","1","10","2","11","","14","14","1","12","4","120.664497","24.188686","2"
"7619","66000","387130000C","(04)23274275","(04)23288582","2026","1","19","9","42","臺中市","北屯區","0","1","0","7","2","6","50","13","9","1","5","4","6","6","4","4","9","5","5","2","12","2","9","1","1","C03","7","5","1","9","1","12","","84","84","1","12","4","120.697161","24.171585","2"
"7620","66000","387130000C","(04)23274275","(04)23288582","2026","1","19","9","48","臺中市","北屯區","0","0","0","7","","","30","","","","","","","","","","","","","","15","","","","","C03","","","1","","2","","","13","13","1","12","4","120.693345","24.164957","3"
"7621","66000","387130000C","(04)23274275","(04)23288582","2026","1","19","9","49","臺中市","西區","0","0","0","6","","","50","","","","","","","","","","","","","","17","","","","","B03","","","1","","1","","","11","11","1","13","4","120.66893","24.146701","3"
"7622","66000","387130000C","(04)23274275","(04)23288582","2026","1","19","9","53","臺中市","北區","0","1","0","7","3","6","50","4","1","1","5","4","6","6","1","1","1","4","5","2","17","2","9","1","1","C03","7","9","1","10","2","11","","21","21","1","12","4","120.675794","24.157514","2"
"7623","66000","387130000C","(04)23274275","(04)23288582","2026","1","19","9","54","臺中市","西區","0","1","0","7","2","6","50","4","1","1","5","4","6","6","2","1","5","4","5","2","17","3","10","3","1","A04","7","8","1","2","2","7","","40","40","1","12","4","120.673583","24.147579","2"