序號,縣市別代碼,機關代碼,市話,傳真,年,月,日,時,分,縣市,區,死亡數量,受傷數量,2-30,天候,道路照明設備,道路類別,道路速限,道路型態,事故位置,路面鋪裝,路面狀態,路面缺陷,障礙物,視距,號誌種類,號誌動作,分向設施,快車道或一般車道間,快慢車道間,路面邊線,事故類型及型態,受傷程度,主要傷處,保護裝備,行動電話或功能裝置,當事者區分(類別),車輛用途,當事者行動狀態,駕照狀態,駕照種類,飲酒情形,車輛撞擊部位最初,車輛撞擊部位其他,肇事因素個別,肇事因素主要,肇事逃逸,職業,共享經濟或外送平台,GPS座標X,GPS座標Y,事故類別
"7624","66000","387130000C","(04)23274275","(04)23288582","2026","1","19","9","55","臺中市","西區","0","1","0","7","2","6","40","13","8","1","5","4","6","6","4","4","5","4","4","2","17","2","9","6","1","F01","7","9","7","21","2","11","","7","7","1","12","4","120.670576","24.137973","2"
"7625","66000","387130000C","(04)23274275","(04)23288582","2026","1","19","10","3","臺中市","北屯區","0","0","0","7","","","50","","","","","","","","","","","","","","13","","","","","B02","","","5","","2","","","84","84","1","6","4","120.690994","24.171429","3"
"7626","66000","387130000C","(04)23274275","(04)23288582","2026","1","19","10","5","臺中市","東區","0","1","0","7","2","6","50","4","1","1","5","4","6","6","4","4","10","5","5","2","15","2","9","1","1","C03","7","9","1","10","2","11","","15","15","1","12","4","120.710395","24.145062","2"
"7627","66000","387130000C","(04)23274275","(04)23288582","2026","1","19","10","7","臺中市","豐原區","0","1","0","7","2","6","50","13","7","1","5","4","6","6","4","4","5","5","4","2","17","2","9","5","4","C03","7","11","1","10","2","14","","46","46","1","12","4","120.714485","24.250766","2"
"7628","66000","387130000C","(04)23274275","(04)23288582","2026","1","19","10","12","臺中市","北屯區","0","0","0","7","","","50","","","","","","","","","","","","","","13","","","","","B03","","","1","","1","","","84","84","1","6","4","120.72149","24.182663","3"
"7629","66000","387130000C","(04)23274275","(04)23288582","2026","1","19","10","12","臺中市","北屯區","0","0","0","7","","","60","","","","","","","","","","","","","","13","","","","","A12","","","1","","2","","","7","7","1","12","4","120.727523","24.160937","3"
"7630","66000","387130000C","(04)23274275","(04)23288582","2026","1","19","10","14","臺中市","龍井區","0","0","0","7","","","50","","","","","","","","","","","","","","16","","","","","C03","","","1","","2","","","14","14","1","6","4","120.593824","24.189563","3"
"7631","66000","387130000C","(04)23274275","(04)23288582","2026","1","19","10","15","臺中市","東區","0","0","0","7","","","50","","","","","","","","","","","","","","","","","","","B03","","","1","","2","","","45","45","1","12","4","120.690323","24.143059","3"
"7632","66000","387130000C","(04)23274275","(04)23288582","2026","1","19","10","15","臺中市","大肚區","0","0","0","7","","","30","","","","","","","","","","","","","","13","","","","","C03","","","1","","2","","","59","59","1","6","4","120.542792","24.150619","3"
"7633","66000","387130000C","(04)23274275","(04)23288582","2026","1","19","10","16","臺中市","東區","0","1","0","7","3","6","50","4","2","1","5","4","6","6","2","1","5","5","5","2","11","3","10","3","1","B12","7","11","1","8","2","2","","45","45","1","6","4","120.694967","24.136963","2"
"7634","66000","387130000C","(04)23274275","(04)23288582","2026","1","19","10","20","臺中市","西屯區","0","1","0","7","2","6","50","13","9","1","5","4","6","6","4","4","9","5","5","2","17","3","10","5","4","B03","7","2","1","8","2","7","","49","49","1","13","4","120.657109","24.171156","2"
"7635","66000","387130000C","(04)23274275","(04)23288582","2026","1","19","10","21","臺中市","南屯區","0","0","0","7","","","50","","","","","","","","","","","","","","","","","","","B03","","","1","","2","","","1","1","1","13","4","120.649057","24.128107","3"
"7636","66000","387130000C","(04)23274275","(04)23288582","2026","1","19","10","26","臺中市","大里區","0","0","0","7","","","50","","","","","","","","","","","","","","17","","","","","B12","","","1","","2","","","49","49","1","12","4","120.690055","24.101411","3"
"7637","66000","387130000C","(04)23274275","(04)23288582","2026","1","19","10","27","臺中市","北屯區","0","1","0","7","3","6","40","4","1","1","5","4","6","6","1","1","10","5","5","2","15","2","8","1","1","C03","7","9","1","10","2","11","","21","21","1","12","4","120.717753","24.180126","2"
"7638","66000","387130000C","(04)23274275","(04)23288582","2026","1","19","10","30","臺中市","后里區","0","1","0","7","2","6","50","4","1","1","5","4","6","6","1","1","5","4","5","1","17","3","10","3","1","B03","7","11","1","6","2","4","","20","20","1","6","4","120.715929","24.3065","2"
"7639","66000","387130000C","(04)23274275","(04)23288582","2026","1","19","10","34","臺中市","清水區","0","0","0","7","","","30","","","","","","","","","","","","","","","","","","","B03","","","1","","1","","","20","20","1","12","4","120.562855","24.279306","3"
"7640","66000","387130000C","(04)23274275","(04)23288582","2026","1","19","10","34","臺中市","后里區","0","2","0","7","3","6","30","4","1","1","5","4","6","6","1","1","10","5","5","2","15","2","7","1","1","C03","7","9","1","10","2","11","","87","87","1","6","4","120.718405","24.313205","2"
"7641","66000","387130000C","(04)23274275","(04)23288582","2026","1","19","10","36","臺中市","大雅區","0","0","0","7","","","70","","","","","","","","","","","","","","12","","","","","B03","","","1","","2","","","8","8","1","12","4","120.629962","24.241187","3"
"7642","66000","387130000C","(04)23274275","(04)23288582","2026","1","19","10","36","臺中市","霧峰區","0","0","0","7","","","30","","","","","","","","","","","","","","17","","","","","B03","","","1","8","2","","","84","84","1","13","4","120.702148","24.051495","3"
"7643","66000","387130000C","(04)23274275","(04)23288582","2026","1","19","10","38","臺中市","梧棲區","0","0","0","7","","","50","","","","","","","","","","","","","","12","","","","","A04","","","1","","2","","","8","8","1","12","4","120.532227","24.258862","3"
"7644","66000","387130000C","(04)23274275","(04)23288582","2026","1","19","10","43","臺中市","大雅區","0","0","0","7","","","30","","","","","","","","","","","","","","","","","","","B03","","","1","","1","","","84","84","1","13","4","120.650817","24.209279","3"
"7645","66000","387130000C","(04)23274275","(04)23288582","2026","1","19","10","48","臺中市","霧峰區","0","0","0","7","","","50","","","","","","","","","","","","","","13","","","","","B02","","","1","","2","","","58","58","1","6","4","120.696012","24.055555","3"
"7646","66000","387130000C","(04)23274275","(04)23288582","2026","1","19","10","52","臺中市","梧棲區","0","0","0","7","","","50","","","","","","","","","","","","","","16","","","","","B03","","","1","","1","","","20","20","1","6","4","120.528978","24.25006","3"
"7647","66000","387130000C","(04)23274275","(04)23288582","2026","1","19","10","58","臺中市","太平區","0","0","0","7","2","3","40","","","","","","","","","","","","","","","","","","","B03","","","1","","2","1","","84","84","1","12","4","120.709766","24.134749","3"
"7648","66000","387130000C","(04)23274275","(04)23288582","2026","1","19","11","7","臺中市","西屯區","0","0","0","7","","","50","","","","","","","","","","","","","","12","","","","","","","","","","","","","86","86","1","12","","120.655408","24.16917","3"
"7649","66000","387130000C","(04)23274275","(04)23288582","2026","1","19","11","7","臺中市","大里區","0","1","0","7","2","6","50","13","9","1","5","4","6","6","1","1","5","4","5","2","12","3","10","2","1","C03","7","6","1","10","2","13","","48","48","1","12","4","120.683745","24.115197","2"
"7650","66000","387130000C","(04)23274275","(04)23288582","2026","1","19","11","9","臺中市","西屯區","0","0","0","7","","","50","","","","","","","","","","","","","","13","","","","","B03","","","1","","11","","","86","86","1","12","4","120.652853","24.169162","3"
"7651","66000","387130000C","(04)23274275","(04)23288582","2026","1","19","11","10","臺中市","北屯區","0","0","0","7","","","50","","","","","","","","","","","","","","12","","","","","B03","","","1","","1","","","40","40","1","12","4","120.719535","24.175893","3"
"7652","66000","387130000C","(04)23274275","(04)23288582","2026","1","19","11","22","臺中市","潭子區","0","0","0","7","","","50","","","","","","","","","","","","","","16","","","","","B03","","","1","","2","","","20","20","1","12","4","120.703187","24.207219","3"
"7653","66000","387130000C","(04)23274275","(04)23288582","2026","1","19","11","22","臺中市","北區","0","0","0","7","","","50","","","","","","","","","","","","","","13","","","","","B03","","","1","","1","","","59","59","1","12","4","120.672404","24.169047","3"
"7654","66000","387130000C","(04)23274275","(04)23288582","2026","1","19","11","23","臺中市","大里區","0","1","0","7","2","6","50","4","1","1","5","4","6","6","1","1","10","5","5","2","16","3","10","3","1","B12","7","5","1","8","2","6","","11","11","1","12","4","120.689241","24.077907","2"
"7655","66000","387130000C","(04)23274275","(04)23288582","2026","1","19","11","24","臺中市","烏日區","0","0","0","7","","","50","","","","","","","","","","","","","","13","","","","","B03","","","1","","1","","","59","59","1","13","4","120.615382","24.102965","3"
"7656","66000","387130000C","(04)23274275","(04)23288582","2026","1","19","11","25","臺中市","大雅區","0","2","0","7","3","6","70","3","1","1","5","4","6","6","1","1","1","3","4","1","15","2","9","1","1","C03","7","9","1","10","2","12","","6","6","1","12","4","120.644754","24.226522","2"
"7657","66000","387130000C","(04)23274275","(04)23288582","2026","1","19","11","27","臺中市","北區","0","0","0","7","","","50","","","","","","","","","","","","","","10","","","","","B12","","","1","","2","","","84","84","1","12","4","120.688894","24.152943","3"
"7658","66000","387130000C","(04)23274275","(04)23288582","2026","1","19","11","30","臺中市","南區","0","1","0","7","2","6","50","13","9","1","5","4","6","6","4","4","9","5","5","2","17","2","9","1","1","C03","7","9","1","10","2","11","","85","85","1","12","4","120.655383","24.134541","2"
"7659","66000","387130000C","(04)23274275","(04)23288582","2026","1","19","11","30","臺中市","北屯區","0","1","0","7","3","6","50","4","1","1","5","4","6","6","2","1","10","5","5","2","17","2","9","2","1","C03","7","4","1","10","2","14","","85","85","1","6","4","120.67347","24.200737","2"
"7660","66000","387130000C","(04)23274275","(04)23288582","2026","1","19","11","31","臺中市","北屯區","0","1","0","7","3","6","50","4","1","1","5","4","6","6","1","1","10","5","5","2","13","2","8","1","1","C03","7","9","1","10","1","11","","21","21","1","6","4","120.676072","24.195559","2"
"7661","66000","387130000C","(04)23274275","(04)23288582","2026","1","19","11","38","臺中市","南區","0","0","0","7","","","50","","","","","","","","","","","","","","16","","","","","B12","","","1","","1","","","47","47","1","6","4","120.64911","24.120031","4"
"7662","66000","387130000C","(04)23274275","(04)23288582","2026","1","19","11","42","臺中市","龍井區","0","0","0","7","","","50","","","","","","","","","","","","","","","","","","","B12","","","1","","1","","","85","85","1","12","4","120.523432","24.20518","3"
"7663","66000","387130000C","(04)23274275","(04)23288582","2026","1","19","11","42","臺中市","大安區","0","1","0","7","2","6","50","13","9","1","5","4","6","6","4","4","10","5","5","1","11","2","9","2","1","C03","7","9","1","10","2","14","","42","42","1","6","4","120.603809","24.350101","2"
"7664","66000","387130000C","(04)23274275","(04)23288582","2026","1","19","11","44","臺中市","北屯區","0","1","0","7","3","6","50","4","1","1","5","4","6","6","2","1","10","5","5","2","16","3","10","1","1","C03","7","5","3","19","9","13","","47","47","2","12","4","120.694203","24.171273","2"
"7665","66000","387130000C","(04)23274275","(04)23288582","2026","1","19","11","45","臺中市","梧棲區","0","1","0","7","2","6","50","13","14","1","5","4","6","6","4","4","3","4","4","1","12","2","9","2","1","C03","7","9","1","10","2","12","","84","84","1","12","4","120.548162","24.254056","2"
"7666","66000","387130000C","(04)23274275","(04)23288582","2026","1","19","11","46","臺中市","豐原區","0","1","0","7","3","6","30","3","1","1","5","4","6","6","4","4","10","5","5","2","16","3","10","5","4","B03","7","6","1","1","2","5","","14","14","1","12","4","120.737463","24.264029","2"
"7667","66000","387130000C","(04)23274275","(04)23288582","2026","1","19","11","47","臺中市","清水區","0","2","0","7","2","6","50","13","7","1","5","4","6","6","1","1","8","3","4","2","3","2","9","6","5","H01","8","18","7","21","2","16","","95","95","1","12","5","120.535012","24.269088","2"
"7668","66000","387130000C","(04)23274275","(04)23288582","2026","1","19","11","48","臺中市","沙鹿區","0","1","0","7","2","6","50","13","9","1","5","4","6","6","4","4","9","4","5","2","14","3","10","3","1","B03","7","2","1","8","2","7","","49","49","1","12","4","120.580165","24.213474","2"
"7669","66000","387130000C","(04)23274275","(04)23288582","2026","1","19","11","49","臺中市","西屯區","0","0","0","7","","","30","","","","","","","","","","","","","","30","","","","","B03","","","1","","2","","","59","59","1","13","4","120.614139","24.179333","3"
"7670","66000","387130000C","(04)23274275","(04)23288582","2026","1","19","11","50","臺中市","梧棲區","0","0","0","7","","","50","","","","","","","","","","","","","","14","","","","","B12","","","1","","1","","","49","49","1","12","4","120.531118","24.262258","3"
"7671","66000","387130000C","(04)23274275","(04)23288582","2026","1","19","11","53","臺中市","南屯區","0","0","0","7","","","50","","","","","","","","","","","","","","12","","","","","B03","","","1","","1","","","50","50","1","13","4","120.649685","24.155202","3"
"7672","66000","387130000C","(04)23274275","(04)23288582","2026","1","19","11","54","臺中市","太平區","0","1","0","7","2","6","50","3","2","1","5","4","6","6","4","4","5","5","4","1","16","3","10","3","1","B13","7","11","1","8","2","4","","45","45","1","12","4","120.735105","24.125415","2"
"7673","66000","387130000C","(04)23274275","(04)23288582","2026","1","19","11","55","臺中市","北區","0","0","0","7","","","50","","","","","","","","","","","","","","17","","","","","B03","","","1","","9","","","84","84","2","13","4","120.673788","24.167094","3"
"7674","66000","387130000C","(04)23274275","(04)23288582","2026","1","19","12","5","臺中市","東區","0","1","0","7","2","6","50","5","1","1","5","4","6","6","2","1","10","5","5","2","17","2","9","1","1","C03","7","6","1","10","2","14","","48","48","1","12","4","120.693284","24.133245","2"
"7675","66000","387130000C","(04)23274275","(04)23288582","2026","1","19","12","5","臺中市","梧棲區","0","1","0","7","3","6","50","3","1","1","5","4","6","6","4","4","10","5","5","2","16","2","9","1","1","C03","7","6","1","10","2","12","","12","12","1","6","4","120.536714","24.252391","2"
"7676","66000","387130000C","(04)23274275","(04)23288582","2026","1","19","12","9","臺中市","霧峰區","0","2","0","7","2","6","50","13","9","1","5","4","6","6","4","4","9","5","5","1","17","2","7","5","4","C03","7","6","1","10","2","14","","84","84","1","13","4","120.715896","24.076659","2"
"7677","66000","387130000C","(04)23274275","(04)23288582","2026","1","19","12","10","臺中市","北屯區","0","1","0","7","3","6","50","13","9","1","5","4","6","6","4","4","5","4","5","2","17","3","10","3","1","B02","7","11","1","8","2","8","","34","34","1","6","4","120.690593","24.200127","2"
"7678","66000","387130000C","(04)23274275","(04)23288582","2026","1","19","12","10","臺中市","霧峰區","0","0","0","7","","","40","","","","","","","","","","","","","","11","","","","","B03","","","1","","2","","","34","34","1","6","4","120.695777","24.064507","3"
"7679","66000","387130000C","(04)23274275","(04)23288582","2026","1","19","12","11","臺中市","西區","0","2","0","7","2","6","50","4","2","1","5","4","6","6","2","1","1","4","5","1","13","2","9","2","1","C03","7","12","1","10","2","11","","84","84","1","13","4","120.662766","24.16122","2"
"7680","66000","387130000C","(04)23274275","(04)23288582","2026","1","19","12","12","臺中市","沙鹿區","0","0","0","7","","","40","","","","","","","","","","","","","","","","","","","B03","","","1","","2","","","51","51","1","6","4","120.567714","24.229732","3"
"7681","66000","387130000C","(04)23274275","(04)23288582","2026","1","19","12","13","臺中市","大里區","0","1","0","7","2","6","50","13","9","1","5","4","6","6","4","4","5","4","5","1","12","3","10","3","1","B03","7","9","1","8","2","2","","8","8","1","12","4","120.696607","24.095794","2"
"7682","66000","387130000C","(04)23274275","(04)23288582","2026","1","19","12","15","臺中市","東勢區","0","0","0","7","","","50","","","","","","","","","","","","","","","","","","","C03","","","1","","2","","","7","7","1","12","4","120.8286","24.25651","3"
"7683","66000","387130000C","(04)23274275","(04)23288582","2026","1","19","12","16","臺中市","北屯區","0","0","0","7","","","50","","","","","","","","","","","","","","13","","","","","B03","","","1","","1","","","7","7","1","12","4","120.663979","24.200782","3"
"7684","66000","387130000C","(04)23274275","(04)23288582","2026","1","19","12","20","臺中市","北屯區","0","1","0","7","3","6","50","3","2","1","5","4","6","6","4","4","1","4","5","2","16","2","1","1","1","C03","7","9","3","19","2","11","","59","59","1","12","4","120.709286","24.182096","2"
"7685","66000","387130000C","(04)23274275","(04)23288582","2026","1","19","12","22","臺中市","北區","0","0","0","7","","","","","","","","","","","","","","","","","","","","","","","","","","","","","","119","119","1","","","120.680406","24.153922","3"
"7686","66000","387130000C","(04)23274275","(04)23288582","2026","1","19","12","23","臺中市","豐原區","0","1","0","7","2","6","50","11","9","1","5","4","6","6","4","4","5","4","5","1","17","3","10","3","1","B03","7","1","1","8","2","4","","51","51","1","13","4","120.715352","24.252145","2"
"7687","66000","387130000C","(04)23274275","(04)23288582","2026","1","19","12","28","臺中市","大里區","0","0","0","7","","","50","","","","","","","","","","","","","","","","","","","B12","","","1","","1","","","7","7","1","12","4","120.700181","24.093712","3"
"7688","66000","387130000C","(04)23274275","(04)23288582","2026","1","19","12","30","臺中市","南屯區","0","0","0","7","","","50","","","","","","","","","","","","","","","","","","","B12","","","1","","1","","","49","49","1","13","4","120.635575","24.145208","3"
"7689","66000","387130000C","(04)23274275","(04)23288582","2026","1","19","12","31","臺中市","后里區","0","1","0","7","2","6","50","13","9","1","5","4","6","6","4","4","9","5","5","1","16","3","10","3","1","B03","7","11","1","8","2","1","","45","45","1","12","4","120.716754","24.28579","2"
"7690","66000","387130000C","(04)23274275","(04)23288582","2026","1","19","12","40","臺中市","北區","0","0","0","7","","","50","","","","","","","","","","","","","","17","","","","","C03","","","1","","2","","","84","84","1","12","4","120.682387","24.161518","3"
"7691","66000","387130000C","(04)23274275","(04)23288582","2026","1","19","12","41","臺中市","霧峰區","0","1","0","7","2","6","30","18","9","1","5","4","6","6","4","4","10","5","5","1","17","3","10","5","4","B03","7","9","1","8","2","8","","84","84","1","13","4","120.679918","24.065644","2"
"7692","66000","387130000C","(04)23274275","(04)23288582","2026","1","19","12","43","臺中市","大里區","0","2","0","7","3","6","50","4","1","1","5","4","6","6","4","4","5","5","5","2","15","2","9","1","1","C03","7","9","1","10","2","12","","15","15","1","12","4","120.676284","24.102581","2"
"7693","66000","387130000C","(04)23274275","(04)23288582","2026","1","19","12","45","臺中市","太平區","0","1","0","7","2","6","50","4","2","1","5","4","6","6","2","1","1","4","5","2","13","3","10","3","1","A41","7","9","1","3","2","1","","88","88","1","12","4","120.714358","24.149562","2"
"7694","66000","387130000C","(04)23274275","(04)23288582","2026","1","19","12","50","臺中市","西屯區","0","0","0","7","","","50","","","","","","","","","","","","","","13","","","","","B12","","","1","","1","","","7","7","1","12","4","120.648988","24.167381","3"
"7695","66000","387130000C","(04)23274275","(04)23288582","2026","1","19","12","52","臺中市","西屯區","0","0","0","7","","","50","","","","","","","","","","","","","","13","","","","","B12","","","1","","1","","","59","59","1","12","4","120.637013","24.172178","3"
"7696","66000","387130000C","(04)23274275","(04)23288582","2026","1","19","12","52","臺中市","霧峰區","0","1","0","7","3","6","50","4","1","1","5","4","6","6","1","1","10","5","5","2","17","3","10","1","1","C03","7","6","5","19","2","11","","23","23","1","6","4","120.698552","24.064467","2"
"7697","66000","387130000C","(04)23274275","(04)23288582","2026","1","19","12","53","臺中市","西屯區","0","2","0","7","2","6","50","3","1","1","5","4","6","6","4","4","10","5","5","2","16","2","9","2","1","C03","7","11","1","10","2","14","","42","42","1","12","4","120.642717","24.198495","2"
"7698","66000","387130000C","(04)23274275","(04)23288582","2026","1","19","12","54","臺中市","東勢區","0","1","0","7","3","6","60","13","9","1","5","4","6","6","4","4","9","5","4","1","19","2","9","5","4","B03","7","9","5","8","2","2","","84","84","1","12","4","120.814809","24.280066","2"
"7699","66000","387130000C","(04)23274275","(04)23288582","2026","1","19","12","55","臺中市","北區","0","0","0","7","","","50","","","","","","","","","","","","","","17","","","","","","","","","","","","","84","84","1","","","120.680799","24.162357","4"
"7700","66000","387130000C","(04)23274275","(04)23288582","2026","1","19","13","0","臺中市","北屯區","0","0","0","7","","","50","","","","","","","","","","","","","","13","","","","","B03","","","1","","1","","","59","59","1","12","4","120.685372","24.172652","3"
"7701","66000","387130000C","(04)23274275","(04)23288582","2026","1","19","13","1","臺中市","中區","0","2","0","7","2","6","50","4","2","1","5","4","6","6","4","4","10","5","5","2","15","2","9","2","1","C03","7","9","1","10","2","12","","15","15","1","13","4","120.678438","24.145809","2"
"7702","66000","387130000C","(04)23274275","(04)23288582","2026","1","19","13","9","臺中市","南區","0","0","0","7","","","30","","","","","","","","","","","","","","16","","","","","B03","","","1","8","1","","","51","51","1","6","4","120.661595","24.117383","3"
"7703","66000","387130000C","(04)23274275","(04)23288582","2026","1","19","13","12","臺中市","霧峰區","0","0","0","7","","","50","","","","","","","","","","","","","","17","","","","","B03","","","1","7","2","","","84","84","1","13","4","120.695953","24.065768","3"
"7704","66000","387130000C","(04)23274275","(04)23288582","2026","1","19","13","18","臺中市","西屯區","0","0","0","7","","","50","","","","","","","","","","","","","","30","","","","","B03","","","1","","2","","","8","8","1","12","4","120.614883","24.180701","3"
"7705","66000","387130000C","(04)23274275","(04)23288582","2026","1","19","13","22","臺中市","北屯區","0","0","0","7","","","50","","","","","","","","","","","","","","12","","","","","B03","","","1","","1","","","20","20","1","12","4","120.685871","24.176859","4"
"7706","66000","387130000C","(04)23274275","(04)23288582","2026","1","19","13","23","臺中市","西屯區","0","0","0","7","","","50","","","","","","","","","","","","","","13","","","","","B03","","","1","","1","","","7","7","2","13","4","120.638455","24.170006","3"
"7707","66000","387130000C","(04)23274275","(04)23288582","2026","1","19","13","24","臺中市","潭子區","0","0","0","7","","","50","","","","","","","","","","","","","","12","","","","","B03","","","1","","2","","","8","8","1","12","4","120.717971","24.19753","3"
"7708","66000","387130000C","(04)23274275","(04)23288582","2026","1","19","13","27","臺中市","南屯區","0","0","0","7","","","50","","","","","","","","","","","","","","13","","","","","B03","","","1","","1","","","7","7","1","13","4","120.648286","24.13208","3"
"7709","66000","387130000C","(04)23274275","(04)23288582","2026","1","19","13","32","臺中市","后里區","0","1","0","7","3","6","50","4","1","1","5","4","6","6","1","1","10","5","5","2","16","3","10","3","1","B03","7","6","1","8","2","8","","20","20","1","12","4","120.717798","24.309576","2"
"7710","66000","387130000C","(04)23274275","(04)23288582","2026","1","19","13","34","臺中市","北區","0","0","0","7","","","50","","","","","","","","","","","","","","","","","","","B01","","","1","","1","","","51","51","1","12","4","120.676816","24.155772","3"
"7711","66000","387130000C","(04)23274275","(04)23288582","2026","1","19","13","35","臺中市","潭子區","0","0","0","7","","","50","","","","","","","","","","","","","","","","","","","C03","","","1","","2","","","20","20","1","13","4","120.700826","24.199948","3"
"7712","66000","387130000C","(04)23274275","(04)23288582","2026","1","19","13","35","臺中市","南屯區","0","0","0","7","","","50","","","","","","","","","","","","","","15","","","","","C03","","","1","","2","","","21","21","1","13","4","120.648759","24.143779","3"
"7713","66000","387130000C","(04)23274275","(04)23288582","2026","1","19","13","39","臺中市","北屯區","0","0","0","7","","","50","","","","","","","","","","","","","","17","","","","","B03","","","1","","2","","","34","34","1","6","4","120.690683","24.172465","3"
"7714","66000","387130000C","(04)23274275","(04)23288582","2026","1","19","13","39","臺中市","西屯區","0","0","0","7","","","50","","","","","","","","","","","","","","12","","","","","A41","","","1","","2","","","40","40","1","12","4","120.62449","24.17848","3"
"7715","66000","387130000C","(04)23274275","(04)23288582","2026","1","19","13","40","臺中市","烏日區","0","0","0","7","","","50","","","","","","","","","","","","","","13","","","","","B03","","","1","","1","","","7","7","1","6","4","120.629713","24.109182","3"
"7716","66000","387130000C","(04)23274275","(04)23288582","2026","1","19","13","41","臺中市","中區","0","0","0","7","","","50","","","","","","","","","","","","","","12","","","","","B03","","","1","","1","","","40","40","1","13","4","120.683019","24.137947","3"
"7717","66000","387130000C","(04)23274275","(04)23288582","2026","1","19","13","41","臺中市","梧棲區","0","0","0","7","","","50","","","","","","","","","","","","","","14","","","","","B12","","","1","","1","","","49","49","1","12","4","120.535645","24.264623","3"
"7718","66000","387130000C","(04)23274275","(04)23288582","2026","1","19","13","42","臺中市","西區","0","0","0","7","","","50","","","","","","","","","","","","","","12","","","","","B03","","","1","","1","","","8","8","1","13","4","120.666333","24.152625","3"
"7719","66000","387130000C","(04)23274275","(04)23288582","2026","1","19","13","43","臺中市","烏日區","0","1","0","7","2","6","50","13","9","1","5","4","6","6","4","4","9","5","4","2","17","3","10","5","4","B12","7","11","1","8","2","8","","45","45","1","13","4","120.641798","24.107217","2"
"7720","66000","387130000C","(04)23274275","(04)23288582","2026","1","19","13","45","臺中市","中區","0","0","0","7","","","50","","","","","","","","","","","","","","15","","","","","B03","","","1","","2","","","23","23","1","12","4","120.680191","24.143104","3"
"7721","66000","387130000C","(04)23274275","(04)23288582","2026","1","19","13","45","臺中市","西屯區","0","2","0","7","2","6","40","13","8","1","5","4","6","6","1","1","1","4","1","2","12","2","8","5","4","C04","7","1","1","11","2","16","","51","51","1","12","4","120.642328","24.157415","2"
"7722","66000","387130000C","(04)23274275","(04)23288582","2026","1","19","13","46","臺中市","北屯區","0","1","0","7","3","6","50","4","1","1","5","4","6","6","1","1","10","5","5","2","16","3","10","3","1","B12","7","5","1","8","2","2","","11","11","1","12","4","120.670852","24.196659","2"
"7723","66000","387130000C","(04)23274275","(04)23288582","2026","1","19","13","50","臺中市","南區","0","0","0","7","","","40","","","","","","","","","","","","","","13","","","","","C03","","","1","","1","","","59","59","1","13","4","120.656967","24.113321","3"
"7724","66000","387130000C","(04)23274275","(04)23288582","2026","1","19","13","52","臺中市","西區","0","3","0","7","2","6","50","4","1","1","5","4","6","6","2","1","1","4","5","2","13","2","9","2","1","C03","7","9","1","10","1","11","","7","7","1","13","4","120.671925","24.146248","2"
"7725","66000","387130000C","(04)23274275","(04)23288582","2026","1","19","13","53","臺中市","沙鹿區","0","1","0","7","2","6","40","13","8","1","5","4","6","6","4","4","1","5","5","1","13","2","7","2","1","C03","7","9","1","10","2","14","11","59","59","1","6","4","120.569595","24.23674","2"
"7726","66000","387130000C","(04)23274275","(04)23288582","2026","1","19","13","56","臺中市","中區","0","3","0","7","1","6","50","4","8","1","5","4","6","6","4","4","5","4","5","2","12","2","8","1","1","C03","7","9","1","10","2","12","","7","7","1","13","4","120.680324","24.143138","2"
"7727","66000","387130000C","(04)23274275","(04)23288582","2026","1","19","14","5","臺中市","大里區","0","1","0","7","3","6","30","3","19","1","5","4","6","6","4","4","10","5","5","2","3","3","10","3","1","B03","7","6","1","8","2","8","","10","10","1","6","4","120.710884","24.086176","2"
"7728","66000","387130000C","(04)23274275","(04)23288582","2026","1","19","14","5","臺中市","大里區","0","0","0","7","","","50","","","","","","","","","","","","","","24","","","","","A05","","","1","","2","","","84","84","1","6","4","120.667264","24.108711","3"
"7729","66000","387130000C","(04)23274275","(04)23288582","2026","1","19","14","9","臺中市","大甲區","0","0","0","7","","","50","","","","","","","","","","","","","","14","","","","","B03","","","1","","2","","","49","49","1","12","4","120.620457","24.347437","3"
"7730","66000","387130000C","(04)23274275","(04)23288582","2026","1","19","14","11","臺中市","北屯區","0","0","0","7","","","50","","","","","","","","","","","","","","","","","","","B03","","","1","","2","","","51","51","1","6","4","120.687227","24.172672","3"
"7731","66000","387130000C","(04)23274275","(04)23288582","2026","1","19","14","18","臺中市","南屯區","0","1","0","7","3","6","50","4","1","1","5","4","6","6","4","4","10","5","5","2","13","3","10","3","1","B03","7","9","1","8","2","8","","59","59","1","12","4","120.647122","24.137239","2"
"7732","66000","387130000C","(04)23274275","(04)23288582","2026","1","19","14","18","臺中市","西屯區","0","1","0","7","2","6","30","4","1","1","5","4","6","6","3","1","10","5","5","2","16","3","10","5","4","B03","7","6","1","8","2","4","","11","11","1","12","4","120.625268","24.191268","2"
"7733","66000","387130000C","(04)23274275","(04)23288582","2026","1","19","14","24","臺中市","西屯區","0","1","0","7","2","6","50","13","9","1","5","4","6","6","4","4","1","4","5","2","12","2","9","1","1","C03","7","9","1","10","2","11","","59","59","1","13","4","120.615436","24.186074","2"
"7734","66000","387130000C","(04)23274275","(04)23288582","2026","1","19","14","27","臺中市","北屯區","0","1","0","7","3","6","50","3","1","1","5","4","6","6","4","4","10","5","5","2","16","3","10","3","1","B03","7","6","1","8","2","2","","14","14","1","12","4","120.742053","24.160753","2"