序號,縣市別代碼,機關代碼,市話,傳真,年,月,日,時,分,縣市,區,死亡數量,受傷數量,2-30,天候,道路照明設備,道路類別,道路速限,道路型態,事故位置,路面鋪裝,路面狀態,路面缺陷,障礙物,視距,號誌種類,號誌動作,分向設施,快車道或一般車道間,快慢車道間,路面邊線,事故類型及型態,受傷程度,主要傷處,保護裝備,行動電話或功能裝置,當事者區分(類別),車輛用途,當事者行動狀態,駕照狀態,駕照種類,飲酒情形,車輛撞擊部位最初,車輛撞擊部位其他,肇事因素個別,肇事因素主要,肇事逃逸,職業,共享經濟或外送平台,GPS座標X,GPS座標Y,事故類別
"7735","66000","387130000C","(04)23274275","(04)23288582","2026","1","19","14","27","臺中市","西屯區","0","0","0","7","","","50","","","","","","","","","","","","","","14","","","","","B03","","","1","","2","","","59","59","1","13","4","120.641418","24.17699","3"
"7736","66000","387130000C","(04)23274275","(04)23288582","2026","1","19","14","30","臺中市","大里區","0","0","0","7","","","50","","","","","","","","","","","","","","","","","","","C03","","","1","","2","","","51","51","1","12","4","120.667644","24.107486","3"
"7737","66000","387130000C","(04)23274275","(04)23288582","2026","1","19","14","31","臺中市","西屯區","0","1","0","7","2","6","50","3","1","1","5","4","6","6","1","1","10","5","5","2","13","4","11","5","4","C03","7","9","1","10","2","11","","84","84","1","12","4","120.653238","24.168726","2"
"7738","66000","387130000C","(04)23274275","(04)23288582","2026","1","19","14","34","臺中市","西屯區","0","0","0","7","","","40","","","","","","","","","","","","","","13","","","","","C03","","","1","","1","","","7","7","1","13","2","120.602633","24.182917","3"
"7739","66000","387130000C","(04)23274275","(04)23288582","2026","1","19","14","40","臺中市","中區","0","0","0","7","","","30","","","","","","","","","","","","","","17","","","","","B12","","","1","","1","","","43","43","1","12","4","120.678271","24.140025","3"
"7740","66000","387130000C","(04)23274275","(04)23288582","2026","1","19","14","40","臺中市","烏日區","0","0","0","7","2","6","40","8","9","1","5","4","6","6","4","4","10","5","5","2","11","3","10","3","1","B03","7","9","1","8","2","8","","87","87","1","6","4","120.655578","24.049934","3"
"7741","66000","387130000C","(04)23274275","(04)23288582","2026","1","19","14","45","臺中市","南區","0","0","0","7","","","50","","","","","","","","","","","","","","17","","","","","C03","","","1","","2","","","85","85","1","12","4","120.67659","24.131752","4"
"7742","66000","387130000C","(04)23274275","(04)23288582","2026","1","19","14","50","臺中市","大雅區","0","2","0","7","3","9","50","5","1","1","5","4","6","6","1","1","1","3","4","1","12","2","8","1","1","C03","7","9","1","10","2","14","","7","7","1","12","4","120.667532","24.215665","2"
"7743","66000","387130000C","(04)23274275","(04)23288582","2026","1","19","14","52","臺中市","中區","0","1","0","7","2","6","50","4","1","1","5","4","6","6","2","1","5","4","5","2","17","3","10","3","1","B03","7","6","1","8","2","2","","11","11","1","13","4","120.676023","24.145494","2"
"7744","66000","387130000C","(04)23274275","(04)23288582","2026","1","19","14","55","臺中市","太平區","0","2","0","7","2","6","50","4","1","1","5","4","6","6","1","1","10","5","5","2","15","2","7","2","1","C03","7","1","1","8","2","11","","84","84","1","12","4","120.710084","24.13484","2"
"7745","66000","387130000C","(04)23274275","(04)23288582","2026","1","19","14","55","臺中市","沙鹿區","0","0","0","7","","","70","","","","","","","","","","","","","","17","","","","","A32","","","1","","1","","","45","8","1","6","4","120.621054","24.242287","3"
"7746","66000","387130000C","(04)23274275","(04)23288582","2026","1","19","14","59","臺中市","西屯區","0","0","0","7","","","50","","","","","","","","","","","","","","12","","","","","B03","","","1","","1","","","40","40","1","12","4","120.645515","24.19577","3"
"7747","66000","387130000C","(04)23274275","(04)23288582","2026","1","19","15","0","臺中市","南區","0","0","0","7","","","50","","","","","","","","","","","","","","17","","","","","C03","","","1","","1","","","84","84","1","13","4","120.684166","24.121056","3"
"7748","66000","387130000C","(04)23274275","(04)23288582","2026","1","19","15","1","臺中市","南屯區","0","0","0","7","","","50","","","","","","","","","","","","","","13","","","","","C03","","","1","","2","","","84","84","1","13","4","120.614535","24.150155","3"
"7749","66000","387130000C","(04)23274275","(04)23288582","2026","1","19","15","2","臺中市","北區","0","1","0","7","2","6","50","4","2","1","5","4","6","6","2","1","5","1","5","2","17","3","10","3","1","B03","7","9","1","8","2","2","","21","21","1","13","4","120.685395","24.152786","2"
"7750","66000","387130000C","(04)23274275","(04)23288582","2026","1","19","15","3","臺中市","北屯區","0","1","0","6","2","6","50","13","8","1","5","4","6","6","4","4","5","5","4","2","17","2","1","3","1","B03","7","9","1","8","2","5","","59","59","1","12","4","120.722621","24.170097","2"
"7751","66000","387130000C","(04)23274275","(04)23288582","2026","1","19","15","6","臺中市","北區","0","0","0","7","","","50","","","","","","","","","","","","","","17","","","","","C03","","","1","","9","","","84","84","2","13","4","120.681096","24.161089","3"
"7752","66000","387130000C","(04)23274275","(04)23288582","2026","1","19","15","7","臺中市","南區","0","0","0","7","","","50","","","","","","","","","","","","","","","","","","","B03","","","1","","2","","","84","84","1","12","4","120.651189","24.121537","3"
"7753","66000","387130000C","(04)23274275","(04)23288582","2026","1","19","15","13","臺中市","太平區","0","0","0","7","2","6","30","","","","","","","","","","","","","","","","","","","B03","","","1","","2","6","","12","12","1","12","4","120.701486","24.146895","3"
"7754","66000","387130000C","(04)23274275","(04)23288582","2026","1","19","15","15","臺中市","南屯區","0","0","0","7","","","","","","","","","","","","","","","","","17","","","","","","","","","","","","","119","119","1","","","120.646038","24.142753","3"
"7755","66000","387130000C","(04)23274275","(04)23288582","2026","1","19","15","18","臺中市","北屯區","0","0","0","7","","","50","","","","","","","","","","","","","","13","","","","","B03","","","1","","2","","","59","59","1","13","4","120.700331","24.182583","3"
"7756","66000","387130000C","(04)23274275","(04)23288582","2026","1","19","15","20","臺中市","烏日區","0","0","0","7","","","30","","","","","","","","","","","","","","17","","","","","B03","","","1","","2","","","8","8","1","6","4","120.61978","24.106437","3"
"7757","66000","387130000C","(04)23274275","(04)23288582","2026","1","19","15","24","臺中市","北區","0","1","0","7","2","6","50","4","1","1","5","4","6","6","1","1","10","5","5","2","17","3","10","3","1","B03","7","6","1","8","2","8","","84","84","1","12","4","120.679023","24.14997","2"
"7758","66000","387130000C","(04)23274275","(04)23288582","2026","1","19","15","26","臺中市","西屯區","0","2","0","7","2","6","50","13","9","1","5","4","6","6","4","4","4","4","5","2","16","3","10","3","1","B01","7","5","1","1","2","5","","47","47","1","12","4","120.643145","24.165046","2"
"7759","66000","387130000C","(04)23274275","(04)23288582","2026","1","19","15","27","臺中市","中區","0","0","0","7","","","40","","","","","","","","","","","","","","17","","","","","C03","","","1","","9","","","59","59","2","12","4","120.6752","24.143715","3"
"7760","66000","387130000C","(04)23274275","(04)23288582","2026","1","19","15","27","臺中市","沙鹿區","0","0","0","7","","","30","","","","","","","","","","","","","","17","","","","","B03","","","1","","2","","","8","8","1","6","4","120.578176","24.221339","3"
"7761","66000","387130000C","(04)23274275","(04)23288582","2026","1","19","15","30","臺中市","太平區","0","2","0","7","2","6","50","13","9","1","5","4","6","6","4","4","5","5","5","1","12","2","8","1","1","C03","7","4","1","10","2","14","","1","1","1","12","4","120.71762","24.130001","2"
"7762","66000","387130000C","(04)23274275","(04)23288582","2026","1","19","15","30","臺中市","太平區","0","0","0","7","","","30","","","","","","","","","","","","","","17","","","","","B03","","","1","","2","","","84","84","1","12","4","120.718001","24.142226","3"
"7763","66000","387130000C","(04)23274275","(04)23288582","2026","1","19","15","30","臺中市","豐原區","0","0","0","7","","","50","","","","","","","","","","","","","","16","","","","","B03","","","1","","2","","","47","47","1","12","4","120.713901","24.253463","3"
"7764","66000","387130000C","(04)23274275","(04)23288582","2026","1","19","15","31","臺中市","東區","0","0","0","7","","","40","","","","","","","","","","","","","","","","","","","C03","","","1","","1","","","1","1","1","13","4","120.692426","24.145392","3"
"7765","66000","387130000C","(04)23274275","(04)23288582","2026","1","19","15","33","臺中市","大雅區","0","1","0","7","1","6","40","3","1","1","5","4","6","6","4","4","1","5","4","1","18","2","9","2","1","C03","7","9","1","10","2","14","","84","84","1","12","4","120.646063","24.224026","2"
"7766","66000","387130000C","(04)23274275","(04)23288582","2026","1","19","15","34","臺中市","北屯區","0","0","0","7","","","50","","","","","","","","","","","","","","14","","","","","B12","","","1","","2","","","49","49","1","6","4","120.691869","24.182883","3"
"7767","66000","387130000C","(04)23274275","(04)23288582","2026","1","19","15","36","臺中市","南屯區","0","0","0","7","","","50","","","","","","","","","","","","","","13","","","","","B03","","","1","","2","","","84","84","1","13","4","120.653225","24.12876","3"
"7768","66000","387130000C","(04)23274275","(04)23288582","2026","1","19","15","37","臺中市","西區","0","0","0","7","","","50","","","","","","","","","","","","","","17","","","","","B03","","","1","","1","","","51","51","1","13","4","120.659405","24.133489","3"
"7769","66000","387130000C","(04)23274275","(04)23288582","2026","1","19","15","37","臺中市","南屯區","0","1","0","7","3","6","50","13","9","1","5","4","6","6","4","4","8","5","5","2","17","3","10","3","1","B02","7","13","1","8","2","4","","76","76","1","12","4","120.6487","24.149586","2"
"7770","66000","387130000C","(04)23274275","(04)23288582","2026","1","19","15","37","臺中市","西屯區","0","0","0","7","","","50","","","","","","","","","","","","","","13","","","","","B02","","","1","","1","","","59","59","1","12","4","120.645816","24.192346","3"
"7771","66000","387130000C","(04)23274275","(04)23288582","2026","1","19","15","37","臺中市","西屯區","0","0","0","7","","","50","","","","","","","","","","","","","","12","","","","","B03","","","1","","1","","","40","40","1","13","4","120.655415","24.199467","3"
"7772","66000","387130000C","(04)23274275","(04)23288582","2026","1","19","15","43","臺中市","南屯區","0","0","0","7","","","50","","","","","","","","","","","","","","17","","","","","C03","","","1","","1","","","84","84","1","12","4","120.641341","24.13026","3"
"7773","66000","387130000C","(04)23274275","(04)23288582","2026","1","19","15","43","臺中市","烏日區","0","0","0","6","2","6","50","4","1","1","5","4","6","6","1","1","10","5","5","2","16","3","10","1","1","C03","7","6","1","10","2","14","","11","11","1","6","4","120.646635","24.110403","3"
"7774","66000","387130000C","(04)23274275","(04)23288582","2026","1","19","15","45","臺中市","大雅區","0","1","0","7","3","6","50","3","2","1","5","4","6","6","4","4","10","5","5","2","25","2","9","1","1","C03","7","6","3","19","2","11","","6","6","1","12","4","120.654359","24.225571","2"
"7775","66000","387130000C","(04)23274275","(04)23288582","2026","1","19","15","45","臺中市","西區","0","0","0","7","","","40","","","","","","","","","","","","","","17","","","","","B03","","","1","","1","","","49","49","1","12","4","120.664354","24.132076","3"
"7776","66000","387130000C","(04)23274275","(04)23288582","2026","1","19","15","45","臺中市","西區","0","0","0","7","","","50","","","","","","","","","","","","","","17","","","","","B03","","","1","","9","","","84","84","1","13","4","120.668131","24.148221","3"
"7777","66000","387130000C","(04)23274275","(04)23288582","2026","1","19","15","50","臺中市","南區","0","0","0","7","","","1","","","","","","","","","","","","","","14","","","","","B03","","","1","","1","","","49","49","1","12","4","120.660643","24.125395","3"
"7778","66000","387130000C","(04)23274275","(04)23288582","2026","1","19","15","51","臺中市","霧峰區","0","1","0","7","2","6","30","4","1","1","5","4","6","6","4","4","10","5","5","2","17","3","10","5","4","C03","7","9","2","19","2","12","","15","15","1","4","4","120.699697","24.065895","2"
"7779","66000","387130000C","(04)23274275","(04)23288582","2026","1","19","15","56","臺中市","烏日區","0","1","0","7","3","6","50","13","7","1","5","4","3","6","4","4","1","4","4","1","13","2","9","2","1","C03","7","9","1","10","2","11","","6","6","1","6","4","120.635596","24.10706","2"
"7780","66000","387130000C","(04)23274275","(04)23288582","2026","1","19","15","58","臺中市","大肚區","0","0","0","7","","","30","","","","","","","","","","","","","","","","","","","","","","","","","","","118","118","1","","","120.572058","24.122472","3"
"7781","66000","387130000C","(04)23274275","(04)23288582","2026","1","19","16","0","臺中市","梧棲區","0","0","0","7","","","60","","","","","","","","","","","","","","14","","","","","B03","","","1","","2","","","49","49","1","12","4","120.558057","24.256061","3"
"7782","66000","387130000C","(04)23274275","(04)23288582","2026","1","19","16","0","臺中市","沙鹿區","0","0","0","7","","","50","","","","","","","","","","","","","","13","","","","","B03","","","1","","1","","","7","7","1","12","4","120.575008","24.227052","3"
"7783","66000","387130000C","(04)23274275","(04)23288582","2026","1","19","16","3","臺中市","大里區","0","0","0","7","","","30","","","","","","","","","","","","","","","","","","","B03","","","1","","2","","","8","8","1","6","4","120.699244","24.088219","3"
"7784","66000","387130000C","(04)23274275","(04)23288582","2026","1","19","16","4","臺中市","烏日區","0","1","0","7","3","6","50","4","1","1","5","4","6","6","2","1","10","5","5","2","12","3","10","5","4","C03","7","4","1","10","2","15","","1","1","1","13","4","120.618128","24.105816","2"
"7785","66000","387130000C","(04)23274275","(04)23288582","2026","1","19","16","9","臺中市","大里區","0","0","0","7","","","50","","","","","","","","","","","","","","","","","","","C03","","","1","","1","","","7","7","1","12","4","120.688318","24.102346","3"
"7786","66000","387130000C","(04)23274275","(04)23288582","2026","1","19","16","9","臺中市","沙鹿區","0","0","0","7","","","60","","","","","","","","","","","","","","13","","","","","B03","","","1","","2","","","59","59","1","6","4","120.597003","24.250057","3"
"7787","66000","387130000C","(04)23274275","(04)23288582","2026","1","19","16","10","臺中市","南屯區","0","0","0","7","","","50","","","","","","","","","","","","","","13","","","","","B03","","","1","","1","","","7","7","1","13","4","120.651229","24.153658","3"
"7788","66000","387130000C","(04)23274275","(04)23288582","2026","1","19","16","10","臺中市","北屯區","0","0","0","7","","","","","","","","","","","","","","","","","17","","","","","","","","","","","","","119","119","1","","","120.690028","24.164644","3"
"7789","66000","387130000C","(04)23274275","(04)23288582","2026","1","19","16","10","臺中市","大甲區","0","0","0","7","","","50","","","","","","","","","","","","","","26","","","","","B03","","","1","","1","","","8","8","1","6","4","120.644016","24.409107","3"
"7790","66000","387130000C","(04)23274275","(04)23288582","2026","1","19","16","11","臺中市","中區","0","1","0","7","3","6","50","4","1","1","5","4","6","6","1","1","10","5","5","2","18","3","10","1","1","C03","7","13","1","10","2","14","","78","78","1","6","4","120.678613","24.146781","2"
"7791","66000","387130000C","(04)23274275","(04)23288582","2026","1","19","16","13","臺中市","中區","0","0","0","7","","","50","","","","","","","","","","","","","","","","","","","C03","","","1","10","1","","","35","35","1","13","4","120.680765","24.138415","3"
"7792","66000","387130000C","(04)23274275","(04)23288582","2026","1","19","16","15","臺中市","南屯區","0","1","0","7","3","6","50","13","8","1","5","4","6","6","4","4","1","4","4","2","16","3","10","3","1","B02","7","5","1","8","2","5","","20","20","1","13","4","120.622498","24.150202","2"
"7793","66000","387130000C","(04)23274275","(04)23288582","2026","1","19","16","17","臺中市","南區","0","0","0","7","","","50","","","","","","","","","","","","","","12","","","","","B03","","","1","","1","","","39","39","1","13","4","120.682859","24.134356","3"
"7794","66000","387130000C","(04)23274275","(04)23288582","2026","1","19","16","17","臺中市","大里區","0","2","0","7","3","6","30","13","9","1","5","4","6","6","4","4","10","5","5","1","12","2","9","1","1","C03","7","9","1","10","2","11","","8","8","1","12","4","120.673988","24.10985","2"
"7795","66000","387130000C","(04)23274275","(04)23288582","2026","1","19","16","20","臺中市","豐原區","0","1","0","7","2","6","50","3","2","1","5","4","6","6","4","4","5","5","4","2","14","3","10","3","1","B03","7","2","1","8","2","3","","49","49","1","12","4","120.719336","24.253539","2"
"7796","66000","387130000C","(04)23274275","(04)23288582","2026","1","19","16","21","臺中市","北屯區","0","1","0","7","2","6","50","4","1","1","5","4","6","6","2","1","3","3","4","2","13","3","10","3","1","B03","7","6","1","8","1","1","","7","7","1","13","4","120.685417","24.17087","2"
"7797","66000","387130000C","(04)23274275","(04)23288582","2026","1","19","16","24","臺中市","東區","0","1","0","7","2","6","50","13","9","1","5","4","6","6","4","4","5","4","5","2","9","3","10","2","1","C03","7","9","1","10","2","11","","84","84","1","12","4","120.698613","24.147847","2"
"7798","66000","387130000C","(04)23274275","(04)23288582","2026","1","19","16","26","臺中市","北屯區","0","1","0","7","2","6","50","4","1","1","5","4","6","6","1","1","10","5","5","2","16","3","10","3","1","B03","7","6","1","8","2","2","","11","11","1","6","4","120.676344","24.184374","2"
"7799","66000","387130000C","(04)23274275","(04)23288582","2026","1","19","16","29","臺中市","北區","0","1","0","7","2","6","30","13","9","1","5","4","6","6","4","4","10","5","5","2","17","2","8","1","1","C03","7","15","1","9","2","11","","84","84","1","12","4","120.669839","24.166287","2"
"7800","66000","387130000C","(04)23274275","(04)23288582","2026","1","19","16","29","臺中市","南區","0","0","0","7","","","50","","","","","","","","","","","","","","13","","","","","C03","","","1","","1","","","85","85","1","12","4","120.683991","24.118978","3"
"7801","66000","387130000C","(04)23274275","(04)23288582","2026","1","19","16","33","臺中市","南屯區","0","2","0","7","3","6","50","13","8","1","5","4","6","6","4","4","5","5","4","2","13","2","8","1","1","C03","7","9","1","10","2","12","","59","59","1","12","4","120.63459","24.154712","2"
"7802","66000","387130000C","(04)23274275","(04)23288582","2026","1","19","16","37","臺中市","北區","0","0","0","7","","","50","","","","","","","","","","","","","","17","","","","","B03","","","1","","1","","","50","50","1","13","4","120.665583","24.15973","3"
"7803","66000","387130000C","(04)23274275","(04)23288582","2026","1","19","16","38","臺中市","沙鹿區","0","0","0","7","","","50","","","","","","","","","","","","","","13","","","","","B12","","","1","","2","","","7","7","1","6","4","120.568671","24.238264","3"
"7804","66000","387130000C","(04)23274275","(04)23288582","2026","1","19","16","38","臺中市","石岡區","0","2","0","7","2","6","50","3","1","1","5","4","6","6","4","4","10","5","5","2","17","2","9","4","1","F02","7","1","7","21","2","14","","51","51","1","12","4","120.781723","24.274894","2"
"7805","66000","387130000C","(04)23274275","(04)23288582","2026","1","19","16","42","臺中市","北區","0","0","0","7","","","50","","","","","","","","","","","","","","17","","","","","B03","","","1","","1","","","47","47","1","12","4","120.668168","24.154575","3"
"7806","66000","387130000C","(04)23274275","(04)23288582","2026","1","19","16","42","臺中市","豐原區","0","0","0","7","","","50","","","","","","","","","","","","","","","","","","","B03","","","1","","2","","","49","49","1","13","4","120.743873","24.264217","3"
"7807","66000","387130000C","(04)23274275","(04)23288582","2026","1","19","16","45","臺中市","潭子區","0","0","0","7","","","50","","","","","","","","","","","","","","","","","","","B03","","","1","","2","","","45","45","1","13","4","120.701508","24.211637","3"
"7808","66000","387130000C","(04)23274275","(04)23288582","2026","1","19","16","46","臺中市","西屯區","0","0","0","7","","","30","","","","","","","","","","","","","","13","","","","","B03","","","1","","2","","","78","78","1","12","4","120.663106","24.165223","3"
"7809","66000","387130000C","(04)23274275","(04)23288582","2026","1","19","16","52","臺中市","西屯區","0","0","0","7","","3","40","","","","","","","","","","","","","","13","","","","","B03","","","1","","1","","","7","7","1","12","4","120.632429","24.171035","3"
"7810","66000","387130000C","(04)23274275","(04)23288582","2026","1","19","16","53","臺中市","大里區","0","1","0","7","3","6","40","4","2","1","5","4","6","6","4","4","10","5","5","2","12","3","10","1","1","C03","7","1","1","10","2","14","","51","51","1","6","4","120.690524","24.090011","2"
"7811","66000","387130000C","(04)23274275","(04)23288582","2026","1","19","16","55","臺中市","豐原區","0","0","0","7","","","50","","","","","","","","","","","","","","12","","","","","B03","","","1","","2","","","8","8","1","6","4","120.73615","24.265745","3"
"7812","66000","387130000C","(04)23274275","(04)23288582","2026","1","19","16","56","臺中市","大里區","0","1","0","7","2","6","30","13","9","1","5","4","6","6","4","4","10","5","5","1","27","2","7","5","4","C03","7","9","1","10","2","12","","84","84","1","6","4","120.703547","24.09786","2"
"7813","66000","387130000C","(04)23274275","(04)23288582","2026","1","19","16","57","臺中市","沙鹿區","0","1","0","7","2","6","50","4","2","1","5","4","6","6","2","1","3","4","4","2","18","2","9","2","1","C03","7","9","1","10","2","14","","84","84","1","6","4","120.560839","24.240665","2"
"7814","66000","387130000C","(04)23274275","(04)23288582","2026","1","19","16","57","臺中市","沙鹿區","0","0","0","7","","","40","","","","","","","","","","","","","","17","","","","","B03","","","1","","2","","","8","8","1","6","4","120.567065","24.206109","3"
"7815","66000","387130000C","(04)23274275","(04)23288582","2026","1","19","17","0","臺中市","大肚區","0","0","0","7","","","30","","","","","","","","","","","","","","26","","","","","B03","","","1","","2","","","8","8","1","6","4","120.57872","24.172979","3"
"7816","66000","387130000C","(04)23274275","(04)23288582","2026","1","19","17","3","臺中市","大里區","0","1","0","7","3","6","30","3","1","1","5","4","6","6","4","4","10","5","5","2","16","3","10","3","1","B12","7","6","1","7","2","2","","14","14","1","6","4","120.70032","24.10376","2"
"7817","66000","387130000C","(04)23274275","(04)23288582","2026","1","19","17","3","臺中市","梧棲區","0","1","0","7","2","6","50","4","1","1","5","4","6","6","4","4","5","5","5","1","17","3","10","3","1","B03","7","6","1","8","2","1","","14","14","1","12","4","120.5298","24.239503","2"
"7818","66000","387130000C","(04)23274275","(04)23288582","2026","1","19","17","5","臺中市","西區","0","1","0","7","1","6","50","4","1","1","5","4","6","6","1","1","10","5","5","2","13","2","9","2","1","C03","7","9","1","10","2","11","","7","7","1","12","4","120.665226","24.144326","2"
"7819","66000","387130000C","(04)23274275","(04)23288582","2026","1","19","17","7","臺中市","霧峰區","0","0","0","7","","","30","","","","","","","","","","","","","","","","","","","A11","","","1","","2","","","71","71","1","6","4","120.651113","24.072869","3"
"7820","66000","387130000C","(04)23274275","(04)23288582","2026","1","19","17","8","臺中市","北屯區","0","0","0","7","","","50","","","","","","","","","","","","","","","","","","","C03","","","1","","1","","","7","7","1","12","4","120.714946","24.174145","3"
"7821","66000","387130000C","(04)23274275","(04)23288582","2026","1","19","17","10","臺中市","大里區","0","0","0","7","","","50","","","","","","","","","","","","","","","","","","","B03","","","1","","2","","","59","59","1","12","4","120.679063","24.115363","3"
"7822","66000","387130000C","(04)23274275","(04)23288582","2026","1","19","17","12","臺中市","南區","0","0","0","7","","","50","","","","","","","","","","","","","","","","","","","A02","","","1","","1","","","7","7","1","12","4","120.668902","24.11451","3"
"7823","66000","387130000C","(04)23274275","(04)23288582","2026","1","19","17","14","臺中市","潭子區","0","0","0","7","","","60","","","","","","","","","","","","","","","","","","","B02","","","1","","2","","","59","59","1","13","4","120.703331","24.199946","3"
"7824","66000","387130000C","(04)23274275","(04)23288582","2026","1","19","17","14","臺中市","沙鹿區","0","1","0","7","2","6","50","3","1","1","5","4","6","6","1","1","10","5","5","2","17","2","9","2","1","C03","7","11","3","19","2","14","","23","23","1","6","4","120.570453","24.217356","2"
"7825","66000","387130000C","(04)23274275","(04)23288582","2026","1","19","17","16","臺中市","南屯區","0","3","0","6","2","6","50","13","9","1","5","4","6","6","4","4","5","5","5","1","13","2","8","2","1","C03","7","9","1","10","2","11","","7","7","1","13","4","120.653232","24.141833","2"
"7826","66000","387130000C","(04)23274275","(04)23288582","2026","1","19","17","18","臺中市","北區","0","0","0","7","","","50","","","","","","","","","","","","","","17","","","","","B03","","","1","","2","","","8","8","2","13","4","120.689154","24.153318","3"
"7827","66000","387130000C","(04)23274275","(04)23288582","2026","1","19","17","18","臺中市","東區","0","0","0","7","","","50","","","","","","","","","","","","","","17","","","","","B12","","","1","","2","","","84","84","1","12","4","120.691733","24.144213","3"
"7828","66000","387130000C","(04)23274275","(04)23288582","2026","1","19","17","20","臺中市","南屯區","0","0","0","7","","","50","","","","","","","","","","","","","","","","","","","B03","","","1","","1","","","84","84","1","13","4","120.644999","24.13834","4"
"7829","66000","387130000C","(04)23274275","(04)23288582","2026","1","19","17","20","臺中市","霧峰區","0","2","0","7","2","6","50","4","1","1","2","4","6","6","3","1","10","5","5","2","17","2","9","1","1","C03","7","9","1","10","2","12","","82","82","1","6","4","120.654442","24.084646","2"
"7830","66000","387130000C","(04)23274275","(04)23288582","2026","1","19","17","21","臺中市","潭子區","0","2","0","7","2","6","40","13","8","1","5","4","6","6","4","4","1","4","4","1","13","2","9","2","1","C03","7","9","1","10","2","11","","7","7","1","12","4","120.699534","24.216471","2"
"7831","66000","387130000C","(04)23274275","(04)23288582","2026","1","19","17","23","臺中市","西區","0","2","0","7","3","6","50","4","2","1","5","4","6","6","3","1","5","2","4","2","13","2","9","1","1","C03","7","9","1","10","2","12","","7","7","1","6","4","120.670042","24.148112","2"
"7832","66000","387130000C","(04)23274275","(04)23288582","2026","1","19","17","23","臺中市","北屯區","0","4","0","7","2","6","40","3","1","1","5","4","6","6","2","1","1","4","4","2","13","2","9","2","1","C03","7","9","1","10","2","11","","7","7","1","4","4","120.666245","24.181637","2"
"7833","66000","387130000C","(04)23274275","(04)23288582","2026","1","19","17","30","臺中市","北區","0","1","0","7","1","6","50","4","1","1","5","4","6","6","2","1","10","5","5","2","17","2","9","1","1","C03","7","9","1","10","2","14","","84","84","1","13","4","120.676795","24.16324","2"
"7834","66000","387130000C","(04)23274275","(04)23288582","2026","1","19","17","32","臺中市","沙鹿區","0","1","0","7","2","6","50","3","1","1","5","4","6","6","4","4","1","4","5","2","16","3","10","2","1","C03","7","5","1","10","2","12","","47","47","1","6","4","120.558613","24.231955","2"
"7835","66000","387130000C","(04)23274275","(04)23288582","2026","1","19","17","35","臺中市","南屯區","0","0","0","7","","","50","","","","","","","","","","","","","","12","","","","","C03","","","1","","1","","","42","42","1","12","4","120.64662","24.150657","3"
"7836","66000","387130000C","(04)23274275","(04)23288582","2026","1","19","17","38","臺中市","潭子區","0","1","0","6","1","6","30","3","2","1","5","4","6","6","4","4","9","4","4","2","17","3","10","3","1","B03","7","6","1","8","2","1","","14","14","1","13","4","120.69081","24.21488","2"
"7837","66000","387130000C","(04)23274275","(04)23288582","2026","1","19","17","42","臺中市","大里區","0","1","0","7","1","6","50","3","2","1","5","4","6","6","1","1","5","5","5","1","17","2","9","1","1","F02","7","5","7","21","2","11","","47","47","1","13","4","120.697126","24.100722","2"
"7838","66000","387130000C","(04)23274275","(04)23288582","2026","1","19","17","43","臺中市","大雅區","0","0","0","7","","","70","","","","","","","","","","","","","","12","","","","","B12","","","1","","11","","","84","84","1","12","4","120.629488","24.241626","3"
"7839","66000","387130000C","(04)23274275","(04)23288582","2026","1","19","17","43","臺中市","南屯區","0","1","0","7","1","6","50","13","9","1","5","4","6","6","4","4","9","4","5","2","12","2","9","2","1","C03","7","8","1","10","2","14","","40","40","1","13","4","120.652501","24.135911","2"
"7840","66000","387130000C","(04)23274275","(04)23288582","2026","1","19","17","45","臺中市","北屯區","0","0","0","7","","","50","","","","","","","","","","","","","","14","","","","","B12","","","3","","1","","","82","82","1","6","4","120.716747","24.182093","3"
"7841","66000","387130000C","(04)23274275","(04)23288582","2026","1","19","17","47","臺中市","潭子區","0","0","0","7","","","60","","","","","","","","","","","","","","13","","","","","B03","","","1","","2","","","84","84","1","12","4","120.705326","24.211656","3"
"7842","66000","387130000C","(04)23274275","(04)23288582","2026","1","19","17","47","臺中市","西屯區","0","0","0","7","","","50","","","","","","","","","","","","","","15","","","","","B03","","","1","","2","","","21","21","1","13","4","120.589326","24.174891","3"
"7843","66000","387130000C","(04)23274275","(04)23288582","2026","1","19","17","47","臺中市","西屯區","0","0","0","7","","","40","","","","","","","","","","","","","","13","","","","","C03","","","1","","1","","","7","7","1","12","4","120.656544","24.169041","3"
"7844","66000","387130000C","(04)23274275","(04)23288582","2026","1","19","17","50","臺中市","北屯區","0","0","0","7","","","50","","","","","","","","","","","","","","12","","","","","B03","","","1","","1","","","8","8","1","12","4","120.697855","24.173462","3"
"7845","66000","387130000C","(04)23274275","(04)23288582","2026","1","19","17","50","臺中市","西屯區","0","0","0","7","","","0","","","","","","","","","","","","","","19","","","","","C03","","","1","","2","","","84","84","1","12","4","120.663808","24.177931","3"
"7846","66000","387130000C","(04)23274275","(04)23288582","2026","1","19","17","50","臺中市","梧棲區","0","0","0","7","","","60","","","","","","","","","","","","","","12","","","","","A12","","","1","","1","","","8","8","1","6","4","120.52475","24.223074","3"