序號,縣市別代碼,機關代碼,市話,傳真,年,月,日,時,分,縣市,區,死亡數量,受傷數量,2-30,天候,道路照明設備,道路類別,道路速限,道路型態,事故位置,路面鋪裝,路面狀態,路面缺陷,障礙物,視距,號誌種類,號誌動作,分向設施,快車道或一般車道間,快慢車道間,路面邊線,事故類型及型態,受傷程度,主要傷處,保護裝備,行動電話或功能裝置,當事者區分(類別),車輛用途,當事者行動狀態,駕照狀態,駕照種類,飲酒情形,車輛撞擊部位最初,車輛撞擊部位其他,肇事因素個別,肇事因素主要,肇事逃逸,職業,共享經濟或外送平台,GPS座標X,GPS座標Y,事故類別
"7956","66000","387130000C","(04)23274275","(04)23288582","2026","1","20","3","47","臺中市","豐原區","0","0","0","7","1","6","30","13","5","1","5","4","6","6","4","4","1","4","4","1","21","3","10","5","4","B03","7","9","3","19","11","8","","54","54","2","12","4","120.73108","24.245025","3"
"7957","66000","387130000C","(04)23274275","(04)23288582","2026","1","20","4","12","臺中市","西區","0","0","0","7","","","50","","","","","","","","","","","","","","","","","","","B03","","","1","","9","","","49","49","1","6","4","120.674519","24.147966","3"
"7958","66000","387130000C","(04)23274275","(04)23288582","2026","1","20","4","20","臺中市","沙鹿區","0","0","0","7","","","50","","","","","","","","","","","","","","17","","","","","B03","","","1","","9","","","84","84","2","6","4","120.560945","24.230981","3"
"7959","66000","387130000C","(04)23274275","(04)23288582","2026","1","20","5","45","臺中市","清水區","0","1","0","7","1","6","50","4","1","1","5","4","6","6","2","1","5","5","5","2","2","3","10","3","1","B12","7","6","1","8","2","8","","10","10","1","12","4","120.575222","24.268632","2"
"7960","66000","387130000C","(04)23274275","(04)23288582","2026","1","20","6","5","臺中市","沙鹿區","0","2","0","7","1","6","30","13","9","1","5","4","6","6","4","4","10","5","5","2","30","2","9","2","1","C03","7","9","1","10","2","11","","87","87","1","6","4","120.551894","24.221559","2"
"7961","66000","387130000C","(04)23274275","(04)23288582","2026","1","20","6","15","臺中市","太平區","0","1","0","7","2","6","30","13","9","1","5","4","6","6","4","4","10","5","5","2","13","3","10","2","1","C03","7","9","1","10","2","11","","7","7","1","13","4","120.702365","24.111216","2"
"7962","66000","387130000C","(04)23274275","(04)23288582","2026","1","20","6","20","臺中市","沙鹿區","0","0","0","7","","","30","","","","","","","","","","","","","","","","","","","B03","","","1","","2","","","43","43","1","6","4","120.556683","24.239451","3"
"7963","66000","387130000C","(04)23274275","(04)23288582","2026","1","20","6","34","臺中市","北區","0","1","0","7","3","6","50","4","2","1","5","4","6","6","2","1","10","5","5","2","17","2","7","5","4","F01","7","9","7","21","3","12","","4","4","1","13","4","120.680936","24.159116","2"
"7964","66000","387130000C","(04)23274275","(04)23288582","2026","1","20","6","40","臺中市","烏日區","0","0","0","7","","","40","","","","","","","","","","","","","","9","","","","","B03","","","1","","1","","","49","49","1","6","4","120.625253","24.102013","3"
"7965","66000","387130000C","(04)23274275","(04)23288582","2026","1","20","6","59","臺中市","北區","0","1","0","7","2","6","50","4","2","1","5","4","6","6","1","1","5","5","5","2","3","3","10","6","5","H01","8","16","7","21","10","17","","96","96","1","13","5","120.687425","24.155613","2"
"7966","66000","387130000C","(04)23274275","(04)23288582","2026","1","20","7","3","臺中市","大雅區","0","1","0","7","3","6","50","4","1","1","5","4","6","6","4","4","4","5","5","2","13","2","9","1","1","F02","7","9","7","21","2","11","","7","7","1","12","4","120.647902","24.227305","2"
"7967","66000","387130000C","(04)23274275","(04)23288582","2026","1","20","7","7","臺中市","太平區","0","0","0","7","","","30","","","","","","","","","","","","","","17","","","","","C03","","","","","","","","86","86","1","13","4","120.717011","24.141999","3"
"7968","66000","387130000C","(04)23274275","(04)23288582","2026","1","20","7","8","臺中市","南屯區","0","1","0","6","3","6","50","4","1","1","5","4","6","6","4","4","10","5","5","2","15","2","9","2","1","C03","7","9","1","10","2","11","","15","15","1","13","4","120.650547","24.127141","2"
"7969","66000","387130000C","(04)23274275","(04)23288582","2026","1","20","7","8","臺中市","北屯區","0","0","0","7","","","30","","","","","","","","","","","","","","17","","","","","B03","","","1","","1","","","51","51","1","12","4","120.734663","24.164115","3"
"7970","66000","387130000C","(04)23274275","(04)23288582","2026","1","20","7","8","臺中市","北屯區","0","1","0","7","3","6","50","5","1","1","5","4","6","6","2","1","10","5","5","2","13","2","8","1","1","C03","7","9","1","10","2","11","","7","7","1","12","4","120.686766","24.201337","2"
"7971","66000","387130000C","(04)23274275","(04)23288582","2026","1","20","7","10","臺中市","龍井區","0","1","0","7","2","6","70","4","1","1","5","4","6","6","2","1","1","4","4","1","16","3","10","3","1","B03","7","5","1","8","2","6","","11","11","1","12","4","120.54219","24.218562","2"
"7972","66000","387130000C","(04)23274275","(04)23288582","2026","1","20","7","15","臺中市","南屯區","0","0","0","7","3","6","40","13","8","1","5","4","6","6","4","4","5","5","4","2","12","","","","","B03","","","1","","2","","","59","59","1","12","4","120.637157","24.137793","3"
"7973","66000","387130000C","(04)23274275","(04)23288582","2026","1","20","7","15","臺中市","后里區","0","2","0","7","3","6","30","5","9","1","5","4","6","6","4","4","10","5","5","2","16","2","7","1","1","C03","7","6","5","19","2","11","","48","48","1","6","4","120.721011","24.308084","2"
"7974","66000","387130000C","(04)23274275","(04)23288582","2026","1","20","7","16","臺中市","北區","0","0","0","7","","","40","","","","","","","","","","","","","","","","","","","C03","","","1","","1","","","84","84","1","12","4","120.672158","24.170698","3"
"7975","66000","387130000C","(04)23274275","(04)23288582","2026","1","20","7","16","臺中市","大里區","0","1","0","7","2","6","50","3","2","1","5","4","6","6","1","1","5","2","5","1","17","2","9","6","1","F01","7","6","7","21","2","12","","20","20","1","13","4","120.697794","24.090085","2"
"7976","66000","387130000C","(04)23274275","(04)23288582","2026","1","20","7","16","臺中市","龍井區","0","2","0","7","2","6","50","5","1","1","5","4","6","6","3","1","10","5","5","2","11","2","9","1","1","C03","7","9","1","10","2","11","","85","85","1","6","4","120.574223","24.196036","2"
"7977","66000","387130000C","(04)23274275","(04)23288582","2026","1","20","7","18","臺中市","龍井區","0","0","0","7","","","30","","","","","","","","","","","","","","12","","","","","A11","","","1","","2","","","8","8","1","6","4","120.595275","24.188027","3"
"7978","66000","387130000C","(04)23274275","(04)23288582","2026","1","20","7","19","臺中市","西屯區","0","0","0","7","","","50","","","","","","","","","","","","","","14","","","","","B03","","","1","","1","","","49","49","1","13","4","120.653212","24.156424","3"
"7979","66000","387130000C","(04)23274275","(04)23288582","2026","1","20","7","20","臺中市","大里區","0","0","0","7","","","50","","","","","","","","","","","","","","","","","","","B12","","","1","","2","","","8","8","2","12","4","120.66852","24.107547","3"
"7980","66000","387130000C","(04)23274275","(04)23288582","2026","1","20","7","26","臺中市","烏日區","0","0","0","7","2","6","60","13","7","1","5","4","6","6","4","4","1","4","1","1","13","3","10","3","1","B03","7","9","1","8","1","1","","7","7","1","6","4","120.62036","24.102093","3"
"7981","66000","387130000C","(04)23274275","(04)23288582","2026","1","20","7","26","臺中市","梧棲區","0","0","0","7","","","70","","","","","","","","","","","","","","12","","","","","B03","","","1","","1","","","40","40","1","12","4","120.549844","24.23978","3"
"7982","66000","387130000C","(04)23274275","(04)23288582","2026","1","20","7","27","臺中市","霧峰區","0","2","0","7","2","6","50","4","1","1","5","4","6","6","1","1","10","5","5","2","16","2","8","1","1","C03","7","6","1","10","2","14","","23","23","1","12","4","120.694236","24.066081","2"
"7983","66000","387130000C","(04)23274275","(04)23288582","2026","1","20","7","28","臺中市","南屯區","0","0","0","7","","","50","","","","","","","","","","","","","","13","","","","","B03","","","1","","1","","","84","84","1","12","4","120.614864","24.148156","3"
"7984","66000","387130000C","(04)23274275","(04)23288582","2026","1","20","7","29","臺中市","豐原區","0","1","0","7","2","6","50","4","2","1","5","4","6","6","1","1","5","5","5","1","17","2","9","1","1","C03","7","1","1","10","2","14","","84","84","1","12","4","120.7189","24.249566","2"
"7985","66000","387130000C","(04)23274275","(04)23288582","2026","1","20","7","31","臺中市","南屯區","0","0","0","7","","","40","","","","","","","","","","","","","","17","","","","","C03","","","1","","2","","","85","85","1","6","4","120.642769","24.142422","4"
"7986","66000","387130000C","(04)23274275","(04)23288582","2026","1","20","7","32","臺中市","南屯區","0","1","0","7","2","6","50","4","1","1","5","4","6","6","2","1","9","4","1","2","15","3","10","3","1","B03","7","9","1","8","2","1","","21","21","1","12","4","120.615148","24.147684","2"
"7987","66000","387130000C","(04)23274275","(04)23288582","2026","1","20","7","33","臺中市","西屯區","0","1","0","7","2","6","30","3","1","1","5","4","6","6","4","4","10","5","5","2","12","3","10","5","4","B03","7","9","1","8","2","2","","8","8","1","13","4","120.593601","24.180581","2"
"7988","66000","387130000C","(04)23274275","(04)23288582","2026","1","20","7","34","臺中市","東區","0","1","0","7","2","6","50","4","1","1","5","4","6","6","4","4","10","5","5","2","15","3","10","3","1","B03","7","9","1","7","2","5","","12","12","1","6","4","120.706045","24.143293","2"
"7989","66000","387130000C","(04)23274275","(04)23288582","2026","1","20","7","34","臺中市","南屯區","0","1","0","7","2","6","50","5","1","1","5","4","6","6","2","1","5","4","4","2","17","2","9","2","1","C03","7","9","1","10","2","12","","85","85","1","12","4","120.647681","24.146942","2"
"7990","66000","387130000C","(04)23274275","(04)23288582","2026","1","20","7","35","臺中市","西屯區","0","0","0","7","","3","80","","","","","","","","","","","","","","13","","","","","B03","","","1","","2","","","7","7","1","12","4","120.658676","24.200886","3"
"7991","66000","387130000C","(04)23274275","(04)23288582","2026","1","20","7","35","臺中市","大甲區","0","0","0","7","","","50","","","","","","","","","","","","","","17","","","","","C03","","","1","","2","","","8","8","1","12","4","120.630147","24.345856","3"
"7992","66000","387130000C","(04)23274275","(04)23288582","2026","1","20","7","36","臺中市","西屯區","0","1","0","7","2","6","30","11","9","1","5","4","6","6","4","4","10","5","5","2","11","3","10","5","4","B03","7","9","1","8","2","4","","84","84","1","13","4","120.613787","24.197335","2"
"7993","66000","387130000C","(04)23274275","(04)23288582","2026","1","20","7","38","臺中市","西屯區","0","0","0","7","","","40","","","","","","","","","","","","","","13","","","","","B03","","","1","","1","","","59","59","1","12","4","120.614334","24.183757","3"
"7994","66000","387130000C","(04)23274275","(04)23288582","2026","1","20","7","38","臺中市","神岡區","0","1","0","7","2","6","50","5","9","1","5","4","6","6","2","1","5","4","5","1","17","3","10","3","1","B12","7","1","1","8","2","4","4","51","51","1","6","4","120.678462","24.24958","2"
"7995","66000","387130000C","(04)23274275","(04)23288582","2026","1","20","7","39","臺中市","太平區","0","1","0","7","3","6","50","4","2","1","5","4","6","6","1","1","5","2","5","2","17","3","10","3","1","B03","7","6","1","8","2","1","","59","59","1","12","4","120.703992","24.159528","2"
"7996","66000","387130000C","(04)23274275","(04)23288582","2026","1","20","7","39","臺中市","后里區","0","2","0","7","3","6","30","4","1","1","5","4","6","6","4","4","10","5","5","2","15","2","8","1","1","C03","7","9","1","10","2","14","","20","20","1","6","4","120.703835","24.2979","2"
"7997","66000","387130000C","(04)23274275","(04)23288582","2026","1","20","7","40","臺中市","沙鹿區","0","1","0","7","2","6","50","4","2","1","5","4","6","6","2","1","1","4","4","2","13","3","10","3","1","B03","7","9","1","8","2","5","","59","59","1","12","4","120.559373","24.236556","2"
"7998","66000","387130000C","(04)23274275","(04)23288582","2026","1","20","7","43","臺中市","大里區","0","1","0","7","3","6","40","11","14","4","5","4","6","6","4","4","1","5","4","1","30","2","9","1","1","C03","7","9","1","10","2","11","","59","59","1","12","4","120.664832","24.093293","2"
"7999","66000","387130000C","(04)23274275","(04)23288582","2026","1","20","7","44","臺中市","西屯區","0","0","0","7","","3","80","","","","","","","","","","","","","","13","","","","","B03","","","1","","1","","","40","40","1","12","4","120.658898","24.200958","3"
"8000","66000","387130000C","(04)23274275","(04)23288582","2026","1","20","7","45","臺中市","大里區","0","1","0","7","2","6","50","3","2","1","5","4","6","6","4","4","5","2","5","2","17","2","8","2","1","C03","7","9","1","10","2","11","","7","7","1","13","4","120.688644","24.078224","2"
"8001","66000","387130000C","(04)23274275","(04)23288582","2026","1","20","7","45","臺中市","后里區","0","0","0","7","","","60","","","","","","","","","","","","","","3","","","","","C03","","","1","","1","","","85","85","1","12","4","120.678661","24.30378","3"
"8002","66000","387130000C","(04)23274275","(04)23288582","2026","1","20","7","46","臺中市","大雅區","0","3","0","7","3","6","30","11","9","1","5","4","6","3","4","4","10","5","5","2","12","2","9","1","1","C03","7","9","1","10","2","11","","84","84","1","12","4","120.631798","24.235253","2"
"8003","66000","387130000C","(04)23274275","(04)23288582","2026","1","20","7","46","臺中市","北屯區","0","0","0","7","","3","40","","","","","","","","","","","","","","13","","","","","B03","","","1","","1","","","84","84","1","12","4","120.680484","24.20118","3"
"8004","66000","387130000C","(04)23274275","(04)23288582","2026","1","20","7","46","臺中市","北屯區","0","0","0","7","","3","80","","","","","","","","","","","","","","24","","","","","","","","","","","","","85","85","1","","","120.67624","24.200951","3"
"8005","66000","387130000C","(04)23274275","(04)23288582","2026","1","20","7","46","臺中市","梧棲區","0","0","0","7","","","50","","","","","","","","","","","","","","13","","","","","C03","","","1","","1","","","7","7","1","6","4","120.53987","24.246889","3"
"8006","66000","387130000C","(04)23274275","(04)23288582","2026","1","20","7","47","臺中市","北區","0","1","0","7","2","6","50","13","9","1","5","4","6","6","4","4","3","4","5","2","17","3","10","3","1","B03","7","4","1","8","2","2","","84","84","1","12","4","120.682654","24.153431","2"
"8007","66000","387130000C","(04)23274275","(04)23288582","2026","1","20","7","47","臺中市","龍井區","0","1","0","7","2","6","50","3","1","1","5","4","6","6","1","1","10","5","5","2","17","3","10","3","1","B03","7","5","1","8","2","2","","65","65","1","6","4","120.587644","24.191065","2"
"8008","66000","387130000C","(04)23274275","(04)23288582","2026","1","20","7","48","臺中市","南屯區","0","1","0","7","3","6","60","13","7","1","5","4","6","6","4","4","1","4","1","2","13","3","10","3","1","B03","7","9","1","8","1","1","","7","7","1","6","4","120.623556","24.135201","2"
"8009","66000","387130000C","(04)23274275","(04)23288582","2026","1","20","7","49","臺中市","西區","0","2","0","7","1","6","50","3","1","1","5","4","6","6","4","4","10","5","5","1","17","3","10","5","4","C03","7","11","1","10","2","13","","84","84","1","12","4","120.661709","24.133744","2"
"8010","66000","387130000C","(04)23274275","(04)23288582","2026","1","20","7","49","臺中市","北屯區","0","0","0","7","","","50","","","","","","","","","","","","","","13","","","","","C03","","","1","","1","","","7","7","1","12","4","120.690448","24.173976","3"
"8011","66000","387130000C","(04)23274275","(04)23288582","2026","1","20","7","49","臺中市","北屯區","0","1","0","7","3","6","50","13","7","1","5","4","6","6","4","4","9","5","4","2","18","2","9","1","1","C03","7","9","1","10","2","14","","59","59","1","12","4","120.683907","24.179963","2"
"8012","66000","387130000C","(04)23274275","(04)23288582","2026","1","20","7","49","臺中市","西屯區","0","1","0","7","2","6","50","13","9","1","5","4","6","6","4","4","5","4","5","2","13","3","10","2","4","C03","7","9","1","10","2","11","","7","7","1","13","4","120.665848","24.168532","2"
"8013","66000","387130000C","(04)23274275","(04)23288582","2026","1","20","7","50","臺中市","大里區","0","0","0","7","","3","80","","","","","","","","","","","","","","13","","","","","B03","","","1","","1","","","7","7","1","6","4","120.68289","24.084173","3"
"8014","66000","387130000C","(04)23274275","(04)23288582","2026","1","20","7","50","臺中市","沙鹿區","0","1","0","7","2","6","50","13","9","1","5","4","6","6","4","4","9","4","5","2","17","3","10","1","1","C03","7","15","1","10","2","12","","20","20","1","12","4","120.595941","24.248305","2"
"8015","66000","387130000C","(04)23274275","(04)23288582","2026","1","20","7","53","臺中市","北區","0","1","0","7","2","6","50","4","1","1","5","4","6","6","2","1","5","4","4","2","12","3","10","1","1","C03","7","9","1","10","2","13","","8","8","1","13","4","120.682559","24.146041","2"
"8016","66000","387130000C","(04)23274275","(04)23288582","2026","1","20","7","53","臺中市","后里區","0","2","0","7","3","6","50","13","9","1","5","4","6","6","4","4","9","4","5","1","16","2","8","1","1","C03","7","6","1","10","2","14","","48","48","1","6","4","120.727253","24.309361","2"
"8017","66000","387130000C","(04)23274275","(04)23288582","2026","1","20","7","53","臺中市","豐原區","0","0","0","7","","","30","","","","","","","","","","","","","","13","","","","","C03","","","1","","2","","","7","7","1","12","4","120.730306","24.265733","3"
"8018","66000","387130000C","(04)23274275","(04)23288582","2026","1","20","7","55","臺中市","西屯區","0","2","0","7","2","6","50","3","1","1","5","4","6","6","4","4","10","5","5","2","16","3","10","5","4","C03","7","5","1","10","2","14","","12","12","1","12","4","120.63674","24.179202","2"
"8019","66000","387130000C","(04)23274275","(04)23288582","2026","1","20","7","55","臺中市","大里區","0","0","0","7","","","50","","","","","","","","","","","","","","","","","","","B03","","","1","","2","","","50","50","1","12","4","120.692868","24.114724","3"
"8020","66000","387130000C","(04)23274275","(04)23288582","2026","1","20","7","55","臺中市","大里區","0","0","0","7","","","50","","","","","","","","","","","","","","","","","","","C03","","","1","","2","","","84","84","1","12","4","120.695582","24.096623","3"
"8021","66000","387130000C","(04)23274275","(04)23288582","2026","1","20","7","58","臺中市","西屯區","0","0","0","7","","","30","","","","","","","","","","","","","","13","","","","","B03","","","1","","1","","","7","7","1","12","4","120.64515","24.167537","3"
"8022","66000","387130000C","(04)23274275","(04)23288582","2026","1","20","7","58","臺中市","大里區","0","0","0","7","","","50","","","","","","","","","","","","","","16","","","","","C03","","","1","","2","","","11","11","1","12","4","120.689808","24.114217","3"
"8023","66000","387130000C","(04)23274275","(04)23288582","2026","1","20","7","59","臺中市","西區","0","1","0","7","2","6","50","4","2","1","5","4","6","6","4","4","5","4","5","1","17","3","10","3","1","B01","7","11","1","4","2","2","","45","45","1","13","4","120.658286","24.1467","2"
"8024","66000","387130000C","(04)23274275","(04)23288582","2026","1","20","8","0","臺中市","沙鹿區","0","0","0","7","","","50","","","","","","","","","","","","","","","","","","","B03","","","1","","2","","","84","84","1","6","4","120.559069","24.235609","3"
"8025","66000","387130000C","(04)23274275","(04)23288582","2026","1","20","8","0","臺中市","神岡區","0","1","0","7","1","6","0","3","3","1","5","4","6","6","4","4","5","4","4","1","14","3","10","5","4","B03","7","2","1","8","2","3","","49","49","1","12","4","120.667818","24.257424","2"
"8026","66000","387130000C","(04)23274275","(04)23288582","2026","1","20","8","0","臺中市","豐原區","0","1","0","7","2","6","50","13","9","1","5","4","6","6","1","1","5","5","5","2","16","2","9","2","1","C03","7","6","1","10","2","14","","48","48","1","12","4","120.716606","24.260609","2"
"8027","66000","387130000C","(04)23274275","(04)23288582","2026","1","20","8","1","臺中市","南區","0","1","0","7","2","6","50","3","2","1","5","4","6","6","2","1","1","2","4","2","12","3","10","2","1","C03","7","9","1","10","2","11","","7","7","1","13","4","120.65416","24.116492","2"
"8028","66000","387130000C","(04)23274275","(04)23288582","2026","1","20","8","1","臺中市","南屯區","0","1","0","7","3","6","40","13","8","1","5","4","6","6","4","4","1","4","1","2","18","2","9","2","1","C03","7","9","1","10","2","14","","59","59","1","13","4","120.614036","24.148568","2"
"8029","66000","387130000C","(04)23274275","(04)23288582","2026","1","20","8","5","臺中市","霧峰區","0","0","0","7","","","40","","","","","","","","","","","","","","13","","","","","B03","","","1","","2","","","7","7","1","13","4","120.663312","24.074327","3"
"8030","66000","387130000C","(04)23274275","(04)23288582","2026","1","20","8","6","臺中市","南屯區","0","2","0","7","3","6","50","13","9","1","5","4","6","6","4","4","1","4","5","2","13","2","9","1","1","C03","7","9","1","10","2","11","","7","7","1","5","4","120.647708","24.124028","2"
"8031","66000","387130000C","(04)23274275","(04)23288582","2026","1","20","8","6","臺中市","豐原區","0","1","0","7","2","6","50","3","2","1","5","4","6","6","2","1","5","4","4","2","17","3","10","5","4","B01","7","7","1","4","2","5","","40","40","1","12","4","120.722495","24.253746","2"
"8032","66000","387130000C","(04)23274275","(04)23288582","2026","1","20","8","8","臺中市","太平區","0","0","0","7","","","50","","","","","","","","","","","","","","17","","","","","B03","","","1","","2","","","84","84","1","12","4","120.720174","24.12352","3"
"8033","66000","387130000C","(04)23274275","(04)23288582","2026","1","20","8","9","臺中市","西屯區","0","0","0","7","","","50","","","","","","","","","","","","","","12","","","","","B12","","","1","","1","","","47","47","1","13","4","120.65491","24.190292","3"
"8034","66000","387130000C","(04)23274275","(04)23288582","2026","1","20","8","10","臺中市","沙鹿區","0","1","0","7","2","6","50","4","2","1","5","4","6","6","2","1","1","4","4","2","13","3","10","3","1","B03","7","9","1","8","2","1","","59","59","1","12","4","120.560153","24.237957","2"
"8035","66000","387130000C","(04)23274275","(04)23288582","2026","1","20","8","17","臺中市","西區","0","0","0","6","","","50","","","","","","","","","","","","","","17","","","","","B02","","","1","","1","","","49","49","1","13","4","120.669979","24.134925","3"
"8036","66000","387130000C","(04)23274275","(04)23288582","2026","1","20","8","18","臺中市","北區","0","0","0","7","","","50","","","","","","","","","","","","","","","","","","","C03","","","1","","1","","","7","7","1","12","4","120.683778","24.149218","3"
"8037","66000","387130000C","(04)23274275","(04)23288582","2026","1","20","8","18","臺中市","西屯區","0","1","0","7","2","6","50","13","9","1","5","4","6","6","4","4","5","4","5","2","12","3","10","5","4","B03","7","8","1","8","2","4","","40","40","1","13","4","120.655276","24.175671","2"
"8038","66000","387130000C","(04)23274275","(04)23288582","2026","1","20","8","20","臺中市","南區","0","0","0","7","","","50","","","","","","","","","","","","","","12","","","","","B03","","","1","","1","","","40","40","1","12","4","120.670242","24.114059","3"
"8039","66000","387130000C","(04)23274275","(04)23288582","2026","1","20","8","20","臺中市","西屯區","0","1","0","7","2","6","50","13","9","1","5","4","6","6","4","4","5","4","5","2","13","2","9","5","4","C03","7","9","1","10","2","11","","39","39","1","12","4","120.608226","24.154203","2"
"8040","66000","387130000C","(04)23274275","(04)23288582","2026","1","20","8","20","臺中市","大甲區","0","1","0","7","2","6","50","4","1","1","5","4","6","6","1","1","10","5","5","2","16","3","10","3","1","B03","7","6","1","8","2","8","","20","20","1","6","4","120.65127","24.381188","2"
"8041","66000","387130000C","(04)23274275","(04)23288582","2026","1","20","8","22","臺中市","西區","0","2","0","7","2","6","40","13","8","1","5","4","6","6","4","4","1","4","4","2","17","2","9","2","1","C03","7","9","1","10","2","11","","7","7","1","12","4","120.658578","24.140196","2"
"8042","66000","387130000C","(04)23274275","(04)23288582","2026","1","20","8","23","臺中市","西屯區","0","0","0","7","","","50","","","","","","","","","","","","","","13","","","","","","","","","","","","","119","119","1","12","","120.644615","24.20156","4"
"8043","66000","387130000C","(04)23274275","(04)23288582","2026","1","20","8","24","臺中市","西屯區","0","0","0","7","","","50","","","","","","","","","","","","","","14","","","","","B03","","","1","","1","","","49","49","2","13","4","120.634642","24.169867","3"
"8044","66000","387130000C","(04)23274275","(04)23288582","2026","1","20","8","26","臺中市","中區","0","0","0","7","","","50","","","","","","","","","","","","","","","","","","","B03","","","1","","1","","","85","85","1","12","4","120.677105","24.144527","3"
"8045","66000","387130000C","(04)23274275","(04)23288582","2026","1","20","8","28","臺中市","北區","0","1","0","7","2","6","50","4","1","1","5","4","6","6","2","1","10","5","5","2","18","2","9","1","1","C03","7","9","1","10","2","14","","84","84","1","12","4","120.674597","24.146731","2"
"8046","66000","387130000C","(04)23274275","(04)23288582","2026","1","20","8","30","臺中市","沙鹿區","0","0","0","7","","","60","","","","","","","","","","","","","","13","","","","","B03","","","1","","2","","","7","7","1","12","4","120.558273","24.210916","3"
"8047","66000","387130000C","(04)23274275","(04)23288582","2026","1","20","8","30","臺中市","外埔區","0","1","0","7","3","6","30","4","9","1","5","4","6","6","4","4","10","5","5","2","16","2","8","1","1","C03","7","5","1","10","2","11","","6","6","1","6","4","120.636827","24.343394","2"
"8048","66000","387130000C","(04)23274275","(04)23288582","2026","1","20","8","35","臺中市","南區","0","0","0","7","","","30","","","","","","","","","","","","","","","","","","","C03","","","1","","1","","","7","7","1","12","4","120.682969","24.131783","4"
"8049","66000","387130000C","(04)23274275","(04)23288582","2026","1","20","8","35","臺中市","南屯區","0","0","0","7","","","50","","","","","","","","","","","","","","","","","","","B03","","","1","","1","","","7","7","1","12","4","120.635166","24.138712","3"
"8050","66000","387130000C","(04)23274275","(04)23288582","2026","1","20","8","40","臺中市","烏日區","0","0","0","7","","","70","","","","","","","","","","","","","","12","","","","","B03","","","1","","1","","","1","1","1","6","4","120.590379","24.113667","3"
"8051","66000","387130000C","(04)23274275","(04)23288582","2026","1","20","8","40","臺中市","沙鹿區","0","2","0","7","1","6","30","9","8","1","5","4","6","6","4","4","10","5","5","1","13","2","9","2","1","C03","7","9","1","10","2","12","","7","7","1","6","4","120.558584","24.241602","2"
"8052","66000","387130000C","(04)23274275","(04)23288582","2026","1","20","8","41","臺中市","潭子區","0","0","0","7","","","30","","","","","","","","","","","","","","14","","","","","B03","","","1","","2","","","49","49","1","13","4","120.706792","24.209939","3"
"8053","66000","387130000C","(04)23274275","(04)23288582","2026","1","20","8","42","臺中市","梧棲區","0","1","0","7","2","6","50","4","1","1","5","4","6","6","1","3","10","5","5","2","15","2","9","1","1","C03","7","9","1","10","2","12","","12","12","1","12","4","120.53974","24.262646","2"
"8054","66000","387130000C","(04)23274275","(04)23288582","2026","1","20","8","46","臺中市","西屯區","0","3","0","7","2","3","40","13","17","1","5","4","6","6","4","4","10","5","5","2","13","2","7","5","4","B03","7","9","1","8","2","1","","56","56","1","12","4","120.635248","24.181617","2"
"8055","66000","387130000C","(04)23274275","(04)23288582","2026","1","20","8","47","臺中市","烏日區","0","1","0","7","2","6","50","3","1","1","5","4","6","6","4","4","10","5","5","2","18","2","8","1","1","C03","7","5","1","10","2","12","","84","84","1","6","4","120.636094","24.110363","2"
"8056","66000","387130000C","(04)23274275","(04)23288582","2026","1","20","8","49","臺中市","太平區","0","1","0","7","2","6","30","4","1","1","5","4","6","6","4","4","10","5","5","2","16","2","8","2","1","C03","7","9","1","10","2","12","","15","15","1","12","4","120.721965","24.151522","2"
"8057","66000","387130000C","(04)23274275","(04)23288582","2026","1","20","8","50","臺中市","北區","0","2","0","7","3","6","50","4","1","1","5","4","6","6","4","4","10","5","5","2","15","2","9","1","1","C03","7","9","1","10","2","12","","20","20","1","12","4","120.668189","24.153848","2"
"8058","66000","387130000C","(04)23274275","(04)23288582","2026","1","20","8","51","臺中市","北區","0","1","0","7","2","6","50","4","1","1","5","4","6","6","2","1","5","4","4","2","15","3","10","3","1","B11","7","9","1","8","2","5","","21","21","1","13","4","120.669092","24.155328","2"
"8059","66000","387130000C","(04)23274275","(04)23288582","2026","1","20","8","53","臺中市","西區","0","1","0","7","2","6","50","4","2","1","5","4","6","6","2","1","5","4","4","1","13","3","10","2","1","C03","7","9","1","10","2","11","","7","7","1","13","4","120.669357","24.138794","2"
"8060","66000","387130000C","(04)23274275","(04)23288582","2026","1","20","8","55","臺中市","豐原區","0","0","0","7","2","6","50","11","9","1","5","4","6","6","4","4","10","5","5","2","17","3","10","1","1","C03","7","9","1","10","1","14","","41","41","1","12","4","120.710493","24.2567","4"
"8061","66000","387130000C","(04)23274275","(04)23288582","2026","1","20","9","0","臺中市","西屯區","0","0","0","7","","","50","","","","","","","","","","","","","","13","","","","","C03","","","1","","1","","","7","7","1","13","4","120.646561","24.165142","3"
"8062","66000","387130000C","(04)23274275","(04)23288582","2026","1","20","9","0","臺中市","霧峰區","0","0","0","7","","","50","","","","","","","","","","","","","","","","","","","B03","","","1","","2","","","51","51","1","12","4","120.698369","24.064399","3"
"8063","66000","387130000C","(04)23274275","(04)23288582","2026","1","20","9","1","臺中市","西區","0","0","0","7","","","50","","","","","","","","","","","","","","17","","","","","C03","","","1","","1","","","7","7","1","13","4","120.657627","24.157966","3"
"8064","66000","387130000C","(04)23274275","(04)23288582","2026","1","20","9","2","臺中市","北區","0","0","0","7","","","50","","","","","","","","","","","","","","","","","","","C03","","","1","","2","","","84","84","1","12","4","120.682039","24.154591","4"
"8065","66000","387130000C","(04)23274275","(04)23288582","2026","1","20","9","4","臺中市","清水區","0","1","0","7","2","6","50","3","2","1","5","4","6","6","1","1","8","3","4","2","13","2","9","1","1","C03","7","9","1","10","2","11","","7","7","1","12","4","120.574497","24.265129","2"