序號,縣市別代碼,機關代碼,市話,傳真,年,月,日,時,分,縣市,區,死亡數量,受傷數量,2-30,天候,道路照明設備,道路類別,道路速限,道路型態,事故位置,路面鋪裝,路面狀態,路面缺陷,障礙物,視距,號誌種類,號誌動作,分向設施,快車道或一般車道間,快慢車道間,路面邊線,事故類型及型態,受傷程度,主要傷處,保護裝備,行動電話或功能裝置,當事者區分(類別),車輛用途,當事者行動狀態,駕照狀態,駕照種類,飲酒情形,車輛撞擊部位最初,車輛撞擊部位其他,肇事因素個別,肇事因素主要,肇事逃逸,職業,共享經濟或外送平台,GPS座標X,GPS座標Y,事故類別
"8066","66000","387130000C","(04)23274275","(04)23288582","2026","1","20","9","5","臺中市","烏日區","0","1","0","7","2","6","30","3","2","1","5","4","6","6","4","4","10","5","5","2","11","2","8","2","1","C03","7","5","3","19","2","14","","8","8","1","6","4","120.639253","24.108809","2"
"8067","66000","387130000C","(04)23274275","(04)23288582","2026","1","20","9","6","臺中市","北屯區","0","0","0","7","","","50","","","","","","","","","","","","","","17","","","","","B03","","","1","","1","","","51","51","1","12","4","120.691403","24.197819","3"
"8068","66000","387130000C","(04)23274275","(04)23288582","2026","1","20","9","10","臺中市","沙鹿區","0","0","0","7","","","30","","","","","","","","","","","","","","10","","","","","C03","","","1","","2","","","41","41","1","12","4","120.564559","24.254176","3"
"8069","66000","387130000C","(04)23274275","(04)23288582","2026","1","20","9","10","臺中市","沙鹿區","0","1","0","7","2","6","60","3","1","1","5","4","6","6","2","1","1","2","3","2","16","3","10","3","1","B03","7","5","1","8","2","6","","47","47","1","12","4","120.578477","24.223393","2"
"8070","66000","387130000C","(04)23274275","(04)23288582","2026","1","20","9","14","臺中市","南屯區","0","1","0","7","3","6","50","4","1","1","5","4","6","6","4","4","10","5","5","2","15","2","9","1","1","C03","7","9","1","10","2","12","","12","12","1","6","4","120.615017","24.151527","2"
"8071","66000","387130000C","(04)23274275","(04)23288582","2026","1","20","9","14","臺中市","太平區","0","0","0","7","","","30","","","","","","","","","","","","","","","","","","","A12","","","1","","2","","","49","49","1","12","4","120.7058","24.126565","3"
"8072","66000","387130000C","(04)23274275","(04)23288582","2026","1","20","9","15","臺中市","后里區","0","0","0","7","","","60","","","","","","","","","","","","","","15","","","","","B03","","","1","","2","","","47","47","1","12","4","120.723545","24.294615","3"
"8073","66000","387130000C","(04)23274275","(04)23288582","2026","1","20","9","17","臺中市","北區","0","2","0","7","2","6","50","4","1","1","5","4","6","6","2","1","10","5","5","2","13","2","7","1","1","C03","7","9","1","10","2","11","","82","82","1","12","4","120.67622","24.157573","2"
"8074","66000","387130000C","(04)23274275","(04)23288582","2026","1","20","9","19","臺中市","西區","0","0","0","7","","","40","","","","","","","","","","","","","","17","","","","","C03","","","1","","1","","","7","7","1","12","4","120.657177","24.147993","3"
"8075","66000","387130000C","(04)23274275","(04)23288582","2026","1","20","9","21","臺中市","西屯區","0","0","0","7","","","40","","","","","","","","","","","","","","14","","","","","B12","","","1","","2","","","49","49","1","12","4","120.639289","24.162541","3"
"8076","66000","387130000C","(04)23274275","(04)23288582","2026","1","20","9","22","臺中市","北屯區","0","0","0","7","","","50","","","","","","","","","","","","","","12","","","","","B12","","","1","","1","","","40","40","1","12","4","120.689384","24.164931","3"
"8077","66000","387130000C","(04)23274275","(04)23288582","2026","1","20","9","25","臺中市","西屯區","0","0","0","7","","","50","","","","","","","","","","","","","","13","","","","","B03","","","1","","9","","","59","59","1","12","4","120.650366","24.166691","3"
"8078","66000","387130000C","(04)23274275","(04)23288582","2026","1","20","9","26","臺中市","大里區","0","1","0","7","3","6","40","3","7","1","5","4","6","6","4","4","1","5","4","1","16","2","8","4","1","F01","7","6","7","21","2","14","","48","48","1","13","4","120.664502","24.096807","2"
"8079","66000","387130000C","(04)23274275","(04)23288582","2026","1","20","9","29","臺中市","烏日區","0","0","0","7","2","6","60","13","7","1","5","4","6","6","4","4","1","4","1","1","13","3","10","3","1","B03","7","9","1","8","1","1","","84","84","1","6","4","120.651701","24.105049","3"
"8080","66000","387130000C","(04)23274275","(04)23288582","2026","1","20","9","30","臺中市","南屯區","0","0","0","7","","","50","","","","","","","","","","","","","","","","","","","B03","","","1","","1","","","7","7","1","12","4","120.647553","24.148935","3"
"8081","66000","387130000C","(04)23274275","(04)23288582","2026","1","20","9","31","臺中市","龍井區","0","3","0","7","2","6","50","3","1","1","5","4","6","6","1","1","1","2","4","2","15","2","9","1","1","C03","7","9","1","10","2","11","","21","21","1","12","4","120.547455","24.201065","2"
"8082","66000","387130000C","(04)23274275","(04)23288582","2026","1","20","9","35","臺中市","南屯區","0","0","0","7","","","50","","","","","","","","","","","","","","17","","","","","A41","","","1","","1","","","40","40","1","12","4","120.623014","24.149885","3"
"8083","66000","387130000C","(04)23274275","(04)23288582","2026","1","20","9","36","臺中市","北屯區","0","0","0","7","","","50","","","","","","","","","","","","","","12","","","","","B03","","","1","","1","","","40","40","1","12","4","120.699709","24.164969","3"
"8084","66000","387130000C","(04)23274275","(04)23288582","2026","1","20","9","38","臺中市","大肚區","0","1","0","7","2","6","50","13","9","1","5","4","6","6","4","4","5","5","5","1","26","2","9","1","1","C03","7","9","1","10","2","12","","59","59","1","12","4","120.582129","24.112592","2"
"8085","66000","387130000C","(04)23274275","(04)23288582","2026","1","20","9","47","臺中市","西屯區","0","0","0","7","","","40","","","","","","","","","","","","","","12","","","","","C03","","","1","","1","","","43","43","1","13","4","120.639403","24.168628","3"
"8086","66000","387130000C","(04)23274275","(04)23288582","2026","1","20","9","53","臺中市","南屯區","0","0","0","7","","","60","","","","","","","","","","","","","","13","","","","","B12","","","1","","1","","","59","59","1","6","4","120.585208","24.166843","3"
"8087","66000","387130000C","(04)23274275","(04)23288582","2026","1","20","9","57","臺中市","烏日區","0","0","0","7","2","6","50","4","1","1","5","4","6","6","1","1","10","5","5","2","11","3","10","3","1","B03","7","5","1","8","2","8","","20","20","1","12","4","120.625741","24.110485","3"
"8088","66000","387130000C","(04)23274275","(04)23288582","2026","1","20","10","0","臺中市","大雅區","0","1","0","7","3","6","50","3","1","1","5","4","6","6","4","4","4","3","5","2","15","3","10","3","1","B12","7","1","1","4","2","1","","51","51","1","12","4","120.65039","24.219271","2"
"8089","66000","387130000C","(04)23274275","(04)23288582","2026","1","20","10","0","臺中市","南屯區","0","4","0","7","3","6","50","13","9","1","5","4","6","6","1","1","5","4","5","2","17","2","9","3","1","B03","7","9","1","8","2","1","","84","84","1","12","4","120.652975","24.139482","2"
"8090","66000","387130000C","(04)23274275","(04)23288582","2026","1","20","10","0","臺中市","北屯區","0","0","0","7","","","50","","","","","","","","","","","","","","13","","","","","A12","","","1","","1","","","84","84","1","12","4","120.719494","24.163659","3"
"8091","66000","387130000C","(04)23274275","(04)23288582","2026","1","20","10","0","臺中市","太平區","0","0","0","7","","","30","","","","","","","","","","","","","","14","","","","","B12","","","1","","11","","","49","49","1","13","4","120.733142","24.112159","3"
"8092","66000","387130000C","(04)23274275","(04)23288582","2026","1","20","10","2","臺中市","北屯區","0","0","0","7","","","50","","","","","","","","","","","","","","14","","","","","B03","","","1","","1","","","49","49","1","12","4","120.696091","24.161362","3"
"8093","66000","387130000C","(04)23274275","(04)23288582","2026","1","20","10","3","臺中市","北屯區","0","0","0","7","","","50","","","","","","","","","","","","","","17","","","","","B03","","","1","","1","","","51","51","1","12","4","120.705619","24.185143","3"
"8094","66000","387130000C","(04)23274275","(04)23288582","2026","1","20","10","4","臺中市","南屯區","0","0","0","7","","","50","","","","","","","","","","","","","","17","","","","","C03","","","1","","1","","","8","8","1","12","4","120.639057","24.142094","3"
"8095","66000","387130000C","(04)23274275","(04)23288582","2026","1","20","10","5","臺中市","大雅區","0","0","0","7","","","50","","","","","","","","","","","","","","","","","","","C03","","","1","","2","","","50","50","1","12","4","120.648242","24.225591","3"
"8096","66000","387130000C","(04)23274275","(04)23288582","2026","1","20","10","6","臺中市","龍井區","0","1","0","7","2","6","30","3","1","1","5","4","6","6","4","4","10","5","5","2","17","2","7","1","1","F03","7","9","7","21","2","12","","59","59","1","6","4","120.588615","24.183045","2"
"8097","66000","387130000C","(04)23274275","(04)23288582","2026","1","20","10","6","臺中市","梧棲區","0","0","0","7","","","40","","","","","","","","","","","","","","13","","","","","B03","","","1","","2","","","7","7","1","6","4","120.542481","24.24713","3"
"8098","66000","387130000C","(04)23274275","(04)23288582","2026","1","20","10","7","臺中市","豐原區","0","1","0","7","2","6","30","12","9","1","5","4","6","6","4","4","5","5","5","2","18","2","9","6","1","F01","7","9","7","21","1","15","","84","84","1","12","4","120.71837","24.237009","2"
"8099","66000","387130000C","(04)23274275","(04)23288582","2026","1","20","10","8","臺中市","梧棲區","0","1","0","7","2","6","50","5","1","1","5","4","6","6","1","1","10","5","5","2","16","3","10","3","1","B13","7","5","1","8","2","2","","47","47","1","12","4","120.562083","24.255634","2"
"8100","66000","387130000C","(04)23274275","(04)23288582","2026","1","20","10","10","臺中市","西屯區","0","0","0","7","","","50","","","","","","","","","","","","","","12","","","","","B12","","","1","","1","","","50","50","1","12","4","120.605896","24.187352","3"
"8101","66000","387130000C","(04)23274275","(04)23288582","2026","1","20","10","19","臺中市","西屯區","0","0","0","7","","","30","","","","","","","","","","","","","","15","","","","","B03","","","1","","1","","","15","15","1","13","4","120.656036","24.156656","3"
"8102","66000","387130000C","(04)23274275","(04)23288582","2026","1","20","10","20","臺中市","北區","0","0","0","7","","","50","","","","","","","","","","","","","","11","","","","","B03","","","1","","2","","","8","8","1","12","4","120.682357","24.163946","3"
"8103","66000","387130000C","(04)23274275","(04)23288582","2026","1","20","10","20","臺中市","烏日區","0","1","0","7","2","6","50","13","9","1","5","4","6","6","4","4","5","4","5","1","14","3","10","2","1","C03","7","2","1","10","2","13","","49","49","1","6","4","120.643252","24.079338","2"
"8104","66000","387130000C","(04)23274275","(04)23288582","2026","1","20","10","20","臺中市","清水區","0","2","0","7","2","6","30","4","1","1","5","4","6","6","4","4","9","5","5","2","15","2","9","1","1","C03","7","9","1","10","2","12","","15","15","1","12","4","120.576498","24.269601","2"
"8105","66000","387130000C","(04)23274275","(04)23288582","2026","1","20","10","22","臺中市","龍井區","0","0","0","7","","","50","","","","","","","","","","","","","","","","","","","B03","","","1","","1","","","7","7","1","12","4","120.521615","24.216579","3"
"8106","66000","387130000C","(04)23274275","(04)23288582","2026","1","20","10","26","臺中市","大甲區","0","0","0","7","","","50","","","","","","","","","","","","","","16","","","","","C03","","","1","","2","","","45","45","1","12","4","120.625851","24.349009","3"
"8107","66000","387130000C","(04)23274275","(04)23288582","2026","1","20","10","34","臺中市","北屯區","0","1","0","7","3","6","30","4","1","1","5","4","6","6","4","4","10","5","5","2","16","3","10","3","1","B03","7","6","1","8","2","8","","14","14","1","12","4","120.668714","24.185974","2"
"8108","66000","387130000C","(04)23274275","(04)23288582","2026","1","20","10","35","臺中市","大雅區","0","0","0","7","3","6","50","13","9","1","5","4","6","6","4","4","4","3","5","1","35","3","10","3","1","A12","7","7","1","7","2","9","","7","7","1","12","4","120.652658","24.226753","3"
"8109","66000","387130000C","(04)23274275","(04)23288582","2026","1","20","10","43","臺中市","北區","0","0","0","7","","","50","","","","","","","","","","","","","","13","","","","","B12","","","1","","2","","","59","59","1","13","4","120.682614","24.159196","3"
"8110","66000","387130000C","(04)23274275","(04)23288582","2026","1","20","10","47","臺中市","大里區","0","2","0","7","2","6","50","4","1","1","5","4","6","6","4","4","10","5","5","2","15","2","9","2","1","C03","7","9","1","10","2","11","","15","15","1","12","4","120.687741","24.112763","2"
"8111","66000","387130000C","(04)23274275","(04)23288582","2026","1","20","10","50","臺中市","梧棲區","0","0","0","7","","","50","","","","","","","","","","","","","","14","","","","","B12","","","1","","1","","","49","49","1","6","4","120.534144","24.246384","3"
"8112","66000","387130000C","(04)23274275","(04)23288582","2026","1","20","10","52","臺中市","龍井區","0","1","0","7","2","6","50","4","4","1","5","4","6","6","1","1","10","5","5","2","11","2","9","1","1","C03","7","6","1","10","2","14","","48","48","1","6","4","120.583499","24.180648","2"
"8113","66000","387130000C","(04)23274275","(04)23288582","2026","1","20","10","53","臺中市","大里區","0","0","0","7","","","30","","","","","","","","","","","","","","14","","","","","B12","","","1","","9","","","49","49","2","6","4","120.699435","24.095963","3"
"8114","66000","387130000C","(04)23274275","(04)23288582","2026","1","20","10","53","臺中市","大里區","0","0","0","7","","","30","","","","","","","","","","","","","","17","","","","","B12","","","1","","2","","","51","51","1","12","4","120.688858","24.123946","3"
"8115","66000","387130000C","(04)23274275","(04)23288582","2026","1","20","10","55","臺中市","大里區","0","0","0","7","","","50","","","","","","","","","","","","","","12","","","","","C03","","","1","","2","","","84","84","1","13","4","120.699213","24.110057","3"
"8116","66000","387130000C","(04)23274275","(04)23288582","2026","1","20","10","57","臺中市","大雅區","0","1","0","7","3","6","40","3","1","1","5","4","6","6","1","1","10","5","5","2","16","2","9","1","1","C03","7","6","1","10","2","11","","24","24","1","12","4","120.623928","24.231058","2"
"8117","66000","387130000C","(04)23274275","(04)23288582","2026","1","20","10","58","臺中市","西屯區","0","0","0","7","","","50","","","","","","","","","","","","","","35","","","","","B01","","","1","","9","","","51","51","2","13","4","120.645053","24.177972","3"
"8118","66000","387130000C","(04)23274275","(04)23288582","2026","1","20","10","59","臺中市","潭子區","0","3","0","7","2","6","50","4","2","1","5","4","6","6","1","1","5","4","4","1","17","2","9","2","1","C03","7","6","1","10","2","13","","84","84","1","13","2","120.706787","24.206969","2"
"8119","66000","387130000C","(04)23274275","(04)23288582","2026","1","20","10","59","臺中市","烏日區","0","1","0","7","2","6","50","3","1","1","5","4","6","6","4","4","10","5","5","2","28","","","","","","","","","","","","","118","118","1","","","120.599862","24.109721","2"
"8120","66000","387130000C","(04)23274275","(04)23288582","2026","1","20","11","0","臺中市","西區","0","1","0","7","1","6","50","3","1","1","5","4","6","6","4","4","10","5","5","2","17","3","10","5","4","C03","7","5","1","10","2","14","","13","13","1","12","4","120.657729","24.15375","2"
"8121","66000","387130000C","(04)23274275","(04)23288582","2026","1","20","11","1","臺中市","北屯區","0","1","0","7","2","6","0","13","21","1","5","4","6","6","4","4","10","5","5","2","18","2","9","1","1","C03","7","9","1","10","2","14","","39","39","1","12","4","120.68787","24.171718","2"
"8122","66000","387130000C","(04)23274275","(04)23288582","2026","1","20","11","2","臺中市","東區","0","1","0","7","3","6","50","4","1","1","5","4","6","6","2","1","10","5","5","2","16","3","10","3","1","B03","7","6","1","8","2","8","","11","11","1","6","4","120.692484","24.138762","2"
"8123","66000","387130000C","(04)23274275","(04)23288582","2026","1","20","11","7","臺中市","北屯區","0","0","0","7","","","50","","","","","","","","","","","","","","12","","","","","A02","","","1","","2","","","40","40","1","12","4","120.667621","24.179639","3"
"8124","66000","387130000C","(04)23274275","(04)23288582","2026","1","20","11","17","臺中市","南屯區","0","0","0","7","","","40","","","","","","","","","","","","","","17","","","","","F01","","","7","","1","","","84","84","1","4","4","120.610351","24.132385","3"
"8125","66000","387130000C","(04)23274275","(04)23288582","2026","1","20","11","17","臺中市","西屯區","0","2","0","7","1","6","50","3","7","1","5","4","6","6","2","1","1","4","3","2","13","3","10","5","4","B03","7","9","1","8","2","1","","59","59","1","12","4","120.602965","24.182896","2"
"8126","66000","387130000C","(04)23274275","(04)23288582","2026","1","20","11","21","臺中市","西區","0","0","0","7","","","50","","","","","","","","","","","","","","17","","","","","B03","","","1","","1","","","85","85","1","13","4","120.657348","24.13381","3"
"8127","66000","387130000C","(04)23274275","(04)23288582","2026","1","20","11","21","臺中市","西區","0","0","0","7","","","50","","","","","","","","","","","","","","17","","","","","B03","","","1","","9","","","84","84","2","13","4","120.677889","24.14007","3"
"8128","66000","387130000C","(04)23274275","(04)23288582","2026","1","20","11","22","臺中市","北區","0","2","0","7","3","6","40","4","2","1","5","4","6","6","1","1","5","4","4","2","17","2","8","1","1","C03","7","9","1","10","2","11","","7","7","1","12","4","120.679768","24.152147","2"
"8129","66000","387130000C","(04)23274275","(04)23288582","2026","1","20","11","22","臺中市","豐原區","0","0","0","7","","","50","","","","","","","","","","","","","","12","","","","","B03","","","1","","2","","","26","26","1","12","4","120.706207","24.250169","4"
"8130","66000","387130000C","(04)23274275","(04)23288582","2026","1","20","11","25","臺中市","豐原區","0","1","0","7","2","6","50","4","1","1","5","4","6","6","1","1","5","5","4","2","16","2","1","5","4","F03","7","6","7","21","2","14","","48","48","1","12","4","120.712556","24.250786","2"
"8131","66000","387130000C","(04)23274275","(04)23288582","2026","1","20","11","26","臺中市","潭子區","0","0","0","7","","","50","","","","","","","","","","","","","","16","","","","","B03","","","1","","1","","","51","51","1","13","4","120.673627","24.205252","3"
"8132","66000","387130000C","(04)23274275","(04)23288582","2026","1","20","11","30","臺中市","霧峰區","0","2","0","7","3","6","60","3","2","1","5","4","6","6","1","1","9","4","4","1","13","2","9","2","1","C03","7","9","1","10","2","11","","7","7","1","13","4","120.696573","24.023852","2"
"8133","66000","387130000C","(04)23274275","(04)23288582","2026","1","20","11","38","臺中市","大里區","0","3","0","7","2","6","50","4","1","1","5","4","6","6","1","1","10","5","5","2","16","2","9","1","1","C03","7","1","1","10","2","14","","51","51","1","12","4","120.695707","24.088061","2"
"8134","66000","387130000C","(04)23274275","(04)23288582","2026","1","20","11","40","臺中市","南屯區","0","0","0","7","","","30","","","","","","","","","","","","","","15","","","","","B03","","","1","","2","","","15","15","1","12","4","120.635637","24.117471","3"
"8135","66000","387130000C","(04)23274275","(04)23288582","2026","1","20","11","40","臺中市","西屯區","0","1","0","7","2","6","30","13","9","1","5","4","6","6","4","4","10","5","5","2","9","3","10","1","1","C03","7","9","3","19","2","11","","59","59","1","12","4","120.646041","24.181918","2"
"8136","66000","387130000C","(04)23274275","(04)23288582","2026","1","20","11","43","臺中市","西屯區","0","2","0","7","2","6","50","13","9","1","5","4","6","6","4","4","9","5","5","2","12","2","8","5","4","C03","7","9","1","10","2","11","","84","84","1","13","4","120.593229","24.18366","2"
"8137","66000","387130000C","(04)23274275","(04)23288582","2026","1","20","11","45","臺中市","北屯區","0","1","0","7","2","6","50","3","1","1","5","4","6","6","4","4","10","5","5","2","16","2","9","1","1","C03","7","5","1","10","2","14","","14","14","1","12","4","120.693329","24.175601","2"
"8138","66000","387130000C","(04)23274275","(04)23288582","2026","1","20","11","46","臺中市","沙鹿區","0","1","0","7","2","6","50","4","4","1","5","4","6","6","1","1","1","4","5","2","13","2","9","2","1","C03","7","9","1","10","2","11","","7","7","1","6","4","120.568054","24.253934","2"
"8139","66000","387130000C","(04)23274275","(04)23288582","2026","1","20","11","48","臺中市","太平區","0","2","0","7","2","6","50","4","1","1","5","4","6","6","4","4","10","5","5","2","13","2","8","2","1","C03","7","9","1","10","2","11","","7","7","1","12","4","120.716487","24.132461","2"
"8140","66000","387130000C","(04)23274275","(04)23288582","2026","1","20","11","50","臺中市","大甲區","0","0","0","7","","","50","","","","","","","","","","","","","","9","","","","","B12","","","1","","2","","","51","51","1","12","4","120.66229","24.402601","3"
"8141","66000","387130000C","(04)23274275","(04)23288582","2026","1","20","11","51","臺中市","北屯區","0","1","0","7","3","6","50","4","1","1","5","4","6","6","1","1","10","5","5","2","16","3","10","1","1","C03","7","6","1","10","1","14","","11","11","1","12","4","120.686176","24.168267","2"
"8142","66000","387130000C","(04)23274275","(04)23288582","2026","1","20","11","52","臺中市","西屯區","0","0","0","7","","","50","","","","","","","","","","","","","","14","","","","","B03","","","1","","1","","","49","49","1","13","4","120.637538","24.16329","3"
"8143","66000","387130000C","(04)23274275","(04)23288582","2026","1","20","11","55","臺中市","清水區","0","0","0","7","","","50","","","","","","","","","","","","","","","","","","","B03","","","1","","11","","","76","76","1","12","4","120.568194","24.275676","3"
"8144","66000","387130000C","(04)23274275","(04)23288582","2026","1","20","11","55","臺中市","外埔區","0","2","0","7","2","6","50","5","1","1","5","4","6","6","1","1","10","5","5","2","16","3","10","3","1","B03","7","6","1","8","2","6","","25","25","1","12","4","120.639208","24.341259","2"
"8145","66000","387130000C","(04)23274275","(04)23288582","2026","1","20","11","58","臺中市","東區","0","1","0","7","2","6","50","5","1","1","5","4","6","6","1","1","10","5","5","2","15","3","10","3","1","B03","7","9","1","8","2","2","","21","21","1","12","4","120.692423","24.151697","2"
"8146","66000","387130000C","(04)23274275","(04)23288582","2026","1","20","12","0","臺中市","北屯區","0","0","0","7","","","50","","","","","","","","","","","","","","17","","","","","B03","","","1","","1","","","84","84","1","12","4","120.690412","24.172072","3"
"8147","66000","387130000C","(04)23274275","(04)23288582","2026","1","20","12","2","臺中市","東區","0","0","0","7","","","50","","","","","","","","","","","","","","16","","","","","B03","","","1","","1","","","11","11","1","13","4","120.697142","24.13317","3"
"8148","66000","387130000C","(04)23274275","(04)23288582","2026","1","20","12","3","臺中市","南區","0","2","0","7","3","6","50","5","1","1","5","4","6","6","1","1","10","5","5","2","12","3","10","1","1","C03","7","15","1","10","2","13","","84","84","1","6","4","120.679344","24.124062","2"
"8149","66000","387130000C","(04)23274275","(04)23288582","2026","1","20","12","6","臺中市","北屯區","0","0","0","7","","","50","","","","","","","","","","","","","","13","","","","","B12","","","1","","1","","","84","84","1","12","4","120.724693","24.175281","3"
"8150","66000","387130000C","(04)23274275","(04)23288582","2026","1","20","12","7","臺中市","北區","0","0","0","7","","","50","","","","","","","","","","","","","","13","","","","","B03","","","1","","1","","","84","84","1","13","4","120.678394","24.163361","3"
"8151","66000","387130000C","(04)23274275","(04)23288582","2026","1","20","12","7","臺中市","西屯區","0","0","0","7","","","50","","","","","","","","","","","","","","13","","","","","B03","","","1","","1","","","7","7","1","12","4","120.636204","24.158525","3"
"8152","66000","387130000C","(04)23274275","(04)23288582","2026","1","20","12","8","臺中市","太平區","0","1","0","7","2","6","50","4","1","1","5","4","6","6","4","4","10","5","5","2","16","2","9","2","1","C03","7","6","1","10","2","12","","14","14","1","12","4","120.714303","24.139986","2"
"8153","66000","387130000C","(04)23274275","(04)23288582","2026","1","20","12","8","臺中市","梧棲區","0","0","0","7","","","50","","","","","","","","","","","","","","12","","","","","B03","","","1","","2","","","1","1","1","12","4","120.541392","24.260945","3"
"8154","66000","387130000C","(04)23274275","(04)23288582","2026","1","20","12","8","臺中市","豐原區","0","2","0","7","2","6","50","13","8","1","5","4","6","6","4","4","1","4","4","1","16","3","10","3","1","B02","7","7","1","8","2","2","","40","40","1","12","4","120.748355","24.267063","2"
"8155","66000","387130000C","(04)23274275","(04)23288582","2026","1","20","12","9","臺中市","潭子區","0","1","0","7","2","6","50","3","2","1","5","4","6","6","2","1","1","4","4","1","13","3","10","3","1","B03","7","9","1","8","1","1","","56","56","1","13","4","120.679633","24.215746","2"
"8156","66000","387130000C","(04)23274275","(04)23288582","2026","1","20","12","10","臺中市","龍井區","0","0","0","7","","","","","","","","","","","","","","","","","6","","","","","","","","","","","","","118","118","1","","","120.575353","24.178689","3"
"8157","66000","387130000C","(04)23274275","(04)23288582","2026","1","20","12","15","臺中市","中區","0","3","0","7","2","6","50","4","1","1","5","4","6","6","1","1","10","5","5","2","17","2","9","2","1","C03","7","9","1","10","2","12","","7","7","1","12","4","120.67725","24.145704","2"
"8158","66000","387130000C","(04)23274275","(04)23288582","2026","1","20","12","18","臺中市","西屯區","0","0","0","7","","","40","","","","","","","","","","","","","","13","","","","","B03","","","1","","1","","","84","84","1","13","4","120.635898","24.171263","3"
"8159","66000","387130000C","(04)23274275","(04)23288582","2026","1","20","12","21","臺中市","西屯區","0","1","0","7","2","6","50","13","9","1","5","4","6","6","4","4","1","4","5","2","16","2","8","2","4","C03","7","8","1","10","2","14","","35","35","1","13","4","120.657109","24.20047","2"
"8160","66000","387130000C","(04)23274275","(04)23288582","2026","1","20","12","22","臺中市","大甲區","0","0","0","7","","3","90","","","","","","","","","","","","","","","","","","","B12","","","1","","2","","","84","84","1","6","4","120.618242","24.416475","3"
"8161","66000","387130000C","(04)23274275","(04)23288582","2026","1","20","12","25","臺中市","潭子區","0","1","0","7","3","6","50","3","2","1","5","4","6","6","1","1","5","4","4","1","3","3","10","3","1","B03","7","1","1","8","2","1","","84","84","1","13","4","120.707591","24.211232","2"
"8162","66000","387130000C","(04)23274275","(04)23288582","2026","1","20","12","27","臺中市","北區","0","2","0","7","2","6","50","13","22","1","5","4","6","6","4","4","1","4","5","2","16","2","9","1","1","C03","7","5","1","10","2","11","14","58","58","1","13","4","120.672214","24.171206","2"
"8163","66000","387130000C","(04)23274275","(04)23288582","2026","1","20","12","31","臺中市","西屯區","0","0","0","7","","","50","","","","","","","","","","","","","","12","","","","","B03","","","1","","2","","","8","8","1","12","4","120.619627","24.187327","3"
"8164","66000","387130000C","(04)23274275","(04)23288582","2026","1","20","12","32","臺中市","豐原區","0","1","0","7","2","6","50","4","1","1","5","4","6","6","1","1","5","5","4","2","17","2","9","4","1","F02","7","5","7","21","2","13","","84","84","1","13","4","120.722406","24.238286","2"
"8165","66000","387130000C","(04)23274275","(04)23288582","2026","1","20","12","35","臺中市","霧峰區","0","0","0","7","","","40","","","","","","","","","","","","","","13","","","","","C03","","","1","","2","","","7","7","1","6","4","120.697259","24.064761","3"
"8166","66000","387130000C","(04)23274275","(04)23288582","2026","1","20","12","39","臺中市","南屯區","0","0","0","7","","","50","","","","","","","","","","","","","","14","","","","","B03","","","1","","1","","","49","49","1","12","4","120.648228","24.129686","3"
"8167","66000","387130000C","(04)23274275","(04)23288582","2026","1","20","12","46","臺中市","南屯區","0","2","0","7","3","6","30","4","1","1","5","4","6","6","4","4","10","5","5","2","15","2","9","1","1","C03","7","9","1","10","2","12","","12","12","1","12","4","120.612456","24.159764","2"
"8168","66000","387130000C","(04)23274275","(04)23288582","2026","1","20","12","48","臺中市","南屯區","0","0","0","7","","","50","","","","","","","","","","","","","","13","","","","","B03","","","1","","1","","","59","59","1","12","4","120.646661","24.132365","3"
"8169","66000","387130000C","(04)23274275","(04)23288582","2026","1","20","12","50","臺中市","東區","0","0","0","7","","","30","","","","","","","","","","","","","","17","","","","","B03","","","1","","1","","","84","84","1","12","4","120.684933","24.134198","3"
"8170","66000","387130000C","(04)23274275","(04)23288582","2026","1","20","12","51","臺中市","南屯區","0","0","0","7","","","50","","","","","","","","","","","","","","","","","","","B03","","","1","","1","","","40","40","1","13","4","120.642581","24.146871","3"
"8171","66000","387130000C","(04)23274275","(04)23288582","2026","1","20","13","0","臺中市","大雅區","0","0","0","7","","","0","","","","","","","","","","","","","","14","","","","","B03","","","1","","2","","","49","49","1","12","4","120.653647","24.22328","3"
"8172","66000","387130000C","(04)23274275","(04)23288582","2026","1","20","13","2","臺中市","北區","0","2","0","7","3","6","50","4","2","1","5","4","6","6","1","1","1","4","5","2","17","2","8","1","1","C03","7","9","1","10","2","12","","7","7","1","12","4","120.685025","24.167058","2"
"8173","66000","387130000C","(04)23274275","(04)23288582","2026","1","20","13","6","臺中市","北區","0","2","0","7","2","6","50","3","1","1","5","4","6","6","4","4","10","5","5","2","17","2","9","1","1","C03","7","9","1","10","2","11","","84","84","1","12","4","120.674583","24.159209","2"
"8174","66000","387130000C","(04)23274275","(04)23288582","2026","1","20","13","8","臺中市","西區","0","1","0","7","2","6","50","4","1","1","5","4","6","6","1","1","10","5","5","2","16","3","10","5","4","B03","7","5","1","8","2","2","","11","11","1","13","4","120.665234","24.15085","2"
"8175","66000","387130000C","(04)23274275","(04)23288582","2026","1","20","13","8","臺中市","西屯區","0","0","0","7","","","30","","","","","","","","","","","","","","15","","","","","B03","","","1","","1","","","84","84","1","13","4","120.652824","24.158674","3"
"8176","66000","387130000C","(04)23274275","(04)23288582","2026","1","20","13","17","臺中市","大甲區","0","0","0","7","","","50","","","","","","","","","","","","","","","","","","","B03","","","1","","2","","","24","24","1","6","4","120.623528","24.352712","3"