序號,縣市別代碼,機關代碼,市話,傳真,年,月,日,時,分,縣市,區,死亡數量,受傷數量,2-30,天候,道路照明設備,道路類別,道路速限,道路型態,事故位置,路面鋪裝,路面狀態,路面缺陷,障礙物,視距,號誌種類,號誌動作,分向設施,快車道或一般車道間,快慢車道間,路面邊線,事故類型及型態,受傷程度,主要傷處,保護裝備,行動電話或功能裝置,當事者區分(類別),車輛用途,當事者行動狀態,駕照狀態,駕照種類,飲酒情形,車輛撞擊部位最初,車輛撞擊部位其他,肇事因素個別,肇事因素主要,肇事逃逸,職業,共享經濟或外送平台,GPS座標X,GPS座標Y,事故類別
"8177","66000","387130000C","(04)23274275","(04)23288582","2026","1","20","13","27","臺中市","北屯區","0","2","0","7","3","6","50","13","9","1","5","4","6","6","4","4","1","4","5","2","13","2","8","1","1","C03","7","9","1","10","2","11","","7","7","1","12","4","120.707614","24.184835","2"
"8178","66000","387130000C","(04)23274275","(04)23288582","2026","1","20","13","28","臺中市","西屯區","0","1","0","7","2","6","50","5","1","1","5","4","6","6","2","1","10","5","5","2","17","3","10","5","4","B03","7","6","1","8","2","2","","11","11","1","13","4","120.662504","24.163573","2"
"8179","66000","387130000C","(04)23274275","(04)23288582","2026","1","20","13","30","臺中市","西區","0","2","0","7","1","6","50","4","1","1","5","4","6","6","1","1","10","5","5","1","17","2","9","5","4","C03","7","1","1","10","2","14","","51","51","1","12","4","120.667501","24.141905","2"
"8180","66000","387130000C","(04)23274275","(04)23288582","2026","1","20","13","34","臺中市","北屯區","0","0","0","7","","","50","","","","","","","","","","","","","","13","","","","","B03","","","1","","1","","","59","59","1","12","4","120.710322","24.182211","3"
"8181","66000","387130000C","(04)23274275","(04)23288582","2026","1","20","13","36","臺中市","北區","0","1","0","7","2","6","50","13","9","1","5","4","6","6","4","4","1","4","5","1","18","2","9","1","1","C03","7","9","1","10","2","12","","94","94","1","13","4","120.685151","24.156993","2"
"8182","66000","387130000C","(04)23274275","(04)23288582","2026","1","20","13","39","臺中市","西屯區","0","1","0","7","2","6","50","4","9","1","5","4","6","6","1","1","5","4","5","2","13","3","10","5","4","B12","7","9","1","8","1","1","","59","59","1","12","4","120.629395","24.183707","2"
"8183","66000","387130000C","(04)23274275","(04)23288582","2026","1","20","13","41","臺中市","太平區","0","2","0","7","3","6","50","4","1","1","5","4","6","6","1","1","10","5","5","2","16","2","9","1","1","C03","7","6","1","10","2","11","","48","48","1","12","4","120.713794","24.125091","2"
"8184","66000","387130000C","(04)23274275","(04)23288582","2026","1","20","13","43","臺中市","西屯區","0","0","0","7","","","50","","","","","","","","","","","","","","17","","","","","A11","","","1","","9","","","8","8","1","12","4","120.648916","24.168596","3"
"8185","66000","387130000C","(04)23274275","(04)23288582","2026","1","20","13","43","臺中市","烏日區","0","0","0","7","","","40","","","","","","","","","","","","","","17","","","","","A12","","","1","","1","","","84","84","1","6","4","120.625655","24.109768","3"
"8186","66000","387130000C","(04)23274275","(04)23288582","2026","1","20","13","44","臺中市","龍井區","0","1","0","7","2","6","40","4","1","1","5","4","6","6","1","1","10","5","5","1","12","3","10","3","1","B03","7","5","1","8","2","6","","84","84","1","6","4","120.57985","24.192852","2"
"8187","66000","387130000C","(04)23274275","(04)23288582","2026","1","20","13","45","臺中市","沙鹿區","0","2","0","7","2","6","50","5","1","1","5","4","6","6","2","1","10","5","5","2","15","2","9","2","1","C03","7","9","1","10","2","12","","82","82","1","5","4","120.560836","24.241137","2"
"8188","66000","387130000C","(04)23274275","(04)23288582","2026","1","20","13","46","臺中市","大里區","0","0","0","7","","","30","","","","","","","","","","","","","","17","","","","","","","","","","","","","119","119","1","","","120.707974","24.091102","3"
"8189","66000","387130000C","(04)23274275","(04)23288582","2026","1","20","13","46","臺中市","沙鹿區","0","1","0","7","2","6","50","4","1","1","5","4","6","6","2","1","10","5","5","2","16","3","10","2","1","C03","7","4","3","19","2","12","","34","34","1","6","4","120.575215","24.226738","2"
"8190","66000","387130000C","(04)23274275","(04)23288582","2026","1","20","13","48","臺中市","東區","0","1","0","7","2","6","50","4","1","1","5","4","6","6","2","1","10","5","5","2","17","3","10","3","1","B03","7","6","1","8","2","1","","11","11","1","12","4","120.692498","24.138698","2"
"8191","66000","387130000C","(04)23274275","(04)23288582","2026","1","20","13","50","臺中市","北屯區","0","1","0","7","2","6","40","13","8","1","5","4","6","6","4","4","3","4","4","2","12","2","9","1","1","C03","7","9","1","10","2","14","","5","5","1","12","4","120.667892","24.178995","2"
"8192","66000","387130000C","(04)23274275","(04)23288582","2026","1","20","13","50","臺中市","大里區","0","0","0","7","","","30","","","","","","","","","","","","","","","","","","","B01","","","1","","2","","","59","59","1","12","4","120.694171","24.123951","3"
"8193","66000","387130000C","(04)23274275","(04)23288582","2026","1","20","13","50","臺中市","大里區","0","1","0","7","2","6","50","3","1","1","5","4","6","6","1","1","10","5","5","2","16","2","9","1","1","C03","7","6","1","10","2","14","","48","48","1","12","4","120.702294","24.08711","2"
"8194","66000","387130000C","(04)23274275","(04)23288582","2026","1","20","13","56","臺中市","東區","0","1","0","7","3","6","50","3","1","1","5","4","6","6","2","1","10","5","5","2","12","2","8","2","1","C03","7","7","1","10","2","14","","40","40","1","6","4","120.694534","24.144602","2"
"8195","66000","387130000C","(04)23274275","(04)23288582","2026","1","20","13","57","臺中市","東區","0","2","0","7","2","6","50","3","9","1","5","4","6","6","4","4","5","5","5","2","17","2","8","1","1","C03","7","9","1","10","2","11","","7","7","1","12","4","120.689048","24.144326","2"
"8196","66000","387130000C","(04)23274275","(04)23288582","2026","1","20","14","3","臺中市","西區","0","0","0","7","","","50","","","","","","","","","","","","","","17","","","","","B03","","","1","","1","","","51","51","1","13","4","120.658289","24.154669","4"
"8197","66000","387130000C","(04)23274275","(04)23288582","2026","1","20","14","6","臺中市","后里區","0","0","0","7","","","60","","","","","","","","","","","","","","14","","","","","B12","","","1","","2","","","49","49","1","6","4","120.722781","24.286621","3"
"8198","66000","387130000C","(04)23274275","(04)23288582","2026","1","20","14","10","臺中市","西區","0","0","0","7","","","50","","","","","","","","","","","","","","18","","","","","B03","","","1","","2","","","84","84","1","12","4","120.68006","24.143093","3"
"8199","66000","387130000C","(04)23274275","(04)23288582","2026","1","20","14","12","臺中市","北區","0","0","0","7","","","50","","","","","","","","","","","","","","","","","","","F01","","","7","","1","","","49","49","1","12","4","120.68619","24.149189","3"
"8200","66000","387130000C","(04)23274275","(04)23288582","2026","1","20","14","14","臺中市","烏日區","0","1","0","7","3","6","50","4","1","1","5","4","6","6","4","4","10","5","5","2","17","3","10","3","1","B03","7","11","1","4","2","8","","20","20","1","6","4","120.618583","24.11157","2"
"8201","66000","387130000C","(04)23274275","(04)23288582","2026","1","20","14","15","臺中市","南屯區","0","0","0","7","","","50","","","","","","","","","","","","","","17","","","","","B03","","","1","","2","","","77","77","1","12","4","120.633245","24.150377","3"
"8202","66000","387130000C","(04)23274275","(04)23288582","2026","1","20","14","20","臺中市","西屯區","0","0","0","7","","","50","","","","","","","","","","","","","","12","","","","","A12","","","1","","9","","","8","8","1","12","4","120.626868","24.155417","3"
"8203","66000","387130000C","(04)23274275","(04)23288582","2026","1","20","14","23","臺中市","大里區","0","2","0","7","2","6","50","3","2","1","5","4","6","6","4","4","5","5","4","1","13","2","9","2","1","C03","7","9","1","10","2","11","","7","7","1","6","4","120.702971","24.089238","2"
"8204","66000","387130000C","(04)23274275","(04)23288582","2026","1","20","14","25","臺中市","西區","0","0","0","7","","","50","","","","","","","","","","","","","","","","","","","B03","","","1","","1","","","84","84","2","13","4","120.671401","24.137676","3"
"8205","66000","387130000C","(04)23274275","(04)23288582","2026","1","20","14","25","臺中市","后里區","0","0","0","7","","","50","","","","","","","","","","","","","","16","","","","","B12","","","1","","2","","","20","20","1","12","4","120.717761","24.309511","3"
"8206","66000","387130000C","(04)23274275","(04)23288582","2026","1","20","14","27","臺中市","西屯區","0","0","0","7","","","40","","","","","","","","","","","","","","12","","","","","B03","","","1","","2","","","40","40","1","13","4","120.653124","24.160901","3"
"8207","66000","387130000C","(04)23274275","(04)23288582","2026","1","20","14","28","臺中市","南屯區","0","0","0","7","","","50","","","","","","","","","","","","","","12","","","","","C03","","","1","","1","","","7","7","1","12","4","120.6244","24.149424","3"
"8208","66000","387130000C","(04)23274275","(04)23288582","2026","1","20","14","29","臺中市","豐原區","0","0","0","7","2","6","50","13","9","1","5","4","6","6","4","4","1","4","4","2","13","3","10","3","1","B03","7","9","1","8","2","1","","55","55","1","12","4","120.721796","24.273921","3"
"8209","66000","387130000C","(04)23274275","(04)23288582","2026","1","20","14","35","臺中市","大雅區","0","2","0","7","2","6","70","13","8","1","5","4","6","6","4","4","1","4","4","2","12","3","10","1","1","C03","7","4","1","10","2","12","","8","8","1","12","4","120.624435","24.242379","2"
"8210","66000","387130000C","(04)23274275","(04)23288582","2026","1","20","14","35","臺中市","西屯區","0","0","0","7","","","50","","","","","","","","","","","","","","13","","","","","B03","","","1","","1","","","59","59","1","12","4","120.638872","24.175057","3"
"8211","66000","387130000C","(04)23274275","(04)23288582","2026","1","20","14","37","臺中市","北區","0","1","0","7","2","6","50","4","1","1","5","4","6","6","4","4","10","5","5","2","16","2","9","1","1","C03","7","6","1","10","2","12","","14","14","1","12","4","120.695215","24.155609","2"
"8212","66000","387130000C","(04)23274275","(04)23288582","2026","1","20","14","40","臺中市","西區","0","2","0","7","1","6","50","13","9","1","5","4","6","6","4","4","3","4","5","2","17","2","9","5","4","C03","7","9","1","10","2","11","","84","84","1","12","4","120.665626","24.138983","2"
"8213","66000","387130000C","(04)23274275","(04)23288582","2026","1","20","14","42","臺中市","北屯區","0","1","0","7","2","6","50","13","7","1","5","4","6","6","4","4","5","2","4","2","13","3","10","3","3","B03","7","9","1","8","2","1","","84","84","1","12","4","120.696903","24.165082","2"
"8214","66000","387130000C","(04)23274275","(04)23288582","2026","1","20","14","43","臺中市","南屯區","0","1","0","7","3","6","50","4","1","1","5","4","6","6","1","1","10","5","5","2","16","3","10","3","1","B03","7","5","1","8","2","5","","47","47","1","13","4","120.634245","24.1557","2"
"8215","66000","387130000C","(04)23274275","(04)23288582","2026","1","20","14","48","臺中市","西區","0","1","0","7","2","6","50","13","9","1","5","4","6","6","4","4","10","5","5","2","17","3","10","3","1","B03","7","15","1","8","2","1","","84","84","1","12","4","120.652259","24.148122","2"
"8216","66000","387130000C","(04)23274275","(04)23288582","2026","1","20","14","52","臺中市","后里區","0","2","0","7","3","6","0","3","1","1","5","4","6","6","4","4","10","5","5","2","15","2","7","1","1","C03","7","1","1","10","2","14","","51","51","1","12","4","120.727014","24.306245","2"
"8217","66000","387130000C","(04)23274275","(04)23288582","2026","1","20","15","2","臺中市","霧峰區","0","0","0","7","","","30","","","","","","","","","","","","","","14","","","","","B03","","","1","","2","","","49","49","1","6","4","120.697563","24.068208","3"
"8218","66000","387130000C","(04)23274275","(04)23288582","2026","1","20","15","8","臺中市","北屯區","0","0","0","7","","","50","","","","","","","","","","","","","","13","","","","","B12","","","1","","1","","","59","59","1","12","4","120.718257","24.182088","3"
"8219","66000","387130000C","(04)23274275","(04)23288582","2026","1","20","15","10","臺中市","南屯區","0","0","0","7","3","6","50","13","9","1","5","4","6","6","1","1","5","5","5","2","13","","","","","B03","","","1","","1","","","7","7","1","12","4","120.649687","24.132004","3"
"8220","66000","387130000C","(04)23274275","(04)23288582","2026","1","20","15","10","臺中市","豐原區","0","1","0","1","2","6","50","18","8","1","5","4","6","6","4","4","5","5","4","2","16","3","10","5","4","B03","7","6","1","8","2","2","","48","48","1","12","4","120.734223","24.255542","2"
"8221","66000","387130000C","(04)23274275","(04)23288582","2026","1","20","15","17","臺中市","東區","0","0","0","7","","","50","","","","","","","","","","","","","","17","","","","","B03","","","1","","1","","","87","87","1","12","4","120.704324","24.133359","3"
"8222","66000","387130000C","(04)23274275","(04)23288582","2026","1","20","15","20","臺中市","外埔區","0","0","0","7","","","50","","","","","","","","","","","","","","14","","","","","B03","","","1","","2","","","49","49","1","12","4","120.67074","24.324838","3"
"8223","66000","387130000C","(04)23274275","(04)23288582","2026","1","20","15","23","臺中市","西屯區","0","1","0","7","2","6","50","4","2","1","5","4","6","6","3","1","4","4","5","2","12","3","10","5","4","B03","7","9","1","8","2","2","","84","84","1","13","4","120.626072","24.184557","2"
"8224","66000","387130000C","(04)23274275","(04)23288582","2026","1","20","15","25","臺中市","潭子區","0","0","0","7","","","60","","","","","","","","","","","","","","","","","","","B03","","","1","","2","","","7","7","1","13","4","120.702852","24.198177","3"
"8225","66000","387130000C","(04)23274275","(04)23288582","2026","1","20","15","25","臺中市","沙鹿區","0","1","0","7","2","6","50","3","1","1","5","4","6","6","4","4","5","4","4","2","16","3","10","3","1","B03","7","6","1","8","2","8","","14","14","1","12","4","120.56359","24.2178","2"
"8226","66000","387130000C","(04)23274275","(04)23288582","2026","1","20","15","26","臺中市","北屯區","0","0","0","7","","","30","","","","","","","","","","","","","","11","","","","","B03","","","1","","1","","","8","8","1","13","4","120.665461","24.195792","3"
"8227","66000","387130000C","(04)23274275","(04)23288582","2026","1","20","15","32","臺中市","大雅區","0","0","0","7","","","0","","","","","","","","","","","","","","12","","","","","B03","","","1","","1","","","51","51","1","12","4","120.650235","24.211855","3"
"8228","66000","387130000C","(04)23274275","(04)23288582","2026","1","20","15","32","臺中市","南屯區","0","0","0","7","","","50","","","","","","","","","","","","","","","","","","","B03","","","1","","1","","","84","84","1","12","4","120.638947","24.145","4"
"8229","66000","387130000C","(04)23274275","(04)23288582","2026","1","20","15","38","臺中市","大甲區","0","0","0","7","","","50","","","","","","","","","","","","","","16","","","","","B03","","","1","","1","","","48","48","1","6","4","120.60804","24.326358","3"
"8230","66000","387130000C","(04)23274275","(04)23288582","2026","1","20","15","40","臺中市","大雅區","0","0","0","7","","","60","","","","","","","","","","","","","","2","","","","","B12","","","1","","2","","","47","47","1","12","4","120.650735","24.209453","3"
"8231","66000","387130000C","(04)23274275","(04)23288582","2026","1","20","15","40","臺中市","太平區","0","0","0","7","","","50","","","","","","","","","","","","","","13","","","","","B03","","","1","","2","","","7","7","1","12","4","120.717699","24.123038","3"
"8232","66000","387130000C","(04)23274275","(04)23288582","2026","1","20","15","42","臺中市","沙鹿區","0","0","0","7","","","50","","","","","","","","","","","","","","14","","","","","B03","","","1","","2","","","50","50","1","6","4","120.561493","24.240832","3"
"8233","66000","387130000C","(04)23274275","(04)23288582","2026","1","20","15","45","臺中市","大肚區","0","0","0","7","","","50","","","","","","","","","","","","","","","","","","","C03","","","1","","2","","","8","8","1","12","4","120.574774","24.169843","3"
"8234","66000","387130000C","(04)23274275","(04)23288582","2026","1","20","15","46","臺中市","大里區","0","0","0","7","","","30","","","","","","","","","","","","","","","","","","","B03","","","1","","1","","","8","8","1","6","4","120.713143","24.084745","3"
"8235","66000","387130000C","(04)23274275","(04)23288582","2026","1","20","15","48","臺中市","東區","0","0","0","7","","","40","","","","","","","","","","","","","","17","","","","","B03","","","1","","1","","","50","50","1","13","4","120.689541","24.133358","3"
"8236","66000","387130000C","(04)23274275","(04)23288582","2026","1","20","15","50","臺中市","龍井區","0","0","0","7","","","30","","","","","","","","","","","","","","","","","","","B03","","","1","","2","","","8","8","1","12","4","120.592098","24.180555","3"
"8237","66000","387130000C","(04)23274275","(04)23288582","2026","1","20","15","53","臺中市","霧峰區","0","0","0","7","","","50","","","","","","","","","","","","","","14","","","","","B03","","","1","","2","","","49","49","1","12","4","120.702266","24.067096","3"
"8238","66000","387130000C","(04)23274275","(04)23288582","2026","1","20","15","55","臺中市","西區","0","1","0","7","2","6","50","3","1","1","5","4","6","6","4","4","10","5","5","2","5","2","8","1","1","C03","7","12","1","10","1","14","","84","84","1","13","4","120.65524","24.139078","2"
"8239","66000","387130000C","(04)23274275","(04)23288582","2026","1","20","15","55","臺中市","神岡區","0","1","0","7","1","6","50","3","1","1","5","4","6","6","4","4","10","5","5","1","16","3","10","3","1","B12","7","6","1","4","2","5","","12","12","1","12","4","120.681776","24.2424","2"
"8240","66000","387130000C","(04)23274275","(04)23288582","2026","1","20","15","58","臺中市","東區","0","0","0","7","","3","80","","","","","","","","","","","","","","","","","","","A12","","","1","","1","","","84","84","1","12","4","120.708594","24.134654","3"
"8241","66000","387130000C","(04)23274275","(04)23288582","2026","1","20","15","58","臺中市","外埔區","0","0","0","7","","","40","","","","","","","","","","","","","","12","","","","","B03","","","1","","2","","","47","47","1","12","4","120.654275","24.331546","3"
"8242","66000","387130000C","(04)23274275","(04)23288582","2026","1","20","15","59","臺中市","霧峰區","0","2","0","7","3","6","30","3","1","1","5","4","6","6","4","4","10","5","5","1","16","2","9","1","1","C03","7","5","2","19","2","14","","13","13","1","12","4","120.693559","24.048329","2"
"8243","66000","387130000C","(04)23274275","(04)23288582","2026","1","20","15","59","臺中市","大甲區","0","0","0","7","","","30","","","","","","","","","","","","","","","","","","","B03","","","1","","2","","","8","8","1","6","4","120.623569","24.36258","3"
"8244","66000","387130000C","(04)23274275","(04)23288582","2026","1","20","15","59","臺中市","豐原區","0","0","0","7","","","50","","","","","","","","","","","","","","13","","","","","C03","","","1","","2","","","7","7","1","6","4","120.715645","24.251385","3"
"8245","66000","387130000C","(04)23274275","(04)23288582","2026","1","20","16","4","臺中市","西屯區","0","0","0","7","","","50","","","","","","","","","","","","","","13","","","","","B03","","","1","","1","","","84","84","1","12","4","120.645619","24.164713","3"
"8246","66000","387130000C","(04)23274275","(04)23288582","2026","1","20","16","11","臺中市","大里區","0","0","0","7","","","50","","","","","","","","","","","","","","","","","","","B03","","","1","","2","","","51","51","1","12","4","120.703852","24.106932","3"
"8247","66000","387130000C","(04)23274275","(04)23288582","2026","1","20","16","13","臺中市","南屯區","0","0","0","7","","","50","","","","","","","","","","","","","","13","","","","","C03","","","1","","2","","","7","7","1","13","4","120.623622","24.145205","3"
"8248","66000","387130000C","(04)23274275","(04)23288582","2026","1","20","16","13","臺中市","豐原區","0","1","0","7","2","6","50","4","1","1","5","4","6","6","4","4","10","5","5","2","16","3","10","1","1","C03","7","11","1","10","2","14","","45","45","1","12","4","120.718498","24.256203","2"
"8249","66000","387130000C","(04)23274275","(04)23288582","2026","1","20","16","14","臺中市","西區","0","1","0","7","1","6","50","13","9","1","5","4","6","6","4","4","9","4","5","2","13","2","1","5","1","F01","7","9","7","21","1","11","","57","57","1","13","4","120.674295","24.133147","2"
"8250","66000","387130000C","(04)23274275","(04)23288582","2026","1","20","16","19","臺中市","神岡區","0","1","0","7","2","6","50","11","9","1","5","4","6","6","4","4","5","4","5","2","17","3","10","1","1","C03","7","11","1","10","1","16","16","39","39","1","12","4","120.671647","24.256042","2"
"8251","66000","387130000C","(04)23274275","(04)23288582","2026","1","20","16","20","臺中市","南屯區","0","1","0","7","3","6","50","4","1","1","5","4","6","6","4","4","10","5","5","2","16","3","10","3","1","B03","7","6","1","8","2","8","","12","12","1","12","4","120.630662","24.115742","2"
"8252","66000","387130000C","(04)23274275","(04)23288582","2026","1","20","16","20","臺中市","大里區","0","0","0","7","","","50","","","","","","","","","","","","","","13","","","","","B03","","","1","","2","","","84","84","1","13","4","120.679452","24.099476","3"
"8253","66000","387130000C","(04)23274275","(04)23288582","2026","1","20","16","24","臺中市","潭子區","0","2","0","6","2","6","30","4","2","1","5","4","6","6","3","1","5","5","5","1","17","2","9","4","1","F01","7","6","7","21","2","11","","24","24","1","13","4","120.698426","24.223266","2"
"8254","66000","387130000C","(04)23274275","(04)23288582","2026","1","20","16","26","臺中市","西屯區","0","1","0","7","2","6","50","13","9","1","5","4","6","6","4","4","1","4","5","1","16","3","10","5","4","B03","7","1","1","8","2","4","","51","51","1","13","4","120.648805","24.167125","2"
"8255","66000","387130000C","(04)23274275","(04)23288582","2026","1","20","16","26","臺中市","烏日區","0","0","0","7","","","50","","","","","","","","","","","","","","13","","","","","C03","","","1","","1","","","7","7","1","6","4","120.638093","24.107787","3"
"8256","66000","387130000C","(04)23274275","(04)23288582","2026","1","20","16","28","臺中市","梧棲區","0","0","0","7","","","30","","","","","","","","","","","","","","17","","","","","B03","","","1","","1","","","51","51","1","12","4","120.538165","24.24754","3"
"8257","66000","387130000C","(04)23274275","(04)23288582","2026","1","20","16","31","臺中市","南屯區","0","1","0","7","2","6","50","3","8","1","5","4","6","6","1","1","1","4","1","2","17","2","9","2","1","C03","7","5","1","10","2","11","","14","14","1","12","4","120.585282","24.167101","2"
"8258","66000","387130000C","(04)23274275","(04)23288582","2026","1","20","16","32","臺中市","大甲區","0","0","0","7","","","30","","","","","","","","","","","","","","14","","","","","B03","","","1","","1","","","49","49","1","6","4","120.619892","24.341787","3"
"8259","66000","387130000C","(04)23274275","(04)23288582","2026","1","20","16","32","臺中市","大甲區","0","0","0","7","","","50","","","","","","","","","","","","","","14","","","","","B03","","","1","","2","","","49","49","1","12","4","120.617589","24.346814","3"
"8260","66000","387130000C","(04)23274275","(04)23288582","2026","1","20","16","34","臺中市","北屯區","0","0","0","7","","","50","","","","","","","","","","","","","","13","","","","","C03","","","1","","1","","","7","7","1","5","4","120.687951","24.174281","3"
"8261","66000","387130000C","(04)23274275","(04)23288582","2026","1","20","16","35","臺中市","西區","0","1","0","7","3","6","50","5","1","1","5","4","6","6","1","1","10","5","5","2","12","3","10","2","1","C03","7","6","1","10","9","13","","8","8","2","12","4","120.669765","24.151126","2"
"8262","66000","387130000C","(04)23274275","(04)23288582","2026","1","20","16","35","臺中市","豐原區","0","2","0","7","2","6","50","13","8","1","5","4","6","6","4","4","9","5","4","2","9","3","10","5","4","C03","7","9","3","19","2","11","","59","59","1","12","4","120.73363","24.254742","2"
"8263","66000","387130000C","(04)23274275","(04)23288582","2026","1","20","16","35","臺中市","豐原區","0","0","0","7","2","6","30","3","9","1","5","4","6","6","4","4","10","5","5","1","30","3","10","3","1","B03","7","2","1","8","2","16","5","84","84","1","12","4","120.726244","24.274355","3"
"8264","66000","387130000C","(04)23274275","(04)23288582","2026","1","20","16","40","臺中市","西屯區","0","0","0","7","","","50","","","","","","","","","","","","","","27","","","","","B03","","","1","","2","","","8","8","1","12","4","120.63528","24.176529","3"
"8265","66000","387130000C","(04)23274275","(04)23288582","2026","1","20","16","43","臺中市","東區","0","1","0","7","2","6","50","4","4","1","5","4","6","6","2","1","1","4","4","2","17","3","10","3","1","B03","7","9","1","8","2","5","","84","84","1","6","4","120.684282","24.123576","2"
"8266","66000","387130000C","(04)23274275","(04)23288582","2026","1","20","16","43","臺中市","南屯區","0","0","0","7","","","","","","","","","","","","","","","","","17","","","","","","","","","","","","","119","119","1","","","120.64789","24.152818","3"
"8267","66000","387130000C","(04)23274275","(04)23288582","2026","1","20","16","43","臺中市","太平區","0","1","0","7","2","6","50","4","9","1","5","4","6","6","4","4","10","5","5","2","18","2","9","2","1","C03","7","9","1","10","2","14","","84","84","1","12","4","120.715107","24.155195","2"
"8268","66000","387130000C","(04)23274275","(04)23288582","2026","1","20","16","47","臺中市","西屯區","0","2","0","7","3","6","30","13","9","1","5","4","6","6","4","4","10","5","5","2","17","2","9","5","4","C03","7","11","1","10","2","15","","45","45","1","13","4","120.646259","24.180854","2"
"8269","66000","387130000C","(04)23274275","(04)23288582","2026","1","20","16","47","臺中市","沙鹿區","0","0","0","7","","","50","","","","","","","","","","","","","","","","","","","B03","","","1","","2","","","40","40","1","6","4","120.600346","24.255637","3"
"8270","66000","387130000C","(04)23274275","(04)23288582","2026","1","20","16","48","臺中市","東區","0","2","0","7","2","6","50","13","8","1","5","4","6","6","4","4","5","5","4","2","12","3","10","3","1","B03","7","7","1","8","2","6","","40","40","1","12","4","120.707837","24.144258","2"
"8271","66000","387130000C","(04)23274275","(04)23288582","2026","1","20","16","48","臺中市","清水區","0","1","0","7","2","6","70","5","1","1","5","4","6","6","1","1","8","3","4","1","17","3","10","3","1","B03","7","5","1","8","2","2","","11","11","1","12","4","120.600771","24.30998","2"
"8272","66000","387130000C","(04)23274275","(04)23288582","2026","1","20","16","49","臺中市","大雅區","0","1","0","7","1","6","70","13","9","1","5","4","6","6","4","4","1","4","5","1","13","3","10","3","1","B12","7","12","5","19","2","7","","84","84","1","12","4","120.642026","24.229363","2"
"8273","66000","387130000C","(04)23274275","(04)23288582","2026","1","20","16","50","臺中市","大雅區","0","0","0","7","","","50","","","","","","","","","","","","","","2","","","","","B03","","","1","","1","","","7","7","1","12","4","120.666012","24.216563","3"
"8274","66000","387130000C","(04)23274275","(04)23288582","2026","1","20","17","1","臺中市","西區","0","0","0","7","","","50","","","","","","","","","","","","","","","","","","","B03","","","1","","2","","","49","49","1","6","4","120.655073","24.152764","3"
"8275","66000","387130000C","(04)23274275","(04)23288582","2026","1","20","17","3","臺中市","西區","0","1","0","7","2","6","50","4","1","1","5","4","6","6","4","4","10","5","5","2","15","3","10","3","1","B03","7","9","1","8","2","5","","12","12","1","12","4","120.677814","24.145238","2"
"8276","66000","387130000C","(04)23274275","(04)23288582","2026","1","20","17","3","臺中市","東區","0","0","0","7","","","50","","","","","","","","","","","","","","","","","","","B03","","","1","","2","","","25","25","1","12","4","120.696713","24.142137","3"
"8277","66000","387130000C","(04)23274275","(04)23288582","2026","1","20","17","6","臺中市","西屯區","0","1","0","7","2","6","50","4","9","1","5","4","6","6","4","4","4","4","5","2","13","2","9","5","4","C03","7","9","1","10","2","11","","7","7","1","13","4","120.637307","24.179757","2"
"8278","66000","387130000C","(04)23274275","(04)23288582","2026","1","20","17","8","臺中市","梧棲區","0","0","0","7","","","60","","","","","","","","","","","","","","13","","","","","B03","","","1","","2","","","7","7","1","12","4","120.537626","24.252862","3"
"8279","66000","387130000C","(04)23274275","(04)23288582","2026","1","20","17","10","臺中市","西屯區","0","1","0","7","1","6","50","13","7","1","5","4","6","6","4","4","8","4","4","1","13","3","10","5","4","B03","7","9","1","8","2","1","","7","7","1","13","4","120.653088","24.176165","2"
"8280","66000","387130000C","(04)23274275","(04)23288582","2026","1","20","17","10","臺中市","西屯區","0","0","0","7","","","30","","","","","","","","","","","","","","16","","","","","B12","","","1","","3","","","14","14","1","12","4","120.626246","24.188092","3"
"8281","66000","387130000C","(04)23274275","(04)23288582","2026","1","20","17","11","臺中市","北屯區","0","1","0","7","2","6","50","4","2","1","5","4","6","6","2","1","5","4","5","2","16","2","9","1","1","C03","7","6","1","10","2","13","","48","48","1","6","4","120.719611","24.180137","2"
"8282","66000","387130000C","(04)23274275","(04)23288582","2026","1","20","17","19","臺中市","大里區","0","1","0","7","1","6","30","3","1","1","5","4","6","6","4","4","10","5","5","2","17","3","10","5","4","B03","7","6","1","8","2","1","","20","20","1","6","4","120.694293","24.092914","2"
"8283","66000","387130000C","(04)23274275","(04)23288582","2026","1","20","17","22","臺中市","東區","0","0","0","7","","","40","","","","","","","","","","","","","","17","","","","","C03","","","1","","2","","","50","50","1","13","4","120.692422","24.143198","3"
"8284","66000","387130000C","(04)23274275","(04)23288582","2026","1","20","17","23","臺中市","南區","0","2","0","7","1","6","50","5","1","1","5","4","6","6","1","1","9","4","4","2","17","3","10","3","1","B03","7","9","1","8","2","1","","21","21","1","12","4","120.656512","24.12066","2"
"8285","66000","387130000C","(04)23274275","(04)23288582","2026","1","20","17","28","臺中市","大里區","0","0","0","7","3","6","50","5","9","1","5","4","6","6","4","4","5","4","5","2","13","3","10","1","1","C03","7","9","3","19","4","11","","84","84","1","12","4","120.680762","24.115","3"
"8286","66000","387130000C","(04)23274275","(04)23288582","2026","1","20","17","29","臺中市","西區","0","1","0","7","1","6","50","3","1","1","5","4","6","6","1","1","5","4","4","2","12","3","10","1","1","C03","7","7","1","10","2","13","","40","40","1","13","4","120.665372","24.145469","2"