序號,縣市別代碼,機關代碼,市話,傳真,年,月,日,時,分,縣市,區,死亡數量,受傷數量,2-30,天候,道路照明設備,道路類別,道路速限,道路型態,事故位置,路面鋪裝,路面狀態,路面缺陷,障礙物,視距,號誌種類,號誌動作,分向設施,快車道或一般車道間,快慢車道間,路面邊線,事故類型及型態,受傷程度,主要傷處,保護裝備,行動電話或功能裝置,當事者區分(類別),車輛用途,當事者行動狀態,駕照狀態,駕照種類,飲酒情形,車輛撞擊部位最初,車輛撞擊部位其他,肇事因素個別,肇事因素主要,肇事逃逸,職業,共享經濟或外送平台,GPS座標X,GPS座標Y,事故類別
"8287","66000","387130000C","(04)23274275","(04)23288582","2026","1","20","17","30","臺中市","外埔區","0","0","0","7","","","50","","","","","","","","","","","","","","11","","","","","B03","","","1","","2","","","85","85","1","6","4","120.682497","24.334229","3"
"8288","66000","387130000C","(04)23274275","(04)23288582","2026","1","20","17","32","臺中市","北區","0","1","0","7","2","6","50","4","7","1","5","4","6","6","1","1","1","4","4","2","17","3","10","5","4","C03","7","15","3","19","2","13","","40","40","1","13","4","120.686476","24.16322","2"
"8289","66000","387130000C","(04)23274275","(04)23288582","2026","1","20","17","33","臺中市","北區","0","2","0","7","1","6","50","4","1","1","5","4","6","6","2","1","10","5","5","2","17","2","9","1","1","C03","7","6","1","10","9","15","","84","84","2","13","4","120.685042","24.161495","2"
"8290","66000","387130000C","(04)23274275","(04)23288582","2026","1","20","17","34","臺中市","西區","0","0","0","7","","","30","","","","","","","","","","","","","","9","","","","","","","","","","","","","85","85","1","","","120.661417","24.148378","3"
"8291","66000","387130000C","(04)23274275","(04)23288582","2026","1","20","17","34","臺中市","北區","0","2","0","7","1","6","50","4","1","1","5","4","6","6","4","4","5","5","5","2","15","2","9","1","1","C03","7","9","1","10","2","11","","20","20","1","12","4","120.697359","24.157594","2"
"8292","66000","387130000C","(04)23274275","(04)23288582","2026","1","20","17","34","臺中市","西屯區","0","0","0","7","","","50","","","","","","","","","","","","","","13","","","","","B03","","","1","","1","","","84","84","1","12","4","120.619165","24.181686","3"
"8293","66000","387130000C","(04)23274275","(04)23288582","2026","1","20","17","35","臺中市","北屯區","0","1","0","7","1","6","50","5","1","1","5","4","6","6","2","1","1","2","5","2","13","3","10","3","1","B03","7","6","1","8","2","5","","7","7","1","12","4","120.700833","24.170259","2"
"8294","66000","387130000C","(04)23274275","(04)23288582","2026","1","20","17","35","臺中市","外埔區","0","2","0","7","1","6","50","4","2","1","5","4","6","6","4","4","10","5","5","2","3","2","9","6","5","H01","8","16","7","21","2","17","","109","109","1","12","5","120.682497","24.334229","2"
"8295","66000","387130000C","(04)23274275","(04)23288582","2026","1","20","17","36","臺中市","北屯區","0","0","0","7","","","50","","","","","","","","","","","","","","","","","","","C03","","","1","","1","","","7","7","1","13","4","120.704597","24.171323","4"
"8296","66000","387130000C","(04)23274275","(04)23288582","2026","1","20","17","40","臺中市","西區","0","2","0","7","3","6","50","3","1","1","5","4","6","6","4","4","10","5","5","2","16","2","9","2","1","C03","7","9","1","10","2","11","","84","84","1","12","4","120.671926","24.147593","2"
"8297","66000","387130000C","(04)23274275","(04)23288582","2026","1","20","17","40","臺中市","西屯區","0","1","0","7","1","6","50","4","1","1","5","4","6","6","1","1","10","5","5","2","16","3","10","5","4","B03","7","5","1","8","2","5","","11","11","1","13","4","120.620499","24.188567","2"
"8298","66000","387130000C","(04)23274275","(04)23288582","2026","1","20","17","42","臺中市","南區","0","2","0","7","2","6","40","13","12","1","5","4","6","6","3","1","5","4","4","2","13","2","9","1","1","C03","7","9","1","10","2","11","","7","7","1","12","4","120.660687","24.132605","2"
"8299","66000","387130000C","(04)23274275","(04)23288582","2026","1","20","17","43","臺中市","南屯區","0","1","0","7","1","6","50","3","1","1","5","4","6","6","1","1","10","5","5","2","16","3","10","3","1","B03","7","5","1","8","2","5","","47","47","1","12","4","120.620485","24.115493","2"
"8300","66000","387130000C","(04)23274275","(04)23288582","2026","1","20","17","43","臺中市","北屯區","0","1","0","7","2","6","50","3","1","1","5","4","6","6","4","4","10","5","5","2","17","2","9","2","1","C03","7","9","1","10","2","12","","84","84","1","6","4","120.690172","24.185756","2"
"8301","66000","387130000C","(04)23274275","(04)23288582","2026","1","20","17","45","臺中市","大雅區","0","2","0","7","1","6","30","3","1","1","5","4","6","6","4","4","10","5","5","2","16","2","8","1","1","C03","7","6","1","10","2","11","","48","48","1","12","4","120.629778","24.240255","2"
"8302","66000","387130000C","(04)23274275","(04)23288582","2026","1","20","17","45","臺中市","西區","0","0","0","7","","","50","","","","","","","","","","","","","","","","","","","B12","","","1","","1","","","84","84","1","6","4","120.661212","24.157632","3"
"8303","66000","387130000C","(04)23274275","(04)23288582","2026","1","20","17","45","臺中市","東區","0","0","0","7","","","50","","","","","","","","","","","","","","","","","","","B03","","","1","","1","","","84","84","1","12","4","120.694512","24.133155","3"
"8304","66000","387130000C","(04)23274275","(04)23288582","2026","1","20","17","45","臺中市","大里區","0","2","0","7","1","6","50","13","9","1","5","4","6","6","4","4","5","2","5","2","13","2","8","2","1","C03","7","9","1","10","2","11","","7","7","1","12","4","120.682694","24.115181","2"
"8305","66000","387130000C","(04)23274275","(04)23288582","2026","1","20","17","46","臺中市","西屯區","0","0","0","7","","","50","","","","","","","","","","","","","","12","","","","","B03","","","1","","1","","","40","40","1","13","4","120.656262","24.169921","3"
"8306","66000","387130000C","(04)23274275","(04)23288582","2026","1","20","17","50","臺中市","烏日區","0","1","0","7","2","6","70","3","2","1","5","4","6","6","4","4","1","4","4","1","13","3","10","2","1","C03","7","9","1","10","2","11","","7","7","1","6","4","120.583443","24.110624","2"
"8307","66000","387130000C","(04)23274275","(04)23288582","2026","1","20","17","50","臺中市","豐原區","0","1","0","7","1","6","60","13","7","1","5","4","1","6","4","4","3","4","4","2","13","3","10","3","1","B03","7","9","1","8","2","1","","7","7","1","6","4","120.703133","24.240866","2"
"8308","66000","387130000C","(04)23274275","(04)23288582","2026","1","20","17","52","臺中市","大肚區","0","3","0","7","1","6","30","11","9","1","5","4","6","6","4","4","10","5","5","2","11","2","8","5","4","C03","7","9","5","11","2","14","","8","8","1","12","4","120.574574","24.164204","2"
"8309","66000","387130000C","(04)23274275","(04)23288582","2026","1","20","17","56","臺中市","清水區","0","0","0","7","","","50","","","","","","","","","","","","","","","","","","","B03","","","1","","2","","","87","87","1","12","4","120.565052","24.274053","3"
"8310","66000","387130000C","(04)23274275","(04)23288582","2026","1","20","17","59","臺中市","東區","0","0","0","7","","","50","","","","","","","","","","","","","","12","","","","","C03","","","1","","1","","","7","7","1","6","4","120.694509","24.142471","4"
"8311","66000","387130000C","(04)23274275","(04)23288582","2026","1","20","18","1","臺中市","西屯區","0","3","0","7","1","6","50","13","8","1","5","4","6","6","4","4","1","4","4","2","17","2","9","1","1","C03","7","14","5","19","2","16","","84","84","1","12","4","120.655588","24.176029","2"
"8312","66000","387130000C","(04)23274275","(04)23288582","2026","1","20","18","1","臺中市","西屯區","0","1","0","7","1","6","30","13","8","1","5","4","6","6","4","4","10","5","5","1","18","2","9","5","4","C03","7","9","1","10","2","14","","6","6","1","13","4","120.630643","24.176991","2"
"8313","66000","387130000C","(04)23274275","(04)23288582","2026","1","20","18","3","臺中市","豐原區","0","1","0","7","1","6","50","4","1","1","5","4","6","6","1","1","10","5","5","2","16","2","8","1","1","C03","7","6","1","10","2","11","","11","11","1","12","4","120.71864","24.238098","2"
"8314","66000","387130000C","(04)23274275","(04)23288582","2026","1","20","18","4","臺中市","西區","0","0","0","7","","","50","","","","","","","","","","","","","","16","","","","","C03","","","1","","2","","","85","85","1","12","4","120.68054","24.137123","3"
"8315","66000","387130000C","(04)23274275","(04)23288582","2026","1","20","18","5","臺中市","南屯區","0","0","0","7","","","50","","","","","","","","","","","","","","","","","","","B12","","","1","","9","","","8","8","2","12","4","120.637014","24.140598","3"
"8316","66000","387130000C","(04)23274275","(04)23288582","2026","1","20","18","5","臺中市","大肚區","0","0","0","7","","","50","","","","","","","","","","","","","","","","","","","B03","","","1","","2","","","59","59","1","6","4","120.545036","24.157914","4"
"8317","66000","387130000C","(04)23274275","(04)23288582","2026","1","20","18","7","臺中市","西屯區","0","1","0","7","1","6","50","3","1","1","5","4","6","6","4","4","10","5","5","2","16","3","10","5","4","B03","7","6","1","8","2","1","","14","14","1","13","4","120.635041","24.166159","2"
"8318","66000","387130000C","(04)23274275","(04)23288582","2026","1","20","18","7","臺中市","大里區","0","1","0","7","1","6","50","5","1","1","5","4","6","6","1","1","5","5","4","2","12","3","10","1","1","C03","7","9","1","10","2","12","","39","39","1","12","4","120.715765","24.094539","2"
"8319","66000","387130000C","(04)23274275","(04)23288582","2026","1","20","18","7","臺中市","豐原區","0","1","0","7","1","6","50","13","7","1","5","4","6","6","4","4","9","5","4","2","13","2","8","2","1","C03","7","9","1","10","2","11","","7","7","1","13","4","120.707973","24.246503","2"
"8320","66000","387130000C","(04)23274275","(04)23288582","2026","1","20","18","8","臺中市","西屯區","0","1","0","7","1","6","50","13","9","1","5","4","6","6","4","4","1","4","5","2","12","2","9","5","4","C03","7","9","3","19","2","12","","84","84","1","13","4","120.646398","24.158125","2"
"8321","66000","387130000C","(04)23274275","(04)23288582","2026","1","20","18","12","臺中市","中區","0","0","0","7","","","50","","","","","","","","","","","","","","9","","","","","B03","","","1","8","1","","","78","78","1","13","4","120.679497","24.142426","3"
"8322","66000","387130000C","(04)23274275","(04)23288582","2026","1","20","18","14","臺中市","南屯區","0","1","0","7","1","6","50","13","9","1","5","4","6","6","4","4","5","5","5","2","12","2","9","2","1","C03","7","9","1","10","2","14","","84","84","1","13","4","120.630298","24.149367","2"
"8323","66000","387130000C","(04)23274275","(04)23288582","2026","1","20","18","15","臺中市","潭子區","0","0","0","7","","","60","","","","","","","","","","","","","","","","","","","A05","","","1","","2","","","40","40","1","6","4","120.708554","24.230504","3"
"8324","66000","387130000C","(04)23274275","(04)23288582","2026","1","20","18","15","臺中市","西屯區","0","1","0","7","1","6","50","13","8","1","5","4","6","6","4","4","3","4","4","2","17","3","10","5","4","B03","7","7","1","8","11","16","","40","40","1","12","4","120.632033","24.180003","2"
"8325","66000","387130000C","(04)23274275","(04)23288582","2026","1","20","18","17","臺中市","東區","0","1","0","7","1","6","50","4","2","1","5","4","6","6","1","1","9","5","5","2","17","3","10","1","1","C03","7","11","1","10","2","16","","45","45","1","12","4","120.689341","24.134424","2"
"8326","66000","387130000C","(04)23274275","(04)23288582","2026","1","20","18","17","臺中市","大里區","0","1","0","7","1","6","50","4","1","1","5","4","6","6","1","1","10","5","5","2","17","3","10","5","4","B03","7","6","1","8","2","2","","11","11","1","6","4","120.701213","24.100285","2"
"8327","66000","387130000C","(04)23274275","(04)23288582","2026","1","20","18","18","臺中市","北區","0","3","0","7","2","6","50","3","2","1","5","4","6","6","4","4","10","5","5","2","17","2","9","2","1","C03","7","1","1","10","2","14","","51","51","1","13","4","120.668249","24.169289","2"
"8328","66000","387130000C","(04)23274275","(04)23288582","2026","1","20","18","18","臺中市","大里區","0","0","0","7","","","50","","","","","","","","","","","","","","13","","","","","B03","","","1","","2","","","84","84","1","13","4","120.680135","24.102255","3"
"8329","66000","387130000C","(04)23274275","(04)23288582","2026","1","20","18","20","臺中市","北屯區","0","0","0","7","","","50","","","","","","","","","","","","","","13","","","","","C03","","","1","","1","","","7","7","1","12","4","120.699045","24.164716","3"
"8330","66000","387130000C","(04)23274275","(04)23288582","2026","1","20","18","25","臺中市","西屯區","0","0","0","7","","","30","","","","","","","","","","","","","","13","","","","","","","","","","","","","59","59","1","","","120.62361","24.197432","3"
"8331","66000","387130000C","(04)23274275","(04)23288582","2026","1","20","18","27","臺中市","西區","0","0","0","7","","","50","","","","","","","","","","","","","","12","","","","","A11","","","1","","2","","","85","85","1","13","4","120.657972","24.145344","3"
"8332","66000","387130000C","(04)23274275","(04)23288582","2026","1","20","18","28","臺中市","西屯區","0","0","0","7","","","50","","","","","","","","","","","","","","13","","","","","C03","","","1","","2","","","7","7","1","13","4","120.623828","24.177422","3"
"8333","66000","387130000C","(04)23274275","(04)23288582","2026","1","20","18","35","臺中市","中區","0","1","0","7","1","6","50","4","1","1","5","4","6","6","1","1","10","5","5","2","18","2","9","2","1","C03","7","9","1","10","2","14","","43","43","1","12","4","120.677277","24.140202","2"
"8334","66000","387130000C","(04)23274275","(04)23288582","2026","1","20","18","35","臺中市","西屯區","0","1","0","7","2","6","50","4","1","1","5","4","6","6","2","1","10","5","5","2","3","3","10","3","1","B03","7","6","1","8","2","8","","10","10","1","12","4","120.634716","24.169583","2"
"8335","66000","387130000C","(04)23274275","(04)23288582","2026","1","20","18","36","臺中市","豐原區","0","0","0","7","1","6","30","3","9","1","5","4","6","6","4","4","10","5","5","2","25","3","10","3","1","B03","7","6","1","8","2","4","","8","8","1","12","4","120.724872","24.246295","3"
"8336","66000","387130000C","(04)23274275","(04)23288582","2026","1","20","18","39","臺中市","北屯區","0","1","0","7","1","6","50","3","1","1","5","4","6","6","4","4","7","5","5","2","16","3","10","3","1","B03","7","5","1","8","2","5","","20","20","1","6","4","120.705821","24.173699","2"
"8337","66000","387130000C","(04)23274275","(04)23288582","2026","1","20","18","41","臺中市","大里區","0","1","0","6","1","6","50","3","2","1","5","4","6","6","4","4","10","5","5","2","17","3","10","1","1","C03","7","6","1","10","2","16","","20","20","1","12","4","120.688112","24.10482","2"
"8338","66000","387130000C","(04)23274275","(04)23288582","2026","1","20","18","44","臺中市","大里區","0","1","0","7","1","6","50","4","1","1","5","4","6","6","4","4","10","5","5","2","16","3","10","1","1","C03","7","6","1","10","2","11","","11","11","1","6","2","120.702466","24.08729","2"
"8339","66000","387130000C","(04)23274275","(04)23288582","2026","1","20","18","45","臺中市","南屯區","0","2","0","7","1","6","50","3","1","1","5","4","6","6","4","4","10","5","5","2","17","2","7","1","1","C03","7","11","1","10","2","12","","46","46","1","12","4","120.610208","24.138453","2"
"8340","66000","387130000C","(04)23274275","(04)23288582","2026","1","20","18","46","臺中市","大里區","0","2","0","7","1","6","50","4","1","1","5","4","6","6","1","1","5","5","4","1","16","3","10","3","1","B03","7","6","1","8","2","8","","11","11","1","12","4","120.713709","24.094271","2"
"8341","66000","387130000C","(04)23274275","(04)23288582","2026","1","20","18","47","臺中市","西屯區","0","0","0","7","","","50","","","","","","","","","","","","","","16","","","","","C03","","","1","","1","","","85","85","1","13","4","120.636054","24.16925","3"
"8342","66000","387130000C","(04)23274275","(04)23288582","2026","1","20","18","47","臺中市","霧峰區","0","0","0","7","","","50","","","","","","","","","","","","","","17","","","","","B03","","","1","","2","","","58","58","1","6","4","120.69353","24.034114","3"
"8343","66000","387130000C","(04)23274275","(04)23288582","2026","1","20","18","47","臺中市","清水區","0","0","0","7","","","50","","","","","","","","","","","","","","","","","","","B03","","","1","","2","","","8","8","1","12","4","120.575201","24.294842","3"
"8344","66000","387130000C","(04)23274275","(04)23288582","2026","1","20","18","48","臺中市","清水區","0","1","0","7","1","6","50","3","1","1","5","4","6","6","4","4","9","4","5","2","17","3","10","3","1","B03","7","6","1","8","2","15","","20","20","1","12","4","120.572579","24.270803","2"
"8345","66000","387130000C","(04)23274275","(04)23288582","2026","1","20","18","49","臺中市","大里區","0","0","0","7","","","50","","","","","","","","","","","","","","","","","","","B03","","","1","","2","","","84","84","1","6","4","120.718638","24.098874","3"
"8346","66000","387130000C","(04)23274275","(04)23288582","2026","1","20","18","55","臺中市","大里區","0","1","0","7","1","6","50","3","1","1","5","4","6","6","4","4","5","5","4","2","17","3","10","1","1","C03","7","6","1","10","2","11","","11","11","1","12","4","120.689336","24.107975","2"
"8347","66000","387130000C","(04)23274275","(04)23288582","2026","1","20","18","58","臺中市","南屯區","0","0","0","7","","","50","","","","","","","","","","","","","","","","","","","B03","","","1","","2","","","8","8","2","12","4","120.623706","24.149548","3"
"8348","66000","387130000C","(04)23274275","(04)23288582","2026","1","20","18","58","臺中市","烏日區","0","2","0","7","2","6","50","13","9","1","5","4","6","6","4","4","1","4","5","1","13","2","9","2","1","C03","7","9","1","10","2","12","","59","59","1","6","4","120.649856","24.096276","2"
"8349","66000","387130000C","(04)23274275","(04)23288582","2026","1","20","19","1","臺中市","西屯區","0","1","0","7","1","6","50","4","1","1","5","4","6","6","1","1","10","5","5","2","16","3","10","5","4","B03","7","6","1","8","2","6","","11","11","1","12","4","120.616272","24.179443","2"
"8350","66000","387130000C","(04)23274275","(04)23288582","2026","1","20","19","6","臺中市","西屯區","0","1","0","7","1","6","30","4","3","1","5","4","6","6","2","1","4","4","5","2","17","2","9","5","4","C03","7","1","1","10","2","13","","51","51","1","13","4","120.642539","24.181542","2"
"8351","66000","387130000C","(04)23274275","(04)23288582","2026","1","20","19","7","臺中市","潭子區","0","0","0","7","","","50","","","","","","","","","","","","","","","","","","","B03","","","3","","2","","","84","84","1","13","4","120.702194","24.19441","3"
"8352","66000","387130000C","(04)23274275","(04)23288582","2026","1","20","19","9","臺中市","西屯區","0","1","0","1","1","6","40","4","1","1","5","4","6","6","1","1","8","4","1","1","17","3","10","5","4","C03","7","9","1","10","2","11","","7","7","1","13","4","120.65783","24.15832","2"
"8353","66000","387130000C","(04)23274275","(04)23288582","2026","1","20","19","12","臺中市","西屯區","0","1","0","7","1","6","50","3","1","1","5","4","6","6","4","4","10","5","5","2","13","3","10","1","1","C03","7","9","1","10","1","14","","7","7","1","12","4","120.644349","24.173944","2"
"8354","66000","387130000C","(04)23274275","(04)23288582","2026","1","20","19","13","臺中市","大雅區","0","0","0","6","","","60","","","","","","","","","","","","","","","","","","","B03","","","1","","1","","","40","40","1","12","4","120.648553","24.218461","3"
"8355","66000","387130000C","(04)23274275","(04)23288582","2026","1","20","19","13","臺中市","南屯區","0","1","0","7","1","6","50","3","1","1","5","4","6","6","4","4","10","5","5","2","16","3","10","3","1","B03","7","6","1","8","2","8","","42","42","1","13","4","120.650525","24.143791","2"
"8356","66000","387130000C","(04)23274275","(04)23288582","2026","1","20","19","13","臺中市","北屯區","0","0","0","7","","3","80","","","","","","","","","","","","","","13","","","","","B03","","","1","","1","","","84","84","1","6","4","120.718551","24.160173","3"
"8357","66000","387130000C","(04)23274275","(04)23288582","2026","1","20","19","15","臺中市","大里區","0","1","0","6","1","6","50","3","1","1","5","4","6","6","4","4","10","4","4","1","16","2","9","1","1","C03","7","9","1","10","2","11","","84","84","1","12","4","120.664235","24.092589","2"
"8358","66000","387130000C","(04)23274275","(04)23288582","2026","1","20","19","18","臺中市","豐原區","0","0","0","7","","","50","","","","","","","","","","","","","","16","","","","","B03","","","1","","1","","","45","45","1","6","4","120.713072","24.253256","3"
"8359","66000","387130000C","(04)23274275","(04)23288582","2026","1","20","19","21","臺中市","沙鹿區","0","1","0","6","1","6","50","4","1","1","5","4","6","6","1","1","10","5","5","2","17","3","10","3","1","B03","7","11","1","8","2","8","","45","45","1","6","4","120.580544","24.209606","2"
"8360","66000","387130000C","(04)23274275","(04)23288582","2026","1","20","19","22","臺中市","大里區","0","0","0","7","","","30","","","","","","","","","","","","","","","","","","","B03","","","3","","8","","","59","59","2","12","4","120.710496","24.10845","3"
"8361","66000","387130000C","(04)23274275","(04)23288582","2026","1","20","19","24","臺中市","北區","0","0","0","7","","","50","","","","","","","","","","","","","","17","","","","","B03","","","1","","1","","","39","39","1","13","4","120.691148","24.158021","3"
"8362","66000","387130000C","(04)23274275","(04)23288582","2026","1","20","19","25","臺中市","北區","0","0","0","7","","","50","","","","","","","","","","","","","","17","","","","","C03","","","1","","1","","","59","59","1","12","4","120.698311","24.15563","3"
"8363","66000","387130000C","(04)23274275","(04)23288582","2026","1","20","19","27","臺中市","北區","0","0","0","7","","","50","","","","","","","","","","","","","","17","","","","","B03","","","6","","2","","","85","85","1","13","4","120.67317","24.163107","4"
"8364","66000","387130000C","(04)23274275","(04)23288582","2026","1","20","19","27","臺中市","西屯區","0","0","0","7","","","50","","","","","","","","","","","","","","16","","","","","B03","","","1","","1","","","84","84","1","13","4","120.651812","24.197794","3"
"8365","66000","387130000C","(04)23274275","(04)23288582","2026","1","20","19","35","臺中市","北區","0","3","0","7","1","6","30","4","2","1","5","4","6","6","4","4","10","5","5","2","17","2","9","2","1","C03","7","9","1","10","2","14","","12","12","1","13","4","120.697407","24.153966","2"
"8366","66000","387130000C","(04)23274275","(04)23288582","2026","1","20","19","39","臺中市","東區","0","1","0","7","1","6","50","3","1","1","5","4","6","6","1","1","10","5","5","2","16","3","10","3","1","B03","7","5","1","8","2","2","","84","84","1","13","4","120.689931","24.137719","2"
"8367","66000","387130000C","(04)23274275","(04)23288582","2026","1","20","19","50","臺中市","大甲區","0","1","0","7","1","6","70","5","9","1","5","4","6","6","1","1","6","3","4","1","11","3","10","3","1","B12","7","9","1","8","2","6","","25","25","1","12","4","120.647763","24.395859","2"
"8368","66000","387130000C","(04)23274275","(04)23288582","2026","1","20","19","51","臺中市","東區","0","0","0","7","","","50","","","","","","","","","","","","","","","","","","","B03","","","1","","2","","","84","84","1","12","4","120.699756","24.137153","3"
"8369","66000","387130000C","(04)23274275","(04)23288582","2026","1","20","19","54","臺中市","西屯區","0","1","0","7","1","6","50","13","9","1","5","4","6","6","2","1","4","4","5","2","12","2","9","5","4","C03","7","8","1","10","2","14","","40","40","1","13","4","120.655293","24.158103","2"
"8370","66000","387130000C","(04)23274275","(04)23288582","2026","1","20","19","56","臺中市","北屯區","0","1","0","7","1","6","50","4","2","1","5","4","6","6","1","1","3","4","5","2","17","3","10","1","1","C03","7","1","1","10","2","14","","51","51","1","13","4","120.697745","24.170349","2"
"8371","66000","387130000C","(04)23274275","(04)23288582","2026","1","20","20","3","臺中市","西區","0","0","0","7","","","30","","","","","","","","","","","","","","","","","","","B12","","","1","","1","","","49","49","1","6","4","120.659983","24.146949","3"
"8372","66000","387130000C","(04)23274275","(04)23288582","2026","1","20","20","3","臺中市","沙鹿區","0","0","0","7","","","50","","","","","","","","","","","","","","14","","","","","B03","","","1","","1","","","49","49","1","6","4","120.574785","24.226518","3"
"8373","66000","387130000C","(04)23274275","(04)23288582","2026","1","20","20","4","臺中市","西區","0","0","0","7","","","50","","","","","","","","","","","","","","16","","","","","C03","","","1","","2","","","84","84","1","12","4","120.673177","24.14184","3"
"8374","66000","387130000C","(04)23274275","(04)23288582","2026","1","20","20","22","臺中市","北區","0","0","0","7","","","50","","","","","","","","","","","","","","17","","","","","B02","","","1","","2","","","84","84","1","13","4","120.685641","24.160211","3"
"8375","66000","387130000C","(04)23274275","(04)23288582","2026","1","20","20","32","臺中市","西屯區","0","0","0","7","","","50","","","","","","","","","","","","","","23","","","","","B03","","","1","","2","","","59","59","1","12","4","120.633739","24.161616","3"
"8376","66000","387130000C","(04)23274275","(04)23288582","2026","1","20","20","34","臺中市","北屯區","0","1","0","7","1","6","50","4","2","1","5","4","6","6","2","1","1","2","5","2","12","3","10","3","1","B03","7","1","1","8","2","8","","51","51","1","12","4","120.685494","24.173358","2"
"8377","66000","387130000C","(04)23274275","(04)23288582","2026","1","20","20","45","臺中市","大里區","0","1","0","7","1","6","40","13","9","1","5","4","6","6","4","4","10","5","4","1","17","2","9","2","1","C03","7","5","1","10","2","11","14","59","59","1","12","4","120.671194","24.101376","2"
"8378","66000","387130000C","(04)23274275","(04)23288582","2026","1","20","20","47","臺中市","西屯區","0","0","0","7","","","50","","","","","","","","","","","","","","14","","","","","B03","","","1","","9","","","49","49","1","13","4","120.612639","24.190503","3"
"8379","66000","387130000C","(04)23274275","(04)23288582","2026","1","20","20","47","臺中市","大里區","0","1","0","7","1","6","50","3","1","1","5","4","6","6","1","1","5","5","5","1","16","2","9","1","1","C03","7","9","1","10","2","14","","85","85","1","12","4","120.686426","24.088584","2"
"8380","66000","387130000C","(04)23274275","(04)23288582","2026","1","20","20","55","臺中市","北區","0","1","0","7","1","6","50","4","1","1","5","4","6","6","2","1","5","5","5","2","17","3","10","3","1","B03","7","6","1","8","2","8","","11","11","1","12","4","120.682344","24.163038","2"
"8381","66000","387130000C","(04)23274275","(04)23288582","2026","1","20","21","0","臺中市","烏日區","0","0","0","7","","","50","","","","","","","","","","","","","","9","","","","","B12","","","1","","2","","","51","51","1","6","4","120.640909","24.108769","3"
"8382","66000","387130000C","(04)23274275","(04)23288582","2026","1","20","21","2","臺中市","東區","0","0","0","7","","","50","","","","","","","","","","","","","","14","","","","","B03","","","1","","1","","","49","49","1","6","4","120.710114","24.149613","3"
"8383","66000","387130000C","(04)23274275","(04)23288582","2026","1","20","21","10","臺中市","大甲區","0","2","0","7","1","6","50","4","9","1","5","4","6","6","4","4","6","3","5","1","10","2","9","1","1","C03","7","9","1","10","2","12","","15","15","1","12","4","120.654711","24.398409","2"
"8384","66000","387130000C","(04)23274275","(04)23288582","2026","1","20","21","13","臺中市","北區","0","0","0","7","","","30","","","","","","","","","","","","","","17","","","","","B03","","","1","","2","","","12","12","1","13","4","120.678292","24.162691","3"
"8385","66000","387130000C","(04)23274275","(04)23288582","2026","1","20","21","15","臺中市","北屯區","0","0","0","7","","","30","","","","","","","","","","","","","","17","","","","","B03","","","1","","2","","","47","47","1","6","4","120.702556","24.169784","4"
"8386","66000","387130000C","(04)23274275","(04)23288582","2026","1","20","21","17","臺中市","沙鹿區","0","0","0","6","","","50","","","","","","","","","","","","","","","","","","","C03","","","1","","2","","","82","82","1","13","4","120.565059","24.242953","3"
"8387","66000","387130000C","(04)23274275","(04)23288582","2026","1","20","21","22","臺中市","西屯區","0","1","0","7","1","6","50","3","1","1","5","4","6","6","1","1","10","5","5","2","15","3","10","5","4","B03","7","9","1","8","2","2","","21","21","1","12","4","120.59745","24.191535","2"
"8388","66000","387130000C","(04)23274275","(04)23288582","2026","1","20","21","25","臺中市","大雅區","0","1","0","6","1","6","50","13","7","1","5","4","6","6","1","1","5","5","4","1","13","2","8","1","1","C03","7","9","1","10","2","11","","7","7","1","13","4","120.649756","24.222744","2"
"8389","66000","387130000C","(04)23274275","(04)23288582","2026","1","20","21","25","臺中市","北區","0","0","0","7","","","50","","","","","","","","","","","","","","13","","","","","C03","","","1","","1","","","84","84","1","13","4","120.680207","24.162978","3"
"8390","66000","387130000C","(04)23274275","(04)23288582","2026","1","20","21","26","臺中市","西屯區","0","0","0","7","","","30","","","","","","","","","","","","","","12","","","","","C03","","","1","","2","","","47","47","1","13","4","120.615849","24.188398","3"
"8391","66000","387130000C","(04)23274275","(04)23288582","2026","1","20","21","27","臺中市","北區","0","0","0","7","","","50","","","","","","","","","","","","","","13","","","","","B03","","","1","","2","","","84","84","1","13","4","120.671317","24.173709","3"
"8392","66000","387130000C","(04)23274275","(04)23288582","2026","1","20","21","27","臺中市","東區","0","1","0","7","1","6","50","4","2","1","5","4","6","6","1","1","9","4","4","2","17","2","9","1","1","C03","7","9","1","10","2","11","","7","7","1","12","4","120.694236","24.147901","2"
"8393","66000","387130000C","(04)23274275","(04)23288582","2026","1","20","21","28","臺中市","大肚區","0","2","0","7","1","6","50","4","19","1","5","4","6","6","2","1","10","5","5","2","3","2","9","5","4","C03","7","9","1","10","2","14","","10","10","1","6","4","120.580582","24.172767","2"
"8394","66000","387130000C","(04)23274275","(04)23288582","2026","1","20","21","35","臺中市","北區","0","0","0","7","","","50","","","","","","","","","","","","","","17","","","","","B03","","","1","","1","","","20","20","1","12","4","120.682998","24.145698","3"
"8395","66000","387130000C","(04)23274275","(04)23288582","2026","1","20","21","37","臺中市","南區","0","1","0","7","1","6","50","4","2","1","5","4","6","6","4","4","10","5","5","2","17","2","9","2","1","C03","7","1","1","10","2","11","","51","51","1","13","4","120.666721","24.115378","2"
"8396","66000","387130000C","(04)23274275","(04)23288582","2026","1","20","21","38","臺中市","北區","0","2","0","7","1","6","50","4","2","1","5","4","6","6","2","1","10","5","5","2","13","2","9","2","1","C03","7","9","1","10","2","14","","84","84","1","13","4","120.673363","24.166871","2"