序號,縣市別代碼,機關代碼,市話,傳真,年,月,日,時,分,縣市,區,死亡數量,受傷數量,2-30,天候,道路照明設備,道路類別,道路速限,道路型態,事故位置,路面鋪裝,路面狀態,路面缺陷,障礙物,視距,號誌種類,號誌動作,分向設施,快車道或一般車道間,快慢車道間,路面邊線,事故類型及型態,受傷程度,主要傷處,保護裝備,行動電話或功能裝置,當事者區分(類別),車輛用途,當事者行動狀態,駕照狀態,駕照種類,飲酒情形,車輛撞擊部位最初,車輛撞擊部位其他,肇事因素個別,肇事因素主要,肇事逃逸,職業,共享經濟或外送平台,GPS座標X,GPS座標Y,事故類別
"8397","66000","387130000C","(04)23274275","(04)23288582","2026","1","20","21","47","臺中市","北屯區","0","1","0","7","1","6","50","4","1","1","5","4","6","6","2","1","10","5","5","2","13","3","10","2","1","C03","7","9","1","10","1","11","","7","7","1","13","4","120.699012","24.160703","2"
"8398","66000","387130000C","(04)23274275","(04)23288582","2026","1","20","21","48","臺中市","西屯區","0","0","0","7","","","30","","","","","","","","","","","","","","14","","","","","B03","","","1","","1","","","49","49","1","13","4","120.634344","24.194165","3"
"8399","66000","387130000C","(04)23274275","(04)23288582","2026","1","20","21","50","臺中市","大里區","0","0","0","7","","","30","","","","","","","","","","","","","","17","","","","","B01","","","1","","2","","","58","58","1","6","4","120.728909","24.090471","3"
"8400","66000","387130000C","(04)23274275","(04)23288582","2026","1","20","21","57","臺中市","潭子區","0","0","0","7","","","50","","","","","","","","","","","","","","","","","","","B03","","","1","","2","","","59","59","1","13","4","120.722591","24.204246","3"
"8401","66000","387130000C","(04)23274275","(04)23288582","2026","1","20","22","2","臺中市","西屯區","0","1","0","7","1","6","30","13","9","1","5","4","6","6","4","4","10","5","5","2","11","3","10","5","4","B02","7","9","1","8","2","4","","8","8","1","13","4","120.644917","24.177659","2"
"8402","66000","387130000C","(04)23274275","(04)23288582","2026","1","20","22","18","臺中市","沙鹿區","0","1","0","6","1","6","30","11","9","1","5","4","6","6","4","4","10","5","5","1","18","2","9","5","4","C03","7","9","1","10","2","12","","84","84","1","13","2","120.593616","24.218255","2"
"8403","66000","387130000C","(04)23274275","(04)23288582","2026","1","20","22","18","臺中市","沙鹿區","0","2","0","7","2","6","50","3","1","1","5","4","6","6","1","1","10","5","5","2","16","2","8","2","1","C01","7","11","1","9","2","11","","20","20","1","6","4","120.578254","24.22197","2"
"8404","66000","387130000C","(04)23274275","(04)23288582","2026","1","20","22","19","臺中市","大里區","0","0","0","6","1","6","50","4","2","1","5","4","6","6","1","1","10","5","5","2","12","","","","","C03","","","1","","2","","","48","48","1","12","4","120.689072","24.119002","3"
"8405","66000","387130000C","(04)23274275","(04)23288582","2026","1","20","22","22","臺中市","潭子區","0","0","0","7","","","30","","","","","","","","","","","","","","9","","","","","B12","","","1","","2","","","7","7","1","13","4","120.709926","24.197052","3"
"8406","66000","387130000C","(04)23274275","(04)23288582","2026","1","20","22","25","臺中市","大里區","0","1","0","7","1","6","50","13","9","1","5","4","6","6","4","4","3","4","5","2","13","2","7","2","1","C03","7","9","1","10","2","11","","7","7","1","12","4","120.679914","24.108733","2"
"8407","66000","387130000C","(04)23274275","(04)23288582","2026","1","20","22","26","臺中市","太平區","0","1","0","7","1","6","50","13","9","1","5","4","6","6","4","4","9","5","5","2","11","3","10","3","1","B03","7","9","1","8","2","4","","39","39","1","12","4","120.720377","24.118842","2"
"8408","66000","387130000C","(04)23274275","(04)23288582","2026","1","20","22","34","臺中市","西屯區","0","0","0","7","","","30","","","","","","","","","","","","","","15","","","","","C03","","","1","","2","","","24","24","1","12","4","120.643753","24.191553","3"
"8409","66000","387130000C","(04)23274275","(04)23288582","2026","1","20","22","45","臺中市","南區","0","0","0","7","","","50","","","","","","","","","","","","","","13","","","","","B03","","","1","","2","","","50","50","1","12","4","120.665787","24.123476","3"
"8410","66000","387130000C","(04)23274275","(04)23288582","2026","1","20","22","45","臺中市","南區","0","1","0","7","1","6","50","4","2","1","5","4","6","6","2","1","5","5","5","2","13","3","10","3","1","B03","7","9","1","8","2","1","","59","59","1","12","4","120.653806","24.113711","2"
"8411","66000","387130000C","(04)23274275","(04)23288582","2026","1","20","22","48","臺中市","太平區","0","1","0","7","1","6","50","13","9","1","5","4","6","6","4","4","5","4","5","2","17","3","10","3","1","B12","7","11","1","8","2","5","","45","45","1","12","4","120.734168","24.148909","2"
"8412","66000","387130000C","(04)23274275","(04)23288582","2026","1","20","22","52","臺中市","南區","0","1","0","7","1","6","50","13","9","1","5","4","6","6","4","4","5","4","5","2","3","3","10","6","5","H01","8","16","7","21","10","16","","97","97","1","6","5","120.657399","24.118383","2"
"8413","66000","387130000C","(04)23274275","(04)23288582","2026","1","20","23","6","臺中市","北區","0","0","0","7","","","50","","","","","","","","","","","","","","16","","","","","C03","","","1","","2","","","48","48","1","12","4","120.677229","24.149313","3"
"8414","66000","387130000C","(04)23274275","(04)23288582","2026","1","20","23","9","臺中市","北屯區","0","0","0","7","","","50","","","","","","","","","","","","","","17","","","","","B03","","","1","","1","","","58","58","1","6","4","120.693572","24.187751","3"
"8415","66000","387130000C","(04)23274275","(04)23288582","2026","1","20","23","20","臺中市","北屯區","0","0","0","7","3","6","30","4","1","1","5","4","6","6","4","4","10","5","5","2","15","","","","","C03","","","3","","2","","","12","12","1","6","4","120.71588","24.172927","3"
"8416","66000","387130000C","(04)23274275","(04)23288582","2026","1","20","23","40","臺中市","南區","0","0","0","7","","","50","","","","","","","","","","","","","","","","","","","C03","","","5","","9","","","84","84","1","6","4","120.669398","24.115814","3"
"8417","66000","387130000C","(04)23274275","(04)23288582","2026","1","21","0","23","臺中市","南區","0","0","0","7","1","6","50","4","1","1","5","4","6","6","2","1","10","5","5","2","18","","","","","C03","","","1","","1","","","84","84","1","13","4","120.670758","24.129381","4"
"8418","66000","387130000C","(04)23274275","(04)23288582","2026","1","21","1","4","臺中市","西屯區","0","0","0","7","","","0","","","","","","","","","","","","","","17","","","","","C03","","","1","","2","","","50","50","1","12","4","120.643291","24.172471","3"
"8419","66000","387130000C","(04)23274275","(04)23288582","2026","1","21","1","23","臺中市","北區","0","0","0","7","","","50","","","","","","","","","","","","","","17","","","","","B03","","","1","","2","","","45","45","1","13","4","120.677744","24.149504","3"
"8420","66000","387130000C","(04)23274275","(04)23288582","2026","1","21","2","14","臺中市","西屯區","0","1","0","7","1","6","50","5","1","1","5","4","6","6","1","1","10","5","5","2","15","3","10","5","4","A12","7","9","1","6","2","7","","21","21","1","12","4","120.665356","24.166801","2"
"8421","66000","387130000C","(04)23274275","(04)23288582","2026","1","21","2","41","臺中市","西屯區","0","1","0","7","1","6","50","4","1","1","5","4","6","6","2","1","10","5","5","2","18","2","9","2","1","C03","7","9","1","10","2","12","","84","84","1","12","4","120.662014","24.165323","2"
"8422","66000","387130000C","(04)23274275","(04)23288582","2026","1","21","4","11","臺中市","南區","0","1","0","7","3","6","40","4","2","1","5","4","6","6","1","1","10","5","5","2","18","2","9","5","4","C03","7","9","1","10","2","15","","84","84","1","12","4","120.659643","24.130145","2"
"8423","66000","387130000C","(04)23274275","(04)23288582","2026","1","21","6","23","臺中市","潭子區","0","3","0","7","3","6","50","4","1","1","5","4","6","6","1","1","3","4","5","2","15","2","9","2","1","C03","7","9","1","10","2","11","14","21","21","1","13","4","120.71058","24.203091","2"
"8424","66000","387130000C","(04)23274275","(04)23288582","2026","1","21","6","23","臺中市","石岡區","0","0","0","7","","","70","","","","","","","","","","","","","","28","","","","","B03","","","1","","2","","","87","87","1","13","4","120.796539","24.270803","3"
"8425","66000","387130000C","(04)23274275","(04)23288582","2026","1","21","6","25","臺中市","龍井區","0","0","0","7","","","60","","","","","","","","","","","","","","","","","","","B03","","","1","","2","","","7","7","1","12","4","120.540133","24.219022","3"
"8426","66000","387130000C","(04)23274275","(04)23288582","2026","1","21","6","30","臺中市","大里區","0","0","0","7","","","","","","","","","","","","","","","","","17","","","","","","","","","","","","","119","119","1","","","120.684452","24.100524","3"
"8427","66000","387130000C","(04)23274275","(04)23288582","2026","1","21","6","32","臺中市","西屯區","0","0","0","7","","","40","","","","","","","","","","","","","","15","","","","","B03","","","1","","1","","","21","21","1","12","4","120.616331","24.182401","3"
"8428","66000","387130000C","(04)23274275","(04)23288582","2026","1","21","6","44","臺中市","太平區","0","0","0","7","","","30","","","","","","","","","","","","","","","","","","","B03","","","1","","2","","","14","14","1","12","4","120.719138","24.150458","3"
"8429","66000","387130000C","(04)23274275","(04)23288582","2026","1","21","6","52","臺中市","沙鹿區","0","0","0","7","","","50","","","","","","","","","","","","","","16","","","","","B03","","","1","","1","","","12","12","1","12","4","120.582176","24.223871","3"
"8430","66000","387130000C","(04)23274275","(04)23288582","2026","1","21","6","54","臺中市","豐原區","0","1","0","7","2","6","50","3","1","1","5","4","6","6","3","1","1","4","5","1","16","2","9","1","1","C03","7","6","3","19","2","11","","48","48","1","12","4","120.709146","24.253373","2"
"8431","66000","387130000C","(04)23274275","(04)23288582","2026","1","21","6","56","臺中市","豐原區","0","1","0","7","2","6","50","4","1","1","5","4","6","6","2","1","5","4","5","1","18","","","","","","","","","","","","","112","112","1","","","120.719906","24.262236","2"
"8432","66000","387130000C","(04)23274275","(04)23288582","2026","1","21","7","0","臺中市","潭子區","0","0","0","7","","3","80","","","","","","","","","","","","","","13","","","","","B03","","","1","","2","","","7","7","1","13","4","120.719734","24.196417","3"
"8433","66000","387130000C","(04)23274275","(04)23288582","2026","1","21","7","0","臺中市","沙鹿區","0","0","0","7","","","50","","","","","","","","","","","","","","13","","","","","B03","","","1","","2","","","7","7","1","6","4","120.567291","24.2035","3"
"8434","66000","387130000C","(04)23274275","(04)23288582","2026","1","21","7","16","臺中市","龍井區","0","0","0","7","","","50","","","","","","","","","","","","","","13","","","","","B03","","","1","","1","","","7","7","1","6","4","120.582611","24.175435","3"
"8435","66000","387130000C","(04)23274275","(04)23288582","2026","1","21","7","18","臺中市","西區","0","0","0","7","","","50","","","","","","","","","","","","","","13","","","","","B03","","","1","","1","","","59","59","1","13","4","120.657003","24.136563","3"
"8436","66000","387130000C","(04)23274275","(04)23288582","2026","1","21","7","19","臺中市","北區","0","2","0","7","2","6","50","4","1","1","5","4","6","6","2","1","10","5","5","2","16","2","9","1","1","C03","7","6","1","10","2","11","","23","23","1","12","4","120.676077","24.17345","2"
"8437","66000","387130000C","(04)23274275","(04)23288582","2026","1","21","7","19","臺中市","大里區","0","0","0","7","2","6","50","13","8","1","5","4","6","6","4","4","5","4","4","1","17","3","10","3","1","B03","7","2","1","8","2","7","","49","49","1","13","4","120.706802","24.095246","3"
"8438","66000","387130000C","(04)23274275","(04)23288582","2026","1","21","7","20","臺中市","潭子區","0","1","0","7","3","6","60","4","1","1","5","4","6","6","1","1","1","4","5","1","17","2","8","2","1","C03","7","9","1","8","2","11","","7","7","1","13","4","120.70359","24.201162","2"
"8439","66000","387130000C","(04)23274275","(04)23288582","2026","1","21","7","20","臺中市","沙鹿區","0","1","0","7","2","6","50","3","1","1","5","4","6","6","1","1","1","4","4","1","30","2","9","1","1","C03","7","9","1","10","2","11","","87","87","1","12","4","120.575492","24.252008","2"
"8440","66000","387130000C","(04)23274275","(04)23288582","2026","1","21","7","21","臺中市","南屯區","0","0","0","7","3","6","40","13","9","1","5","4","6","6","4","4","5","5","4","2","14","","","","","B03","","","1","","1","","","49","49","1","12","4","120.626197","24.113752","3"
"8441","66000","387130000C","(04)23274275","(04)23288582","2026","1","21","7","22","臺中市","潭子區","0","0","0","7","","","40","","","","","","","","","","","","","","17","","","","","B03","","","1","","2","","","50","50","1","13","4","120.702869","24.198606","3"
"8442","66000","387130000C","(04)23274275","(04)23288582","2026","1","21","7","23","臺中市","清水區","0","0","0","7","","","50","","","","","","","","","","","","","","","","","","","C03","","","1","","1","","","23","23","1","12","4","120.562111","24.269338","3"
"8443","66000","387130000C","(04)23274275","(04)23288582","2026","1","21","7","33","臺中市","太平區","0","1","0","7","3","6","50","13","9","1","5","4","6","6","4","4","5","2","5","2","17","2","9","1","1","C03","7","9","1","10","2","12","","84","84","1","12","4","120.724226","24.139153","2"
"8444","66000","387130000C","(04)23274275","(04)23288582","2026","1","21","7","36","臺中市","霧峰區","0","0","0","7","","","","","","","","","","","","","","","","","30","","","","","","","","","","","","","119","119","1","","","120.678953","24.063402","3"
"8445","66000","387130000C","(04)23274275","(04)23288582","2026","1","21","7","40","臺中市","北屯區","0","0","0","7","","","50","","","","","","","","","","","","","","14","","","","","B03","","","1","","1","","","49","49","1","12","4","120.716805","24.167637","3"
"8446","66000","387130000C","(04)23274275","(04)23288582","2026","1","21","7","41","臺中市","龍井區","0","1","0","7","2","6","70","4","1","1","5","4","6","6","4","4","1","4","3","1","16","3","10","3","1","B03","7","6","1","8","2","3","","14","14","1","12","4","120.50744","24.20178","2"
"8447","66000","387130000C","(04)23274275","(04)23288582","2026","1","21","7","41","臺中市","烏日區","0","0","0","7","2","6","60","3","1","1","5","4","6","6","1","1","1","4","5","1","13","3","10","1","1","C03","7","9","1","10","1","11","","84","84","1","6","4","120.645726","24.110034","3"
"8448","66000","387130000C","(04)23274275","(04)23288582","2026","1","21","7","43","臺中市","潭子區","0","0","0","7","","","50","","","","","","","","","","","","","","","","","","","B01","","","1","","2","","","84","84","1","13","4","120.699426","24.215539","3"
"8449","66000","387130000C","(04)23274275","(04)23288582","2026","1","21","7","43","臺中市","南屯區","0","1","0","7","2","6","50","11","9","1","5","4","6","6","4","4","1","4","5","2","13","3","10","1","1","C03","7","9","1","10","1","11","","59","59","1","12","4","120.61603","24.146665","2"
"8450","66000","387130000C","(04)23274275","(04)23288582","2026","1","21","7","45","臺中市","太平區","0","1","0","7","3","6","30","3","1","1","5","4","6","6","4","4","10","5","5","2","16","3","10","1","1","C03","7","1","1","10","1","11","","51","51","1","12","4","120.722851","24.123712","2"
"8451","66000","387130000C","(04)23274275","(04)23288582","2026","1","21","7","45","臺中市","梧棲區","0","1","0","7","2","6","60","13","9","1","5","4","6","6","4","4","1","4","5","1","17","2","9","1","1","C03","7","9","1","10","2","11","","7","7","1","12","4","120.534861","24.247105","2"
"8452","66000","387130000C","(04)23274275","(04)23288582","2026","1","21","7","46","臺中市","西區","0","2","0","7","1","6","50","13","9","1","5","4","6","6","1","1","3","4","5","2","17","2","9","5","4","C03","7","9","1","10","2","11","","84","84","1","12","4","120.671296","24.145317","2"
"8453","66000","387130000C","(04)23274275","(04)23288582","2026","1","21","7","46","臺中市","后里區","0","1","0","7","3","6","30","3","1","1","5","4","6","6","4","4","10","5","5","2","16","3","10","3","1","B03","7","6","1","8","2","4","","20","20","1","6","4","120.680184","24.313566","2"
"8454","66000","387130000C","(04)23274275","(04)23288582","2026","1","21","7","46","臺中市","大甲區","0","0","0","7","","","50","","","","","","","","","","","","","","16","","","","","F03","","","7","","2","","","1","1","1","6","4","120.636268","24.363922","3"
"8455","66000","387130000C","(04)23274275","(04)23288582","2026","1","21","7","48","臺中市","西屯區","0","1","0","7","2","6","50","4","9","1","5","4","6","6","2","1","1","4","5","2","13","2","9","5","4","C03","7","9","1","10","2","11","","84","84","1","12","4","120.662752","24.171977","2"
"8456","66000","387130000C","(04)23274275","(04)23288582","2026","1","21","7","48","臺中市","大里區","0","0","0","7","","","50","","","","","","","","","","","","","","","","","","","C03","","","1","","2","","","51","51","1","12","4","120.679431","24.102807","3"
"8457","66000","387130000C","(04)23274275","(04)23288582","2026","1","21","7","49","臺中市","南屯區","0","1","0","7","3","6","50","13","7","1","5","4","6","6","4","4","1","4","4","2","12","3","10","3","1","B03","7","8","1","8","9","7","","40","40","2","13","4","120.625744","24.145015","2"
"8458","66000","387130000C","(04)23274275","(04)23288582","2026","1","21","7","49","臺中市","大里區","0","0","0","7","","","50","","","","","","","","","","","","","","13","","","","","C03","","","1","","2","","","7","7","1","12","4","120.67964","24.114918","3"
"8459","66000","387130000C","(04)23274275","(04)23288582","2026","1","21","7","50","臺中市","大肚區","0","1","0","7","2","6","50","4","1","1","5","4","6","6","1","1","10","5","5","2","9","3","10","1","1","C03","7","9","1","10","2","11","","85","85","1","6","4","120.530981","24.169679","2"
"8460","66000","387130000C","(04)23274275","(04)23288582","2026","1","21","7","53","臺中市","龍井區","0","0","0","7","","","60","","","","","","","","","","","","","","","","","","","B03","","","1","","1","","","7","7","1","12","4","120.535171","24.220193","3"
"8461","66000","387130000C","(04)23274275","(04)23288582","2026","1","21","7","55","臺中市","西屯區","0","0","0","7","","","50","","","","","","","","","","","","","","13","","","","","C03","","","1","","1","","","7","7","1","13","4","120.606647","24.161259","3"
"8462","66000","387130000C","(04)23274275","(04)23288582","2026","1","21","7","56","臺中市","西屯區","0","2","0","7","2","6","40","3","1","1","5","4","6","6","2","1","10","5","5","2","13","2","8","1","1","C03","7","9","1","10","2","11","","7","7","1","13","4","120.653516","24.203442","2"
"8463","66000","387130000C","(04)23274275","(04)23288582","2026","1","21","7","56","臺中市","大里區","0","1","0","7","2","6","30","3","2","1","5","4","6","6","4","4","10","5","5","2","17","2","9","1","1","C03","7","4","1","10","2","12","","1","1","1","13","4","120.709326","24.099549","2"
"8464","66000","387130000C","(04)23274275","(04)23288582","2026","1","21","7","56","臺中市","大肚區","0","0","0","7","","","50","","","","","","","","","","","","","","13","","","","","C03","","","1","","2","","","7","7","1","6","4","120.579044","24.168673","3"
"8465","66000","387130000C","(04)23274275","(04)23288582","2026","1","21","7","56","臺中市","大甲區","0","2","0","7","2","6","50","4","1","1","5","4","6","6","4","4","10","5","5","2","15","3","10","3","1","B03","7","9","1","8","2","2","","15","15","1","6","4","120.658898","24.397088","2"
"8466","66000","387130000C","(04)23274275","(04)23288582","2026","1","21","7","57","臺中市","北屯區","0","1","0","7","1","6","50","4","2","1","5","4","6","6","3","1","9","4","5","2","15","2","8","1","1","C03","7","9","1","10","2","11","","24","24","1","13","4","120.683326","24.197126","2"
"8467","66000","387130000C","(04)23274275","(04)23288582","2026","1","21","7","58","臺中市","潭子區","0","0","0","7","","","50","","","","","","","","","","","","","","13","","","","","C03","","","1","","1","","","7","7","1","13","4","120.700653","24.21104","3"
"8468","66000","387130000C","(04)23274275","(04)23288582","2026","1","21","7","58","臺中市","烏日區","0","1","0","7","2","6","50","13","9","1","5","4","6","6","4","4","5","5","5","1","17","3","10","2","1","C03","7","11","1","10","2","16","","39","39","1","6","4","120.639821","24.11242","2"
"8469","66000","387130000C","(04)23274275","(04)23288582","2026","1","21","7","58","臺中市","豐原區","0","0","0","7","","","50","","","","","","","","","","","","","","13","","","","","C03","","","1","","1","","","58","58","1","13","4","120.745082","24.254974","3"
"8470","66000","387130000C","(04)23274275","(04)23288582","2026","1","21","8","2","臺中市","西屯區","0","2","0","7","2","6","50","4","1","1","5","4","6","6","1","1","10","5","5","2","16","3","10","5","4","B03","7","5","1","8","2","6","2","84","84","1","12","4","120.617398","24.185323","2"
"8471","66000","387130000C","(04)23274275","(04)23288582","2026","1","21","8","2","臺中市","神岡區","0","0","0","7","2","6","50","13","24","1","5","4","6","6","4","4","4","4","5","1","17","3","10","6","1","B12","7","15","1","8","1","2","2","8","8","1","6","4","120.697002","24.235787","3"
"8472","66000","387130000C","(04)23274275","(04)23288582","2026","1","21","8","7","臺中市","北屯區","0","0","0","7","","","50","","","","","","","","","","","","","","13","","","","","B03","","","1","","1","","","7","7","1","6","4","120.699876","24.164972","4"
"8473","66000","387130000C","(04)23274275","(04)23288582","2026","1","21","8","9","臺中市","南屯區","0","1","0","7","3","6","50","13","8","1","5","4","6","6","4","4","5","4","4","2","16","3","10","3","1","B03","7","7","1","8","2","2","","40","40","1","6","4","120.6332","24.14018","2"
"8474","66000","387130000C","(04)23274275","(04)23288582","2026","1","21","8","11","臺中市","西屯區","0","1","0","7","2","6","50","13","9","1","5","4","6","6","4","4","1","3","4","1","13","2","9","2","1","C03","7","9","1","10","2","13","","84","84","1","12","4","120.656251","24.176019","2"
"8475","66000","387130000C","(04)23274275","(04)23288582","2026","1","21","8","12","臺中市","太平區","0","1","0","7","3","6","50","3","2","1","5","4","6","6","1","1","5","2","4","1","17","3","10","3","1","B12","7","9","1","8","2","6","","21","21","1","12","4","120.728795","24.096443","2"
"8476","66000","387130000C","(04)23274275","(04)23288582","2026","1","21","8","13","臺中市","西屯區","0","1","0","7","2","6","50","3","1","1","5","4","6","6","4","4","10","5","5","2","10","3","10","2","4","C03","7","15","1","10","2","11","","39","39","1","13","4","120.661203","24.172937","2"
"8477","66000","387130000C","(04)23274275","(04)23288582","2026","1","21","8","14","臺中市","北屯區","0","0","0","7","","3","80","","","","","","","","","","","","","","13","","","","","B13","","","1","","2","","","59","59","1","6","4","120.722407","24.187892","3"
"8478","66000","387130000C","(04)23274275","(04)23288582","2026","1","21","8","14","臺中市","西屯區","0","1","0","7","2","6","50","13","9","1","5","4","6","6","4","4","9","4","5","2","16","3","10","5","4","B03","7","5","1","8","2","2","","42","42","1","12","4","120.639529","24.159722","2"
"8479","66000","387130000C","(04)23274275","(04)23288582","2026","1","21","8","15","臺中市","北區","0","0","0","7","","","50","","","","","","","","","","","","","","17","","","","","B03","","","1","","2","","","58","58","1","13","4","120.698983","24.159825","3"
"8480","66000","387130000C","(04)23274275","(04)23288582","2026","1","21","8","17","臺中市","大里區","0","1","0","7","3","6","60","13","7","1","5","4","6","6","4","4","1","4","4","1","13","3","10","3","1","B03","7","9","1","8","2","1","","59","59","1","12","4","120.675705","24.103255","2"
"8481","66000","387130000C","(04)23274275","(04)23288582","2026","1","21","8","17","臺中市","霧峰區","0","1","0","7","2","6","50","4","1","1","5","4","6","6","1","1","10","5","5","2","16","3","10","3","1","B03","7","6","1","8","2","8","","11","11","1","6","4","120.698107","24.059384","2"
"8482","66000","387130000C","(04)23274275","(04)23288582","2026","1","21","8","17","臺中市","神岡區","0","0","0","7","","","50","","","","","","","","","","","","","","17","","","","","C03","","","1","","1","","","14","14","1","13","4","120.679543","24.242235","3"
"8483","66000","387130000C","(04)23274275","(04)23288582","2026","1","21","8","17","臺中市","豐原區","0","0","0","7","","","50","","","","","","","","","","","","","","17","","","","","B03","","","1","","1","","","40","40","1","12","4","120.720405","24.233738","3"
"8484","66000","387130000C","(04)23274275","(04)23288582","2026","1","21","8","19","臺中市","北屯區","0","0","0","7","","","60","","","","","","","","","","","","","","13","","","","","B02","","","1","","1","","","84","84","1","12","4","120.720795","24.163109","3"
"8485","66000","387130000C","(04)23274275","(04)23288582","2026","1","21","8","20","臺中市","龍井區","0","1","0","7","2","6","30","3","2","1","5","4","6","6","4","4","5","2","5","1","17","2","8","2","1","C03","7","6","1","10","2","11","","15","15","1","12","4","120.566229","24.189551","2"
"8486","66000","387130000C","(04)23274275","(04)23288582","2026","1","21","8","23","臺中市","西屯區","0","2","0","7","2","6","50","4","7","1","5","3","6","6","2","1","5","5","4","2","13","2","9","1","1","C03","7","9","1","10","2","11","","84","84","1","13","4","120.643345","24.178426","2"
"8487","66000","387130000C","(04)23274275","(04)23288582","2026","1","21","8","23","臺中市","后里區","0","0","0","7","","","50","","","","","","","","","","","","","","14","","","","","B03","","","1","","9","","","49","49","2","12","4","120.716853","24.308309","3"
"8488","66000","387130000C","(04)23274275","(04)23288582","2026","1","21","8","24","臺中市","潭子區","0","0","0","7","","","50","","","","","","","","","","","","","","","","","","","B03","","","1","","2","","","84","84","1","13","4","120.679441","24.205899","3"
"8489","66000","387130000C","(04)23274275","(04)23288582","2026","1","21","8","24","臺中市","大甲區","0","0","0","7","","","50","","","","","","","","","","","","","","13","","","","","B03","","","1","","2","","","7","7","1","12","4","120.648316","24.376122","3"
"8490","66000","387130000C","(04)23274275","(04)23288582","2026","1","21","8","25","臺中市","大雅區","0","1","0","7","2","6","50","13","9","1","5","4","6","6","4","4","5","5","5","1","17","3","10","3","1","A11","7","13","1","3","9","16","","73","73","1","12","4","120.64415","24.224387","2"
"8491","66000","387130000C","(04)23274275","(04)23288582","2026","1","21","8","26","臺中市","大里區","0","0","0","7","","","50","","","","","","","","","","","","","","","","","","","","","","","","","","","85","85","1","","","120.680451","24.095823","4"
"8492","66000","387130000C","(04)23274275","(04)23288582","2026","1","21","8","28","臺中市","南屯區","0","1","0","7","3","6","50","4","1","1","5","4","6","6","1","1","10","5","5","2","16","3","10","3","1","B01","7","5","1","4","2","2","","84","84","1","13","4","120.653249","24.127371","2"
"8493","66000","387130000C","(04)23274275","(04)23288582","2026","1","21","8","29","臺中市","北屯區","0","0","0","7","","","50","","","","","","","","","","","","","","12","","","","","B03","","","1","","1","","","40","40","1","12","4","120.721535","24.179816","3"
"8494","66000","387130000C","(04)23274275","(04)23288582","2026","1","21","8","30","臺中市","北區","0","1","0","7","3","6","50","5","1","1","5","4","6","6","2","1","1","4","5","2","17","2","8","1","1","C03","7","5","1","10","2","13","","39","39","1","12","4","120.686082","24.154725","2"
"8495","66000","387130000C","(04)23274275","(04)23288582","2026","1","21","8","32","臺中市","西屯區","0","2","0","7","2","6","50","4","1","1","5","4","6","6","2","1","10","5","5","2","12","3","10","5","4","C03","7","9","1","9","2","11","","43","43","1","13","4","120.65493","24.20005","2"
"8496","66000","387130000C","(04)23274275","(04)23288582","2026","1","21","8","35","臺中市","南區","0","0","0","7","","","50","","","","","","","","","","","","","","17","","","","","B03","","","1","","2","","","84","84","1","6","4","120.668518","24.128606","3"
"8497","66000","387130000C","(04)23274275","(04)23288582","2026","1","21","8","35","臺中市","西屯區","0","1","0","7","2","6","50","3","1","1","5","4","6","6","4","4","10","5","5","2","16","3","10","5","4","B03","7","6","1","8","1","8","1","12","12","1","12","4","120.635438","24.176913","2"
"8498","66000","387130000C","(04)23274275","(04)23288582","2026","1","21","8","38","臺中市","西區","0","1","0","7","2","6","30","13","9","1","5","4","6","6","4","4","5","5","5","2","9","3","10","1","1","F03","7","9","7","21","2","11","","4","4","1","12","4","120.658812","24.147533","2"
"8499","66000","387130000C","(04)23274275","(04)23288582","2026","1","21","8","38","臺中市","西屯區","0","1","0","7","2","6","50","13","9","1","5","4","6","6","4","4","1","3","5","2","13","3","10","3","4","B03","7","9","1","8","2","5","","90","90","1","12","4","120.624125","24.182625","2"
"8500","66000","387130000C","(04)23274275","(04)23288582","2026","1","21","8","38","臺中市","烏日區","0","1","0","7","2","6","40","3","2","1","5","4","6","6","1","1","1","4","3","1","13","2","9","5","4","C03","7","7","1","10","2","11","","84","84","1","12","4","120.618916","24.102722","2"
"8501","66000","387130000C","(04)23274275","(04)23288582","2026","1","21","8","39","臺中市","西區","0","1","0","7","2","6","50","3","2","1","5","4","6","6","4","4","5","5","4","1","17","3","10","3","1","B03","7","6","1","8","2","1","","14","14","1","13","4","120.664483","24.132164","2"
"8502","66000","387130000C","(04)23274275","(04)23288582","2026","1","21","8","43","臺中市","北區","0","1","0","7","2","6","50","4","1","1","5","4","6","6","1","1","10","5","5","2","13","2","8","1","1","C03","7","9","1","10","2","11","","59","59","1","12","4","120.686728","24.162828","2"
"8503","66000","387130000C","(04)23274275","(04)23288582","2026","1","21","8","43","臺中市","太平區","0","0","0","7","","3","80","","","","","","","","","","","","","","17","","","","","B03","","","1","","1","","","7","7","1","12","4","120.71735","24.156297","3"
"8504","66000","387130000C","(04)23274275","(04)23288582","2026","1","21","8","44","臺中市","西屯區","0","2","0","7","2","6","0","13","9","1","5","4","6","6","4","4","5","5","5","2","3","2","9","6","5","H01","8","16","7","21","10","17","","95","95","1","13","5","120.648386","24.171139","2"
"8505","66000","387130000C","(04)23274275","(04)23288582","2026","1","21","8","45","臺中市","龍井區","0","0","0","7","","","30","","","","","","","","","","","","","","15","","","","","B01","","","1","","1","","","20","20","1","6","4","120.59413","24.190752","3"
"8506","66000","387130000C","(04)23274275","(04)23288582","2026","1","21","8","47","臺中市","北區","0","2","0","7","2","6","50","4","1","1","5","4","6","6","4","4","5","4","5","2","16","3","10","3","1","B03","7","11","1","8","2","1","","45","45","1","13","4","120.665016","24.160835","2"