序號,縣市別代碼,機關代碼,市話,傳真,年,月,日,時,分,縣市,區,死亡數量,受傷數量,2-30,天候,道路照明設備,道路類別,道路速限,道路型態,事故位置,路面鋪裝,路面狀態,路面缺陷,障礙物,視距,號誌種類,號誌動作,分向設施,快車道或一般車道間,快慢車道間,路面邊線,事故類型及型態,受傷程度,主要傷處,保護裝備,行動電話或功能裝置,當事者區分(類別),車輛用途,當事者行動狀態,駕照狀態,駕照種類,飲酒情形,車輛撞擊部位最初,車輛撞擊部位其他,肇事因素個別,肇事因素主要,肇事逃逸,職業,共享經濟或外送平台,GPS座標X,GPS座標Y,事故類別
"8507","66000","387130000C","(04)23274275","(04)23288582","2026","1","21","8","49","臺中市","南屯區","0","2","0","7","2","6","50","4","1","1","5","4","6","6","1","1","10","5","5","2","17","2","7","1","1","C03","7","8","1","10","2","14","","40","40","1","12","4","120.652946","24.141767","2"
"8508","66000","387130000C","(04)23274275","(04)23288582","2026","1","21","8","50","臺中市","大里區","0","0","0","7","","","60","","","","","","","","","","","","","","12","","","","","A12","","","1","","2","","","40","40","1","12","4","120.681344","24.088854","3"
"8509","66000","387130000C","(04)23274275","(04)23288582","2026","1","21","8","51","臺中市","太平區","0","0","0","7","","","50","","","","","","","","","","","","","","12","","","","","B03","","","1","","1","","","40","40","1","12","4","120.712699","24.145395","3"
"8510","66000","387130000C","(04)23274275","(04)23288582","2026","1","21","8","52","臺中市","北區","0","1","0","7","2","6","50","4","1","1","5","4","6","6","4","4","10","5","5","2","16","3","10","1","1","C03","7","6","1","10","2","14","","84","84","1","12","4","120.6851","24.149506","2"
"8511","66000","387130000C","(04)23274275","(04)23288582","2026","1","21","8","53","臺中市","南屯區","0","0","0","7","","","50","","","","","","","","","","","","","","","","","","","C03","","","1","","1","","","59","59","1","12","4","120.623141","24.145201","3"
"8512","66000","387130000C","(04)23274275","(04)23288582","2026","1","21","8","53","臺中市","南屯區","0","1","0","7","3","6","50","4","1","1","5","4","6","6","2","1","10","5","5","2","13","2","4","1","1","C03","7","9","1","10","1","11","","7","7","1","6","4","120.637136","24.146937","2"
"8513","66000","387130000C","(04)23274275","(04)23288582","2026","1","21","8","53","臺中市","西屯區","0","0","0","7","","","30","","","","","","","","","","","","","","10","","","","","B03","","","1","","1","","","59","59","1","12","4","120.660556","24.199614","3"
"8514","66000","387130000C","(04)23274275","(04)23288582","2026","1","21","8","54","臺中市","西區","0","0","0","7","","","50","","","","","","","","","","","","","","14","","","","","B03","","","1","","1","","","59","59","1","13","4","120.660874","24.140101","3"
"8515","66000","387130000C","(04)23274275","(04)23288582","2026","1","21","8","58","臺中市","沙鹿區","0","0","0","7","","","50","","","","","","","","","","","","","","13","","","","","B03","","","1","","2","","","7","7","1","6","4","120.563373","24.237614","3"
"8516","66000","387130000C","(04)23274275","(04)23288582","2026","1","21","9","1","臺中市","北屯區","0","1","0","7","1","6","50","13","9","1","5","4","6","6","4","4","3","4","5","2","12","3","10","3","1","B12","7","9","1","8","2","2","","84","84","1","13","4","120.686546","24.172227","2"
"8517","66000","387130000C","(04)23274275","(04)23288582","2026","1","21","9","2","臺中市","大里區","0","2","0","7","2","6","40","3","1","1","5","4","6","6","1","1","10","5","5","2","16","2","9","2","1","C04","7","6","1","10","2","14","","48","48","1","6","4","120.704494","24.095807","2"
"8518","66000","387130000C","(04)23274275","(04)23288582","2026","1","21","9","3","臺中市","潭子區","0","1","0","7","3","6","80","13","9","1","5","4","6","6","4","4","1","4","5","1","13","3","10","3","1","B03","7","9","1","8","2","1","","87","87","1","13","4","120.709739","24.200514","2"
"8519","66000","387130000C","(04)23274275","(04)23288582","2026","1","21","9","4","臺中市","西屯區","0","3","0","7","2","6","40","4","4","1","5","4","6","6","2","1","1","4","1","2","13","2","8","1","1","C03","7","9","1","10","2","11","","7","7","1","13","4","120.650029","24.162601","2"
"8520","66000","387130000C","(04)23274275","(04)23288582","2026","1","21","9","8","臺中市","西區","0","1","0","7","1","6","50","3","1","1","5","4","6","6","4","4","10","5","5","2","17","3","10","5","4","B01","7","5","1","4","2","1","","84","84","1","12","4","120.661751","24.156199","2"
"8521","66000","387130000C","(04)23274275","(04)23288582","2026","1","21","9","8","臺中市","龍井區","0","0","0","7","","","50","","","","","","","","","","","","","","8","","","","","B03","","","1","","1","","","50","50","1","13","4","120.548606","24.204132","3"
"8522","66000","387130000C","(04)23274275","(04)23288582","2026","1","21","9","8","臺中市","豐原區","0","0","0","7","","","50","","","","","","","","","","","","","","13","","","","","B03","","","1","","2","","","84","84","1","12","4","120.736317","24.272623","4"
"8523","66000","387130000C","(04)23274275","(04)23288582","2026","1","21","9","14","臺中市","北區","0","0","0","7","","","50","","","","","","","","","","","","","","","","","","","C03","","","1","","2","","","50","50","1","12","4","120.678522","24.161659","3"
"8524","66000","387130000C","(04)23274275","(04)23288582","2026","1","21","9","14","臺中市","北屯區","0","1","0","7","2","6","50","13","9","1","5","4","1","6","4","4","1","3","5","2","18","2","9","2","1","C03","7","9","1","10","2","12","","8","8","1","12","4","120.686545","24.19942","2"
"8525","66000","387130000C","(04)23274275","(04)23288582","2026","1","21","9","18","臺中市","北區","0","0","0","7","","","50","","","","","","","","","","","","","","13","","","","","B01","","","1","","2","","","84","84","1","13","4","120.682376","24.151759","3"
"8526","66000","387130000C","(04)23274275","(04)23288582","2026","1","21","9","18","臺中市","大肚區","0","1","0","7","2","6","30","4","1","1","5","4","6","6","4","4","10","5","5","2","15","2","9","1","1","C03","7","9","1","10","2","11","","15","15","1","5","4","120.541916","24.133995","2"
"8527","66000","387130000C","(04)23274275","(04)23288582","2026","1","21","9","19","臺中市","大里區","0","1","0","7","2","6","50","3","7","1","5","4","6","6","4","4","9","4","4","2","17","3","10","3","1","B12","7","11","1","8","2","4","","45","45","1","12","4","120.685888","24.106739","2"
"8528","66000","387130000C","(04)23274275","(04)23288582","2026","1","21","9","21","臺中市","大里區","0","0","0","7","","3","80","","","","","","","","","","","","","","17","","","","","A41","","","1","","2","","","90","90","1","6","4","120.695727","24.1095","3"
"8529","66000","387130000C","(04)23274275","(04)23288582","2026","1","21","9","23","臺中市","豐原區","0","2","0","7","2","6","50","13","7","1","5","4","6","6","4","4","5","4","4","2","17","2","9","2","1","C03","7","8","1","10","2","14","","42","42","1","13","4","120.715354","24.248014","2"
"8530","66000","387130000C","(04)23274275","(04)23288582","2026","1","21","9","25","臺中市","北屯區","0","1","0","7","2","6","50","4","1","1","5","4","6","6","1","1","10","5","5","2","16","2","9","2","1","C03","7","9","1","10","2","11","12","21","21","1","12","4","120.69068","24.179185","2"
"8531","66000","387130000C","(04)23274275","(04)23288582","2026","1","21","9","27","臺中市","北屯區","0","0","0","7","","","50","","","","","","","","","","","","","","17","","","","","G03","","","1","","1","","","84","84","1","12","4","120.726613","24.174708","3"
"8532","66000","387130000C","(04)23274275","(04)23288582","2026","1","21","9","30","臺中市","北屯區","0","0","0","7","","3","80","","","","","","","","","","","","","","12","","","","","B03","","","1","","1","","","8","8","1","12","4","120.721385","24.179525","3"
"8533","66000","387130000C","(04)23274275","(04)23288582","2026","1","21","9","35","臺中市","北屯區","0","1","0","7","1","6","50","4","2","1","5","4","6","6","1","1","3","4","5","2","12","3","10","3","1","B03","7","5","1","8","2","2","","20","20","1","13","4","120.719515","24.182035","2"
"8534","66000","387130000C","(04)23274275","(04)23288582","2026","1","21","9","38","臺中市","潭子區","0","1","0","7","2","3","80","13","9","1","5","4","6","6","4","4","1","4","5","1","12","3","10","3","1","B12","7","8","1","8","2","2","","40","40","1","13","4","120.716624","24.198951","2"
"8535","66000","387130000C","(04)23274275","(04)23288582","2026","1","21","9","39","臺中市","北屯區","0","0","0","7","","","50","","","","","","","","","","","","","","13","","","","","C03","","","1","","1","","","7","7","1","12","4","120.686591","24.200503","3"
"8536","66000","387130000C","(04)23274275","(04)23288582","2026","1","21","9","41","臺中市","南屯區","0","0","0","7","","","50","","","","","","","","","","","","","","13","","","","","C03","","","1","","2","","","59","59","1","13","4","120.637839","24.139119","3"
"8537","66000","387130000C","(04)23274275","(04)23288582","2026","1","21","9","41","臺中市","西屯區","0","0","0","7","","","50","","","","","","","","","","","","","","13","","","","","B03","","","1","","1","","","84","84","1","13","4","120.642043","24.169475","3"
"8538","66000","387130000C","(04)23274275","(04)23288582","2026","1","21","9","47","臺中市","西屯區","0","0","0","7","","","30","","","","","","","","","","","","","","12","","","","","B12","","","1","","2","","","51","51","1","13","4","120.64614","24.166443","3"
"8539","66000","387130000C","(04)23274275","(04)23288582","2026","1","21","9","54","臺中市","北屯區","0","0","0","7","","","40","","","","","","","","","","","","","","17","","","","","B03","","","1","","1","","","50","50","1","6","4","120.66845","24.189286","3"
"8540","66000","387130000C","(04)23274275","(04)23288582","2026","1","21","9","55","臺中市","烏日區","0","0","0","7","2","6","50","13","9","1","5","4","6","6","1","1","5","4","5","1","13","3","10","1","1","C03","7","9","1","10","1","11","","7","7","1","6","4","120.624842","24.106505","3"
"8541","66000","387130000C","(04)23274275","(04)23288582","2026","1","21","9","57","臺中市","潭子區","0","1","0","7","3","6","40","3","1","1","5","4","6","6","1","1","5","4","4","2","17","3","10","3","1","B03","7","1","1","8","2","15","","51","51","1","13","4","120.701039","24.209742","2"
"8542","66000","387130000C","(04)23274275","(04)23288582","2026","1","21","9","59","臺中市","北區","0","1","0","7","2","6","30","13","9","1","5","4","6","6","4","4","10","5","5","2","2","3","10","1","1","C03","7","9","1","10","2","12","","71","71","1","12","4","120.678563","24.152241","2"
"8543","66000","387130000C","(04)23274275","(04)23288582","2026","1","21","10","0","臺中市","西屯區","0","0","0","7","","","50","","","","","","","","","","","","","","14","","","","","A11","","","1","","2","","","49","49","1","13","4","120.605194","24.158637","3"
"8544","66000","387130000C","(04)23274275","(04)23288582","2026","1","21","10","3","臺中市","西屯區","0","0","0","7","","","40","","","","","","","","","","","","","","13","","","","","C03","","","1","","1","","","7","7","1","13","4","120.655174","24.159753","3"
"8545","66000","387130000C","(04)23274275","(04)23288582","2026","1","21","10","4","臺中市","北屯區","0","0","0","7","","","50","","","","","","","","","","","","","","30","","","","","B02","","","1","","2","","","50","50","1","6","4","120.683553","24.171074","3"
"8546","66000","387130000C","(04)23274275","(04)23288582","2026","1","21","10","14","臺中市","北屯區","0","0","0","7","","","50","","","","","","","","","","","","","","12","","","","","B13","","","1","","2","","","50","50","1","6","4","120.694929","24.188162","3"
"8547","66000","387130000C","(04)23274275","(04)23288582","2026","1","21","10","17","臺中市","清水區","0","0","0","7","","","50","","","","","","","","","","","","","","","","","","","B03","","","1","","2","","","58","58","1","12","4","120.575337","24.279014","3"
"8548","66000","387130000C","(04)23274275","(04)23288582","2026","1","21","10","17","臺中市","豐原區","0","1","0","7","2","6","50","4","1","1","5","4","6","6","2","1","1","4","4","2","17","3","10","5","4","B03","7","6","1","8","2","1","","11","11","1","12","4","120.724462","24.253807","2"
"8549","66000","387130000C","(04)23274275","(04)23288582","2026","1","21","10","25","臺中市","新社區","0","1","0","7","3","6","50","4","1","1","5","4","6","6","1","1","9","5","5","1","16","3","10","5","4","B03","7","6","1","8","2","5","","11","11","1","12","4","120.806882","24.255833","2"
"8550","66000","387130000C","(04)23274275","(04)23288582","2026","1","21","10","30","臺中市","北屯區","0","0","0","7","","","50","","","","","","","","","","","","","","14","","","","","B03","","","1","","1","","","84","84","1","12","4","120.733677","24.176634","3"
"8551","66000","387130000C","(04)23274275","(04)23288582","2026","1","21","10","30","臺中市","大里區","0","1","0","7","2","6","40","13","9","1","5","4","6","6","4","4","10","5","5","2","17","2","9","1","1","C03","7","9","1","10","3","11","","85","85","1","13","4","120.695987","24.085353","2"
"8552","66000","387130000C","(04)23274275","(04)23288582","2026","1","21","10","31","臺中市","西區","0","1","0","7","2","6","50","4","2","1","5","4","6","6","2","1","5","5","5","1","17","3","10","3","1","B03","7","6","1","8","2","1","","11","11","1","13","4","120.662221","24.158475","2"
"8553","66000","387130000C","(04)23274275","(04)23288582","2026","1","21","10","31","臺中市","烏日區","0","1","0","7","2","6","50","13","9","1","5","4","6","6","4","4","5","5","5","2","18","2","9","1","1","C03","7","14","1","10","2","12","","84","84","1","6","4","120.598728","24.109912","2"
"8554","66000","387130000C","(04)23274275","(04)23288582","2026","1","21","10","31","臺中市","后里區","0","1","0","7","3","6","50","3","1","1","5","4","6","6","1","1","10","5","5","2","16","3","10","3","1","B12","7","5","1","8","2","2","","47","47","1","6","4","120.692409","24.31377","2"
"8555","66000","387130000C","(04)23274275","(04)23288582","2026","1","21","10","32","臺中市","北屯區","0","2","0","7","2","6","40","3","1","1","5","4","6","6","1","1","10","5","5","2","13","2","9","2","1","C03","7","9","1","10","2","11","","84","84","1","12","4","120.700667","24.169268","2"
"8556","66000","387130000C","(04)23274275","(04)23288582","2026","1","21","10","34","臺中市","西屯區","0","1","0","7","2","6","50","3","1","1","5","4","6","6","4","4","10","5","5","2","13","2","8","5","4","C03","7","11","1","10","2","11","","7","7","1","12","4","120.660908","24.162588","2"
"8557","66000","387130000C","(04)23274275","(04)23288582","2026","1","21","10","38","臺中市","大甲區","0","0","0","7","","","70","","","","","","","","","","","","","","13","","","","","B03","","","1","","1","","","59","59","1","6","4","120.617631","24.337982","3"
"8558","66000","387130000C","(04)23274275","(04)23288582","2026","1","21","10","40","臺中市","大雅區","0","3","0","7","3","6","50","13","9","1","5","4","6","6","4","4","4","3","5","2","17","2","9","4","4","F01","7","15","7","21","2","16","","84","84","1","13","4","120.652586","24.223868","2"
"8559","66000","387130000C","(04)23274275","(04)23288582","2026","1","21","10","43","臺中市","北屯區","0","0","0","7","","","50","","","","","","","","","","","","","","17","","","","","B12","","","1","","1","","","1","1","1","6","4","120.706116","24.195791","3"
"8560","66000","387130000C","(04)23274275","(04)23288582","2026","1","21","10","46","臺中市","烏日區","0","0","0","7","","","50","","","","","","","","","","","","","","13","","","","","C03","","","1","","1","","","7","7","1","6","4","120.635089","24.104735","3"
"8561","66000","387130000C","(04)23274275","(04)23288582","2026","1","21","10","48","臺中市","南屯區","0","0","0","7","","","50","","","","","","","","","","","","","","17","","","","","B02","","","1","","2","","","51","51","1","12","4","120.641415","24.14145","3"
"8562","66000","387130000C","(04)23274275","(04)23288582","2026","1","21","10","49","臺中市","烏日區","0","0","0","7","","","50","","","","","","","","","","","","","","","","","","","A12","","","1","","2","","","84","84","1","6","4","120.648597","24.093304","3"
"8563","66000","387130000C","(04)23274275","(04)23288582","2026","1","21","10","50","臺中市","南屯區","0","0","0","7","","","50","","","","","","","","","","","","","","","","","","","B12","","","1","","1","","","7","7","1","12","4","120.637284","24.130157","3"
"8564","66000","387130000C","(04)23274275","(04)23288582","2026","1","21","10","51","臺中市","西區","0","0","0","7","","","50","","","","","","","","","","","","","","17","","","","","B03","","","1","","1","","","35","35","1","13","4","120.675709","24.141578","3"
"8565","66000","387130000C","(04)23274275","(04)23288582","2026","1","21","10","52","臺中市","南區","0","1","0","7","2","6","40","4","1","1","5","4","6","6","2","1","10","5","5","2","13","2","9","1","1","C03","7","9","1","10","2","11","","84","84","1","12","4","120.665705","24.123588","2"
"8566","66000","387130000C","(04)23274275","(04)23288582","2026","1","21","10","52","臺中市","北屯區","0","0","0","7","","","50","","","","","","","","","","","","","","13","","","","","B03","","","1","","1","","","7","7","1","12","4","120.693015","24.162649","3"
"8567","66000","387130000C","(04)23274275","(04)23288582","2026","1","21","10","54","臺中市","南區","0","0","0","7","","","50","","","","","","","","","","","","","","13","","","","","B03","","","1","","2","","","7","7","1","13","4","120.648636","24.119746","3"
"8568","66000","387130000C","(04)23274275","(04)23288582","2026","1","21","10","56","臺中市","西屯區","0","0","0","7","","","50","","","","","","","","","","","","","","12","","","","","C03","","","1","","2","","","40","40","1","13","1","120.620288","24.183248","3"
"8569","66000","387130000C","(04)23274275","(04)23288582","2026","1","21","10","57","臺中市","北區","0","3","0","7","2","6","50","4","1","1","5","4","6","6","2","1","5","5","5","2","16","2","9","1","1","C03","7","5","1","10","2","12","","84","84","1","13","4","120.686805","24.166904","2"
"8570","66000","387130000C","(04)23274275","(04)23288582","2026","1","21","11","1","臺中市","西屯區","0","0","0","7","","","60","","","","","","","","","","","","","","12","","","","","A04","","","1","","2","","","8","8","1","13","4","120.639098","24.168915","3"
"8571","66000","387130000C","(04)23274275","(04)23288582","2026","1","21","11","2","臺中市","西區","0","0","0","7","","","40","","","","","","","","","","","","","","17","","","","","B03","","","1","","2","","","50","50","1","13","4","120.660694","24.140207","3"
"8572","66000","387130000C","(04)23274275","(04)23288582","2026","1","21","11","3","臺中市","北區","0","1","0","7","3","6","30","4","1","1","5","4","6","6","4","4","5","4","5","2","17","2","9","1","1","C03","7","9","1","10","1","11","","13","13","1","12","4","120.684377","24.153136","2"
"8573","66000","387130000C","(04)23274275","(04)23288582","2026","1","21","11","5","臺中市","大雅區","0","0","0","7","","","30","","","","","","","","","","","","","","","","","","","B02","","","1","","2","","","84","84","1","13","4","120.669994","24.207389","3"
"8574","66000","387130000C","(04)23274275","(04)23288582","2026","1","21","11","9","臺中市","北區","0","0","0","7","","","50","","","","","","","","","","","","","","","","","","","C03","","","1","","9","","","7","7","2","12","4","120.668316","24.171587","3"
"8575","66000","387130000C","(04)23274275","(04)23288582","2026","1","21","11","11","臺中市","潭子區","0","0","0","7","","","50","","","","","","","","","","","","","","","","","","","B03","","","1","","2","","","85","85","1","13","4","120.711378","24.206716","3"
"8576","66000","387130000C","(04)23274275","(04)23288582","2026","1","21","11","12","臺中市","北屯區","0","0","0","7","","","50","","","","","","","","","","","","","","","","","","","A12","","","1","","1","","","41","41","1","13","4","120.697693","24.176039","3"
"8577","66000","387130000C","(04)23274275","(04)23288582","2026","1","21","11","13","臺中市","北屯區","0","0","0","7","","","50","","","","","","","","","","","","","","","","","","","C03","","","1","","1","","","7","7","1","13","4","120.701818","24.181878","3"
"8578","66000","387130000C","(04)23274275","(04)23288582","2026","1","21","11","17","臺中市","龍井區","0","0","0","7","","","40","","","","","","","","","","","","","","","","","","","C03","","","1","","2","","","39","39","1","12","4","120.507139","24.212538","3"
"8579","66000","387130000C","(04)23274275","(04)23288582","2026","1","21","11","22","臺中市","北屯區","0","0","0","7","","","50","","","","","","","","","","","","","","16","","","","","C03","","","1","","1","","","59","59","1","12","4","120.686731","24.201347","3"
"8580","66000","387130000C","(04)23274275","(04)23288582","2026","1","21","11","26","臺中市","西屯區","0","0","0","7","","","50","","","","","","","","","","","","","","16","","","","","B03","","","1","","1","","","14","14","1","13","4","120.649933","24.163668","3"
"8581","66000","387130000C","(04)23274275","(04)23288582","2026","1","21","11","29","臺中市","北區","0","0","0","7","","","50","","","","","","","","","","","","","","14","","","","","B03","","","1","","2","","","49","49","1","13","4","120.688655","24.153713","3"
"8582","66000","387130000C","(04)23274275","(04)23288582","2026","1","21","11","29","臺中市","北屯區","0","1","0","7","2","6","50","4","1","1","5","4","6","6","2","1","10","5","5","2","17","3","10","3","1","B03","7","6","1","8","2","6","","11","11","1","12","4","120.670042","24.176631","2"
"8583","66000","387130000C","(04)23274275","(04)23288582","2026","1","21","11","29","臺中市","太平區","0","1","0","7","2","6","40","4","1","1","5","4","6","6","3","1","10","5","5","2","15","3","10","2","1","C03","7","9","1","10","2","12","","24","24","1","13","4","120.727626","24.150011","2"
"8584","66000","387130000C","(04)23274275","(04)23288582","2026","1","21","11","30","臺中市","沙鹿區","0","1","0","7","2","6","50","18","9","1","5","4","6","6","4","4","1","4","5","2","17","2","7","3","1","B03","7","11","1","8","2","5","","45","45","1","12","4","120.557956","24.211621","2"
"8585","66000","387130000C","(04)23274275","(04)23288582","2026","1","21","11","30","臺中市","神岡區","0","2","0","7","2","6","50","13","9","1","5","4","6","6","4","4","8","4","5","1","17","2","9","1","1","C03","7","1","1","10","2","14","14","51","51","1","12","4","120.679081","24.263355","2"
"8586","66000","387130000C","(04)23274275","(04)23288582","2026","1","21","11","36","臺中市","潭子區","0","0","0","7","","","60","","","","","","","","","","","","","","12","","","","","B03","","","1","","2","","","84","84","1","13","4","120.688226","24.21572","3"
"8587","66000","387130000C","(04)23274275","(04)23288582","2026","1","21","11","42","臺中市","南區","0","0","0","7","","","50","","","","","","","","","","","","","","","","","","","C03","","","1","","1","","","7","7","1","12","4","120.662645","24.127235","3"
"8588","66000","387130000C","(04)23274275","(04)23288582","2026","1","21","11","43","臺中市","南屯區","0","0","0","7","3","6","40","13","8","1","5","4","6","6","4","4","5","5","4","2","30","","","","","","","","","","","","","119","119","1","","","120.615157","24.146542","3"
"8589","66000","387130000C","(04)23274275","(04)23288582","2026","1","21","11","44","臺中市","北屯區","0","1","0","7","1","6","50","11","9","1","5","4","6","6","4","4","7","4","5","1","17","3","10","3","1","B03","7","9","3","19","2","1","","26","26","1","13","4","120.745921","24.161685","2"
"8590","66000","387130000C","(04)23274275","(04)23288582","2026","1","21","11","44","臺中市","大甲區","0","3","0","7","1","6","50","3","1","1","5","4","3","6","4","4","8","3","5","1","15","2","7","2","1","C03","7","15","1","10","2","11","","14","14","1","12","4","120.625421","24.353316","2"
"8591","66000","387130000C","(04)23274275","(04)23288582","2026","1","21","11","49","臺中市","北區","0","3","0","7","3","6","50","3","1","1","5","4","6","6","1","1","5","4","5","2","17","2","9","1","1","C03","7","6","1","10","2","12","","11","11","1","12","4","120.688132","24.150999","2"
"8592","66000","387130000C","(04)23274275","(04)23288582","2026","1","21","11","52","臺中市","西區","0","2","0","7","2","6","50","4","2","1","5","4","6","6","4","4","5","5","4","1","17","2","9","2","1","C03","7","5","1","10","2","13","","12","12","1","13","4","120.66811","24.135924","2"
"8593","66000","387130000C","(04)23274275","(04)23288582","2026","1","21","11","52","臺中市","南區","0","1","0","7","2","6","50","4","2","1","5","4","6","6","2","1","10","5","5","2","17","3","10","3","1","B12","7","11","1","8","2","8","","45","45","1","6","4","120.666689","24.114122","2"
"8594","66000","387130000C","(04)23274275","(04)23288582","2026","1","21","11","53","臺中市","西區","0","0","0","7","","","50","","","","","","","","","","","","","","","","","","","B03","","","1","","1","","","49","49","1","13","4","120.650218","24.14405","3"
"8595","66000","387130000C","(04)23274275","(04)23288582","2026","1","21","11","54","臺中市","大里區","0","0","0","7","","","40","","","","","","","","","","","","","","17","","","","","B03","","","1","","1","","","7","7","1","13","4","120.682129","24.080556","3"
"8596","66000","387130000C","(04)23274275","(04)23288582","2026","1","21","11","56","臺中市","北區","0","1","0","7","2","6","50","13","8","1","5","4","6","6","4","4","1","4","4","2","17","3","10","1","1","C03","7","9","1","10","2","11","","7","7","1","12","4","120.678049","24.15149","2"
"8597","66000","387130000C","(04)23274275","(04)23288582","2026","1","21","11","59","臺中市","北屯區","0","0","0","7","","","50","","","","","","","","","","","","","","","","","","","C03","","","1","","2","","","84","84","1","13","4","120.676816","24.200654","4"
"8598","66000","387130000C","(04)23274275","(04)23288582","2026","1","21","11","59","臺中市","西屯區","0","0","0","7","","","50","","","","","","","","","","","","","","14","","","","","B03","","","1","","1","","","59","59","1","12","4","120.640756","24.156038","3"
"8599","66000","387130000C","(04)23274275","(04)23288582","2026","1","21","12","0","臺中市","太平區","0","0","0","7","","","0","","","","","","","","","","","","","","","","","","","B03","","","1","","1","","","76","76","1","12","4","120.718055","24.148878","3"
"8600","66000","387130000C","(04)23274275","(04)23288582","2026","1","21","12","5","臺中市","大肚區","0","1","0","7","2","6","30","3","2","1","5","4","6","6","4","4","10","5","5","2","16","2","8","1","1","C03","7","9","1","10","2","11","","7","7","1","6","4","120.573957","24.124055","2"
"8601","66000","387130000C","(04)23274275","(04)23288582","2026","1","21","12","8","臺中市","中區","0","0","0","7","","","50","","","","","","","","","","","","","","13","","","","","C03","","","1","","1","","","7","7","1","13","4","120.678278","24.146689","3"
"8602","66000","387130000C","(04)23274275","(04)23288582","2026","1","21","12","8","臺中市","太平區","0","1","0","7","3","6","50","3","2","1","5","4","6","6","4","4","5","2","5","2","17","2","9","1","1","C02","7","9","1","9","2","14","","7","7","1","12","4","120.707891","24.128592","2"
"8603","66000","387130000C","(04)23274275","(04)23288582","2026","1","21","12","10","臺中市","梧棲區","0","1","0","7","3","6","50","4","1","1","5","4","6","6","1","1","10","5","5","2","16","3","10","3","1","B03","7","6","1","8","2","4","","23","23","1","6","4","120.532753","24.260109","2"
"8604","66000","387130000C","(04)23274275","(04)23288582","2026","1","21","12","13","臺中市","南區","0","1","0","7","3","6","50","3","1","1","5","4","6","6","4","4","1","4","4","2","13","2","8","2","1","C03","7","9","3","19","2","11","","84","84","1","13","4","120.666259","24.127447","2"
"8605","66000","387130000C","(04)23274275","(04)23288582","2026","1","21","12","16","臺中市","南區","0","2","0","7","2","6","50","4","1","1","5","4","6","6","1","1","5","5","5","2","16","2","8","2","1","C03","7","6","1","10","2","12","","11","11","1","13","4","120.652746","24.110971","2"
"8606","66000","387130000C","(04)23274275","(04)23288582","2026","1","21","12","20","臺中市","太平區","0","0","0","7","","","50","","","","","","","","","","","","","","13","","","","","C03","","","1","","2","","","7","7","1","13","4","120.714876","24.126736","3"
"8607","66000","387130000C","(04)23274275","(04)23288582","2026","1","21","12","24","臺中市","中區","0","1","0","7","2","6","40","5","2","1","5","4","6","6","2","1","5","5","5","2","17","2","9","2","1","C03","7","9","1","8","2","11","","59","59","1","13","4","120.678212","24.146541","2"
"8608","66000","387130000C","(04)23274275","(04)23288582","2026","1","21","12","24","臺中市","西屯區","0","1","0","7","2","6","0","13","21","1","5","4","6","6","4","4","10","5","5","2","18","2","9","2","4","C03","7","9","1","10","2","12","","84","84","1","13","4","120.598986","24.181788","2"
"8609","66000","387130000C","(04)23274275","(04)23288582","2026","1","21","12","25","臺中市","南屯區","0","1","0","7","3","6","50","4","1","1","5","4","6","6","1","1","5","5","5","2","9","3","10","3","1","B01","7","6","1","4","2","1","","10","10","1","12","4","120.643812","24.137073","2"
"8610","66000","387130000C","(04)23274275","(04)23288582","2026","1","21","12","26","臺中市","南區","0","2","0","7","2","6","50","4","1","1","5","4","6","6","1","1","10","5","5","2","16","2","9","1","1","C03","7","9","1","10","2","14","","84","84","1","12","4","120.666793","24.11521","2"
"8611","66000","387130000C","(04)23274275","(04)23288582","2026","1","21","12","29","臺中市","太平區","0","0","0","6","","","50","","","","","","","","","","","","","","30","","","","","A41","","","1","","2","","","49","49","1","12","4","120.708961","24.130171","3"
"8612","66000","387130000C","(04)23274275","(04)23288582","2026","1","21","12","30","臺中市","西區","0","0","0","7","","","50","","","","","","","","","","","","","","17","","","","","B01","","","1","","9","","","8","8","2","13","4","120.668864","24.147559","3"
"8613","66000","387130000C","(04)23274275","(04)23288582","2026","1","21","12","30","臺中市","南區","0","0","0","7","","","50","","","","","","","","","","","","","","","","","","","B03","","","1","","2","","","84","84","1","12","4","120.674716","24.131995","3"
"8614","66000","387130000C","(04)23274275","(04)23288582","2026","1","21","12","32","臺中市","大里區","0","1","0","7","3","6","30","5","1","1","5","4","6","6","4","4","10","5","5","2","17","2","9","1","1","C03","7","5","1","10","2","12","","84","84","1","12","4","120.677238","24.09618","2"
"8615","66000","387130000C","(04)23274275","(04)23288582","2026","1","21","12","38","臺中市","北區","0","2","0","7","2","6","50","13","9","1","5","4","6","6","4","4","9","5","5","2","16","2","8","1","1","C03","7","11","1","10","2","14","","45","45","1","12","4","120.682293","24.161317","2"
"8616","66000","387130000C","(04)23274275","(04)23288582","2026","1","21","12","43","臺中市","后里區","0","0","0","7","","","60","","","","","","","","","","","","","","16","","","","","B03","","","1","","2","","","47","47","1","6","4","120.723664","24.323734","3"