序號,縣市別代碼,機關代碼,市話,傳真,年,月,日,時,分,縣市,區,死亡數量,受傷數量,2-30,天候,道路照明設備,道路類別,道路速限,道路型態,事故位置,路面鋪裝,路面狀態,路面缺陷,障礙物,視距,號誌種類,號誌動作,分向設施,快車道或一般車道間,快慢車道間,路面邊線,事故類型及型態,受傷程度,主要傷處,保護裝備,行動電話或功能裝置,當事者區分(類別),車輛用途,當事者行動狀態,駕照狀態,駕照種類,飲酒情形,車輛撞擊部位最初,車輛撞擊部位其他,肇事因素個別,肇事因素主要,肇事逃逸,職業,共享經濟或外送平台,GPS座標X,GPS座標Y,事故類別
"8617","66000","387130000C","(04)23274275","(04)23288582","2026","1","21","12","45","臺中市","東區","0","0","0","7","","3","80","","","","","","","","","","","","","","17","","","","","A11","","","1","","1","","","40","40","1","12","4","120.707192","24.131552","3"
"8618","66000","387130000C","(04)23274275","(04)23288582","2026","1","21","12","45","臺中市","太平區","0","0","0","7","1","3","40","10","16","1","5","4","6","6","4","4","1","4","5","1","17","","","","","B03","","","1","","2","","","84","84","1","13","4","120.716997","24.148506","3"
"8619","66000","387130000C","(04)23274275","(04)23288582","2026","1","21","12","45","臺中市","梧棲區","0","2","0","7","2","6","30","4","1","1","5","4","6","6","4","4","5","5","5","2","17","2","6","2","1","C03","7","15","1","10","2","12","","15","15","1","12","4","120.542042","24.248737","2"
"8620","66000","387130000C","(04)23274275","(04)23288582","2026","1","21","12","46","臺中市","神岡區","0","0","0","7","","","50","","","","","","","","","","","","","","14","","","","","B03","","","1","","1","","","49","49","1","13","4","120.701299","24.25154","3"
"8621","66000","387130000C","(04)23274275","(04)23288582","2026","1","21","12","47","臺中市","北屯區","0","0","0","7","","","50","","","","","","","","","","","","","","","","","","","B03","","","3","","1","","","7","7","1","13","4","120.699246","24.177995","3"
"8622","66000","387130000C","(04)23274275","(04)23288582","2026","1","21","12","48","臺中市","西區","0","0","0","7","","","50","","","","","","","","","","","","","","17","","","","","B02","","","1","","1","","","50","50","1","13","4","120.658346","24.133692","3"
"8623","66000","387130000C","(04)23274275","(04)23288582","2026","1","21","12","48","臺中市","太平區","0","0","0","7","","","30","","","","","","","","","","","","","","17","","","","","B12","","","1","","2","","","8","8","1","12","4","120.701718","24.111151","3"
"8624","66000","387130000C","(04)23274275","(04)23288582","2026","1","21","12","50","臺中市","南屯區","0","1","0","7","3","6","50","4","9","1","5","4","6","6","1","1","5","5","5","2","17","2","9","1","1","C03","7","1","1","10","2","14","11","51","51","1","6","4","120.635495","24.145076","2"
"8625","66000","387130000C","(04)23274275","(04)23288582","2026","1","21","12","52","臺中市","北區","0","0","0","7","","","50","","","","","","","","","","","","","","17","","","","","C03","","","1","","2","","","58","58","1","13","4","120.671848","24.172507","3"
"8626","66000","387130000C","(04)23274275","(04)23288582","2026","1","21","12","58","臺中市","北屯區","0","0","0","7","","","50","","","","","","","","","","","","","","13","","","","","B03","","","1","","1","","","84","84","1","12","4","120.69083","24.182327","3"
"8627","66000","387130000C","(04)23274275","(04)23288582","2026","1","21","13","1","臺中市","中區","0","2","0","7","2","6","50","4","2","1","5","4","6","6","1","1","5","2","5","2","17","2","9","1","1","C03","7","7","1","10","2","12","","40","40","1","12","4","120.684288","24.142129","2"
"8628","66000","387130000C","(04)23274275","(04)23288582","2026","1","21","13","2","臺中市","豐原區","0","0","0","7","2","6","50","13","9","1","5","4","6","6","4","4","9","5","5","1","14","3","10","3","1","B12","7","2","1","8","2","7","","49","49","1","12","4","120.713542","24.251626","3"
"8629","66000","387130000C","(04)23274275","(04)23288582","2026","1","21","13","7","臺中市","豐原區","0","1","0","7","2","6","50","13","9","1","5","4","6","6","4","4","9","5","5","1","17","3","10","3","1","B03","7","1","1","8","2","8","","51","51","1","13","4","120.701266","24.25026","2"
"8630","66000","387130000C","(04)23274275","(04)23288582","2026","1","21","13","11","臺中市","西屯區","0","1","0","7","2","6","50","3","9","1","5","4","6","6","4","4","5","5","5","2","12","3","10","5","4","C03","7","9","1","10","2","14","","42","42","1","12","4","120.651192","24.171271","2"
"8631","66000","387130000C","(04)23274275","(04)23288582","2026","1","21","13","12","臺中市","豐原區","0","0","0","7","","","50","","","","","","","","","","","","","","17","","","","","B12","","","1","","9","","","86","86","1","12","4","120.732974","24.25553","3"
"8632","66000","387130000C","(04)23274275","(04)23288582","2026","1","21","13","15","臺中市","西屯區","0","0","0","7","","","50","","","","","","","","","","","","","","30","","","","","","","","","","","","","116","116","1","","","120.635295","24.163023","3"
"8633","66000","387130000C","(04)23274275","(04)23288582","2026","1","21","13","16","臺中市","東區","0","1","0","7","2","6","50","4","1","1","5","4","6","6","2","1","10","5","5","2","16","3","10","2","1","C03","7","5","1","10","2","12","","47","47","1","12","4","120.699332","24.147947","2"
"8634","66000","387130000C","(04)23274275","(04)23288582","2026","1","21","13","16","臺中市","西屯區","0","1","0","7","2","6","50","4","1","1","5","4","6","6","2","1","10","5","5","2","16","2","8","1","1","C03","7","6","1","10","2","13","","11","11","1","13","4","120.636228","24.158255","2"
"8635","66000","387130000C","(04)23274275","(04)23288582","2026","1","21","13","17","臺中市","潭子區","0","0","0","7","","","50","","","","","","","","","","","","","","","","","","","B12","","","1","","2","","","84","84","1","6","4","120.703133","24.22444","3"
"8636","66000","387130000C","(04)23274275","(04)23288582","2026","1","21","13","21","臺中市","東區","0","0","0","7","","","30","","","","","","","","","","","","","","12","","","","","B03","","","1","","1","","","8","8","1","6","4","120.695973","24.151309","3"
"8637","66000","387130000C","(04)23274275","(04)23288582","2026","1","21","13","22","臺中市","西屯區","0","0","0","7","","","30","","","","","","","","","","","","","","11","","","","","B12","","","1","","2","","","12","12","1","12","4","120.644338","24.201987","3"
"8638","66000","387130000C","(04)23274275","(04)23288582","2026","1","21","13","23","臺中市","神岡區","0","1","0","7","1","6","50","13","9","1","5","4","6","6","4","4","5","5","5","1","12","2","9","3","1","B03","7","9","1","8","8","5","","53","53","1","12","4","120.653443","24.280611","2"
"8639","66000","387130000C","(04)23274275","(04)23288582","2026","1","21","13","29","臺中市","南區","0","1","0","7","2","6","50","3","2","1","5","4","6","6","4","4","5","5","5","2","17","3","10","1","1","C03","7","6","1","9","2","11","","39","39","1","12","4","120.65905","24.125259","2"
"8640","66000","387130000C","(04)23274275","(04)23288582","2026","1","21","13","30","臺中市","南區","0","0","0","7","","","50","","","","","","","","","","","","","","","","","","","C03","","","1","","2","","","45","45","1","13","4","120.665713","24.113921","3"
"8641","66000","387130000C","(04)23274275","(04)23288582","2026","1","21","13","33","臺中市","北屯區","0","1","0","7","2","6","50","3","1","1","5","4","6","6","2","1","10","5","5","2","13","2","9","2","1","C03","7","8","1","10","2","11","14","84","84","1","12","4","120.696923","24.169187","2"
"8642","66000","387130000C","(04)23274275","(04)23288582","2026","1","21","13","34","臺中市","南屯區","0","0","0","7","3","6","40","13","8","1","5","4","6","6","4","4","5","5","4","2","14","","","","","B03","","","1","","1","","","49","49","1","12","4","120.635563","24.150165","3"
"8643","66000","387130000C","(04)23274275","(04)23288582","2026","1","21","13","34","臺中市","龍井區","0","0","0","7","","","30","","","","","","","","","","","","","","12","","","","","B03","","","1","","2","","","8","8","1","6","4","120.59061","24.180334","3"
"8644","66000","387130000C","(04)23274275","(04)23288582","2026","1","21","13","36","臺中市","西屯區","0","1","0","7","2","6","60","4","1","1","5","4","6","6","2","1","10","5","5","2","16","3","10","5","4","B12","7","5","1","8","2","2","","39","39","1","13","4","120.656065","24.159305","2"
"8645","66000","387130000C","(04)23274275","(04)23288582","2026","1","21","13","36","臺中市","龍井區","0","0","0","7","","","50","","","","","","","","","","","","","","8","","","","","B03","","","1","","10","","","87","87","1","13","4","120.545143","24.183814","3"
"8646","66000","387130000C","(04)23274275","(04)23288582","2026","1","21","13","45","臺中市","大里區","0","1","0","7","2","6","50","3","1","1","5","4","6","6","4","4","5","5","5","1","17","3","10","2","1","C03","7","6","1","10","2","16","","14","14","1","13","4","120.700924","24.088805","2"
"8647","66000","387130000C","(04)23274275","(04)23288582","2026","1","21","13","48","臺中市","烏日區","0","0","0","7","","","70","","","","","","","","","","","","","","13","","","","","B03","","","1","","1","","","7","7","1","6","4","120.606509","24.108492","3"
"8648","66000","387130000C","(04)23274275","(04)23288582","2026","1","21","13","53","臺中市","西區","0","0","0","7","","","50","","","","","","","","","","","","","","9","","","","","B02","","","1","","2","","","50","50","1","13","4","120.673626","24.134832","4"
"8649","66000","387130000C","(04)23274275","(04)23288582","2026","1","21","13","55","臺中市","豐原區","0","2","0","7","2","6","50","4","1","1","5","4","6","6","1","1","5","4","5","1","17","2","9","1","1","F03","7","6","7","21","2","14","","26","26","1","12","4","120.720108","24.262805","2"
"8650","66000","387130000C","(04)23274275","(04)23288582","2026","1","21","14","8","臺中市","西區","0","0","0","7","","","50","","","","","","","","","","","","","","17","","","","","B03","","","1","","1","","","84","84","1","12","4","120.66175","24.145779","3"
"8651","66000","387130000C","(04)23274275","(04)23288582","2026","1","21","14","9","臺中市","烏日區","0","1","0","7","3","6","50","5","1","1","5","4","6","6","1","1","10","5","5","2","17","3","10","5","4","B02","7","6","1","7","2","6","","11","11","1","13","4","120.643818","24.083397","2"
"8652","66000","387130000C","(04)23274275","(04)23288582","2026","1","21","14","11","臺中市","東區","0","1","0","7","3","6","50","4","1","1","5","4","6","6","1","1","5","5","5","2","18","2","9","1","1","C03","7","1","1","10","2","14","","51","51","1","6","4","120.701477","24.140215","2"
"8653","66000","387130000C","(04)23274275","(04)23288582","2026","1","21","14","13","臺中市","西區","0","0","0","7","","","50","","","","","","","","","","","","","","","","","","","B03","","","1","","1","","","84","84","1","12","4","120.675104","24.13788","3"
"8654","66000","387130000C","(04)23274275","(04)23288582","2026","1","21","14","15","臺中市","北屯區","0","2","0","7","2","6","50","3","1","1","5","4","6","6","4","4","10","5","5","2","16","3","10","3","1","B03","7","6","1","8","2","8","","12","12","1","12","4","120.722504","24.163915","2"
"8655","66000","387130000C","(04)23274275","(04)23288582","2026","1","21","14","18","臺中市","西屯區","0","1","0","7","2","6","40","3","1","1","5","4","6","6","4","4","1","4","3","2","16","3","10","5","4","B03","7","5","1","8","2","5","","42","42","1","12","4","120.606679","24.183922","2"
"8656","66000","387130000C","(04)23274275","(04)23288582","2026","1","21","14","20","臺中市","北區","0","1","0","7","2","6","50","13","8","1","5","4","6","6","4","4","9","5","4","2","17","3","10","5","4","B03","7","7","1","8","2","6","","40","40","1","13","4","120.689621","24.1589","2"
"8657","66000","387130000C","(04)23274275","(04)23288582","2026","1","21","14","20","臺中市","豐原區","0","0","0","7","","","50","","","","","","","","","","","","","","17","","","","","B03","","","1","","2","","","8","8","1","12","4","120.723344","24.240214","3"
"8658","66000","387130000C","(04)23274275","(04)23288582","2026","1","21","14","22","臺中市","西區","0","3","0","7","2","6","50","3","2","1","5","4","6","6","4","4","5","4","5","2","16","3","10","3","1","B03","7","5","1","8","2","6","","14","14","1","13","4","120.677732","24.139729","2"
"8659","66000","387130000C","(04)23274275","(04)23288582","2026","1","21","14","24","臺中市","北屯區","0","0","0","7","","","50","","","","","","","","","","","","","","","","","","","B01","","","1","","2","","","85","85","1","13","4","120.668963","24.184972","3"
"8660","66000","387130000C","(04)23274275","(04)23288582","2026","1","21","14","27","臺中市","太平區","0","1","0","7","2","6","50","3","2","1","5","4","6","6","4","4","5","4","4","2","16","3","10","3","1","B03","7","5","1","8","2","2","","47","47","1","13","4","120.708647","24.129056","2"
"8661","66000","387130000C","(04)23274275","(04)23288582","2026","1","21","14","30","臺中市","后里區","0","0","0","7","","","50","","","","","","","","","","","","","","12","","","","","B03","","","1","","2","","","8","8","1","12","4","120.702288","24.326244","3"
"8662","66000","387130000C","(04)23274275","(04)23288582","2026","1","21","14","30","臺中市","神岡區","0","1","0","7","2","6","50","13","9","1","5","4","6","6","4","4","5","4","5","1","13","2","9","5","4","C03","7","9","1","10","2","11","","7","7","1","13","4","120.678832","24.238938","2"
"8663","66000","387130000C","(04)23274275","(04)23288582","2026","1","21","14","36","臺中市","潭子區","0","2","0","7","2","6","30","13","9","1","5","4","6","6","4","4","10","5","5","2","3","2","9","6","5","H01","8","16","7","21","10","17","","119","119","1","13","5","120.688409","24.225502","2"
"8664","66000","387130000C","(04)23274275","(04)23288582","2026","1","21","14","36","臺中市","東區","0","0","0","7","","","50","","","","","","","","","","","","","","13","","","","","C03","","","1","","1","","","55","55","1","13","4","120.699333","24.147919","4"
"8665","66000","387130000C","(04)23274275","(04)23288582","2026","1","21","14","39","臺中市","西區","0","2","0","7","2","6","50","4","2","1","5","4","6","6","1","1","5","2","5","2","13","2","9","1","1","C03","7","9","1","10","2","12","","84","84","1","12","4","120.675636","24.1333","2"
"8666","66000","387130000C","(04)23274275","(04)23288582","2026","1","21","14","42","臺中市","西屯區","0","0","0","7","","","50","","","","","","","","","","","","","","17","","","","","B01","","","1","","1","","","50","50","1","12","4","120.639373","24.159336","3"
"8667","66000","387130000C","(04)23274275","(04)23288582","2026","1","21","14","44","臺中市","北區","0","0","0","7","","","50","","","","","","","","","","","","","","","","","","","B03","","","1","","2","","","84","84","1","13","4","120.674616","24.162533","3"
"8668","66000","387130000C","(04)23274275","(04)23288582","2026","1","21","14","45","臺中市","北屯區","0","1","0","7","1","6","50","4","2","1","5","4","6","6","1","1","5","4","4","2","12","3","10","3","1","B03","7","5","1","8","2","2","","11","11","1","13","4","120.671017","24.200571","2"
"8669","66000","387130000C","(04)23274275","(04)23288582","2026","1","21","14","46","臺中市","北屯區","0","1","0","7","3","6","50","5","1","1","5","4","6","6","2","1","10","5","5","2","12","3","10","3","1","B03","7","9","1","8","2","4","","39","39","1","6","4","120.686867","24.201341","2"
"8670","66000","387130000C","(04)23274275","(04)23288582","2026","1","21","14","50","臺中市","南屯區","0","0","0","7","","","50","","","","","","","","","","","","","","17","","","","","C03","","","1","","2","","","42","42","1","13","4","120.646592","24.140158","3"
"8671","66000","387130000C","(04)23274275","(04)23288582","2026","1","21","14","50","臺中市","大里區","0","2","0","7","3","6","50","4","1","1","5","4","6","6","4","4","10","5","5","2","16","2","8","1","1","C03","7","6","1","10","2","13","","11","11","1","6","4","120.699107","24.089351","2"
"8672","66000","387130000C","(04)23274275","(04)23288582","2026","1","21","14","52","臺中市","大里區","0","2","0","7","2","6","50","3","2","1","5","4","6","6","4","4","5","5","5","1","17","2","9","2","1","C03","7","11","3","19","2","14","","45","45","1","6","4","120.719538","24.098005","2"
"8673","66000","387130000C","(04)23274275","(04)23288582","2026","1","21","14","53","臺中市","梧棲區","0","1","0","7","3","6","50","13","12","1","5","4","6","6","4","4","1","4","4","2","18","2","9","1","1","C03","7","9","3","19","2","16","","59","59","1","6","4","120.534799","24.259228","2"
"8674","66000","387130000C","(04)23274275","(04)23288582","2026","1","21","14","55","臺中市","豐原區","0","1","0","7","2","6","50","5","1","1","5","4","6","6","2","1","5","5","4","2","11","3","10","3","1","B03","7","6","1","8","2","1","","87","87","1","12","4","120.715441","24.248262","2"
"8675","66000","387130000C","(04)23274275","(04)23288582","2026","1","21","15","0","臺中市","北屯區","0","0","0","7","","","50","","","","","","","","","","","","","","12","","","","","B03","","","1","","2","","","8","8","1","6","4","120.73517","24.177078","3"
"8676","66000","387130000C","(04)23274275","(04)23288582","2026","1","21","15","0","臺中市","和平區","0","0","0","7","1","2","40","13","9","1","5","4","","6","4","4","10","4","5","1","13","3","10","1","1","C03","7","9","1","10","1","11","","7","7","1","13","4","120.884991","24.174701","3"
"8677","66000","387130000C","(04)23274275","(04)23288582","2026","1","21","15","1","臺中市","南屯區","0","0","0","7","","","50","","","","","","","","","","","","","","","","","","","B03","","","1","","1","","","84","84","1","12","4","120.643809","24.13471","3"
"8678","66000","387130000C","(04)23274275","(04)23288582","2026","1","21","15","2","臺中市","南屯區","0","2","0","7","3","6","40","4","1","1","5","4","6","6","1","1","10","5","2","2","16","2","9","2","1","C03","7","5","1","10","2","12","","84","84","1","13","4","120.607862","24.150916","2"
"8679","66000","387130000C","(04)23274275","(04)23288582","2026","1","21","15","5","臺中市","神岡區","0","1","0","7","1","6","50","3","1","1","5","4","6","6","3","1","10","5","5","1","16","3","10","3","1","B12","7","6","1","8","2","16","","20","20","1","12","4","120.693564","24.253885","2"
"8680","66000","387130000C","(04)23274275","(04)23288582","2026","1","21","15","7","臺中市","北屯區","0","0","0","7","","","","","","","","","","","","","","","","","","","","","","","","","","","","","","119","119","1","","","120.660059","24.192283","3"
"8681","66000","387130000C","(04)23274275","(04)23288582","2026","1","21","15","14","臺中市","東區","0","1","0","7","2","6","50","4","2","1","5","4","6","6","2","1","1","4","5","2","12","3","10","5","4","B03","7","9","1","8","2","2","","8","8","1","13","4","120.695642","24.141295","2"
"8682","66000","387130000C","(04)23274275","(04)23288582","2026","1","21","15","16","臺中市","沙鹿區","0","1","0","7","2","6","50","3","1","1","5","4","6","6","4","4","10","5","5","2","16","3","10","3","1","B03","7","6","1","8","2","1","","12","12","1","6","4","120.564251","24.211891","2"
"8683","66000","387130000C","(04)23274275","(04)23288582","2026","1","21","15","17","臺中市","西屯區","0","0","0","7","","","50","","","","","","","","","","","","","","17","","","","","C03","","","1","","1","","","84","84","1","13","4","120.652926","24.160324","3"
"8684","66000","387130000C","(04)23274275","(04)23288582","2026","1","21","15","20","臺中市","石岡區","0","1","0","7","2","6","50","3","1","1","5","4","6","6","4","4","10","5","5","2","18","2","9","1","1","C03","7","9","1","10","2","14","","59","59","1","12","4","120.81356","24.257713","2"
"8685","66000","387130000C","(04)23274275","(04)23288582","2026","1","21","15","21","臺中市","烏日區","0","0","0","7","","","50","","","","","","","","","","","","","","17","","","","","B03","","","1","","2","","","58","58","1","6","4","120.595514","24.111592","3"
"8686","66000","387130000C","(04)23274275","(04)23288582","2026","1","21","15","22","臺中市","北屯區","0","1","0","7","2","6","50","4","1","1","5","4","6","6","2","1","1","4","5","2","15","3","10","2","1","C03","7","9","1","10","2","12","","85","85","1","12","4","120.694259","24.16491","2"
"8687","66000","387130000C","(04)23274275","(04)23288582","2026","1","21","15","25","臺中市","神岡區","0","1","0","7","2","6","50","11","9","1","5","4","6","6","4","4","5","4","4","2","16","2","9","5","4","C03","7","15","1","10","2","11","12","84","84","1","13","4","120.680409","24.248092","2"
"8688","66000","387130000C","(04)23274275","(04)23288582","2026","1","21","15","27","臺中市","北屯區","0","0","0","7","","","50","","","","","","","","","","","","","","16","","","","","B03","","","1","","1","","","11","11","1","13","4","120.710602","24.17458","3"
"8689","66000","387130000C","(04)23274275","(04)23288582","2026","1","21","15","27","臺中市","大里區","0","1","0","7","2","6","50","4","1","1","5","4","6","6","1","1","10","5","5","2","18","2","9","1","1","C03","7","9","1","10","2","14","","59","59","1","12","4","120.698273","24.080529","2"
"8690","66000","387130000C","(04)23274275","(04)23288582","2026","1","21","15","28","臺中市","南屯區","0","0","0","7","3","6","50","13","9","1","5","4","6","6","1","1","5","2","5","2","13","","","","","C03","","","1","","1","","","7","7","1","12","4","120.622083","24.140146","3"
"8691","66000","387130000C","(04)23274275","(04)23288582","2026","1","21","15","28","臺中市","北屯區","0","1","0","7","2","6","40","13","8","1","5","4","6","6","4","4","3","4","4","1","12","3","10","1","1","C02","7","7","1","9","2","12","","40","40","1","12","4","120.686144","24.18079","2"
"8692","66000","387130000C","(04)23274275","(04)23288582","2026","1","21","15","29","臺中市","太平區","0","0","0","7","","","50","","","","","","","","","","","","","","13","","","","","B03","","","1","","1","","","84","84","1","13","4","120.727214","24.157022","3"
"8693","66000","387130000C","(04)23274275","(04)23288582","2026","1","21","15","33","臺中市","南屯區","0","0","0","7","","","50","","","","","","","","","","","","","","17","","","","","B03","","","1","","1","","","59","59","1","13","4","120.645196","24.134772","3"
"8694","66000","387130000C","(04)23274275","(04)23288582","2026","1","21","15","34","臺中市","西屯區","0","1","0","7","2","6","50","4","1","1","5","4","6","6","2","1","10","5","5","2","17","2","9","1","1","C03","7","9","1","10","2","16","","84","84","1","13","4","120.643331","24.176796","2"
"8695","66000","387130000C","(04)23274275","(04)23288582","2026","1","21","15","35","臺中市","西屯區","0","0","0","7","","","","","","","","","","","","","","","","","13","","","","","","","","","","","","","87","87","1","","","120.646692","24.155593","4"
"8696","66000","387130000C","(04)23274275","(04)23288582","2026","1","21","15","49","臺中市","南屯區","0","0","0","7","","","40","","","","","","","","","","","","","","","","","","","B12","","","1","","1","","","50","50","1","12","4","120.615741","24.150901","3"
"8697","66000","387130000C","(04)23274275","(04)23288582","2026","1","21","15","49","臺中市","西屯區","0","1","0","7","2","6","50","13","9","1","5","4","6","6","4","4","1","4","5","2","17","2","9","5","4","C03","7","9","1","10","2","12","","58","58","1","13","4","120.657252","24.170383","2"
"8698","66000","387130000C","(04)23274275","(04)23288582","2026","1","21","15","50","臺中市","南屯區","0","0","0","7","","","50","","","","","","","","","","","","","","","","","","","B03","","","1","","2","","","49","49","1","12","4","120.637372","24.143939","4"
"8699","66000","387130000C","(04)23274275","(04)23288582","2026","1","21","15","52","臺中市","霧峰區","0","1","0","7","2","6","30","13","9","1","5","4","6","6","4","4","5","5","5","1","27","2","9","5","4","C03","7","9","1","9","2","12","","84","84","1","13","4","120.651693","24.086837","2"
"8700","66000","387130000C","(04)23274275","(04)23288582","2026","1","21","15","56","臺中市","豐原區","0","0","0","7","2","6","50","13","9","1","5","4","6","6","1","1","5","5","5","2","14","3","10","1","1","C03","7","2","2","21","10","13","","49","49","1","12","4","120.718147","24.244683","3"
"8701","66000","387130000C","(04)23274275","(04)23288582","2026","1","21","15","58","臺中市","北區","0","0","0","7","","","50","","","","","","","","","","","","","","17","","","","","B03","","","1","","1","","","35","35","1","12","4","120.676177","24.158253","3"
"8702","66000","387130000C","(04)23274275","(04)23288582","2026","1","21","16","1","臺中市","南屯區","0","0","0","7","3","6","50","13","9","1","5","4","6","6","1","1","3","2","5","2","13","","","","","B03","","","5","","1","","","7","7","1","12","4","120.624326","24.152267","3"
"8703","66000","387130000C","(04)23274275","(04)23288582","2026","1","21","16","1","臺中市","太平區","0","0","0","7","","","30","","","","","","","","","","","","","","17","","","","","B12","","","1","","2","","","8","8","1","12","4","120.71633","24.138687","3"
"8704","66000","387130000C","(04)23274275","(04)23288582","2026","1","21","16","4","臺中市","清水區","0","0","0","7","","","50","","","","","","","","","","","","","","","","","","","B03","","","1","","2","","","50","50","1","12","4","120.562267","24.268505","3"
"8705","66000","387130000C","(04)23274275","(04)23288582","2026","1","21","16","7","臺中市","北屯區","0","0","0","7","","","50","","","","","","","","","","","","","","","","","","","B03","","","1","","2","","","84","84","1","13","4","120.690974","24.180707","4"
"8706","66000","387130000C","(04)23274275","(04)23288582","2026","1","21","16","7","臺中市","豐原區","0","0","0","7","","","50","","","","","","","","","","","","","","13","","","","","B03","","","1","","2","","","61","61","1","13","4","120.707365","24.250296","3"
"8707","66000","387130000C","(04)23274275","(04)23288582","2026","1","21","16","8","臺中市","南區","0","1","0","7","2","6","50","3","1","1","5","4","6","6","4","4","9","4","4","2","17","2","9","1","1","C03","7","1","3","19","2","14","","51","51","1","12","4","120.666792","24.12","2"
"8708","66000","387130000C","(04)23274275","(04)23288582","2026","1","21","16","8","臺中市","霧峰區","0","0","0","7","","","50","","","","","","","","","","","","","","","","","","","","","","","","","","","119","119","1","","","120.697048","24.066061","3"
"8709","66000","387130000C","(04)23274275","(04)23288582","2026","1","21","16","11","臺中市","太平區","0","3","0","7","2","6","50","13","9","1","5","4","6","6","4","4","5","4","5","2","16","2","8","2","1","C03","7","6","1","10","2","11","","34","34","1","13","4","120.715642","24.157157","2"
"8710","66000","387130000C","(04)23274275","(04)23288582","2026","1","21","16","13","臺中市","西區","0","0","0","7","","","50","","","","","","","","","","","","","","17","","","","","B03","","","1","","1","","","7","7","1","12","4","120.668264","24.141116","3"
"8711","66000","387130000C","(04)23274275","(04)23288582","2026","1","21","16","13","臺中市","大里區","0","0","0","7","","","50","","","","","","","","","","","","","","","","","","","B12","","","1","","1","","","1","1","1","13","4","120.716387","24.095195","3"
"8712","66000","387130000C","(04)23274275","(04)23288582","2026","1","21","16","17","臺中市","南屯區","0","1","0","7","3","6","50","4","1","1","5","4","6","6","1","1","10","5","5","2","16","3","10","3","1","B12","7","6","1","8","2","2","","11","11","1","13","4","120.649696","24.153544","2"
"8713","66000","387130000C","(04)23274275","(04)23288582","2026","1","21","16","18","臺中市","清水區","0","0","0","7","","","50","","","","","","","","","","","","","","","","","","","B02","","","1","","2","","","59","59","1","12","4","120.564364","24.271218","3"
"8714","66000","387130000C","(04)23274275","(04)23288582","2026","1","21","16","22","臺中市","北屯區","0","1","0","7","2","6","50","5","1","1","5","4","6","6","2","1","10","5","5","2","12","2","9","2","1","C03","7","5","1","10","2","12","","47","47","1","6","4","120.686368","24.188409","2"
"8715","66000","387130000C","(04)23274275","(04)23288582","2026","1","21","16","23","臺中市","后里區","0","1","0","6","3","6","30","3","1","1","5","4","6","6","4","4","10","5","5","2","16","2","7","1","1","C03","7","6","1","10","2","14","","20","20","1","5","4","120.735608","24.335059","2"
"8716","66000","387130000C","(04)23274275","(04)23288582","2026","1","21","16","29","臺中市","清水區","0","1","0","7","3","6","50","3","2","1","5","4","6","6","4","4","5","5","5","2","17","2","9","2","1","C03","7","15","1","10","2","14","","13","13","1","12","4","120.550113","24.274185","2"
"8717","66000","387130000C","(04)23274275","(04)23288582","2026","1","21","16","30","臺中市","大雅區","0","1","0","6","1","6","50","13","9","1","5","4","6","6","4","4","5","5","5","1","17","3","10","3","1","B03","7","9","1","8","2","5","","7","7","1","13","4","120.653894","24.229115","2"
"8718","66000","387130000C","(04)23274275","(04)23288582","2026","1","21","16","32","臺中市","西區","0","2","0","7","2","6","50","4","1","1","5","4","6","6","1","1","10","5","5","2","16","2","9","6","1","F01","7","6","7","21","1","14","","48","48","1","13","4","120.661663","24.136563","2"
"8719","66000","387130000C","(04)23274275","(04)23288582","2026","1","21","16","36","臺中市","北屯區","0","1","0","7","2","6","50","3","1","1","5","4","6","6","4","4","10","5","5","2","17","3","10","3","1","B01","7","5","1","4","2","2","","87","87","1","6","4","120.702449","24.18231","2"
"8720","66000","387130000C","(04)23274275","(04)23288582","2026","1","21","16","38","臺中市","西區","0","0","0","7","","","50","","","","","","","","","","","","","","12","","","","","B03","","","1","","1","","","40","40","1","13","4","120.660069","24.156671","3"
"8721","66000","387130000C","(04)23274275","(04)23288582","2026","1","21","16","38","臺中市","北區","0","0","0","7","","","50","","","","","","","","","","","","","","13","","","","","B03","","","1","","1","","","59","59","1","13","4","120.676144","24.150298","3"
"8722","66000","387130000C","(04)23274275","(04)23288582","2026","1","21","16","40","臺中市","后里區","0","2","0","7","2","6","50","11","9","1","5","4","6","6","4","4","10","5","5","2","11","2","8","1","1","C03","7","6","1","10","2","11","","41","41","1","12","4","120.716284","24.306339","2"
"8723","66000","387130000C","(04)23274275","(04)23288582","2026","1","21","16","40","臺中市","豐原區","0","1","0","7","1","6","50","13","8","1","5","4","6","6","4","4","1","5","1","2","17","2","9","2","1","C03","7","9","1","10","2","11","","59","59","1","13","4","120.733105","24.264388","2"
"8724","66000","387130000C","(04)23274275","(04)23288582","2026","1","21","16","42","臺中市","大里區","0","0","0","7","","","50","","","","","","","","","","","","","","17","","","","","C03","","","1","","2","","","84","84","1","6","4","120.690332","24.123341","3"
"8725","66000","387130000C","(04)23274275","(04)23288582","2026","1","21","16","42","臺中市","大里區","0","1","0","7","2","6","50","4","1","1","5","4","6","6","4","4","5","5","5","2","15","2","8","1","1","C03","7","9","1","10","2","11","","15","15","1","13","4","120.69534","24.101372","2"
"8726","66000","387130000C","(04)23274275","(04)23288582","2026","1","21","16","44","臺中市","北區","0","1","0","7","3","6","50","4","1","1","5","4","6","6","2","1","10","5","5","2","17","2","7","5","4","C03","7","9","1","10","2","12","","7","7","1","13","4","120.677303","24.151254","2"