序號,縣市別代碼,機關代碼,市話,傳真,年,月,日,時,分,縣市,區,死亡數量,受傷數量,2-30,天候,道路照明設備,道路類別,道路速限,道路型態,事故位置,路面鋪裝,路面狀態,路面缺陷,障礙物,視距,號誌種類,號誌動作,分向設施,快車道或一般車道間,快慢車道間,路面邊線,事故類型及型態,受傷程度,主要傷處,保護裝備,行動電話或功能裝置,當事者區分(類別),車輛用途,當事者行動狀態,駕照狀態,駕照種類,飲酒情形,車輛撞擊部位最初,車輛撞擊部位其他,肇事因素個別,肇事因素主要,肇事逃逸,職業,共享經濟或外送平台,GPS座標X,GPS座標Y,事故類別
"8727","66000","387130000C","(04)23274275","(04)23288582","2026","1","21","16","48","臺中市","北區","0","1","0","7","2","6","30","4","1","1","5","4","6","6","4","4","10","5","5","2","17","2","9","5","4","C03","7","12","1","10","2","12","","84","84","1","13","4","120.678265","24.163991","2"
"8728","66000","387130000C","(04)23274275","(04)23288582","2026","1","21","16","49","臺中市","烏日區","0","0","0","6","2","6","50","13","9","1","5","4","6","6","4","4","5","5","5","2","13","3","10","3","1","B03","7","9","1","8","1","1","","7","7","1","6","4","120.597976","24.110165","3"
"8729","66000","387130000C","(04)23274275","(04)23288582","2026","1","21","16","50","臺中市","北區","0","0","0","7","","","50","","","","","","","","","","","","","","17","","","","","C03","","","1","","2","","","84","84","1","12","4","120.665839","24.162792","3"
"8730","66000","387130000C","(04)23274275","(04)23288582","2026","1","21","16","50","臺中市","霧峰區","0","2","0","7","3","6","30","4","1","1","5","4","6","6","4","4","10","5","5","2","15","2","9","1","1","C03","7","9","1","10","2","11","","12","12","1","6","4","120.69884","24.066199","2"
"8731","66000","387130000C","(04)23274275","(04)23288582","2026","1","21","16","50","臺中市","沙鹿區","0","1","0","7","1","6","40","7","8","1","5","4","6","6","4","4","10","5","5","1","13","2","8","2","1","C03","7","9","1","10","2","11","","7","7","1","9","4","120.558376","24.242035","2"
"8732","66000","387130000C","(04)23274275","(04)23288582","2026","1","21","16","51","臺中市","豐原區","0","1","0","7","2","6","50","13","24","1","5","4","6","6","1","1","5","5","5","2","17","2","9","1","1","C03","7","1","1","10","2","12","","51","51","1","6","4","120.720081","24.264395","2"
"8733","66000","387130000C","(04)23274275","(04)23288582","2026","1","21","16","53","臺中市","東區","0","0","0","7","","","30","","","","","","","","","","","","","","17","","","","","C03","","","1","","1","","","87","87","1","13","4","120.690925","24.134108","4"
"8734","66000","387130000C","(04)23274275","(04)23288582","2026","1","21","16","56","臺中市","南區","0","0","0","7","","","50","","","","","","","","","","","","","","","","","","","B03","","","1","","2","","","84","84","1","12","4","120.65694","24.113198","3"
"8735","66000","387130000C","(04)23274275","(04)23288582","2026","1","21","17","0","臺中市","東區","0","0","0","7","","","50","","","","","","","","","","","","","","17","","","","","","","","","","","","","86","86","1","","","120.709458","24.140544","3"
"8736","66000","387130000C","(04)23274275","(04)23288582","2026","1","21","17","1","臺中市","西屯區","0","1","0","7","1","6","50","13","9","1","5","4","6","6","4","4","9","4","5","2","3","2","9","6","5","H01","8","18","7","21","10","17","","95","95","1","13","5","120.657107","24.171768","2"
"8737","66000","387130000C","(04)23274275","(04)23288582","2026","1","21","17","2","臺中市","北區","0","0","0","7","","","50","","","","","","","","","","","","","","12","","","","","B03","","","1","","2","","","84","84","1","13","4","120.676852","24.170351","3"
"8738","66000","387130000C","(04)23274275","(04)23288582","2026","1","21","17","3","臺中市","豐原區","0","1","0","7","2","6","50","3","1","1","5","4","6","6","4","4","1","4","5","1","17","3","10","3","1","B03","7","6","1","8","2","2","","14","14","1","12","4","120.709341","24.249547","2"
"8739","66000","387130000C","(04)23274275","(04)23288582","2026","1","21","17","5","臺中市","西屯區","0","0","0","6","","","50","","","","","","","","","","","","","","","","","","","C03","","","1","","2","","","84","84","1","13","4","120.666027","24.172675","3"
"8740","66000","387130000C","(04)23274275","(04)23288582","2026","1","21","17","5","臺中市","大里區","0","0","0","7","","","50","","","","","","","","","","","","","","","","","","","B03","","","1","","1","","","85","85","1","12","4","120.689241","24.077765","3"
"8741","66000","387130000C","(04)23274275","(04)23288582","2026","1","21","17","6","臺中市","西屯區","0","1","0","7","2","6","30","13","9","1","5","4","6","6","4","4","10","5","5","2","17","2","9","5","4","C03","7","9","1","10","2","11","","84","84","1","13","4","120.662194","24.167999","2"
"8742","66000","387130000C","(04)23274275","(04)23288582","2026","1","21","17","7","臺中市","西區","0","1","0","7","2","6","50","4","2","1","5","4","6","6","4","4","8","5","5","2","3","3","10","2","1","C03","7","9","1","10","2","11","","10","10","1","12","4","120.664279","24.149017","2"
"8743","66000","387130000C","(04)23274275","(04)23288582","2026","1","21","17","13","臺中市","北屯區","0","0","0","7","","","50","","","","","","","","","","","","","","","","","","","B03","","","1","","2","","","45","45","1","6","4","120.728708","24.176799","3"
"8744","66000","387130000C","(04)23274275","(04)23288582","2026","1","21","17","13","臺中市","大里區","0","1","0","6","3","6","30","4","2","1","5","4","6","6","4","4","10","5","5","2","13","2","9","1","1","C03","7","9","1","10","2","12","","7","7","1","6","4","120.679815","24.097197","2"
"8745","66000","387130000C","(04)23274275","(04)23288582","2026","1","21","17","14","臺中市","南屯區","0","0","0","7","1","6","50","13","9","1","5","4","6","6","1","1","5","5","5","2","13","","","","","C02","","","1","","2","","","7","7","1","12","4","120.652482","24.156526","3"
"8746","66000","387130000C","(04)23274275","(04)23288582","2026","1","21","17","15","臺中市","太平區","0","1","0","7","2","6","50","3","1","1","5","4","6","6","1","1","10","5","5","2","16","3","10","2","1","C03","7","5","1","10","2","12","","47","47","1","13","4","120.733183","24.150526","2"
"8747","66000","387130000C","(04)23274275","(04)23288582","2026","1","21","17","16","臺中市","大甲區","0","0","0","7","","","50","","","","","","","","","","","","","","14","","","","","C03","","","1","","1","","","49","49","1","6","4","120.618236","24.346235","3"
"8748","66000","387130000C","(04)23274275","(04)23288582","2026","1","21","17","19","臺中市","南區","0","1","0","7","1","6","50","5","3","1","5","4","1","6","1","1","10","5","5","2","13","2","9","5","4","C03","7","9","1","10","2","11","","7","7","1","12","4","120.683925","24.122314","2"
"8749","66000","387130000C","(04)23274275","(04)23288582","2026","1","21","17","21","臺中市","西區","0","1","0","7","2","6","50","3","1","1","5","4","6","6","4","4","10","5","5","2","18","2","9","1","1","C03","7","12","1","10","1","14","","84","84","1","12","4","120.674266","24.141385","2"
"8750","66000","387130000C","(04)23274275","(04)23288582","2026","1","21","17","21","臺中市","北屯區","0","1","0","7","2","6","50","13","9","1","5","4","6","6","4","4","1","4","5","2","12","3","10","3","1","B03","7","9","1","8","2","2","","1","1","1","12","4","120.688916","24.171553","2"
"8751","66000","387130000C","(04)23274275","(04)23288582","2026","1","21","17","21","臺中市","大甲區","0","1","0","7","1","6","50","3","1","1","5","4","6","6","3","1","8","3","4","1","16","2","8","1","1","C03","7","9","1","10","2","12","","24","24","1","6","4","120.617058","24.351877","2"
"8752","66000","387130000C","(04)23274275","(04)23288582","2026","1","21","17","22","臺中市","北屯區","0","0","0","7","","","50","","","","","","","","","","","","","","17","","","","","B02","","","1","","2","","","59","59","1","12","4","120.721951","24.17587","4"
"8753","66000","387130000C","(04)23274275","(04)23288582","2026","1","21","17","23","臺中市","北區","0","0","0","7","3","6","50","18","24","1","5","4","6","6","4","4","3","5","4","2","17","","","","","B12","","","1","","1","","","59","59","1","13","4","120.671981","24.171788","3"
"8754","66000","387130000C","(04)23274275","(04)23288582","2026","1","21","17","23","臺中市","北屯區","0","0","0","7","","","40","","","","","","","","","","","","","","17","","","","","C03","","","1","","2","","","59","59","1","13","4","120.686198","24.19118","3"
"8755","66000","387130000C","(04)23274275","(04)23288582","2026","1","21","17","23","臺中市","西屯區","0","1","0","7","2","6","50","4","1","1","5","4","6","6","2","1","10","5","5","2","12","3","10","5","4","B12","7","9","1","8","2","5","","8","8","1","13","4","120.644407","24.194267","2"
"8756","66000","387130000C","(04)23274275","(04)23288582","2026","1","21","17","23","臺中市","大里區","0","2","0","7","2","6","50","5","1","1","5","4","6","6","2","1","10","5","5","2","17","2","9","5","4","F03","7","6","7","21","2","12","","48","48","1","13","4","120.71576","24.094468","2"
"8757","66000","387130000C","(04)23274275","(04)23288582","2026","1","21","17","26","臺中市","大甲區","0","0","0","7","","","50","","","","","","","","","","","","","","13","","","","","C03","","","1","","2","","","7","7","1","12","4","120.632125","24.355393","3"
"8758","66000","387130000C","(04)23274275","(04)23288582","2026","1","21","17","28","臺中市","西區","0","1","0","7","1","6","30","13","9","1","5","4","6","6","4","4","10","5","5","2","14","2","7","1","1","C03","7","2","1","10","1","13","","49","49","1","13","4","120.657699","24.147122","2"
"8759","66000","387130000C","(04)23274275","(04)23288582","2026","1","21","17","29","臺中市","南屯區","0","1","0","7","3","6","50","13","9","1","5","4","6","6","4","4","5","5","5","2","13","3","10","2","1","C03","7","9","1","10","1","11","","7","7","1","12","4","120.654354","24.138574","2"
"8760","66000","387130000C","(04)23274275","(04)23288582","2026","1","21","17","30","臺中市","南屯區","0","0","0","7","1","6","40","13","8","1","5","4","6","6","4","4","5","4","4","2","12","","","","","B03","","","1","","1","","","50","50","1","12","4","120.633935","24.147027","3"
"8761","66000","387130000C","(04)23274275","(04)23288582","2026","1","21","17","32","臺中市","南屯區","0","0","0","7","","","30","","","","","","","","","","","","","","","","","","","B12","","","1","","2","","","84","84","1","12","4","120.603982","24.136181","3"
"8762","66000","387130000C","(04)23274275","(04)23288582","2026","1","21","17","34","臺中市","霧峰區","0","2","0","7","1","6","50","13","7","1","5","4","6","6","4","4","5","4","4","1","17","2","1","4","1","B03","7","1","1","8","1","4","","51","51","1","13","4","120.698694","24.064884","2"
"8763","66000","387130000C","(04)23274275","(04)23288582","2026","1","21","17","35","臺中市","潭子區","0","0","0","7","","3","80","","","","","","","","","","","","","","","","","","","A11","","","1","","2","","","7","7","1","13","4","120.70925","24.200526","3"
"8764","66000","387130000C","(04)23274275","(04)23288582","2026","1","21","17","36","臺中市","大里區","0","0","0","7","2","6","50","13","7","1","5","4","6","6","4","4","9","5","4","2","13","","","","","B03","","","1","","2","","","84","84","1","13","4","120.672794","24.097462","3"
"8765","66000","387130000C","(04)23274275","(04)23288582","2026","1","21","17","37","臺中市","烏日區","0","0","0","7","","","50","","","","","","","","","","","","","","13","","","","","B03","","","1","","1","","","7","7","1","6","4","120.606999","24.11178","3"
"8766","66000","387130000C","(04)23274275","(04)23288582","2026","1","21","17","38","臺中市","神岡區","0","1","0","7","1","6","50","4","2","1","5","4","6","6","1","1","5","1","5","1","13","2","9","5","4","C03","7","9","1","10","2","11","","7","7","1","12","4","120.654186","24.280286","2"
"8767","66000","387130000C","(04)23274275","(04)23288582","2026","1","21","17","39","臺中市","烏日區","0","2","0","7","2","6","50","13","8","1","5","4","6","6","4","4","1","4","4","1","13","2","1","5","4","C03","7","9","1","10","2","11","","55","55","1","6","4","120.597013","24.111627","2"
"8768","66000","387130000C","(04)23274275","(04)23288582","2026","1","21","17","40","臺中市","北屯區","0","0","0","7","","","50","","","","","","","","","","","","","","12","","","","","B03","","","1","","1","","","40","40","1","6","4","120.707083","24.195718","3"
"8769","66000","387130000C","(04)23274275","(04)23288582","2026","1","21","17","40","臺中市","西屯區","0","0","0","7","","","30","","","","","","","","","","","","","","12","","","","","B03","","","1","","1","","","76","76","1","13","4","120.619159","24.187403","3"
"8770","66000","387130000C","(04)23274275","(04)23288582","2026","1","21","17","45","臺中市","北屯區","0","0","0","7","","","50","","","","","","","","","","","","","","","","","","","B03","","","1","","1","","","8","8","1","13","4","120.697745","24.170349","3"
"8771","66000","387130000C","(04)23274275","(04)23288582","2026","1","21","17","47","臺中市","北屯區","0","0","0","7","","","50","","","","","","","","","","","","","","11","","","","","B12","","","1","","2","","","8","8","1","6","4","120.724192","24.165549","3"
"8772","66000","387130000C","(04)23274275","(04)23288582","2026","1","21","17","48","臺中市","西區","0","1","0","7","1","6","50","13","9","1","5","4","6","6","4","4","9","4","5","2","12","3","10","1","1","C03","7","9","1","10","1","12","","1","1","1","13","4","120.664474","24.133297","2"
"8773","66000","387130000C","(04)23274275","(04)23288582","2026","1","21","17","48","臺中市","龍井區","0","1","0","7","1","6","30","3","2","1","5","4","6","6","4","4","5","5","5","2","16","3","10","5","4","B03","7","6","1","8","2","4","","14","14","1","12","4","120.573738","24.184767","2"
"8774","66000","387130000C","(04)23274275","(04)23288582","2026","1","21","17","49","臺中市","太平區","0","0","0","7","","3","80","","","","","","","","","","","","","","","","","","","B03","","","1","","2","","","40","40","1","12","4","120.717215","24.15569","3"
"8775","66000","387130000C","(04)23274275","(04)23288582","2026","1","21","17","50","臺中市","北屯區","0","1","0","7","1","6","30","13","9","1","5","4","6","6","4","4","10","5","5","2","16","3","10","2","1","C03","7","5","1","10","2","12","","42","42","1","6","4","120.683547","24.170206","2"
"8776","66000","387130000C","(04)23274275","(04)23288582","2026","1","21","17","50","臺中市","豐原區","0","0","0","7","","","50","","","","","","","","","","","","","","13","","","","","B03","","","1","","2","","","40","40","1","13","4","120.708788","24.250127","3"
"8777","66000","387130000C","(04)23274275","(04)23288582","2026","1","21","17","50","臺中市","豐原區","0","0","0","7","1","6","50","13","9","1","5","4","6","6","4","4","5","5","5","1","13","3","10","2","1","C03","7","9","1","10","2","11","","7","7","1","6","4","120.720038","24.241514","3"
"8778","66000","387130000C","(04)23274275","(04)23288582","2026","1","21","17","52","臺中市","北區","0","2","0","7","1","6","50","3","1","1","5","4","6","6","4","4","5","4","5","2","13","3","10","1","1","C03","7","9","1","10","2","11","","7","7","1","12","4","120.689887","24.155461","2"
"8779","66000","387130000C","(04)23274275","(04)23288582","2026","1","21","17","52","臺中市","豐原區","0","1","0","7","1","6","30","13","9","1","5","4","6","6","4","4","10","5","5","1","13","4","11","1","1","C03","7","9","1","10","2","12","","7","7","1","12","4","120.701534","24.227126","2"
"8780","66000","387130000C","(04)23274275","(04)23288582","2026","1","21","17","53","臺中市","太平區","0","0","0","7","","","40","","","","","","","","","","","","","","","","","","","B03","","","1","","2","","","49","49","1","12","4","120.718883","24.133483","3"
"8781","66000","387130000C","(04)23274275","(04)23288582","2026","1","21","17","53","臺中市","太平區","0","0","0","7","","","50","","","","","","","","","","","","","","12","","","","","B12","","","1","","2","","","40","40","1","13","4","120.721292","24.142655","3"
"8782","66000","387130000C","(04)23274275","(04)23288582","2026","1","21","17","54","臺中市","大里區","0","1","0","7","1","6","50","13","9","1","5","4","6","6","4","4","5","2","5","1","1","3","10","3","1","B03","7","9","5","19","2","2","","58","58","1","6","4","120.69995","24.088962","2"
"8783","66000","387130000C","(04)23274275","(04)23288582","2026","1","21","17","55","臺中市","西屯區","0","1","0","7","1","6","50","13","7","1","5","4","6","6","4","4","5","4","4","1","12","2","9","1","1","C03","7","9","1","10","2","14","","84","84","1","13","4","120.665719","24.168167","2"
"8784","66000","387130000C","(04)23274275","(04)23288582","2026","1","21","17","56","臺中市","南屯區","0","1","0","7","1","6","50","13","9","1","5","4","6","6","1","1","1","4","5","2","12","2","9","1","1","C03","7","9","1","10","2","11","","85","85","1","12","4","120.648284","24.123242","2"
"8785","66000","387130000C","(04)23274275","(04)23288582","2026","1","21","17","57","臺中市","潭子區","0","1","0","7","1","6","50","4","1","1","5","4","6","6","4","4","10","5","5","2","16","3","10","3","1","B03","7","6","1","8","2","5","","14","14","1","13","4","120.696407","24.195497","2"
"8786","66000","387130000C","(04)23274275","(04)23288582","2026","1","21","17","57","臺中市","北屯區","0","1","0","7","1","6","50","13","9","1","5","4","6","6","4","4","10","5","4","2","13","2","8","2","1","C03","7","9","1","10","2","11","","7","7","1","12","4","120.691426","24.171999","2"
"8787","66000","387130000C","(04)23274275","(04)23288582","2026","1","21","17","57","臺中市","霧峰區","0","2","0","7","1","6","50","4","1","1","5","4","6","6","1","1","10","5","5","2","16","2","9","1","1","C03","7","9","1","10","1","11","","59","59","1","12","4","120.699714","24.072572","2"
"8788","66000","387130000C","(04)23274275","(04)23288582","2026","1","21","17","57","臺中市","清水區","0","0","0","7","","","50","","","","","","","","","","","","","","","","","","","B03","","","1","","2","","","84","84","1","12","4","120.546887","24.262986","3"
"8789","66000","387130000C","(04)23274275","(04)23288582","2026","1","21","17","58","臺中市","豐原區","0","1","0","7","1","6","50","13","9","1","5","4","6","6","4","4","5","5","5","1","16","3","10","5","4","B03","7","1","1","8","2","8","","51","51","1","6","4","120.721598","24.272256","2"
"8790","66000","387130000C","(04)23274275","(04)23288582","2026","1","21","17","59","臺中市","豐原區","0","1","0","7","1","6","30","13","9","1","5","4","6","6","4","4","10","5","5","1","13","2","7","5","4","C03","7","9","1","10","2","11","","7","7","1","13","4","120.72687","24.228858","2"
"8791","66000","387130000C","(04)23274275","(04)23288582","2026","1","21","18","0","臺中市","北屯區","0","3","0","7","1","6","50","4","2","1","5","4","6","6","2","1","1","4","5","2","13","2","8","1","1","C03","7","9","1","10","2","11","","7","7","1","13","4","120.698343","24.172671","2"
"8792","66000","387130000C","(04)23274275","(04)23288582","2026","1","21","18","0","臺中市","北屯區","0","0","0","7","","","50","","","","","","","","","","","","","","","","","","","B03","","","1","","2","","","84","84","1","13","4","120.690463","24.170349","3"
"8793","66000","387130000C","(04)23274275","(04)23288582","2026","1","21","18","1","臺中市","西屯區","0","0","0","7","","","40","","","","","","","","","","","","","","17","","","","","C03","","","1","","1","","","45","45","1","13","4","120.656544","24.169041","3"
"8794","66000","387130000C","(04)23274275","(04)23288582","2026","1","21","18","1","臺中市","大里區","0","1","0","7","2","6","30","4","1","1","5","4","6","6","4","4","10","5","5","2","17","3","10","5","4","C03","7","9","1","10","2","11","","84","84","1","13","4","120.703551","24.092092","2"
"8795","66000","387130000C","(04)23274275","(04)23288582","2026","1","21","18","4","臺中市","北區","0","0","0","7","","","50","","","","","","","","","","","","","","14","","","","","C03","","","1","","1","","","84","84","1","13","4","120.684319","24.147723","3"
"8796","66000","387130000C","(04)23274275","(04)23288582","2026","1","21","18","4","臺中市","北屯區","0","0","0","7","","","50","","","","","","","","","","","","","","17","","","","","B03","","","1","","2","","","51","51","1","6","4","120.682532","24.17605","4"
"8797","66000","387130000C","(04)23274275","(04)23288582","2026","1","21","18","4","臺中市","北屯區","0","0","0","7","","","50","","","","","","","","","","","","","","13","","","","","C03","","","1","","1","","","7","7","1","6","4","120.69938","24.16334","3"
"8798","66000","387130000C","(04)23274275","(04)23288582","2026","1","21","18","4","臺中市","西屯區","0","0","0","7","","","50","","","","","","","","","","","","","","12","","","","","C03","","","1","","1","","","8","8","1","13","4","120.659137","24.193667","3"
"8799","66000","387130000C","(04)23274275","(04)23288582","2026","1","21","18","5","臺中市","大雅區","0","0","0","6","","","70","","","","","","","","","","","","","","","","","","","B03","","","1","","1","","","7","7","1","13","4","120.644643","24.22671","3"
"8800","66000","387130000C","(04)23274275","(04)23288582","2026","1","21","18","5","臺中市","北區","0","0","0","7","","","50","","","","","","","","","","","","","","17","","","","","C03","","","7","","10","","","87","87","1","13","4","120.673168","24.160234","3"
"8801","66000","387130000C","(04)23274275","(04)23288582","2026","1","21","18","5","臺中市","后里區","0","0","0","7","","","50","","","","","","","","","","","","","","17","","","","","C03","","","1","","1","","","20","20","1","6","4","120.724493","24.309","3"
"8802","66000","387130000C","(04)23274275","(04)23288582","2026","1","21","18","6","臺中市","西屯區","0","2","0","6","1","6","50","4","1","1","5","4","6","6","2","1","10","5","5","2","16","2","9","1","1","C03","7","6","1","10","2","12","","14","14","1","13","4","120.615726","24.184625","2"
"8803","66000","387130000C","(04)23274275","(04)23288582","2026","1","21","18","7","臺中市","潭子區","0","1","0","7","1","6","50","4","1","1","5","4","6","6","1","1","9","2","5","1","11","2","8","2","1","C03","7","9","1","10","2","11","","84","84","1","13","4","120.674738","24.203015","2"
"8804","66000","387130000C","(04)23274275","(04)23288582","2026","1","21","18","7","臺中市","龍井區","0","1","0","7","1","6","30","11","8","1","5","4","6","6","4","4","1","4","3","1","13","3","10","3","1","B03","7","9","1","8","2","1","","84","84","1","12","4","120.504689","24.205897","2"
"8805","66000","387130000C","(04)23274275","(04)23288582","2026","1","21","18","8","臺中市","北屯區","0","0","0","7","","","40","","","","","","","","","","","","","","","","","","","B03","","","1","","1","","","87","87","1","6","4","120.68311","24.177782","3"
"8806","66000","387130000C","(04)23274275","(04)23288582","2026","1","21","18","8","臺中市","西屯區","0","2","0","7","1","6","40","4","1","1","5","4","6","6","1","1","1","4","1","1","15","2","9","5","4","C03","7","1","1","10","2","14","","84","84","1","13","4","120.635153","24.179326","2"
"8807","66000","387130000C","(04)23274275","(04)23288582","2026","1","21","18","9","臺中市","西區","0","1","0","7","1","6","50","4","2","1","5","4","6","6","2","1","8","3","4","2","13","2","9","2","1","C03","7","9","1","10","2","11","14","7","7","1","12","4","120.67538","24.133626","2"
"8808","66000","387130000C","(04)23274275","(04)23288582","2026","1","21","18","9","臺中市","西屯區","0","2","0","7","1","6","30","13","9","1","5","4","6","6","4","4","10","5","5","2","17","2","8","5","4","F01","7","9","7","21","2","11","","84","84","1","13","4","120.646277","24.168481","2"
"8809","66000","387130000C","(04)23274275","(04)23288582","2026","1","21","18","10","臺中市","潭子區","0","1","0","7","1","6","50","13","9","1","5","4","3","6","4","4","5","5","5","1","12","3","10","3","1","B03","7","1","1","8","2","5","","51","51","1","13","4","120.704661","24.20298","2"
"8810","66000","387130000C","(04)23274275","(04)23288582","2026","1","21","18","10","臺中市","南屯區","0","0","0","7","","","50","","","","","","","","","","","","","","13","","","","","B03","","","1","","1","","","59","59","1","13","4","120.647044","24.143771","3"
"8811","66000","387130000C","(04)23274275","(04)23288582","2026","1","21","18","11","臺中市","大雅區","0","0","0","7","","","60","","","","","","","","","","","","","","","","","","","B03","","","1","","1","","","84","84","1","12","4","120.646045","24.223577","4"
"8812","66000","387130000C","(04)23274275","(04)23288582","2026","1","21","18","12","臺中市","東區","0","1","0","7","1","6","50","4","1","1","5","4","6","6","2","1","1","4","4","1","15","3","10","5","4","B03","7","9","1","8","2","2","","84","84","1","13","4","120.696426","24.138937","2"
"8813","66000","387130000C","(04)23274275","(04)23288582","2026","1","21","18","15","臺中市","西屯區","0","1","0","7","1","6","40","13","8","1","5","4","6","6","4","4","10","5","5","1","30","2","9","1","1","C03","7","9","1","10","2","16","","59","59","1","13","4","120.6102","24.184317","2"
"8814","66000","387130000C","(04)23274275","(04)23288582","2026","1","21","18","16","臺中市","清水區","0","0","0","7","","","30","","","","","","","","","","","","","","","","","","","B12","","","3","","11","","","49","49","1","12","4","120.575091","24.282301","3"
"8815","66000","387130000C","(04)23274275","(04)23288582","2026","1","21","18","18","臺中市","梧棲區","0","0","0","7","","","50","","","","","","","","","","","","","","17","","","","","B12","","","1","","2","","","85","85","1","6","4","120.534564","24.254672","3"
"8816","66000","387130000C","(04)23274275","(04)23288582","2026","1","21","18","19","臺中市","西屯區","0","0","0","7","","","60","","","","","","","","","","","","","","12","","","","","B03","","","1","","1","","","8","8","1","13","4","120.64668","24.155697","3"
"8817","66000","387130000C","(04)23274275","(04)23288582","2026","1","21","18","20","臺中市","西區","0","1","0","7","1","6","50","13","9","1","5","4","6","6","4","4","5","5","5","2","16","3","10","1","1","C03","7","9","1","10","2","14","","84","84","1","12","4","120.654318","24.148934","2"
"8818","66000","387130000C","(04)23274275","(04)23288582","2026","1","21","18","25","臺中市","西屯區","0","1","0","7","1","6","50","4","2","1","5","4","6","6","2","1","4","5","4","2","13","3","10","5","4","C03","7","9","1","10","2","13","","7","7","1","13","4","120.647873","24.169797","2"
"8819","66000","387130000C","(04)23274275","(04)23288582","2026","1","21","18","25","臺中市","太平區","0","1","0","7","1","6","30","3","1","1","5","4","6","6","4","4","9","4","5","2","16","3","10","2","1","C03","7","6","1","10","2","11","","14","14","1","13","4","120.719982","24.150275","2"
"8820","66000","387130000C","(04)23274275","(04)23288582","2026","1","21","18","26","臺中市","大雅區","0","2","0","7","1","6","50","4","1","1","5","4","6","6","1","1","5","4","4","1","16","3","10","3","1","B03","7","6","1","4","2","8","","48","48","1","12","4","120.632995","24.212726","2"
"8821","66000","387130000C","(04)23274275","(04)23288582","2026","1","21","18","26","臺中市","西區","0","1","0","7","1","6","50","13","9","1","5","4","6","6","4","4","5","5","5","2","12","3","10","5","4","B03","7","9","1","8","2","5","","8","8","1","13","4","120.673839","24.14706","2"
"8822","66000","387130000C","(04)23274275","(04)23288582","2026","1","21","18","28","臺中市","東區","0","0","0","7","","","50","","","","","","","","","","","","","","17","","","","","C03","","","1","","1","","","87","87","1","12","4","120.690439","24.132999","3"
"8823","66000","387130000C","(04)23274275","(04)23288582","2026","1","21","18","32","臺中市","西屯區","0","0","0","6","","","50","","","","","","","","","","","","","","","","","","","B03","","","1","","2","","","7","7","1","13","4","120.653536","24.167717","3"
"8824","66000","387130000C","(04)23274275","(04)23288582","2026","1","21","18","32","臺中市","烏日區","0","2","0","7","1","6","50","4","1","1","5","4","6","6","1","1","10","5","5","2","16","3","10","3","1","B03","7","6","1","8","2","5","","11","11","1","6","4","120.639025","24.104757","2"
"8825","66000","387130000C","(04)23274275","(04)23288582","2026","1","21","18","35","臺中市","西屯區","0","1","0","7","1","6","50","13","9","1","5","4","6","6","4","4","1","4","5","2","30","2","9","5","4","C03","7","9","1","9","2","14","","84","84","1","13","4","120.638981","24.175014","2"
"8826","66000","387130000C","(04)23274275","(04)23288582","2026","1","21","18","36","臺中市","大甲區","0","2","0","7","1","6","50","4","1","1","5","4","6","6","4","4","10","5","5","2","15","2","9","2","1","C03","7","9","1","10","2","11","","15","15","1","6","4","120.64455","24.40401","2"
"8827","66000","387130000C","(04)23274275","(04)23288582","2026","1","21","18","38","臺中市","西區","0","1","0","7","1","6","50","4","1","1","5","4","6","6","4","4","5","4","5","2","16","3","10","3","1","B03","7","11","1","8","2","2","","45","45","1","13","4","120.667892","24.134712","2"
"8828","66000","387130000C","(04)23274275","(04)23288582","2026","1","21","18","40","臺中市","西屯區","0","1","0","7","1","6","50","13","8","1","5","4","6","6","4","4","1","4","1","1","13","3","10","5","4","B11","7","9","1","8","2","1","","7","7","1","13","4","120.6226","24.179373","2"
"8829","66000","387130000C","(04)23274275","(04)23288582","2026","1","21","18","42","臺中市","大里區","0","0","0","7","1","6","50","13","9","1","5","4","6","6","4","4","2","4","5","1","12","","","","","B03","","","1","","2","","","40","40","1","13","4","120.692073","24.101478","3"
"8830","66000","387130000C","(04)23274275","(04)23288582","2026","1","21","18","42","臺中市","豐原區","0","0","0","7","","","50","","","","","","","","","","","","","","16","","","","","B03","","","1","","2","","","13","13","1","12","4","120.727363","24.247359","3"
"8831","66000","387130000C","(04)23274275","(04)23288582","2026","1","21","18","45","臺中市","沙鹿區","0","0","0","6","","","50","","","","","","","","","","","","","","","","","","","B03","","","1","","11","","","40","40","1","13","4","120.570444","24.2003","4"
"8832","66000","387130000C","(04)23274275","(04)23288582","2026","1","21","18","48","臺中市","西屯區","0","0","0","7","","","50","","","","","","","","","","","","","","12","","","","","B03","","","1","","1","","","47","47","1","13","4","120.657199","24.194548","3"
"8833","66000","387130000C","(04)23274275","(04)23288582","2026","1","21","18","49","臺中市","烏日區","0","0","0","7","1","6","50","3","1","1","5","4","6","6","4","4","10","5","5","2","14","3","10","3","1","B03","7","2","1","8","1","3","","49","49","1","6","4","120.600273","24.109623","3"
"8834","66000","387130000C","(04)23274275","(04)23288582","2026","1","21","18","50","臺中市","西屯區","0","0","0","1","","","50","","","","","","","","","","","","","","12","","","","","B03","","","1","","2","","","84","84","1","13","4","120.625455","24.181909","3"
"8835","66000","387130000C","(04)23274275","(04)23288582","2026","1","21","18","50","臺中市","大里區","0","1","0","7","1","6","50","4","2","1","5","4","6","6","4","4","10","5","5","2","13","3","10","3","1","B12","7","9","1","8","2","1","","7","7","1","6","4","120.695668","24.096382","2"
"8836","66000","387130000C","(04)23274275","(04)23288582","2026","1","21","18","53","臺中市","南屯區","0","0","0","7","","","50","","","","","","","","","","","","","","","","","","","B03","","","1","","1","","","84","84","1","12","4","120.622326","24.150076","3"