序號,縣市別代碼,機關代碼,市話,傳真,年,月,日,時,分,縣市,區,死亡數量,受傷數量,2-30,天候,道路照明設備,道路類別,道路速限,道路型態,事故位置,路面鋪裝,路面狀態,路面缺陷,障礙物,視距,號誌種類,號誌動作,分向設施,快車道或一般車道間,快慢車道間,路面邊線,事故類型及型態,受傷程度,主要傷處,保護裝備,行動電話或功能裝置,當事者區分(類別),車輛用途,當事者行動狀態,駕照狀態,駕照種類,飲酒情形,車輛撞擊部位最初,車輛撞擊部位其他,肇事因素個別,肇事因素主要,肇事逃逸,職業,共享經濟或外送平台,GPS座標X,GPS座標Y,事故類別
"8837","66000","387130000C","(04)23274275","(04)23288582","2026","1","21","18","54","臺中市","豐原區","0","1","0","7","1","6","50","13","8","1","5","4","6","6","4","4","1","4","4","1","12","2","9","1","1","C03","7","9","1","10","2","12","","8","8","1","12","4","120.711886","24.255401","2"
"8838","66000","387130000C","(04)23274275","(04)23288582","2026","1","21","18","57","臺中市","北屯區","0","0","0","7","","","50","","","","","","","","","","","","","","17","","","","","B03","","","1","","1","","","40","40","1","6","4","120.692794","24.162343","4"
"8839","66000","387130000C","(04)23274275","(04)23288582","2026","1","21","19","0","臺中市","南屯區","0","0","0","7","","","50","","","","","","","","","","","","","","12","","","","","B03","","","1","","1","","","40","40","1","13","4","120.63766","24.14694","3"
"8840","66000","387130000C","(04)23274275","(04)23288582","2026","1","21","19","2","臺中市","北屯區","0","0","0","7","","","50","","","","","","","","","","","","","","17","","","","","B03","","","1","","1","","","8","8","1","13","4","120.68404","24.169491","3"
"8841","66000","387130000C","(04)23274275","(04)23288582","2026","1","21","19","4","臺中市","北屯區","0","1","0","7","1","6","50","4","1","1","5","4","6","6","2","1","10","5","5","2","17","3","10","3","1","B03","7","6","1","8","2","15","","48","48","1","6","4","120.690494","24.192772","2"
"8842","66000","387130000C","(04)23274275","(04)23288582","2026","1","21","19","9","臺中市","龍井區","0","0","0","7","","","50","","","","","","","","","","","","","","","","","","","C03","","","1","","2","","","34","34","1","12","4","120.587888","24.181076","3"
"8843","66000","387130000C","(04)23274275","(04)23288582","2026","1","21","19","11","臺中市","大肚區","0","2","0","7","1","6","60","4","1","1","5","4","6","6","2","1","10","5","5","2","16","2","9","3","1","B03","7","6","1","8","2","8","","25","25","1","6","4","120.547799","24.155705","2"
"8844","66000","387130000C","(04)23274275","(04)23288582","2026","1","21","19","15","臺中市","西屯區","0","2","0","6","2","6","50","3","1","1","5","4","6","6","4","4","10","5","5","2","16","2","9","1","1","C03","7","6","1","10","2","14","","14","14","1","13","4","120.62036","24.185859","2"
"8845","66000","387130000C","(04)23274275","(04)23288582","2026","1","21","19","23","臺中市","大雅區","0","1","0","7","1","6","50","11","9","1","5","4","6","6","4","4","4","1","5","2","12","3","10","1","4","C03","7","3","1","10","2","11","11","84","84","1","12","4","120.654502","24.222502","2"
"8846","66000","387130000C","(04)23274275","(04)23288582","2026","1","21","19","26","臺中市","北區","0","0","0","7","3","9","50","18","24","1","5","4","6","6","4","4","5","4","5","2","17","","","","","C02","","","3","","2","","","84","84","1","13","4","120.674072","24.147226","3"
"8847","66000","387130000C","(04)23274275","(04)23288582","2026","1","21","19","27","臺中市","神岡區","0","1","0","7","1","6","50","13","9","1","5","4","6","6","4","4","9","5","5","1","17","2","9","5","4","C03","7","9","1","10","2","16","","84","84","1","12","4","120.697322","24.25139","2"
"8848","66000","387130000C","(04)23274275","(04)23288582","2026","1","21","19","42","臺中市","大甲區","0","0","0","7","","","50","","","","","","","","","","","","","","","","","","","F03","","","1","","2","","","8","8","1","6","4","120.641515","24.401728","3"
"8849","66000","387130000C","(04)23274275","(04)23288582","2026","1","21","19","44","臺中市","豐原區","0","2","0","7","1","6","50","3","1","1","5","4","6","6","1","1","1","4","5","2","16","3","10","5","4","B03","7","6","1","8","2","6","","11","11","1","13","4","120.701116","24.249396","2"
"8850","66000","387130000C","(04)23274275","(04)23288582","2026","1","21","19","53","臺中市","霧峰區","0","0","0","7","","","50","","","","","","","","","","","","","","","","","","","C03","","","1","","2","","","39","39","1","12","4","120.693259","24.066116","3"
"8851","66000","387130000C","(04)23274275","(04)23288582","2026","1","21","19","54","臺中市","梧棲區","0","0","0","7","","","50","","","","","","","","","","","","","","13","","","","","B03","","","1","","2","","","7","7","1","6","4","120.536093","24.259041","3"
"8852","66000","387130000C","(04)23274275","(04)23288582","2026","1","21","20","8","臺中市","清水區","0","0","0","7","","","50","","","","","","","","","","","","","","","","","","","","","","","","","","","119","119","1","","","120.558331","24.266754","3"
"8853","66000","387130000C","(04)23274275","(04)23288582","2026","1","21","20","11","臺中市","龍井區","0","2","0","7","1","6","30","4","1","1","5","4","6","6","3","1","10","5","5","2","15","3","10","5","4","B03","7","9","1","8","2","5","","24","24","1","12","4","120.569605","24.194681","2"
"8854","66000","387130000C","(04)23274275","(04)23288582","2026","1","21","20","13","臺中市","南屯區","0","0","0","7","1","6","40","13","8","1","5","4","6","6","4","4","5","5","4","2","12","","","","","C03","","","1","","2","","","51","51","1","12","4","120.61268","24.139321","3"
"8855","66000","387130000C","(04)23274275","(04)23288582","2026","1","21","20","18","臺中市","西屯區","0","0","0","7","","","50","","","","","","","","","","","","","","13","","","","","B03","","","1","","1","","","7","7","1","13","4","120.649608","24.162865","3"
"8856","66000","387130000C","(04)23274275","(04)23288582","2026","1","21","20","28","臺中市","大里區","0","0","0","7","1","6","50","4","1","1","5","4","6","6","1","1","5","5","4","2","16","","","","","B03","","","1","","2","","","11","11","1","13","4","120.676251","24.113565","3"
"8857","66000","387130000C","(04)23274275","(04)23288582","2026","1","21","20","29","臺中市","沙鹿區","0","0","0","7","","","60","","","","","","","","","","","","","","12","","","","","B03","","","1","","2","","","84","84","1","6","4","120.575279","24.252314","3"
"8858","66000","387130000C","(04)23274275","(04)23288582","2026","1","21","20","33","臺中市","中區","0","3","0","7","1","6","40","4","1","1","5","4","6","6","4","4","10","5","5","2","15","2","9","1","1","C03","7","9","1","10","2","11","","15","15","1","12","4","120.681537","24.137231","2"
"8859","66000","387130000C","(04)23274275","(04)23288582","2026","1","21","20","34","臺中市","西屯區","0","1","0","7","1","6","50","4","1","1","5","4","6","6","1","1","1","3","5","1","16","3","10","5","4","B03","7","1","1","8","2","4","","51","51","1","13","4","120.656039","24.169585","2"
"8860","66000","387130000C","(04)23274275","(04)23288582","2026","1","21","20","34","臺中市","龍井區","0","1","0","7","1","6","70","13","7","1","5","4","6","6","4","4","1","4","4","2","5","3","10","3","1","B03","7","9","1","8","2","16","","85","85","1","6","4","120.506642","24.202086","2"
"8861","66000","387130000C","(04)23274275","(04)23288582","2026","1","21","20","34","臺中市","豐原區","0","1","0","7","1","6","50","4","1","1","5","4","6","6","3","1","5","5","5","2","15","2","9","1","1","C03","7","9","1","10","2","12","","24","24","1","12","4","120.720878","24.250648","2"
"8862","66000","387130000C","(04)23274275","(04)23288582","2026","1","21","20","40","臺中市","北屯區","0","1","0","6","1","6","50","3","2","1","5","4","6","6","4","4","5","5","4","2","17","3","10","2","1","C03","7","6","1","10","1","14","","48","48","1","12","4","120.72458","24.171477","2"
"8863","66000","387130000C","(04)23274275","(04)23288582","2026","1","21","20","48","臺中市","西屯區","0","0","0","7","","","50","","","","","","","","","","","","","","12","","","","","C03","","","1","","1","","","8","8","1","13","4","120.645414","24.175691","3"
"8864","66000","387130000C","(04)23274275","(04)23288582","2026","1","21","20","49","臺中市","北屯區","0","1","0","7","1","6","50","4","1","1","5","4","6","6","2","1","10","5","5","2","16","3","10","3","1","B03","7","6","1","8","2","5","","48","48","1","12","4","120.687041","24.168173","2"
"8865","66000","387130000C","(04)23274275","(04)23288582","2026","1","21","20","49","臺中市","大里區","0","0","0","7","","","50","","","","","","","","","","","","","","17","","","","","B03","","","1","8","2","","","84","84","1","13","4","120.693697","24.092147","3"
"8866","66000","387130000C","(04)23274275","(04)23288582","2026","1","21","20","57","臺中市","新社區","0","0","0","7","","","50","","","","","","","","","","","","","","","","","","","B03","","","1","","2","","","84","84","1","10","4","120.795678","24.205968","3"
"8867","66000","387130000C","(04)23274275","(04)23288582","2026","1","21","20","58","臺中市","太平區","0","1","0","7","1","6","50","13","9","1","5","4","6","6","4","4","1","4","5","2","28","","","","","","","","","","","","","118","118","1","","","120.725239","24.153896","2"
"8868","66000","387130000C","(04)23274275","(04)23288582","2026","1","21","21","1","臺中市","西屯區","0","1","0","7","2","6","50","13","9","1","5","4","6","6","4","4","10","4","5","2","13","3","10","3","1","B03","7","11","1","8","2","8","","45","45","1","13","4","120.612706","24.190255","2"
"8869","66000","387130000C","(04)23274275","(04)23288582","2026","1","21","21","3","臺中市","豐原區","0","0","0","7","","","50","","","","","","","","","","","","","","13","","","","","B03","","","1","","1","","","59","59","1","13","4","120.719876","24.261214","3"
"8870","66000","387130000C","(04)23274275","(04)23288582","2026","1","21","21","6","臺中市","太平區","0","1","0","7","1","6","50","13","14","1","5","4","6","6","4","4","4","5","5","1","17","2","9","2","1","C03","7","9","3","19","2","11","","39","39","1","12","4","120.717313","24.130449","2"
"8871","66000","387130000C","(04)23274275","(04)23288582","2026","1","21","21","14","臺中市","西屯區","0","2","0","7","1","6","50","3","19","1","5","4","6","6","4","4","10","5","5","2","9","2","9","5","4","C03","7","12","1","10","2","14","","84","84","1","13","4","120.645172","24.177958","2"
"8872","66000","387130000C","(04)23274275","(04)23288582","2026","1","21","21","14","臺中市","豐原區","0","0","0","7","","","60","","","","","","","","","","","","","","13","","","","","B03","","","1","","1","","","7","7","1","12","4","120.720217","24.264003","3"
"8873","66000","387130000C","(04)23274275","(04)23288582","2026","1","21","21","20","臺中市","北屯區","0","0","0","7","","","30","","","","","","","","","","","","","","17","","","","","B03","","","1","","2","","","84","84","1","12","4","120.718084","24.174294","3"
"8874","66000","387130000C","(04)23274275","(04)23288582","2026","1","21","21","30","臺中市","南區","0","1","0","7","1","6","50","13","9","1","5","4","6","6","4","4","2","4","5","2","12","3","10","3","1","B03","7","4","1","8","2","2","","84","84","1","12","4","120.679622","24.121994","2"
"8875","66000","387130000C","(04)23274275","(04)23288582","2026","1","21","21","34","臺中市","梧棲區","0","0","0","7","","","50","","","","","","","","","","","","","","12","","","","","B01","","","1","","2","","","51","51","1","12","4","120.531045","24.255855","3"
"8876","66000","387130000C","(04)23274275","(04)23288582","2026","1","21","21","35","臺中市","南屯區","0","1","0","7","1","6","50","4","2","1","5","4","6","6","2","1","5","4","5","2","12","3","10","5","4","B01","7","9","1","4","2","5","","8","8","1","6","4","120.63888","24.147082","2"
"8877","66000","387130000C","(04)23274275","(04)23288582","2026","1","21","21","39","臺中市","太平區","0","1","0","7","2","6","50","13","9","1","5","4","6","6","4","4","5","5","5","1","17","3","10","2","1","C03","7","2","1","10","2","13","","49","49","1","12","4","120.726933","24.149826","2"
"8878","66000","387130000C","(04)23274275","(04)23288582","2026","1","21","21","44","臺中市","西區","0","0","0","7","","","50","","","","","","","","","","","","","","12","","","","","B02","","","1","","1","","","59","59","1","13","4","120.660359","24.146693","3"
"8879","66000","387130000C","(04)23274275","(04)23288582","2026","1","21","21","47","臺中市","太平區","0","0","0","7","","","50","","","","","","","","","","","","","","17","","","","","B12","","","1","","2","","","50","50","1","13","4","120.737975","24.15697","3"
"8880","66000","387130000C","(04)23274275","(04)23288582","2026","1","21","21","49","臺中市","北區","0","2","0","7","1","6","40","13","8","1","5","4","6","6","4","4","3","4","4","2","17","2","1","3","1","B03","7","9","1","8","2","1","","84","84","1","12","4","120.671744","24.171146","2"
"8881","66000","387130000C","(04)23274275","(04)23288582","2026","1","21","21","53","臺中市","沙鹿區","0","1","0","7","1","6","30","3","2","1","5","4","6","6","4","4","10","5","5","2","18","2","7","1","1","C03","7","12","1","10","2","12","","82","82","1","12","4","120.559893","24.233063","2"
"8882","66000","387130000C","(04)23274275","(04)23288582","2026","1","21","22","3","臺中市","西屯區","0","0","0","7","","","0","","","","","","","","","","","","","","14","","","","","B02","","","1","","2","","","39","39","1","13","4","120.650848","24.16155","3"
"8883","66000","387130000C","(04)23274275","(04)23288582","2026","1","21","22","6","臺中市","西屯區","0","1","0","7","1","6","40","3","2","1","5","4","6","6","4","4","4","5","4","2","17","3","10","5","4","C03","7","11","1","10","2","13","","45","45","1","13","4","120.666638","24.172384","2"
"8884","66000","387130000C","(04)23274275","(04)23288582","2026","1","21","22","7","臺中市","中區","0","1","0","7","1","6","50","4","1","1","5","4","6","6","2","1","8","3","5","2","16","3","10","3","1","B03","7","5","1","8","2","2","","11","11","1","12","4","120.676059","24.145502","2"
"8885","66000","387130000C","(04)23274275","(04)23288582","2026","1","21","22","11","臺中市","南區","0","1","0","7","1","6","50","13","9","1","5","4","6","6","4","4","1","4","5","2","17","2","9","5","4","C03","7","9","1","10","2","12","","59","59","1","12","4","120.669916","24.115397","2"
"8886","66000","387130000C","(04)23274275","(04)23288582","2026","1","21","22","31","臺中市","西屯區","0","1","0","6","1","6","50","5","1","1","5","4","6","6","2","1","10","5","5","2","6","2","9","6","5","H01","8","18","7","21","10","17","","96","96","1","13","5","120.637944","24.175613","2"
"8887","66000","387130000C","(04)23274275","(04)23288582","2026","1","21","22","40","臺中市","南區","0","1","0","7","1","6","50","13","9","1","5","4","6","6","4","4","9","4","5","2","17","3","10","5","4","B03","7","11","1","8","2","4","","45","45","1","13","4","120.664039","24.1136","2"
"8888","66000","387130000C","(04)23274275","(04)23288582","2026","1","21","22","42","臺中市","北屯區","0","1","0","7","1","6","50","4","1","1","5","4","6","6","2","1","10","5","5","2","12","3","10","2","1","C03","7","15","3","19","2","14","","39","39","1","6","4","120.685207","24.171928","2"
"8889","66000","387130000C","(04)23274275","(04)23288582","2026","1","21","22","58","臺中市","太平區","0","0","0","7","","","30","","","","","","","","","","","","","","15","","","","","C03","","","1","","2","","","15","15","1","5","4","120.735173","24.145173","3"
"8890","66000","387130000C","(04)23274275","(04)23288582","2026","1","21","23","0","臺中市","南屯區","0","2","0","6","1","6","50","11","9","1","5","4","6","6","4","4","5","5","5","1","17","2","9","2","1","C03","7","9","3","19","2","12","","85","85","1","13","4","120.576177","24.14626","2"
"8891","66000","387130000C","(04)23274275","(04)23288582","2026","1","21","23","2","臺中市","沙鹿區","0","2","0","6","1","6","30","11","9","1","5","4","6","6","4","4","10","5","5","2","17","2","9","5","4","C03","7","9","1","10","2","14","","41","41","1","13","4","120.566201","24.231167","2"
"8892","66000","387130000C","(04)23274275","(04)23288582","2026","1","21","23","18","臺中市","梧棲區","0","2","0","7","1","6","40","4","1","1","5","4","6","6","1","1","10","5","5","2","13","2","9","1","1","C03","7","9","1","10","2","11","","7","7","1","12","4","120.551906","24.244405","2"
"8893","66000","387130000C","(04)23274275","(04)23288582","2026","1","21","23","24","臺中市","南區","0","0","0","7","","","50","","","","","","","","","","","","","","13","","","","","B03","","","1","","1","","","82","82","1","12","4","120.677208","24.126284","3"
"8894","66000","387130000C","(04)23274275","(04)23288582","2026","1","21","23","37","臺中市","大里區","0","1","0","7","2","6","50","13","9","1","5","4","6","6","4","4","5","4","5","1","18","2","9","1","1","C03","7","9","1","10","2","11","","55","55","1","12","4","120.700959","24.101284","2"
"8895","66000","387130000C","(04)23274275","(04)23288582","2026","1","21","23","51","臺中市","北屯區","0","0","0","7","","","50","","","","","","","","","","","","","","14","","","","","B03","","","1","","1","","","49","49","1","6","4","120.691269","24.170741","3"
"8896","66000","387130000C","(04)23274275","(04)23288582","2026","1","21","23","55","臺中市","南屯區","0","2","0","7","1","6","50","4","2","1","5","4","6","6","2","1","1","4","4","2","3","3","10","3","1","B03","7","5","1","8","6","1","","10","10","2","12","4","120.623163","24.149223","2"
"8897","66000","387130000C","(04)23274275","(04)23288582","2026","1","22","0","18","臺中市","南屯區","0","0","0","7","","","40","","","","","","","","","","","","","","13","","","","","C03","","","1","","1","","","7","7","1","6","4","120.623158","24.149919","3"
"8898","66000","387130000C","(04)23274275","(04)23288582","2026","1","22","0","25","臺中市","龍井區","0","0","0","7","","","50","","","","","","","","","","","","","","","","","","","B03","","","1","","2","","","59","59","1","6","4","120.525728","24.216875","3"
"8899","66000","387130000C","(04)23274275","(04)23288582","2026","1","22","0","37","臺中市","南區","0","1","0","7","3","6","50","4","1","1","5","4","6","6","1","1","10","5","5","2","18","2","9","5","4","C03","7","9","1","10","2","14","","84","84","1","12","4","120.676183","24.132628","2"
"8900","66000","387130000C","(04)23274275","(04)23288582","2026","1","22","0","38","臺中市","太平區","0","0","0","7","","","50","","","","","","","","","","","","","","","","","","","B03","","","1","","2","","","54","54","2","12","4","120.719411","24.115725","3"
"8901","66000","387130000C","(04)23274275","(04)23288582","2026","1","22","2","6","臺中市","豐原區","0","1","0","7","1","6","50","3","2","1","5","4","6","6","1","1","5","5","5","2","17","2","8","1","4","C03","7","1","1","10","2","11","","51","51","1","12","4","120.745315","24.255238","2"
"8902","66000","387130000C","(04)23274275","(04)23288582","2026","1","22","2","38","臺中市","西屯區","0","0","0","7","","","50","","","","","","","","","","","","","","","","","","","B03","","","1","","2","","","59","59","1","12","4","120.667123","24.173226","3"
"8903","66000","387130000C","(04)23274275","(04)23288582","2026","1","22","3","0","臺中市","南屯區","0","1","0","6","1","6","50","13","8","1","5","4","6","6","4","4","5","5","4","2","17","2","9","3","1","B01","7","9","1","8","2","2","","54","54","1","13","4","120.614797","24.144704","2"
"8904","66000","387130000C","(04)23274275","(04)23288582","2026","1","22","3","15","臺中市","東區","0","1","0","7","1","6","50","4","1","1","5","4","6","6","4","4","10","5","5","2","15","2","8","1","1","C03","7","9","3","19","2","11","","12","12","1","12","4","120.697178","24.141514","2"
"8905","66000","387130000C","(04)23274275","(04)23288582","2026","1","22","4","50","臺中市","西屯區","0","1","0","7","1","6","50","4","9","1","5","4","6","6","1","1","5","4","5","2","12","2","8","2","4","C03","7","8","1","10","2","14","","40","40","1","12","4","120.644967","24.177341","2"
"8906","66000","387130000C","(04)23274275","(04)23288582","2026","1","22","4","52","臺中市","大甲區","0","1","0","1","1","6","60","13","9","1","5","4","6","6","4","4","4","4","5","1","21","2","9","3","1","B03","7","9","1","8","2","1","","7","7","1","6","4","120.653376","24.373048","2"
"8907","66000","387130000C","(04)23274275","(04)23288582","2026","1","22","5","29","臺中市","北屯區","0","1","0","7","1","6","30","4","1","1","5","4","6","6","4","4","10","5","5","2","15","2","9","1","1","C03","7","9","1","10","2","11","","15","15","1","12","4","120.701896","24.167529","2"
"8908","66000","387130000C","(04)23274275","(04)23288582","2026","1","22","5","55","臺中市","中區","0","0","0","7","","","50","","","","","","","","","","","","","","","","","","","C03","","","1","","1","","","84","84","1","6","4","120.684777","24.139895","3"
"8909","66000","387130000C","(04)23274275","(04)23288582","2026","1","22","6","27","臺中市","南屯區","0","1","0","7","1","6","50","13","9","1","5","4","6","6","4","4","1","4","5","2","13","3","10","5","4","B03","7","9","1","8","2","1","","56","56","1","6","4","120.615995","24.146627","2"
"8910","66000","387130000C","(04)23274275","(04)23288582","2026","1","22","6","36","臺中市","東區","0","0","0","7","","","50","","","","","","","","","","","","","","13","","","","","C03","","","1","","9","","","84","84","1","12","4","120.696621","24.133062","3"
"8911","66000","387130000C","(04)23274275","(04)23288582","2026","1","22","6","38","臺中市","南屯區","0","0","0","7","","","50","","","","","","","","","","","","","","","","","","","A12","","","1","","9","","","8","8","2","13","4","120.650705","24.14928","3"
"8912","66000","387130000C","(04)23274275","(04)23288582","2026","1","22","6","40","臺中市","東勢區","0","1","0","7","2","6","50","3","1","1","5","4","6","6","3","1","10","5","5","2","17","3","10","3","1","B03","7","11","1","8","2","5","","14","14","1","12","4","120.815114","24.306426","2"
"8913","66000","387130000C","(04)23274275","(04)23288582","2026","1","22","6","42","臺中市","大里區","0","0","0","7","","","30","","","","","","","","","","","","","","11","","","","","B03","","","1","","2","","","24","24","1","12","4","120.69255","24.074784","3"
"8914","66000","387130000C","(04)23274275","(04)23288582","2026","1","22","6","45","臺中市","大雅區","0","0","0","7","","","70","","","","","","","","","","","","","","13","","","","","B03","","","1","","2","","","7","7","1","12","4","120.634726","24.236486","3"
"8915","66000","387130000C","(04)23274275","(04)23288582","2026","1","22","6","50","臺中市","西屯區","0","1","0","6","2","6","50","13","9","1","5","4","6","6","4","4","1","4","5","2","18","2","9","2","1","C03","7","9","1","10","2","16","","87","87","1","12","4","120.600024","24.209157","2"
"8916","66000","387130000C","(04)23274275","(04)23288582","2026","1","22","7","2","臺中市","西屯區","0","2","0","6","2","6","50","3","19","1","5","4","6","6","4","4","10","5","5","2","3","2","9","2","4","C03","7","9","1","10","2","11","","59","59","1","12","4","120.662099","24.172824","2"
"8917","66000","387130000C","(04)23274275","(04)23288582","2026","1","22","7","2","臺中市","豐原區","0","0","0","7","","","50","","","","","","","","","","","","","","18","","","","","C03","","","1","","2","","","82","82","1","13","2","120.706117","24.242659","4"
"8918","66000","387130000C","(04)23274275","(04)23288582","2026","1","22","7","4","臺中市","大雅區","0","2","0","7","3","6","30","4","1","1","5","4","6","6","4","4","10","5","5","2","17","2","8","2","1","C03","7","6","1","10","2","11","","14","14","1","12","4","120.657186","24.226123","2"
"8919","66000","387130000C","(04)23274275","(04)23288582","2026","1","22","7","5","臺中市","西屯區","0","1","0","7","2","6","30","3","1","1","5","4","6","6","4","4","10","5","5","2","15","3","10","5","4","B03","7","9","1","8","2","5","","15","15","1","13","4","120.615949","24.188232","2"
"8920","66000","387130000C","(04)23274275","(04)23288582","2026","1","22","7","5","臺中市","梧棲區","0","2","0","7","2","6","40","13","7","1","5","4","6","6","4","4","3","4","3","1","16","2","9","2","1","C03","7","6","1","10","2","14","","48","48","1","12","4","120.530519","24.252094","2"
"8921","66000","387130000C","(04)23274275","(04)23288582","2026","1","22","7","5","臺中市","沙鹿區","0","1","0","7","3","6","50","3","1","1","5","4","6","6","2","1","10","5","5","2","16","3","10","3","1","B03","7","5","1","8","2","5","","11","11","1","6","4","120.564521","24.238511","2"
"8922","66000","387130000C","(04)23274275","(04)23288582","2026","1","22","7","18","臺中市","南屯區","0","0","0","7","","","50","","","","","","","","","","","","","","14","","","","","B03","","","1","","1","","","59","59","1","13","4","120.619503","24.145285","3"
"8923","66000","387130000C","(04)23274275","(04)23288582","2026","1","22","7","25","臺中市","西屯區","0","0","0","7","","","70","","","","","","","","","","","","","","12","","","","","B03","","","1","","1","","","40","40","1","13","4","120.614123","24.183851","3"
"8924","66000","387130000C","(04)23274275","(04)23288582","2026","1","22","7","26","臺中市","北區","0","1","0","7","3","6","50","4","2","1","5","4","6","6","1","1","5","2","4","2","12","2","9","5","4","C03","7","9","1","10","2","14","","7","7","1","13","4","120.680552","24.165129","2"
"8925","66000","387130000C","(04)23274275","(04)23288582","2026","1","22","7","27","臺中市","西區","0","0","0","7","","","50","","","","","","","","","","","","","","9","","","","","B03","","","1","","2","","","84","84","1","13","4","120.679212","24.13808","3"
"8926","66000","387130000C","(04)23274275","(04)23288582","2026","1","22","7","28","臺中市","豐原區","0","0","0","7","","","50","","","","","","","","","","","","","","13","","","","","C03","","","1","","2","","","58","58","1","13","4","120.721469","24.278046","3"
"8927","66000","387130000C","(04)23274275","(04)23288582","2026","1","22","7","32","臺中市","東區","0","1","0","7","1","6","50","4","4","1","5","4","6","6","1","1","10","5","5","2","13","2","9","5","4","C03","7","9","1","10","2","11","","84","84","1","13","4","120.701835","24.131786","2"
"8928","66000","387130000C","(04)23274275","(04)23288582","2026","1","22","7","33","臺中市","北屯區","0","0","0","7","","","30","","","","","","","","","","","","","","14","","","","","B01","","","1","","1","","","49","49","1","12","4","120.688639","24.194273","3"
"8929","66000","387130000C","(04)23274275","(04)23288582","2026","1","22","7","38","臺中市","西屯區","0","3","0","7","2","6","50","3","1","1","5","4","6","6","4","4","10","5","5","2","16","2","9","1","1","C03","7","4","1","10","2","11","","1","1","1","12","4","120.621522","24.186203","2"
"8930","66000","387130000C","(04)23274275","(04)23288582","2026","1","22","7","39","臺中市","大雅區","0","0","0","6","","","30","","","","","","","","","","","","","","","","","","","C03","","","1","","1","","","7","7","1","13","4","120.631916","24.228247","3"
"8931","66000","387130000C","(04)23274275","(04)23288582","2026","1","22","7","40","臺中市","北屯區","0","0","0","6","","","50","","","","","","","","","","","","","","12","","","","","B02","","","1","","1","","","8","8","1","6","4","120.692925","24.162296","3"
"8932","66000","387130000C","(04)23274275","(04)23288582","2026","1","22","7","40","臺中市","大肚區","0","0","0","7","","","50","","","","","","","","","","","","","","12","","","","","B03","","","1","","2","","","7","7","1","6","4","120.574744","24.169927","3"
"8933","66000","387130000C","(04)23274275","(04)23288582","2026","1","22","7","42","臺中市","清水區","0","2","0","7","3","6","50","13","9","1","5","4","6","6","4","4","8","3","4","1","17","2","9","6","1","F01","7","6","7","21","2","14","","84","84","1","12","4","120.564136","24.300164","2"
"8934","66000","387130000C","(04)23274275","(04)23288582","2026","1","22","7","44","臺中市","東區","0","0","0","7","","","50","","","","","","","","","","","","","","","","","","","B12","","","1","","2","","","7","7","1","6","4","120.710611","24.141796","3"
"8935","66000","387130000C","(04)23274275","(04)23288582","2026","1","22","7","44","臺中市","大甲區","0","0","0","7","","","50","","","","","","","","","","","","","","16","","","","","B03","","","1","","2","","","14","14","1","12","4","120.617042","24.348269","3"
"8936","66000","387130000C","(04)23274275","(04)23288582","2026","1","22","7","45","臺中市","大肚區","0","1","0","7","2","6","30","3","2","1","5","4","6","6","4","4","10","5","5","2","17","3","10","3","1","A11","7","6","1","3","2","16","","85","85","1","6","4","120.568358","24.125205","2"
"8937","66000","387130000C","(04)23274275","(04)23288582","2026","1","22","7","45","臺中市","沙鹿區","0","0","0","7","","","40","","","","","","","","","","","","","","12","","","","","C03","","","1","","2","","","40","40","1","12","4","120.580344","24.198087","3"
"8938","66000","387130000C","(04)23274275","(04)23288582","2026","1","22","7","49","臺中市","大里區","0","0","0","6","","","50","","","","","","","","","","","","","","13","","","","","C03","","","1","","2","","","7","7","1","12","4","120.672317","24.102452","3"
"8939","66000","387130000C","(04)23274275","(04)23288582","2026","1","22","7","50","臺中市","南屯區","0","0","0","7","","","50","","","","","","","","","","","","","","13","","","","","B12","","","1","","1","","","7","7","1","12","4","120.621679","24.150656","3"
"8940","66000","387130000C","(04)23274275","(04)23288582","2026","1","22","7","50","臺中市","南屯區","0","1","0","6","2","6","50","3","1","1","5","4","6","6","1","1","5","4","5","2","17","3","10","3","1","B03","7","5","1","8","2","5","","47","47","1","13","4","120.622269","24.14031","2"
"8941","66000","387130000C","(04)23274275","(04)23288582","2026","1","22","7","51","臺中市","烏日區","0","1","0","7","2","6","50","4","2","1","5","4","6","6","4","4","1","4","1","1","16","3","10","5","4","B03","7","5","1","8","2","6","","39","39","1","13","4","120.583612","24.110364","2"
"8942","66000","387130000C","(04)23274275","(04)23288582","2026","1","22","7","52","臺中市","后里區","0","0","0","7","","","30","","","","","","","","","","","","","","13","","","","","C03","","","1","","2","","","7","7","1","6","4","120.72843","24.315006","3"
"8943","66000","387130000C","(04)23274275","(04)23288582","2026","1","22","7","56","臺中市","西屯區","0","1","0","7","2","6","40","3","1","1","5","4","6","6","4","4","1","5","5","2","13","2","4","2","4","C03","7","9","1","10","2","11","","7","7","1","13","4","120.602072","24.182797","2"
"8944","66000","387130000C","(04)23274275","(04)23288582","2026","1","22","7","56","臺中市","霧峰區","0","0","0","6","","","30","","","","","","","","","","","","","","17","","","","","B03","","","1","","1","","","8","8","1","13","4","120.687016","24.036545","3"
"8945","66000","387130000C","(04)23274275","(04)23288582","2026","1","22","7","58","臺中市","西屯區","0","1","0","7","2","6","50","5","1","1","5","4","6","6","2","1","10","5","5","2","12","3","10","2","1","C03","7","9","1","10","2","12","","8","8","1","12","4","120.60607","24.162362","2"