序號,縣市別代碼,機關代碼,市話,傳真,年,月,日,時,分,縣市,區,死亡數量,受傷數量,2-30,天候,道路照明設備,道路類別,道路速限,道路型態,事故位置,路面鋪裝,路面狀態,路面缺陷,障礙物,視距,號誌種類,號誌動作,分向設施,快車道或一般車道間,快慢車道間,路面邊線,事故類型及型態,受傷程度,主要傷處,保護裝備,行動電話或功能裝置,當事者區分(類別),車輛用途,當事者行動狀態,駕照狀態,駕照種類,飲酒情形,車輛撞擊部位最初,車輛撞擊部位其他,肇事因素個別,肇事因素主要,肇事逃逸,職業,共享經濟或外送平台,GPS座標X,GPS座標Y,事故類別
"8946","66000","387130000C","(04)23274275","(04)23288582","2026","1","22","7","58","臺中市","沙鹿區","0","2","0","7","2","6","40","4","1","1","5","4","6","6","1","1","10","5","5","2","17","2","5","2","1","C03","7","9","1","10","2","11","13","7","7","1","6","4","120.568116","24.238083","2"
"8947","66000","387130000C","(04)23274275","(04)23288582","2026","1","22","8","0","臺中市","南屯區","0","1","0","7","2","6","50","3","1","1","5","4","6","6","4","4","10","5","5","2","18","2","9","2","1","C03","7","9","1","10","1","16","","84","84","1","12","4","120.653922","24.140998","2"
"8948","66000","387130000C","(04)23274275","(04)23288582","2026","1","22","8","0","臺中市","西屯區","0","0","0","7","","","30","","","","","","","","","","","","","","14","","","","","B03","","","1","","1","","","49","49","1","12","4","120.640123","24.180811","3"
"8949","66000","387130000C","(04)23274275","(04)23288582","2026","1","22","8","9","臺中市","西屯區","0","1","0","6","2","6","50","3","1","1","5","4","6","6","4","4","1","4","5","2","12","3","10","3","1","B01","7","5","1","8","2","2","","47","47","1","12","4","120.650274","24.16395","2"
"8950","66000","387130000C","(04)23274275","(04)23288582","2026","1","22","8","9","臺中市","霧峰區","0","0","0","7","","","40","","","","","","","","","","","","","","13","","","","","B03","","","1","","2","","","58","58","1","6","4","120.69997","24.075375","3"
"8951","66000","387130000C","(04)23274275","(04)23288582","2026","1","22","8","19","臺中市","南屯區","0","1","0","6","2","6","50","4","1","1","5","4","6","6","1","1","5","5","5","2","17","3","10","3","1","B03","7","5","1","8","9","16","","11","11","1","13","4","120.643934","24.133373","2"
"8952","66000","387130000C","(04)23274275","(04)23288582","2026","1","22","8","20","臺中市","神岡區","0","2","0","7","2","6","50","3","1","1","5","4","6","6","4","4","10","5","5","1","16","2","9","5","4","C03","7","6","1","10","2","14","","14","14","1","13","4","120.696648","24.254711","2"
"8953","66000","387130000C","(04)23274275","(04)23288582","2026","1","22","8","21","臺中市","西區","0","1","0","7","2","6","50","3","1","1","5","4","6","6","4","4","10","5","5","2","13","2","8","2","1","C03","7","9","1","10","2","11","","84","84","1","13","4","120.655054","24.150321","2"
"8954","66000","387130000C","(04)23274275","(04)23288582","2026","1","22","8","22","臺中市","梧棲區","0","1","0","7","3","6","30","3","1","1","5","4","6","6","4","4","10","5","5","2","13","2","8","1","1","C03","7","9","1","10","2","11","","7","7","1","6","4","120.54753","24.234759","2"
"8955","66000","387130000C","(04)23274275","(04)23288582","2026","1","22","8","24","臺中市","東區","0","0","0","7","","","50","","","","","","","","","","","","","","13","","","","","C03","","","1","","1","","","7","7","1","13","4","120.699219","24.147913","4"
"8956","66000","387130000C","(04)23274275","(04)23288582","2026","1","22","8","25","臺中市","大里區","0","1","0","7","2","6","50","3","1","1","5","4","6","6","4","4","10","5","5","2","17","2","8","5","4","F06","7","6","7","21","2","11","","14","14","1","6","4","120.691846","24.088917","2"
"8957","66000","387130000C","(04)23274275","(04)23288582","2026","1","22","8","26","臺中市","西屯區","0","0","0","7","","","40","","","","","","","","","","","","","","17","","","","","C03","","","1","","9","","","49","49","2","13","4","120.648017","24.172192","3"
"8958","66000","387130000C","(04)23274275","(04)23288582","2026","1","22","8","26","臺中市","龍井區","0","1","0","7","2","6","30","4","1","1","5","4","6","6","4","4","5","5","5","2","16","3","10","3","1","B03","7","6","1","8","2","1","","12","12","1","12","4","120.522894","24.211109","2"
"8959","66000","387130000C","(04)23274275","(04)23288582","2026","1","22","8","27","臺中市","南屯區","0","0","0","7","","","50","","","","","","","","","","","","","","13","","","","","C03","","","1","","1","","","84","84","1","13","4","120.652985","24.13785","3"
"8960","66000","387130000C","(04)23274275","(04)23288582","2026","1","22","8","28","臺中市","南屯區","0","1","0","7","2","6","50","13","7","1","5","4","6","6","4","4","5","4","4","2","17","3","10","3","1","B03","7","1","1","8","2","4","","51","51","1","13","4","120.652518","24.137989","2"
"8961","66000","387130000C","(04)23274275","(04)23288582","2026","1","22","8","28","臺中市","龍井區","0","2","0","7","2","6","30","4","1","1","5","4","6","6","4","4","5","5","5","2","15","2","9","1","1","C03","7","9","1","10","2","12","","15","15","1","12","4","120.529029","24.179871","2"
"8962","66000","387130000C","(04)23274275","(04)23288582","2026","1","22","8","30","臺中市","外埔區","0","1","0","7","2","6","50","13","9","1","5","4","6","6","4","4","5","5","5","2","12","2","9","1","1","C03","7","6","1","10","2","12","","4","4","1","12","4","120.630258","24.326989","2"
"8963","66000","387130000C","(04)23274275","(04)23288582","2026","1","22","8","32","臺中市","西屯區","0","0","0","7","","","50","","","","","","","","","","","","","","12","","","","","B02","","","1","","2","","","84","84","1","13","4","120.652784","24.160539","3"
"8964","66000","387130000C","(04)23274275","(04)23288582","2026","1","22","8","32","臺中市","太平區","0","0","0","7","","","50","","","","","","","","","","","","","","12","","","","","B03","","","1","","1","","","50","50","1","12","4","120.710083","24.154674","3"
"8965","66000","387130000C","(04)23274275","(04)23288582","2026","1","22","8","37","臺中市","西屯區","0","3","0","6","2","6","40","13","8","1","5","4","1","6","4","4","1","5","1","1","13","2","9","2","1","C03","7","9","1","10","2","11","","7","7","1","12","4","120.636594","24.159777","2"
"8966","66000","387130000C","(04)23274275","(04)23288582","2026","1","22","8","37","臺中市","沙鹿區","0","1","0","7","2","6","40","3","1","1","5","4","6","6","2","1","10","5","5","2","18","2","9","2","1","C03","7","12","1","10","2","14","","82","82","1","6","4","120.56183","24.208285","2"
"8967","66000","387130000C","(04)23274275","(04)23288582","2026","1","22","8","41","臺中市","西屯區","0","1","0","6","2","6","50","13","8","1","5","4","6","6","3","1","1","4","1","2","16","3","10","5","4","B03","7","7","1","8","2","5","","24","24","1","12","4","120.628121","24.160813","2"
"8968","66000","387130000C","(04)23274275","(04)23288582","2026","1","22","8","44","臺中市","北屯區","0","1","0","7","2","6","50","4","1","1","5","4","6","6","2","1","10","5","5","2","16","3","10","3","1","B03","7","6","1","8","2","5","","11","11","1","12","4","120.689645","24.180354","2"
"8969","66000","387130000C","(04)23274275","(04)23288582","2026","1","22","8","45","臺中市","和平區","0","1","0","6","1","6","50","13","9","1","5","4","5","6","4","4","6","3","5","1","18","2","9","1","1","C03","7","9","1","10","2","12","","87","87","1","13","4","120.872675","24.170391","2"
"8970","66000","387130000C","(04)23274275","(04)23288582","2026","1","22","8","47","臺中市","梧棲區","0","2","0","7","2","6","50","3","1","1","5","4","6","6","4","4","10","5","4","2","17","3","10","5","1","G03","7","6","1","8","2","16","","14","14","1","12","4","120.534535","24.228055","2"
"8971","66000","387130000C","(04)23274275","(04)23288582","2026","1","22","8","48","臺中市","大里區","0","2","0","7","2","6","50","13","8","1","5","4","6","6","4","4","9","5","4","1","12","3","10","3","1","B03","7","7","1","8","2","2","","20","20","1","12","4","120.676781","24.107398","2"
"8972","66000","387130000C","(04)23274275","(04)23288582","2026","1","22","8","50","臺中市","大里區","0","0","0","7","","","30","","","","","","","","","","","","","","","","","","","B12","","","1","","2","","","49","49","1","12","4","120.705908","24.111626","3"
"8973","66000","387130000C","(04)23274275","(04)23288582","2026","1","22","8","50","臺中市","太平區","0","0","0","7","","","50","","","","","","","","","","","","","","16","","","","","B03","","","1","","2","","","59","59","1","12","4","120.725104","24.108438","3"
"8974","66000","387130000C","(04)23274275","(04)23288582","2026","1","22","8","57","臺中市","西屯區","0","1","0","7","2","6","50","3","1","1","5","4","6","6","4","4","10","5","5","2","16","3","10","5","4","B03","7","6","1","8","2","5","","14","14","1","13","4","120.626353","24.185265","2"
"8975","66000","387130000C","(04)23274275","(04)23288582","2026","1","22","8","58","臺中市","南屯區","0","1","0","7","2","6","50","3","1","1","5","4","6","6","4","4","1","4","5","2","16","3","10","3","1","B03","7","5","1","8","2","6","","84","84","1","12","4","120.626985","24.130499","2"
"8976","66000","387130000C","(04)23274275","(04)23288582","2026","1","22","9","0","臺中市","西區","0","0","0","7","","","50","","","","","","","","","","","","","","17","","","","","C03","","","1","","2","","","8","8","1","13","4","120.655318","24.150401","3"
"8977","66000","387130000C","(04)23274275","(04)23288582","2026","1","22","9","2","臺中市","南屯區","0","0","0","7","","","50","","","","","","","","","","","","","","","","","","","B03","","","1","","9","","","49","49","1","13","4","120.652864","24.150279","3"
"8978","66000","387130000C","(04)23274275","(04)23288582","2026","1","22","9","3","臺中市","烏日區","0","0","0","7","","","50","","","","","","","","","","","","","","13","","","","","B12","","","1","","2","","","49","49","1","6","4","120.649458","24.09345","3"
"8979","66000","387130000C","(04)23274275","(04)23288582","2026","1","22","9","7","臺中市","沙鹿區","0","1","0","7","2","6","1","13","14","1","5","4","6","6","4","4","1","4","4","1","12","3","10","3","1","B03","7","7","1","8","2","2","","40","40","1","6","4","120.58279","24.249867","2"
"8980","66000","387130000C","(04)23274275","(04)23288582","2026","1","22","9","20","臺中市","南屯區","0","0","0","6","","","50","","","","","","","","","","","","","","","","","","","B03","","","1","","1","","","15","15","1","13","4","120.643806","24.153655","3"
"8981","66000","387130000C","(04)23274275","(04)23288582","2026","1","22","9","20","臺中市","西屯區","0","2","0","6","2","6","50","13","9","1","5","4","6","6","4","4","5","4","5","2","16","2","9","2","1","C03","7","5","1","10","2","12","","47","47","1","12","4","120.652551","24.165711","2"
"8982","66000","387130000C","(04)23274275","(04)23288582","2026","1","22","9","20","臺中市","沙鹿區","0","0","0","7","","","30","","","","","","","","","","","","","","14","","","","","B11","","","1","","2","","","49","49","1","12","4","120.570715","24.21078","3"
"8983","66000","387130000C","(04)23274275","(04)23288582","2026","1","22","9","21","臺中市","西屯區","0","0","0","7","","","50","","","","","","","","","","","","","","16","","","","","B03","","","1","","1","","","48","48","1","13","4","120.633739","24.161616","3"
"8984","66000","387130000C","(04)23274275","(04)23288582","2026","1","22","9","25","臺中市","西區","0","2","0","7","1","6","50","4","1","1","5","4","6","6","1","1","10","5","5","1","17","2","9","5","4","C03","7","9","1","10","9","11","","84","84","2","12","4","120.671463","24.138117","2"
"8985","66000","387130000C","(04)23274275","(04)23288582","2026","1","22","9","25","臺中市","石岡區","0","1","0","7","2","6","50","3","1","1","5","4","6","6","4","4","10","5","5","2","17","2","9","1","1","C03","7","1","1","10","2","14","","25","25","1","12","4","120.764222","24.277177","2"
"8986","66000","387130000C","(04)23274275","(04)23288582","2026","1","22","9","27","臺中市","北屯區","0","0","0","7","","","30","","","","","","","","","","","","","","16","","","","","B12","","","1","","1","","","14","14","1","12","4","120.675196","24.180188","3"
"8987","66000","387130000C","(04)23274275","(04)23288582","2026","1","22","9","27","臺中市","西屯區","0","0","0","7","","","50","","","","","","","","","","","","","","17","","","","","A41","","","1","","1","","","49","49","1","13","4","120.611051","24.160317","3"
"8988","66000","387130000C","(04)23274275","(04)23288582","2026","1","22","9","33","臺中市","大雅區","0","1","0","7","3","6","0","18","21","5","5","4","6","6","4","4","10","5","5","2","18","2","9","2","1","C03","7","15","3","19","2","11","","84","84","1","12","4","120.64389","24.227853","2"
"8989","66000","387130000C","(04)23274275","(04)23288582","2026","1","22","9","33","臺中市","東區","0","1","0","7","1","6","30","4","1","1","5","4","6","6","4","4","10","5","5","2","15","3","10","5","4","B12","7","9","1","8","2","5","","15","15","1","13","4","120.695529","24.143997","2"
"8990","66000","387130000C","(04)23274275","(04)23288582","2026","1","22","9","33","臺中市","西屯區","0","1","0","6","2","6","50","4","1","1","5","4","6","6","2","1","10","5","5","2","12","2","9","1","1","C03","7","6","3","19","2","14","","42","42","1","12","4","120.637979","24.180788","2"
"8991","66000","387130000C","(04)23274275","(04)23288582","2026","1","22","9","43","臺中市","南屯區","0","0","0","6","","","50","","","","","","","","","","","","","","","","","","","B12","","","1","","1","","","78","78","1","13","4","120.629471","24.151318","3"
"8992","66000","387130000C","(04)23274275","(04)23288582","2026","1","22","9","46","臺中市","潭子區","0","1","0","7","3","6","40","3","1","1","5","4","6","6","4","4","1","4","4","1","17","2","9","2","1","C03","7","8","1","10","2","14","","40","40","1","13","4","120.703297","24.199919","2"
"8993","66000","387130000C","(04)23274275","(04)23288582","2026","1","22","9","48","臺中市","烏日區","0","0","0","7","","","50","","","","","","","","","","","","","","13","","","","","B03","","","1","","2","","","56","56","1","13","4","120.64671","24.09258","3"
"8994","66000","387130000C","(04)23274275","(04)23288582","2026","1","22","9","50","臺中市","北屯區","0","0","0","7","","","50","","","","","","","","","","","","","","16","","","","","B03","","","1","","1","","","14","14","1","12","4","120.702411","24.182102","3"
"8995","66000","387130000C","(04)23274275","(04)23288582","2026","1","22","9","52","臺中市","南區","0","0","0","7","","","50","","","","","","","","","","","","","","","","","","","B03","","","1","","1","","","7","7","1","6","4","120.684303","24.127556","3"
"8996","66000","387130000C","(04)23274275","(04)23288582","2026","1","22","9","55","臺中市","東勢區","0","1","0","7","2","6","50","13","9","1","5","4","6","6","4","4","9","5","5","1","14","3","10","5","4","B12","7","2","1","8","2","7","","49","49","1","12","4","120.83343","24.251882","2"
"8997","66000","387130000C","(04)23274275","(04)23288582","2026","1","22","10","4","臺中市","北屯區","0","1","0","6","3","6","50","4","2","1","5","4","6","6","1","1","5","5","5","2","18","2","9","2","1","C03","7","12","1","10","2","16","","82","82","1","6","4","120.717359","24.1672","2"
"8998","66000","387130000C","(04)23274275","(04)23288582","2026","1","22","10","5","臺中市","大雅區","0","0","0","6","","","50","","","","","","","","","","","","","","","","","","","B03","","","1","","2","","","56","56","1","13","4","120.653791","24.230434","3"
"8999","66000","387130000C","(04)23274275","(04)23288582","2026","1","22","10","7","臺中市","大里區","0","1","0","7","3","6","30","4","1","1","5","4","6","6","4","4","10","5","5","2","15","2","8","1","1","C03","7","9","3","19","2","11","","15","15","1","6","4","120.700518","24.091058","2"
"9000","66000","387130000C","(04)23274275","(04)23288582","2026","1","22","10","10","臺中市","北區","0","0","0","7","","","40","","","","","","","","","","","","","","","","","","","B03","","","1","","2","","","49","49","1","12","4","120.683351","24.159134","3"
"9001","66000","387130000C","(04)23274275","(04)23288582","2026","1","22","10","12","臺中市","神岡區","0","2","0","7","2","6","50","13","9","1","5","4","6","6","4","4","5","5","5","1","17","2","8","1","1","C03","7","6","1","10","2","12","12","42","42","1","12","4","120.659703","24.272696","2"
"9002","66000","387130000C","(04)23274275","(04)23288582","2026","1","22","10","14","臺中市","北屯區","0","1","0","7","2","6","50","4","1","1","5","4","6","6","2","1","10","5","5","2","16","3","10","3","1","B03","7","5","1","8","2","6","","11","11","1","12","4","120.68627","24.190582","2"
"9003","66000","387130000C","(04)23274275","(04)23288582","2026","1","22","10","20","臺中市","西區","0","1","1","7","2","6","50","4","1","1","5","4","6","6","2","1","10","5","5","2","16","5","9","1","1","C03","7","6","1","10","2","12","","11","11","1","13","4","120.655082","24.147825","2"
"9004","66000","387130000C","(04)23274275","(04)23288582","2026","1","22","10","23","臺中市","西屯區","0","0","0","7","","","30","","","","","","","","","","","","","","11","","","","","B12","","","1","","1","","","8","8","1","13","4","120.645695","24.179692","3"
"9005","66000","387130000C","(04)23274275","(04)23288582","2026","1","22","10","24","臺中市","沙鹿區","0","0","0","7","","","40","","","","","","","","","","","","","","17","","","","","B12","","","1","","2","","","8","8","1","6","4","120.564206","24.206345","3"
"9006","66000","387130000C","(04)23274275","(04)23288582","2026","1","22","10","27","臺中市","沙鹿區","0","2","0","7","2","6","50","13","9","1","5","4","6","6","4","4","5","5","5","2","17","2","7","2","1","C03","7","6","1","10","2","14","","34","34","1","6","4","120.556134","24.223041","2"
"9007","66000","387130000C","(04)23274275","(04)23288582","2026","1","22","10","28","臺中市","北區","0","0","0","7","","","50","","","","","","","","","","","","","","16","","","","","B03","","","1","","1","","","40","40","1","13","4","120.691026","24.158923","3"
"9008","66000","387130000C","(04)23274275","(04)23288582","2026","1","22","10","33","臺中市","南屯區","0","0","0","6","","","50","","","","","","","","","","","","","","12","","","","","B03","","","1","","1","","","51","51","1","13","4","120.639524","24.142035","3"
"9009","66000","387130000C","(04)23274275","(04)23288582","2026","1","22","10","35","臺中市","南區","0","0","0","7","","","50","","","","","","","","","","","","","","12","","","","","B03","","","1","","1","","","8","8","1","13","4","120.676711","24.131742","3"
"9010","66000","387130000C","(04)23274275","(04)23288582","2026","1","22","10","38","臺中市","西區","0","0","0","7","","","50","","","","","","","","","","","","","","12","","","","","B03","","","1","","2","","","40","40","1","13","4","120.666468","24.140492","3"
"9011","66000","387130000C","(04)23274275","(04)23288582","2026","1","22","10","43","臺中市","和平區","0","1","0","7","3","9","30","18","24","5","5","4","6","6","4","4","10","5","5","2","18","2","9","3","1","B03","7","9","1","4","2","2","","59","59","1","9","4","120.937885","24.188006","2"
"9012","66000","387130000C","(04)23274275","(04)23288582","2026","1","22","10","45","臺中市","沙鹿區","0","0","0","7","","","30","","","","","","","","","","","","","","23","","","","","B03","","","1","","2","","","54","54","1","12","4","120.575476","24.226924","3"
"9013","66000","387130000C","(04)23274275","(04)23288582","2026","1","22","10","53","臺中市","北屯區","0","0","0","7","","","50","","","","","","","","","","","","","","12","","","","","C03","","","1","","1","","","8","8","1","12","4","120.697545","24.170385","3"
"9014","66000","387130000C","(04)23274275","(04)23288582","2026","1","22","10","59","臺中市","西屯區","0","0","0","7","","","50","","","","","","","","","","","","","","15","","","","","B12","","","1","","1","","","15","15","1","12","4","120.638346","24.155794","3"
"9015","66000","387130000C","(04)23274275","(04)23288582","2026","1","22","11","0","臺中市","東區","0","0","0","7","","","50","","","","","","","","","","","","","","","","","","","","","","","","","","","119","119","1","","","120.693455","24.134822","3"
"9016","66000","387130000C","(04)23274275","(04)23288582","2026","1","22","11","7","臺中市","北屯區","0","1","0","7","2","6","50","4","1","1","5","4","6","6","1","1","10","5","5","2","16","3","10","3","1","B03","7","9","1","8","9","1","","21","21","2","12","4","120.691167","24.17531","2"
"9017","66000","387130000C","(04)23274275","(04)23288582","2026","1","22","11","8","臺中市","霧峰區","0","0","0","6","","","40","","","","","","","","","","","","","","17","","","","","B03","","","1","","2","","","7","7","1","13","4","120.685752","24.029325","3"
"9018","66000","387130000C","(04)23274275","(04)23288582","2026","1","22","11","9","臺中市","北區","0","4","0","7","3","6","50","11","9","1","5","4","6","6","4","4","5","4","5","2","9","2","9","1","1","C03","7","15","1","10","2","11","","84","84","1","12","4","120.685182","24.143052","2"
"9019","66000","387130000C","(04)23274275","(04)23288582","2026","1","22","11","16","臺中市","霧峰區","0","0","0","7","","","25","","","","","","","","","","","","","","","","","","","B03","","","1","","1","","","12","12","1","13","4","120.689363","24.062242","3"
"9020","66000","387130000C","(04)23274275","(04)23288582","2026","1","22","11","18","臺中市","北區","0","1","0","7","3","6","50","4","2","1","5","4","6","6","4","4","10","5","5","2","17","3","10","5","4","B03","7","1","1","8","2","16","","51","51","1","13","4","120.685587","24.15513","2"
"9021","66000","387130000C","(04)23274275","(04)23288582","2026","1","22","11","20","臺中市","南屯區","0","0","0","7","","","50","","","","","","","","","","","","","","13","","","","","B03","","","1","","1","","","84","84","1","12","4","120.625884","24.140528","3"
"9022","66000","387130000C","(04)23274275","(04)23288582","2026","1","22","11","22","臺中市","中區","0","0","0","7","","","50","","","","","","","","","","","","","","","","","","","B12","","","1","","1","","","50","50","1","12","4","120.684799","24.14235","3"
"9023","66000","387130000C","(04)23274275","(04)23288582","2026","1","22","11","22","臺中市","大里區","0","1","0","7","2","6","60","4","2","1","5","4","6","6","1","1","10","5","5","1","16","3","10","3","1","B13","7","5","1","8","2","6","","11","11","1","12","4","120.684094","24.103848","2"
"9024","66000","387130000C","(04)23274275","(04)23288582","2026","1","22","11","25","臺中市","大甲區","0","0","0","6","","","50","","","","","","","","","","","","","","","","","","","B03","","","1","","2","","","59","59","1","6","4","120.620989","24.351659","3"
"9025","66000","387130000C","(04)23274275","(04)23288582","2026","1","22","11","28","臺中市","太平區","0","0","0","7","","","50","","","","","","","","","","","","","","16","","","","","B03","","","1","","2","","","45","45","1","12","4","120.723915","24.154518","3"
"9026","66000","387130000C","(04)23274275","(04)23288582","2026","1","22","11","32","臺中市","西屯區","0","2","0","7","2","6","30","3","9","1","5","4","6","6","4","4","10","5","5","2","16","2","9","1","1","C03","7","6","1","9","2","11","","14","14","1","13","4","120.64447","24.177379","2"
"9027","66000","387130000C","(04)23274275","(04)23288582","2026","1","22","11","37","臺中市","北區","0","0","0","7","","","50","","","","","","","","","","","","","","","","","","","B03","","","1","","1","","","49","49","1","12","4","120.689168","24.158485","3"
"9028","66000","387130000C","(04)23274275","(04)23288582","2026","1","22","11","41","臺中市","西屯區","0","0","0","7","","","50","","","","","","","","","","","","","","12","","","","","B03","","","1","","2","","","59","59","1","13","4","120.655359","24.173612","3"
"9029","66000","387130000C","(04)23274275","(04)23288582","2026","1","22","11","44","臺中市","北區","0","1","0","7","2","6","50","4","1","1","5","4","6","6","4","4","5","5","5","2","15","3","10","3","1","B03","7","9","1","8","2","1","","15","15","1","13","4","120.688076","24.165928","2"
"9030","66000","387130000C","(04)23274275","(04)23288582","2026","1","22","11","44","臺中市","東區","0","0","0","7","","","50","","","","","","","","","","","","","","","","","","","B02","","","1","","1","","","85","85","1","13","4","120.689295","24.137264","3"
"9031","66000","387130000C","(04)23274275","(04)23288582","2026","1","22","11","52","臺中市","外埔區","0","1","0","7","2","6","50","13","9","1","5","4","6","6","4","4","5","5","5","1","27","2","9","3","1","B03","7","9","1","8","2","1","","59","59","1","12","4","120.649854","24.332739","2"
"9032","66000","387130000C","(04)23274275","(04)23288582","2026","1","22","11","55","臺中市","大雅區","0","0","0","6","","","30","","","","","","","","","","","","","","","","","","","B03","","","1","","2","","","8","8","1","13","4","120.647418","24.227007","3"
"9033","66000","387130000C","(04)23274275","(04)23288582","2026","1","22","11","56","臺中市","北區","0","1","0","7","3","6","50","4","2","1","5","4","6","6","1","1","5","5","4","2","18","2","9","1","1","C03","7","9","1","10","2","16","","84","84","1","12","4","120.67572","24.169909","2"
"9034","66000","387130000C","(04)23274275","(04)23288582","2026","1","22","11","58","臺中市","南屯區","0","0","0","6","","","50","","","","","","","","","","","","","","","","","","","A11","","","1","","1","","","7","7","1","13","4","120.62339","24.1497","3"
"9035","66000","387130000C","(04)23274275","(04)23288582","2026","1","22","11","58","臺中市","南屯區","0","2","0","7","2","6","40","13","8","1","5","4","6","6","4","4","5","4","4","2","17","2","9","1","1","C03","7","9","1","10","1","11","","84","84","1","13","4","120.637228","24.13788","2"
"9036","66000","387130000C","(04)23274275","(04)23288582","2026","1","22","12","6","臺中市","西屯區","0","1","0","6","2","6","40","4","1","1","5","4","6","6","2","1","10","5","5","2","13","3","10","2","4","C03","7","9","1","10","2","12","","59","59","1","12","4","120.649251","24.162428","2"
"9037","66000","387130000C","(04)23274275","(04)23288582","2026","1","22","12","9","臺中市","南區","0","1","0","7","2","6","50","13","9","1","5","4","6","6","4","4","5","4","5","2","17","3","10","3","1","B03","7","13","1","8","2","4","","76","76","1","6","4","120.667227","24.116728","2"
"9038","66000","387130000C","(04)23274275","(04)23288582","2026","1","22","12","11","臺中市","西區","0","0","0","7","","","50","","","","","","","","","","","","","","17","","","","","C03","","","1","","1","","","7","7","1","13","4","120.671894","24.148996","4"
"9039","66000","387130000C","(04)23274275","(04)23288582","2026","1","22","12","12","臺中市","大里區","0","1","0","7","2","6","50","13","9","1","5","4","6","6","4","4","5","2","5","2","17","2","9","1","1","C03","7","6","1","10","2","11","","39","39","1","12","4","120.68124","24.115114","2"
"9040","66000","387130000C","(04)23274275","(04)23288582","2026","1","22","12","12","臺中市","后里區","0","0","0","7","","","50","","","","","","","","","","","","","","16","","","","","B12","","","1","","2","","","7","7","1","6","4","120.721916","24.307866","3"
"9041","66000","387130000C","(04)23274275","(04)23288582","2026","1","22","12","14","臺中市","大甲區","0","1","0","7","1","6","70","13","8","1","5","4","6","6","4","4","1","4","4","1","16","3","10","3","1","B03","7","7","1","8","2","5","","40","40","1","12","4","120.63535","24.361933","2"
"9042","66000","387130000C","(04)23274275","(04)23288582","2026","1","22","12","18","臺中市","西屯區","0","0","0","7","","","50","","","","","","","","","","","","","","13","","","","","B03","","","1","","2","","","59","59","1","13","4","120.646685","24.1578","3"
"9043","66000","387130000C","(04)23274275","(04)23288582","2026","1","22","12","19","臺中市","豐原區","0","2","0","6","2","6","50","4","2","1","5","4","6","6","1","1","10","5","5","2","12","2","8","1","1","C03","7","4","1","10","2","14","","84","84","1","12","4","120.71433","24.251726","2"
"9044","66000","387130000C","(04)23274275","(04)23288582","2026","1","22","12","27","臺中市","南區","0","0","0","7","","","50","","","","","","","","","","","","","","","","","","","B12","","","1","","1","","","76","76","1","6","4","120.653117","24.121526","3"
"9045","66000","387130000C","(04)23274275","(04)23288582","2026","1","22","12","28","臺中市","神岡區","0","0","0","7","","","40","","","","","","","","","","","","","","17","","","","","B12","","","1","","2","","","50","50","1","13","4","120.709312","24.259822","3"
"9046","66000","387130000C","(04)23274275","(04)23288582","2026","1","22","12","29","臺中市","西區","0","1","0","7","2","6","50","4","1","1","5","4","6","6","4","4","10","5","5","2","15","2","9","5","4","C03","7","9","1","10","2","12","","15","15","1","13","4","120.673274","24.146401","2"
"9047","66000","387130000C","(04)23274275","(04)23288582","2026","1","22","12","30","臺中市","大雅區","0","1","0","6","1","6","50","13","9","1","5","4","6","6","4","4","9","5","5","1","17","3","10","1","1","C01","7","1","3","19","2","14","","51","51","1","13","4","120.647641","24.216885","2"
"9048","66000","387130000C","(04)23274275","(04)23288582","2026","1","22","12","32","臺中市","西屯區","0","1","0","6","2","6","50","4","1","1","5","4","6","6","1","1","10","5","5","2","17","3","10","5","4","B03","7","6","1","8","2","16","","84","84","1","12","4","120.638916","24.182233","2"
"9049","66000","387130000C","(04)23274275","(04)23288582","2026","1","22","12","33","臺中市","大雅區","0","1","0","7","3","6","50","13","9","1","5","4","6","6","4","4","5","4","5","1","17","3","10","2","1","C03","7","9","1","10","2","11","","7","7","1","12","4","120.652792","24.228403","2"
"9050","66000","387130000C","(04)23274275","(04)23288582","2026","1","22","12","38","臺中市","南區","0","2","0","7","2","6","50","3","1","1","5","4","6","6","1","1","1","2","4","2","12","2","9","2","1","C03","7","6","1","10","2","14","","8","8","1","13","4","120.684176","24.119156","2"
"9051","66000","387130000C","(04)23274275","(04)23288582","2026","1","22","12","42","臺中市","西區","0","1","0","7","1","6","50","3","1","1","5","4","6","6","1","1","10","5","5","2","17","3","10","5","4","B03","7","6","1","8","2","2","","11","11","1","12","4","120.672031","24.149086","2"
"9052","66000","387130000C","(04)23274275","(04)23288582","2026","1","22","12","43","臺中市","西屯區","0","0","0","6","","","50","","","","","","","","","","","","","","2","","","","","B03","","","1","","1","","","47","47","1","12","4","120.665482","24.166883","3"
"9053","66000","387130000C","(04)23274275","(04)23288582","2026","1","22","12","46","臺中市","北屯區","0","0","0","7","","","50","","","","","","","","","","","","","","","","","","","C03","","","1","","2","","","84","84","1","6","4","120.699232","24.19087","4"
"9054","66000","387130000C","(04)23274275","(04)23288582","2026","1","22","12","48","臺中市","北屯區","0","0","0","7","","","30","","","","","","","","","","","","","","17","","","","","C03","","","1","","1","","","59","59","1","12","4","120.719076","24.174961","3"
"9055","66000","387130000C","(04)23274275","(04)23288582","2026","1","22","12","48","臺中市","烏日區","0","0","0","7","","","30","","","","","","","","","","","","","","15","","","","","B01","","","1","","2","","","15","15","1","6","4","120.644574","24.080144","3"
"9056","66000","387130000C","(04)23274275","(04)23288582","2026","1","22","12","53","臺中市","西區","0","0","0","7","","","50","","","","","","","","","","","","","","13","","","","","C03","","","1","","1","","","59","59","1","13","4","120.662571","24.139987","3"