序號,縣市別代碼,機關代碼,市話,傳真,年,月,日,時,分,縣市,區,死亡數量,受傷數量,2-30,天候,道路照明設備,道路類別,道路速限,道路型態,事故位置,路面鋪裝,路面狀態,路面缺陷,障礙物,視距,號誌種類,號誌動作,分向設施,快車道或一般車道間,快慢車道間,路面邊線,事故類型及型態,受傷程度,主要傷處,保護裝備,行動電話或功能裝置,當事者區分(類別),車輛用途,當事者行動狀態,駕照狀態,駕照種類,飲酒情形,車輛撞擊部位最初,車輛撞擊部位其他,肇事因素個別,肇事因素主要,肇事逃逸,職業,共享經濟或外送平台,GPS座標X,GPS座標Y,事故類別
"9057","66000","387130000C","(04)23274275","(04)23288582","2026","1","22","12","54","臺中市","清水區","0","1","0","6","3","6","50","3","1","1","5","4","6","6","1","1","1","4","4","1","15","2","9","2","1","C03","7","9","1","10","2","11","","21","21","1","12","4","120.581279","24.281889","2"
"9058","66000","387130000C","(04)23274275","(04)23288582","2026","1","22","12","55","臺中市","南區","0","1","0","7","2","6","50","4","1","1","5","4","6","6","1","1","10","5","5","2","16","3","10","3","1","B03","7","6","1","8","2","1","","23","23","1","12","4","120.679224","24.126376","2"
"9059","66000","387130000C","(04)23274275","(04)23288582","2026","1","22","12","59","臺中市","太平區","0","0","0","7","","","30","","","","","","","","","","","","","","13","","","","","C03","","","1","","2","","","7","7","1","12","4","120.729288","24.140512","3"
"9060","66000","387130000C","(04)23274275","(04)23288582","2026","1","22","13","0","臺中市","梧棲區","0","1","0","7","3","6","40","4","1","1","5","4","6","6","1","1","10","5","5","2","16","3","10","3","1","B03","7","5","1","8","2","5","","14","14","1","6","4","120.533596","24.243237","2"
"9061","66000","387130000C","(04)23274275","(04)23288582","2026","1","22","13","3","臺中市","豐原區","0","0","0","7","2","6","50","4","9","1","5","4","6","6","2","1","1","2","5","2","13","3","10","3","1","A05","7","9","1","3","2","1","","7","7","1","12","4","120.728857","24.257146","3"
"9062","66000","387130000C","(04)23274275","(04)23288582","2026","1","22","13","4","臺中市","北區","0","2","0","7","3","6","50","4","2","1","5","4","6","6","4","4","5","4","5","2","13","2","9","5","4","C03","7","9","2","10","2","14","","7","7","1","13","4","120.682492","24.161161","2"
"9063","66000","387130000C","(04)23274275","(04)23288582","2026","1","22","13","4","臺中市","南區","0","0","0","7","","","30","","","","","","","","","","","","","","","","","","","C03","","","1","","1","","","51","51","1","13","4","120.65288","24.119628","3"
"9064","66000","387130000C","(04)23274275","(04)23288582","2026","1","22","13","5","臺中市","太平區","0","0","0","7","","","30","","","","","","","","","","","","","","11","","","","","B03","","","1","","2","","","41","41","1","12","4","120.711801","24.125651","3"
"9065","66000","387130000C","(04)23274275","(04)23288582","2026","1","22","13","7","臺中市","西屯區","0","1","0","7","2","6","50","13","9","1","5","4","6","6","3","1","10","5","5","2","16","3","10","3","1","B03","7","11","1","8","2","5","","24","24","1","13","4","120.60339","24.185623","2"
"9066","66000","387130000C","(04)23274275","(04)23288582","2026","1","22","13","14","臺中市","南屯區","0","0","0","7","","","50","","","","","","","","","","","","","","13","","","","","B03","","","1","","1","","","56","56","1","13","4","120.622407","24.146469","3"
"9067","66000","387130000C","(04)23274275","(04)23288582","2026","1","22","13","15","臺中市","潭子區","0","0","0","7","","","30","","","","","","","","","","","","","","","","","","","B03","","","1","","11","","","49","49","1","12","4","120.708965","24.205099","3"
"9068","66000","387130000C","(04)23274275","(04)23288582","2026","1","22","13","18","臺中市","沙鹿區","0","0","0","7","","","50","","","","","","","","","","","","","","13","","","","","B12","","","1","","2","","","7","7","1","6","4","120.569563","24.237414","3"
"9069","66000","387130000C","(04)23274275","(04)23288582","2026","1","22","13","27","臺中市","豐原區","0","1","0","7","2","6","50","4","1","1","5","4","6","6","1","1","10","5","5","2","17","2","9","2","1","C03","7","6","1","10","2","14","","8","8","1","13","4","120.710441","24.237072","2"
"9070","66000","387130000C","(04)23274275","(04)23288582","2026","1","22","13","30","臺中市","中區","0","0","0","7","1","6","50","13","9","1","5","4","6","6","4","4","7","4","5","2","17","","","","","B03","","","1","","1","","","84","84","1","13","4","120.682599","24.136836","3"
"9071","66000","387130000C","(04)23274275","(04)23288582","2026","1","22","13","30","臺中市","龍井區","0","0","0","7","","","30","","","","","","","","","","","","","","","","","","","A11","","","1","","2","","","49","49","1","12","4","120.52427","24.204148","3"
"9072","66000","387130000C","(04)23274275","(04)23288582","2026","1","22","13","32","臺中市","北區","0","1","0","7","2","6","50","4","1","1","5","4","6","6","1","1","10","5","5","2","16","3","10","3","1","B03","7","6","1","8","2","5","2","11","11","1","12","4","120.67574","24.170062","2"
"9073","66000","387130000C","(04)23274275","(04)23288582","2026","1","22","13","35","臺中市","西屯區","0","0","0","7","","","30","","","","","","","","","","","","","","12","","","","","F03","","","7","","2","","","20","20","1","12","4","120.654789","24.190416","3"
"9074","66000","387130000C","(04)23274275","(04)23288582","2026","1","22","13","35","臺中市","太平區","0","0","0","7","","3","80","","","","","","","","","","","","","","13","","","","","B12","","","1","","2","","","59","59","1","13","4","120.714097","24.14843","3"
"9075","66000","387130000C","(04)23274275","(04)23288582","2026","1","22","13","39","臺中市","大雅區","0","2","0","6","1","6","30","13","9","1","5","4","6","6","4","4","10","5","5","1","14","3","10","3","1","A11","7","2","1","3","2","3","","49","49","1","13","4","120.656839","24.234531","2"
"9076","66000","387130000C","(04)23274275","(04)23288582","2026","1","22","13","39","臺中市","南屯區","0","0","0","7","","","50","","","","","","","","","","","","","","12","","","","","B03","","","1","","1","","","65","65","1","12","4","120.622561","24.143167","3"
"9077","66000","387130000C","(04)23274275","(04)23288582","2026","1","22","13","40","臺中市","外埔區","0","0","0","7","","","50","","","","","","","","","","","","","","25","","","","","B12","","","1","","2","","","59","59","1","12","4","120.655468","24.327607","3"
"9078","66000","387130000C","(04)23274275","(04)23288582","2026","1","22","13","44","臺中市","北區","0","0","0","7","","","50","","","","","","","","","","","","","","17","","","","","B12","","","1","","9","","","84","84","2","13","4","120.688441","24.160064","3"
"9079","66000","387130000C","(04)23274275","(04)23288582","2026","1","22","13","44","臺中市","大里區","0","0","0","7","","","50","","","","","","","","","","","","","","","","","","","B01","","","1","","2","","","85","85","1","12","4","120.675421","24.102791","3"
"9080","66000","387130000C","(04)23274275","(04)23288582","2026","1","22","13","45","臺中市","南屯區","0","0","0","7","","","50","","","","","","","","","","","","","","12","","","","","B03","","","1","","1","","","35","35","1","13","4","120.640616","24.148992","3"
"9081","66000","387130000C","(04)23274275","(04)23288582","2026","1","22","13","45","臺中市","太平區","0","0","0","7","","","30","","","","","","","","","","","","","","17","","","","","B02","","","1","","2","","","84","84","1","12","4","120.727393","24.14073","3"
"9082","66000","387130000C","(04)23274275","(04)23288582","2026","1","22","13","49","臺中市","南屯區","0","2","0","7","3","6","50","13","9","1","5","4","6","6","1","1","5","4","5","2","16","2","8","2","1","C03","7","9","1","10","2","13","","42","42","1","13","4","120.63798","24.147312","2"
"9083","66000","387130000C","(04)23274275","(04)23288582","2026","1","22","13","50","臺中市","西區","0","2","0","7","2","6","40","4","1","1","5","4","6","6","4","4","10","5","5","2","15","2","9","1","1","C03","7","9","1","10","2","11","12","15","15","1","12","4","120.661051","24.149752","2"
"9084","66000","387130000C","(04)23274275","(04)23288582","2026","1","22","13","50","臺中市","大里區","0","0","0","6","","","30","","","","","","","","","","","","","","14","","","","","B03","","","1","","2","","","49","49","1","12","4","120.689413","24.103685","3"
"9085","66000","387130000C","(04)23274275","(04)23288582","2026","1","22","13","52","臺中市","大里區","0","0","0","7","","","30","","","","","","","","","","","","","","13","","","","","B03","","","1","","2","","","7","7","1","6","4","120.690909","24.100987","3"
"9086","66000","387130000C","(04)23274275","(04)23288582","2026","1","22","13","56","臺中市","南屯區","0","0","0","7","","","50","","","","","","","","","","","","","","","","","","","B02","","","1","","1","","","8","8","1","13","4","120.636463","24.154539","3"
"9087","66000","387130000C","(04)23274275","(04)23288582","2026","1","22","14","0","臺中市","龍井區","0","0","0","7","","","30","","","","","","","","","","","","","","","","","","","B12","","","1","","2","","","12","12","1","12","4","120.518891","24.220764","3"
"9088","66000","387130000C","(04)23274275","(04)23288582","2026","1","22","14","4","臺中市","西屯區","0","0","0","7","","","50","","","","","","","","","","","","","","12","","","","","B03","","","1","","2","","","40","40","1","12","4","120.656784","24.201066","3"
"9089","66000","387130000C","(04)23274275","(04)23288582","2026","1","22","14","8","臺中市","西區","0","1","0","7","2","6","50","5","1","1","5","4","6","6","1","1","10","5","5","2","12","2","9","5","4","C03","7","9","1","10","2","14","","42","42","1","13","4","120.668594","24.132079","2"
"9090","66000","387130000C","(04)23274275","(04)23288582","2026","1","22","14","17","臺中市","南屯區","0","0","0","6","","","50","","","","","","","","","","","","","","","","","","","C03","","","1","","1","","","48","48","1","13","4","120.647755","24.146798","3"
"9091","66000","387130000C","(04)23274275","(04)23288582","2026","1","22","14","17","臺中市","神岡區","0","0","0","7","","","30","","","","","","","","","","","","","","13","","","","","C03","","","1","","2","","","7","7","1","13","4","120.679594","24.240572","3"
"9092","66000","387130000C","(04)23274275","(04)23288582","2026","1","22","14","20","臺中市","西屯區","0","1","0","6","2","6","50","4","1","1","5","4","6","6","2","1","10","5","5","2","17","2","9","6","1","F01","7","1","7","21","2","11","","87","87","1","13","4","120.639586","24.174683","2"
"9093","66000","387130000C","(04)23274275","(04)23288582","2026","1","22","14","23","臺中市","大里區","0","2","0","7","3","9","30","4","1","1","5","4","6","6","3","1","10","5","5","1","15","2","9","1","1","C03","7","9","1","10","2","12","","24","24","1","12","4","120.679277","24.096698","2"
"9094","66000","387130000C","(04)23274275","(04)23288582","2026","1","22","14","25","臺中市","西區","0","1","0","7","2","6","50","4","2","1","5","4","6","6","2","1","5","4","5","2","13","3","10","3","1","B03","7","9","1","8","2","5","","58","58","1","13","4","120.657059","24.146696","2"
"9095","66000","387130000C","(04)23274275","(04)23288582","2026","1","22","14","27","臺中市","龍井區","0","0","0","7","","","30","","","","","","","","","","","","","","","","","","","B03","","","1","","2","","","8","8","1","12","4","120.572349","24.179333","3"
"9096","66000","387130000C","(04)23274275","(04)23288582","2026","1","22","14","27","臺中市","東勢區","0","2","0","7","1","6","50","13","9","1","5","4","6","6","1","1","9","4","4","1","6","2","9","6","5","H01","8","18","7","21","2","17","","95","95","1","12","5","120.830144","24.251459","2"
"9097","66000","387130000C","(04)23274275","(04)23288582","2026","1","22","14","30","臺中市","西屯區","0","2","0","7","2","6","50","4","2","1","5","4","6","6","2","1","10","5","5","2","13","2","9","1","1","C03","7","9","1","10","2","12","","7","7","1","13","4","120.618345","24.164013","2"
"9098","66000","387130000C","(04)23274275","(04)23288582","2026","1","22","14","39","臺中市","龍井區","0","0","0","7","","","60","","","","","","","","","","","","","","","","","","","B03","","","1","","2","","","59","59","1","12","4","120.580157","24.189864","3"
"9099","66000","387130000C","(04)23274275","(04)23288582","2026","1","22","14","40","臺中市","西區","0","1","0","7","2","6","50","3","2","1","5","4","6","6","1","1","1","4","5","2","13","2","4","3","1","B03","7","9","1","4","2","1","","7","7","1","12","4","120.661743","24.16016","2"
"9100","66000","387130000C","(04)23274275","(04)23288582","2026","1","22","14","40","臺中市","南區","0","1","0","7","3","6","50","4","1","1","5","4","6","6","1","1","5","5","5","2","12","3","10","3","1","B03","7","9","1","8","2","6","","84","84","1","6","4","120.66675","24.122332","2"
"9101","66000","387130000C","(04)23274275","(04)23288582","2026","1","22","14","45","臺中市","外埔區","0","1","0","7","2","6","50","11","9","1","5","4","6","6","4","4","10","5","5","2","11","2","9","1","1","C03","7","9","1","10","2","14","","41","41","1","12","4","120.671317","24.336952","2"
"9102","66000","387130000C","(04)23274275","(04)23288582","2026","1","22","14","46","臺中市","東勢區","0","0","0","7","3","4","50","13","9","1","5","4","6","6","4","4","4","1","5","1","13","3","10","5","4","B03","7","1","1","1","1","1","","56","56","1","13","4","120.824681","24.262505","3"
"9103","66000","387130000C","(04)23274275","(04)23288582","2026","1","22","14","50","臺中市","后里區","0","0","0","7","","","60","","","","","","","","","","","","","","16","","","","","B03","","","1","","2","","","51","51","1","6","4","120.728921","24.329572","3"
"9104","66000","387130000C","(04)23274275","(04)23288582","2026","1","22","14","53","臺中市","西屯區","0","0","0","7","","","30","","","","","","","","","","","","","","13","","","","","C03","","","1","","1","","","7","7","1","13","4","120.649542","24.178102","3"
"9105","66000","387130000C","(04)23274275","(04)23288582","2026","1","22","14","55","臺中市","豐原區","0","0","0","7","","","50","","","","","","","","","","","","","","13","","","","","B03","","","1","","2","","","59","59","1","13","4","120.720061","24.236358","3"
"9106","66000","387130000C","(04)23274275","(04)23288582","2026","1","22","15","10","臺中市","北屯區","0","0","0","7","","","50","","","","","","","","","","","","","","30","","","","","B03","","","1","","2","","","84","84","1","6","4","120.742082","24.180907","3"
"9107","66000","387130000C","(04)23274275","(04)23288582","2026","1","22","15","13","臺中市","南屯區","0","2","0","7","2","6","50","13","9","1","5","4","6","6","4","4","9","4","5","2","17","2","9","1","1","C03","7","11","5","19","2","12","","46","46","1","12","4","120.641859","24.138516","2"
"9108","66000","387130000C","(04)23274275","(04)23288582","2026","1","22","15","15","臺中市","西屯區","0","0","0","7","","","40","","","","","","","","","","","","","","13","","","","","C03","","","1","","1","","","7","7","1","13","4","120.653212","24.160842","3"
"9109","66000","387130000C","(04)23274275","(04)23288582","2026","1","22","15","17","臺中市","北區","0","1","0","7","2","6","50","4","1","1","5","4","6","6","4","4","10","5","5","2","17","2","9","1","1","C03","7","9","1","10","2","11","","84","84","1","13","4","120.697348","24.15759","2"
"9110","66000","387130000C","(04)23274275","(04)23288582","2026","1","22","15","18","臺中市","龍井區","0","2","0","7","2","6","50","11","9","1","5","4","6","6","4","4","5","5","5","2","20","2","9","5","4","C03","7","9","1","10","2","11","","6","6","1","5","4","120.573865","24.185589","2"
"9111","66000","387130000C","(04)23274275","(04)23288582","2026","1","22","15","19","臺中市","北區","0","1","0","7","3","6","50","4","1","1","5","4","6","6","2","1","10","5","5","2","17","3","10","5","4","B03","7","6","1","8","2","6","","11","11","1","13","4","120.691825","24.160146","2"
"9112","66000","387130000C","(04)23274275","(04)23288582","2026","1","22","15","21","臺中市","太平區","0","1","0","7","2","6","50","3","1","1","5","4","6","6","1","1","10","5","5","2","16","2","8","2","1","C03","7","1","1","10","2","14","","51","51","1","13","4","120.713045","24.125552","2"
"9113","66000","387130000C","(04)23274275","(04)23288582","2026","1","22","15","23","臺中市","豐原區","0","0","0","6","","","60","","","","","","","","","","","","","","","","","","","B03","","","1","","2","","","84","84","1","12","4","120.735129","24.246756","3"
"9114","66000","387130000C","(04)23274275","(04)23288582","2026","1","22","15","28","臺中市","太平區","0","1","0","7","2","6","50","4","1","1","5","4","6","6","4","4","10","5","5","2","16","3","10","2","1","C03","7","6","1","10","1","12","","14","14","1","12","4","120.71255","24.141267","2"
"9115","66000","387130000C","(04)23274275","(04)23288582","2026","1","22","15","36","臺中市","西屯區","0","0","0","7","","","50","","","","","","","","","","","","","","14","","","","","C03","","","1","","1","","","84","84","1","13","4","120.659659","24.161487","3"
"9116","66000","387130000C","(04)23274275","(04)23288582","2026","1","22","15","50","臺中市","西屯區","0","0","0","7","","","50","","","","","","","","","","","","","","17","","","","","B03","","","1","","1","","","50","50","1","12","4","120.623192","24.18562","3"
"9117","66000","387130000C","(04)23274275","(04)23288582","2026","1","22","15","51","臺中市","北屯區","0","0","0","7","","","50","","","","","","","","","","","","","","","","","","","B03","","","1","","1","","","58","58","1","12","4","120.725997","24.176274","3"
"9118","66000","387130000C","(04)23274275","(04)23288582","2026","1","22","15","53","臺中市","太平區","0","1","0","7","2","6","40","4","1","1","5","4","6","6","1","1","10","5","5","2","16","2","4","2","1","C03","7","6","3","19","2","14","","48","48","1","13","4","120.730847","24.112122","2"
"9119","66000","387130000C","(04)23274275","(04)23288582","2026","1","22","15","58","臺中市","北屯區","0","0","0","7","","","50","","","","","","","","","","","","","","12","","","","","C03","","","1","","1","","","84","84","1","12","4","120.686126","24.180138","3"
"9120","66000","387130000C","(04)23274275","(04)23288582","2026","1","22","15","59","臺中市","豐原區","0","0","0","7","","","50","","","","","","","","","","","","","","13","","","","","B03","","","1","","1","","","7","7","1","13","4","120.708391","24.250307","3"
"9121","66000","387130000C","(04)23274275","(04)23288582","2026","1","22","16","1","臺中市","后里區","0","1","0","7","3","6","30","4","1","1","5","4","6","1","4","4","10","5","5","2","15","3","10","3","1","B12","7","9","1","8","2","1","","15","15","1","6","4","120.726861","24.308211","2"
"9122","66000","387130000C","(04)23274275","(04)23288582","2026","1","22","16","2","臺中市","霧峰區","0","1","0","7","2","6","50","4","2","1","5","4","6","6","1","1","9","2","4","1","18","2","9","2","1","C03","7","9","1","10","2","12","","87","87","1","13","4","120.69965","24.072596","2"
"9123","66000","387130000C","(04)23274275","(04)23288582","2026","1","22","16","5","臺中市","西區","0","1","0","7","2","6","50","3","1","1","5","4","6","6","1","1","4","4","5","2","15","2","8","1","1","C03","7","21","1","10","2","14","","21","21","1","13","4","120.660142","24.146701","2"
"9124","66000","387130000C","(04)23274275","(04)23288582","2026","1","22","16","9","臺中市","東區","0","1","0","7","1","6","50","4","1","1","5","4","6","6","1","1","9","4","5","2","12","3","10","1","1","C03","7","5","1","10","2","13","","47","47","1","12","4","120.700104","24.138866","2"
"9125","66000","387130000C","(04)23274275","(04)23288582","2026","1","22","16","13","臺中市","北區","0","0","0","7","","","40","","","","","","","","","","","","","","17","","","","","B11","","","1","","1","","","78","78","1","13","4","120.684363","24.148173","3"
"9126","66000","387130000C","(04)23274275","(04)23288582","2026","1","22","16","14","臺中市","大雅區","0","0","0","7","","","30","","","","","","","","","","","","","","","","","","","B03","","","1","","2","","","43","43","1","12","4","120.643498","24.205295","3"
"9127","66000","387130000C","(04)23274275","(04)23288582","2026","1","22","16","14","臺中市","東區","0","0","0","7","","","50","","","","","","","","","","","","","","13","","","","","A04","","","1","","1","","","7","7","1","13","4","120.68763","24.138144","3"
"9128","66000","387130000C","(04)23274275","(04)23288582","2026","1","22","16","14","臺中市","西屯區","0","0","0","7","","","50","","","","","","","","","","","","","","17","","","","","B03","","","1","","1","","","59","59","1","13","4","120.635117","24.162814","3"
"9129","66000","387130000C","(04)23274275","(04)23288582","2026","1","22","16","15","臺中市","南屯區","0","0","0","7","","","50","","","","","","","","","","","","","","17","","","","","B03","","","1","","1","","","59","59","1","13","4","120.647076","24.141033","4"
"9130","66000","387130000C","(04)23274275","(04)23288582","2026","1","22","16","15","臺中市","西屯區","0","0","0","7","","","50","","","","","","","","","","","","","","13","","","","","B03","","","1","","1","","","7","7","1","13","4","120.64111","24.173543","3"
"9131","66000","387130000C","(04)23274275","(04)23288582","2026","1","22","16","18","臺中市","西屯區","0","0","0","7","","","40","","","","","","","","","","","","","","13","","","","","C02","","","1","","1","","","7","7","1","13","4","120.653212","24.160842","3"
"9132","66000","387130000C","(04)23274275","(04)23288582","2026","1","22","16","18","臺中市","西屯區","0","1","0","7","1","6","50","4","1","1","5","4","6","6","2","1","10","5","5","2","13","3","10","3","1","B01","7","9","1","8","2","1","","7","7","1","12","4","120.655086","24.164336","2"
"9133","66000","387130000C","(04)23274275","(04)23288582","2026","1","22","16","19","臺中市","北屯區","0","0","0","7","","","50","","","","","","","","","","","","","","17","","","","","B12","","","1","","1","","","78","78","1","6","4","120.678431","24.201699","3"
"9134","66000","387130000C","(04)23274275","(04)23288582","2026","1","22","16","25","臺中市","豐原區","0","1","0","7","1","6","50","3","2","1","5","4","6","6","4","4","5","5","4","2","17","2","9","1","1","C03","7","9","1","10","2","11","","7","7","1","6","4","120.726247","24.252144","2"
"9135","66000","387130000C","(04)23274275","(04)23288582","2026","1","22","16","26","臺中市","西屯區","0","0","0","7","","3","80","","","","","","","","","","","","","","13","","","","","B03","","","1","","2","","","7","7","1","13","4","120.648573","24.196869","3"
"9136","66000","387130000C","(04)23274275","(04)23288582","2026","1","22","16","28","臺中市","太平區","0","0","0","7","","","50","","","","","","","","","","","","","","13","","","","","F03","","","7","","2","","","59","59","1","12","4","120.724771","24.141951","3"
"9137","66000","387130000C","(04)23274275","(04)23288582","2026","1","22","16","33","臺中市","東區","0","0","0","7","","","50","","","","","","","","","","","","","","17","","","","","C03","","","1","","1","","","7","7","1","12","4","120.705579","24.13036","3"
"9138","66000","387130000C","(04)23274275","(04)23288582","2026","1","22","16","34","臺中市","北屯區","0","0","0","7","","3","40","","","","","","","","","","","","","","13","","","","","B11","","","1","","2","","","7","7","1","6","4","120.694144","24.201018","3"
"9139","66000","387130000C","(04)23274275","(04)23288582","2026","1","22","16","36","臺中市","沙鹿區","0","0","0","7","","","30","","","","","","","","","","","","","","","","","","","B03","","","1","","11","","","76","76","1","13","4","120.570128","24.209743","3"
"9140","66000","387130000C","(04)23274275","(04)23288582","2026","1","22","16","38","臺中市","東區","0","1","0","7","3","6","50","3","1","1","5","4","6","6","4","4","10","5","5","2","16","2","1","3","1","B03","7","6","1","8","1","2","","14","14","1","13","4","120.700175","24.127966","2"
"9141","66000","387130000C","(04)23274275","(04)23288582","2026","1","22","16","39","臺中市","后里區","0","0","0","7","","","50","","","","","","","","","","","","","","13","","","","","B03","","","1","","1","","","8","8","1","6","4","120.7057","24.295576","3"
"9142","66000","387130000C","(04)23274275","(04)23288582","2026","1","22","16","40","臺中市","大雅區","0","2","0","6","1","6","50","3","2","1","5","4","6","6","4","4","9","5","4","2","17","2","6","1","1","C03","7","11","1","10","2","14","","45","45","1","13","4","120.638724","24.218368","2"
"9143","66000","387130000C","(04)23274275","(04)23288582","2026","1","22","16","41","臺中市","南區","0","2","0","7","1","6","50","4","1","1","5","4","6","6","4","4","9","4","5","2","15","2","9","1","1","C03","7","9","1","10","2","11","","20","20","1","12","2","120.658532","24.115524","2"
"9144","66000","387130000C","(04)23274275","(04)23288582","2026","1","22","16","42","臺中市","西屯區","0","0","0","7","","","50","","","","","","","","","","","","","","17","","","","","B03","","","1","","2","","","87","87","1","12","4","120.649023","24.161552","3"
"9145","66000","387130000C","(04)23274275","(04)23288582","2026","1","22","16","47","臺中市","大里區","0","2","0","7","2","6","50","4","1","1","5","4","6","6","1","1","10","5","5","2","16","3","10","1","1","C03","7","5","1","10","2","12","","65","65","1","12","4","120.695814","24.096579","2"
"9146","66000","387130000C","(04)23274275","(04)23288582","2026","1","22","16","52","臺中市","西屯區","0","3","0","7","2","6","40","13","8","1","5","4","6","6","4","4","1","4","5","2","17","3","10","6","4","F01","7","9","7","21","2","12","","42","42","1","13","4","120.652049","24.16151","2"
"9147","66000","387130000C","(04)23274275","(04)23288582","2026","1","22","16","54","臺中市","北區","0","0","0","7","","","50","","","","","","","","","","","","","","17","","","","","C03","","","1","","2","","","11","11","1","12","4","120.675434","24.153876","4"
"9148","66000","387130000C","(04)23274275","(04)23288582","2026","1","22","16","58","臺中市","南屯區","0","1","0","7","3","6","50","13","7","1","5","4","6","6","4","4","5","5","4","2","13","2","4","2","1","C03","7","9","1","10","2","11","","7","7","1","13","4","120.636293","24.146465","2"
"9149","66000","387130000C","(04)23274275","(04)23288582","2026","1","22","17","0","臺中市","沙鹿區","0","0","0","7","","","50","","","","","","","","","","","","","","","","","","","B12","","","1","","2","","","49","49","1","12","4","120.578741","24.223561","3"
"9150","66000","387130000C","(04)23274275","(04)23288582","2026","1","22","17","6","臺中市","北屯區","0","0","0","7","","","50","","","","","","","","","","","","","","12","","","","","B03","","","1","","2","","","40","40","1","6","4","120.724416","24.176083","3"
"9151","66000","387130000C","(04)23274275","(04)23288582","2026","1","22","17","9","臺中市","潭子區","0","0","0","7","","","50","","","","","","","","","","","","","","12","","","","","C03","","","1","","2","","","48","48","1","13","4","120.703294","24.206523","3"
"9152","66000","387130000C","(04)23274275","(04)23288582","2026","1","22","17","10","臺中市","北屯區","0","0","0","7","","","50","","","","","","","","","","","","","","","","","","","F01","","","7","","1","","","84","84","1","12","4","120.675725","24.183388","4"
"9153","66000","387130000C","(04)23274275","(04)23288582","2026","1","22","17","10","臺中市","北屯區","0","0","0","7","","","30","","","","","","","","","","","","","","","","","","","B03","","","1","","1","","","82","82","1","12","4","120.696226","24.163036","3"
"9154","66000","387130000C","(04)23274275","(04)23288582","2026","1","22","17","10","臺中市","霧峰區","0","1","0","7","1","6","50","4","1","1","5","4","6","6","1","1","10","5","5","2","13","2","8","2","1","C03","7","6","1","10","2","11","","7","7","1","12","4","120.69519","24.05987","2"
"9155","66000","387130000C","(04)23274275","(04)23288582","2026","1","22","17","11","臺中市","西屯區","0","1","0","7","2","6","50","13","9","1","5","4","6","6","4","4","4","5","5","2","12","3","10","5","4","B03","7","1","1","8","2","4","","51","51","1","13","4","120.620142","24.186218","2"
"9156","66000","387130000C","(04)23274275","(04)23288582","2026","1","22","17","11","臺中市","后里區","0","0","0","6","","","50","","","","","","","","","","","","","","","","","","","B03","","","1","","2","","","56","56","1","13","4","120.729132","24.313098","3"
"9157","66000","387130000C","(04)23274275","(04)23288582","2026","1","22","17","16","臺中市","西屯區","0","0","0","7","","","50","","","","","","","","","","","","","","12","","","","","B12","","","1","","1","","","8","8","1","12","4","120.652009","24.176025","3"
"9158","66000","387130000C","(04)23274275","(04)23288582","2026","1","22","17","17","臺中市","后里區","0","0","0","7","","","50","","","","","","","","","","","","","","14","","","","","B03","","","1","","2","","","49","49","1","6","4","120.723319","24.32404","3"
"9159","66000","387130000C","(04)23274275","(04)23288582","2026","1","22","17","18","臺中市","西屯區","0","1","0","7","1","6","50","4","1","1","5","4","6","6","2","1","10","5","5","2","3","3","10","5","4","B03","7","9","1","8","2","1","","21","21","1","13","4","120.610145","24.187037","2"
"9160","66000","387130000C","(04)23274275","(04)23288582","2026","1","22","17","19","臺中市","南屯區","0","0","0","7","","","40","","","","","","","","","","","","","","14","","","","","B03","","","1","","1","","","50","50","1","13","4","120.636225","24.156592","3"
"9161","66000","387130000C","(04)23274275","(04)23288582","2026","1","22","17","19","臺中市","大里區","0","1","0","7","3","6","50","4","1","1","5","4","6","6","1","1","10","5","5","2","17","3","10","3","1","B03","7","1","1","8","2","1","","51","51","1","13","4","120.696315","24.086821","2"
"9162","66000","387130000C","(04)23274275","(04)23288582","2026","1","22","17","20","臺中市","北區","0","1","0","7","3","6","50","4","24","1","5","4","6","6","1","1","10","5","5","2","17","3","10","5","4","B03","7","6","1","8","2","2","","11","11","1","13","4","120.680939","24.160345","2"
"9163","66000","387130000C","(04)23274275","(04)23288582","2026","1","22","17","22","臺中市","大雅區","0","2","0","7","1","6","50","13","8","1","5","4","6","6","4","4","8","3","4","1","12","2","9","1","4","C03","7","9","1","10","2","11","12","84","84","1","12","4","120.653015","24.228799","2"
"9164","66000","387130000C","(04)23274275","(04)23288582","2026","1","22","17","24","臺中市","西屯區","0","1","0","7","1","6","50","13","9","1","5","4","6","6","4","4","3","4","5","2","17","3","10","3","1","B03","7","7","1","8","2","2","","40","40","1","12","4","120.627036","24.172331","2"
"9165","66000","387130000C","(04)23274275","(04)23288582","2026","1","22","17","24","臺中市","大里區","0","0","0","7","","","50","","","","","","","","","","","","","","","","","","","B03","","","1","","1","","","59","59","1","12","4","120.680006","24.074105","3"
"9166","66000","387130000C","(04)23274275","(04)23288582","2026","1","22","17","25","臺中市","南屯區","0","1","0","7","2","6","50","4","1","1","5","4","6","6","1","1","9","4","5","2","12","2","9","1","1","C03","7","6","1","10","2","14","","48","48","1","12","4","120.61523","24.147528","2"