序號,縣市別代碼,機關代碼,市話,傳真,年,月,日,時,分,縣市,區,死亡數量,受傷數量,2-30,天候,道路照明設備,道路類別,道路速限,道路型態,事故位置,路面鋪裝,路面狀態,路面缺陷,障礙物,視距,號誌種類,號誌動作,分向設施,快車道或一般車道間,快慢車道間,路面邊線,事故類型及型態,受傷程度,主要傷處,保護裝備,行動電話或功能裝置,當事者區分(類別),車輛用途,當事者行動狀態,駕照狀態,駕照種類,飲酒情形,車輛撞擊部位最初,車輛撞擊部位其他,肇事因素個別,肇事因素主要,肇事逃逸,職業,共享經濟或外送平台,GPS座標X,GPS座標Y,事故類別
"9167","66000","387130000C","(04)23274275","(04)23288582","2026","1","22","17","25","臺中市","東勢區","0","0","0","7","","","30","","","","","","","","","","","","","","","","","","","B12","","","1","","2","","","84","84","1","12","4","120.829621","24.264886","3"
"9168","66000","387130000C","(04)23274275","(04)23288582","2026","1","22","17","26","臺中市","北屯區","0","0","0","7","","","50","","","","","","","","","","","","","","13","","","","","B03","","","1","","2","","","7","7","1","6","4","120.683387","24.171006","3"
"9169","66000","387130000C","(04)23274275","(04)23288582","2026","1","22","17","27","臺中市","西區","0","1","0","7","2","6","50","5","1","1","5","4","6","6","1","1","10","5","5","2","18","2","9","1","1","C03","7","9","1","10","2","12","","84","84","1","12","4","120.669843","24.150632","2"
"9170","66000","387130000C","(04)23274275","(04)23288582","2026","1","22","17","29","臺中市","梧棲區","0","1","0","7","1","6","60","13","8","1","5","4","6","6","1","1","1","2","4","1","13","2","8","1","1","C03","7","9","1","10","2","11","","7","7","1","6","4","120.536299","24.249633","2"
"9171","66000","387130000C","(04)23274275","(04)23288582","2026","1","22","17","30","臺中市","東區","0","1","0","7","1","6","50","4","1","1","5","4","6","6","2","1","5","4","5","2","16","3","10","5","4","B03","7","6","1","8","2","2","","11","11","1","13","4","120.697233","24.147926","2"
"9172","66000","387130000C","(04)23274275","(04)23288582","2026","1","22","17","31","臺中市","龍井區","0","3","0","7","1","6","30","4","1","1","5","4","6","1","4","4","10","5","5","2","15","2","9","1","1","C03","7","9","1","10","2","12","","15","15","1","12","4","120.51923","24.198543","2"
"9173","66000","387130000C","(04)23274275","(04)23288582","2026","1","22","17","33","臺中市","太平區","0","0","0","7","","","50","","","","","","","","","","","","","","16","","","","","C03","","","1","","2","","","45","45","1","13","4","120.713726","24.144735","3"
"9174","66000","387130000C","(04)23274275","(04)23288582","2026","1","22","17","33","臺中市","太平區","0","1","0","7","2","6","50","13","9","1","5","4","6","6","4","4","5","4","5","1","3","3","10","2","1","C03","7","9","1","10","2","11","","84","84","1","12","4","120.718806","24.133397","2"
"9175","66000","387130000C","(04)23274275","(04)23288582","2026","1","22","17","34","臺中市","大里區","0","2","0","7","1","6","30","3","1","1","5","4","6","6","3","1","10","5","5","2","17","2","8","2","1","C03","7","6","1","10","2","12","","48","48","1","12","4","120.691843","24.076773","2"
"9176","66000","387130000C","(04)23274275","(04)23288582","2026","1","22","17","35","臺中市","烏日區","0","1","0","7","1","6","50","13","9","1","5","4","6","6","4","4","5","5","5","2","17","2","9","5","4","C03","7","9","3","19","2","12","","84","84","1","6","4","120.625338","24.108219","2"
"9177","66000","387130000C","(04)23274275","(04)23288582","2026","1","22","17","37","臺中市","西屯區","0","2","0","7","2","6","50","13","9","1","5","4","6","6","4","4","5","5","5","2","12","2","7","5","4","C03","7","9","1","10","2","13","","42","42","1","13","2","120.637747","24.180567","2"
"9178","66000","387130000C","(04)23274275","(04)23288582","2026","1","22","17","40","臺中市","西屯區","0","0","0","7","","","40","","","","","","","","","","","","","","13","","","","","B03","","","1","","1","","","84","84","1","13","4","120.630594","24.162205","3"
"9179","66000","387130000C","(04)23274275","(04)23288582","2026","1","22","17","41","臺中市","大雅區","0","1","0","7","1","6","70","13","8","1","5","4","6","6","4","4","1","5","4","1","13","3","10","2","1","C03","7","9","1","10","2","11","","7","7","1","12","4","120.641579","24.229639","2"
"9180","66000","387130000C","(04)23274275","(04)23288582","2026","1","22","17","41","臺中市","大甲區","0","0","0","7","","","50","","","","","","","","","","","","","","","","","","","B03","","","1","","2","","","23","23","1","6","4","120.62574","24.348494","3"
"9181","66000","387130000C","(04)23274275","(04)23288582","2026","1","22","17","48","臺中市","大肚區","0","0","0","7","","","60","","","","","","","","","","","","","","","","","","","A41","","","1","","1","","","7","7","1","6","4","120.543125","24.162947","3"
"9182","66000","387130000C","(04)23274275","(04)23288582","2026","1","22","17","48","臺中市","梧棲區","0","0","0","7","","","50","","","","","","","","","","","","","","17","","","","","B03","","","1","","2","","","50","50","1","6","4","120.53076","24.253411","3"
"9183","66000","387130000C","(04)23274275","(04)23288582","2026","1","22","17","49","臺中市","西屯區","0","1","0","7","1","6","50","4","9","1","5","4","6","6","4","4","4","4","5","2","13","2","9","5","4","C03","7","9","1","10","1","11","","59","59","1","13","4","120.627807","24.159398","2"
"9184","66000","387130000C","(04)23274275","(04)23288582","2026","1","22","17","49","臺中市","霧峰區","0","2","0","7","1","6","50","13","8","1","5","4","6","6","4","4","9","4","4","1","12","2","9","2","1","C03","7","9","1","10","2","12","","85","85","1","13","4","120.699253","24.069538","2"
"9185","66000","387130000C","(04)23274275","(04)23288582","2026","1","22","17","50","臺中市","北屯區","0","0","0","7","","","50","","","","","","","","","","","","","","16","","","","","B03","","","1","","1","","","20","20","1","12","4","120.685965","24.178281","3"
"9186","66000","387130000C","(04)23274275","(04)23288582","2026","1","22","17","51","臺中市","西屯區","0","0","0","7","","","0","","","","","","","","","","","","","","14","","","","","B03","","","1","","1","","","49","49","1","12","4","120.640193","24.184959","3"
"9187","66000","387130000C","(04)23274275","(04)23288582","2026","1","22","17","55","臺中市","南屯區","0","2","0","7","1","6","30","4","1","1","5","4","6","6","4","4","10","5","5","2","15","2","9","2","1","C03","7","9","1","10","2","12","","12","12","1","13","4","120.641826","24.139861","2"
"9188","66000","387130000C","(04)23274275","(04)23288582","2026","1","22","17","58","臺中市","北屯區","0","0","0","7","","","40","","","","","","","","","","","","","","9","","","","","B03","","","1","","1","","","84","84","1","6","4","120.694088","24.171373","4"
"9189","66000","387130000C","(04)23274275","(04)23288582","2026","1","22","17","58","臺中市","西屯區","0","1","0","7","1","6","50","13","9","1","5","4","6","6","4","4","1","4","5","2","13","3","10","5","4","B03","7","9","1","8","2","1","","7","7","1","13","4","120.661971","24.17172","2"
"9190","66000","387130000C","(04)23274275","(04)23288582","2026","1","22","17","58","臺中市","沙鹿區","0","0","0","6","","","50","","","","","","","","","","","","","","","","","","","C03","","","1","","2","","","7","7","1","13","4","120.569507","24.256822","3"
"9191","66000","387130000C","(04)23274275","(04)23288582","2026","1","22","17","58","臺中市","后里區","0","1","0","7","2","6","50","3","1","1","5","4","6","6","4","4","1","4","4","1","16","3","10","3","1","B12","7","6","5","19","2","1","","14","14","1","6","4","120.723375","24.291299","2"
"9192","66000","387130000C","(04)23274275","(04)23288582","2026","1","22","18","1","臺中市","東勢區","0","0","0","7","1","5","50","11","9","1","5","4","5","6","4","4","5","5","5","2","17","3","10","5","4","B03","7","1","7","15","2","2","","8","8","1","13","4","120.831155","24.246513","3"
"9193","66000","387130000C","(04)23274275","(04)23288582","2026","1","22","18","3","臺中市","北區","0","0","0","7","","","50","","","","","","","","","","","","","","17","","","","","C03","","","1","","2","","","84","84","1","13","4","120.689844","24.15046","3"
"9194","66000","387130000C","(04)23274275","(04)23288582","2026","1","22","18","4","臺中市","西屯區","0","0","0","7","","","30","","","","","","","","","","","","","","17","","","","","B03","","","1","","1","","","48","48","1","12","4","120.651636","24.171748","3"
"9195","66000","387130000C","(04)23274275","(04)23288582","2026","1","22","18","5","臺中市","北屯區","0","2","0","7","1","6","50","4","2","1","5","4","6","6","1","1","5","4","4","2","11","2","9","1","1","C03","7","11","1","10","2","12","","45","45","1","13","4","120.691272","24.17031","2"
"9196","66000","387130000C","(04)23274275","(04)23288582","2026","1","22","18","7","臺中市","大里區","0","0","0","7","1","6","50","8","7","1","5","4","6","6","1","1","1","4","4","1","13","","","","","A12","","","1","","2","","","82","82","1","13","4","120.697466","24.111029","3"
"9197","66000","387130000C","(04)23274275","(04)23288582","2026","1","22","18","7","臺中市","大里區","0","1","0","7","1","6","50","3","9","1","5","4","6","6","1","1","5","5","5","2","17","3","10","2","1","C03","7","9","1","10","2","16","","26","26","1","12","4","120.715228","24.094264","2"
"9198","66000","387130000C","(04)23274275","(04)23288582","2026","1","22","18","7","臺中市","大里區","0","1","0","7","1","6","50","5","9","1","5","4","6","6","4","4","10","5","5","2","13","3","10","3","1","B03","7","9","1","8","2","1","","7","7","1","12","4","120.672491","24.102004","2"
"9199","66000","387130000C","(04)23274275","(04)23288582","2026","1","22","18","10","臺中市","北區","0","1","0","7","1","6","30","4","1","1","5","4","6","6","1","1","10","5","5","2","13","2","8","5","4","C03","7","9","1","10","2","11","","84","84","1","12","4","120.685118","24.165332","2"
"9200","66000","387130000C","(04)23274275","(04)23288582","2026","1","22","18","10","臺中市","北屯區","0","1","0","7","3","6","50","13","9","1","5","4","6","6","4","4","3","4","5","2","17","2","9","1","1","C03","7","9","1","10","2","11","","84","84","1","12","4","120.682498","24.172187","2"
"9201","66000","387130000C","(04)23274275","(04)23288582","2026","1","22","18","10","臺中市","大肚區","0","0","0","7","","","40","","","","","","","","","","","","","","","","","","","C03","","","1","","1","","","7","7","1","6","4","120.554923","24.129761","3"
"9202","66000","387130000C","(04)23274275","(04)23288582","2026","1","22","18","14","臺中市","大雅區","0","0","0","6","","","40","","","","","","","","","","","","","","","","","","","C03","","","1","","2","","","5","5","1","13","4","120.637988","24.233532","3"
"9203","66000","387130000C","(04)23274275","(04)23288582","2026","1","22","18","15","臺中市","后里區","0","1","0","7","1","6","30","13","9","1","5","4","6","6","4","4","10","5","5","2","16","3","10","3","1","B03","7","1","4","19","2","4","","51","51","1","6","4","120.715748","24.307924","2"
"9204","66000","387130000C","(04)23274275","(04)23288582","2026","1","22","18","16","臺中市","西屯區","0","0","0","7","","","50","","","","","","","","","","","","","","12","","","","","C03","","","1","","2","","","8","8","1","13","4","120.661866","24.171684","3"
"9205","66000","387130000C","(04)23274275","(04)23288582","2026","1","22","18","16","臺中市","神岡區","0","0","0","7","","","30","","","","","","","","","","","","","","11","","","","","B03","","","1","","2","","","8","8","1","12","4","120.685716","24.235738","3"
"9206","66000","387130000C","(04)23274275","(04)23288582","2026","1","22","18","17","臺中市","西屯區","0","0","0","7","","","30","","","","","","","","","","","","","","16","","","","","B03","","","1","","2","","","12","12","1","13","4","120.664495","24.171492","3"
"9207","66000","387130000C","(04)23274275","(04)23288582","2026","1","22","18","18","臺中市","北屯區","0","1","0","7","1","6","50","3","2","1","5","4","6","6","2","1","10","5","5","2","12","3","10","3","1","B03","7","5","1","8","2","5","","84","84","1","6","4","120.674897","24.176989","2"
"9208","66000","387130000C","(04)23274275","(04)23288582","2026","1","22","18","20","臺中市","南屯區","0","1","0","7","3","6","50","13","9","1","5","4","6","6","4","4","5","5","5","2","12","2","8","2","1","C03","7","1","3","19","2","16","","51","51","1","13","4","120.634757","24.14781","2"
"9209","66000","387130000C","(04)23274275","(04)23288582","2026","1","22","18","21","臺中市","西屯區","0","0","0","7","","","50","","","","","","","","","","","","","","12","","","","","C03","","","1","","2","","","8","8","1","13","4","120.626041","24.188706","3"
"9210","66000","387130000C","(04)23274275","(04)23288582","2026","1","22","18","23","臺中市","大雅區","0","0","0","7","","","50","","","","","","","","","","","","","","","","","","","B03","","","1","","1","","","43","43","1","12","4","120.649523","24.221697","3"
"9211","66000","387130000C","(04)23274275","(04)23288582","2026","1","22","18","24","臺中市","西屯區","0","0","0","7","","","60","","","","","","","","","","","","","","16","","","","","B03","","","1","","1","","","40","40","1","12","4","120.653336","24.160475","3"
"9212","66000","387130000C","(04)23274275","(04)23288582","2026","1","22","18","24","臺中市","西屯區","0","0","0","7","","","50","","","","","","","","","","","","","","13","","","","","B03","","","1","","1","","","7","7","1","13","4","120.643114","24.201778","3"
"9213","66000","387130000C","(04)23274275","(04)23288582","2026","1","22","18","25","臺中市","南屯區","0","0","0","7","","","30","","","","","","","","","","","","","","17","","","","","B03","","","1","","1","","","84","84","1","13","4","120.621551","24.143272","3"
"9214","66000","387130000C","(04)23274275","(04)23288582","2026","1","22","18","26","臺中市","北屯區","0","0","0","7","","","40","","","","","","","","","","","","","","13","","","","","C03","","","1","","2","","","7","7","1","6","4","120.67061","24.175798","3"
"9215","66000","387130000C","(04)23274275","(04)23288582","2026","1","22","18","27","臺中市","西屯區","0","0","0","7","","","50","","","","","","","","","","","","","","12","","","","","B03","","","1","","9","","","84","84","2","12","4","120.640903","24.167283","3"
"9216","66000","387130000C","(04)23274275","(04)23288582","2026","1","22","18","28","臺中市","西屯區","0","1","0","7","1","6","50","4","1","1","5","4","6","6","2","1","10","5","5","2","17","3","10","5","4","B03","7","5","1","8","2","5","","11","11","1","13","4","120.64799","24.1741","2"
"9217","66000","387130000C","(04)23274275","(04)23288582","2026","1","22","18","29","臺中市","北區","0","1","0","7","3","9","50","18","24","1","5","4","6","6","4","4","5","5","4","2","17","2","8","5","4","C03","7","8","1","10","2","14","","40","40","1","13","4","120.681635","24.158939","2"
"9218","66000","387130000C","(04)23274275","(04)23288582","2026","1","22","18","30","臺中市","西區","0","3","0","6","1","6","50","4","1","1","5","4","6","6","1","1","10","5","5","2","17","2","9","1","1","C03","7","6","1","10","2","14","","11","11","1","13","4","120.673632","24.152075","2"
"9219","66000","387130000C","(04)23274275","(04)23288582","2026","1","22","18","30","臺中市","北區","0","0","0","7","","","50","","","","","","","","","","","","","","17","","","","","C03","","","6","","1","","","85","85","1","13","4","120.684246","24.162864","4"
"9220","66000","387130000C","(04)23274275","(04)23288582","2026","1","22","18","34","臺中市","烏日區","0","1","0","7","1","6","50","13","9","1","5","4","6","6","4","4","5","5","5","2","13","2","9","5","4","C03","7","9","1","10","2","11","","84","84","1","13","4","120.625171","24.107355","2"
"9221","66000","387130000C","(04)23274275","(04)23288582","2026","1","22","18","35","臺中市","沙鹿區","0","0","0","7","","","60","","","","","","","","","","","","","","12","","","","","A04","","","1","","2","","","8","8","1","6","4","120.597697","24.250518","3"
"9222","66000","387130000C","(04)23274275","(04)23288582","2026","1","22","18","35","臺中市","后里區","0","1","0","7","1","6","40","3","14","1","5","4","6","6","1","1","5","4","4","1","14","3","10","3","1","B03","7","2","1","8","2","3","","49","49","1","6","4","120.719557","24.30927","2"
"9223","66000","387130000C","(04)23274275","(04)23288582","2026","1","22","18","37","臺中市","西屯區","0","0","0","7","","","50","","","","","","","","","","","","","","13","","","","","C03","","","1","","1","","","7","7","1","13","4","120.64736","24.159436","3"
"9224","66000","387130000C","(04)23274275","(04)23288582","2026","1","22","18","37","臺中市","西屯區","0","2","0","7","1","6","40","13","8","1","5","4","6","6","4","4","1","5","1","2","13","2","8","1","4","C03","7","9","1","10","1","11","","7","7","1","13","4","120.608815","24.183831","2"
"9225","66000","387130000C","(04)23274275","(04)23288582","2026","1","22","18","38","臺中市","西區","0","0","0","6","","","50","","","","","","","","","","","","","","13","","","","","B03","","","1","","1","","","7","7","1","12","4","120.673792","24.134974","3"
"9226","66000","387130000C","(04)23274275","(04)23288582","2026","1","22","18","40","臺中市","西屯區","0","0","0","7","","","50","","","","","","","","","","","","","","12","","","","","B03","","","1","","1","","","8","8","1","13","4","120.629752","24.162889","3"
"9227","66000","387130000C","(04)23274275","(04)23288582","2026","1","22","18","41","臺中市","潭子區","0","2","0","7","1","6","50","3","2","1","5","4","6","6","4","4","5","5","5","1","12","2","9","2","1","C03","7","11","1","10","2","14","","39","39","1","13","4","120.673871","24.208513","2"
"9228","66000","387130000C","(04)23274275","(04)23288582","2026","1","22","18","41","臺中市","北屯區","0","1","0","7","1","6","50","4","1","1","5","4","6","6","1","1","10","5","5","2","16","3","10","2","1","C03","7","6","1","10","2","11","","39","39","1","6","4","120.695469","24.164871","2"
"9229","66000","387130000C","(04)23274275","(04)23288582","2026","1","22","18","43","臺中市","北區","0","1","0","7","1","6","50","13","9","1","5","4","6","6","4","4","5","4","5","2","18","2","9","1","1","C03","7","9","1","10","2","16","","90","90","1","13","4","120.668678","24.16665","2"
"9230","66000","387130000C","(04)23274275","(04)23288582","2026","1","22","18","46","臺中市","南屯區","0","0","0","7","","","50","","","","","","","","","","","","","","11","","","","","B03","","","1","","1","","","84","84","1","12","4","120.650321","24.141658","3"
"9231","66000","387130000C","(04)23274275","(04)23288582","2026","1","22","18","49","臺中市","北屯區","0","1","0","7","1","6","50","4","1","1","5","4","6","6","1","1","10","5","5","2","13","2","7","4","1","F01","7","9","7","21","2","11","","7","7","1","4","4","120.714429","24.173932","2"
"9232","66000","387130000C","(04)23274275","(04)23288582","2026","1","22","18","50","臺中市","南區","0","1","0","7","1","6","50","3","2","1","5","4","6","6","4","4","10","5","5","2","13","2","9","2","1","C03","7","12","1","10","2","11","","7","7","1","13","4","120.674174","24.12861","2"
"9233","66000","387130000C","(04)23274275","(04)23288582","2026","1","22","18","50","臺中市","南區","0","1","0","7","1","6","50","4","2","1","5","4","6","6","1","1","3","4","4","2","17","3","10","1","1","C03","7","9","1","10","2","11","","84","84","1","12","4","120.669666","24.119912","2"
"9234","66000","387130000C","(04)23274275","(04)23288582","2026","1","22","18","52","臺中市","東區","0","0","0","7","","","50","","","","","","","","","","","","","","","","","","","B02","","","1","","1","","","49","49","1","12","4","120.689334","24.145172","3"
"9235","66000","387130000C","(04)23274275","(04)23288582","2026","1","22","18","58","臺中市","北屯區","0","0","0","7","","","50","","","","","","","","","","","","","","","","","","","C03","","","5","","2","","","11","11","1","6","4","120.661819","24.189421","3"
"9236","66000","387130000C","(04)23274275","(04)23288582","2026","1","22","18","59","臺中市","北屯區","0","2","0","7","3","6","50","4","2","1","5","4","6","6","4","4","10","5","5","2","17","2","9","1","1","C03","7","15","1","10","2","11","","84","84","1","12","4","120.722689","24.176796","2"
"9237","66000","387130000C","(04)23274275","(04)23288582","2026","1","22","19","0","臺中市","西區","0","1","0","7","1","6","50","13","8","1","5","4","6","6","1","1","7","4","4","2","13","2","9","1","1","C03","7","21","1","10","2","12","","7","7","1","13","4","120.657467","24.144753","2"
"9238","66000","387130000C","(04)23274275","(04)23288582","2026","1","22","19","0","臺中市","南屯區","0","1","0","7","1","6","30","13","9","1","5","4","6","6","4","4","10","5","5","2","17","2","9","2","1","C03","7","1","1","10","2","11","","59","59","1","13","4","120.613698","24.150857","2"
"9239","66000","387130000C","(04)23274275","(04)23288582","2026","1","22","19","1","臺中市","烏日區","0","0","0","7","","","50","","","","","","","","","","","","","","","","","","","C03","","","1","","2","","","40","40","1","6","4","120.641909","24.106239","3"
"9240","66000","387130000C","(04)23274275","(04)23288582","2026","1","22","19","1","臺中市","沙鹿區","0","0","0","7","","","50","","","","","","","","","","","","","","","","","","","B02","","","1","","2","","","8","8","1","12","4","120.573794","24.228156","3"
"9241","66000","387130000C","(04)23274275","(04)23288582","2026","1","22","19","6","臺中市","大雅區","0","1","0","7","1","6","50","4","1","1","5","4","6","6","4","4","10","5","5","2","16","3","10","3","1","B03","7","11","1","8","2","8","","45","45","1","12","4","120.650224","24.219756","2"
"9242","66000","387130000C","(04)23274275","(04)23288582","2026","1","22","19","8","臺中市","北區","0","0","0","7","","","50","","","","","","","","","","","","","","13","","","","","C03","","","1","","2","","","84","84","1","12","4","120.675792","24.170711","3"
"9243","66000","387130000C","(04)23274275","(04)23288582","2026","1","22","19","10","臺中市","梧棲區","0","1","0","7","1","6","50","4","19","1","5","4","6","6","1","1","10","5","5","2","3","3","10","3","1","B03","7","6","1","8","2","1","","10","10","1","6","4","120.538745","24.248954","2"
"9244","66000","387130000C","(04)23274275","(04)23288582","2026","1","22","19","10","臺中市","東勢區","0","1","0","7","1","6","50","3","1","1","5","4","6","6","2","1","1","4","4","1","3","3","10","5","4","B03","7","6","1","8","7","1","","84","84","1","13","4","120.837433","24.224264","2"
"9245","66000","387130000C","(04)23274275","(04)23288582","2026","1","22","19","18","臺中市","神岡區","0","1","0","7","1","6","50","3","2","1","5","4","6","6","4","4","9","5","5","1","28","","","","","","","","","","","","","118","118","1","","","120.692043","24.238049","2"
"9246","66000","387130000C","(04)23274275","(04)23288582","2026","1","22","19","24","臺中市","沙鹿區","0","1","0","6","2","6","30","13","9","1","5","4","6","6","4","4","10","5","5","2","18","2","9","5","4","C03","7","9","1","10","2","11","","84","84","1","13","4","120.571309","24.251242","2"
"9247","66000","387130000C","(04)23274275","(04)23288582","2026","1","22","19","25","臺中市","北屯區","0","1","0","7","1","6","50","13","9","1","5","4","6","6","4","4","5","4","5","2","13","3","10","1","1","C03","7","9","1","10","2","11","","7","7","1","6","4","120.694764","24.164859","2"
"9248","66000","387130000C","(04)23274275","(04)23288582","2026","1","22","19","25","臺中市","太平區","0","1","0","7","1","6","50","3","1","1","5","4","6","6","4","4","10","5","5","1","12","2","8","1","1","C03","7","8","1","10","2","14","","40","40","1","12","4","120.726488","24.149115","2"
"9249","66000","387130000C","(04)23274275","(04)23288582","2026","1","22","19","33","臺中市","北區","0","2","0","7","1","6","50","18","24","1","5","4","6","6","4","4","9","5","5","2","17","2","9","5","4","C03","7","9","1","10","2","12","","59","59","1","13","4","120.673565","24.160469","2"
"9250","66000","387130000C","(04)23274275","(04)23288582","2026","1","22","19","34","臺中市","霧峰區","0","1","0","7","1","6","50","13","9","1","5","4","6","6","4","4","1","4","5","1","12","3","10","3","1","B03","7","9","1","10","11","2","","8","8","2","12","4","120.663074","24.072536","2"
"9251","66000","387130000C","(04)23274275","(04)23288582","2026","1","22","19","41","臺中市","潭子區","0","1","0","7","1","6","60","13","7","1","5","4","6","6","1","1","3","2","5","1","12","3","10","2","1","C03","7","9","1","10","2","14","","85","85","1","13","4","120.705195","24.210077","2"
"9252","66000","387130000C","(04)23274275","(04)23288582","2026","1","22","19","51","臺中市","西屯區","0","0","0","7","","","50","","","","","","","","","","","","","","12","","","","","B03","","","1","","1","","","8","8","1","12","4","120.645341","24.17282","3"
"9253","66000","387130000C","(04)23274275","(04)23288582","2026","1","22","19","53","臺中市","神岡區","0","1","0","7","1","6","40","4","1","1","5","4","6","6","1","1","5","4","5","2","12","3","10","1","4","C03","7","5","1","10","2","13","","7","7","1","12","4","120.658681","24.258992","2"
"9254","66000","387130000C","(04)23274275","(04)23288582","2026","1","22","19","56","臺中市","北屯區","0","1","0","7","1","6","50","4","1","1","5","4","6","6","1","1","10","5","5","2","12","3","10","3","1","B03","7","5","1","8","2","6","","22","22","1","6","4","120.690599","24.172664","2"
"9255","66000","387130000C","(04)23274275","(04)23288582","2026","1","22","19","57","臺中市","北區","0","0","0","7","","","50","","","","","","","","","","","","","","17","","","","","C03","","","1","","1","","","7","7","1","13","4","120.671639","24.173359","3"
"9256","66000","387130000C","(04)23274275","(04)23288582","2026","1","22","20","2","臺中市","北區","0","0","0","7","","","50","","","","","","","","","","","","","","17","","","","","B03","","","1","","2","","","8","8","1","13","4","120.692129","24.155101","3"
"9257","66000","387130000C","(04)23274275","(04)23288582","2026","1","22","20","19","臺中市","潭子區","0","0","0","6","","","50","","","","","","","","","","","","","","","","","","","B03","","","1","","2","","","7","7","1","13","4","120.707202","24.215411","3"
"9258","66000","387130000C","(04)23274275","(04)23288582","2026","1","22","20","25","臺中市","沙鹿區","0","1","0","7","1","6","40","4","1","1","5","4","6","6","3","1","10","5","5","2","17","2","9","1","1","C03","7","6","1","10","2","11","","48","48","1","12","4","120.569857","24.211116","2"
"9259","66000","387130000C","(04)23274275","(04)23288582","2026","1","22","20","30","臺中市","大里區","0","0","0","7","","","50","","","","","","","","","","","","","","","","","","","B03","","","1","","1","","","50","50","1","12","4","120.703736","24.095899","3"
"9260","66000","387130000C","(04)23274275","(04)23288582","2026","1","22","20","31","臺中市","太平區","0","0","0","7","1","6","50","3","1","1","5","4","6","6","4","4","10","5","5","2","17","","","","","B03","","","1","","2","","","12","12","1","12","4","120.733499","24.154605","3"
"9261","66000","387130000C","(04)23274275","(04)23288582","2026","1","22","20","34","臺中市","大肚區","0","1","0","7","1","6","50","3","1","1","5","4","6","6","4","4","10","5","5","2","18","2","9","2","1","C03","7","9","1","10","2","14","","54","54","1","6","4","120.539643","24.153243","2"
"9262","66000","387130000C","(04)23274275","(04)23288582","2026","1","22","20","35","臺中市","西區","0","1","0","6","1","6","50","13","9","1","5","4","6","6","4","4","5","5","5","2","17","3","10","3","1","B03","7","4","1","8","2","2","","84","84","1","12","4","120.675916","24.136129","2"
"9263","66000","387130000C","(04)23274275","(04)23288582","2026","1","22","20","35","臺中市","南屯區","0","0","0","7","","","50","","","","","","","","","","","","","","","","","","","B03","","","1","","2","","","51","51","1","12","4","120.651098","24.140001","3"
"9264","66000","387130000C","(04)23274275","(04)23288582","2026","1","22","20","38","臺中市","西區","0","1","0","6","1","6","50","4","1","1","5","4","6","6","1","1","10","5","5","2","18","2","9","1","1","C03","7","9","1","10","2","12","","84","84","1","12","4","120.665236","24.146697","2"
"9265","66000","387130000C","(04)23274275","(04)23288582","2026","1","22","20","38","臺中市","南屯區","0","0","0","7","","","50","","","","","","","","","","","","","","13","","","","","B03","","","1","","1","","","59","59","1","13","4","120.635133","24.151411","3"
"9266","66000","387130000C","(04)23274275","(04)23288582","2026","1","22","20","39","臺中市","西區","0","1","0","7","1","6","50","13","9","1","5","4","6","6","4","4","1","4","4","2","17","3","10","3","1","B02","7","1","1","8","2","1","","51","51","1","12","4","120.657098","24.142288","2"
"9267","66000","387130000C","(04)23274275","(04)23288582","2026","1","22","20","41","臺中市","北屯區","0","1","0","7","1","6","40","4","1","1","5","4","6","6","2","1","10","5","5","2","13","2","7","2","1","C03","7","5","1","9","2","11","","7","7","1","6","4","120.688005","24.175595","2"
"9268","66000","387130000C","(04)23274275","(04)23288582","2026","1","22","20","50","臺中市","豐原區","0","2","0","7","2","6","60","3","1","1","5","4","6","6","3","1","1","4","4","1","17","2","8","5","4","C03","7","1","1","10","2","15","","24","24","1","13","4","120.71381","24.243604","2"
"9269","66000","387130000C","(04)23274275","(04)23288582","2026","1","22","20","55","臺中市","大雅區","0","0","0","7","","","70","","","","","","","","","","","","","","","","","","","B03","","","1","","1","","","84","84","1","12","4","120.644905","24.225639","3"
"9270","66000","387130000C","(04)23274275","(04)23288582","2026","1","22","20","55","臺中市","大甲區","0","2","0","7","1","6","50","4","1","1","5","4","6","6","4","4","10","5","5","2","15","2","9","5","4","C03","7","9","1","10","2","11","","15","15","1","6","4","120.622471","24.346142","2"
"9271","66000","387130000C","(04)23274275","(04)23288582","2026","1","22","21","11","臺中市","大肚區","0","0","0","7","","","40","","","","","","","","","","","","","","","","","","","C03","","","1","","1","","","6","6","1","6","4","120.554263","24.131539","3"
"9272","66000","387130000C","(04)23274275","(04)23288582","2026","1","22","21","12","臺中市","大雅區","0","0","0","7","","","30","","","","","","","","","","","","","","11","","","","","B03","","","1","","2","","","8","8","1","12","4","120.672397","24.231227","3"
"9273","66000","387130000C","(04)23274275","(04)23288582","2026","1","22","21","13","臺中市","大里區","0","0","0","7","","","50","","","","","","","","","","","","","","","","","","","B03","","","3","","1","","","49","49","1","12","4","120.682739","24.115809","3"
"9274","66000","387130000C","(04)23274275","(04)23288582","2026","1","22","21","14","臺中市","北區","0","0","0","7","3","6","50","4","2","1","5","4","6","6","2","1","10","5","5","2","17","","","","","B03","","","1","","1","","","20","20","1","13","4","120.676639","24.159106","3"
"9275","66000","387130000C","(04)23274275","(04)23288582","2026","1","22","21","20","臺中市","大里區","0","1","0","7","1","6","50","11","9","1","5","4","6","6","4","4","5","2","5","1","18","2","9","2","1","C03","7","9","3","19","2","14","","6","6","1","13","4","120.722067","24.083904","2"
"9276","66000","387130000C","(04)23274275","(04)23288582","2026","1","22","21","25","臺中市","西區","0","0","0","6","","","50","","","","","","","","","","","","","","12","","","","","B03","","","1","","1","","","84","84","1","12","4","120.663213","24.147357","3"