序號,縣市別代碼,機關代碼,市話,傳真,年,月,日,時,分,縣市,區,死亡數量,受傷數量,2-30,天候,道路照明設備,道路類別,道路速限,道路型態,事故位置,路面鋪裝,路面狀態,路面缺陷,障礙物,視距,號誌種類,號誌動作,分向設施,快車道或一般車道間,快慢車道間,路面邊線,事故類型及型態,受傷程度,主要傷處,保護裝備,行動電話或功能裝置,當事者區分(類別),車輛用途,當事者行動狀態,駕照狀態,駕照種類,飲酒情形,車輛撞擊部位最初,車輛撞擊部位其他,肇事因素個別,肇事因素主要,肇事逃逸,職業,共享經濟或外送平台,GPS座標X,GPS座標Y,事故類別
"9277","66000","387130000C","(04)23274275","(04)23288582","2026","1","22","21","29","臺中市","西區","0","0","0","7","","","50","","","","","","","","","","","","","","13","","","","","C03","","","1","","1","","","59","59","1","12","4","120.67019","24.146366","3"
"9278","66000","387130000C","(04)23274275","(04)23288582","2026","1","22","21","32","臺中市","西區","0","1","0","7","1","6","50","3","2","1","5","4","6","6","4","4","5","4","4","2","13","2","9","2","1","C03","7","9","1","10","2","11","","84","84","1","12","4","120.674426","24.134437","2"
"9279","66000","387130000C","(04)23274275","(04)23288582","2026","1","22","21","34","臺中市","太平區","0","1","0","7","1","6","50","4","1","1","5","4","6","6","1","1","10","5","5","2","14","3","10","3","1","B03","7","2","1","8","2","6","","49","49","1","13","4","120.719105","24.154977","2"
"9280","66000","387130000C","(04)23274275","(04)23288582","2026","1","22","21","38","臺中市","烏日區","0","0","0","7","","","30","","","","","","","","","","","","","","","","","","","C03","","","1","","2","","","11","11","1","13","4","120.643486","24.081739","3"
"9281","66000","387130000C","(04)23274275","(04)23288582","2026","1","22","21","43","臺中市","西屯區","0","2","0","7","1","6","50","13","9","1","5","4","6","6","4","4","9","5","5","2","16","2","9","1","1","C03","7","9","1","10","2","12","","7","7","1","12","4","120.639552","24.184307","2"
"9282","66000","387130000C","(04)23274275","(04)23288582","2026","1","22","21","45","臺中市","北區","0","2","0","7","1","6","50","3","4","1","5","4","6","6","1","1","5","5","5","2","17","2","9","5","4","C03","7","9","1","10","2","11","","84","84","1","13","4","120.689535","24.153468","2"
"9283","66000","387130000C","(04)23274275","(04)23288582","2026","1","22","21","50","臺中市","東區","0","0","0","7","","","40","","","","","","","","","","","","","","17","","","","","C03","","","1","","1","","","87","87","1","13","4","120.708245","24.135807","4"
"9284","66000","387130000C","(04)23274275","(04)23288582","2026","1","22","22","3","臺中市","西區","0","0","0","7","","","50","","","","","","","","","","","","","","17","","","","","B03","","","1","","1","","","84","84","1","12","4","120.66018","24.147845","3"
"9285","66000","387130000C","(04)23274275","(04)23288582","2026","1","22","22","15","臺中市","東區","0","2","0","7","1","6","50","13","9","1","5","4","6","6","4","4","9","4","5","2","16","2","8","1","1","C03","7","1","1","10","2","14","","51","51","1","12","4","120.690439","24.132999","2"
"9286","66000","387130000C","(04)23274275","(04)23288582","2026","1","22","22","16","臺中市","東區","0","1","0","7","1","6","50","4","1","1","5","4","6","6","1","1","9","4","4","2","17","3","10","3","1","B03","7","9","1","8","2","1","","7","7","1","12","4","120.68771","24.131887","2"
"9287","66000","387130000C","(04)23274275","(04)23288582","2026","1","22","22","21","臺中市","東區","0","2","0","7","1","6","50","13","9","1","5","4","6","3","4","4","9","5","5","2","17","2","9","1","4","C03","7","1","1","10","2","11","","51","51","1","13","4","120.701304","24.134106","2"
"9288","66000","387130000C","(04)23274275","(04)23288582","2026","1","22","22","24","臺中市","南屯區","0","2","0","7","3","6","50","13","9","1","5","4","6","6","4","4","5","5","5","2","16","2","9","1","1","C03","7","11","1","10","2","12","","20","20","1","12","4","120.648328","24.148981","2"
"9289","66000","387130000C","(04)23274275","(04)23288582","2026","1","22","22","39","臺中市","西區","0","2","0","7","1","6","50","4","1","1","5","4","6","6","4","4","10","5","5","2","15","2","9","1","1","C03","7","11","3","19","2","11","","46","46","1","6","4","120.657916","24.146695","2"
"9290","66000","387130000C","(04)23274275","(04)23288582","2026","1","22","22","40","臺中市","北屯區","0","1","0","7","1","6","50","13","9","1","5","4","6","6","4","4","1","4","5","2","16","2","9","1","1","C03","7","9","1","10","2","11","14","84","84","1","6","4","120.698443","24.172353","2"
"9291","66000","387130000C","(04)23274275","(04)23288582","2026","1","22","22","46","臺中市","霧峰區","0","0","0","7","","","60","","","","","","","","","","","","","","17","","","","","C03","","","1","","11","","","55","55","2","13","4","120.692391","24.045359","3"
"9292","66000","387130000C","(04)23274275","(04)23288582","2026","1","22","23","14","臺中市","烏日區","0","1","0","7","1","6","50","3","2","1","5","4","6","6","2","1","3","4","3","2","13","3","10","3","1","B03","7","9","1","8","2","1","","59","59","1","6","4","120.61301","24.115353","2"
"9293","66000","387130000C","(04)23274275","(04)23288582","2026","1","23","0","12","臺中市","烏日區","0","0","0","6","1","6","40","3","8","1","5","4","6","6","1","1","3","4","3","2","20","","","","","C03","","","1","","2","","","59","59","1","6","4","120.613267","24.1029","3"
"9294","66000","387130000C","(04)23274275","(04)23288582","2026","1","23","0","27","臺中市","西屯區","0","1","0","7","1","6","50","4","1","1","5","4","6","6","1","1","10","5","5","1","16","3","10","3","1","B01","7","5","1","2","2","6","","11","11","1","12","4","120.636674","24.171351","2"
"9295","66000","387130000C","(04)23274275","(04)23288582","2026","1","23","0","45","臺中市","北屯區","0","2","0","7","1","6","50","4","1","1","5","4","6","6","1","1","10","5","5","2","16","2","9","2","1","C03","7","9","1","10","2","11","","21","21","1","6","4","120.674084","24.17508","2"
"9296","66000","387130000C","(04)23274275","(04)23288582","2026","1","23","0","51","臺中市","南屯區","0","1","0","6","1","6","50","3","2","1","5","4","6","6","2","1","1","4","5","2","17","2","9","2","4","C03","7","6","1","10","2","14","","59","59","1","6","4","120.6465","24.144802","2"
"9297","66000","387130000C","(04)23274275","(04)23288582","2026","1","23","1","0","臺中市","西屯區","0","0","0","6","","","50","","","","","","","","","","","","","","","","","","","B03","","","1","","1","","","7","7","1","13","4","120.604772","24.187601","3"
"9298","66000","387130000C","(04)23274275","(04)23288582","2026","1","23","1","45","臺中市","北屯區","0","1","0","7","1","6","30","3","1","1","5","4","6","6","4","4","9","5","5","2","16","3","10","3","1","B01","7","5","1","4","2","8","","12","12","1","6","4","120.673289","24.174657","2"
"9299","66000","387130000C","(04)23274275","(04)23288582","2026","1","23","1","54","臺中市","西屯區","0","1","0","7","1","6","50","13","9","1","5","4","6","6","4","4","5","4","5","1","16","3","10","3","1","B03","7","11","1","4","2","4","","45","45","1","12","4","120.637626","24.163235","2"
"9300","66000","387130000C","(04)23274275","(04)23288582","2026","1","23","3","52","臺中市","大雅區","0","0","0","7","","","0","","","","","","","","","","","","","","","","","","","B03","","","1","","9","","","86","86","1","12","4","120.63815","24.233165","3"
"9301","66000","387130000C","(04)23274275","(04)23288582","2026","1","23","3","54","臺中市","西屯區","0","0","0","7","","","50","","","","","","","","","","","","","","","","","","","B01","","","1","","2","","","51","51","1","13","4","120.648191","24.172012","3"
"9302","66000","387130000C","(04)23274275","(04)23288582","2026","1","23","6","8","臺中市","西區","0","1","0","7","1","6","40","5","2","1","5","4","6","6","1","1","1","4","1","2","23","2","9","1","1","C03","7","9","1","10","2","14","","84","84","1","6","4","120.670068","24.150379","2"
"9303","66000","387130000C","(04)23274275","(04)23288582","2026","1","23","6","20","臺中市","西區","0","0","0","7","","","50","","","","","","","","","","","","","","17","","","","","B03","","","1","","2","","","84","84","1","12","4","120.656324","24.141237","3"
"9304","66000","387130000C","(04)23274275","(04)23288582","2026","1","23","6","35","臺中市","大雅區","0","1","0","6","1","6","30","4","2","1","5","4","6","6","4","4","10","5","5","1","17","3","10","3","1","B03","7","9","1","8","2","5","","15","15","1","13","4","120.654316","24.211002","2"
"9305","66000","387130000C","(04)23274275","(04)23288582","2026","1","23","6","47","臺中市","龍井區","0","1","0","7","1","6","30","3","1","1","5","4","6","6","4","4","10","5","5","2","14","3","10","3","1","B03","7","2","1","8","2","7","","49","49","1","6","4","120.531918","24.190721","2"
"9306","66000","387130000C","(04)23274275","(04)23288582","2026","1","23","6","52","臺中市","南區","0","0","0","7","","","50","","","","","","","","","","","","","","13","","","","","C03","","","3","","2","","","8","8","1","12","4","120.663579","24.11966","3"
"9307","66000","387130000C","(04)23274275","(04)23288582","2026","1","23","7","0","臺中市","清水區","0","0","0","7","2","6","50","13","9","1","5","4","6","6","4","4","8","4","5","1","14","","","","","C03","","","1","","1","","","49","49","1","12","4","120.549969","24.264558","3"
"9308","66000","387130000C","(04)23274275","(04)23288582","2026","1","23","7","1","臺中市","西屯區","0","1","0","7","2","6","30","4","1","1","5","4","6","6","4","4","8","5","5","1","15","3","10","5","4","B03","7","9","1","8","2","1","","6","6","1","13","4","120.61213","24.185224","2"
"9309","66000","387130000C","(04)23274275","(04)23288582","2026","1","23","7","2","臺中市","太平區","0","1","0","7","3","6","50","3","2","1","5","4","6","6","4","4","5","1","5","1","17","3","10","3","1","B03","7","6","1","8","2","1","","14","14","1","12","4","120.714453","24.143355","2"
"9310","66000","387130000C","(04)23274275","(04)23288582","2026","1","23","7","8","臺中市","龍井區","0","0","0","7","","","50","","","","","","","","","","","","","","13","","","","","B03","","","1","","2","","","82","82","1","6","4","120.584672","24.186915","3"
"9311","66000","387130000C","(04)23274275","(04)23288582","2026","1","23","7","11","臺中市","大甲區","0","0","0","7","1","6","50","3","1","1","5","4","6","6","4","4","5","5","5","1","16","3","10","1","1","B03","7","4","1","8","2","2","","84","84","1","12","4","120.625326","24.344962","3"
"9312","66000","387130000C","(04)23274275","(04)23288582","2026","1","23","7","13","臺中市","大雅區","0","4","0","7","3","9","50","13","9","1","5","4","6","6","4","4","4","3","5","2","12","2","8","1","1","C03","7","1","1","10","2","13","","51","51","1","12","4","120.636534","24.245466","2"
"9313","66000","387130000C","(04)23274275","(04)23288582","2026","1","23","7","15","臺中市","大雅區","0","0","0","6","","","30","","","","","","","","","","","","","","","","","","","B03","","","1","","2","","","14","14","1","13","4","120.668759","24.241243","3"
"9314","66000","387130000C","(04)23274275","(04)23288582","2026","1","23","7","15","臺中市","清水區","0","2","0","7","2","6","30","13","9","1","5","4","6","6","4","4","9","5","5","2","11","2","9","1","1","C03","7","9","3","19","2","11","","8","8","1","12","4","120.593913","24.300019","2"
"9315","66000","387130000C","(04)23274275","(04)23288582","2026","1","23","7","16","臺中市","西屯區","0","0","0","7","","","30","","","","","","","","","","","","","","15","","","","","C03","","","1","","2","","","12","12","1","12","4","120.617405","24.174905","4"
"9316","66000","387130000C","(04)23274275","(04)23288582","2026","1","23","7","18","臺中市","龍井區","0","0","0","7","","","50","","","","","","","","","","","","","","11","","","","","C03","","","1","","1","","","85","85","1","6","4","120.582191","24.176722","4"
"9317","66000","387130000C","(04)23274275","(04)23288582","2026","1","23","7","19","臺中市","大雅區","0","1","0","6","2","6","50","4","1","1","5","4","6","6","2","1","10","4","5","1","17","3","10","3","1","B03","7","6","1","8","2","5","","48","48","1","12","4","120.650504","24.219019","2"
"9318","66000","387130000C","(04)23274275","(04)23288582","2026","1","23","7","20","臺中市","北屯區","0","0","0","7","","","50","","","","","","","","","","","","","","13","","","","","B03","","","1","","1","","","84","84","1","12","4","120.696879","24.168481","3"
"9319","66000","387130000C","(04)23274275","(04)23288582","2026","1","23","7","23","臺中市","太平區","0","1","0","7","3","6","50","13","9","1","5","4","6","6","4","4","5","2","5","1","17","2","9","1","1","C03","7","9","1","10","1","11","","84","84","1","12","4","120.73087","24.134901","2"
"9320","66000","387130000C","(04)23274275","(04)23288582","2026","1","23","7","25","臺中市","北屯區","0","0","0","7","","","50","","","","","","","","","","","","","","13","","","","","B03","","","1","","2","","","7","7","1","12","4","120.686038","24.201317","3"
"9321","66000","387130000C","(04)23274275","(04)23288582","2026","1","23","7","25","臺中市","太平區","0","0","0","7","","","50","","","","","","","","","","","","","","13","","","","","B03","","","1","","1","","","7","7","1","12","4","120.715321","24.1587","3"
"9322","66000","387130000C","(04)23274275","(04)23288582","2026","1","23","7","28","臺中市","霧峰區","0","1","0","7","2","6","50","4","1","1","5","4","6","6","4","4","10","5","5","2","17","2","8","2","1","C03","7","9","1","10","2","15","","85","85","1","6","4","120.697701","24.064801","2"
"9323","66000","387130000C","(04)23274275","(04)23288582","2026","1","23","7","28","臺中市","大里區","0","0","0","7","","","50","","","","","","","","","","","","","","11","","","","","C03","","","3","","9","","","4","4","2","13","4","120.688392","24.111084","3"
"9324","66000","387130000C","(04)23274275","(04)23288582","2026","1","23","7","29","臺中市","霧峰區","0","0","0","7","","","30","","","","","","","","","","","","","","14","","","","","B03","","","1","","2","","","49","49","1","6","4","120.684412","24.035586","3"
"9325","66000","387130000C","(04)23274275","(04)23288582","2026","1","23","7","30","臺中市","大雅區","0","1","0","7","3","6","50","4","1","1","5","4","6","6","4","4","10","5","5","1","15","2","7","1","1","F03","7","9","7","21","2","12","","6","6","1","12","4","120.668205","24.225073","2"
"9326","66000","387130000C","(04)23274275","(04)23288582","2026","1","23","7","30","臺中市","梧棲區","0","0","0","7","","","50","","","","","","","","","","","","","","13","","","","","B03","","","1","","1","","","7","7","1","6","4","120.540079","24.259177","3"
"9327","66000","387130000C","(04)23274275","(04)23288582","2026","1","23","7","30","臺中市","沙鹿區","0","1","0","7","2","6","50","13","9","1","5","4","6","6","4","4","4","5","5","2","17","3","10","1","1","C03","7","11","1","10","2","12","","45","45","1","6","4","120.554084","24.23118","2"
"9328","66000","387130000C","(04)23274275","(04)23288582","2026","1","23","7","31","臺中市","太平區","0","0","0","7","","","50","","","","","","","","","","","","","","13","","","","","C03","","","1","","1","","","84","84","1","6","4","120.720385","24.120676","3"
"9329","66000","387130000C","(04)23274275","(04)23288582","2026","1","23","7","34","臺中市","太平區","0","2","0","7","3","6","50","4","1","5","5","4","6","6","1","1","10","5","5","2","3","2","8","1","1","C03","7","6","1","10","2","11","","10","10","1","12","4","120.711082","24.151301","2"
"9330","66000","387130000C","(04)23274275","(04)23288582","2026","1","23","7","35","臺中市","清水區","0","3","0","7","2","6","50","4","1","1","5","4","6","6","1","1","8","3","4","1","12","3","10","3","1","B03","7","5","1","10","2","5","","11","11","1","12","4","120.560298","24.268377","2"
"9331","66000","387130000C","(04)23274275","(04)23288582","2026","1","23","7","35","臺中市","豐原區","0","0","0","7","","","50","","","","","","","","","","","","","","","","","","","B03","","","1","","2","","","51","51","1","13","4","120.736463","24.251407","3"
"9332","66000","387130000C","(04)23274275","(04)23288582","2026","1","23","7","36","臺中市","沙鹿區","0","0","0","7","","","50","","","","","","","","","","","","","","16","","","","","B03","","","1","","2","","","84","84","1","12","4","120.564846","24.239296","3"
"9333","66000","387130000C","(04)23274275","(04)23288582","2026","1","23","7","38","臺中市","大甲區","0","0","0","7","","","60","","","","","","","","","","","","","","13","","","","","B03","","","1","","2","","","58","58","1","6","4","120.61722","24.346589","3"
"9334","66000","387130000C","(04)23274275","(04)23288582","2026","1","23","7","38","臺中市","神岡區","0","0","0","7","","","30","","","","","","","","","","","","","","12","","","","","B03","","","1","","2","","","8","8","1","6","4","120.675508","24.256619","3"
"9335","66000","387130000C","(04)23274275","(04)23288582","2026","1","23","7","39","臺中市","南區","0","0","0","7","","","50","","","","","","","","","","","","","","","","","","","B03","","","1","","1","","","7","7","1","13","4","120.648839","24.122102","3"
"9336","66000","387130000C","(04)23274275","(04)23288582","2026","1","23","7","42","臺中市","梧棲區","0","2","0","7","3","6","30","13","9","1","5","4","6","6","4","4","10","5","5","2","13","2","9","1","1","C03","7","9","1","10","2","11","","7","7","1","6","4","120.535818","24.235622","2"
"9337","66000","387130000C","(04)23274275","(04)23288582","2026","1","23","7","43","臺中市","東區","0","2","0","7","1","6","50","13","9","1","5","4","6","6","4","4","9","5","5","2","17","2","9","5","4","C03","7","1","1","10","2","11","","51","51","1","13","4","120.693861","24.134796","2"
"9338","66000","387130000C","(04)23274275","(04)23288582","2026","1","23","7","44","臺中市","潭子區","0","1","0","7","2","6","50","13","9","1","5","4","6","6","2","1","1","4","5","1","12","3","10","3","1","B03","7","7","1","8","2","2","","84","84","1","13","4","120.688822","24.216047","2"
"9339","66000","387130000C","(04)23274275","(04)23288582","2026","1","23","7","46","臺中市","北屯區","0","1","0","6","3","6","50","13","9","1","5","4","6","6","4","4","5","5","5","2","13","2","9","2","1","C03","7","12","1","10","2","11","","7","7","1","6","4","120.688265","24.176614","2"
"9340","66000","387130000C","(04)23274275","(04)23288582","2026","1","23","7","49","臺中市","西區","0","2","0","7","3","6","50","13","9","1","5","4","6","6","4","4","10","5","5","2","12","2","8","1","1","C02","7","1","1","9","2","14","","51","51","1","6","4","120.656053","24.141727","2"
"9341","66000","387130000C","(04)23274275","(04)23288582","2026","1","23","7","49","臺中市","西屯區","0","0","0","7","","","50","","","","","","","","","","","","","","13","","","","","C03","","","1","","1","","","7","7","1","12","4","120.65182","24.20652","3"
"9342","66000","387130000C","(04)23274275","(04)23288582","2026","1","23","7","50","臺中市","神岡區","0","0","0","7","","","50","","","","","","","","","","","","","","14","","","","","B03","","","1","","2","","","49","49","1","13","4","120.661128","24.259147","3"
"9343","66000","387130000C","(04)23274275","(04)23288582","2026","1","23","7","52","臺中市","烏日區","0","0","0","7","","","50","","","","","","","","","","","","","","24","","","","","B03","","","1","","1","","","59","59","1","13","4","120.643995","24.112605","3"
"9344","66000","387130000C","(04)23274275","(04)23288582","2026","1","23","7","53","臺中市","潭子區","0","0","0","7","","","50","","","","","","","","","","","","","","13","","","","","C03","","","1","","2","","","27","59","1","12","4","120.691254","24.21596","3"
"9345","66000","387130000C","(04)23274275","(04)23288582","2026","1","23","7","56","臺中市","太平區","0","2","0","7","3","6","40","13","7","1","5","4","6","6","4","4","5","2","4","1","17","2","9","1","1","F03","7","1","7","21","2","14","","51","51","1","12","4","120.729071","24.105338","2"
"9346","66000","387130000C","(04)23274275","(04)23288582","2026","1","23","7","57","臺中市","南屯區","0","1","0","7","3","6","50","3","1","1","5","4","6","6","4","4","10","5","5","2","16","3","10","3","1","B03","7","6","1","8","2","1","","48","48","1","12","4","120.641644","24.148221","2"
"9347","66000","387130000C","(04)23274275","(04)23288582","2026","1","23","8","0","臺中市","南區","0","0","0","7","","","50","","","","","","","","","","","","","","14","","","","","B03","","","1","","1","","","49","49","1","6","4","120.660927","24.12337","3"
"9348","66000","387130000C","(04)23274275","(04)23288582","2026","1","23","8","0","臺中市","南屯區","0","0","0","7","","","50","","","","","","","","","","","","","","13","","","","","B03","","","1","","1","","","84","84","1","13","4","120.599499","24.145821","3"
"9349","66000","387130000C","(04)23274275","(04)23288582","2026","1","23","8","0","臺中市","大里區","0","1","0","7","2","6","50","13","7","1","5","4","6","6","4","4","9","5","4","2","17","2","9","2","1","C03","7","9","1","10","2","14","","7","7","1","12","4","120.687851","24.105758","2"
"9350","66000","387130000C","(04)23274275","(04)23288582","2026","1","23","8","2","臺中市","西屯區","0","1","0","7","2","6","30","13","9","1","5","4","6","6","4","4","10","5","5","2","17","3","10","5","4","B03","7","1","1","8","2","8","","51","51","1","12","4","120.642524","24.17175","2"
"9351","66000","387130000C","(04)23274275","(04)23288582","2026","1","23","8","5","臺中市","北區","0","1","0","7","2","6","50","13","7","1","5","4","6","6","4","4","2","4","4","2","12","2","8","1","1","C03","7","5","1","10","2","11","","85","85","1","12","4","120.686998","24.155506","2"
"9352","66000","387130000C","(04)23274275","(04)23288582","2026","1","23","8","8","臺中市","北屯區","0","1","0","7","2","6","50","4","1","1","5","4","6","6","2","1","10","5","5","2","18","2","9","2","1","C03","7","9","1","10","2","14","","84","84","1","12","4","120.685677","24.172195","2"
"9353","66000","387130000C","(04)23274275","(04)23288582","2026","1","23","8","8","臺中市","大里區","0","0","0","7","","","50","","","","","","","","","","","","","","17","","","","","B03","","","1","","1","","","84","84","1","6","4","120.714039","24.094149","3"
"9354","66000","387130000C","(04)23274275","(04)23288582","2026","1","23","8","11","臺中市","南區","1","0","0","7","3","6","50","13","9","1","5","4","6","6","4","4","5","5","5","2","12","3","10","3","1","B03","7","9","1","8","2","2","","8","8","1","13","4","120.676217","24.132242","1"
"9355","66000","387130000C","(04)23274275","(04)23288582","2026","1","23","8","11","臺中市","南屯區","0","1","0","7","2","6","50","13","9","1","5","4","6","6","4","4","5","4","5","2","17","3","10","1","1","C03","7","9","1","10","2","11","","7","7","1","13","4","120.647433","24.147018","2"
"9356","66000","387130000C","(04)23274275","(04)23288582","2026","1","23","8","20","臺中市","西屯區","0","0","0","7","","","50","","","","","","","","","","","","","","16","","","","","B03","","","1","","2","","","45","45","1","13","4","120.621003","24.186012","3"
"9357","66000","387130000C","(04)23274275","(04)23288582","2026","1","23","8","21","臺中市","南屯區","0","1","0","7","2","6","50","4","1","1","5","4","6","6","1","1","5","4","5","2","17","3","10","3","1","B03","7","5","1","8","2","2","","26","26","1","13","4","120.652972","24.143818","2"
"9358","66000","387130000C","(04)23274275","(04)23288582","2026","1","23","8","24","臺中市","南屯區","0","0","0","7","","","50","","","","","","","","","","","","","","13","","","","","B03","","","1","","1","","","14","14","1","13","4","120.59966","24.150788","3"
"9359","66000","387130000C","(04)23274275","(04)23288582","2026","1","23","8","25","臺中市","西屯區","0","1","0","7","2","6","50","13","9","4","5","4","6","6","4","4","1","4","5","1","18","2","9","5","4","C03","7","5","1","10","1","12","","59","59","1","13","4","120.616762","24.18592","2"
"9360","66000","387130000C","(04)23274275","(04)23288582","2026","1","23","8","25","臺中市","梧棲區","0","0","0","7","","","50","","","","","","","","","","","","","","17","","","","","B03","","","5","","2","","","55","55","1","6","4","120.534155","24.256429","3"
"9361","66000","387130000C","(04)23274275","(04)23288582","2026","1","23","8","26","臺中市","豐原區","0","1","0","7","2","6","30","4","9","1","5","4","6","6","4","4","10","5","5","1","17","3","10","3","1","B12","7","6","1","7","2","4","","14","14","1","12","4","120.715847","24.268878","2"
"9362","66000","387130000C","(04)23274275","(04)23288582","2026","1","23","8","27","臺中市","西屯區","0","1","0","7","2","6","50","3","1","1","5","4","6","6","1","1","1","4","5","1","13","2","9","5","4","C03","7","9","1","10","2","11","","7","7","1","13","4","120.659041","24.170833","2"
"9363","66000","387130000C","(04)23274275","(04)23288582","2026","1","23","8","28","臺中市","南屯區","0","0","0","7","","","50","","","","","","","","","","","","","","13","","","","","B03","","","1","","2","","","7","7","1","12","4","120.637193","24.151555","3"
"9364","66000","387130000C","(04)23274275","(04)23288582","2026","1","23","8","30","臺中市","烏日區","0","0","0","7","","","50","","","","","","","","","","","","","","13","","","","","B03","","","1","","1","","","7","7","1","6","4","120.607082","24.125776","3"
"9365","66000","387130000C","(04)23274275","(04)23288582","2026","1","23","8","32","臺中市","南屯區","0","0","0","7","","","50","","","","","","","","","","","","","","","","","","","C03","","","1","","1","","","7","7","1","13","4","120.651262","24.147756","3"
"9366","66000","387130000C","(04)23274275","(04)23288582","2026","1","23","8","32","臺中市","北屯區","0","1","0","7","3","6","50","3","1","1","5","4","6","6","4","4","10","5","5","2","16","3","10","3","1","B03","7","6","1","8","2","1","","14","14","1","12","4","120.682121","24.169034","2"
"9367","66000","387130000C","(04)23274275","(04)23288582","2026","1","23","8","32","臺中市","太平區","0","0","0","7","","","50","","","","","","","","","","","","","","13","","","","","C03","","","1","","2","","","42","42","1","12","4","120.717021","24.131532","3"
"9368","66000","387130000C","(04)23274275","(04)23288582","2026","1","23","8","34","臺中市","南屯區","0","0","0","7","","","50","","","","","","","","","","","","","","13","","","","","C03","","","1","","2","","","59","59","1","12","4","120.646579","24.131953","4"
"9369","66000","387130000C","(04)23274275","(04)23288582","2026","1","23","8","35","臺中市","西屯區","0","0","0","7","","","30","","","","","","","","","","","","","","17","","","","","B03","","","1","","2","","","59","59","1","13","4","120.612382","24.185489","3"
"9370","66000","387130000C","(04)23274275","(04)23288582","2026","1","23","8","36","臺中市","太平區","0","0","0","7","","","0","","","","","","","","","","","","","","","","","","","B03","","","1","","2","","","51","51","1","12","4","120.714475","24.146873","3"
"9371","66000","387130000C","(04)23274275","(04)23288582","2026","1","23","8","38","臺中市","西屯區","0","0","0","7","","","60","","","","","","","","","","","","","","12","","","","","A02","","","1","","2","","","8","8","1","12","4","120.639756","24.16877","3"
"9372","66000","387130000C","(04)23274275","(04)23288582","2026","1","23","8","39","臺中市","大里區","0","0","0","7","","","40","","","","","","","","","","","","","","17","","","","","B12","","","1","","2","","","84","84","1","6","4","120.717099","24.096049","3"
"9373","66000","387130000C","(04)23274275","(04)23288582","2026","1","23","8","39","臺中市","后里區","0","1","0","7","2","6","40","3","2","1","5","4","6","6","4","4","5","5","4","1","18","2","9","2","1","C03","7","9","1","10","2","14","","84","84","1","12","4","120.71612","24.309861","2"
"9374","66000","387130000C","(04)23274275","(04)23288582","2026","1","23","8","40","臺中市","大雅區","0","0","0","7","","","30","","","","","","","","","","","","","","","","","","","B03","","","1","","2","","","49","49","1","13","4","120.665726","24.214112","3"
"9375","66000","387130000C","(04)23274275","(04)23288582","2026","1","23","8","40","臺中市","北區","0","2","0","7","3","6","50","3","2","1","5","4","6","6","4","4","5","4","5","2","16","2","9","5","4","C04","7","6","3","19","2","12","","14","14","1","13","4","120.681123","24.149868","2"
"9376","66000","387130000C","(04)23274275","(04)23288582","2026","1","23","8","41","臺中市","大里區","0","1","0","7","2","6","50","13","9","1","5","4","6","6","4","4","5","4","5","1","13","2","9","2","1","C03","7","9","1","10","2","11","","7","7","1","12","4","120.675246","24.114944","2"
"9377","66000","387130000C","(04)23274275","(04)23288582","2026","1","23","8","42","臺中市","沙鹿區","0","0","0","7","","","30","","","","","","","","","","","","","","13","","","","","B03","","","1","","1","","","59","59","1","6","4","120.572855","24.232313","3"
"9378","66000","387130000C","(04)23274275","(04)23288582","2026","1","23","8","44","臺中市","大甲區","0","0","0","7","","","50","","","","","","","","","","","","","","13","","","","","C03","","","1","","2","","","7","7","1","13","4","120.62369","24.344071","3"
"9379","66000","387130000C","(04)23274275","(04)23288582","2026","1","23","8","45","臺中市","北屯區","0","0","0","7","","","50","","","","","","","","","","","","","","13","","","","","B03","","","1","","1","","","7","7","1","6","4","120.736793","24.178206","3"
"9380","66000","387130000C","(04)23274275","(04)23288582","2026","1","23","8","45","臺中市","太平區","0","0","0","7","","","50","","","","","","","","","","","","","","13","","","","","C03","","","1","","2","","","7","7","1","12","4","120.7071","24.129128","3"
"9381","66000","387130000C","(04)23274275","(04)23288582","2026","1","23","8","53","臺中市","潭子區","0","1","0","7","3","6","50","4","2","1","5","4","6","6","1","1","1","4","5","1","17","3","10","2","1","C03","7","6","1","10","2","13","","84","84","1","13","4","120.711583","24.209371","2"
"9382","66000","387130000C","(04)23274275","(04)23288582","2026","1","23","8","53","臺中市","西屯區","0","0","0","7","","","40","","","","","","","","","","","","","","12","","","","","B03","","","1","","1","","","7","7","1","12","4","120.66355","24.170728","4"
"9383","66000","387130000C","(04)23274275","(04)23288582","2026","1","23","8","54","臺中市","梧棲區","0","0","0","7","","","60","","","","","","","","","","","","","","17","","","","","A31","","","1","","2","","","8","8","1","6","4","120.537101","24.252418","3"
"9384","66000","387130000C","(04)23274275","(04)23288582","2026","1","23","8","56","臺中市","西區","0","1","0","7","2","6","50","5","1","1","5","4","6","6","1","1","10","5","5","2","16","3","10","5","4","B03","7","11","1","8","1","6","","84","84","1","13","4","120.675492","24.133622","2"
"9385","66000","387130000C","(04)23274275","(04)23288582","2026","1","23","8","58","臺中市","北區","0","0","0","7","","","50","","","","","","","","","","","","","","","","","","","B03","","","1","","1","","","7","7","1","12","4","120.682325","24.159092","3"
"9386","66000","387130000C","(04)23274275","(04)23288582","2026","1","23","8","59","臺中市","西屯區","0","0","0","7","","","30","","","","","","","","","","","","","","16","","","","","B03","","","1","","1","","","14","14","1","13","4","120.643905","24.174074","3"
"9387","66000","387130000C","(04)23274275","(04)23288582","2026","1","23","9","1","臺中市","北屯區","0","1","0","7","2","6","50","13","9","1","5","4","6","6","4","4","1","3","5","2","12","3","10","3","1","B03","7","3","1","8","2","5","","50","50","1","6","4","120.683042","24.185598","2"