序號,縣市別代碼,機關代碼,市話,傳真,年,月,日,時,分,縣市,區,死亡數量,受傷數量,2-30,天候,道路照明設備,道路類別,道路速限,道路型態,事故位置,路面鋪裝,路面狀態,路面缺陷,障礙物,視距,號誌種類,號誌動作,分向設施,快車道或一般車道間,快慢車道間,路面邊線,事故類型及型態,受傷程度,主要傷處,保護裝備,行動電話或功能裝置,當事者區分(類別),車輛用途,當事者行動狀態,駕照狀態,駕照種類,飲酒情形,車輛撞擊部位最初,車輛撞擊部位其他,肇事因素個別,肇事因素主要,肇事逃逸,職業,共享經濟或外送平台,GPS座標X,GPS座標Y,事故類別
"9388","66000","387130000C","(04)23274275","(04)23288582","2026","1","23","9","1","臺中市","清水區","0","0","0","7","","","60","","","","","","","","","","","","","","","","","","","B03","","","1","","2","","","40","40","1","12","4","120.546323","24.273876","3"
"9389","66000","387130000C","(04)23274275","(04)23288582","2026","1","23","9","4","臺中市","烏日區","0","2","0","7","2","6","50","4","2","1","5","4","6","6","2","1","1","4","5","1","13","2","9","5","4","C03","7","9","1","10","2","12","","59","59","1","13","4","120.624879","24.104241","2"
"9390","66000","387130000C","(04)23274275","(04)23288582","2026","1","23","9","5","臺中市","西屯區","0","1","0","7","2","6","40","4","1","1","5","4","6","6","2","1","10","5","5","2","13","2","9","2","1","C03","7","9","1","8","2","11","","7","7","1","12","4","120.64107","24.16792","2"
"9391","66000","387130000C","(04)23274275","(04)23288582","2026","1","23","9","6","臺中市","大里區","0","0","0","7","","","50","","","","","","","","","","","","","","14","","","","","B12","","","1","","1","","","49","49","1","6","4","120.697767","24.094914","3"
"9392","66000","387130000C","(04)23274275","(04)23288582","2026","1","23","9","7","臺中市","中區","0","2","0","7","2","6","50","4","2","1","5","4","6","6","4","4","10","4","5","2","16","2","9","2","1","C03","7","6","1","10","2","14","","48","48","1","13","4","120.681705","24.141858","2"
"9393","66000","387130000C","(04)23274275","(04)23288582","2026","1","23","9","7","臺中市","西屯區","0","0","0","7","","","60","","","","","","","","","","","","","","12","","","","","B03","","","1","","1","","","8","8","1","12","4","120.639348","24.169027","3"
"9394","66000","387130000C","(04)23274275","(04)23288582","2026","1","23","9","7","臺中市","大肚區","0","1","0","7","2","6","50","13","9","1","5","4","6","6","1","1","10","3","5","1","16","2","8","1","1","C03","7","9","1","10","2","12","","21","21","1","12","4","120.530977","24.169889","2"
"9395","66000","387130000C","(04)23274275","(04)23288582","2026","1","23","9","9","臺中市","外埔區","0","1","0","7","2","6","70","3","9","1","5","4","6","6","4","4","1","4","5","1","18","2","9","2","1","C03","7","9","1","10","2","11","","54","54","1","12","4","120.644793","24.333858","2"
"9396","66000","387130000C","(04)23274275","(04)23288582","2026","1","23","9","9","臺中市","東勢區","0","1","0","7","2","6","50","13","9","1","5","4","6","6","1","1","5","5","5","2","18","2","9","5","4","C03","7","14","3","19","2","16","","59","59","1","13","4","120.832114","24.246919","2"
"9397","66000","387130000C","(04)23274275","(04)23288582","2026","1","23","9","12","臺中市","太平區","0","0","0","7","","","30","","","","","","","","","","","","","","17","","","","","A12","","","1","","2","","","84","84","1","12","4","120.712441","24.133671","3"
"9398","66000","387130000C","(04)23274275","(04)23288582","2026","1","23","9","12","臺中市","龍井區","0","1","0","7","2","6","50","4","1","1","5","4","6","6","4","4","5","5","5","1","15","2","9","1","1","C03","7","9","1","10","2","12","","15","15","1","6","4","120.528534","24.201924","2"
"9399","66000","387130000C","(04)23274275","(04)23288582","2026","1","23","9","12","臺中市","沙鹿區","0","0","0","7","2","6","50","13","9","1","5","4","6","6","1","1","1","1","5","1","13","","","","","A31","","","1","","2","","","7","7","1","6","4","120.61483","24.241691","3"
"9400","66000","387130000C","(04)23274275","(04)23288582","2026","1","23","9","13","臺中市","西屯區","0","0","0","7","","","50","","","","","","","","","","","","","","13","","","","","C03","","","1","","1","","","7","7","1","13","4","120.664726","24.178119","3"
"9401","66000","387130000C","(04)23274275","(04)23288582","2026","1","23","9","13","臺中市","后里區","0","1","0","7","3","6","30","3","1","1","5","4","6","6","4","4","10","5","5","2","16","3","10","3","1","B03","7","9","1","8","2","5","","20","20","1","6","4","120.711215","24.305426","2"
"9402","66000","387130000C","(04)23274275","(04)23288582","2026","1","23","9","15","臺中市","西屯區","0","1","0","7","2","6","50","13","9","1","5","4","6","6","4","4","8","3","4","2","11","3","10","1","1","C03","7","9","1","10","2","11","","4","4","1","12","4","120.658249","24.159244","2"
"9403","66000","387130000C","(04)23274275","(04)23288582","2026","1","23","9","17","臺中市","北區","0","0","0","7","","","50","","","","","","","","","","","","","","13","","","","","B03","","","1","","2","","","7","7","1","13","4","120.682335","24.153988","3"
"9404","66000","387130000C","(04)23274275","(04)23288582","2026","1","23","9","19","臺中市","北區","0","0","0","7","","","50","","","","","","","","","","","","","","14","","","","","B03","","","1","","9","","","49","49","2","13","4","120.689127","24.158282","3"
"9405","66000","387130000C","(04)23274275","(04)23288582","2026","1","23","9","23","臺中市","沙鹿區","0","0","0","7","","","60","","","","","","","","","","","","","","13","","","","","B03","","","1","","2","","","7","7","1","6","4","120.569622","24.237541","3"
"9406","66000","387130000C","(04)23274275","(04)23288582","2026","1","23","9","24","臺中市","北屯區","0","1","0","7","2","6","50","3","1","1","5","4","6","6","4","4","10","5","5","2","12","3","10","1","1","C03","7","5","1","10","9","12","","1","1","1","12","4","120.696928","24.169045","2"
"9407","66000","387130000C","(04)23274275","(04)23288582","2026","1","23","9","33","臺中市","北屯區","0","0","0","7","","","50","","","","","","","","","","","","","","13","","","","","B03","","","1","","1","","","7","7","1","12","4","120.697737","24.170527","3"
"9408","66000","387130000C","(04)23274275","(04)23288582","2026","1","23","9","38","臺中市","神岡區","0","1","0","7","2","6","50","4","1","1","5","4","6","6","1","1","10","5","5","2","17","4","11","3","1","B03","7","9","1","8","2","1","","59","59","1","6","4","120.696307","24.24847","2"
"9409","66000","387130000C","(04)23274275","(04)23288582","2026","1","23","9","44","臺中市","豐原區","0","0","0","7","","","50","","","","","","","","","","","","","","13","","","","","B03","","","1","","1","","","59","59","1","13","4","120.721305","24.243326","3"
"9410","66000","387130000C","(04)23274275","(04)23288582","2026","1","23","9","45","臺中市","豐原區","0","1","0","7","2","6","50","13","9","1","5","4","6","6","4","4","5","5","5","2","21","2","9","1","1","F02","7","9","7","21","8","11","","53","53","1","13","4","120.734671","24.238257","2"
"9411","66000","387130000C","(04)23274275","(04)23288582","2026","1","23","9","48","臺中市","龍井區","0","0","0","7","","","50","","","","","","","","","","","","","","8","","","","","A12","","","1","","2","","","43","43","1","13","4","120.549921","24.19428","3"
"9412","66000","387130000C","(04)23274275","(04)23288582","2026","1","23","9","52","臺中市","西屯區","0","2","0","7","1","6","40","13","8","1","5","4","6","6","4","4","1","4","1","2","13","2","9","2","1","C03","7","8","1","17","2","13","","43","43","1","12","4","120.652445","24.16119","2"
"9413","66000","387130000C","(04)23274275","(04)23288582","2026","1","23","9","59","臺中市","太平區","0","0","0","7","","","50","","","","","","","","","","","","","","14","","","","","B12","","","1","","2","","","49","49","1","12","4","120.718813","24.131372","3"
"9414","66000","387130000C","(04)23274275","(04)23288582","2026","1","23","10","0","臺中市","北屯區","0","0","0","7","","","50","","","","","","","","","","","","","","12","","","","","B03","","","1","","1","","","8","8","1","6","4","120.698937","24.186691","3"
"9415","66000","387130000C","(04)23274275","(04)23288582","2026","1","23","10","1","臺中市","東勢區","0","1","0","7","2","6","60","3","1","1","5","4","6","6","4","4","10","5","5","2","17","3","10","5","4","B03","7","9","1","8","2","1","","13","13","1","13","4","120.823638","24.261804","2"
"9416","66000","387130000C","(04)23274275","(04)23288582","2026","1","23","10","2","臺中市","太平區","0","1","0","6","3","6","50","4","2","1","5","4","6","6","1","1","5","2","5","2","17","2","9","1","1","C03","7","6","3","19","2","13","","48","48","1","12","4","120.716692","24.151384","2"
"9417","66000","387130000C","(04)23274275","(04)23288582","2026","1","23","10","12","臺中市","豐原區","0","0","0","7","","","50","","","","","","","","","","","","","","","","","","","B03","","","1","","1","","","7","7","1","13","4","120.71563","24.251408","3"
"9418","66000","387130000C","(04)23274275","(04)23288582","2026","1","23","10","13","臺中市","潭子區","0","0","0","7","","","60","","","","","","","","","","","","","","12","","","","","B03","","","1","","2","","","54","54","1","13","4","120.703896","24.202692","3"
"9419","66000","387130000C","(04)23274275","(04)23288582","2026","1","23","10","15","臺中市","西區","0","3","0","7","1","6","50","13","9","1","5","4","6","6","4","4","9","5","5","2","17","3","10","5","4","B03","7","9","1","8","2","1","","84","84","1","12","4","120.653886","24.155809","2"
"9420","66000","387130000C","(04)23274275","(04)23288582","2026","1","23","10","15","臺中市","霧峰區","0","1","0","7","2","6","50","13","7","1","5","4","6","6","1","1","5","4","5","1","17","3","10","3","1","B03","7","14","1","8","2","5","","76","76","1","13","4","120.699032","24.068005","2"
"9421","66000","387130000C","(04)23274275","(04)23288582","2026","1","23","10","15","臺中市","大肚區","0","0","0","7","","","50","","","","","","","","","","","","","","13","","","","","B03","","","1","","2","","","82","82","1","6","4","120.576815","24.164768","3"
"9422","66000","387130000C","(04)23274275","(04)23288582","2026","1","23","10","24","臺中市","大里區","0","1","0","7","2","6","50","13","9","1","5","4","6","6","4","4","9","5","5","2","16","3","10","3","1","B03","7","11","1","8","2","8","","45","45","1","12","4","120.703821","24.109877","2"
"9423","66000","387130000C","(04)23274275","(04)23288582","2026","1","23","10","25","臺中市","石岡區","0","0","0","7","","","70","","","","","","","","","","","","","","","","","","","B03","","","1","","2","","","7","7","1","12","4","120.785179","24.274422","3"
"9424","66000","387130000C","(04)23274275","(04)23288582","2026","1","23","10","27","臺中市","北區","0","0","0","7","","","50","","","","","","","","","","","","","","13","","","","","B03","","","1","","1","","","7","7","1","13","4","120.672834","24.165241","3"
"9425","66000","387130000C","(04)23274275","(04)23288582","2026","1","23","10","30","臺中市","豐原區","0","1","0","7","2","6","50","3","1","1","5","4","6","6","4","4","5","5","4","2","16","3","10","5","4","B03","7","6","1","8","2","4","","85","85","1","13","4","120.713909","24.247991","2"
"9426","66000","387130000C","(04)23274275","(04)23288582","2026","1","23","10","33","臺中市","北屯區","0","0","0","7","","","50","","","","","","","","","","","","","","21","","","","","A31","","","1","","2","","","84","84","1","12","4","120.706781","24.189582","3"
"9427","66000","387130000C","(04)23274275","(04)23288582","2026","1","23","10","34","臺中市","霧峰區","0","1","0","7","2","6","30","11","9","1","5","4","6","6","4","4","10","5","5","1","11","2","8","2","1","C03","7","9","1","10","2","14","","84","84","1","6","4","120.664965","24.036585","2"
"9428","66000","387130000C","(04)23274275","(04)23288582","2026","1","23","10","35","臺中市","南屯區","0","0","0","7","","","50","","","","","","","","","","","","","","17","","","","","B03","","","1","","2","","","84","84","1","12","4","120.647048","24.155688","3"
"9429","66000","387130000C","(04)23274275","(04)23288582","2026","1","23","10","35","臺中市","大肚區","0","2","0","7","2","6","30","4","2","1","5","4","6","6","4","4","5","5","5","2","15","2","7","1","1","C03","7","9","1","10","2","11","","15","15","1","12","4","120.551654","24.146815","2"
"9430","66000","387130000C","(04)23274275","(04)23288582","2026","1","23","10","38","臺中市","北區","0","0","0","7","","","50","","","","","","","","","","","","","","","","","","","B03","","","1","","1","","","84","84","1","13","4","120.681219","24.153026","3"
"9431","66000","387130000C","(04)23274275","(04)23288582","2026","1","23","10","41","臺中市","潭子區","0","0","0","7","","","50","","","","","","","","","","","","","","13","","","","","B03","","","1","","2","","","7","7","1","12","4","120.711705","24.200403","3"
"9432","66000","387130000C","(04)23274275","(04)23288582","2026","1","23","10","42","臺中市","西區","0","1","0","7","3","6","50","4","1","1","5","4","6","6","4","4","10","5","5","2","16","3","10","1","1","C03","7","6","1","10","2","14","","48","48","1","6","4","120.676809","24.137783","2"
"9433","66000","387130000C","(04)23274275","(04)23288582","2026","1","23","10","42","臺中市","南屯區","0","1","0","7","2","6","50","4","1","1","5","4","6","6","2","1","10","5","5","2","12","3","10","2","1","C03","7","9","1","10","2","16","","84","84","1","13","4","120.654536","24.136696","2"
"9434","66000","387130000C","(04)23274275","(04)23288582","2026","1","23","10","45","臺中市","沙鹿區","0","0","0","7","2","6","40","13","14","1","5","4","6","6","4","4","1","5","4","2","14","","","","","B03","","","1","","1","","","87","87","1","6","4","120.559802","24.237398","3"
"9435","66000","387130000C","(04)23274275","(04)23288582","2026","1","23","10","46","臺中市","南屯區","0","0","0","7","","","50","","","","","","","","","","","","","","","","","","","B03","","","1","","1","","","51","51","1","13","4","120.648771","24.153425","3"
"9436","66000","387130000C","(04)23274275","(04)23288582","2026","1","23","10","47","臺中市","南區","0","0","0","7","","","50","","","","","","","","","","","","","","","","","","","B03","","","1","","2","","","8","8","1","13","4","120.659318","24.130123","3"
"9437","66000","387130000C","(04)23274275","(04)23288582","2026","1","23","10","49","臺中市","南屯區","0","0","0","7","","","50","","","","","","","","","","","","","","13","","","","","B03","","","1","","1","","","59","59","1","12","4","120.59224","24.142556","3"
"9438","66000","387130000C","(04)23274275","(04)23288582","2026","1","23","10","49","臺中市","大里區","0","0","0","7","","","50","","","","","","","","","","","","","","12","","","","","B11","","","1","","2","","","50","50","1","6","4","120.689497","24.10593","3"
"9439","66000","387130000C","(04)23274275","(04)23288582","2026","1","23","10","50","臺中市","南區","0","1","0","7","3","6","50","4","2","1","5","4","6","6","1","1","1","2","5","2","13","2","9","2","1","C03","7","9","1","10","2","11","","7","7","1","13","4","120.653725","24.118812","2"
"9440","66000","387130000C","(04)23274275","(04)23288582","2026","1","23","10","50","臺中市","梧棲區","0","1","0","7","2","6","60","4","1","1","5","4","6","6","1","1","10","5","5","2","16","3","10","3","1","B03","7","5","1","8","2","5","","47","47","1","12","4","120.551469","24.24422","2"
"9441","66000","387130000C","(04)23274275","(04)23288582","2026","1","23","10","53","臺中市","西區","0","1","0","7","2","6","50","13","8","1","5","4","6","6","4","4","3","4","4","2","13","2","9","5","4","C03","7","9","1","10","2","11","","7","7","1","13","4","120.657641","24.151208","2"
"9442","66000","387130000C","(04)23274275","(04)23288582","2026","1","23","10","57","臺中市","豐原區","0","2","0","7","2","6","50","4","1","1","5","4","6","6","1","1","10","5","5","2","17","2","9","2","1","C03","7","6","1","10","2","11","","42","42","1","12","4","120.706119","24.250018","2"
"9443","66000","387130000C","(04)23274275","(04)23288582","2026","1","23","10","59","臺中市","北屯區","0","1","0","7","2","6","50","4","1","1","5","4","6","6","2","1","1","2","5","2","13","2","1","2","1","C03","7","12","1","10","2","11","","7","7","1","12","4","120.685229","24.169455","2"
"9444","66000","387130000C","(04)23274275","(04)23288582","2026","1","23","11","0","臺中市","北區","0","1","0","7","2","6","50","4","1","1","5","4","6","6","1","1","10","5","5","2","17","3","10","3","1","B03","7","11","1","8","2","6","","38","38","1","12","4","120.667865","24.162965","2"
"9445","66000","387130000C","(04)23274275","(04)23288582","2026","1","23","11","0","臺中市","北屯區","0","0","0","7","","","30","","","","","","","","","","","","","","13","","","","","B03","","","1","","1","","","59","59","1","6","4","120.698528","24.173416","3"
"9446","66000","387130000C","(04)23274275","(04)23288582","2026","1","23","11","2","臺中市","豐原區","0","1","0","7","2","6","50","4","1","1","5","4","6","6","1","1","10","5","5","2","17","3","10","3","1","B03","7","5","1","8","2","5","","84","84","1","13","4","120.74859","24.265661","2"
"9447","66000","387130000C","(04)23274275","(04)23288582","2026","1","23","11","3","臺中市","西屯區","0","0","0","7","","","50","","","","","","","","","","","","","","14","","","","","B02","","","1","","2","","","49","49","1","12","4","120.625176","24.185879","3"
"9448","66000","387130000C","(04)23274275","(04)23288582","2026","1","23","11","4","臺中市","大雅區","0","1","0","7","1","6","70","5","3","1","5","4","6","6","1","1","8","3","4","1","15","2","9","1","4","C03","7","9","1","10","2","14","11","85","85","1","12","4","120.644776","24.226502","2"
"9449","66000","387130000C","(04)23274275","(04)23288582","2026","1","23","11","4","臺中市","南屯區","0","0","0","7","","","50","","","","","","","","","","","","","","13","","","","","B03","","","1","","2","","","7","7","1","12","4","120.62267","24.140394","3"
"9450","66000","387130000C","(04)23274275","(04)23288582","2026","1","23","11","6","臺中市","北區","0","0","0","7","","","50","","","","","","","","","","","","","","30","","","","","A05","","","1","","2","","","58","58","1","13","4","120.667103","24.157822","3"
"9451","66000","387130000C","(04)23274275","(04)23288582","2026","1","23","11","7","臺中市","西屯區","0","1","0","7","2","6","50","3","1","1","5","4","6","6","2","1","10","5","5","2","16","3","10","3","1","B03","7","5","1","8","2","6","","87","87","1","13","4","120.63902","24.168926","2"
"9452","66000","387130000C","(04)23274275","(04)23288582","2026","1","23","11","8","臺中市","太平區","0","2","0","7","2","6","50","4","2","1","5","4","6","6","4","4","5","5","5","2","13","2","9","1","1","C03","7","9","3","19","2","11","","7","7","1","12","4","120.712372","24.128368","2"
"9453","66000","387130000C","(04)23274275","(04)23288582","2026","1","23","11","9","臺中市","沙鹿區","0","0","0","7","","","50","","","","","","","","","","","","","","2","","","","","B03","","","1","","2","","","59","59","1","6","4","120.560087","24.238531","3"
"9454","66000","387130000C","(04)23274275","(04)23288582","2026","1","23","11","11","臺中市","北區","0","1","0","7","2","6","50","5","9","1","5","4","6","6","1","1","1","4","5","2","16","3","10","3","1","B03","7","5","1","8","2","2","","39","39","1","12","4","120.686026","24.15458","2"
"9455","66000","387130000C","(04)23274275","(04)23288582","2026","1","23","11","11","臺中市","西屯區","0","0","0","7","","","50","","","","","","","","","","","","","","13","","","","","B03","","","1","","1","","","59","59","1","13","4","120.643912","24.154665","3"
"9456","66000","387130000C","(04)23274275","(04)23288582","2026","1","23","11","14","臺中市","大里區","0","2","0","7","2","6","30","4","1","1","5","4","6","6","4","4","10","5","5","2","15","2","9","2","1","C03","7","9","1","10","2","12","","15","15","1","6","4","120.706123","24.084106","2"
"9457","66000","387130000C","(04)23274275","(04)23288582","2026","1","23","11","17","臺中市","東區","0","1","0","7","2","6","50","13","7","1","5","4","6","6","4","4","5","4","4","2","16","2","9","2","1","C03","7","11","1","10","2","11","","45","45","1","13","4","120.705796","24.148481","2"
"9458","66000","387130000C","(04)23274275","(04)23288582","2026","1","23","11","17","臺中市","沙鹿區","0","0","0","7","","","40","","","","","","","","","","","","","","17","","","","","C03","","","1","","2","","","59","59","1","12","4","120.560354","24.239385","3"
"9459","66000","387130000C","(04)23274275","(04)23288582","2026","1","23","11","21","臺中市","南屯區","0","0","0","7","","","50","","","","","","","","","","","","","","","","","","","B03","","","1","","1","","","85","85","1","13","4","120.65101","24.155811","3"
"9460","66000","387130000C","(04)23274275","(04)23288582","2026","1","23","11","21","臺中市","霧峰區","0","2","0","7","2","6","50","3","2","1","5","4","1","6","4","4","5","4","4","1","13","2","8","2","1","C03","7","9","1","10","2","11","","7","7","1","13","4","120.698829","24.065637","2"
"9461","66000","387130000C","(04)23274275","(04)23288582","2026","1","23","11","22","臺中市","北屯區","0","1","0","7","2","6","50","13","9","1","5","4","6","6","4","4","9","4","5","2","12","3","10","1","1","C03","7","9","1","10","2","11","","58","58","1","12","4","120.689909","24.176919","2"
"9462","66000","387130000C","(04)23274275","(04)23288582","2026","1","23","11","22","臺中市","西屯區","0","1","0","7","2","6","50","13","9","1","5","4","6","6","4","4","5","4","5","2","16","3","10","5","4","B03","7","11","1","8","2","5","","45","45","1","13","4","120.608228","24.197447","2"
"9463","66000","387130000C","(04)23274275","(04)23288582","2026","1","23","11","22","臺中市","烏日區","0","0","0","7","","","50","","","","","","","","","","","","","","13","","","","","B02","","","1","","1","","","59","59","1","13","4","120.617375","24.116129","3"
"9464","66000","387130000C","(04)23274275","(04)23288582","2026","1","23","11","23","臺中市","大肚區","0","1","0","7","2","6","30","13","9","1","5","4","6","6","4","4","10","5","5","2","2","3","10","3","1","B03","7","2","1","8","2","7","","49","49","1","6","4","120.57531","24.159995","2"
"9465","66000","387130000C","(04)23274275","(04)23288582","2026","1","23","11","23","臺中市","豐原區","0","1","0","7","2","6","30","3","9","1","5","4","6","6","2","1","10","2","4","1","13","2","8","1","1","C03","7","9","1","10","2","11","","58","58","1","13","4","120.722839","24.254712","2"
"9466","66000","387130000C","(04)23274275","(04)23288582","2026","1","23","11","26","臺中市","西屯區","0","0","0","7","","","50","","","","","","","","","","","","","","17","","","","","C03","","","1","","2","","","84","84","1","12","4","120.635382","24.169369","3"
"9467","66000","387130000C","(04)23274275","(04)23288582","2026","1","23","11","30","臺中市","沙鹿區","0","1","0","7","3","6","30","13","9","1","5","4","6","6","4","4","10","5","5","2","18","2","7","2","1","C03","7","9","1","10","2","14","","82","82","1","12","4","120.570262","24.233548","2"
"9468","66000","387130000C","(04)23274275","(04)23288582","2026","1","23","11","31","臺中市","北屯區","0","0","0","7","","","30","","","","","","","","","","","","","","12","","","","","B12","","","1","","9","","","59","59","1","12","4","120.703852","24.166291","3"
"9469","66000","387130000C","(04)23274275","(04)23288582","2026","1","23","11","37","臺中市","大雅區","0","1","0","7","3","6","50","4","1","1","5","4","6","6","4","4","10","3","5","2","12","3","10","1","1","C03","7","5","1","10","2","13","","47","47","1","12","4","120.650325","24.219621","2"
"9470","66000","387130000C","(04)23274275","(04)23288582","2026","1","23","11","40","臺中市","北區","0","1","0","7","1","6","50","4","2","1","5","4","6","6","4","4","5","4","4","1","16","3","10","5","4","C03","7","6","1","10","2","14","","12","12","1","13","4","120.675146","24.170203","2"
"9471","66000","387130000C","(04)23274275","(04)23288582","2026","1","23","11","40","臺中市","太平區","0","0","0","7","","","50","","","","","","","","","","","","","","","","","","","B03","","","1","","2","","","8","8","1","12","4","120.714506","24.125422","3"
"9472","66000","387130000C","(04)23274275","(04)23288582","2026","1","23","11","43","臺中市","南屯區","0","2","0","7","2","6","30","4","1","1","5","4","6","6","4","4","10","5","5","2","17","2","9","1","1","C03","7","6","1","10","2","14","","14","14","1","13","4","120.623224","24.114391","2"
"9473","66000","387130000C","(04)23274275","(04)23288582","2026","1","23","11","43","臺中市","南屯區","0","0","0","7","","","50","","","","","","","","","","","","","","12","","","","","B03","","","1","","1","","","40","40","1","12","4","120.633858","24.144643","3"
"9474","66000","387130000C","(04)23274275","(04)23288582","2026","1","23","11","47","臺中市","南區","0","0","0","7","","","50","","","","","","","","","","","","","","","","","","","B03","","","1","","1","","","7","7","1","13","4","120.650544","24.120277","3"
"9475","66000","387130000C","(04)23274275","(04)23288582","2026","1","23","11","48","臺中市","東勢區","0","0","0","7","","","60","","","","","","","","","","","","","","13","","","","","C03","","","5","","2","","","7","7","1","13","4","120.826456","24.260339","3"
"9476","66000","387130000C","(04)23274275","(04)23288582","2026","1","23","11","50","臺中市","后里區","0","0","0","7","2","6","30","3","1","1","5","4","6","6","4","4","10","5","5","1","16","3","10","2","1","C03","7","6","1","10","2","13","","14","14","1","12","4","120.732293","24.307926","3"
"9477","66000","387130000C","(04)23274275","(04)23288582","2026","1","23","11","51","臺中市","南區","0","0","0","7","","","50","","","","","","","","","","","","","","","","","","","B11","","","1","","1","","","84","84","1","13","4","120.680494","24.129002","3"
"9478","66000","387130000C","(04)23274275","(04)23288582","2026","1","23","11","54","臺中市","太平區","0","0","0","7","","","50","","","","","","","","","","","","","","16","","","","","C03","","","1","","2","","","7","7","1","13","4","120.721264","24.130517","3"
"9479","66000","387130000C","(04)23274275","(04)23288582","2026","1","23","11","55","臺中市","北區","0","1","0","7","2","6","50","4","1","1","5","4","6","6","1","1","10","5","5","2","16","3","10","3","1","B03","7","6","1","8","2","5","","11","11","1","12","4","120.675534","24.165226","2"
"9480","66000","387130000C","(04)23274275","(04)23288582","2026","1","23","11","56","臺中市","北屯區","0","0","0","7","","","50","","","","","","","","","","","","","","14","","","","","B11","","","1","","2","","","49","49","1","6","4","120.700078","24.177343","3"
"9481","66000","387130000C","(04)23274275","(04)23288582","2026","1","23","11","56","臺中市","外埔區","0","1","0","7","3","6","40","3","1","1","5","4","6","6","4","4","5","4","4","1","12","2","9","1","1","C03","7","11","1","10","2","11","","45","45","1","6","4","120.638832","24.341755","2"
"9482","66000","387130000C","(04)23274275","(04)23288582","2026","1","23","11","57","臺中市","豐原區","0","0","0","7","","","50","","","","","","","","","","","","","","16","","","","","C03","","","1","","2","","","11","11","1","13","4","120.725279","24.254924","3"
"9483","66000","387130000C","(04)23274275","(04)23288582","2026","1","23","12","0","臺中市","烏日區","0","1","0","7","2","6","30","3","1","1","5","4","6","6","4","4","10","5","5","2","18","2","8","1","1","C03","7","15","1","10","2","14","","84","84","1","6","4","120.616487","24.11209","2"
"9484","66000","387130000C","(04)23274275","(04)23288582","2026","1","23","12","1","臺中市","大里區","0","1","0","7","2","6","30","3","2","1","5","4","6","6","4","4","10","5","5","1","14","3","10","5","4","B03","7","2","1","8","2","6","","49","49","1","12","4","120.70778","24.09123","2"
"9485","66000","387130000C","(04)23274275","(04)23288582","2026","1","23","12","5","臺中市","西屯區","0","1","0","7","1","6","50","5","1","1","5","4","6","6","2","1","10","5","5","2","16","2","9","2","1","C03","7","5","1","10","2","11","","20","20","1","13","4","120.597719","24.174775","2"
"9486","66000","387130000C","(04)23274275","(04)23288582","2026","1","23","12","6","臺中市","豐原區","0","1","0","7","2","6","40","13","12","1","5","4","6","6","4","4","1","4","4","1","13","2","7","5","4","C03","7","9","1","10","2","11","","58","58","1","13","4","120.737877","24.261789","2"
"9487","66000","387130000C","(04)23274275","(04)23288582","2026","1","23","12","7","臺中市","潭子區","0","0","0","7","","","50","","","","","","","","","","","","","","16","","","","","C03","","","1","","2","","","35","35","1","13","4","120.722632","24.204394","3"
"9488","66000","387130000C","(04)23274275","(04)23288582","2026","1","23","12","10","臺中市","潭子區","0","0","0","7","","","50","","","","","","","","","","","","","","13","","","","","B03","","","1","","2","","","59","59","1","13","4","120.702037","24.200944","3"
"9489","66000","387130000C","(04)23274275","(04)23288582","2026","1","23","12","10","臺中市","龍井區","0","2","0","7","2","6","50","13","9","1","5","4","6","6","1","1","5","5","5","1","17","2","7","1","1","C03","7","11","1","10","2","13","","39","39","1","6","4","120.585867","24.186506","2"
"9490","66000","387130000C","(04)23274275","(04)23288582","2026","1","23","12","11","臺中市","北屯區","0","1","0","7","2","6","50","4","1","1","5","4","6","6","2","1","10","5","5","2","15","3","10","3","1","B03","7","9","1","8","2","2","","21","21","1","12","4","120.686241","24.169422","2"
"9491","66000","387130000C","(04)23274275","(04)23288582","2026","1","23","12","12","臺中市","豐原區","0","0","0","7","","","50","","","","","","","","","","","","","","","","","","","B12","","","1","","2","","","7","7","1","13","4","120.701122","24.24885","3"
"9492","66000","387130000C","(04)23274275","(04)23288582","2026","1","23","12","13","臺中市","北區","0","3","0","7","2","6","40","4","4","1","5","4","6","6","1","1","2","4","4","2","13","2","9","1","1","C03","7","9","1","10","2","14","","7","7","1","12","4","120.687306","24.155586","2"
"9493","66000","387130000C","(04)23274275","(04)23288582","2026","1","23","12","16","臺中市","大甲區","0","1","0","7","3","6","50","3","1","1","5","4","6","6","4","4","10","5","5","2","16","2","9","1","1","C03","7","6","1","10","2","11","","12","12","1","6","4","120.614345","24.351642","2"
"9494","66000","387130000C","(04)23274275","(04)23288582","2026","1","23","12","16","臺中市","豐原區","0","1","0","7","2","6","50","13","9","1","5","4","6","6","4","4","5","5","5","1","16","3","10","1","1","C03","7","1","1","10","2","14","14","51","51","1","13","4","120.72658","24.254788","2"
"9495","66000","387130000C","(04)23274275","(04)23288582","2026","1","23","12","20","臺中市","沙鹿區","0","0","0","7","","","50","","","","","","","","","","","","","","14","","","","","C03","","","1","","11","","","49","49","2","6","4","120.580178","24.213219","3"
"9496","66000","387130000C","(04)23274275","(04)23288582","2026","1","23","12","22","臺中市","潭子區","0","3","0","7","2","6","30","3","2","1","5","4","6","6","1","1","5","5","5","2","16","2","8","2","1","C03","7","11","1","10","2","14","","85","85","1","13","4","120.714533","24.204951","2"