序號,縣市別代碼,機關代碼,市話,傳真,年,月,日,時,分,縣市,區,死亡數量,受傷數量,2-30,天候,道路照明設備,道路類別,道路速限,道路型態,事故位置,路面鋪裝,路面狀態,路面缺陷,障礙物,視距,號誌種類,號誌動作,分向設施,快車道或一般車道間,快慢車道間,路面邊線,事故類型及型態,受傷程度,主要傷處,保護裝備,行動電話或功能裝置,當事者區分(類別),車輛用途,當事者行動狀態,駕照狀態,駕照種類,飲酒情形,車輛撞擊部位最初,車輛撞擊部位其他,肇事因素個別,肇事因素主要,肇事逃逸,職業,共享經濟或外送平台,GPS座標X,GPS座標Y,事故類別
"9497","66000","387130000C","(04)23274275","(04)23288582","2026","1","23","12","27","臺中市","霧峰區","0","0","0","7","","","50","","","","","","","","","","","","","","17","","","","","C03","","","1","","2","","","84","84","1","6","4","120.69866","24.062438","3"
"9498","66000","387130000C","(04)23274275","(04)23288582","2026","1","23","12","30","臺中市","神岡區","0","3","0","7","2","6","40","13","7","1","5","4","6","6","4","4","4","4","4","2","17","2","9","5","4","C04","7","15","1","10","2","13","14","84","84","1","13","4","120.700298","24.263531","2"
"9499","66000","387130000C","(04)23274275","(04)23288582","2026","1","23","12","31","臺中市","西區","0","1","0","7","2","6","50","4","1","1","5","4","6","6","2","1","10","5","5","2","18","2","8","2","1","C03","7","9","1","10","2","14","","43","43","1","13","4","120.6798","24.137868","2"
"9500","66000","387130000C","(04)23274275","(04)23288582","2026","1","23","12","36","臺中市","南屯區","0","0","0","7","","","30","","","","","","","","","","","","","","17","","","","","B11","","","1","","1","","","75","75","1","12","4","120.622143","24.137014","3"
"9501","66000","387130000C","(04)23274275","(04)23288582","2026","1","23","12","38","臺中市","西屯區","0","1","0","7","2","6","50","3","1","1","5","4","6","6","4","4","8","5","5","1","13","2","9","5","4","C03","7","9","1","10","2","11","","7","7","1","13","4","120.666075","24.175349","2"
"9502","66000","387130000C","(04)23274275","(04)23288582","2026","1","23","12","40","臺中市","豐原區","0","1","0","7","2","6","50","4","2","1","5","4","6","6","1","1","1","4","5","2","12","3","10","3","1","B03","7","4","1","8","2","2","","1","1","1","13","4","120.706303","24.250062","2"
"9503","66000","387130000C","(04)23274275","(04)23288582","2026","1","23","12","47","臺中市","南屯區","0","0","0","7","","","50","","","","","","","","","","","","","","","","","","","C03","","","1","","1","","","84","84","1","13","2","120.623138","24.14981","3"
"9504","66000","387130000C","(04)23274275","(04)23288582","2026","1","23","12","52","臺中市","豐原區","0","0","0","7","","","30","","","","","","","","","","","","","","14","","","","","A11","","","1","","2","","","49","49","1","13","4","120.754837","24.273915","3"
"9505","66000","387130000C","(04)23274275","(04)23288582","2026","1","23","13","0","臺中市","北屯區","0","0","0","7","","","50","","","","","","","","","","","","","","17","","","","","B12","","","1","","1","","","8","8","1","6","4","120.747053","24.192781","3"
"9506","66000","387130000C","(04)23274275","(04)23288582","2026","1","23","13","5","臺中市","大肚區","0","0","0","7","","","50","","","","","","","","","","","","","","13","","","","","B03","","","5","","2","","","7","7","1","6","4","120.574267","24.170204","3"
"9507","66000","387130000C","(04)23274275","(04)23288582","2026","1","23","13","8","臺中市","南屯區","0","1","0","7","2","6","50","3","1","1","5","4","6","6","4","4","1","4","4","2","16","3","10","3","1","B03","7","5","1","8","2","2","","85","85","1","6","4","120.638983","24.145035","2"
"9508","66000","387130000C","(04)23274275","(04)23288582","2026","1","23","13","10","臺中市","大雅區","0","0","0","7","","","50","","","","","","","","","","","","","","","","","","","B03","","","1","","2","","","84","84","1","12","4","120.644235","24.206701","3"
"9509","66000","387130000C","(04)23274275","(04)23288582","2026","1","23","13","12","臺中市","南屯區","0","1","0","7","2","6","50","4","1","1","5","4","6","6","1","1","9","4","5","2","17","3","10","3","1","B03","7","11","1","8","1","2","","45","45","1","12","4","120.63428","24.136525","2"
"9510","66000","387130000C","(04)23274275","(04)23288582","2026","1","23","13","14","臺中市","西區","0","0","0","7","","","50","","","","","","","","","","","","","","12","","","","","B03","","","1","","1","","","87","87","1","12","4","120.661991","24.139792","3"
"9511","66000","387130000C","(04)23274275","(04)23288582","2026","1","23","13","21","臺中市","烏日區","0","2","0","7","3","6","50","4","2","1","5","4","6","6","2","1","5","1","5","1","13","3","10","3","1","B03","7","9","1","8","2","8","","84","84","1","6","4","120.597835","24.109987","2"
"9512","66000","387130000C","(04)23274275","(04)23288582","2026","1","23","13","21","臺中市","沙鹿區","0","0","0","7","","","50","","","","","","","","","","","","","","","","","","","B03","","","1","","2","","","50","50","1","13","4","120.565185","24.24345","3"
"9513","66000","387130000C","(04)23274275","(04)23288582","2026","1","23","13","24","臺中市","梧棲區","0","0","0","7","","","50","","","","","","","","","","","","","","13","","","","","B03","","","1","","1","","","82","82","1","12","4","120.531348","24.260603","3"
"9514","66000","387130000C","(04)23274275","(04)23288582","2026","1","23","13","29","臺中市","大里區","0","0","0","7","","","30","","","","","","","","","","","","","","","","","","","C03","","","1","","1","","","14","14","1","13","4","120.697648","24.093863","3"
"9515","66000","387130000C","(04)23274275","(04)23288582","2026","1","23","13","29","臺中市","太平區","0","1","0","7","2","6","30","3","1","1","5","4","6","6","4","4","10","5","5","2","18","2","9","2","1","C03","7","5","1","10","2","12","","84","84","1","12","4","120.713278","24.132912","2"
"9516","66000","387130000C","(04)23274275","(04)23288582","2026","1","23","13","30","臺中市","北區","0","0","0","7","","","50","","","","","","","","","","","","","","","","","","","A12","","","1","","2","","","84","84","1","13","4","120.681141","24.160014","3"
"9517","66000","387130000C","(04)23274275","(04)23288582","2026","1","23","13","30","臺中市","南區","0","1","0","7","3","6","50","4","1","1","5","4","6","6","3","1","5","5","5","2","15","3","10","3","1","B03","7","9","1","8","2","8","","24","24","1","6","4","120.66556","24.12146","2"
"9518","66000","387130000C","(04)23274275","(04)23288582","2026","1","23","13","30","臺中市","梧棲區","0","0","0","7","","","30","","","","","","","","","","","","","","16","","","","","B03","","","1","","2","","","14","14","1","12","4","120.532145","24.241806","3"
"9519","66000","387130000C","(04)23274275","(04)23288582","2026","1","23","13","32","臺中市","西屯區","0","0","0","7","","","50","","","","","","","","","","","","","","13","","","","","C03","","","1","","1","","","7","7","1","12","4","120.655099","24.176111","4"
"9520","66000","387130000C","(04)23274275","(04)23288582","2026","1","23","13","34","臺中市","霧峰區","0","1","0","7","2","6","30","3","1","1","5","4","6","6","4","4","10","5","5","1","17","3","10","5","4","B03","7","6","1","8","2","5","","84","84","1","12","4","120.664842","24.064644","2"
"9521","66000","387130000C","(04)23274275","(04)23288582","2026","1","23","13","38","臺中市","西屯區","0","1","0","7","2","6","30","4","1","1","5","4","6","6","4","4","10","5","5","2","15","2","9","2","4","C03","7","9","1","10","2","11","","15","15","1","13","4","120.587485","24.176714","2"
"9522","66000","387130000C","(04)23274275","(04)23288582","2026","1","23","13","38","臺中市","西屯區","0","0","0","7","","","40","","","","","","","","","","","","","","16","","","","","C03","","","1","","1","","","84","84","1","12","4","120.6185","24.181301","3"
"9523","66000","387130000C","(04)23274275","(04)23288582","2026","1","23","13","40","臺中市","西屯區","0","1","0","7","2","6","50","3","1","1","5","4","6","6","4","4","10","5","5","2","16","3","10","3","1","B12","7","6","1","8","2","2","","14","14","1","12","4","120.626739","24.187891","2"
"9524","66000","387130000C","(04)23274275","(04)23288582","2026","1","23","13","40","臺中市","太平區","0","0","0","7","","","50","","","","","","","","","","","","","","17","","","","","C03","","","1","","11","","","78","78","1","13","4","120.71304","24.143464","3"
"9525","66000","387130000C","(04)23274275","(04)23288582","2026","1","23","13","44","臺中市","北屯區","0","0","0","7","","","50","","","","","","","","","","","","","","16","","","","","B03","","","1","","1","","","11","11","1","12","4","120.704842","24.169441","3"
"9526","66000","387130000C","(04)23274275","(04)23288582","2026","1","23","13","45","臺中市","南屯區","0","1","0","7","3","6","50","3","1","1","5","4","6","6","4","4","10","5","5","2","17","3","10","3","1","B03","7","6","1","8","2","4","","14","14","1","12","4","120.635739","24.154337","2"
"9527","66000","387130000C","(04)23274275","(04)23288582","2026","1","23","13","49","臺中市","南區","0","0","0","7","","","50","","","","","","","","","","","","","","","","","","","B03","","","1","","1","","","8","8","1","6","4","120.662985","24.118124","4"
"9528","66000","387130000C","(04)23274275","(04)23288582","2026","1","23","13","50","臺中市","神岡區","0","0","0","7","","","60","","","","","","","","","","","","","","17","","","","","C03","","","1","","2","","","75","75","1","12","4","120.696521","24.233668","3"
"9529","66000","387130000C","(04)23274275","(04)23288582","2026","1","23","13","51","臺中市","東區","0","0","0","7","","","50","","","","","","","","","","","","","","12","","","","","A04","","","1","2","1","","","87","87","1","6","4","120.699475","24.144886","3"
"9530","66000","387130000C","(04)23274275","(04)23288582","2026","1","23","13","54","臺中市","南屯區","0","0","0","7","","","50","","","","","","","","","","","","","","","","","","","C03","","","1","","1","","","8","8","1","13","4","120.623565","24.15251","4"
"9531","66000","387130000C","(04)23274275","(04)23288582","2026","1","23","13","55","臺中市","西屯區","0","1","0","7","2","6","40","4","1","1","5","4","6","6","1","1","8","4","4","1","16","2","9","5","4","C03","7","9","1","10","2","14","","6","6","1","13","4","120.635997","24.169276","2"
"9532","66000","387130000C","(04)23274275","(04)23288582","2026","1","23","13","56","臺中市","北屯區","0","1","0","7","3","6","50","13","9","1","5","4","6","6","4","4","10","4","5","2","17","3","10","3","1","B03","7","9","1","8","1","1","","59","59","1","12","4","120.688614","24.20146","2"
"9533","66000","387130000C","(04)23274275","(04)23288582","2026","1","23","13","56","臺中市","豐原區","0","2","0","7","2","6","50","4","2","1","5","4","6","6","1","1","10","5","5","2","17","2","3","3","1","B03","7","5","1","8","2","5","","7","7","1","13","4","120.718948","24.243416","2"
"9534","66000","387130000C","(04)23274275","(04)23288582","2026","1","23","13","59","臺中市","西區","0","0","0","7","","","50","","","","","","","","","","","","","","12","","","","","C03","","","1","","2","","","59","59","1","13","4","120.672709","24.131601","3"
"9535","66000","387130000C","(04)23274275","(04)23288582","2026","1","23","14","0","臺中市","東區","0","3","0","7","1","6","30","4","1","1","5","4","6","6","4","4","10","5","5","2","17","2","9","5","4","C03","7","9","1","10","11","13","","84","84","1","12","4","120.697503","24.147948","2"
"9536","66000","387130000C","(04)23274275","(04)23288582","2026","1","23","14","1","臺中市","沙鹿區","0","1","0","7","2","6","40","13","8","1","5","4","6","6","4","4","1","4","4","1","18","2","9","1","1","C03","7","9","1","10","2","14","","54","54","1","12","4","120.603473","24.248501","2"
"9537","66000","387130000C","(04)23274275","(04)23288582","2026","1","23","14","7","臺中市","龍井區","0","0","0","7","","","50","","","","","","","","","","","","","","","","","","","B03","","","1","","2","","","7","7","1","12","4","120.525957","24.214622","3"
"9538","66000","387130000C","(04)23274275","(04)23288582","2026","1","23","14","9","臺中市","東區","0","2","0","7","3","6","50","4","7","1","5","4","6","6","4","4","1","4","4","2","12","2","9","2","1","C03","7","9","3","19","2","12","","84","84","1","13","4","120.684186","24.125641","2"
"9539","66000","387130000C","(04)23274275","(04)23288582","2026","1","23","14","10","臺中市","西屯區","0","0","0","7","","","50","","","","","","","","","","","","","","13","","","","","A41","","","1","","1","","","84","84","1","12","4","120.656481","24.200417","3"
"9540","66000","387130000C","(04)23274275","(04)23288582","2026","1","23","14","10","臺中市","大里區","0","1","0","7","3","6","50","3","1","1","5","4","6","6","1","1","10","5","5","2","16","3","10","3","1","B03","7","5","1","8","2","6","","47","47","1","12","4","120.690128","24.123403","2"
"9541","66000","387130000C","(04)23274275","(04)23288582","2026","1","23","14","10","臺中市","外埔區","0","0","0","7","3","6","50","4","7","1","5","4","6","6","1","1","5","4","4","1","13","3","10","3","1","B03","7","9","1","8","2","1","","84","84","1","6","4","120.665494","24.321503","3"
"9542","66000","387130000C","(04)23274275","(04)23288582","2026","1","23","14","11","臺中市","西區","0","0","0","7","","","50","","","","","","","","","","","","","","14","","","","","B01","","","1","","1","","","49","49","1","6","4","120.663241","24.14681","3"
"9543","66000","387130000C","(04)23274275","(04)23288582","2026","1","23","14","14","臺中市","北屯區","0","2","0","7","2","6","50","4","1","1","5","4","6","6","2","1","10","5","5","2","12","2","9","1","1","C03","7","9","1","10","2","11","14","39","39","1","12","4","120.685513","24.172279","2"
"9544","66000","387130000C","(04)23274275","(04)23288582","2026","1","23","14","20","臺中市","潭子區","0","1","0","7","3","6","60","4","1","1","5","4","6","6","1","1","1","4","4","1","17","3","10","3","1","B03","7","6","1","8","2","6","","11","11","1","13","4","120.709041","24.233195","2"
"9545","66000","387130000C","(04)23274275","(04)23288582","2026","1","23","14","26","臺中市","南區","0","1","0","7","1","6","50","13","9","1","5","4","6","6","4","4","5","5","5","2","13","3","10","5","4","B03","7","9","1","8","1","8","","84","84","1","13","4","120.680109","24.130349","2"
"9546","66000","387130000C","(04)23274275","(04)23288582","2026","1","23","14","27","臺中市","后里區","0","0","0","7","2","6","50","5","14","1","5","4","6","6","1","1","5","4","5","1","17","3","10","3","1","B03","7","9","1","8","2","2","","84","84","1","12","4","120.685573","24.315076","3"
"9547","66000","387130000C","(04)23274275","(04)23288582","2026","1","23","14","30","臺中市","梧棲區","0","1","0","7","3","6","40","13","8","1","5","4","6","6","4","4","10","5","5","1","16","3","10","3","1","B03","7","5","1","8","2","5","","20","20","1","6","4","120.552306","24.244789","2"
"9548","66000","387130000C","(04)23274275","(04)23288582","2026","1","23","14","32","臺中市","豐原區","0","0","0","7","","","60","","","","","","","","","","","","","","17","","","","","B13","","","1","","9","","","76","76","1","12","4","120.736122","24.246997","3"
"9549","66000","387130000C","(04)23274275","(04)23288582","2026","1","23","14","34","臺中市","南屯區","0","0","0","7","","","50","","","","","","","","","","","","","","","","","","","B03","","","1","","1","","","51","51","1","6","4","120.642953","24.140477","3"
"9550","66000","387130000C","(04)23274275","(04)23288582","2026","1","23","14","37","臺中市","西屯區","0","0","0","7","","","50","","","","","","","","","","","","","","12","","","","","B03","","","1","","2","","","8","8","1","12","4","120.61349","24.187256","3"
"9551","66000","387130000C","(04)23274275","(04)23288582","2026","1","23","14","38","臺中市","北屯區","0","1","0","7","3","6","50","13","7","1","5","4","6","6","4","4","1","4","4","2","12","2","7","1","1","C03","7","9","2","19","2","14","","59","59","1","12","4","120.661158","24.191115","2"
"9552","66000","387130000C","(04)23274275","(04)23288582","2026","1","23","14","41","臺中市","南屯區","0","0","0","7","","","40","","","","","","","","","","","","","","17","","","","","C03","","","1","","9","","","50","50","2","13","4","120.634742","24.159437","3"
"9553","66000","387130000C","(04)23274275","(04)23288582","2026","1","23","14","43","臺中市","清水區","0","0","0","7","2","6","50","13","7","1","5","4","6","6","4","4","8","3","4","1","13","","","","","B03","","","1","","1","","","7","7","1","12","4","120.604832","24.315215","3"
"9554","66000","387130000C","(04)23274275","(04)23288582","2026","1","23","14","44","臺中市","北區","0","0","0","7","","","50","","","","","","","","","","","","","","","","","","","B03","","","1","","2","","","12","12","1","12","4","120.69239","24.15587","3"
"9555","66000","387130000C","(04)23274275","(04)23288582","2026","1","23","14","44","臺中市","大肚區","0","0","0","7","","","30","","","","","","","","","","","","","","15","","","","","A11","","","1","","1","","","14","14","1","12","4","120.5592","24.123294","3"
"9556","66000","387130000C","(04)23274275","(04)23288582","2026","1","23","14","45","臺中市","北屯區","0","0","0","7","","","50","","","","","","","","","","","","","","13","","","","","B03","","","1","","1","","","84","84","1","6","4","120.657865","24.184655","3"
"9557","66000","387130000C","(04)23274275","(04)23288582","2026","1","23","14","45","臺中市","西屯區","0","1","0","7","2","6","30","3","1","1","5","4","6","6","4","4","8","5","5","1","16","3","10","5","4","B03","7","6","1","8","2","1","","14","14","1","13","4","120.643314","24.190247","2"
"9558","66000","387130000C","(04)23274275","(04)23288582","2026","1","23","14","46","臺中市","大雅區","0","0","0","7","","","30","","","","","","","","","","","","","","17","","","","","A12","","","1","","2","","","8","8","1","12","4","120.662673","24.219617","3"
"9559","66000","387130000C","(04)23274275","(04)23288582","2026","1","23","14","46","臺中市","北屯區","0","0","0","7","","","50","","","","","","","","","","","","","","17","","","","","C03","","","1","","1","","","85","85","1","12","4","120.691178","24.17557","3"
"9560","66000","387130000C","(04)23274275","(04)23288582","2026","1","23","14","48","臺中市","北屯區","0","1","0","6","2","6","50","5","1","1","5","4","6","6","2","1","10","5","5","2","16","3","10","3","1","B03","7","5","1","8","1","4","","11","11","1","12","4","120.691364","24.1669","2"
"9561","66000","387130000C","(04)23274275","(04)23288582","2026","1","23","14","48","臺中市","西屯區","0","2","0","7","2","6","40","3","1","1","5","4","6","6","2","1","10","5","5","2","16","2","9","2","1","C03","7","11","1","10","2","14","","45","45","1","13","4","120.644588","24.15779","2"
"9562","66000","387130000C","(04)23274275","(04)23288582","2026","1","23","14","50","臺中市","北屯區","0","0","0","7","","","50","","","","","","","","","","","","","","","","","","","B01","","","1","","1","","","7","7","1","12","4","120.694309","24.16463","3"
"9563","66000","387130000C","(04)23274275","(04)23288582","2026","1","23","14","55","臺中市","西區","0","2","0","7","2","6","50","4","1","1","5","4","6","6","1","1","10","5","5","2","12","2","9","5","4","C03","7","9","1","10","2","12","","84","84","1","13","4","120.668533","24.150854","2"
"9564","66000","387130000C","(04)23274275","(04)23288582","2026","1","23","14","55","臺中市","神岡區","0","1","0","7","2","6","50","4","1","1","5","4","6","6","1","1","10","5","5","2","17","2","9","2","1","C03","7","6","1","10","2","13","","11","11","1","6","4","120.696123","24.251908","2"
"9565","66000","387130000C","(04)23274275","(04)23288582","2026","1","23","15","0","臺中市","西屯區","0","0","0","7","","","50","","","","","","","","","","","","","","12","","","","","B03","","","1","","1","","","8","8","1","12","4","120.617337","24.188359","3"
"9566","66000","387130000C","(04)23274275","(04)23288582","2026","1","23","15","2","臺中市","西區","0","1","0","7","2","6","40","4","1","1","5","4","6","6","1","1","10","5","5","2","17","3","10","3","1","B03","7","5","1","8","2","2","","11","11","1","13","4","120.662583","24.155647","2"
"9567","66000","387130000C","(04)23274275","(04)23288582","2026","1","23","15","2","臺中市","北區","0","0","0","7","","","50","","","","","","","","","","","","","","17","","","","","B03","","","1","","1","","","84","84","1","13","4","120.674581","24.161807","3"
"9568","66000","387130000C","(04)23274275","(04)23288582","2026","1","23","15","2","臺中市","東區","0","0","0","7","","","50","","","","","","","","","","","","","","","","","","","B03","","","1","","1","","","50","50","1","12","4","120.692964","24.13295","3"
"9569","66000","387130000C","(04)23274275","(04)23288582","2026","1","23","15","10","臺中市","中區","0","0","0","7","","","50","","","","","","","","","","","","","","25","","","","","B03","","","1","","2","","","50","50","1","12","4","120.679706","24.14386","3"
"9570","66000","387130000C","(04)23274275","(04)23288582","2026","1","23","15","13","臺中市","西屯區","0","0","0","7","","","50","","","","","","","","","","","","","","13","","","","","B03","","","1","","1","","","7","7","1","13","4","120.59745","24.191535","3"
"9571","66000","387130000C","(04)23274275","(04)23288582","2026","1","23","15","20","臺中市","豐原區","0","1","0","7","1","6","50","13","8","1","5","4","6","6","4","4","1","4","4","1","17","3","10","1","1","C03","7","9","2","19","2","12","","1","1","1","6","4","120.742551","24.264144","2"
"9572","66000","387130000C","(04)23274275","(04)23288582","2026","1","23","15","21","臺中市","大里區","0","1","0","7","2","6","50","4","1","1","5","4","6","6","1","1","10","5","5","1","17","2","9","2","1","C03","7","9","1","10","2","12","","7","7","1","13","4","120.698493","24.079597","2"
"9573","66000","387130000C","(04)23274275","(04)23288582","2026","1","23","15","23","臺中市","豐原區","0","0","0","7","","","40","","","","","","","","","","","","","","17","","","","","B01","","","1","","9","","","51","51","1","12","4","120.707404","24.254933","3"
"9574","66000","387130000C","(04)23274275","(04)23288582","2026","1","23","15","26","臺中市","西屯區","0","1","0","7","2","6","50","3","1","1","5","4","6","6","4","4","4","4","4","2","13","2","9","5","4","C03","7","9","1","10","2","11","","84","84","1","13","4","120.665847","24.168374","2"
"9575","66000","387130000C","(04)23274275","(04)23288582","2026","1","23","15","28","臺中市","西屯區","0","1","0","7","2","6","40","3","1","1","5","4","5","6","4","4","10","4","5","2","18","2","9","1","1","C03","7","5","1","10","2","14","","59","59","1","12","4","120.642915","24.16663","2"
"9576","66000","387130000C","(04)23274275","(04)23288582","2026","1","23","15","30","臺中市","神岡區","0","0","0","7","","","50","","","","","","","","","","","","","","17","","","","","A12","","","1","","2","","","84","84","1","12","4","120.658081","24.277742","3"
"9577","66000","387130000C","(04)23274275","(04)23288582","2026","1","23","15","31","臺中市","潭子區","0","1","0","7","3","6","60","4","1","1","5","4","6","6","1","1","1","4","5","2","17","3","10","2","1","C03","7","9","1","10","2","11","","7","7","1","13","4","120.688023","24.216194","2"
"9578","66000","387130000C","(04)23274275","(04)23288582","2026","1","23","15","31","臺中市","西區","0","1","0","7","2","6","40","13","9","1","5","4","6","6","4","4","7","4","5","2","17","2","7","1","1","C03","7","9","1","10","2","11","","7","7","1","13","4","120.660071","24.147021","2"
"9579","66000","387130000C","(04)23274275","(04)23288582","2026","1","23","15","32","臺中市","太平區","0","0","0","7","","","50","","","","","","","","","","","","","","","","","","","C03","","","1","","2","","","84","84","1","12","4","120.732782","24.134728","3"
"9580","66000","387130000C","(04)23274275","(04)23288582","2026","1","23","15","34","臺中市","南屯區","0","0","0","7","","","50","","","","","","","","","","","","","","13","","","","","B03","","","1","","1","","","7","7","1","12","4","120.635735","24.143409","3"
"9581","66000","387130000C","(04)23274275","(04)23288582","2026","1","23","15","36","臺中市","大雅區","0","0","0","7","","","50","","","","","","","","","","","","","","","","","","","B03","","","1","","1","","","84","84","1","12","4","120.65393","24.231471","3"
"9582","66000","387130000C","(04)23274275","(04)23288582","2026","1","23","15","36","臺中市","北區","0","0","0","7","","","50","","","","","","","","","","","","","","14","","","","","B03","","","1","","2","","","49","49","1","13","4","120.671402","24.16305","3"
"9583","66000","387130000C","(04)23274275","(04)23288582","2026","1","23","15","37","臺中市","大雅區","0","1","0","6","2","6","50","3","9","1","5","4","6","6","4","4","1","5","5","1","30","","","","","","","","","","","","","116","116","1","","","120.663179","24.232863","2"
"9584","66000","387130000C","(04)23274275","(04)23288582","2026","1","23","15","37","臺中市","潭子區","0","1","0","7","2","6","50","13","9","1","5","4","6","6","4","4","9","5","5","1","13","2","8","2","1","C03","7","9","1","10","2","11","","7","7","1","13","4","120.698864","24.205693","2"
"9585","66000","387130000C","(04)23274275","(04)23288582","2026","1","23","15","41","臺中市","南區","0","1","0","7","2","6","50","3","9","1","5","4","6","6","3","1","9","4","4","2","17","3","10","3","1","B12","7","5","1","8","2","2","","47","47","1","12","4","120.650496","24.107938","2"
"9586","66000","387130000C","(04)23274275","(04)23288582","2026","1","23","15","46","臺中市","北屯區","0","0","0","7","","","50","","","","","","","","","","","","","","13","","","","","C03","","","1","","2","","","7","7","1","6","4","120.714151","24.164415","3"
"9587","66000","387130000C","(04)23274275","(04)23288582","2026","1","23","15","46","臺中市","西屯區","0","1","0","6","2","6","50","13","9","1","5","4","6","6","1","1","3","4","5","2","13","3","10","1","1","C03","7","12","1","10","1","14","","68","68","1","12","4","120.641409","24.173224","2"
"9588","66000","387130000C","(04)23274275","(04)23288582","2026","1","23","15","46","臺中市","太平區","0","1","0","7","2","6","50","3","7","1","5","4","6","6","4","4","5","5","4","2","13","2","9","2","1","C03","7","9","1","10","2","11","","7","7","1","12","4","120.717499","24.148622","2"
"9589","66000","387130000C","(04)23274275","(04)23288582","2026","1","23","15","48","臺中市","北區","0","1","0","7","2","6","50","4","1","1","5","4","6","6","1","1","10","5","5","2","18","2","8","5","4","C03","7","9","1","10","2","14","","84","84","1","13","4","120.672406","24.164786","2"
"9590","66000","387130000C","(04)23274275","(04)23288582","2026","1","23","15","55","臺中市","北區","0","0","0","7","","","50","","","","","","","","","","","","","","13","","","","","C03","","","1","","1","","","59","59","1","12","4","120.685299","24.16662","4"
"9591","66000","387130000C","(04)23274275","(04)23288582","2026","1","23","15","55","臺中市","豐原區","0","0","0","7","","","50","","","","","","","","","","","","","","17","","","","","B03","","","1","","1","","","51","51","1","6","4","120.71244","24.250537","3"
"9592","66000","387130000C","(04)23274275","(04)23288582","2026","1","23","15","57","臺中市","北屯區","0","0","0","7","","","50","","","","","","","","","","","","","","","","","","","B03","","","1","","1","","","82","82","1","6","4","120.692543","24.185408","3"
"9593","66000","387130000C","(04)23274275","(04)23288582","2026","1","23","15","59","臺中市","大雅區","0","0","0","7","","","50","","","","","","","","","","","","","","","","","","","C03","","","1","","1","","","84","84","1","12","2","120.656456","24.232597","3"
"9594","66000","387130000C","(04)23274275","(04)23288582","2026","1","23","16","0","臺中市","大里區","0","0","0","7","","","50","","","","","","","","","","","","","","13","","","","","B03","","","1","","1","","","7","7","1","13","4","120.676753","24.106752","3"
"9595","66000","387130000C","(04)23274275","(04)23288582","2026","1","23","16","5","臺中市","太平區","0","0","0","7","","","50","","","","","","","","","","","","","","13","","","","","C03","","","1","","1","","","7","7","1","13","4","120.716998","24.118021","3"
"9596","66000","387130000C","(04)23274275","(04)23288582","2026","1","23","16","10","臺中市","大雅區","0","1","0","7","2","6","50","4","1","1","5","4","6","6","2","1","10","5","5","2","17","2","9","2","1","C03","7","11","1","10","2","14","","36","36","1","12","4","120.666867","24.235767","2"
"9597","66000","387130000C","(04)23274275","(04)23288582","2026","1","23","16","10","臺中市","沙鹿區","0","0","0","7","","","50","","","","","","","","","","","","","","","","","","","B12","","","1","","2","","","59","59","1","13","4","120.571388","24.216309","3"
"9598","66000","387130000C","(04)23274275","(04)23288582","2026","1","23","16","15","臺中市","豐原區","0","0","0","7","","","40","","","","","","","","","","","","","","17","","","","","C03","","","6","","1","","","8","8","1","12","4","120.708574","24.251927","3"
"9599","66000","387130000C","(04)23274275","(04)23288582","2026","1","23","16","19","臺中市","沙鹿區","0","0","0","7","","","50","","","","","","","","","","","","","","","","","","","B03","","","1","","1","","","7","7","1","12","4","120.57184","24.219162","3"
"9600","66000","387130000C","(04)23274275","(04)23288582","2026","1","23","16","20","臺中市","西屯區","0","1","0","7","2","6","50","13","9","1","4","4","6","6","4","4","5","5","5","2","13","3","10","3","1","B03","7","9","1","8","1","1","","59","59","1","12","4","120.634987","24.161448","2"
"9601","66000","387130000C","(04)23274275","(04)23288582","2026","1","23","16","20","臺中市","太平區","0","0","0","7","","","50","","","","","","","","","","","","","","","","","","","B03","","","1","","1","","","48","48","1","12","4","120.735908","24.133421","3"
"9602","66000","387130000C","(04)23274275","(04)23288582","2026","1","23","16","20","臺中市","豐原區","0","0","0","6","","","60","","","","","","","","","","","","","","12","","","","","B12","","","1","","2","","","8","8","1","12","4","120.734877","24.246577","3"
"9603","66000","387130000C","(04)23274275","(04)23288582","2026","1","23","16","21","臺中市","西屯區","0","0","0","7","","","50","","","","","","","","","","","","","","13","","","","","B03","","","1","","1","","","7","7","1","12","4","120.641499","24.161002","3"
"9604","66000","387130000C","(04)23274275","(04)23288582","2026","1","23","16","23","臺中市","南屯區","0","1","0","7","2","6","50","13","9","1","5","4","6","6","4","4","1","4","5","2","16","2","9","2","1","C03","7","8","1","10","2","11","","40","40","1","13","4","120.646698","24.153916","2"
"9605","66000","387130000C","(04)23274275","(04)23288582","2026","1","23","16","23","臺中市","北屯區","0","0","0","7","","","40","","","","","","","","","","","","","","14","","","","","B03","","","1","","2","","","49","49","1","12","4","120.72529","24.166659","3"
"9606","66000","387130000C","(04)23274275","(04)23288582","2026","1","23","16","23","臺中市","清水區","0","0","0","7","","","70","","","","","","","","","","","","","","","","","","","B03","","","1","","2","","","26","26","1","12","4","120.596377","24.303944","3"
"9607","66000","387130000C","(04)23274275","(04)23288582","2026","1","23","16","26","臺中市","大甲區","0","2","0","7","2","6","30","4","1","1","5","4","6","6","4","4","10","5","5","2","15","2","9","2","1","C03","7","9","1","10","2","12","","12","12","1","6","4","120.620082","24.348279","2"