序號,縣市別代碼,機關代碼,市話,傳真,年,月,日,時,分,縣市,區,死亡數量,受傷數量,2-30,天候,道路照明設備,道路類別,道路速限,道路型態,事故位置,路面鋪裝,路面狀態,路面缺陷,障礙物,視距,號誌種類,號誌動作,分向設施,快車道或一般車道間,快慢車道間,路面邊線,事故類型及型態,受傷程度,主要傷處,保護裝備,行動電話或功能裝置,當事者區分(類別),車輛用途,當事者行動狀態,駕照狀態,駕照種類,飲酒情形,車輛撞擊部位最初,車輛撞擊部位其他,肇事因素個別,肇事因素主要,肇事逃逸,職業,共享經濟或外送平台,GPS座標X,GPS座標Y,事故類別
"9608","66000","387130000C","(04)23274275","(04)23288582","2026","1","23","16","29","臺中市","霧峰區","0","0","0","7","","","40","","","","","","","","","","","","","","17","","","","","B12","","","1","","2","","","84","84","1","12","4","120.662306","24.071592","3"
"9609","66000","387130000C","(04)23274275","(04)23288582","2026","1","23","16","30","臺中市","西屯區","0","1","0","7","2","6","50","3","1","1","5","4","6","6","1","1","10","5","5","2","17","3","10","3","4","B03","7","6","1","8","2","5","","11","11","1","13","4","120.66009","24.174373","2"
"9610","66000","387130000C","(04)23274275","(04)23288582","2026","1","23","16","30","臺中市","沙鹿區","0","0","0","7","2","6","30","4","9","1","5","4","6","6","4","4","10","5","5","2","20","","","","","B03","","","1","","1","","","59","59","1","12","4","120.565797","24.245931","3"
"9611","66000","387130000C","(04)23274275","(04)23288582","2026","1","23","16","30","臺中市","大甲區","0","0","0","7","","","50","","","","","","","","","","","","","","","","","","","B03","","","1","","1","","","12","12","1","6","4","120.648399","24.403261","3"
"9612","66000","387130000C","(04)23274275","(04)23288582","2026","1","23","16","31","臺中市","太平區","0","0","0","7","","3","80","","","","","","","","","","","","","","13","","","","","B12","","","1","","1","","","84","84","1","12","4","120.718067","24.159568","3"
"9613","66000","387130000C","(04)23274275","(04)23288582","2026","1","23","16","32","臺中市","西區","0","0","0","7","","","50","","","","","","","","","","","","","","","","","","","B01","","","1","","2","","","49","49","1","12","4","120.668359","24.148536","3"
"9614","66000","387130000C","(04)23274275","(04)23288582","2026","1","23","16","32","臺中市","沙鹿區","0","1","0","7","2","6","50","3","1","1","5","4","6","6","4","4","10","5","5","2","16","3","10","3","1","B03","7","6","1","8","2","7","","14","14","1","6","4","120.554445","24.225595","2"
"9615","66000","387130000C","(04)23274275","(04)23288582","2026","1","23","16","40","臺中市","大雅區","0","1","0","7","2","6","50","4","19","1","5","4","6","6","2","1","1","5","5","2","3","2","1","3","1","B03","7","6","1","8","2","1","","10","10","1","12","4","120.656432","24.220792","2"
"9616","66000","387130000C","(04)23274275","(04)23288582","2026","1","23","16","44","臺中市","南區","0","0","0","7","","","40","","","","","","","","","","","","","","13","","","","","C03","","","1","10","2","","","7","7","1","6","4","120.678258","24.133489","3"
"9617","66000","387130000C","(04)23274275","(04)23288582","2026","1","23","16","45","臺中市","大雅區","0","0","0","7","","","30","","","","","","","","","","","","","","16","","","","","B03","","","1","","1","","","14","14","1","12","4","120.659069","24.221811","3"
"9618","66000","387130000C","(04)23274275","(04)23288582","2026","1","23","16","47","臺中市","清水區","0","0","0","7","","","60","","","","","","","","","","","","","","","","","","","B03","","","1","","7","","","53","53","1","12","4","120.535369","24.279182","3"
"9619","66000","387130000C","(04)23274275","(04)23288582","2026","1","23","16","49","臺中市","南區","0","0","0","7","","","50","","","","","","","","","","","","","","","","","","","C03","","","1","","1","","","84","84","1","12","4","120.666768","24.11779","3"
"9620","66000","387130000C","(04)23274275","(04)23288582","2026","1","23","16","51","臺中市","北屯區","0","0","0","7","","","50","","","","","","","","","","","","","","13","","","","","B12","","","1","","2","","","7","7","1","6","4","120.693938","24.161906","3"
"9621","66000","387130000C","(04)23274275","(04)23288582","2026","1","23","16","52","臺中市","北屯區","0","2","0","7","2","6","50","13","9","1","5","4","6","6","4","4","1","4","5","2","3","2","9","6","5","H01","8","16","7","21","10","17","","97","97","1","6","5","120.69806","24.171144","2"
"9622","66000","387130000C","(04)23274275","(04)23288582","2026","1","23","16","52","臺中市","西屯區","0","0","0","7","","","50","","","","","","","","","","","","","","12","","","","","B12","","","1","","1","","","40","40","1","13","4","120.660612","24.171377","3"
"9623","66000","387130000C","(04)23274275","(04)23288582","2026","1","23","16","53","臺中市","太平區","0","0","0","7","","","30","","","","","","","","","","","","","","17","","","","","C03","","","1","","9","","","84","84","2","12","4","120.723277","24.141832","3"
"9624","66000","387130000C","(04)23274275","(04)23288582","2026","1","23","16","54","臺中市","大里區","0","1","0","7","2","6","60","13","8","1","5","4","6","6","4","4","1","4","4","1","16","3","10","3","1","B03","7","7","1","8","2","2","","40","40","1","13","4","120.679546","24.104512","2"
"9625","66000","387130000C","(04)23274275","(04)23288582","2026","1","23","16","54","臺中市","沙鹿區","0","0","0","7","","","50","","","","","","","","","","","","","","","","","","","B03","","","1","","2","","","84","84","1","13","4","120.567012","24.228644","3"
"9626","66000","387130000C","(04)23274275","(04)23288582","2026","1","23","16","55","臺中市","北區","0","3","0","7","2","6","50","4","1","1","5","4","6","6","1","1","10","5","5","2","16","2","9","5","4","C03","7","5","1","10","2","12","","84","84","1","13","4","120.668841","24.155383","2"
"9627","66000","387130000C","(04)23274275","(04)23288582","2026","1","23","16","55","臺中市","南屯區","0","0","0","6","","","50","","","","","","","","","","","","","","","","","","","C03","","","1","","1","","","51","51","1","6","4","120.653568","24.135649","3"
"9628","66000","387130000C","(04)23274275","(04)23288582","2026","1","23","16","57","臺中市","大里區","0","0","0","7","","","50","","","","","","","","","","","","","","","","","","","B03","","","1","","2","","","15","15","1","12","4","120.685162","24.108394","3"
"9629","66000","387130000C","(04)23274275","(04)23288582","2026","1","23","16","58","臺中市","神岡區","0","1","0","7","2","6","50","5","1","1","5","4","6","6","1","1","5","5","5","1","17","2","9","1","1","C03","7","15","1","10","2","11","11","4","4","1","12","4","120.696673","24.254182","2"
"9630","66000","387130000C","(04)23274275","(04)23288582","2026","1","23","16","59","臺中市","北屯區","0","0","0","7","","","","","","","","","","","","","","","","","17","","","","","","","","","","","","","119","119","1","","","120.695468","24.176383","3"
"9631","66000","387130000C","(04)23274275","(04)23288582","2026","1","23","17","2","臺中市","北屯區","0","0","0","7","","3","40","","","","","","","","","","","","","","13","","","","","B12","","","1","","2","","","59","59","1","6","4","120.694144","24.201018","3"
"9632","66000","387130000C","(04)23274275","(04)23288582","2026","1","23","17","5","臺中市","太平區","0","1","0","7","2","6","50","4","1","1","5","4","6","6","3","1","10","5","5","2","15","3","10","3","1","B03","7","9","1","8","2","1","","24","24","1","13","4","120.715651","24.14319","2"
"9633","66000","387130000C","(04)23274275","(04)23288582","2026","1","23","17","7","臺中市","南屯區","0","0","0","7","","","50","","","","","","","","","","","","","","12","","","","","A41","","","1","","1","","","40","40","1","12","4","120.616286","24.146186","3"
"9634","66000","387130000C","(04)23274275","(04)23288582","2026","1","23","17","7","臺中市","外埔區","0","0","0","7","2","6","50","3","1","1","5","4","6","6","1","1","","4","5","1","12","3","10","3","1","B03","7","5","1","8","2","2","","40","40","1","12","4","120.639112","24.34157","3"
"9635","66000","387130000C","(04)23274275","(04)23288582","2026","1","23","17","8","臺中市","北屯區","0","0","0","7","","","50","","","","","","","","","","","","","","12","","","","","B03","","","1","","2","","","40","40","1","6","4","120.738512","24.179535","3"
"9636","66000","387130000C","(04)23274275","(04)23288582","2026","1","23","17","9","臺中市","南區","0","0","0","7","","","50","","","","","","","","","","","","","","","","","","","C03","","","1","","2","","","58","58","1","12","4","120.666638","24.117648","4"
"9637","66000","387130000C","(04)23274275","(04)23288582","2026","1","23","17","9","臺中市","大里區","0","0","0","7","","","50","","","","","","","","","","","","","","","","","","","C03","","","1","","9","","","84","84","2","12","4","120.678455","24.094916","3"
"9638","66000","387130000C","(04)23274275","(04)23288582","2026","1","23","17","10","臺中市","大雅區","0","2","0","7","3","6","50","3","1","1","5","4","6","3","4","4","10","5","5","2","17","2","8","5","4","C03","7","6","1","10","2","11","","14","14","1","12","4","120.654502","24.222502","2"
"9639","66000","387130000C","(04)23274275","(04)23288582","2026","1","23","17","14","臺中市","大雅區","0","0","0","7","","","50","","","","","","","","","","","","","","13","","","","","C03","","","1","","1","","","7","7","1","12","4","120.650019","24.211626","3"
"9640","66000","387130000C","(04)23274275","(04)23288582","2026","1","23","17","14","臺中市","北區","0","1","0","7","3","6","50","13","24","1","5","4","6","6","4","4","5","5","4","2","17","2","9","5","4","C03","7","4","1","10","2","12","","1","1","1","13","4","120.681813","24.159321","2"
"9641","66000","387130000C","(04)23274275","(04)23288582","2026","1","23","17","15","臺中市","西屯區","0","0","0","7","","","50","","","","","","","","","","","","","","13","","","","","B03","","","1","","2","","","7","7","1","12","4","120.6067","24.169135","3"
"9642","66000","387130000C","(04)23274275","(04)23288582","2026","1","23","17","15","臺中市","神岡區","0","1","0","7","1","6","30","3","1","1","5","4","6","6","4","4","10","5","5","2","16","3","10","5","4","B03","7","6","1","8","2","5","","48","48","1","12","4","120.703643","24.27088","2"
"9643","66000","387130000C","(04)23274275","(04)23288582","2026","1","23","17","19","臺中市","西屯區","0","0","0","6","","","30","","","","","","","","","","","","","","14","","","","","B03","","","1","","2","","","49","49","1","12","4","120.6378","24.178386","3"
"9644","66000","387130000C","(04)23274275","(04)23288582","2026","1","23","17","19","臺中市","大肚區","0","0","0","7","","","50","","","","","","","","","","","","","","12","","","","","A41","","","1","","1","","","40","40","2","12","4","120.54944","24.140239","3"
"9645","66000","387130000C","(04)23274275","(04)23288582","2026","1","23","17","20","臺中市","西屯區","0","1","0","7","1","6","40","13","8","1","5","4","6","6","4","4","1","4","1","2","13","2","7","1","1","C03","7","9","1","10","1","11","","7","7","1","12","4","120.645203","24.164767","2"
"9646","66000","387130000C","(04)23274275","(04)23288582","2026","1","23","17","20","臺中市","沙鹿區","0","1","0","7","2","6","50","13","9","1","5","4","6","6","4","4","9","5","5","2","16","3","10","3","1","A11","7","6","1","2","2","1","","20","20","1","12","4","120.617803","24.240218","2"
"9647","66000","387130000C","(04)23274275","(04)23288582","2026","1","23","17","23","臺中市","大雅區","0","0","0","7","","","50","","","","","","","","","","","","","","","","","","","B03","","","1","","1","","","84","84","1","12","4","120.652595","24.228296","3"
"9648","66000","387130000C","(04)23274275","(04)23288582","2026","1","23","17","24","臺中市","神岡區","0","1","0","7","2","6","50","4","1","1","5","4","6","6","1","1","5","5","5","1","17","3","10","3","1","B03","7","6","1","8","2","6","6","11","11","1","12","4","120.688297","24.239963","2"
"9649","66000","387130000C","(04)23274275","(04)23288582","2026","1","23","17","25","臺中市","沙鹿區","0","0","0","7","","","50","","","","","","","","","","","","","","","","","","","","","","","","","","","86","86","2","","","120.573279","24.222306","3"
"9650","66000","387130000C","(04)23274275","(04)23288582","2026","1","23","17","26","臺中市","北屯區","0","0","0","7","","","30","","","","","","","","","","","","","","17","","","","","B03","","","1","","2","","","4","4","1","6","4","120.701682","24.169167","3"
"9651","66000","387130000C","(04)23274275","(04)23288582","2026","1","23","17","27","臺中市","北屯區","0","0","0","7","","","50","","","","","","","","","","","","","","17","","","","","B03","","","1","","2","","","59","59","1","6","4","120.685095","24.193444","3"
"9652","66000","387130000C","(04)23274275","(04)23288582","2026","1","23","17","27","臺中市","大里區","0","0","0","7","2","6","40","13","7","1","5","4","6","6","4","4","1","4","1","1","13","","","","","B03","","","1","","2","","","84","84","1","13","4","120.700233","24.115735","3"
"9653","66000","387130000C","(04)23274275","(04)23288582","2026","1","23","17","29","臺中市","豐原區","0","0","0","7","","","50","","","","","","","","","","","","","","13","","","","","B03","","","1","","2","","","84","84","1","13","4","120.747526","24.266643","3"
"9654","66000","387130000C","(04)23274275","(04)23288582","2026","1","23","17","30","臺中市","西屯區","0","0","0","7","","","","","","","","","","","","","","","","","","","","","","","","","","","","","","119","119","1","","","120.651456","24.167983","3"
"9655","66000","387130000C","(04)23274275","(04)23288582","2026","1","23","17","30","臺中市","龍井區","0","2","0","7","2","6","40","13","8","1","5","4","6","6","1","1","10","4","1","1","13","2","3","5","4","C03","7","9","1","10","2","14","","7","7","1","12","4","120.580258","24.188986","2"
"9656","66000","387130000C","(04)23274275","(04)23288582","2026","1","23","17","31","臺中市","北屯區","0","0","0","7","","","50","","","","","","","","","","","","","","","","","","","C03","","","1","","1","","","7","7","1","6","4","120.666876","24.180307","3"
"9657","66000","387130000C","(04)23274275","(04)23288582","2026","1","23","17","31","臺中市","大里區","0","2","0","6","2","6","40","13","9","1","5","4","6","6","4","4","5","4","5","1","17","2","9","1","1","C03","7","6","1","10","2","12","","39","39","1","13","4","120.703948","24.095928","2"
"9658","66000","387130000C","(04)23274275","(04)23288582","2026","1","23","17","31","臺中市","烏日區","0","0","0","7","","","40","","","","","","","","","","","","","","13","","","","","C03","","","1","","1","","","59","59","1","13","4","120.599395","24.110926","3"
"9659","66000","387130000C","(04)23274275","(04)23288582","2026","1","23","17","34","臺中市","霧峰區","0","0","0","7","","","40","","","","","","","","","","","","","","13","","","","","B03","","","1","","2","","","7","7","1","13","4","120.663345","24.073364","3"
"9660","66000","387130000C","(04)23274275","(04)23288582","2026","1","23","17","35","臺中市","神岡區","0","1","0","7","1","6","50","3","1","1","5","4","6","6","3","1","5","4","4","1","16","3","10","5","4","B03","7","6","1","8","2","5","","20","20","1","12","4","120.672331","24.255016","2"
"9661","66000","387130000C","(04)23274275","(04)23288582","2026","1","23","17","36","臺中市","西屯區","0","0","0","7","","","50","","","","","","","","","","","","","","17","","","","","","","","","","","","","119","119","1","","","120.654604","24.168117","3"
"9662","66000","387130000C","(04)23274275","(04)23288582","2026","1","23","17","37","臺中市","北區","0","0","0","7","","","30","","","","","","","","","","","","","","17","","","","","B02","","","1","","2","","","84","84","1","13","4","120.681162","24.16551","3"
"9663","66000","387130000C","(04)23274275","(04)23288582","2026","1","23","17","37","臺中市","梧棲區","0","0","0","7","","","","","","","","","","","","","","","","","9","","","","","","","","","","","","","109","109","1","","","120.532035","24.25842","3"
"9664","66000","387130000C","(04)23274275","(04)23288582","2026","1","23","17","38","臺中市","北區","0","0","0","7","","","50","","","","","","","","","","","","","","13","","","","","B03","","","1","","2","","","59","59","1","12","4","120.67357","24.166532","3"
"9665","66000","387130000C","(04)23274275","(04)23288582","2026","1","23","17","40","臺中市","北屯區","0","2","0","7","1","6","50","4","1","1","5","4","6","6","4","4","5","5","4","2","15","2","9","2","1","C03","7","9","1","10","2","11","","13","13","1","12","4","120.709709","24.165442","2"
"9666","66000","387130000C","(04)23274275","(04)23288582","2026","1","23","17","40","臺中市","后里區","0","2","0","7","3","6","50","3","1","1","5","4","6","6","4","4","5","5","5","1","16","2","9","1","1","C03","7","6","1","10","2","12","","14","14","1","6","4","120.696959","24.301633","2"
"9667","66000","387130000C","(04)23274275","(04)23288582","2026","1","23","17","42","臺中市","北屯區","0","0","0","7","","","50","","","","","","","","","","","","","","13","","","","","C03","","","3","","1","","","7","7","1","6","4","120.696919","24.17605","4"
"9668","66000","387130000C","(04)23274275","(04)23288582","2026","1","23","17","42","臺中市","西屯區","0","1","0","7","1","6","50","13","9","1","5","4","6","6","4","4","1","4","5","2","13","2","9","5","4","C03","7","9","1","10","1","11","","7","7","1","13","4","120.62379","24.173482","2"
"9669","66000","387130000C","(04)23274275","(04)23288582","2026","1","23","17","42","臺中市","西屯區","0","1","0","7","1","6","30","3","2","1","5","4","6","6","4","4","10","5","5","2","17","3","10","3","1","B03","7","9","1","8","9","16","","41","41","1","12","4","120.619992","24.197359","2"
"9670","66000","387130000C","(04)23274275","(04)23288582","2026","1","23","17","43","臺中市","西屯區","0","1","0","7","1","6","50","13","9","1","5","4","6","6","4","4","1","4","5","2","12","3","10","3","1","B03","7","9","1","8","2","5","","8","8","1","12","4","120.659201","24.171428","2"
"9671","66000","387130000C","(04)23274275","(04)23288582","2026","1","23","17","43","臺中市","西屯區","0","0","0","7","","","50","","","","","","","","","","","","","","13","","","","","C03","","","1","","2","","","7","7","1","13","4","120.613216","24.171574","3"
"9672","66000","387130000C","(04)23274275","(04)23288582","2026","1","23","17","43","臺中市","太平區","0","0","0","7","","","50","","","","","","","","","","","","","","17","","","","","C03","","","1","","2","","","84","84","1","12","4","120.717497","24.123763","3"
"9673","66000","387130000C","(04)23274275","(04)23288582","2026","1","23","17","44","臺中市","北屯區","0","0","0","7","","3","80","","","","","","","","","","","","","","13","","","","","B03","","","1","","1","","","7","7","1","6","4","120.720795","24.16921","3"
"9674","66000","387130000C","(04)23274275","(04)23288582","2026","1","23","17","45","臺中市","西屯區","0","0","0","7","","","40","","","","","","","","","","","","","","13","","","","","C03","","","6","","2","","","7","7","1","5","4","120.602633","24.182917","3"
"9675","66000","387130000C","(04)23274275","(04)23288582","2026","1","23","17","46","臺中市","北屯區","0","0","0","7","","","50","","","","","","","","","","","","","","","","","","","C03","","","1","","1","","","11","11","1","13","4","120.672865","24.175972","4"
"9676","66000","387130000C","(04)23274275","(04)23288582","2026","1","23","17","46","臺中市","西屯區","0","1","0","7","1","6","50","4","1","1","5","4","6","6","1","1","1","4","4","2","17","3","10","3","1","B03","7","5","1","8","2","4","","20","20","1","12","4","120.638034","24.163157","2"
"9677","66000","387130000C","(04)23274275","(04)23288582","2026","1","23","17","48","臺中市","北屯區","0","0","0","7","","","50","","","","","","","","","","","","","","17","","","","","","","","","","","","","119","119","1","","","120.709596","24.17499","3"
"9678","66000","387130000C","(04)23274275","(04)23288582","2026","1","23","17","50","臺中市","大雅區","1","0","0","7","1","6","30","13","9","1","5","4","6","6","4","4","9","5","5","1","28","1","9","1","4","C03","7","9","1","10","2","11","14","84","84","1","12","4","120.652504","24.21315","1"
"9679","66000","387130000C","(04)23274275","(04)23288582","2026","1","23","17","50","臺中市","南屯區","0","0","0","7","","","50","","","","","","","","","","","","","","13","","","","","C03","","","1","","1","","","59","59","1","13","4","120.613634","24.153792","4"
"9680","66000","387130000C","(04)23274275","(04)23288582","2026","1","23","17","50","臺中市","和平區","0","0","0","6","1","9","40","3","","1","5","4","6","6","3","1","5","4","5","1","13","3","10","3","1","B03","7","9","1","8","2","1","","7","7","1","12","4","120.884357","24.174669","3"
"9681","66000","387130000C","(04)23274275","(04)23288582","2026","1","23","17","51","臺中市","西屯區","0","0","0","7","","","60","","","","","","","","","","","","","","12","","","","","B03","","","1","","1","","","40","40","1","13","4","120.638905","24.158797","3"
"9682","66000","387130000C","(04)23274275","(04)23288582","2026","1","23","17","51","臺中市","西屯區","0","2","0","7","1","6","50","3","19","1","5","4","6","6","4","4","10","5","5","2","3","2","9","1","4","C03","7","9","1","10","2","11","","10","10","1","13","4","120.664486","24.165056","2"
"9683","66000","387130000C","(04)23274275","(04)23288582","2026","1","23","17","52","臺中市","潭子區","0","1","0","6","1","6","50","13","9","1","5","4","6","6","4","4","5","4","5","1","17","3","10","3","1","B03","7","1","1","8","2","1","","51","51","1","13","4","120.700697","24.215109","2"
"9684","66000","387130000C","(04)23274275","(04)23288582","2026","1","23","17","52","臺中市","南屯區","0","0","0","7","","","50","","","","","","","","","","","","","","","","","","","B11","","","1","","2","","","84","84","1","12","4","120.612352","24.136951","3"
"9685","66000","387130000C","(04)23274275","(04)23288582","2026","1","23","17","53","臺中市","太平區","0","0","0","7","","","30","","","","","","","","","","","","","","17","","","","","B12","","","1","","2","","","84","84","1","13","4","120.724429","24.144743","3"
"9686","66000","387130000C","(04)23274275","(04)23288582","2026","1","23","17","54","臺中市","北屯區","0","1","0","7","1","6","50","4","2","1","5","4","6","6","4","4","10","5","4","2","17","3","10","3","1","B03","7","9","1","8","2","2","","21","21","1","12","4","120.696502","24.176301","2"
"9687","66000","387130000C","(04)23274275","(04)23288582","2026","1","23","17","54","臺中市","龍井區","0","0","0","7","","","30","","","","","","","","","","","","","","","","","","","B03","","","1","","2","","","51","51","1","12","4","120.588751","24.181807","3"
"9688","66000","387130000C","(04)23274275","(04)23288582","2026","1","23","17","54","臺中市","東勢區","0","1","0","7","1","6","50","13","9","1","5","4","6","6","4","4","5","5","5","1","28","2","8","5","4","C03","7","9","1","10","2","11","","87","87","1","13","4","120.832028","24.251425","2"
"9689","66000","387130000C","(04)23274275","(04)23288582","2026","1","23","17","55","臺中市","北屯區","0","0","0","7","","","50","","","","","","","","","","","","","","","","","","","B03","","","1","","9","","","40","40","1","6","4","120.661221","24.190466","3"
"9690","66000","387130000C","(04)23274275","(04)23288582","2026","1","23","17","56","臺中市","西區","0","1","0","6","1","6","50","13","12","1","5","4","6","6","4","4","9","5","5","2","17","3","10","6","1","F01","7","11","7","21","2","13","","46","46","1","13","4","120.665885","24.13241","2"
"9691","66000","387130000C","(04)23274275","(04)23288582","2026","1","23","17","56","臺中市","北屯區","0","0","0","7","","","40","","","","","","","","","","","","","","14","","","","","A12","","","1","","1","","","49","49","1","12","4","120.713314","24.182072","3"
"9692","66000","387130000C","(04)23274275","(04)23288582","2026","1","23","17","56","臺中市","北屯區","0","0","0","7","","","50","","","","","","","","","","","","","","17","","","","","C03","","","1","","2","","","14","14","1","6","4","120.720513","24.180106","3"
"9693","66000","387130000C","(04)23274275","(04)23288582","2026","1","23","17","57","臺中市","大里區","0","2","0","7","2","6","40","13","8","1","5","4","6","6","4","4","5","5","5","2","17","2","9","1","1","C03","7","1","1","10","2","11","","51","51","1","12","4","120.692928","24.114689","2"
"9694","66000","387130000C","(04)23274275","(04)23288582","2026","1","23","18","0","臺中市","烏日區","0","0","0","7","","","60","","","","","","","","","","","","","","2","","","","","B03","","","1","","1","","","40","40","1","6","4","120.650258","24.106926","3"
"9695","66000","387130000C","(04)23274275","(04)23288582","2026","1","23","18","1","臺中市","北屯區","0","2","0","7","1","6","50","4","1","1","5","4","6","6","2","1","10","5","5","2","16","3","10","1","1","C03","7","5","1","10","2","13","","65","65","1","6","2","120.686544","24.195168","2"
"9696","66000","387130000C","(04)23274275","(04)23288582","2026","1","23","18","4","臺中市","北屯區","0","1","0","7","1","6","50","4","1","1","5","4","6","6","1","1","10","5","5","2","17","3","10","3","1","B03","7","6","1","8","2","8","","48","48","1","12","4","120.683698","24.193646","2"
"9697","66000","387130000C","(04)23274275","(04)23288582","2026","1","23","18","6","臺中市","大雅區","0","0","0","7","","","40","","","","","","","","","","","","","","","","","","","C03","","","1","","1","","","7","7","1","12","4","120.648393","24.218732","3"
"9698","66000","387130000C","(04)23274275","(04)23288582","2026","1","23","18","6","臺中市","西屯區","0","1","0","7","1","6","50","3","1","1","5","4","6","6","4","4","5","5","5","2","16","3","10","3","1","B03","7","6","1","8","2","1","","14","14","1","12","4","120.63078","24.165102","2"
"9699","66000","387130000C","(04)23274275","(04)23288582","2026","1","23","18","7","臺中市","東區","0","3","0","7","1","6","50","13","8","1","5","4","6","6","4","4","9","5","4","1","3","2","7","6","5","H01","8","16","7","21","10","17","","98","98","1","13","5","120.704558","24.138144","2"
"9700","66000","387130000C","(04)23274275","(04)23288582","2026","1","23","18","8","臺中市","霧峰區","0","0","0","6","","","40","","","","","","","","","","","","","","17","","","","","B03","","","1","","2","","","7","7","1","13","4","120.697723","24.059582","3"
"9701","66000","387130000C","(04)23274275","(04)23288582","2026","1","23","18","8","臺中市","太平區","0","0","0","7","","","50","","","","","","","","","","","","","","13","","","","","B03","","","1","","2","","","84","84","1","12","4","120.73362","24.155479","3"
"9702","66000","387130000C","(04)23274275","(04)23288582","2026","1","23","18","9","臺中市","沙鹿區","0","0","0","6","","","40","","","","","","","","","","","","","","","","","","","C03","","","1","","2","","","59","59","1","13","4","120.573247","24.230969","3"
"9703","66000","387130000C","(04)23274275","(04)23288582","2026","1","23","18","10","臺中市","西區","0","0","0","7","","","30","","","","","","","","","","","","","","11","","","","","C03","","","1","","1","","","41","41","1","12","4","120.670883","24.142725","3"
"9704","66000","387130000C","(04)23274275","(04)23288582","2026","1","23","18","10","臺中市","南區","0","0","0","7","","","50","","","","","","","","","","","","","","17","","","","","C03","","","2","","1","","","8","8","2","12","4","120.658553","24.127992","3"
"9705","66000","387130000C","(04)23274275","(04)23288582","2026","1","23","18","11","臺中市","潭子區","0","0","0","7","","","30","","","","","","","","","","","","","","9","","","","","B03","","","1","","2","","","8","8","1","13","4","120.703991","24.212446","3"
"9706","66000","387130000C","(04)23274275","(04)23288582","2026","1","23","18","11","臺中市","大里區","0","2","0","7","1","6","50","4","1","1","5","4","6","6","1","1","5","5","4","1","15","2","9","4","1","F01","7","9","7","21","2","12","","21","21","1","13","1","120.675161","24.10288","2"
"9707","66000","387130000C","(04)23274275","(04)23288582","2026","1","23","18","13","臺中市","北區","0","0","0","7","","","50","","","","","","","","","","","","","","17","","","","","B03","","","1","","1","","","84","84","1","13","4","120.668923","24.164842","3"
"9708","66000","387130000C","(04)23274275","(04)23288582","2026","1","23","18","14","臺中市","西區","0","3","0","7","1","6","50","3","2","1","5","4","6","6","4","4","9","4","5","2","13","2","8","1","1","C03","7","9","1","10","1","11","","7","7","1","13","4","120.663128","24.14306","2"
"9709","66000","387130000C","(04)23274275","(04)23288582","2026","1","23","18","14","臺中市","北區","0","2","0","7","3","6","50","3","1","1","5","4","6","6","4","4","10","5","5","2","17","2","8","5","4","F01","7","6","7","21","2","14","","48","48","1","13","4","120.673336","24.17009","2"
"9710","66000","387130000C","(04)23274275","(04)23288582","2026","1","23","18","14","臺中市","南屯區","0","0","0","7","","","50","","","","","","","","","","","","","","13","","","","","B03","","","1","","1","","","8","8","1","13","4","120.620737","24.145195","3"
"9711","66000","387130000C","(04)23274275","(04)23288582","2026","1","23","18","14","臺中市","北屯區","0","1","0","7","1","6","50","13","9","1","5","4","6","6","4","4","1","4","5","2","18","2","9","1","1","C03","7","9","1","10","2","14","","82","82","1","6","4","120.69823","24.170883","2"
"9712","66000","387130000C","(04)23274275","(04)23288582","2026","1","23","18","16","臺中市","大里區","0","2","0","7","1","6","50","4","1","1","5","4","6","6","1","1","10","5","5","1","16","2","9","2","1","C03","7","6","1","10","2","11","","11","11","1","13","4","120.702475","24.093388","2"
"9713","66000","387130000C","(04)23274275","(04)23288582","2026","1","23","18","18","臺中市","大雅區","0","0","0","7","","","50","","","","","","","","","","","","","","17","","","","","B03","","","1","","1","","","84","84","1","12","4","120.657713","24.220354","3"
"9714","66000","387130000C","(04)23274275","(04)23288582","2026","1","23","18","18","臺中市","南屯區","0","2","0","7","1","6","50","4","1","1","5","4","6","6","2","1","1","5","5","2","16","3","10","3","1","B03","7","5","1","8","2","2","","47","47","1","6","4","120.628367","24.144914","2"
"9715","66000","387130000C","(04)23274275","(04)23288582","2026","1","23","18","18","臺中市","大甲區","0","0","0","7","","","50","","","","","","","","","","","","","","14","","","","","B03","","","1","","2","","","49","49","1","6","4","120.605302","24.327671","3"
"9716","66000","387130000C","(04)23274275","(04)23288582","2026","1","23","18","20","臺中市","北屯區","0","0","0","7","","","50","","","","","","","","","","","","","","","","","","","B03","","","1","","1","","","58","58","1","6","4","120.709918","24.180116","3"
"9717","66000","387130000C","(04)23274275","(04)23288582","2026","1","23","18","20","臺中市","北屯區","0","0","0","7","","3","80","","","","","","","","","","","","","","","","","","","B03","","","1","","2","","","7","7","1","6","4","120.701702","24.201322","3"
"9718","66000","387130000C","(04)23274275","(04)23288582","2026","1","23","18","21","臺中市","霧峰區","0","0","0","7","","","60","","","","","","","","","","","","","","16","","","","","B03","","","1","","2","","","21","21","1","13","4","120.692142","24.044835","3"
"9719","66000","387130000C","(04)23274275","(04)23288582","2026","1","23","18","23","臺中市","南屯區","0","0","0","7","","","50","","","","","","","","","","","","","","12","","","","","B03","","","1","","1","","","8","8","1","12","4","120.640538","24.146894","3"