序號,縣市別代碼,機關代碼,市話,傳真,年,月,日,時,分,縣市,區,死亡數量,受傷數量,2-30,天候,道路照明設備,道路類別,道路速限,道路型態,事故位置,路面鋪裝,路面狀態,路面缺陷,障礙物,視距,號誌種類,號誌動作,分向設施,快車道或一般車道間,快慢車道間,路面邊線,事故類型及型態,受傷程度,主要傷處,保護裝備,行動電話或功能裝置,當事者區分(類別),車輛用途,當事者行動狀態,駕照狀態,駕照種類,飲酒情形,車輛撞擊部位最初,車輛撞擊部位其他,肇事因素個別,肇事因素主要,肇事逃逸,職業,共享經濟或外送平台,GPS座標X,GPS座標Y,事故類別
"9720","66000","387130000C","(04)23274275","(04)23288582","2026","1","23","18","23","臺中市","北屯區","0","0","0","7","","","50","","","","","","","","","","","","","","13","","","","","C03","","","1","","2","","","7","7","1","6","4","120.667376","24.179708","4"
"9721","66000","387130000C","(04)23274275","(04)23288582","2026","1","23","18","23","臺中市","清水區","0","0","0","7","","","50","","","","","","","","","","","","","","","","","","","C03","","","1","","1","","","84","84","1","12","4","120.567807","24.270176","3"
"9722","66000","387130000C","(04)23274275","(04)23288582","2026","1","23","18","25","臺中市","北屯區","0","0","0","7","","","50","","","","","","","","","","","","","","17","","","","","C03","","","1","","2","","","50","50","1","6","4","120.69043","24.173026","3"
"9723","66000","387130000C","(04)23274275","(04)23288582","2026","1","23","18","25","臺中市","西屯區","0","1","0","7","1","6","50","13","9","1","5","4","6","6","4","4","4","5","5","2","12","2","8","5","4","C03","7","1","1","10","2","14","","51","51","1","13","4","120.637444","24.181358","2"
"9724","66000","387130000C","(04)23274275","(04)23288582","2026","1","23","18","28","臺中市","大里區","0","2","0","7","1","6","50","11","7","1","5","4","6","6","4","4","10","5","5","1","17","2","9","1","1","C03","7","9","1","10","2","11","","84","84","1","12","4","120.683885","24.108621","2"
"9725","66000","387130000C","(04)23274275","(04)23288582","2026","1","23","18","30","臺中市","北屯區","0","1","0","7","1","6","50","4","1","1","5","4","6","6","2","1","1","4","5","2","16","3","10","3","1","B03","7","5","1","8","2","2","","20","20","1","12","4","120.70407","24.164583","2"
"9726","66000","387130000C","(04)23274275","(04)23288582","2026","1","23","18","30","臺中市","大肚區","0","1","0","7","1","6","30","3","2","1","5","4","6","6","4","4","10","5","5","2","9","3","10","3","1","B12","7","6","1","8","2","4","","65","65","1","12","4","120.561956","24.122099","2"
"9727","66000","387130000C","(04)23274275","(04)23288582","2026","1","23","18","31","臺中市","太平區","0","0","0","7","","","50","","","","","","","","","","","","","","16","","","","","B01","","","1","","2","","","84","84","1","13","4","120.715596","24.135995","3"
"9728","66000","387130000C","(04)23274275","(04)23288582","2026","1","23","18","32","臺中市","北屯區","0","0","0","7","","","50","","","","","","","","","","","","","","17","","","","","B03","","","1","","2","","","11","11","1","6","4","120.681028","24.176443","3"
"9729","66000","387130000C","(04)23274275","(04)23288582","2026","1","23","18","33","臺中市","龍井區","0","0","0","7","","","50","","","","","","","","","","","","","","","","","","","","","","","","","","","49","49","1","","","120.583421","24.179761","3"
"9730","66000","387130000C","(04)23274275","(04)23288582","2026","1","23","18","35","臺中市","沙鹿區","0","0","0","7","1","6","40","13","8","1","5","4","6","6","4","4","1","3","1","1","12","","","","","B03","","","1","","2","","","8","8","1","12","4","120.574915","24.228045","3"
"9731","66000","387130000C","(04)23274275","(04)23288582","2026","1","23","18","39","臺中市","西區","0","0","0","6","","","50","","","","","","","","","","","","","","","","","","","B03","","","1","","1","","","35","35","1","12","4","120.666711","24.141039","3"
"9732","66000","387130000C","(04)23274275","(04)23288582","2026","1","23","18","41","臺中市","潭子區","0","1","0","6","1","6","0","13","14","1","5","4","6","6","4","4","5","4","5","1","17","3","10","3","1","B03","7","1","1","8","2","5","","51","51","1","13","4","120.700705","24.215571","2"
"9733","66000","387130000C","(04)23274275","(04)23288582","2026","1","23","18","42","臺中市","大雅區","0","3","0","7","3","6","50","3","1","1","5","4","6","6","4","4","10","5","5","2","16","2","9","5","4","C03","7","6","1","10","2","11","","14","14","1","12","4","120.654381","24.22363","2"
"9734","66000","387130000C","(04)23274275","(04)23288582","2026","1","23","18","47","臺中市","太平區","0","0","0","7","","","50","","","","","","","","","","","","","","17","","","","","A04","","","1","","9","","","51","51","1","6","4","120.721557","24.14922","3"
"9735","66000","387130000C","(04)23274275","(04)23288582","2026","1","23","18","47","臺中市","大甲區","0","0","0","7","","","30","","","","","","","","","","","","","","","","","","","B03","","","1","","2","","","49","49","1","6","4","120.655244","24.381546","3"
"9736","66000","387130000C","(04)23274275","(04)23288582","2026","1","23","18","48","臺中市","西屯區","0","2","0","7","1","6","50","13","9","1","5","4","6","6","4","4","5","4","5","2","13","2","9","1","1","C03","7","12","1","10","2","13","","84","84","1","12","4","120.622182","24.186198","2"
"9737","66000","387130000C","(04)23274275","(04)23288582","2026","1","23","18","48","臺中市","沙鹿區","0","0","0","7","","","50","","","","","","","","","","","","","","","","","","","C03","","","1","","2","","","7","7","1","12","4","120.567228","24.252497","3"
"9738","66000","387130000C","(04)23274275","(04)23288582","2026","1","23","18","50","臺中市","北區","0","1","0","7","1","6","50","3","1","1","5","4","6","6","1","1","10","5","5","2","16","3","10","1","1","C03","7","5","1","10","2","12","","20","20","1","12","4","120.688411","24.151722","2"
"9739","66000","387130000C","(04)23274275","(04)23288582","2026","1","23","18","50","臺中市","北區","0","0","0","7","","","50","","","","","","","","","","","","","","17","","","","","C03","","","1","","1","","","85","85","1","13","4","120.684688","24.151623","4"
"9740","66000","387130000C","(04)23274275","(04)23288582","2026","1","23","18","50","臺中市","豐原區","0","0","0","7","","","30","","","","","","","","","","","","","","17","","","","","B03","","","1","","2","","","8","8","1","6","4","120.731773","24.271713","3"
"9741","66000","387130000C","(04)23274275","(04)23288582","2026","1","23","18","54","臺中市","大甲區","0","0","0","7","1","7","30","13","9","1","5","4","6","6","4","4","10","5","5","2","14","3","10","3","1","B03","7","2","1","8","2","3","","49","49","1","13","4","120.621899","24.357963","3"
"9742","66000","387130000C","(04)23274275","(04)23288582","2026","1","23","18","55","臺中市","烏日區","0","0","0","7","","","50","","","","","","","","","","","","","","9","","","","","B01","","","1","","2","","","20","20","1","6","4","120.614908","24.117923","3"
"9743","66000","387130000C","(04)23274275","(04)23288582","2026","1","23","18","56","臺中市","南屯區","0","0","0","7","","","50","","","","","","","","","","","","","","","","","","","B03","","","1","","1","","","84","84","1","12","4","120.649805","24.140826","3"
"9744","66000","387130000C","(04)23274275","(04)23288582","2026","1","23","19","0","臺中市","西屯區","0","1","0","7","1","6","50","4","2","1","5","4","6","6","1","1","5","5","4","2","12","3","10","3","1","B01","7","6","1","4","2","5","","87","87","1","12","4","120.662555","24.163574","2"
"9745","66000","387130000C","(04)23274275","(04)23288582","2026","1","23","19","1","臺中市","清水區","0","0","0","7","","","50","","","","","","","","","","","","","","","","","","","B03","","","1","","2","","","49","49","1","12","4","120.575803","24.272948","3"
"9746","66000","387130000C","(04)23274275","(04)23288582","2026","1","23","19","7","臺中市","潭子區","0","1","0","6","1","6","50","3","1","1","5","4","6","6","4","4","5","5","5","2","12","3","10","1","1","C03","7","9","1","10","2","12","","34","34","1","13","4","120.692244","24.220423","2"
"9747","66000","387130000C","(04)23274275","(04)23288582","2026","1","23","19","9","臺中市","太平區","0","0","0","7","1","6","30","13","9","1","5","4","6","6","4","4","10","5","5","2","14","3","10","3","1","B03","7","2","1","8","2","3","","49","49","1","13","4","120.728771","24.154933","3"
"9748","66000","387130000C","(04)23274275","(04)23288582","2026","1","23","19","11","臺中市","東區","0","1","0","7","1","6","40","3","1","1","5","4","6","6","4","4","5","4","4","2","12","2","8","5","4","C03","7","9","1","10","2","11","","84","84","1","13","4","120.706343","24.147981","2"
"9749","66000","387130000C","(04)23274275","(04)23288582","2026","1","23","19","13","臺中市","南區","0","0","0","7","","","50","","","","","","","","","","","","","","","","","","","C03","","","1","","1","","","7","7","1","6","4","120.671158","24.119002","4"
"9750","66000","387130000C","(04)23274275","(04)23288582","2026","1","23","19","16","臺中市","南屯區","0","0","0","7","","","30","","","","","","","","","","","","","","12","","","","","C03","","","1","","2","","","11","11","1","13","4","120.61392","24.150324","3"
"9751","66000","387130000C","(04)23274275","(04)23288582","2026","1","23","19","18","臺中市","大雅區","0","0","0","7","","","30","","","","","","","","","","","","","","11","","","","","B03","","","1","","9","","","8","8","2","12","4","120.659797","24.207608","3"
"9752","66000","387130000C","(04)23274275","(04)23288582","2026","1","23","19","19","臺中市","北屯區","0","0","0","7","","","50","","","","","","","","","","","","","","","","","","","C03","","","1","","1","","","7","7","1","12","4","120.697745","24.170349","3"
"9753","66000","387130000C","(04)23274275","(04)23288582","2026","1","23","19","23","臺中市","南區","0","1","0","7","1","6","50","3","1","1","5","4","6","6","1","1","3","4","4","2","17","2","7","1","1","C03","7","9","1","10","2","14","","7","7","1","12","4","120.67955","24.122229","2"
"9754","66000","387130000C","(04)23274275","(04)23288582","2026","1","23","19","27","臺中市","梧棲區","0","1","0","7","1","6","50","4","2","1","5","4","6","6","1","1","10","5","5","2","23","2","9","1","1","C03","7","9","1","10","2","11","","59","59","1","6","4","120.558702","24.256686","2"
"9755","66000","387130000C","(04)23274275","(04)23288582","2026","1","23","19","28","臺中市","清水區","0","1","0","7","1","6","50","4","1","1","5","4","6","6","3","1","5","5","5","1","16","2","8","6","1","F01","7","6","7","21","2","14","","14","14","1","3","4","120.560077","24.279679","2"
"9756","66000","387130000C","(04)23274275","(04)23288582","2026","1","23","19","30","臺中市","大甲區","0","1","0","7","1","6","30","13","9","1","5","4","6","6","4","4","10","5","5","2","17","2","9","5","4","C03","7","1","1","10","2","13","","51","51","1","6","4","120.661147","24.382867","2"
"9757","66000","387130000C","(04)23274275","(04)23288582","2026","1","23","19","31","臺中市","西區","0","0","0","7","","","50","","","","","","","","","","","","","","","","","","","B03","","","1","","1","","","40","40","1","12","4","120.659695","24.157292","3"
"9758","66000","387130000C","(04)23274275","(04)23288582","2026","1","23","19","36","臺中市","東區","0","0","0","7","","3","50","","","","","","","","","","","","","","","","","","","B03","","","1","","2","","","7","7","1","12","4","120.708594","24.134654","3"
"9759","66000","387130000C","(04)23274275","(04)23288582","2026","1","23","19","44","臺中市","東區","0","0","0","7","","","50","","","","","","","","","","","","","","13","","","","","C03","","","1","","1","","","7","7","1","13","4","120.688912","24.136864","3"
"9760","66000","387130000C","(04)23274275","(04)23288582","2026","1","23","19","50","臺中市","西區","0","0","0","7","","","","","","","","","","","","","","","","","12","","","","","","","","","","","","","86","86","1","","","120.670509","24.1519","3"
"9761","66000","387130000C","(04)23274275","(04)23288582","2026","1","23","19","50","臺中市","大里區","0","1","0","6","1","6","50","13","7","1","5","4","6","6","4","4","9","4","4","1","17","2","9","1","1","C03","7","9","1","10","2","12","","7","7","1","13","4","120.717419","24.09411","2"
"9762","66000","387130000C","(04)23274275","(04)23288582","2026","1","23","19","50","臺中市","大甲區","0","1","0","7","1","6","50","13","9","1","5","4","6","6","4","4","5","5","5","2","30","2","9","5","4","C03","7","6","3","19","2","15","","84","84","1","4","4","120.642468","24.36559","2"
"9763","66000","387130000C","(04)23274275","(04)23288582","2026","1","23","19","51","臺中市","南區","0","0","0","7","","","50","","","","","","","","","","","","","","","","","","","C03","","","1","","1","","","7","7","1","6","4","120.660491","24.115938","4"
"9764","66000","387130000C","(04)23274275","(04)23288582","2026","1","23","19","51","臺中市","沙鹿區","0","0","0","6","","","40","","","","","","","","","","","","","","","","","","","B03","","","1","","2","","","84","84","1","13","4","120.571969","24.233642","3"
"9765","66000","387130000C","(04)23274275","(04)23288582","2026","1","23","19","54","臺中市","東區","0","0","0","7","","","50","","","","","","","","","","","","","","17","","","","","B03","","","1","","1","","","8","8","1","12","4","120.697243","24.147949","3"
"9766","66000","387130000C","(04)23274275","(04)23288582","2026","1","23","19","59","臺中市","大里區","0","0","0","7","","","50","","","","","","","","","","","","","","17","","","","","C03","","","1","","2","","","51","51","1","12","4","120.729049","24.094572","3"
"9767","66000","387130000C","(04)23274275","(04)23288582","2026","1","23","20","0","臺中市","豐原區","0","0","0","7","","","50","","","","","","","","","","","","","","12","","","","","B03","","","1","","2","","","8","8","1","13","4","120.720467","24.2535","3"
"9768","66000","387130000C","(04)23274275","(04)23288582","2026","1","23","20","3","臺中市","西屯區","0","0","0","7","","","40","","","","","","","","","","","","","","14","","","","","B03","","","1","","1","","","85","85","1","13","4","120.637876","24.164272","3"
"9769","66000","387130000C","(04)23274275","(04)23288582","2026","1","23","20","11","臺中市","大肚區","0","0","0","7","","","30","","","","","","","","","","","","","","","","","","","B03","","","1","","2","","","8","8","1","6","4","120.576824","24.171693","3"
"9770","66000","387130000C","(04)23274275","(04)23288582","2026","1","23","20","15","臺中市","大雅區","0","2","0","7","3","6","50","13","9","1","5","4","6","6","4","4","10","5","5","1","2","2","9","1","1","C03","7","9","3","19","2","11","","59","59","1","12","4","120.658703","24.215599","2"
"9771","66000","387130000C","(04)23274275","(04)23288582","2026","1","23","20","15","臺中市","龍井區","0","0","0","7","","","40","","","","","","","","","","","","","","","","","","","B03","","","1","","2","","","59","59","1","12","4","120.580157","24.189864","3"
"9772","66000","387130000C","(04)23274275","(04)23288582","2026","1","23","20","16","臺中市","北區","0","2","0","7","3","6","50","4","1","1","5","4","6","6","1","1","10","5","5","2","17","2","9","5","4","C03","7","6","1","10","2","14","","11","11","1","13","4","120.679906","24.161633","2"
"9773","66000","387130000C","(04)23274275","(04)23288582","2026","1","23","20","20","臺中市","北屯區","0","0","0","7","","","50","","","","","","","","","","","","","","12","","","","","C03","","","1","","2","","","1","1","1","6","4","120.700435","24.170059","3"
"9774","66000","387130000C","(04)23274275","(04)23288582","2026","1","23","20","33","臺中市","南屯區","0","0","0","7","","","50","","","","","","","","","","","","","","","","","","","B03","","","1","","2","","","47","47","1","6","4","120.631748","24.125647","3"
"9775","66000","387130000C","(04)23274275","(04)23288582","2026","1","23","20","49","臺中市","烏日區","0","0","0","7","","","50","","","","","","","","","","","","","","9","","","","","B01","","","1","","1","","","40","40","1","6","4","120.61553","24.11295","3"
"9776","66000","387130000C","(04)23274275","(04)23288582","2026","1","23","20","51","臺中市","太平區","0","1","0","7","1","6","40","13","9","1","5","4","6","6","4","4","9","5","5","2","18","2","9","1","1","C03","7","9","3","19","6","12","","84","84","1","6","4","120.70548","24.12644","2"
"9777","66000","387130000C","(04)23274275","(04)23288582","2026","1","23","20","52","臺中市","東勢區","0","1","0","7","1","6","60","13","7","1","5","4","6","6","1","1","10","4","4","1","13","3","10","5","4","B03","7","9","1","8","2","1","","84","84","1","12","4","120.824763","24.256795","2"
"9778","66000","387130000C","(04)23274275","(04)23288582","2026","1","23","21","5","臺中市","南屯區","0","1","0","7","1","6","50","3","1","1","5","4","6","6","4","4","1","4","5","2","16","3","10","3","1","B03","7","5","1","8","2","4","","14","14","1","13","4","120.646615","24.140928","2"
"9779","66000","387130000C","(04)23274275","(04)23288582","2026","1","23","21","7","臺中市","大雅區","0","1","0","7","3","6","60","3","1","1","5","4","6","6","4","4","10","5","5","2","17","3","10","5","4","B03","7","1","1","8","2","7","","51","51","1","12","4","120.649523","24.214388","2"
"9780","66000","387130000C","(04)23274275","(04)23288582","2026","1","23","21","9","臺中市","沙鹿區","0","1","0","7","1","6","50","4","1","1","5","4","6","6","4","4","10","5","5","2","12","3","10","2","1","C03","7","4","1","10","2","12","","7","7","1","6","4","120.561522","24.243039","2"
"9781","66000","387130000C","(04)23274275","(04)23288582","2026","1","23","21","14","臺中市","西區","0","0","0","6","","","50","","","","","","","","","","","","","","","","","","","B03","","","1","","1","","","7","7","1","12","4","120.659695","24.157292","4"
"9782","66000","387130000C","(04)23274275","(04)23288582","2026","1","23","21","15","臺中市","北區","0","1","0","7","1","6","50","13","9","1","5","4","6","6","4","4","9","5","5","2","16","3","10","5","4","C03","7","6","1","10","2","11","","20","20","1","13","4","120.676577","24.172723","2"
"9783","66000","387130000C","(04)23274275","(04)23288582","2026","1","23","21","18","臺中市","西區","0","0","0","7","","","50","","","","","","","","","","","","","","13","","","","","B03","","","1","","1","","","7","7","1","12","4","120.660394","24.156738","3"
"9784","66000","387130000C","(04)23274275","(04)23288582","2026","1","23","21","40","臺中市","南屯區","0","0","0","7","1","6","50","13","9","1","5","4","6","6","4","4","5","2","5","2","12","","","","","B03","","","1","","2","","","40","40","1","12","4","120.649743","24.153338","3"
"9785","66000","387130000C","(04)23274275","(04)23288582","2026","1","23","21","40","臺中市","太平區","0","2","0","7","1","6","50","3","1","1","5","4","6","6","4","4","10","5","5","2","17","3","10","3","1","B01","7","1","1","4","2","7","","51","51","1","12","4","120.700292","24.151981","2"
"9786","66000","387130000C","(04)23274275","(04)23288582","2026","1","23","21","44","臺中市","北區","0","0","0","7","","","0","","","","","","","","","","","","","","17","","","","","C03","","","7","","10","","","85","85","1","13","4","120.663583","24.161589","3"
"9787","66000","387130000C","(04)23274275","(04)23288582","2026","1","23","21","45","臺中市","南屯區","0","1","0","7","1","6","50","4","1","1","5","4","6","6","2","1","10","5","5","2","16","3","10","5","4","B03","7","5","1","8","2","3","","47","47","1","6","4","120.63573","24.133193","2"
"9788","66000","387130000C","(04)23274275","(04)23288582","2026","1","23","21","54","臺中市","北屯區","0","1","0","7","1","6","30","4","1","1","5","4","6","6","4","4","10","5","5","2","16","3","10","3","1","B02","7","6","3","19","2","1","","14","14","1","6","4","120.702054","24.168996","2"
"9789","66000","387130000C","(04)23274275","(04)23288582","2026","1","23","21","59","臺中市","神岡區","0","3","0","7","1","6","50","4","9","1","5","4","6","6","1","1","1","4","5","1","17","2","1","3","1","B03","7","11","1","8","2","7","7","45","45","1","12","4","120.68041","24.244827","2"
"9790","66000","387130000C","(04)23274275","(04)23288582","2026","1","23","22","0","臺中市","北屯區","0","0","0","7","","","50","","","","","","","","","","","","","","17","","","","","B03","","","1","","2","","","51","51","1","6","4","120.710575","24.178252","3"
"9791","66000","387130000C","(04)23274275","(04)23288582","2026","1","23","22","5","臺中市","大雅區","0","2","0","7","1","6","30","4","2","1","5","4","6","6","3","1","10","5","5","1","17","3","10","5","4","B03","7","2","1","8","2","3","","49","49","1","13","4","120.66722","24.239471","2"
"9792","66000","387130000C","(04)23274275","(04)23288582","2026","1","23","22","7","臺中市","南區","0","1","0","7","1","6","50","13","9","1","5","4","6","6","4","4","5","5","5","2","13","2","9","2","1","C03","7","9","3","19","2","11","","8","8","1","12","4","120.683851","24.132209","2"
"9793","66000","387130000C","(04)23274275","(04)23288582","2026","1","23","22","9","臺中市","西區","0","1","0","6","1","6","50","4","1","1","5","4","6","6","4","4","10","5","5","2","17","2","9","1","1","C03","7","5","1","10","1","11","","84","84","1","12","4","120.658429","24.152549","2"
"9794","66000","387130000C","(04)23274275","(04)23288582","2026","1","23","22","9","臺中市","北屯區","0","0","0","7","","","50","","","","","","","","","","","","","","14","","","","","B03","","","5","","1","","","49","49","1","6","4","120.692986","24.169864","3"
"9795","66000","387130000C","(04)23274275","(04)23288582","2026","1","23","22","19","臺中市","北區","0","2","0","7","1","6","50","3","1","1","5","4","6","6","4","4","10","4","5","2","16","3","10","3","1","B03","7","5","1","8","2","2","","84","84","1","13","4","120.677162","24.152238","2"
"9796","66000","387130000C","(04)23274275","(04)23288582","2026","1","23","22","22","臺中市","北區","0","2","0","7","1","6","50","4","1","1","5","4","6","6","1","1","10","5","5","2","15","3","10","3","1","B03","7","9","1","8","2","4","","21","21","1","12","4","120.686725","24.165283","2"
"9797","66000","387130000C","(04)23274275","(04)23288582","2026","1","23","22","25","臺中市","西屯區","0","1","0","7","1","6","40","3","2","1","5","4","6","6","4","4","4","4","4","2","13","2","8","5","4","C03","7","9","1","10","2","11","","7","7","1","13","4","120.639224","24.17258","2"
"9798","66000","387130000C","(04)23274275","(04)23288582","2026","1","23","22","48","臺中市","北屯區","0","0","0","7","","","50","","","","","","","","","","","","","","17","","","","","B03","","","1","","2","","","87","87","1","6","4","120.683558","24.197867","3"
"9799","66000","387130000C","(04)23274275","(04)23288582","2026","1","23","22","58","臺中市","西屯區","0","1","0","7","1","6","30","4","1","1","5","4","6","6","1","1","10","5","5","2","13","3","10","5","4","C03","7","9","1","10","2","11","","7","7","1","13","4","120.648745","24.174859","2"
"9800","66000","387130000C","(04)23274275","(04)23288582","2026","1","23","23","0","臺中市","霧峰區","0","1","0","7","1","6","50","13","14","1","5","4","6","6","4","4","1","4","4","1","17","2","9","4","1","F01","7","9","7","21","8","12","","84","84","1","12","4","120.699997","24.074281","2"
"9801","66000","387130000C","(04)23274275","(04)23288582","2026","1","23","23","6","臺中市","西區","0","1","0","6","1","6","50","4","1","1","5","4","6","6","4","4","10","5","5","2","17","2","9","1","1","C03","7","9","1","10","2","11","","15","15","1","13","4","120.673242","24.148836","2"
"9802","66000","387130000C","(04)23274275","(04)23288582","2026","1","23","23","30","臺中市","西屯區","0","1","0","7","1","6","50","3","1","1","5","4","6","6","2","1","10","5","5","2","16","3","10","3","1","B03","7","5","1","8","2","5","","11","11","1","13","4","120.643317","24.170409","2"
"9803","66000","387130000C","(04)23274275","(04)23288582","2026","1","23","23","32","臺中市","西屯區","0","1","0","7","2","6","50","3","1","1","5","4","6","6","3","1","10","5","5","2","16","2","8","5","4","C03","7","9","1","10","2","11","","84","84","1","13","4","120.638415","24.172247","2"
"9804","66000","387130000C","(04)23274275","(04)23288582","2026","1","23","23","46","臺中市","大肚區","0","0","0","7","","","30","","","","","","","","","","","","","","11","","","","","B03","","","1","","1","","","8","8","1","6","4","120.582276","24.172232","3"
"9805","66000","387130000C","(04)23274275","(04)23288582","2026","1","24","0","1","臺中市","北區","0","1","0","7","1","6","50","13","9","1","5","4","6","6","4","4","1","4","5","2","17","2","9","5","4","C03","7","1","1","10","2","13","","51","51","1","12","4","120.671822","24.172799","2"
"9806","66000","387130000C","(04)23274275","(04)23288582","2026","1","24","0","25","臺中市","西屯區","0","0","0","7","","","40","","","","","","","","","","","","","","13","","","","","C03","","","1","","2","","","7","7","1","13","4","120.615268","24.182938","3"
"9807","66000","387130000C","(04)23274275","(04)23288582","2026","1","24","0","25","臺中市","烏日區","0","1","0","7","1","6","50","13","9","1","5","4","6","6","4","4","3","4","5","1","13","2","9","2","1","C03","7","9","1","10","2","11","","6","6","1","6","4","120.638731","24.10808","2"
"9808","66000","387130000C","(04)23274275","(04)23288582","2026","1","24","0","32","臺中市","西屯區","0","0","0","6","","","60","","","","","","","","","","","","","","","","","","","B03","","","1","","1","","","8","8","1","13","4","120.646454","24.164454","3"
"9809","66000","387130000C","(04)23274275","(04)23288582","2026","1","24","0","45","臺中市","北屯區","0","0","0","7","","","50","","","","","","","","","","","","","","","","","","","C03","","","1","","1","","","84","84","1","13","4","120.704818","24.169404","4"
"9810","66000","387130000C","(04)23274275","(04)23288582","2026","1","24","0","59","臺中市","太平區","0","0","0","7","","","50","","","","","","","","","","","","","","","","","","","B02","","","1","","2","","","84","84","1","13","4","120.779954","24.108357","3"
"9811","66000","387130000C","(04)23274275","(04)23288582","2026","1","24","1","5","臺中市","潭子區","0","0","0","7","","","50","","","","","","","","","","","","","","11","","","","","B11","","","1","","2","","","8","8","1","12","4","120.676653","24.223496","3"
"9812","66000","387130000C","(04)23274275","(04)23288582","2026","1","24","1","5","臺中市","東區","0","0","0","7","","","50","","","","","","","","","","","","","","","","","","","","","","","","","","","86","86","1","","","120.70013","24.13296","3"
"9813","66000","387130000C","(04)23274275","(04)23288582","2026","1","24","1","15","臺中市","大雅區","0","0","0","7","","","50","","","","","","","","","","","","","","","","","","","B03","","","3","","2","","","7","7","1","13","4","120.649614","24.227175","3"
"9814","66000","387130000C","(04)23274275","(04)23288582","2026","1","24","1","20","臺中市","霧峰區","0","0","0","7","","","60","","","","","","","","","","","","","","","","","","","B03","","","1","","2","","","49","49","1","12","4","120.695884","24.064658","3"
"9815","66000","387130000C","(04)23274275","(04)23288582","2026","1","24","1","27","臺中市","北屯區","0","0","0","7","","","50","","","","","","","","","","","","","","14","","","","","B03","","","1","","2","","","49","49","1","5","4","120.686965","24.174328","3"
"9816","66000","387130000C","(04)23274275","(04)23288582","2026","1","24","1","36","臺中市","沙鹿區","0","0","0","7","","","50","","","","","","","","","","","","","","","","","","","B03","","","1","","2","","","59","59","1","6","4","120.580999","24.209583","3"
"9817","66000","387130000C","(04)23274275","(04)23288582","2026","1","24","2","56","臺中市","北屯區","0","0","0","7","","","50","","","","","","","","","","","","","","","","","","","C03","","","1","","9","","","84","84","2","13","4","120.693471","24.176389","3"
"9818","66000","387130000C","(04)23274275","(04)23288582","2026","1","24","4","51","臺中市","新社區","0","1","0","7","1","6","50","3","1","1","5","4","6","6","1","1","10","5","5","2","15","3","10","5","4","A11","7","9","1","3","2","1","","21","21","1","12","4","120.803299","24.219367","2"
"9819","66000","387130000C","(04)23274275","(04)23288582","2026","1","24","5","3","臺中市","北區","0","2","0","7","1","6","50","13","9","1","5","4","6","6","4","4","9","5","5","2","17","2","8","1","1","C03","7","10","1","10","2","12","","42","42","1","13","4","120.674843","24.160548","2"
"9820","66000","387130000C","(04)23274275","(04)23288582","2026","1","24","6","18","臺中市","潭子區","0","1","0","7","1","6","50","4","19","1","5","4","6","6","2","1","1","5","5","2","3","3","10","3","1","B03","7","6","1","8","2","1","","10","10","1","12","4","120.705134","24.215484","2"
"9821","66000","387130000C","(04)23274275","(04)23288582","2026","1","24","6","31","臺中市","北屯區","0","0","0","7","3","6","50","4","1","1","5","4","6","6","1","1","5","5","5","2","18","3","10","1","1","C03","7","14","1","10","8","12","","53","53","1","6","4","120.676455","24.174413","3"
"9822","66000","387130000C","(04)23274275","(04)23288582","2026","1","24","7","2","臺中市","沙鹿區","0","1","0","7","1","6","30","13","9","1","5","4","6","6","4","4","10","5","5","2","12","3","10","3","1","B03","7","9","1","8","6","4","","30","30","1","5","4","120.565305","24.255373","2"
"9823","66000","387130000C","(04)23274275","(04)23288582","2026","1","24","7","24","臺中市","沙鹿區","0","1","0","7","2","6","50","3","1","1","5","4","6","6","4","4","10","5","5","1","27","2","9","2","1","C03","7","9","1","9","2","14","12","85","85","1","6","4","120.605405","24.238084","2"
"9824","66000","387130000C","(04)23274275","(04)23288582","2026","1","24","7","25","臺中市","北屯區","0","0","0","7","","","50","","","","","","","","","","","","","","12","","","","","B03","","","1","","1","","","39","39","1","12","4","120.686101","24.181523","3"
"9825","66000","387130000C","(04)23274275","(04)23288582","2026","1","24","7","27","臺中市","豐原區","0","2","0","7","3","6","30","3","2","1","5","4","6","6","4","4","10","5","5","2","17","2","9","2","1","C03","7","9","1","10","2","15","","84","84","1","6","4","120.722004","24.2404","2"
"9826","66000","387130000C","(04)23274275","(04)23288582","2026","1","24","7","52","臺中市","西屯區","0","0","0","7","","","40","","","","","","","","","","","","","","13","","","","","C03","","","1","","2","","","7","7","1","13","4","120.636633","24.160522","3"
"9827","66000","387130000C","(04)23274275","(04)23288582","2026","1","24","7","52","臺中市","沙鹿區","0","1","0","7","2","6","50","5","1","1","5","4","6","6","4","4","10","5","5","2","17","2","8","1","1","C03","7","9","1","10","2","14","","6","6","1","6","4","120.560959","24.237814","2"
"9828","66000","387130000C","(04)23274275","(04)23288582","2026","1","24","7","54","臺中市","大里區","0","0","0","7","","","50","","","","","","","","","","","","","","","","","","","B03","","","1","","2","","","76","76","1","12","4","120.703839","24.109674","3"
"9829","66000","387130000C","(04)23274275","(04)23288582","2026","1","24","7","59","臺中市","南屯區","0","1","0","7","3","6","50","4","1","1","5","4","6","6","4","4","10","5","5","2","16","3","10","3","1","B03","7","6","1","8","2","1","","14","14","1","12","4","120.642571","24.133377","2"