序號,縣市別代碼,機關代碼,市話,傳真,年,月,日,時,分,縣市,區,死亡數量,受傷數量,2-30,天候,道路照明設備,道路類別,道路速限,道路型態,事故位置,路面鋪裝,路面狀態,路面缺陷,障礙物,視距,號誌種類,號誌動作,分向設施,快車道或一般車道間,快慢車道間,路面邊線,事故類型及型態,受傷程度,主要傷處,保護裝備,行動電話或功能裝置,當事者區分(類別),車輛用途,當事者行動狀態,駕照狀態,駕照種類,飲酒情形,車輛撞擊部位最初,車輛撞擊部位其他,肇事因素個別,肇事因素主要,肇事逃逸,職業,共享經濟或外送平台,GPS座標X,GPS座標Y,事故類別
"9830","66000","387130000C","(04)23274275","(04)23288582","2026","1","24","8","6","臺中市","太平區","0","1","0","7","2","6","30","4","2","1","5","4","6","6","4","4","10","5","5","2","15","2","9","1","1","C03","7","9","1","10","2","11","","15","15","1","12","4","120.723196","24.125178","2"
"9831","66000","387130000C","(04)23274275","(04)23288582","2026","1","24","8","8","臺中市","大甲區","0","3","0","7","2","6","50","8","8","1","5","4","6","6","4","4","1","4","4","1","2","2","9","1","1","C03","7","9","1","10","2","11","","7","7","1","12","4","120.645012","24.371184","2"
"9832","66000","387130000C","(04)23274275","(04)23288582","2026","1","24","8","11","臺中市","東區","0","1","0","7","2","6","50","13","9","1","5","4","6","6","4","4","5","4","5","2","17","2","9","3","1","B03","7","9","5","8","9","5","","56","56","1","12","4","120.684468","24.131605","2"
"9833","66000","387130000C","(04)23274275","(04)23288582","2026","1","24","8","14","臺中市","后里區","0","0","0","7","2","6","30","3","2","1","5","4","6","6","4","4","10","5","5","2","14","3","10","3","1","B03","7","2","1","8","2","7","","49","49","1","12","4","120.726687","24.306642","3"
"9834","66000","387130000C","(04)23274275","(04)23288582","2026","1","24","8","17","臺中市","大里區","0","1","0","7","2","6","50","5","1","1","5","4","6","6","4","4","10","5","5","2","16","3","10","3","1","B03","7","6","1","8","2","4","","48","48","1","6","4","120.693334","24.09227","2"
"9835","66000","387130000C","(04)23274275","(04)23288582","2026","1","24","8","20","臺中市","北屯區","0","1","0","7","1","6","50","13","9","1","5","4","6","6","2","1","5","2","5","2","13","3","10","3","1","B12","7","6","5","19","2","8","","84","84","1","12","4","120.672473","24.187901","2"
"9836","66000","387130000C","(04)23274275","(04)23288582","2026","1","24","8","25","臺中市","東區","0","0","0","7","","","50","","","","","","","","","","","","","","","","","","","B03","","","1","","1","","","12","12","1","13","4","120.697178","24.141514","3"
"9837","66000","387130000C","(04)23274275","(04)23288582","2026","1","24","8","25","臺中市","南屯區","0","1","0","7","2","6","50","4","1","1","5","4","6","6","1","1","3","4","5","2","17","3","10","1","1","C03","7","6","1","10","2","13","","42","42","1","13","4","120.649722","24.155612","2"
"9838","66000","387130000C","(04)23274275","(04)23288582","2026","1","24","8","30","臺中市","西區","0","0","0","7","","","50","","","","","","","","","","","","","","17","","","","","A02","","","1","","1","","","51","51","1","12","4","120.655887","24.150818","3"
"9839","66000","387130000C","(04)23274275","(04)23288582","2026","1","24","8","34","臺中市","南屯區","0","1","0","7","1","6","50","4","1","1","5","4","6","6","2","1","10","5","5","2","17","3","10","3","1","B03","7","15","3","19","2","6","","84","84","1","13","4","120.632356","24.145477","2"
"9840","66000","387130000C","(04)23274275","(04)23288582","2026","1","24","8","35","臺中市","霧峰區","0","2","0","7","2","6","30","11","9","1","5","4","6","6","4","4","10","5","5","1","16","2","8","5","4","F01","7","15","7","21","2","13","","46","46","1","12","4","120.666098","24.071442","2"
"9841","66000","387130000C","(04)23274275","(04)23288582","2026","1","24","8","39","臺中市","大雅區","0","1","0","7","1","6","50","13","9","1","5","4","6","6","4","4","4","1","5","1","11","3","10","3","4","B03","7","6","1","8","2","8","8","48","48","1","12","4","120.665958","24.216422","2"
"9842","66000","387130000C","(04)23274275","(04)23288582","2026","1","24","8","39","臺中市","東區","0","0","0","7","","","50","","","","","","","","","","","","","","","","","","","C03","","","1","","1","","","8","8","1","13","4","120.689852","24.137697","3"
"9843","66000","387130000C","(04)23274275","(04)23288582","2026","1","24","8","39","臺中市","豐原區","0","0","0","7","","","30","","","","","","","","","","","","","","14","","","","","A11","","","1","","2","","","49","49","1","13","4","120.704348","24.239411","3"
"9844","66000","387130000C","(04)23274275","(04)23288582","2026","1","24","8","45","臺中市","清水區","0","0","0","7","2","6","60","3","7","1","5","4","6","6","4","4","8","3","4","1","12","","","","","B03","","","1","","2","","","40","40","1","12","4","120.548424","24.278757","3"
"9845","66000","387130000C","(04)23274275","(04)23288582","2026","1","24","8","56","臺中市","北屯區","0","1","0","7","3","6","50","4","1","1","5","4","6","6","2","1","10","5","5","2","16","3","10","3","1","B03","7","5","1","8","2","6","","11","11","1","12","4","120.678411","24.201325","2"
"9846","66000","387130000C","(04)23274275","(04)23288582","2026","1","24","8","58","臺中市","西屯區","0","1","0","7","2","6","40","13","8","1","5","4","6","6","2","1","4","1","4","1","13","2","9","6","4","F01","7","9","7","21","2","11","","85","85","1","12","4","120.664726","24.178119","2"
"9847","66000","387130000C","(04)23274275","(04)23288582","2026","1","24","9","5","臺中市","東區","0","0","0","7","","","50","","","","","","","","","","","","","","","","","","","B03","","","1","","9","","","51","51","2","13","4","120.707458","24.142019","3"
"9848","66000","387130000C","(04)23274275","(04)23288582","2026","1","24","9","6","臺中市","南屯區","0","1","0","7","3","6","50","5","4","1","5","4","6","6","1","1","5","4","5","2","12","3","10","3","1","B03","7","6","1","8","2","5","","8","8","1","12","4","120.637962","24.142012","2"
"9849","66000","387130000C","(04)23274275","(04)23288582","2026","1","24","9","9","臺中市","沙鹿區","0","0","0","7","","","50","","","","","","","","","","","","","","13","","","","","B03","","","1","","1","","","7","7","1","12","4","120.55858","24.235463","3"
"9850","66000","387130000C","(04)23274275","(04)23288582","2026","1","24","9","12","臺中市","南區","0","1","0","7","2","6","50","13","12","1","5","4","6","6","4","4","5","4","4","2","17","3","10","3","1","B03","7","11","1","8","2","2","","39","39","1","6","4","120.651323","24.12142","2"
"9851","66000","387130000C","(04)23274275","(04)23288582","2026","1","24","9","12","臺中市","西屯區","0","1","0","7","2","6","50","13","9","1","5","4","6","6","4","4","1","4","5","2","16","3","10","5","4","B03","7","5","1","8","2","6","","84","84","1","12","4","120.659824","24.171427","2"
"9852","66000","387130000C","(04)23274275","(04)23288582","2026","1","24","9","16","臺中市","潭子區","0","0","0","7","","","50","","","","","","","","","","","","","","13","","","","","B03","","","1","","2","","","7","7","1","13","4","120.710124","24.208984","3"
"9853","66000","387130000C","(04)23274275","(04)23288582","2026","1","24","9","17","臺中市","北屯區","0","0","0","7","","","50","","","","","","","","","","","","","","13","","","","","B03","","","1","","2","","","84","84","1","12","4","120.704725","24.165386","3"
"9854","66000","387130000C","(04)23274275","(04)23288582","2026","1","24","9","20","臺中市","霧峰區","0","1","0","7","2","6","30","3","1","4","5","4","6","6","4","4","10","5","5","2","16","3","10","3","1","B03","7","6","1","8","2","8","","14","14","1","6","4","120.701585","24.064053","2"
"9855","66000","387130000C","(04)23274275","(04)23288582","2026","1","24","9","20","臺中市","東勢區","0","1","0","7","3","6","50","13","9","1","5","4","6","6","4","4","4","3","5","1","12","3","10","5","4","B03","7","9","1","4","2","2","","7","7","1","13","4","120.827925","24.256092","2"
"9856","66000","387130000C","(04)23274275","(04)23288582","2026","1","24","9","22","臺中市","北屯區","0","4","0","7","2","6","50","4","1","1","5","4","6","6","4","4","4","5","5","2","12","2","9","1","1","C03","7","6","1","10","2","11","","48","48","1","10","4","120.687553","24.171264","2"
"9857","66000","387130000C","(04)23274275","(04)23288582","2026","1","24","9","22","臺中市","清水區","0","1","0","7","3","6","60","3","1","1","5","4","6","6","2","1","1","4","1","1","17","3","10","3","1","B03","7","6","1","8","2","6","","25","25","1","12","4","120.561699","24.272023","2"
"9858","66000","387130000C","(04)23274275","(04)23288582","2026","1","24","9","23","臺中市","中區","0","1","0","7","2","6","50","3","7","1","5","4","6","6","4","4","5","4","5","2","17","3","10","5","4","C03","7","11","1","10","2","11","","46","46","1","13","4","120.679357","24.146056","2"
"9859","66000","387130000C","(04)23274275","(04)23288582","2026","1","24","9","23","臺中市","西區","0","0","0","7","","","50","","","","","","","","","","","","","","14","","","","","B03","","","1","","1","","","49","49","1","6","4","120.664115","24.145308","3"
"9860","66000","387130000C","(04)23274275","(04)23288582","2026","1","24","9","23","臺中市","西屯區","0","1","0","7","2","6","50","4","1","1","5","4","6","6","2","1","10","5","5","2","16","3","10","5","4","B03","7","11","1","8","2","5","","11","11","1","12","4","120.644767","24.183797","2"
"9861","66000","387130000C","(04)23274275","(04)23288582","2026","1","24","9","24","臺中市","東區","0","0","0","7","","","50","","","","","","","","","","","","","","","","","","","B03","","","1","","1","","","40","40","1","13","4","120.704506","24.130742","3"
"9862","66000","387130000C","(04)23274275","(04)23288582","2026","1","24","9","24","臺中市","大里區","0","0","0","7","","","50","","","","","","","","","","","","","","14","","","","","B02","","","1","","1","","","49","49","2","6","4","120.688767","24.106366","3"
"9863","66000","387130000C","(04)23274275","(04)23288582","2026","1","24","9","25","臺中市","西屯區","0","1","0","7","2","6","60","13","7","1","5","4","6","6","4","4","1","4","1","2","13","3","10","3","1","B03","7","8","1","8","2","1","","84","84","1","13","4","120.593044","24.183185","2"
"9864","66000","387130000C","(04)23274275","(04)23288582","2026","1","24","9","26","臺中市","霧峰區","0","0","0","7","","","30","","","","","","","","","","","","","","17","","","","","G03","","","1","","2","","","84","84","1","12","4","120.677366","24.039341","3"
"9865","66000","387130000C","(04)23274275","(04)23288582","2026","1","24","9","29","臺中市","中區","0","1","0","7","2","6","50","13","9","1","5","4","6","6","4","4","10","4","5","2","12","2","9","2","1","C03","7","8","1","10","2","14","","40","40","1","13","4","120.682499","24.137483","2"
"9866","66000","387130000C","(04)23274275","(04)23288582","2026","1","24","9","30","臺中市","東區","0","1","0","7","3","6","50","13","9","1","5","4","6","6","4","4","9","5","5","2","12","3","10","3","1","B03","7","1","1","8","2","4","","51","51","1","6","4","120.699677","24.143232","2"
"9867","66000","387130000C","(04)23274275","(04)23288582","2026","1","24","9","30","臺中市","清水區","0","1","0","7","2","6","50","13","9","1","5","4","6","6","4","4","8","4","5","1","18","2","9","1","1","C03","7","9","1","10","2","16","","87","87","1","12","4","120.581778","24.265159","2"
"9868","66000","387130000C","(04)23274275","(04)23288582","2026","1","24","9","39","臺中市","南屯區","0","0","0","7","","","50","","","","","","","","","","","","","","","","","","","B03","","","1","","1","","","85","85","1","13","4","120.646624","24.130806","3"
"9869","66000","387130000C","(04)23274275","(04)23288582","2026","1","24","9","40","臺中市","西屯區","0","0","0","7","","","50","","","","","","","","","","","","","","13","","","","","B03","","","1","","2","","","7","7","1","13","4","120.651927","24.1797","3"
"9870","66000","387130000C","(04)23274275","(04)23288582","2026","1","24","9","42","臺中市","北區","0","2","0","7","2","6","50","4","2","1","5","4","6","6","3","1","10","5","5","2","17","2","9","2","1","C04","7","9","1","10","2","11","","21","21","1","13","4","120.664055","24.162156","2"
"9871","66000","387130000C","(04)23274275","(04)23288582","2026","1","24","9","47","臺中市","西區","0","0","0","7","","","50","","","","","","","","","","","","","","16","","","","","B02","","","1","","1","","","84","84","1","12","4","120.667882","24.152585","3"
"9872","66000","387130000C","(04)23274275","(04)23288582","2026","1","24","9","51","臺中市","北屯區","0","0","0","7","","","50","","","","","","","","","","","","","","9","","","","","B03","","","1","8","2","","","49","49","1","12","4","120.666172","24.190158","3"
"9873","66000","387130000C","(04)23274275","(04)23288582","2026","1","24","9","54","臺中市","豐原區","0","0","0","7","","","50","","","","","","","","","","","","","","13","","","","","B03","","","1","","2","","","50","50","1","6","4","120.744432","24.264666","3"
"9874","66000","387130000C","(04)23274275","(04)23288582","2026","1","24","9","57","臺中市","北屯區","0","1","0","7","2","6","50","3","1","1","5","4","6","6","2","1","10","4","4","2","13","3","10","1","1","C03","7","9","1","10","2","11","","7","7","1","12","4","120.705851","24.172942","2"
"9875","66000","387130000C","(04)23274275","(04)23288582","2026","1","24","10","3","臺中市","西屯區","0","2","0","7","2","6","50","13","9","1","5","4","6","6","4","4","8","4","5","1","17","2","9","5","4","C03","7","1","1","10","2","14","","51","51","1","13","4","120.652578","24.165803","2"
"9876","66000","387130000C","(04)23274275","(04)23288582","2026","1","24","10","5","臺中市","大里區","0","1","0","7","2","6","40","3","2","1","5","4","6","6","4","4","5","5","5","2","13","2","8","1","1","C03","7","9","1","10","2","11","","82","82","1","6","4","120.6999","24.080214","2"
"9877","66000","387130000C","(04)23274275","(04)23288582","2026","1","24","10","7","臺中市","西區","0","0","0","7","","","50","","","","","","","","","","","","","","","","","","","B03","","","1","","1","","","40","40","1","6","4","120.665331","24.140093","3"
"9878","66000","387130000C","(04)23274275","(04)23288582","2026","1","24","10","15","臺中市","西屯區","0","0","0","7","","","30","","","","","","","","","","","","","","12","","","","","B03","","","1","","2","","","7","7","1","12","4","120.65941","24.195847","3"
"9879","66000","387130000C","(04)23274275","(04)23288582","2026","1","24","10","15","臺中市","太平區","0","1","0","7","3","6","30","4","2","1","5","4","6","6","3","1","5","3","5","2","17","2","9","1","1","C03","7","9","1","10","1","11","","20","20","1","12","4","120.715504","24.145273","2"
"9880","66000","387130000C","(04)23274275","(04)23288582","2026","1","24","10","17","臺中市","北區","0","2","0","7","2","6","50","4","1","1","5","4","6","6","1","1","5","4","5","2","15","2","9","1","1","C03","7","9","1","10","2","11","","21","21","1","12","4","120.678502","24.168581","2"
"9881","66000","387130000C","(04)23274275","(04)23288582","2026","1","24","10","17","臺中市","北屯區","0","0","0","7","","","","","","","","","","","","","","","","","17","","","","","","","","","","","","","119","119","1","","","120.685272","24.175803","3"
"9882","66000","387130000C","(04)23274275","(04)23288582","2026","1","24","10","17","臺中市","北屯區","0","1","0","7","2","6","50","8","9","1","5","4","6","6","4","4","10","5","5","2","12","2","9","5","4","C03","7","9","1","10","1","12","","84","84","1","12","4","120.76542","24.198415","2"
"9883","66000","387130000C","(04)23274275","(04)23288582","2026","1","24","10","18","臺中市","南區","0","1","0","7","2","6","50","13","9","1","5","4","6","6","4","4","5","5","5","2","17","2","8","2","1","C03","7","1","1","10","2","13","","51","51","1","6","4","120.658475","24.116756","2"
"9884","66000","387130000C","(04)23274275","(04)23288582","2026","1","24","10","19","臺中市","西區","0","0","0","7","","","50","","","","","","","","","","","","","","12","","","","","B03","","","1","","1","","","35","35","1","13","4","120.668346","24.129897","3"
"9885","66000","387130000C","(04)23274275","(04)23288582","2026","1","24","10","21","臺中市","西區","0","0","0","7","","","50","","","","","","","","","","","","","","12","","","","","B03","","","1","","2","","","40","40","1","13","4","120.668428","24.129745","3"
"9886","66000","387130000C","(04)23274275","(04)23288582","2026","1","24","10","21","臺中市","豐原區","0","0","0","7","","","50","","","","","","","","","","","","","","13","","","","","B03","","","5","","1","","","7","7","1","13","4","120.719621","24.260103","3"
"9887","66000","387130000C","(04)23274275","(04)23288582","2026","1","24","10","21","臺中市","豐原區","0","1","0","7","2","6","50","3","1","1","5","4","6","6","1","1","10","5","5","2","17","3","10","3","1","B03","7","11","1","8","2","8","","45","45","1","13","4","120.729617","24.247667","2"
"9888","66000","387130000C","(04)23274275","(04)23288582","2026","1","24","10","22","臺中市","大里區","0","0","0","7","","","50","","","","","","","","","","","","","","14","","","","","B03","","","1","","1","","","49","49","1","6","4","120.681886","24.106124","3"
"9889","66000","387130000C","(04)23274275","(04)23288582","2026","1","24","10","26","臺中市","北區","0","1","0","7","3","6","50","4","2","1","5","4","6","6","1","1","5","4","5","2","15","3","10","5","4","C03","7","9","1","10","2","11","","21","21","1","13","4","120.682234","24.153821","2"
"9890","66000","387130000C","(04)23274275","(04)23288582","2026","1","24","10","28","臺中市","大肚區","0","0","0","7","","","70","","","","","","","","","","","","","","13","","","","","B03","","","1","","1","","","7","7","1","12","4","120.578143","24.11834","3"
"9891","66000","387130000C","(04)23274275","(04)23288582","2026","1","24","10","32","臺中市","北區","0","2","0","7","2","6","50","13","9","1","5","4","6","6","4","4","9","5","5","2","17","2","9","1","1","C03","7","1","1","10","2","14","","51","51","1","12","2","120.69656","24.160973","2"
"9892","66000","387130000C","(04)23274275","(04)23288582","2026","1","24","10","32","臺中市","北屯區","0","0","0","7","","","50","","","","","","","","","","","","","","13","","","","","B03","","","1","","1","","","7","7","1","12","4","120.686627","24.198292","3"
"9893","66000","387130000C","(04)23274275","(04)23288582","2026","1","24","10","33","臺中市","豐原區","0","1","0","7","2","6","50","13","9","1","5","4","6","6","1","1","5","4","5","1","17","3","10","3","1","B03","7","11","5","19","2","4","","39","39","1","13","4","120.722746","24.236786","2"
"9894","66000","387130000C","(04)23274275","(04)23288582","2026","1","24","10","36","臺中市","龍井區","0","1","0","6","2","6","50","4","1","1","5","4","6","6","1","1","10","5","5","2","16","2","8","2","1","C03","7","9","1","10","2","11","","21","21","1","6","4","120.583636","24.180679","2"
"9895","66000","387130000C","(04)23274275","(04)23288582","2026","1","24","10","37","臺中市","南屯區","0","1","0","7","2","6","50","4","1","1","5","4","6","6","1","1","5","5","5","2","3","3","10","3","1","B03","7","6","1","8","2","4","","10","10","1","13","4","120.652972","24.143818","2"
"9896","66000","387130000C","(04)23274275","(04)23288582","2026","1","24","10","37","臺中市","北屯區","0","1","0","7","2","6","50","4","2","1","5","4","6","6","1","1","4","5","5","2","16","2","8","1","1","C03","7","6","1","10","1","14","","11","11","1","12","4","120.69197","24.175089","2"
"9897","66000","387130000C","(04)23274275","(04)23288582","2026","1","24","10","39","臺中市","龍井區","0","0","0","7","","","50","","","","","","","","","","","","","","12","","","","","B03","","","1","","2","","","51","51","1","6","4","120.583938","24.181316","3"
"9898","66000","387130000C","(04)23274275","(04)23288582","2026","1","24","10","40","臺中市","太平區","0","0","0","7","","3","80","","","","","","","","","","","","","","","","","","","B03","","","1","","1","","","7","7","1","12","4","120.717417","24.156713","3"
"9899","66000","387130000C","(04)23274275","(04)23288582","2026","1","24","10","40","臺中市","大肚區","0","2","0","7","1","6","50","4","1","1","5","4","6","6","4","4","8","3","5","1","15","2","9","1","1","C03","7","9","1","10","2","12","","15","15","1","12","4","120.538027","24.152876","2"
"9900","66000","387130000C","(04)23274275","(04)23288582","2026","1","24","10","43","臺中市","南區","0","0","0","7","","","50","","","","","","","","","","","","","","","","","","","C03","","","1","","1","","","7","7","1","13","4","120.659931","24.126293","4"
"9901","66000","387130000C","(04)23274275","(04)23288582","2026","1","24","10","43","臺中市","烏日區","0","0","0","7","","","40","","","","","","","","","","","","","","14","","","","","B03","","","1","","2","","","49","49","1","13","4","120.636762","24.110379","3"
"9902","66000","387130000C","(04)23274275","(04)23288582","2026","1","24","10","44","臺中市","大里區","0","0","0","7","","","60","","","","","","","","","","","","","","13","","","","","B03","","","1","","2","","","7","7","1","13","4","120.682994","24.104033","3"
"9903","66000","387130000C","(04)23274275","(04)23288582","2026","1","24","10","45","臺中市","烏日區","0","0","0","7","","","70","","","","","","","","","","","","","","13","","","","","B03","","","1","","1","","","84","84","1","6","4","120.604008","24.109443","3"
"9904","66000","387130000C","(04)23274275","(04)23288582","2026","1","24","10","46","臺中市","北屯區","0","2","0","7","2","6","50","13","9","1","5","4","6","6","4","4","10","5","5","2","17","2","8","1","1","C03","7","1","1","10","2","14","","51","51","1","12","4","120.730958","24.159458","2"
"9905","66000","387130000C","(04)23274275","(04)23288582","2026","1","24","10","50","臺中市","豐原區","0","4","0","7","2","6","60","4","1","1","5","4","6","6","1","1","1","2","5","1","13","2","9","1","1","C03","7","9","1","10","2","12","14","59","59","1","13","4","120.703099","24.249804","2"
"9906","66000","387130000C","(04)23274275","(04)23288582","2026","1","24","10","52","臺中市","太平區","0","3","0","7","3","6","40","5","2","1","5","4","6","6","1","1","5","2","4","1","17","2","9","1","1","C03","7","9","1","10","2","11","","7","7","1","12","4","120.706295","24.148635","2"
"9907","66000","387130000C","(04)23274275","(04)23288582","2026","1","24","10","55","臺中市","北區","0","2","0","7","2","6","50","4","2","1","5","4","6","6","2","1","10","5","5","2","12","2","9","2","1","C03","7","9","1","10","2","14","","7","7","1","13","4","120.675769","24.15873","2"
"9908","66000","387130000C","(04)23274275","(04)23288582","2026","1","24","10","55","臺中市","南區","0","3","0","7","1","6","50","3","1","1","5","4","6","6","4","4","10","5","5","2","17","2","9","5","4","F01","7","6","7","21","2","14","","14","14","1","13","4","120.655762","24.108874","2"
"9909","66000","387130000C","(04)23274275","(04)23288582","2026","1","24","10","55","臺中市","大里區","0","0","0","7","","","50","","","","","","","","","","","","","","","","","","","B03","","","1","","2","","","47","47","1","12","4","120.689797","24.114212","3"
"9910","66000","387130000C","(04)23274275","(04)23288582","2026","1","24","10","56","臺中市","西屯區","0","0","0","7","","","50","","","","","","","","","","","","","","14","","","","","B03","","","1","","1","","","49","49","1","12","4","120.617727","24.188171","3"
"9911","66000","387130000C","(04)23274275","(04)23288582","2026","1","24","10","56","臺中市","太平區","0","1","0","7","2","6","50","3","4","1","5","4","6","6","1","1","10","5","5","2","13","2","9","1","1","C03","7","9","1","10","2","11","","7","7","1","12","4","120.707356","24.129063","2"
"9912","66000","387130000C","(04)23274275","(04)23288582","2026","1","24","10","59","臺中市","太平區","0","0","0","7","","3","80","","","","","","","","","","","","","","13","","","","","B03","","","1","","1","","","7","7","1","12","4","120.713456","24.146977","3"
"9913","66000","387130000C","(04)23274275","(04)23288582","2026","1","24","11","0","臺中市","東區","0","0","0","7","","","50","","","","","","","","","","","","","","13","","","","","B03","","","1","8","1","","","7","7","1","6","4","120.689887","24.143116","3"
"9914","66000","387130000C","(04)23274275","(04)23288582","2026","1","24","11","7","臺中市","北屯區","0","0","0","7","","","30","","","","","","","","","","","","","","11","","","","","B12","","","1","","2","","","8","8","1","12","4","120.687903","24.205634","3"
"9915","66000","387130000C","(04)23274275","(04)23288582","2026","1","24","11","8","臺中市","北屯區","0","1","0","7","2","6","50","13","9","1","5","4","6","6","4","4","5","5","5","2","2","3","10","1","1","F03","7","9","7","21","2","11","","84","84","1","4","4","120.696206","24.177452","2"
"9916","66000","387130000C","(04)23274275","(04)23288582","2026","1","24","11","8","臺中市","豐原區","0","0","0","7","","","50","","","","","","","","","","","","","","16","","","","","B03","","","1","","2","","","11","11","1","6","4","120.757387","24.275535","3"
"9917","66000","387130000C","(04)23274275","(04)23288582","2026","1","24","11","11","臺中市","南區","0","2","0","7","3","6","50","4","2","1","5","4","6","6","4","4","1","4","5","2","13","2","9","2","1","C03","7","9","1","10","2","11","","7","7","1","13","4","120.652727","24.117987","2"
"9918","66000","387130000C","(04)23274275","(04)23288582","2026","1","24","11","13","臺中市","東區","0","1","0","7","2","6","50","3","1","1","5","4","6","6","4","4","1","4","4","2","17","3","10","3","1","B02","7","5","1","8","2","16","","14","14","1","6","4","120.694279","24.144238","2"
"9919","66000","387130000C","(04)23274275","(04)23288582","2026","1","24","11","15","臺中市","霧峰區","0","0","0","7","","","50","","","","","","","","","","","","","","17","","","","","C03","","","1","","2","","","7","7","1","12","4","120.665233","24.07958","3"
"9920","66000","387130000C","(04)23274275","(04)23288582","2026","1","24","11","16","臺中市","清水區","0","1","0","7","3","6","50","4","1","1","5","4","6","6","2","1","5","5","5","1","10","3","10","2","1","C03","7","9","1","10","2","11","","84","84","1","12","4","120.564448","24.297109","2"
"9921","66000","387130000C","(04)23274275","(04)23288582","2026","1","24","11","20","臺中市","大里區","0","0","0","7","","","50","","","","","","","","","","","","","","","","","","","B03","","","1","","9","","","59","59","1","12","4","120.67492","24.116654","3"
"9922","66000","387130000C","(04)23274275","(04)23288582","2026","1","24","11","24","臺中市","清水區","0","1","0","7","2","6","50","4","1","1","5","4","6","6","4","4","8","3","5","2","15","3","10","3","1","B03","7","9","1","8","2","5","","15","15","1","12","4","120.556096","24.260896","2"
"9923","66000","387130000C","(04)23274275","(04)23288582","2026","1","24","11","25","臺中市","南屯區","0","0","0","7","","","50","","","","","","","","","","","","","","13","","","","","B03","","","1","","1","","","59","59","1","12","4","120.652973","24.150684","3"
"9924","66000","387130000C","(04)23274275","(04)23288582","2026","1","24","11","25","臺中市","霧峰區","0","2","0","7","2","6","50","13","12","1","5","4","6","6","4","4","5","5","4","1","13","3","10","5","4","C03","7","7","1","10","2","13","","40","40","1","12","4","120.698397","24.062038","2"
"9925","66000","387130000C","(04)23274275","(04)23288582","2026","1","24","11","26","臺中市","外埔區","0","1","0","7","3","6","50","13","9","1","5","4","6","6","4","4","5","4","5","1","12","3","10","3","1","B03","7","9","1","8","2","5","","84","84","1","6","4","120.63924","24.341383","2"
"9926","66000","387130000C","(04)23274275","(04)23288582","2026","1","24","11","27","臺中市","南屯區","0","0","0","7","","","50","","","","","","","","","","","","","","13","","","","","B03","","","1","","1","","","7","7","1","13","4","120.617782","24.145417","3"
"9927","66000","387130000C","(04)23274275","(04)23288582","2026","1","24","11","28","臺中市","大里區","0","0","0","7","","","50","","","","","","","","","","","","","","12","","","","","B03","","","1","","2","","","8","8","1","13","4","120.709464","24.089487","3"
"9928","66000","387130000C","(04)23274275","(04)23288582","2026","1","24","11","30","臺中市","沙鹿區","0","1","0","7","2","6","30","13","9","1","5","4","6","6","4","4","10","5","5","1","10","2","8","1","1","C03","7","9","1","10","2","11","","6","6","1","6","4","120.565099","24.255464","2"
"9929","66000","387130000C","(04)23274275","(04)23288582","2026","1","24","11","31","臺中市","東區","0","1","0","7","1","6","50","13","9","1","5","4","6","6","4","4","5","4","5","2","17","2","9","5","4","C03","7","5","1","10","2","11","","4","4","1","13","4","120.696427","24.149962","2"
"9930","66000","387130000C","(04)23274275","(04)23288582","2026","1","24","11","32","臺中市","后里區","0","1","0","7","2","6","50","4","2","1","5","4","6","6","1","1","5","5","4","1","12","3","10","3","1","B12","7","9","1","8","2","2","","84","84","1","12","4","120.717793","24.309618","2"
"9931","66000","387130000C","(04)23274275","(04)23288582","2026","1","24","11","45","臺中市","南屯區","0","0","0","7","","","50","","","","","","","","","","","","","","16","","","","","B03","","","1","","2","","","47","47","1","12","4","120.623743","24.149294","3"
"9932","66000","387130000C","(04)23274275","(04)23288582","2026","1","24","11","47","臺中市","南屯區","0","1","0","7","2","6","50","13","7","1","5","4","6","6","4","4","9","4","4","2","17","3","10","3","1","B03","7","11","1","8","2","5","","45","45","1","13","4","120.644692","24.14899","2"
"9933","66000","387130000C","(04)23274275","(04)23288582","2026","1","24","11","51","臺中市","北區","0","2","0","7","2","6","50","13","9","1","5","4","6","6","4","4","9","4","5","2","16","2","9","1","1","C03","7","11","1","10","2","13","","45","45","1","12","4","120.676176","24.146656","2"
"9934","66000","387130000C","(04)23274275","(04)23288582","2026","1","24","11","51","臺中市","太平區","0","1","0","7","3","6","50","3","2","1","5","4","6","6","1","1","5","2","5","1","17","3","10","1","1","C03","7","6","1","10","2","12","","25","25","1","12","4","120.733055","24.150573","2"
"9935","66000","387130000C","(04)23274275","(04)23288582","2026","1","24","11","53","臺中市","北區","0","2","0","7","2","6","50","4","2","1","5","4","6","6","2","1","10","5","5","2","17","2","9","2","1","C03","7","9","1","10","2","12","","84","84","1","13","4","120.681017","24.168497","2"
"9936","66000","387130000C","(04)23274275","(04)23288582","2026","1","24","11","54","臺中市","北屯區","0","0","0","7","","3","50","","","","","","","","","","","","","","","","","","","B03","","","1","","1","","","59","59","1","12","4","120.719468","24.163513","3"
"9937","66000","387130000C","(04)23274275","(04)23288582","2026","1","24","11","55","臺中市","西區","0","1","0","7","3","6","50","4","1","1","5","4","6","6","1","1","10","5","5","2","13","2","8","1","1","C03","7","9","1","10","1","11","","7","7","1","6","4","120.675855","24.133176","2"
"9938","66000","387130000C","(04)23274275","(04)23288582","2026","1","24","11","56","臺中市","南區","0","0","0","7","","","50","","","","","","","","","","","","","","13","","","","","C03","","","1","","1","","","7","7","1","6","4","120.65568","24.124048","3"
"9939","66000","387130000C","(04)23274275","(04)23288582","2026","1","24","11","58","臺中市","西屯區","0","1","0","7","2","6","40","13","8","1","5","4","6","6","4","4","1","4","1","2","13","2","8","5","4","C03","7","9","1","10","2","11","","7","7","1","13","4","120.643164","24.165964","2"