序號,縣市別代碼,機關代碼,市話,傳真,年,月,日,時,分,縣市,區,死亡數量,受傷數量,2-30,天候,道路照明設備,道路類別,道路速限,道路型態,事故位置,路面鋪裝,路面狀態,路面缺陷,障礙物,視距,號誌種類,號誌動作,分向設施,快車道或一般車道間,快慢車道間,路面邊線,事故類型及型態,受傷程度,主要傷處,保護裝備,行動電話或功能裝置,當事者區分(類別),車輛用途,當事者行動狀態,駕照狀態,駕照種類,飲酒情形,車輛撞擊部位最初,車輛撞擊部位其他,肇事因素個別,肇事因素主要,肇事逃逸,職業,共享經濟或外送平台,GPS座標X,GPS座標Y,事故類別
"9940","66000","387130000C","(04)23274275","(04)23288582","2026","1","24","12","0","臺中市","東區","0","0","0","7","","","50","","","","","","","","","","","","","","","","","","","B03","","","1","","1","","","7","7","1","13","4","120.693","24.134773","3"
"9941","66000","387130000C","(04)23274275","(04)23288582","2026","1","24","12","6","臺中市","北屯區","0","0","0","7","","","50","","","","","","","","","","","","","","13","","","","","B03","","","1","","1","","","7","7","1","12","4","120.720979","24.176766","3"
"9942","66000","387130000C","(04)23274275","(04)23288582","2026","1","24","12","6","臺中市","龍井區","0","1","0","7","2","6","40","13","8","1","5","4","6","6","4","4","3","5","5","1","27","2","9","3","1","B03","7","9","1","8","2","1","","55","55","1","12","4","120.579501","24.190771","2"
"9943","66000","387130000C","(04)23274275","(04)23288582","2026","1","24","12","8","臺中市","北區","0","0","0","7","","","50","","","","","","","","","","","","","","","","","","","B01","","","1","","1","","","51","51","1","13","4","120.669897","24.159384","3"
"9944","66000","387130000C","(04)23274275","(04)23288582","2026","1","24","12","11","臺中市","北屯區","0","0","0","7","","","50","","","","","","","","","","","","","","13","","","","","B12","","","1","","2","","","7","7","1","12","4","120.66071","24.191824","3"
"9945","66000","387130000C","(04)23274275","(04)23288582","2026","1","24","12","12","臺中市","南屯區","0","0","0","7","","","50","","","","","","","","","","","","","","13","","","","","B01","","","1","","1","","","84","84","1","13","4","120.62358","24.14929","3"
"9946","66000","387130000C","(04)23274275","(04)23288582","2026","1","24","12","13","臺中市","西屯區","0","0","0","7","","","40","","","","","","","","","","","","","","13","","","","","B03","","","1","","1","","","7","7","1","12","4","120.633739","24.161616","3"
"9947","66000","387130000C","(04)23274275","(04)23288582","2026","1","24","12","14","臺中市","潭子區","0","0","0","7","","3","40","","","","","","","","","","","","","","","","","","","B03","","","1","","2","","","1","1","1","13","4","120.709739","24.200514","3"
"9948","66000","387130000C","(04)23274275","(04)23288582","2026","1","24","12","14","臺中市","南屯區","0","1","0","7","2","6","40","4","1","1","5","4","6","6","1","1","5","4","4","2","17","2","9","1","1","C03","7","9","1","10","2","14","","85","85","1","13","4","120.636165","24.134343","2"
"9949","66000","387130000C","(04)23274275","(04)23288582","2026","1","24","12","14","臺中市","西屯區","0","0","0","7","","","40","","","","","","","","","","","","","","16","","","","","C03","","","1","","1","","","84","84","1","13","4","120.619159","24.181351","3"
"9950","66000","387130000C","(04)23274275","(04)23288582","2026","1","24","12","15","臺中市","太平區","0","0","0","7","","","50","","","","","","","","","","","","","","","","","","","B03","","","1","","2","","","83","83","1","12","4","120.715806","24.159556","3"
"9951","66000","387130000C","(04)23274275","(04)23288582","2026","1","24","12","16","臺中市","梧棲區","0","2","0","7","2","6","40","3","1","1","5","4","6","6","4","4","1","4","1","2","16","2","9","2","1","C03","7","4","1","10","2","14","12","84","84","1","12","4","120.537947","24.249535","2"
"9952","66000","387130000C","(04)23274275","(04)23288582","2026","1","24","12","22","臺中市","北屯區","0","3","0","7","2","6","50","13","9","1","5","4","6","6","1","1","10","5","5","2","16","3","10","5","4","B03","7","9","1","8","2","4","","21","21","1","12","4","120.708075","24.180117","2"
"9953","66000","387130000C","(04)23274275","(04)23288582","2026","1","24","12","27","臺中市","北屯區","0","1","0","7","2","6","50","4","1","1","5","4","6","6","2","1","10","5","5","2","13","3","10","1","1","C03","7","9","1","10","2","11","","7","7","1","12","4","120.677078","24.185858","2"
"9954","66000","387130000C","(04)23274275","(04)23288582","2026","1","24","12","28","臺中市","豐原區","0","0","0","7","","","50","","","","","","","","","","","","","","14","","","","","B03","","","1","","2","","","49","49","1","12","4","120.706081","24.243693","3"
"9955","66000","387130000C","(04)23274275","(04)23288582","2026","1","24","12","32","臺中市","西區","0","1","0","7","2","6","40","13","8","1","5","4","6","6","4","4","5","4","4","2","18","2","9","5","4","C04","7","9","1","10","2","15","","84","84","1","13","4","120.657052","24.136245","2"
"9956","66000","387130000C","(04)23274275","(04)23288582","2026","1","24","12","35","臺中市","中區","0","1","0","7","2","6","50","4","1","1","5","4","6","6","2","1","10","5","5","2","13","3","10","2","1","C03","7","9","1","10","2","14","","59","59","1","13","4","120.677651","24.144068","2"
"9957","66000","387130000C","(04)23274275","(04)23288582","2026","1","24","12","35","臺中市","西區","0","1","0","7","3","6","50","4","1","1","5","4","6","6","1","1","10","5","5","2","12","3","10","1","1","C04","7","9","1","8","2","13","","75","75","1","12","4","120.671929","24.146223","2"
"9958","66000","387130000C","(04)23274275","(04)23288582","2026","1","24","12","35","臺中市","西屯區","0","0","0","7","","","50","","","","","","","","","","","","","","14","","","","","C03","","","1","","1","","","49","49","1","12","2","120.640413","24.185029","3"
"9959","66000","387130000C","(04)23274275","(04)23288582","2026","1","24","12","36","臺中市","東區","0","0","0","7","","","30","","","","","","","","","","","","","","","","","","","B03","","","1","","2","","","50","50","1","13","4","120.688534","24.12575","3"
"9960","66000","387130000C","(04)23274275","(04)23288582","2026","1","24","12","37","臺中市","南屯區","0","0","0","7","","","50","","","","","","","","","","","","","","13","","","","","B03","","","1","","1","","","59","59","1","12","4","120.635768","24.142982","3"
"9961","66000","387130000C","(04)23274275","(04)23288582","2026","1","24","12","40","臺中市","大雅區","0","0","0","7","","","50","","","","","","","","","","","","","","13","","","","","C03","","","3","","1","","","7","7","1","12","4","120.662707","24.233028","3"
"9962","66000","387130000C","(04)23274275","(04)23288582","2026","1","24","12","40","臺中市","沙鹿區","0","1","0","7","3","6","50","4","2","1","5","4","6","6","1","1","10","5","5","2","13","3","10","3","1","B12","7","9","1","8","2","5","","7","7","1","12","4","120.56193","24.23765","2"
"9963","66000","387130000C","(04)23274275","(04)23288582","2026","1","24","12","44","臺中市","大里區","0","2","0","7","2","6","50","3","1","1","5","4","6","6","4","4","10","5","5","2","16","2","9","1","1","C03","7","6","1","10","2","12","","14","14","1","5","4","120.6954","24.090166","2"
"9964","66000","387130000C","(04)23274275","(04)23288582","2026","1","24","12","49","臺中市","西屯區","0","2","0","7","2","6","30","3","1","1","5","4","6","6","4","4","10","5","5","2","16","2","9","2","1","C03","7","6","1","10","2","11","","14","14","1","12","4","120.648299","24.175072","2"
"9965","66000","387130000C","(04)23274275","(04)23288582","2026","1","24","12","51","臺中市","霧峰區","0","0","0","7","","","50","","","","","","","","","","","","","","13","","","","","B03","","","1","","2","","","7","7","1","12","4","120.697634","24.058222","3"
"9966","66000","387130000C","(04)23274275","(04)23288582","2026","1","24","12","51","臺中市","后里區","0","0","0","7","3","6","40","13","14","1","5","4","6","6","4","4","9","5","5","1","14","3","10","3","1","B03","7","2","1","8","2","5","","49","49","1","6","4","120.716735","24.307731","3"
"9967","66000","387130000C","(04)23274275","(04)23288582","2026","1","24","12","52","臺中市","龍井區","0","0","0","7","","","50","","","","","","","","","","","","","","","","","","","B03","","","1","","1","","","78","78","1","12","4","120.54493","24.197613","3"
"9968","66000","387130000C","(04)23274275","(04)23288582","2026","1","24","12","52","臺中市","沙鹿區","0","0","0","7","","","40","","","","","","","","","","","","","","","","","","","B03","","","1","","2","","","84","84","1","6","4","120.568207","24.238389","3"
"9969","66000","387130000C","(04)23274275","(04)23288582","2026","1","24","12","53","臺中市","南屯區","0","0","0","7","","","50","","","","","","","","","","","","","","16","","","","","F01","","","7","","2","","","48","48","1","13","4","120.630639","24.141054","3"
"9970","66000","387130000C","(04)23274275","(04)23288582","2026","1","24","12","55","臺中市","后里區","0","0","0","7","2","6","30","13","9","1","5","4","6","6","4","4","10","5","5","2","11","3","10","3","1","B03","7","9","1","8","2","7","","84","84","1","12","4","120.751281","24.323415","3"
"9971","66000","387130000C","(04)23274275","(04)23288582","2026","1","24","12","55","臺中市","豐原區","0","0","0","7","","","30","","","","","","","","","","","","","","20","","","","","B03","","","1","","2","","","59","59","1","13","4","120.724881","24.222976","3"
"9972","66000","387130000C","(04)23274275","(04)23288582","2026","1","24","12","56","臺中市","太平區","0","0","0","7","","3","80","","","","","","","","","","","","","","13","","","","","A12","","","1","","2","","","7","7","1","12","4","120.713591","24.147661","3"
"9973","66000","387130000C","(04)23274275","(04)23288582","2026","1","24","13","2","臺中市","東勢區","0","0","0","7","","","50","","","","","","","","","","","","","","14","","","","","B12","","","1","","2","","","49","49","1","13","4","120.79141","24.310098","3"
"9974","66000","387130000C","(04)23274275","(04)23288582","2026","1","24","13","3","臺中市","東區","0","0","0","7","","","50","","","","","","","","","","","","","","16","","","","","A04","","","1","1","1","","","11","11","1","6","4","120.688462","24.14268","4"
"9975","66000","387130000C","(04)23274275","(04)23288582","2026","1","24","13","10","臺中市","豐原區","0","2","0","7","2","6","30","5","1","1","5","4","6","6","4","4","10","5","5","2","15","2","7","2","1","C03","7","1","1","10","2","11","","51","51","1","13","4","120.718799","24.252518","2"
"9976","66000","387130000C","(04)23274275","(04)23288582","2026","1","24","13","12","臺中市","南區","0","0","0","7","","","50","","","","","","","","","","","","","","13","","","","","B01","","","1","","2","","","84","84","1","6","4","120.651189","24.121537","3"
"9977","66000","387130000C","(04)23274275","(04)23288582","2026","1","24","13","12","臺中市","太平區","0","0","0","7","","","30","","","","","","","","","","","","","","","","","","","B03","","","1","","2","","","49","49","1","12","4","120.708474","24.120743","3"
"9978","66000","387130000C","(04)23274275","(04)23288582","2026","1","24","13","16","臺中市","龍井區","0","0","0","7","","","50","","","","","","","","","","","","","","16","","","","","C03","","","1","","2","","","84","84","1","6","4","120.584185","24.18201","3"
"9979","66000","387130000C","(04)23274275","(04)23288582","2026","1","24","13","17","臺中市","西區","0","0","0","7","","","50","","","","","","","","","","","","","","","","","","","B03","","","1","","1","","","40","40","1","6","4","120.659695","24.157292","3"
"9980","66000","387130000C","(04)23274275","(04)23288582","2026","1","24","13","20","臺中市","后里區","0","1","0","7","2","6","50","3","1","1","5","4","6","6","1","1","1","4","4","1","16","3","10","3","1","B03","7","5","1","8","2","6","","11","11","1","6","4","120.723218","24.287737","2"
"9981","66000","387130000C","(04)23274275","(04)23288582","2026","1","24","13","23","臺中市","北區","0","0","0","7","2","6","50","4","4","1","5","4","6","6","1","1","1","4","5","2","13","3","10","1","1","C03","7","9","1","10","2","11","","7","7","1","12","4","120.677154","24.150953","3"
"9982","66000","387130000C","(04)23274275","(04)23288582","2026","1","24","13","30","臺中市","西屯區","0","0","0","7","","","30","","","","","","","","","","","","","","17","","","","","B02","","","1","","2","","","59","59","1","13","4","120.643953","24.17497","3"
"9983","66000","387130000C","(04)23274275","(04)23288582","2026","1","24","13","32","臺中市","西屯區","0","0","0","7","","","30","","","","","","","","","","","","","","17","","","","","B03","","","1","","9","","","8","8","2","13","4","120.638954","24.18035","3"
"9984","66000","387130000C","(04)23274275","(04)23288582","2026","1","24","13","35","臺中市","北屯區","0","0","0","7","","","30","","","","","","","","","","","","","","11","","","","","B03","","","1","","2","","","59","59","1","12","4","120.687223","24.178488","3"
"9985","66000","387130000C","(04)23274275","(04)23288582","2026","1","24","13","35","臺中市","沙鹿區","0","2","0","7","2","6","50","4","9","1","5","4","6","6","4","4","4","4","5","2","15","2","9","2","1","C03","7","9","3","19","2","11","","15","15","1","12","4","120.568336","24.218713","2"
"9986","66000","387130000C","(04)23274275","(04)23288582","2026","1","24","13","38","臺中市","西區","0","0","0","7","","","50","","","","","","","","","","","","","","13","","","","","B03","","","1","","2","","","84","84","1","12","4","120.661898","24.15029","3"
"9987","66000","387130000C","(04)23274275","(04)23288582","2026","1","24","13","38","臺中市","南屯區","0","3","0","7","2","6","50","4","1","1","5","4","6","6","2","1","1","4","1","2","15","2","9","1","1","C03","7","9","1","10","2","11","","21","21","1","12","4","120.63312","24.123681","2"
"9988","66000","387130000C","(04)23274275","(04)23288582","2026","1","24","13","38","臺中市","沙鹿區","0","1","0","7","2","6","50","5","1","1","5","4","6","6","1","1","10","5","5","2","16","3","10","3","1","B03","7","9","1","4","2","5","","6","6","1","6","4","120.564866","24.240772","2"
"9989","66000","387130000C","(04)23274275","(04)23288582","2026","1","24","13","40","臺中市","西屯區","0","1","0","7","2","6","50","3","2","1","5","4","6","6","2","1","1","1","4","1","13","2","8","1","4","C03","7","9","1","10","2","11","","59","59","1","12","4","120.650633","24.164377","2"
"9990","66000","387130000C","(04)23274275","(04)23288582","2026","1","24","13","51","臺中市","北區","0","0","0","7","","","50","","","","","","","","","","","","","","","","","","","C03","","","1","","1","","","8","8","1","13","4","120.671746","24.172929","3"
"9991","66000","387130000C","(04)23274275","(04)23288582","2026","1","24","13","53","臺中市","北區","0","3","0","7","2","6","50","3","2","1","5","4","6","6","2","1","10","5","5","2","13","2","9","2","1","C03","7","9","3","19","2","11","","7","7","1","13","4","120.680971","24.163157","2"
"9992","66000","387130000C","(04)23274275","(04)23288582","2026","1","24","13","53","臺中市","清水區","0","0","0","7","2","6","60","13","7","1","5","4","6","6","1","1","8","3","4","1","20","","","","","B03","","","1","","1","","","59","59","1","12","4","120.599762","24.309077","3"
"9993","66000","387130000C","(04)23274275","(04)23288582","2026","1","24","13","56","臺中市","西屯區","0","0","0","7","","3","80","","","","","","","","","","","","","","13","","","","","B03","","","1","","1","","","59","59","1","12","4","120.631321","24.168393","3"
"9994","66000","387130000C","(04)23274275","(04)23288582","2026","1","24","13","59","臺中市","北區","0","0","0","7","2","6","50","13","9","1","5","4","6","6","4","4","9","4","5","2","12","3","10","3","1","B03","7","9","1","8","2","6","","84","84","1","12","4","120.681852","24.165045","3"
"9995","66000","387130000C","(04)23274275","(04)23288582","2026","1","24","14","1","臺中市","北區","0","1","0","7","3","6","50","4","2","1","5","4","6","6","4","4","5","4","5","2","17","3","10","5","4","C03","7","1","1","10","2","14","","84","84","1","13","4","120.69852","24.157592","2"
"9996","66000","387130000C","(04)23274275","(04)23288582","2026","1","24","14","1","臺中市","北屯區","0","2","0","7","2","6","50","5","1","1","5","4","6","6","2","1","10","5","5","2","16","2","9","1","1","C03","7","9","1","10","2","12","","59","59","1","6","4","120.686422","24.18816","2"
"9997","66000","387130000C","(04)23274275","(04)23288582","2026","1","24","14","3","臺中市","北區","0","1","0","7","2","6","50","13","9","1","5","4","6","6","4","4","1","4","5","2","17","2","9","5","1","C03","7","9","1","10","2","14","","8","8","1","13","4","120.670426","24.173474","2"
"9998","66000","387130000C","(04)23274275","(04)23288582","2026","1","24","14","5","臺中市","豐原區","0","0","0","7","","","50","","","","","","","","","","","","","","17","","","","","B03","","","1","","2","","","8","8","1","6","4","120.718838","24.250573","3"
"9999","66000","387130000C","(04)23274275","(04)23288582","2026","1","24","14","6","臺中市","豐原區","0","1","0","7","2","6","30","3","9","1","5","4","6","6","4","4","10","5","5","2","17","3","10","3","1","B03","7","9","1","8","2","1","","6","6","1","12","4","120.706571","24.245858","2"
"10000","66000","387130000C","(04)23274275","(04)23288582","2026","1","24","14","8","臺中市","豐原區","0","1","0","7","2","6","50","13","7","1","5","4","6","6","4","4","5","4","4","2","17","2","7","6","1","F01","7","8","7","21","2","14","","42","42","1","13","4","120.707309","24.254772","2"
"10001","66000","387130000C","(04)23274275","(04)23288582","2026","1","24","14","10","臺中市","北屯區","0","2","0","7","3","6","50","3","1","1","5","4","6","6","4","4","10","5","5","2","17","3","10","3","1","B03","7","9","1","8","1","1","","59","59","1","12","4","120.696688","24.176987","2"
"10002","66000","387130000C","(04)23274275","(04)23288582","2026","1","24","14","11","臺中市","南屯區","0","2","0","6","2","6","30","4","1","1","5","4","6","6","4","4","10","5","5","2","15","2","7","1","1","C03","7","9","1","10","2","11","","13","13","1","6","4","120.651048","24.137853","2"
"10003","66000","387130000C","(04)23274275","(04)23288582","2026","1","24","14","15","臺中市","北屯區","0","1","0","7","3","6","50","13","9","1","5","4","6","6","4","4","5","4","5","2","14","3","10","3","1","B03","7","2","1","8","2","3","","49","49","1","12","4","120.72907","24.176649","2"
"10004","66000","387130000C","(04)23274275","(04)23288582","2026","1","24","14","19","臺中市","沙鹿區","0","0","0","7","","","60","","","","","","","","","","","","","","","","","","","B03","","","1","","2","","","35","35","1","6","4","120.568207","24.238389","3"
"10005","66000","387130000C","(04)23274275","(04)23288582","2026","1","24","14","20","臺中市","北屯區","0","0","0","7","","","40","","","","","","","","","","","","","","13","","","","","B03","","","1","","1","","","84","84","1","12","4","120.706346","24.186537","3"
"10006","66000","387130000C","(04)23274275","(04)23288582","2026","1","24","14","20","臺中市","豐原區","0","0","0","7","","","50","","","","","","","","","","","","","","13","","","","","B03","","","1","","1","","","59","59","1","13","4","120.719601","24.260259","3"
"10007","66000","387130000C","(04)23274275","(04)23288582","2026","1","24","14","23","臺中市","西屯區","0","2","0","7","2","6","30","3","1","1","5","4","6","6","4","4","10","5","5","2","16","2","9","4","1","F01","7","6","7","21","2","11","","14","14","1","4","4","120.665876","24.176419","2"
"10008","66000","387130000C","(04)23274275","(04)23288582","2026","1","24","14","23","臺中市","后里區","0","0","0","7","2","6","50","13","9","1","5","4","6","6","4","4","5","5","5","2","17","3","10","3","1","B03","7","11","1","8","2","5","","39","39","1","12","4","120.722333","24.304529","3"
"10009","66000","387130000C","(04)23274275","(04)23288582","2026","1","24","14","23","臺中市","東勢區","0","0","0","7","","","50","","","","","","","","","","","","","","18","","","","","B02","","","1","","2","","","59","59","1","13","4","120.861481","24.237728","3"
"10010","66000","387130000C","(04)23274275","(04)23288582","2026","1","24","14","23","臺中市","神岡區","0","1","0","7","2","6","30","4","1","1","5","4","6","6","4","4","1","5","5","2","15","3","10","3","1","B03","7","9","1","8","2","4","4","12","12","1","12","4","120.643975","24.246579","2"
"10011","66000","387130000C","(04)23274275","(04)23288582","2026","1","24","14","25","臺中市","北屯區","0","0","0","7","","","50","","","","","","","","","","","","","","15","","","","","B03","","","1","","2","","","12","12","1","12","4","120.679428","24.181803","3"
"10012","66000","387130000C","(04)23274275","(04)23288582","2026","1","24","14","27","臺中市","南屯區","0","0","0","7","","","40","","","","","","","","","","","","","","12","","","","","B03","","","1","","2","","","20","20","1","12","4","120.648283","24.133338","3"
"10013","66000","387130000C","(04)23274275","(04)23288582","2026","1","24","14","30","臺中市","豐原區","0","2","0","7","3","6","30","13","9","1","5","4","6","6","4","4","10","5","5","1","13","2","9","1","4","C03","7","9","1","10","2","11","","7","7","1","12","4","120.732337","24.2732","2"
"10014","66000","387130000C","(04)23274275","(04)23288582","2026","1","24","14","34","臺中市","北屯區","0","0","0","7","","","50","","","","","","","","","","","","","","14","","","","","B03","","","1","","1","","","84","84","1","12","4","120.721121","24.176723","3"
"10015","66000","387130000C","(04)23274275","(04)23288582","2026","1","24","14","35","臺中市","潭子區","0","0","0","7","","","50","","","","","","","","","","","","","","","","","","","B12","","","1","","2","","","84","84","1","13","4","120.706031","24.200805","3"
"10016","66000","387130000C","(04)23274275","(04)23288582","2026","1","24","14","36","臺中市","北屯區","0","1","0","7","3","6","50","13","9","1","5","4","6","6","4","4","5","5","5","2","16","3","10","3","1","B02","7","11","1","8","2","2","","34","34","1","12","4","120.709872","24.179896","2"
"10017","66000","387130000C","(04)23274275","(04)23288582","2026","1","24","14","37","臺中市","北區","0","0","0","7","","","50","","","","","","","","","","","","","","17","","","","","C04","","","1","","1","","","8","8","1","13","4","120.683691","24.146481","3"
"10018","66000","387130000C","(04)23274275","(04)23288582","2026","1","24","14","40","臺中市","沙鹿區","0","1","0","7","2","6","50","13","9","1","5","4","6","6","4","4","8","4","5","2","16","3","10","2","1","C03","7","9","1","10","2","11","","6","6","1","12","4","120.566074","24.235601","2"
"10019","66000","387130000C","(04)23274275","(04)23288582","2026","1","24","14","45","臺中市","大雅區","0","2","0","7","2","6","50","4","1","1","5","4","6","6","4","4","10","5","5","2","16","2","5","2","1","C03","7","6","3","19","2","11","","48","48","1","12","4","120.653017","24.22629","2"
"10020","66000","387130000C","(04)23274275","(04)23288582","2026","1","24","14","48","臺中市","東勢區","0","0","0","7","","","50","","","","","","","","","","","","","","12","","","","","B03","","","1","","1","","","84","84","1","13","4","120.839707","24.201982","3"
"10021","66000","387130000C","(04)23274275","(04)23288582","2026","1","24","14","52","臺中市","西屯區","0","2","0","7","2","6","50","13","9","1","5","4","6","6","4","4","1","4","5","2","13","2","9","5","4","C03","7","9","1","10","2","11","","84","84","1","13","4","120.627372","24.181232","2"
"10022","66000","387130000C","(04)23274275","(04)23288582","2026","1","24","14","52","臺中市","神岡區","0","0","0","7","","","40","","","","","","","","","","","","","","12","","","","","F03","","","7","","2","","","51","51","1","13","4","120.656234","24.258528","3"
"10023","66000","387130000C","(04)23274275","(04)23288582","2026","1","24","14","54","臺中市","西屯區","0","1","0","7","1","6","50","3","1","1","5","4","6","6","4","4","10","5","5","2","16","2","9","2","1","C03","7","6","1","10","2","12","","14","14","1","13","4","120.646617","24.165148","2"
"10024","66000","387130000C","(04)23274275","(04)23288582","2026","1","24","14","56","臺中市","北區","0","0","0","7","3","6","50","18","24","1","5","4","6","6","4","4","5","4","5","2","17","","","","","B03","","","1","","1","","","84","84","1","13","4","120.679677","24.166915","3"
"10025","66000","387130000C","(04)23274275","(04)23288582","2026","1","24","14","56","臺中市","東區","0","2","0","7","3","6","50","4","1","1","5","4","6","6","1","1","10","5","5","2","16","3","10","3","1","B03","7","6","1","8","2","2","","11","11","1","13","4","120.689177","24.140967","2"
"10026","66000","387130000C","(04)23274275","(04)23288582","2026","1","24","14","57","臺中市","霧峰區","0","1","0","7","2","6","50","5","9","1","5","4","6","6","1","1","5","4","5","1","12","2","8","2","1","C03","7","8","1","10","2","14","","40","40","1","13","4","120.696669","24.054784","2"
"10027","66000","387130000C","(04)23274275","(04)23288582","2026","1","24","14","59","臺中市","烏日區","0","1","0","7","2","6","50","13","9","1","5","4","6","6","4","4","5","5","5","2","17","3","10","5","4","B03","7","1","1","8","2","1","","51","51","1","9","4","120.62421","24.103689","2"
"10028","66000","387130000C","(04)23274275","(04)23288582","2026","1","24","15","1","臺中市","清水區","0","0","0","7","","","60","","","","","","","","","","","","","","","","","","","A11","","","1","","2","","","7","7","1","12","4","120.55888","24.295525","3"
"10029","66000","387130000C","(04)23274275","(04)23288582","2026","1","24","15","3","臺中市","大雅區","0","1","0","6","3","6","0","13","21","1","5","4","6","6","4","4","10","5","5","2","17","2","8","1","1","C03","7","15","1","10","2","14","","84","84","1","12","4","120.637008","24.23465","2"
"10030","66000","387130000C","(04)23274275","(04)23288582","2026","1","24","15","4","臺中市","西屯區","0","0","0","7","","","30","","","","","","","","","","","","","","15","","","","","B03","","","1","","1","","","24","24","1","12","4","120.642576","24.175115","3"
"10031","66000","387130000C","(04)23274275","(04)23288582","2026","1","24","15","5","臺中市","北屯區","0","0","0","7","","","50","","","","","","","","","","","","","","14","","","","","B03","","","1","","1","","","49","49","1","6","4","120.718666","24.172233","3"
"10032","66000","387130000C","(04)23274275","(04)23288582","2026","1","24","15","7","臺中市","大里區","0","1","0","7","3","6","50","4","1","1","5","4","6","6","4","4","9","5","5","2","13","2","9","1","1","C03","7","9","1","10","2","11","","84","84","1","13","4","120.699083","24.089405","2"
"10033","66000","387130000C","(04)23274275","(04)23288582","2026","1","24","15","7","臺中市","大里區","0","1","0","7","3","6","50","4","1","1","5","4","6","6","1","1","10","5","5","2","16","3","10","5","4","B03","7","5","1","8","2","2","","47","47","1","13","4","120.699083","24.089405","2"
"10034","66000","387130000C","(04)23274275","(04)23288582","2026","1","24","15","9","臺中市","西區","0","1","0","7","2","6","50","4","2","1","5","4","6","6","1","1","5","4","5","2","17","2","9","2","1","C03","7","9","1","10","2","11","","84","84","1","12","4","120.661706","24.150987","2"
"10035","66000","387130000C","(04)23274275","(04)23288582","2026","1","24","15","11","臺中市","太平區","0","1","0","7","2","6","30","4","1","1","5","4","6","6","4","4","10","5","5","2","15","2","9","2","1","C03","7","9","1","10","2","12","","15","15","1","12","4","120.725313","24.141391","2"
"10036","66000","387130000C","(04)23274275","(04)23288582","2026","1","24","15","17","臺中市","北屯區","0","0","0","7","","","50","","","","","","","","","","","","","","","","","","","B03","","","1","","1","","","40","40","1","12","4","120.719478","24.18209","3"
"10037","66000","387130000C","(04)23274275","(04)23288582","2026","1","24","15","19","臺中市","烏日區","0","0","0","7","","","30","","","","","","","","","","","","","","11","","","","","B12","","","1","","2","","","8","8","1","6","4","120.659062","24.050525","3"
"10038","66000","387130000C","(04)23274275","(04)23288582","2026","1","24","15","25","臺中市","西區","0","0","0","7","3","6","50","13","9","1","5","4","6","6","4","4","8","3","5","2","12","","","","","F01","","","7","","1","","","84","84","1","13","4","120.659932","24.140808","3"
"10039","66000","387130000C","(04)23274275","(04)23288582","2026","1","24","15","25","臺中市","南屯區","0","0","0","7","","","30","","","","","","","","","","","","","","14","","","","","B03","","","1","","1","","","49","49","1","13","4","120.641008","24.140417","4"
"10040","66000","387130000C","(04)23274275","(04)23288582","2026","1","24","15","26","臺中市","東區","0","0","0","7","","","50","","","","","","","","","","","","","","14","","","","","B12","","","1","","1","","","49","49","1","13","4","120.690076","24.143048","3"
"10041","66000","387130000C","(04)23274275","(04)23288582","2026","1","24","15","27","臺中市","西屯區","0","0","0","7","","","50","","","","","","","","","","","","","","14","","","","","B03","","","1","","2","","","49","49","1","12","4","120.642602","24.155256","3"
"10042","66000","387130000C","(04)23274275","(04)23288582","2026","1","24","15","31","臺中市","西屯區","0","1","0","7","2","6","0","3","1","1","5","4","6","6","1","1","1","4","5","2","17","3","10","3","1","B03","7","1","1","8","2","1","","51","51","1","12","4","120.64736","24.159436","2"
"10043","66000","387130000C","(04)23274275","(04)23288582","2026","1","24","15","32","臺中市","南區","0","1","0","7","3","6","50","3","1","1","5","4","6","6","4","4","10","5","5","2","9","3","10","5","4","A04","7","2","1","2","2","3","","49","49","1","12","4","120.663578","24.117144","2"
"10044","66000","387130000C","(04)23274275","(04)23288582","2026","1","24","15","32","臺中市","南屯區","0","0","0","7","","","50","","","","","","","","","","","","","","12","","","","","B03","","","1","","2","","","58","58","1","12","4","120.647481","24.130773","3"
"10045","66000","387130000C","(04)23274275","(04)23288582","2026","1","24","15","32","臺中市","太平區","0","1","0","7","2","6","50","13","8","1","5","4","6","6","4","4","5","5","4","2","14","3","10","3","1","B03","7","2","1","8","2","3","","49","49","1","12","4","120.706196","24.159295","2"
"10046","66000","387130000C","(04)23274275","(04)23288582","2026","1","24","15","35","臺中市","潭子區","0","1","0","7","3","6","60","13","7","1","5","4","6","6","3","1","1","4","4","1","13","3","10","3","1","B03","7","9","1","8","2","5","","7","7","1","13","4","120.706883","24.22322","2"
"10047","66000","387130000C","(04)23274275","(04)23288582","2026","1","24","15","38","臺中市","東區","0","0","0","7","","","30","","","","","","","","","","","","","","12","","","","","A05","","","1","","1","","","51","51","1","13","4","120.696574","24.133745","3"
"10048","66000","387130000C","(04)23274275","(04)23288582","2026","1","24","15","40","臺中市","北屯區","0","0","0","7","","3","80","","","","","","","","","","","","","","","","","","","B03","","","1","","2","","","7","7","1","6","4","120.722356","24.189384","3"
"10049","66000","387130000C","(04)23274275","(04)23288582","2026","1","24","15","40","臺中市","太平區","0","0","0","7","","","50","","","","","","","","","","","","","","","","","","","C03","","","3","","2","","","48","48","1","12","4","120.71627","24.118753","3"