序號,縣市別代碼,機關代碼,市話,傳真,年,月,日,時,分,縣市,區,死亡數量,受傷數量,2-30,天候,道路照明設備,道路類別,道路速限,道路型態,事故位置,路面鋪裝,路面狀態,路面缺陷,障礙物,視距,號誌種類,號誌動作,分向設施,快車道或一般車道間,快慢車道間,路面邊線,事故類型及型態,受傷程度,主要傷處,保護裝備,行動電話或功能裝置,當事者區分(類別),車輛用途,當事者行動狀態,駕照狀態,駕照種類,飲酒情形,車輛撞擊部位最初,車輛撞擊部位其他,肇事因素個別,肇事因素主要,肇事逃逸,職業,共享經濟或外送平台,GPS座標X,GPS座標Y,事故類別
"10050","66000","387130000C","(04)23274275","(04)23288582","2026","1","24","15","40","臺中市","烏日區","0","0","0","7","","","50","","","","","","","","","","","","","","12","","","","","B01","","","1","","1","","","59","59","1","13","4","120.61916","24.109912","3"
"10051","66000","387130000C","(04)23274275","(04)23288582","2026","1","24","15","42","臺中市","豐原區","0","0","0","7","","","50","","","","","","","","","","","","","","12","","","","","B03","","","1","","2","","","7","7","1","12","4","120.721341","24.252463","3"
"10052","66000","387130000C","(04)23274275","(04)23288582","2026","1","24","15","45","臺中市","西區","0","0","0","7","","","50","","","","","","","","","","","","","","12","","","","","B02","","","1","","2","","","50","50","1","12","4","120.661387","24.153502","3"
"10053","66000","387130000C","(04)23274275","(04)23288582","2026","1","24","15","46","臺中市","北屯區","0","2","0","7","2","6","50","13","9","1","5","4","6","6","4","4","1","4","5","2","13","2","9","1","1","C03","7","9","1","10","2","11","","7","7","1","6","4","120.692885","24.183125","2"
"10054","66000","387130000C","(04)23274275","(04)23288582","2026","1","24","15","47","臺中市","西屯區","0","1","0","7","2","6","0","13","9","1","5","4","6","6","4","4","9","4","5","2","17","3","10","3","4","B03","7","1","1","7","2","1","","51","51","1","13","4","120.636821","24.179613","2"
"10055","66000","387130000C","(04)23274275","(04)23288582","2026","1","24","15","49","臺中市","西屯區","0","1","0","7","2","6","50","3","1","1","5","4","6","6","1","1","10","5","5","2","13","3","10","5","1","C03","7","9","3","19","2","11","","7","7","1","12","4","120.640981","24.178727","2"
"10056","66000","387130000C","(04)23274275","(04)23288582","2026","1","24","15","50","臺中市","北屯區","0","0","0","7","","","50","","","","","","","","","","","","","","14","","","","","B03","","","1","","1","","","49","49","1","6","4","120.715655","24.165051","4"
"10057","66000","387130000C","(04)23274275","(04)23288582","2026","1","24","15","54","臺中市","太平區","0","0","0","7","","","50","","","","","","","","","","","","","","14","","","","","B12","","","1","","2","","","49","49","1","12","4","120.717775","24.12337","3"
"10058","66000","387130000C","(04)23274275","(04)23288582","2026","1","24","15","55","臺中市","西屯區","0","0","0","7","","3","80","","","","","","","","","","","","","","12","","","","","B03","","","1","","2","","","40","40","1","12","4","120.658933","24.200847","3"
"10059","66000","387130000C","(04)23274275","(04)23288582","2026","1","24","16","4","臺中市","大里區","0","0","0","6","","","40","","","","","","","","","","","","","","17","","","","","B03","","","1","","2","","","43","43","1","13","4","120.711195","24.091422","3"
"10060","66000","387130000C","(04)23274275","(04)23288582","2026","1","24","16","4","臺中市","豐原區","0","1","0","7","2","6","30","3","1","1","5","4","6","6","3","1","5","5","4","2","17","2","9","2","1","C03","7","6","1","10","2","14","","24","24","2","12","4","120.741893","24.255634","2"
"10061","66000","387130000C","(04)23274275","(04)23288582","2026","1","24","16","5","臺中市","大里區","0","1","0","7","2","6","50","13","7","1","5","4","6","6","4","4","9","5","4","2","28","","","","","","","","","","","","","118","118","1","","","120.674847","24.116571","2"
"10062","66000","387130000C","(04)23274275","(04)23288582","2026","1","24","16","5","臺中市","太平區","0","0","0","7","","","30","","","","","","","","","","","","","","","","","","","B03","","","1","","2","","","84","84","1","12","4","120.716456","24.156089","3"
"10063","66000","387130000C","(04)23274275","(04)23288582","2026","1","24","16","7","臺中市","東區","0","0","0","7","","","50","","","","","","","","","","","","","","","","","","","B03","","","1","","1","","","49","49","1","12","4","120.705798","24.148334","3"
"10064","66000","387130000C","(04)23274275","(04)23288582","2026","1","24","16","8","臺中市","南屯區","0","0","0","7","","","50","","","","","","","","","","","","","","","","","","","C03","","","1","","2","","","88","88","1","6","4","120.610769","24.152565","3"
"10065","66000","387130000C","(04)23274275","(04)23288582","2026","1","24","16","9","臺中市","北屯區","0","1","0","7","2","6","50","4","1","1","5","4","6","6","2","1","10","5","5","2","16","3","10","3","1","B03","7","5","1","8","2","5","","47","47","1","6","4","120.6905","24.191606","2"
"10066","66000","387130000C","(04)23274275","(04)23288582","2026","1","24","16","11","臺中市","大里區","0","3","0","7","2","6","50","3","1","1","5","4","6","6","4","4","10","5","5","2","17","2","9","1","1","C03","7","9","1","10","2","12","","84","84","1","12","4","120.688916","24.10719","2"
"10067","66000","387130000C","(04)23274275","(04)23288582","2026","1","24","16","14","臺中市","豐原區","0","0","0","7","","","40","","","","","","","","","","","","","","17","","","","","C03","","","1","","2","","","49","49","1","12","4","120.722089","24.25347","3"
"10068","66000","387130000C","(04)23274275","(04)23288582","2026","1","24","16","18","臺中市","大里區","0","0","0","7","","","50","","","","","","","","","","","","","","14","","","","","B03","","","1","","2","","","49","49","1","13","4","120.690292","24.11341","3"
"10069","66000","387130000C","(04)23274275","(04)23288582","2026","1","24","16","30","臺中市","太平區","0","1","0","7","3","6","50","4","2","1","5","4","5","6","4","4","5","2","5","2","17","2","9","1","1","C03","7","9","1","10","2","12","","84","84","1","12","4","120.713889","24.123994","2"
"10070","66000","387130000C","(04)23274275","(04)23288582","2026","1","24","16","38","臺中市","西區","0","1","0","7","2","6","50","3","2","1","5","4","6","6","1","1","5","4","4","2","13","2","8","1","1","C03","7","9","1","10","2","11","","7","7","1","13","4","120.657557","24.144722","2"
"10071","66000","387130000C","(04)23274275","(04)23288582","2026","1","24","16","39","臺中市","南屯區","0","0","0","7","","","30","","","","","","","","","","","","","","17","","","","","B03","","","1","","10","","","87","87","1","12","4","120.64164","24.148786","3"
"10072","66000","387130000C","(04)23274275","(04)23288582","2026","1","24","16","40","臺中市","豐原區","0","1","0","7","1","6","50","4","1","1","5","4","6","6","1","1","1","4","4","2","3","3","10","3","1","B03","7","9","1","8","2","1","","10","10","1","6","4","120.744535","24.264695","2"
"10073","66000","387130000C","(04)23274275","(04)23288582","2026","1","24","16","41","臺中市","大雅區","0","0","0","7","","","30","","","","","","","","","","","","","","17","","","","","B03","","","1","","1","","","76","76","1","12","4","120.653305","24.227414","3"
"10074","66000","387130000C","(04)23274275","(04)23288582","2026","1","24","16","45","臺中市","北區","0","0","0","7","","","50","","","","","","","","","","","","","","17","","","","","B03","","","1","","2","","","8","8","1","13","4","120.683072","24.147722","3"
"10075","66000","387130000C","(04)23274275","(04)23288582","2026","1","24","16","48","臺中市","清水區","0","0","0","7","2","6","50","4","2","1","5","4","6","","1","1","8","3","4","2","13","","","","","B03","","","1","","1","","","7","7","1","12","4","120.573519","24.263878","3"
"10076","66000","387130000C","(04)23274275","(04)23288582","2026","1","24","16","52","臺中市","太平區","0","1","0","7","2","6","30","3","1","1","5","4","6","6","4","4","10","5","5","1","14","3","10","3","1","B03","7","2","1","8","2","7","","49","49","1","12","4","120.760288","24.125433","2"
"10077","66000","387130000C","(04)23274275","(04)23288582","2026","1","24","16","55","臺中市","南區","0","0","0","7","","","50","","","","","","","","","","","","","","17","","","","","","","","","","","","","86","86","1","","","120.659287","24.117946","3"
"10078","66000","387130000C","(04)23274275","(04)23288582","2026","1","24","16","55","臺中市","南屯區","0","0","0","7","3","6","50","13","9","1","5","4","6","6","1","1","3","4","5","2","13","","","","","B11","","","1","","1","","","7","7","1","12","4","120.650316","24.127635","3"
"10079","66000","387130000C","(04)23274275","(04)23288582","2026","1","24","16","55","臺中市","龍井區","0","2","0","7","2","6","50","4","1","1","5","4","6","6","4","4","5","5","4","2","11","2","8","1","1","C03","7","9","2","19","2","11","","6","6","1","4","4","120.561744","24.199459","2"
"10080","66000","387130000C","(04)23274275","(04)23288582","2026","1","24","17","1","臺中市","南屯區","0","0","0","7","","","","","","","","","","","","","","","","","12","","","","","","","","","","","","","119","119","1","","","120.64219","24.14779","3"
"10081","66000","387130000C","(04)23274275","(04)23288582","2026","1","24","17","4","臺中市","西區","0","1","0","7","2","6","50","13","9","1","5","4","6","6","4","4","5","4","5","2","18","2","9","2","1","C03","7","9","1","10","2","12","","84","84","1","12","4","120.662104","24.154867","2"
"10082","66000","387130000C","(04)23274275","(04)23288582","2026","1","24","17","4","臺中市","南屯區","0","0","0","7","","","50","","","","","","","","","","","","","","","","","","","C03","","","1","","2","","","7","7","1","6","4","120.652272","24.139982","3"
"10083","66000","387130000C","(04)23274275","(04)23288582","2026","1","24","17","4","臺中市","西屯區","0","0","0","7","","","50","","","","","","","","","","","","","","14","","","","","B03","","","1","","2","","","49","49","1","13","4","120.610949","24.159714","3"
"10084","66000","387130000C","(04)23274275","(04)23288582","2026","1","24","17","4","臺中市","霧峰區","0","1","0","7","3","6","50","3","1","1","5","4","6","6","1","1","10","5","5","2","16","2","9","1","1","C03","7","9","1","10","2","11","","26","26","1","13","4","120.664648","24.059994","2"
"10085","66000","387130000C","(04)23274275","(04)23288582","2026","1","24","17","5","臺中市","東區","0","0","0","7","","","50","","","","","","","","","","","","","","","","","","","C03","","","1","","1","","","84","84","1","12","4","120.686584","24.136073","3"
"10086","66000","387130000C","(04)23274275","(04)23288582","2026","1","24","17","5","臺中市","北屯區","0","0","0","7","","","50","","","","","","","","","","","","","","13","","","","","B12","","","3","","1","","","7","7","1","6","4","120.721537","24.182489","3"
"10087","66000","387130000C","(04)23274275","(04)23288582","2026","1","24","17","5","臺中市","大肚區","0","0","0","7","","","70","","","","","","","","","","","","","","12","","","","","B03","","","1","","2","","","40","40","1","12","4","120.548982","24.147445","3"
"10088","66000","387130000C","(04)23274275","(04)23288582","2026","1","24","17","8","臺中市","北屯區","0","1","0","7","3","6","50","4","1","1","5","4","6","6","4","4","10","5","5","2","17","3","10","3","1","B03","7","9","1","8","2","8","","6","6","1","12","4","120.695393","24.172837","2"
"10089","66000","387130000C","(04)23274275","(04)23288582","2026","1","24","17","9","臺中市","大里區","0","0","0","7","2","6","50","5","2","1","5","4","6","6","4","4","5","5","5","2","17","","","","","B03","","","1","","2","","","84","84","1","13","4","120.675828","24.097664","3"
"10090","66000","387130000C","(04)23274275","(04)23288582","2026","1","24","17","11","臺中市","豐原區","0","0","0","7","","","60","","","","","","","","","","","","","","","","","","","B03","","","1","","2","","","21","21","1","12","4","120.734846","24.246637","3"
"10091","66000","387130000C","(04)23274275","(04)23288582","2026","1","24","17","13","臺中市","西區","0","0","0","7","","","50","","","","","","","","","","","","","","14","","","","","B03","","","1","","1","","","49","49","1","12","4","120.663284","24.13307","3"
"10092","66000","387130000C","(04)23274275","(04)23288582","2026","1","24","17","16","臺中市","太平區","0","0","0","7","","","50","","","","","","","","","","","","","","14","","","","","B01","","","1","","2","","","49","49","1","6","4","120.708966","24.127954","3"
"10093","66000","387130000C","(04)23274275","(04)23288582","2026","1","24","17","16","臺中市","豐原區","0","0","0","7","","","0","","","","","","","","","","","","","","17","","","","","H01","","","7","","10","","","109","109","1","12","5","120.719547","24.252696","3"
"10094","66000","387130000C","(04)23274275","(04)23288582","2026","1","24","17","18","臺中市","南屯區","0","1","0","7","2","6","50","13","9","1","5","4","6","6","4","4","9","4","5","2","12","3","10","3","1","B03","7","9","1","8","2","2","","8","8","1","12","4","120.632949","24.145952","2"
"10095","66000","387130000C","(04)23274275","(04)23288582","2026","1","24","17","23","臺中市","北區","0","1","0","7","3","6","50","3","1","1","5","4","6","6","2","1","10","5","5","2","17","3","10","5","4","B03","7","6","1","8","2","8","","48","48","1","13","4","120.68052","24.165161","2"
"10096","66000","387130000C","(04)23274275","(04)23288582","2026","1","24","17","23","臺中市","東勢區","0","0","0","7","","","50","","","","","","","","","","","","","","15","","","","","C03","","","1","","2","","","12","12","1","13","4","120.829558","24.251674","3"
"10097","66000","387130000C","(04)23274275","(04)23288582","2026","1","24","17","25","臺中市","西屯區","0","2","0","7","1","6","30","3","1","1","5","4","6","6","4","4","10","5","5","2","15","2","8","6","1","F01","7","9","7","21","9","11","14","12","12","1","12","4","120.638809","24.172058","2"
"10098","66000","387130000C","(04)23274275","(04)23288582","2026","1","24","17","25","臺中市","霧峰區","0","0","0","6","","","50","","","","","","","","","","","","","","17","","","","","B03","","","1","","2","","","11","11","1","13","4","120.6981","24.05938","3"
"10099","66000","387130000C","(04)23274275","(04)23288582","2026","1","24","17","28","臺中市","清水區","0","0","0","7","","","50","","","","","","","","","","","","","","","","","","","B03","","","1","","11","","","49","49","1","12","4","120.575908","24.271766","3"
"10100","66000","387130000C","(04)23274275","(04)23288582","2026","1","24","17","30","臺中市","南屯區","0","0","0","7","3","6","50","3","1","1","5","4","6","6","4","4","5","5","4","2","17","","","","","B03","","","1","","1","","","84","84","1","12","4","120.652104","24.153512","3"
"10101","66000","387130000C","(04)23274275","(04)23288582","2026","1","24","17","30","臺中市","沙鹿區","0","0","0","7","","","50","","","","","","","","","","","","","","","","","","","B03","","","1","","2","","","59","59","1","6","4","120.560306","24.239721","4"
"10102","66000","387130000C","(04)23274275","(04)23288582","2026","1","24","17","32","臺中市","南區","0","0","0","7","","","40","","","","","","","","","","","","","","13","","","","","B03","","","1","","1","","","50","50","1","13","4","120.662784","24.113233","3"
"10103","66000","387130000C","(04)23274275","(04)23288582","2026","1","24","17","34","臺中市","太平區","0","0","0","7","","","40","","","","","","","","","","","","","","14","","","","","C03","","","1","","2","","","49","49","1","12","4","120.718621","24.1539","3"
"10104","66000","387130000C","(04)23274275","(04)23288582","2026","1","24","17","35","臺中市","沙鹿區","0","2","0","7","2","6","50","4","2","1","5","4","6","6","2","1","9","4","5","2","16","2","8","1","1","C03","7","6","1","10","2","12","","39","39","1","12","4","120.562506","24.236763","2"
"10105","66000","387130000C","(04)23274275","(04)23288582","2026","1","24","17","35","臺中市","后里區","0","0","0","7","3","6","30","4","9","1","5","4","6","","4","4","10","5","5","2","11","3","10","3","1","B12","7","6","1","8","2","4","","84","84","1","6","4","120.721043","24.304485","3"
"10106","66000","387130000C","(04)23274275","(04)23288582","2026","1","24","17","40","臺中市","西屯區","0","0","0","7","","","50","","","","","","","","","","","","","","13","","","","","B03","","","1","","1","","","7","7","1","12","4","120.63675","24.171379","3"
"10107","66000","387130000C","(04)23274275","(04)23288582","2026","1","24","17","43","臺中市","太平區","0","0","0","7","","","50","","","","","","","","","","","","","","17","","","","","C03","","","1","","2","","","85","85","1","6","4","120.716068","24.148126","3"
"10108","66000","387130000C","(04)23274275","(04)23288582","2026","1","24","17","44","臺中市","西區","0","0","0","7","","","30","","","","","","","","","","","","","","14","","","","","B03","","","1","","2","","","49","49","1","12","4","120.658779","24.137283","3"
"10109","66000","387130000C","(04)23274275","(04)23288582","2026","1","24","17","44","臺中市","神岡區","0","1","0","7","2","6","50","13","9","1","5","4","6","6","4","4","1","4","5","2","13","2","9","5","4","C03","7","9","1","10","2","11","","59","59","1","13","4","120.697991","24.248818","2"
"10110","66000","387130000C","(04)23274275","(04)23288582","2026","1","24","17","46","臺中市","北區","0","1","0","7","1","6","50","3","1","1","5","4","6","6","2","1","10","5","5","2","13","3","10","1","1","C03","7","9","1","10","1","11","","7","7","1","12","4","120.684085","24.149878","2"
"10111","66000","387130000C","(04)23274275","(04)23288582","2026","1","24","17","46","臺中市","龍井區","0","0","0","6","","","40","","","","","","","","","","","","","","16","","","","","B03","","","1","","2","","","87","87","1","6","4","120.587608","24.191155","3"
"10112","66000","387130000C","(04)23274275","(04)23288582","2026","1","24","17","50","臺中市","南屯區","0","0","0","7","","","50","","","","","","","","","","","","","","13","","","","","B03","","","1","","1","","","84","84","1","12","4","120.634699","24.151192","3"
"10113","66000","387130000C","(04)23274275","(04)23288582","2026","1","24","17","51","臺中市","西區","0","0","0","7","","","30","","","","","","","","","","","","","","14","","","","","B03","","","1","","1","","","84","84","1","13","4","120.660973","24.154067","3"
"10114","66000","387130000C","(04)23274275","(04)23288582","2026","1","24","17","57","臺中市","大雅區","0","0","0","7","","","60","","","","","","","","","","","","","","","","","","","B03","","","1","","1","","","7","7","1","12","4","120.612534","24.210588","3"
"10115","66000","387130000C","(04)23274275","(04)23288582","2026","1","24","17","57","臺中市","西區","0","0","0","7","","","50","","","","","","","","","","","","","","17","","","","","B01","","","1","","1","","","39","39","1","12","4","120.658397","24.14294","3"
"10116","66000","387130000C","(04)23274275","(04)23288582","2026","1","24","17","57","臺中市","西屯區","0","1","0","7","1","6","40","13","8","1","5","4","6","6","1","1","1","4","1","2","13","3","10","3","1","B03","7","9","1","8","2","5","","7","7","1","9","4","120.643145","24.16595","2"
"10117","66000","387130000C","(04)23274275","(04)23288582","2026","1","24","17","59","臺中市","北區","0","0","0","7","","","50","","","","","","","","","","","","","","17","","","","","C03","","","1","","1","","","7","7","1","13","4","120.686121","24.146647","3"
"10118","66000","387130000C","(04)23274275","(04)23288582","2026","1","24","18","0","臺中市","潭子區","0","1","0","6","1","6","50","4","1","1","5","4","6","6","3","1","5","4","4","2","17","2","8","2","1","C04","7","9","1","8","2","11","14","6","6","1","13","4","120.693833","24.219299","2"
"10119","66000","387130000C","(04)23274275","(04)23288582","2026","1","24","18","0","臺中市","北區","0","1","0","7","1","6","50","4","1","1","5","4","6","6","4","4","10","5","5","2","9","3","10","5","4","B03","7","9","1","8","2","1","","84","84","1","13","4","120.685091","24.149629","2"
"10120","66000","387130000C","(04)23274275","(04)23288582","2026","1","24","18","9","臺中市","北區","0","1","0","7","3","6","50","4","1","1","5","4","6","6","2","1","10","5","5","2","17","3","10","5","4","B03","7","6","1","8","2","5","","11","11","1","13","4","120.675409","24.155719","2"
"10121","66000","387130000C","(04)23274275","(04)23288582","2026","1","24","18","9","臺中市","神岡區","0","0","0","7","1","6","50","13","9","1","5","4","6","6","4","4","5","5","5","1","17","3","10","3","1","B03","7","1","1","8","2","1","1","51","51","1","12","4","120.708244","24.252382","3"
"10122","66000","387130000C","(04)23274275","(04)23288582","2026","1","24","18","16","臺中市","霧峰區","0","0","0","7","","","40","","","","","","","","","","","","","","13","","","","","B03","","","1","","2","","","7","7","1","6","4","120.663501","24.073155","3"
"10123","66000","387130000C","(04)23274275","(04)23288582","2026","1","24","18","17","臺中市","北屯區","0","0","0","7","","","50","","","","","","","","","","","","","","13","","","","","B03","","","1","","2","","","84","84","1","6","4","120.681111","24.176377","3"
"10124","66000","387130000C","(04)23274275","(04)23288582","2026","1","24","18","20","臺中市","大里區","0","0","0","6","","","30","","","","","","","","","","","","","","17","","","","","C03","","","1","","1","","","48","48","1","13","4","120.703429","24.089083","3"
"10125","66000","387130000C","(04)23274275","(04)23288582","2026","1","24","18","20","臺中市","沙鹿區","0","1","0","7","1","6","50","13","9","1","5","4","6","6","4","4","10","5","5","2","18","2","8","1","1","C03","7","9","1","10","2","12","","84","84","1","12","4","120.551344","24.219919","2"
"10126","66000","387130000C","(04)23274275","(04)23288582","2026","1","24","18","24","臺中市","霧峰區","0","1","0","7","3","6","40","13","9","1","5","4","6","6","4","4","9","5","5","1","16","2","8","1","1","C03","7","1","3","19","2","11","","26","26","1","13","4","120.697575","24.064639","2"
"10127","66000","387130000C","(04)23274275","(04)23288582","2026","1","24","18","25","臺中市","烏日區","0","1","0","7","1","6","50","4","2","1","5","4","6","6","1","1","5","4","5","2","13","3","10","5","4","C03","7","9","1","10","2","11","","7","7","1","13","4","120.624924","24.106494","2"
"10128","66000","387130000C","(04)23274275","(04)23288582","2026","1","24","18","25","臺中市","豐原區","0","1","0","7","1","6","50","5","1","1","5","4","6","6","1","1","5","5","5","1","17","3","10","5","4","B03","7","5","1","8","2","5","","84","84","1","12","4","120.720416","24.240597","2"
"10129","66000","387130000C","(04)23274275","(04)23288582","2026","1","24","18","28","臺中市","南區","0","0","0","7","","","50","","","","","","","","","","","","","","","","","","","B03","","","1","","2","","","84","84","1","12","4","120.666396","24.113051","3"
"10130","66000","387130000C","(04)23274275","(04)23288582","2026","1","24","18","30","臺中市","西區","0","0","0","7","","","30","","","","","","","","","","","","","","10","","","","","B03","","","1","","1","","","84","84","1","12","4","120.662653","24.144416","3"
"10131","66000","387130000C","(04)23274275","(04)23288582","2026","1","24","18","30","臺中市","龍井區","0","0","0","7","","","70","","","","","","","","","","","","","","","","","","","B03","","","1","","2","","","45","45","1","12","4","120.544406","24.186307","3"
"10132","66000","387130000C","(04)23274275","(04)23288582","2026","1","24","18","30","臺中市","豐原區","0","0","0","7","","","50","","","","","","","","","","","","","","17","","","","","B03","","","1","","2","","","49","49","1","6","4","120.729417","24.250782","3"
"10133","66000","387130000C","(04)23274275","(04)23288582","2026","1","24","18","32","臺中市","太平區","0","1","0","7","1","6","50","11","14","1","5","4","6","6","4","4","9","5","5","1","24","2","3","3","4","B03","7","9","1","8","2","1","","54","54","1","12","4","120.708317","24.11678","2"
"10134","66000","387130000C","(04)23274275","(04)23288582","2026","1","24","18","35","臺中市","太平區","0","1","0","7","1","6","50","4","20","1","5","4","6","6","3","1","10","5","5","2","9","3","10","3","1","B03","7","6","3","19","2","8","","84","84","1","12","4","120.715651","24.14319","2"
"10135","66000","387130000C","(04)23274275","(04)23288582","2026","1","24","18","35","臺中市","太平區","0","1","0","7","1","6","30","3","2","1","5","4","6","6","4","4","10","5","5","2","18","2","8","2","1","C03","7","9","1","10","2","12","","84","84","1","12","4","120.741476","24.158925","2"
"10136","66000","387130000C","(04)23274275","(04)23288582","2026","1","24","18","35","臺中市","梧棲區","0","0","0","7","","","70","","","","","","","","","","","","","","17","","","","","B03","","","1","","9","","","84","84","1","6","4","120.536003","24.250052","3"
"10137","66000","387130000C","(04)23274275","(04)23288582","2026","1","24","18","36","臺中市","南屯區","0","0","0","7","","","50","","","","","","","","","","","","","","","","","","","B03","","","1","","1","","","59","59","1","12","4","120.627324","24.151265","3"
"10138","66000","387130000C","(04)23274275","(04)23288582","2026","1","24","18","40","臺中市","西區","0","0","0","7","1","6","50","13","9","1","5","4","6","6","4","4","8","3","5","2","13","","","","","B01","","","1","","1","","","84","84","1","6","4","120.66209","24.136708","3"
"10139","66000","387130000C","(04)23274275","(04)23288582","2026","1","24","18","40","臺中市","沙鹿區","0","0","0","7","","","50","","","","","","","","","","","","","","","","","","","A04","","","1","","1","","","58","58","1","6","4","120.560963","24.237811","3"
"10140","66000","387130000C","(04)23274275","(04)23288582","2026","1","24","18","41","臺中市","南區","0","1","0","7","1","6","50","4","1","1","5","4","6","6","1","1","10","5","5","2","17","3","10","3","1","B03","7","5","1","8","2","5","","65","65","1","12","4","120.657559","24.118172","2"
"10141","66000","387130000C","(04)23274275","(04)23288582","2026","1","24","18","45","臺中市","北屯區","0","2","0","7","1","6","50","13","7","1","5","4","6","6","4","4","1","4","4","2","12","3","10","1","1","C03","7","9","1","10","9","14","","84","84","1","12","4","120.71355","24.177436","2"
"10142","66000","387130000C","(04)23274275","(04)23288582","2026","1","24","18","45","臺中市","西屯區","0","1","0","7","1","6","40","4","2","1","5","4","6","6","1","1","5","4","4","2","13","3","10","3","4","B03","7","9","1","8","2","1","","7","7","1","13","4","120.660195","24.164302","2"
"10143","66000","387130000C","(04)23274275","(04)23288582","2026","1","24","18","46","臺中市","北屯區","0","0","0","7","","3","80","","","","","","","","","","","","","","13","","","","","B03","","","1","","2","","","84","84","1","6","4","120.694144","24.201018","3"
"10144","66000","387130000C","(04)23274275","(04)23288582","2026","1","24","18","55","臺中市","北屯區","0","0","0","7","","","50","","","","","","","","","","","","","","","","","","","C03","","","1","","1","","","84","84","1","6","4","120.696253","24.177466","3"
"10145","66000","387130000C","(04)23274275","(04)23288582","2026","1","24","18","57","臺中市","南區","0","1","0","7","1","6","50","4","1","1","5","4","6","6","4","4","5","4","4","2","16","3","10","5","4","B03","7","6","1","8","2","8","","12","12","1","13","4","120.667373","24.114251","2"
"10146","66000","387130000C","(04)23274275","(04)23288582","2026","1","24","18","58","臺中市","豐原區","0","0","0","7","","","50","","","","","","","","","","","","","","11","","","","","C03","","","1","","2","","","14","14","1","12","4","120.727058","24.25003","3"
"10147","66000","387130000C","(04)23274275","(04)23288582","2026","1","24","19","0","臺中市","西屯區","0","0","0","7","","","50","","","","","","","","","","","","","","17","","","","","B03","","","1","","1","","","51","51","1","12","4","120.651823","24.158893","3"
"10148","66000","387130000C","(04)23274275","(04)23288582","2026","1","24","19","0","臺中市","龍井區","0","0","0","6","","","40","","","","","","","","","","","","","","14","","","","","B03","","","1","","2","","","85","85","1","6","4","120.578063","24.176664","4"
"10149","66000","387130000C","(04)23274275","(04)23288582","2026","1","24","19","4","臺中市","沙鹿區","0","0","0","7","","","50","","","","","","","","","","","","","","15","","","","","C03","","","1","","2","","","12","12","1","12","4","120.548306","24.218579","4"
"10150","66000","387130000C","(04)23274275","(04)23288582","2026","1","24","19","7","臺中市","西屯區","0","0","0","7","","","50","","","","","","","","","","","","","","13","","","","","B03","","","1","","1","","","58","58","1","12","4","120.642181","24.16366","3"
"10151","66000","387130000C","(04)23274275","(04)23288582","2026","1","24","19","15","臺中市","南區","0","0","0","7","","","40","","","","","","","","","","","","","","17","","","","","C03","","","1","","2","","","59","59","1","13","4","120.673997","24.128954","3"
"10152","66000","387130000C","(04)23274275","(04)23288582","2026","1","24","19","15","臺中市","龍井區","0","0","0","6","","","40","","","","","","","","","","","","","","17","","","","","C03","","","1","","2","","","85","85","1","6","4","120.578063","24.176664","3"
"10153","66000","387130000C","(04)23274275","(04)23288582","2026","1","24","19","17","臺中市","大甲區","0","0","0","7","","","70","","","","","","","","","","","","","","13","","","","","B03","","","1","","2","","","7","7","1","6","4","120.617982","24.338271","3"
"10154","66000","387130000C","(04)23274275","(04)23288582","2026","1","24","19","19","臺中市","北屯區","0","1","0","7","1","6","50","4","1","1","5","4","6","6","1","1","10","5","5","2","15","3","10","2","1","C03","7","9","1","10","9","14","","21","21","1","6","4","120.69829","24.185268","2"
"10155","66000","387130000C","(04)23274275","(04)23288582","2026","1","24","19","19","臺中市","西屯區","0","0","0","7","","","50","","","","","","","","","","","","","","12","","","","","C03","","","1","","1","","","51","51","1","13","4","120.658635","24.164832","3"
"10156","66000","387130000C","(04)23274275","(04)23288582","2026","1","24","19","21","臺中市","大里區","0","0","0","6","","","30","","","","","","","","","","","","","","17","","","","","B03","","","1","","2","","","84","84","1","13","4","120.690347","24.087375","3"
"10157","66000","387130000C","(04)23274275","(04)23288582","2026","1","24","19","33","臺中市","南屯區","0","0","0","7","","","50","","","","","","","","","","","","","","14","","","","","B03","","","1","","2","","","49","49","1","12","4","120.631309","24.142285","3"
"10158","66000","387130000C","(04)23274275","(04)23288582","2026","1","24","19","35","臺中市","南區","0","1","0","7","1","6","50","5","2","1","5","4","6","6","4","4","10","5","5","2","13","2","8","5","4","C03","7","9","1","10","2","11","","7","7","1","12","4","120.659297","24.116911","2"
"10159","66000","387130000C","(04)23274275","(04)23288582","2026","1","24","19","37","臺中市","西區","0","0","0","7","","","30","","","","","","","","","","","","","","","","","","","","","","","","","","","86","86","1","","","120.660703","24.135935","3"
"10160","66000","387130000C","(04)23274275","(04)23288582","2026","1","24","19","42","臺中市","潭子區","0","2","0","7","1","6","40","4","1","1","5","4","6","6","1","1","1","5","5","2","16","2","9","2","1","C03","7","5","1","10","2","12","","84","84","1","12","4","120.684687","24.216155","2"