序號,縣市別代碼,機關代碼,市話,傳真,年,月,日,時,分,縣市,區,死亡數量,受傷數量,2-30,天候,道路照明設備,道路類別,道路速限,道路型態,事故位置,路面鋪裝,路面狀態,路面缺陷,障礙物,視距,號誌種類,號誌動作,分向設施,快車道或一般車道間,快慢車道間,路面邊線,事故類型及型態,受傷程度,主要傷處,保護裝備,行動電話或功能裝置,當事者區分(類別),車輛用途,當事者行動狀態,駕照狀態,駕照種類,飲酒情形,車輛撞擊部位最初,車輛撞擊部位其他,肇事因素個別,肇事因素主要,肇事逃逸,職業,共享經濟或外送平台,GPS座標X,GPS座標Y,事故類別
"10161","66000","387130000C","(04)23274275","(04)23288582","2026","1","24","19","42","臺中市","烏日區","0","0","0","7","","","50","","","","","","","","","","","","","","14","","","","","B03","","","1","","9","","","49","49","2","6","4","120.626554","24.106018","3"
"10162","66000","387130000C","(04)23274275","(04)23288582","2026","1","24","19","47","臺中市","西屯區","0","1","0","7","1","6","40","13","8","1","5","4","6","6","4","4","1","4","1","2","12","3","10","3","1","B03","7","14","1","8","2","8","","77","77","1","12","4","120.64424","24.165103","2"
"10163","66000","387130000C","(04)23274275","(04)23288582","2026","1","24","19","48","臺中市","北屯區","0","0","0","7","","","50","","","","","","","","","","","","","","13","","","","","B02","","","1","","2","","","84","84","1","6","4","120.671342","24.189352","3"
"10164","66000","387130000C","(04)23274275","(04)23288582","2026","1","24","19","50","臺中市","北屯區","0","2","0","7","3","6","50","13","7","1","5","4","6","6","4","4","5","5","4","2","3","2","9","6","5","H01","8","16","7","21","10","17","","109","109","1","6","5","120.684888","24.170987","2"
"10165","66000","387130000C","(04)23274275","(04)23288582","2026","1","24","19","50","臺中市","大里區","0","2","0","7","1","6","50","4","1","1","5","4","6","6","1","1","10","5","5","1","16","3","10","3","1","B03","7","6","1","8","2","8","","11","11","1","12","4","120.679753","24.105472","2"
"10166","66000","387130000C","(04)23274275","(04)23288582","2026","1","24","19","56","臺中市","烏日區","0","0","0","7","","","70","","","","","","","","","","","","","","14","","","","","B03","","","1","","2","","","8","8","1","6","4","120.613131","24.107246","3"
"10167","66000","387130000C","(04)23274275","(04)23288582","2026","1","24","20","7","臺中市","西屯區","0","0","0","7","","","60","","","","","","","","","","","","","","13","","","","","B03","","","1","","1","","","7","7","1","12","4","120.649976","24.16202","3"
"10168","66000","387130000C","(04)23274275","(04)23288582","2026","1","24","20","17","臺中市","西區","0","1","0","7","3","6","50","4","1","1","5","4","6","6","4","4","10","5","5","2","17","3","10","3","1","B03","7","9","1","8","2","2","","20","20","1","12","4","120.653918","24.145818","2"
"10169","66000","387130000C","(04)23274275","(04)23288582","2026","1","24","20","20","臺中市","西區","0","1","0","7","1","6","50","4","1","1","5","4","6","6","1","1","10","5","5","2","16","3","10","3","1","B03","7","5","1","8","2","6","","84","84","1","12","4","120.667712","24.130908","2"
"10170","66000","387130000C","(04)23274275","(04)23288582","2026","1","24","20","30","臺中市","南屯區","0","1","0","7","1","6","40","13","8","1","5","4","6","6","4","4","3","4","4","2","13","2","9","1","1","C03","7","9","1","9","2","11","","7","7","1","12","4","120.623979","24.14524","2"
"10171","66000","387130000C","(04)23274275","(04)23288582","2026","1","24","20","37","臺中市","大里區","0","0","0","7","","","50","","","","","","","","","","","","","","","","","","","B03","","","1","","2","","","49","49","1","12","4","120.687615","24.103342","3"
"10172","66000","387130000C","(04)23274275","(04)23288582","2026","1","24","20","38","臺中市","南屯區","0","1","0","6","1","6","50","4","1","1","5","4","6","6","2","1","10","5","5","2","16","2","9","2","4","C03","7","9","1","10","2","11","","21","21","1","6","4","120.652971","24.153594","2"
"10173","66000","387130000C","(04)23274275","(04)23288582","2026","1","24","20","40","臺中市","西區","0","0","0","6","","","30","","","","","","","","","","","","","","","","","","","B03","","","1","","1","","","7","7","1","12","4","120.662271","24.151283","3"
"10174","66000","387130000C","(04)23274275","(04)23288582","2026","1","24","20","40","臺中市","西屯區","0","0","0","7","","","50","","","","","","","","","","","","","","13","","","","","B03","","","1","","1","","","59","59","1","13","4","120.656993","24.163191","3"
"10175","66000","387130000C","(04)23274275","(04)23288582","2026","1","24","20","49","臺中市","東區","0","0","0","7","","","50","","","","","","","","","","","","","","13","","","","","B03","","","1","","2","","","84","84","1","13","4","120.692231","24.13424","3"
"10176","66000","387130000C","(04)23274275","(04)23288582","2026","1","24","20","55","臺中市","南區","0","0","0","7","","","50","","","","","","","","","","","","","","","","","","","B03","","","1","","1","","","8","8","1","12","4","120.679224","24.126376","3"
"10177","66000","387130000C","(04)23274275","(04)23288582","2026","1","24","21","5","臺中市","大里區","0","0","0","7","","","50","","","","","","","","","","","","","","","","","","","B03","","","1","","2","","","84","84","1","13","4","120.715346","24.094402","3"
"10178","66000","387130000C","(04)23274275","(04)23288582","2026","1","24","21","7","臺中市","西屯區","0","2","0","6","1","6","50","4","1","1","5","4","6","6","4","4","10","5","5","2","16","2","9","5","4","C03","7","6","1","10","2","12","","14","14","1","12","4","120.589788","24.176615","2"
"10179","66000","387130000C","(04)23274275","(04)23288582","2026","1","24","21","15","臺中市","清水區","0","1","0","7","1","6","50","3","1","1","5","4","6","6","4","4","5","4","5","1","16","2","9","2","1","C03","7","6","1","10","2","11","","14","14","1","12","4","120.566063","24.27982","2"
"10180","66000","387130000C","(04)23274275","(04)23288582","2026","1","24","21","18","臺中市","太平區","0","1","0","7","1","6","40","13","8","1","5","4","6","6","4","4","1","4","1","2","13","2","9","6","1","F01","7","9","7","21","2","11","","7","7","1","13","4","120.714737","24.148683","2"
"10181","66000","387130000C","(04)23274275","(04)23288582","2026","1","24","21","23","臺中市","北屯區","0","0","0","7","","","50","","","","","","","","","","","","","","13","","","","","B12","","","1","","2","","","49","49","1","6","4","120.658737","24.183937","4"
"10182","66000","387130000C","(04)23274275","(04)23288582","2026","1","24","21","30","臺中市","北屯區","0","0","0","7","","","50","","","","","","","","","","","","","","17","","","","","B03","","","1","","2","","","40","40","1","6","4","120.706212","24.186585","4"
"10183","66000","387130000C","(04)23274275","(04)23288582","2026","1","24","21","32","臺中市","潭子區","0","0","0","7","","","50","","","","","","","","","","","","","","12","","","","","B03","","","1","","1","","","8","8","2","12","4","120.711702","24.210124","3"
"10184","66000","387130000C","(04)23274275","(04)23288582","2026","1","24","21","33","臺中市","霧峰區","0","0","0","6","","","","","","","","","","","","","","","","","17","","","","","","","","","","","","","119","119","1","","","120.696994","24.062142","3"
"10185","66000","387130000C","(04)23274275","(04)23288582","2026","1","24","21","35","臺中市","大里區","0","1","0","7","3","6","30","4","1","1","5","4","6","6","4","4","10","5","5","2","15","2","9","4","1","F02","7","9","7","21","2","11","","15","15","1","13","4","120.700487","24.090482","2"
"10186","66000","387130000C","(04)23274275","(04)23288582","2026","1","24","21","39","臺中市","烏日區","0","0","0","7","1","6","50","3","1","1","5","4","6","6","4","4","5","5","5","2","13","3","10","3","1","B03","7","9","1","8","1","5","","84","84","1","6","4","120.607322","24.110283","3"
"10187","66000","387130000C","(04)23274275","(04)23288582","2026","1","24","21","41","臺中市","北屯區","0","2","0","7","1","6","50","4","1","1","5","4","6","6","4","4","10","5","5","2","17","2","7","2","1","C03","7","6","1","10","1","12","","14","14","1","6","4","120.711118","24.173958","2"
"10188","66000","387130000C","(04)23274275","(04)23288582","2026","1","24","21","45","臺中市","北區","0","0","0","7","","","50","","","","","","","","","","","","","","17","","","","","B03","","","1","","1","","","59","59","1","13","4","120.687069","24.146198","3"
"10189","66000","387130000C","(04)23274275","(04)23288582","2026","1","24","21","45","臺中市","梧棲區","0","0","0","7","","","30","","","","","","","","","","","","","","17","","","","","B03","","","1","","2","","","59","59","1","6","4","120.539465","24.248018","3"
"10190","66000","387130000C","(04)23274275","(04)23288582","2026","1","24","21","48","臺中市","西屯區","0","0","0","7","","","60","","","","","","","","","","","","","","12","","","","","B03","","","1","","1","","","8","8","1","12","4","120.646692","24.155593","3"
"10191","66000","387130000C","(04)23274275","(04)23288582","2026","1","24","21","50","臺中市","西區","0","0","0","6","","","50","","","","","","","","","","","","","","","","","","","B01","","","1","","2","","","7","7","1","12","4","120.676939","24.144552","3"
"10192","66000","387130000C","(04)23274275","(04)23288582","2026","1","24","21","51","臺中市","南區","0","1","0","7","1","6","30","3","2","1","5","4","6","6","4","4","10","5","5","2","17","3","10","1","1","C04","7","6","1","11","2","11","","14","14","1","12","4","120.682431","24.132759","2"
"10193","66000","387130000C","(04)23274275","(04)23288582","2026","1","24","21","54","臺中市","北屯區","0","1","0","7","3","6","50","13","7","1","5","4","6","6","4","4","5","5","4","2","18","2","9","2","1","C03","7","15","1","10","2","12","","84","84","1","6","4","120.712085","24.180123","2"
"10194","66000","387130000C","(04)23274275","(04)23288582","2026","1","24","21","56","臺中市","后里區","0","0","0","7","1","6","50","13","9","1","5","4","6","6","4","4","5","4","5","2","14","","","","","B03","","","1","","1","","","20","20","1","6","4","120.689332","24.321736","3"
"10195","66000","387130000C","(04)23274275","(04)23288582","2026","1","24","22","1","臺中市","西區","0","0","0","6","","","50","","","","","","","","","","","","","","","","","","","B03","","","1","","1","","","8","8","1","12","4","120.666711","24.141039","3"
"10196","66000","387130000C","(04)23274275","(04)23288582","2026","1","24","22","4","臺中市","西屯區","0","2","0","7","1","6","50","3","2","1","5","4","6","6","4","4","10","4","5","2","16","2","8","1","1","C03","7","9","1","10","2","14","","84","84","1","12","4","120.636036","24.182315","2"
"10197","66000","387130000C","(04)23274275","(04)23288582","2026","1","24","22","8","臺中市","北區","0","0","0","7","","","50","","","","","","","","","","","","","","17","","","","","B03","","","1","","1","","","11","11","1","12","4","120.677346","24.151399","4"
"10198","66000","387130000C","(04)23274275","(04)23288582","2026","1","24","22","11","臺中市","南屯區","0","3","0","7","2","6","40","13","8","1","5","4","6","6","4","4","9","4","1","2","13","2","9","1","1","C03","7","9","1","10","2","11","","59","59","1","12","4","120.598422","24.155204","2"
"10199","66000","387130000C","(04)23274275","(04)23288582","2026","1","24","22","15","臺中市","大雅區","0","1","0","7","3","6","30","13","9","1","5","4","6","6","4","4","10","5","5","1","17","2","7","5","4","C03","7","9","1","10","2","11","","84","84","1","13","4","120.648443","24.208382","2"
"10200","66000","387130000C","(04)23274275","(04)23288582","2026","1","24","22","17","臺中市","北區","0","0","0","7","","","50","","","","","","","","","","","","","","13","","","","","C03","","","1","","2","","","59","59","1","12","4","120.66807","24.159217","3"
"10201","66000","387130000C","(04)23274275","(04)23288582","2026","1","24","22","24","臺中市","霧峰區","0","1","0","6","1","6","50","4","1","1","5","4","6","6","1","1","10","5","4","1","17","3","10","3","1","B03","7","6","1","8","2","2","","11","11","1","13","4","120.698454","24.063257","2"
"10202","66000","387130000C","(04)23274275","(04)23288582","2026","1","24","22","28","臺中市","中區","0","1","0","6","1","6","50","13","7","1","5","4","6","6","4","4","5","5","5","2","17","2","9","1","1","C03","7","15","1","10","2","11","","7","7","1","12","4","120.672694","24.141307","2"
"10203","66000","387130000C","(04)23274275","(04)23288582","2026","1","24","22","40","臺中市","西區","0","0","0","6","","","30","","","","","","","","","","","","","","","","","","","B03","","","1","","1","","","8","8","1","12","4","120.670034","24.134642","3"
"10204","66000","387130000C","(04)23274275","(04)23288582","2026","1","24","22","40","臺中市","沙鹿區","0","0","0","7","","","70","","","","","","","","","","","","","","","","","","","B03","","","1","","1","","","59","59","1","6","4","120.6196","24.242674","3"
"10205","66000","387130000C","(04)23274275","(04)23288582","2026","1","24","22","54","臺中市","東區","0","0","0","7","","","50","","","","","","","","","","","","","","12","","","","","B03","","","1","","2","","","8","8","1","13","4","120.686139","24.14023","3"
"10206","66000","387130000C","(04)23274275","(04)23288582","2026","1","24","23","5","臺中市","北屯區","0","0","0","7","","3","80","","","","","","","","","","","","","","12","","","","","B03","","","1","","1","","","40","40","1","6","4","120.721275","24.178751","3"
"10207","66000","387130000C","(04)23274275","(04)23288582","2026","1","24","23","49","臺中市","豐原區","0","1","0","7","1","6","50","3","1","1","5","4","6","6","1","1","5","5","4","2","16","3","10","5","4","B03","7","6","1","8","2","8","","11","11","1","12","4","120.740484","24.255757","2"
"10208","66000","387130000C","(04)23274275","(04)23288582","2026","1","25","0","1","臺中市","西屯區","0","1","0","7","1","6","50","4","1","1","5","4","6","6","2","1","10","5","5","2","16","3","10","3","1","B03","7","6","1","7","2","5","","11","11","1","12","4","120.638833","24.180244","2"
"10209","66000","387130000C","(04)23274275","(04)23288582","2026","1","25","0","32","臺中市","大雅區","0","1","0","7","3","9","50","4","1","1","5","4","6","6","1","1","4","5","5","1","18","2","9","1","1","C03","7","9","1","10","2","16","","43","43","1","12","4","120.645153","24.22557","2"
"10210","66000","387130000C","(04)23274275","(04)23288582","2026","1","25","0","42","臺中市","東區","0","1","0","7","1","6","50","4","1","1","5","4","6","6","2","1","3","5","5","2","2","3","10","3","1","B01","7","5","1","3","2","1","","10","10","1","6","4","120.68599","24.14013","2"
"10211","66000","387130000C","(04)23274275","(04)23288582","2026","1","25","0","45","臺中市","沙鹿區","0","1","0","7","1","6","60","4","1","1","5","4","6","6","2","1","3","4","5","2","16","3","10","3","1","B12","7","9","1","8","2","1","","21","21","1","12","4","120.615128","24.244076","2"
"10212","66000","387130000C","(04)23274275","(04)23288582","2026","1","25","1","1","臺中市","北屯區","0","1","0","7","1","6","50","4","2","1","5","4","6","6","1","1","3","4","5","2","13","3","10","3","1","B03","7","9","1","8","2","1","","84","84","1","13","4","120.685259","24.171991","2"
"10213","66000","387130000C","(04)23274275","(04)23288582","2026","1","25","1","7","臺中市","南屯區","0","0","0","7","","","50","","","","","","","","","","","","","","","","","","","B03","","","1","","1","","","24","24","1","13","4","120.649958","24.132014","3"
"10214","66000","387130000C","(04)23274275","(04)23288582","2026","1","25","1","25","臺中市","南屯區","0","0","0","7","","","40","","","","","","","","","","","","","","17","","","","","B03","","","1","","2","","","50","50","1","13","4","120.649308","24.141811","3"
"10215","66000","387130000C","(04)23274275","(04)23288582","2026","1","25","2","18","臺中市","西屯區","0","2","0","7","1","6","50","4","1","1","5","4","6","6","2","1","10","5","5","2","16","2","8","1","1","C02","7","5","1","9","2","12","","47","47","1","12","4","120.635188","24.182016","2"
"10216","66000","387130000C","(04)23274275","(04)23288582","2026","1","25","4","9","臺中市","大雅區","0","1","0","7","1","6","60","4","1","1","5","4","6","6","3","1","10","5","5","2","17","3","10","3","1","B03","7","9","1","8","9","1","","24","24","2","12","4","120.668904","24.236825","2"
"10217","66000","387130000C","(04)23274275","(04)23288582","2026","1","25","5","38","臺中市","石岡區","0","0","0","7","","","70","","","","","","","","","","","","","","","","","","","B12","","","1","","1","","","84","84","1","12","4","120.80853","24.265057","3"
"10218","66000","387130000C","(04)23274275","(04)23288582","2026","1","25","5","50","臺中市","北屯區","0","0","0","7","","","","","","","","","","","","","","","","","","","","","","","","","","","","","","119","119","1","","","120.692794","24.162343","4"
"10219","66000","387130000C","(04)23274275","(04)23288582","2026","1","25","6","4","臺中市","中區","0","0","0","6","","","50","","","","","","","","","","","","","","","","","","","B03","","","1","","2","","","7","7","1","12","4","120.683179","24.143162","3"
"10220","66000","387130000C","(04)23274275","(04)23288582","2026","1","25","6","16","臺中市","東區","0","0","0","7","","","50","","","","","","","","","","","","","","","","","","","B12","","","1","","2","","","78","78","1","6","4","120.693","24.134773","4"
"10221","66000","387130000C","(04)23274275","(04)23288582","2026","1","25","6","21","臺中市","北屯區","0","1","0","7","1","6","50","13","9","1","5","4","6","6","4","4","1","5","5","2","12","3","10","3","1","B03","7","5","1","8","7","5","","53","53","1","6","4","120.687552","24.181631","2"
"10222","66000","387130000C","(04)23274275","(04)23288582","2026","1","25","6","27","臺中市","西區","0","0","0","7","","","50","","","","","","","","","","","","","","","","","","","B03","","","1","","2","","","40","40","1","12","4","120.674249","24.142798","3"
"10223","66000","387130000C","(04)23274275","(04)23288582","2026","1","25","6","30","臺中市","北屯區","0","0","0","7","","","50","","","","","","","","","","","","","","","","","","","B03","","","1","","1","","","49","49","1","13","4","120.720955","24.162352","3"
"10224","66000","387130000C","(04)23274275","(04)23288582","2026","1","25","6","38","臺中市","大里區","0","1","0","7","2","6","50","4","1","1","5","4","6","6","1","1","10","5","5","2","17","2","9","6","1","F01","7","9","7","21","2","14","","21","21","1","12","4","120.681663","24.10024","2"
"10225","66000","387130000C","(04)23274275","(04)23288582","2026","1","25","7","0","臺中市","西屯區","0","0","0","7","","","30","","","","","","","","","","","","","","","","","","","B03","","","1","","10","","","87","87","1","12","4","120.64704","24.182064","3"
"10226","66000","387130000C","(04)23274275","(04)23288582","2026","1","25","7","34","臺中市","西屯區","0","1","0","7","2","6","50","4","1","1","5","4","6","6","1","1","3","4","5","2","17","3","10","1","1","C03","7","15","1","10","2","16","","84","84","1","12","4","120.65263","24.166498","2"
"10227","66000","387130000C","(04)23274275","(04)23288582","2026","1","25","7","42","臺中市","太平區","0","0","0","7","","","","","","","","","","","","","","","","","","","","","","","","","","","","","","86","86","1","","","120.705823","24.151391","3"
"10228","66000","387130000C","(04)23274275","(04)23288582","2026","1","25","7","46","臺中市","中區","0","1","0","7","1","6","50","13","9","1","5","4","6","6","4","4","5","4","5","2","18","2","9","1","1","C03","7","9","1","10","2","14","","84","84","1","13","4","120.678911","24.14704","2"
"10229","66000","387130000C","(04)23274275","(04)23288582","2026","1","25","8","6","臺中市","南屯區","0","2","0","7","3","6","50","3","1","1","5","4","6","6","4","4","5","5","4","2","17","2","9","2","1","C03","7","1","5","10","2","12","","51","51","1","13","4","120.627747","24.118528","2"
"10230","66000","387130000C","(04)23274275","(04)23288582","2026","1","25","8","22","臺中市","東區","0","1","0","7","2","6","30","13","9","1","5","4","6","6","4","4","10","5","5","2","17","3","10","3","1","B03","7","15","1","8","2","2","","84","84","1","12","4","120.698703","24.138336","2"
"10231","66000","387130000C","(04)23274275","(04)23288582","2026","1","25","8","43","臺中市","霧峰區","0","1","0","7","3","6","40","3","1","1","5","4","6","6","1","1","5","5","5","1","12","3","10","3","1","B01","7","5","1","4","2","2","","11","11","1","12","4","120.69197","24.066141","2"
"10232","66000","387130000C","(04)23274275","(04)23288582","2026","1","25","8","45","臺中市","北屯區","0","0","0","7","","","50","","","","","","","","","","","","","","12","","","","","B03","","","1","","1","","","59","59","1","12","4","120.685173","24.166993","3"
"10233","66000","387130000C","(04)23274275","(04)23288582","2026","1","25","8","50","臺中市","北屯區","0","1","0","7","2","6","50","4","1","1","5","4","6","6","1","1","10","5","5","2","16","3","10","5","4","B02","7","5","1","8","2","2","","20","20","1","12","4","120.698238","24.182972","2"
"10234","66000","387130000C","(04)23274275","(04)23288582","2026","1","25","8","56","臺中市","大里區","0","1","0","7","3","6","30","13","9","1","5","4","6","6","4","4","10","5","5","2","13","3","10","1","1","C03","7","15","1","10","2","13","","7","7","1","12","4","120.703453","24.104733","2"
"10235","66000","387130000C","(04)23274275","(04)23288582","2026","1","25","8","58","臺中市","北屯區","0","1","0","7","2","6","50","4","1","1","5","4","6","6","2","1","10","5","5","2","18","2","9","1","1","C03","7","9","1","10","2","14","","84","84","1","12","4","120.704783","24.16949","2"
"10236","66000","387130000C","(04)23274275","(04)23288582","2026","1","25","9","0","臺中市","大里區","0","1","0","7","2","6","50","4","1","1","5","4","6","6","1","1","5","5","5","1","15","3","10","3","1","B03","7","9","5","19","2","1","","21","21","1","6","4","120.68447","24.104729","2"
"10237","66000","387130000C","(04)23274275","(04)23288582","2026","1","25","9","0","臺中市","沙鹿區","0","0","0","7","","","50","","","","","","","","","","","","","","17","","","","","B03","","","1","","9","","","8","8","2","6","4","120.560145","24.237878","3"
"10238","66000","387130000C","(04)23274275","(04)23288582","2026","1","25","9","0","臺中市","后里區","0","1","0","7","2","6","30","3","1","1","5","4","6","6","4","4","5","5","5","1","16","3","10","3","1","B03","7","6","1","6","2","5","","14","14","1","12","4","120.714161","24.298694","2"
"10239","66000","387130000C","(04)23274275","(04)23288582","2026","1","25","9","2","臺中市","大甲區","0","1","0","7","3","6","30","13","9","1","5","4","6","6","4","4","10","5","5","2","12","3","10","3","1","B12","7","1","1","8","2","8","","51","51","1","6","4","120.65547","24.380985","2"
"10240","66000","387130000C","(04)23274275","(04)23288582","2026","1","25","9","15","臺中市","西屯區","0","1","0","7","1","6","50","11","9","1","5","4","6","6","4","4","1","4","5","1","12","3","10","5","4","B03","7","9","1","2","2","6","","8","8","1","12","4","120.605132","24.19329","2"
"10241","66000","387130000C","(04)23274275","(04)23288582","2026","1","25","9","25","臺中市","豐原區","0","0","0","7","2","6","50","13","21","1","5","4","6","6","4","4","5","5","4","2","14","3","10","3","1","B03","7","2","1","8","2","3","","49","49","1","12","4","120.705521","24.253293","3"
"10242","66000","387130000C","(04)23274275","(04)23288582","2026","1","25","9","29","臺中市","東區","0","0","0","7","","","50","","","","","","","","","","","","","","13","","","","","C03","","","1","","1","","","84","84","1","6","4","120.683595","24.134667","3"
"10243","66000","387130000C","(04)23274275","(04)23288582","2026","1","25","9","38","臺中市","太平區","0","2","0","7","2","6","50","4","1","1","5","4","6","6","3","1","10","5","5","2","15","3","10","3","1","B03","7","9","3","19","2","1","","12","12","1","12","4","120.715616","24.14318","2"
"10244","66000","387130000C","(04)23274275","(04)23288582","2026","1","25","9","47","臺中市","大雅區","0","1","0","7","2","6","50","13","9","1","5","4","6","6","4","4","1","4","4","2","13","3","10","3","1","B03","7","9","1","8","2","8","","59","59","1","12","4","120.659575","24.219701","2"
"10245","66000","387130000C","(04)23274275","(04)23288582","2026","1","25","9","53","臺中市","東區","0","0","0","7","","","50","","","","","","","","","","","","","","","","","","","C03","","","3","","2","","","85","85","1","13","4","120.689966","24.137833","3"
"10246","66000","387130000C","(04)23274275","(04)23288582","2026","1","25","9","56","臺中市","北區","0","1","0","7","2","6","50","4","2","1","5","4","6","6","2","1","10","5","5","2","17","2","9","2","1","C03","7","9","1","10","2","12","","84","84","1","13","4","120.691825","24.160146","2"
"10247","66000","387130000C","(04)23274275","(04)23288582","2026","1","25","9","56","臺中市","北屯區","0","0","0","7","","","50","","","","","","","","","","","","","","17","","","","","C03","","","1","","1","","","87","87","1","6","4","120.694788","24.175594","3"
"10248","66000","387130000C","(04)23274275","(04)23288582","2026","1","25","9","56","臺中市","烏日區","0","1","0","7","2","6","30","4","1","1","5","4","6","6","4","4","10","5","5","2","17","2","9","5","4","C03","7","9","1","10","2","11","","15","15","1","12","4","120.641563","24.102812","2"
"10249","66000","387130000C","(04)23274275","(04)23288582","2026","1","25","10","2","臺中市","龍井區","0","0","0","7","","","40","","","","","","","","","","","","","","","","","","","B03","","","1","","2","","","8","8","1","12","4","120.543263","24.201304","3"
"10250","66000","387130000C","(04)23274275","(04)23288582","2026","1","25","10","5","臺中市","南屯區","0","0","0","7","","","50","","","","","","","","","","","","","","14","","","","","B03","","","1","","1","","","49","49","1","12","4","120.648926","24.140139","3"
"10251","66000","387130000C","(04)23274275","(04)23288582","2026","1","25","10","24","臺中市","神岡區","0","1","0","7","1","6","50","4","1","1","5","4","6","6","1","1","10","4","5","1","12","2","9","1","1","C03","7","6","1","10","2","14","","48","48","1","12","4","120.683021","24.246608","2"
"10252","66000","387130000C","(04)23274275","(04)23288582","2026","1","25","10","26","臺中市","北區","0","0","0","7","2","6","50","4","4","1","","4","6","6","1","1","5","5","5","2","13","3","10","1","1","C03","7","9","3","8","1","11","","84","84","1","12","4","120.685257","24.155752","4"
"10253","66000","387130000C","(04)23274275","(04)23288582","2026","1","25","10","30","臺中市","北屯區","0","0","0","7","","","40","","","","","","","","","","","","","","12","","","","","B03","","","1","","1","","","51","51","1","13","4","120.727587","24.171847","3"
"10254","66000","387130000C","(04)23274275","(04)23288582","2026","1","25","10","31","臺中市","清水區","0","0","0","7","","","40","","","","","","","","","","","","","","","","","","","C03","","","1","","2","","","59","59","1","12","4","120.574212","24.277678","3"
"10255","66000","387130000C","(04)23274275","(04)23288582","2026","1","25","10","33","臺中市","霧峰區","0","1","0","7","2","6","50","13","9","1","5","4","6","6","4","4","5","5","5","2","17","2","8","1","1","C03","7","9","1","10","2","11","","84","84","1","5","4","120.672685","24.064394","2"
"10256","66000","387130000C","(04)23274275","(04)23288582","2026","1","25","10","34","臺中市","大里區","0","1","0","7","3","6","30","13","9","1","5","4","6","6","1","1","5","5","5","1","12","2","9","1","1","F03","7","9","7","21","2","14","","2","2","1","12","4","120.701542","24.110851","2"
"10257","66000","387130000C","(04)23274275","(04)23288582","2026","1","25","10","35","臺中市","南屯區","0","3","0","7","3","6","50","4","1","1","5","4","6","6","1","1","9","4","5","2","15","3","10","3","1","B03","7","9","1","8","2","1","","21","21","1","12","4","120.642555","24.141971","2"
"10258","66000","387130000C","(04)23274275","(04)23288582","2026","1","25","10","39","臺中市","南屯區","0","1","0","7","3","6","50","13","9","1","5","4","6","6","1","1","5","5","5","2","23","2","9","1","1","C03","7","9","1","10","2","12","","59","59","1","9","4","120.631514","24.122126","2"
"10259","66000","387130000C","(04)23274275","(04)23288582","2026","1","25","10","40","臺中市","東區","0","1","0","7","1","6","50","13","9","1","5","4","6","6","4","4","9","5","5","2","13","3","10","5","4","C03","7","9","1","10","1","11","13","7","7","1","13","4","120.69957","24.140114","2"
"10260","66000","387130000C","(04)23274275","(04)23288582","2026","1","25","10","42","臺中市","南屯區","0","2","0","7","2","6","30","3","1","1","5","4","6","6","4","4","10","5","5","2","17","2","9","1","1","C03","7","6","1","10","2","14","","14","14","1","13","4","120.613665","24.148248","2"
"10261","66000","387130000C","(04)23274275","(04)23288582","2026","1","25","10","47","臺中市","北區","0","0","0","7","","","50","","","","","","","","","","","","","","","","","","","B03","","","1","","1","","","47","47","1","12","4","120.684946","24.165415","3"
"10262","66000","387130000C","(04)23274275","(04)23288582","2026","1","25","10","54","臺中市","北屯區","0","0","0","7","","","50","","","","","","","","","","","","","","","","","","","C03","","","1","","1","","","84","84","1","12","4","120.696187","24.161112","3"
"10263","66000","387130000C","(04)23274275","(04)23288582","2026","1","25","10","54","臺中市","西屯區","0","0","0","7","","","50","","","","","","","","","","","","","","13","","","","","B03","","","1","","1","","","59","59","1","13","4","120.63569","24.171217","3"
"10264","66000","387130000C","(04)23274275","(04)23288582","2026","1","25","10","55","臺中市","北屯區","0","2","0","7","2","6","50","13","9","1","5","4","6","6","4","4","1","4","5","2","13","3","10","1","1","C03","7","9","1","10","2","11","","7","7","1","6","4","120.699998","24.164084","2"
"10265","66000","387130000C","(04)23274275","(04)23288582","2026","1","25","10","55","臺中市","沙鹿區","0","1","0","7","2","6","30","4","1","1","5","4","6","6","3","1","10","5","5","2","15","3","10","3","1","B03","7","9","1","4","2","5","","24","24","1","6","4","120.547858","24.217122","2"
"10266","66000","387130000C","(04)23274275","(04)23288582","2026","1","25","10","56","臺中市","大雅區","0","0","0","7","","","50","","","","","","","","","","","","","","13","","","","","B03","","","1","","2","","","7","7","1","12","4","120.656432","24.220792","3"
"10267","66000","387130000C","(04)23274275","(04)23288582","2026","1","25","10","59","臺中市","北區","0","2","0","7","2","6","50","4","1","1","5","4","6","6","2","1","3","4","5","2","17","2","9","1","1","C03","7","9","1","10","2","12","","42","42","1","12","4","120.677277","24.151194","2"
"10268","66000","387130000C","(04)23274275","(04)23288582","2026","1","25","10","59","臺中市","西屯區","0","0","0","7","","","50","","","","","","","","","","","","","","","","","","","C03","","","1","","1","","","8","8","1","12","4","120.622394","24.17467","3"
"10269","66000","387130000C","(04)23274275","(04)23288582","2026","1","25","11","0","臺中市","西區","0","0","0","7","","","50","","","","","","","","","","","","","","17","","","","","B03","","","1","","1","","","49","49","1","12","4","120.670426","24.133571","3"
"10270","66000","387130000C","(04)23274275","(04)23288582","2026","1","25","11","1","臺中市","大里區","0","0","0","7","","","50","","","","","","","","","","","","","","17","","","","","B01","","","1","","1","","","51","51","1","6","4","120.679841","24.115802","4"