序號,縣市別代碼,機關代碼,市話,傳真,年,月,日,時,分,縣市,區,死亡數量,受傷數量,2-30,天候,道路照明設備,道路類別,道路速限,道路型態,事故位置,路面鋪裝,路面狀態,路面缺陷,障礙物,視距,號誌種類,號誌動作,分向設施,快車道或一般車道間,快慢車道間,路面邊線,事故類型及型態,受傷程度,主要傷處,保護裝備,行動電話或功能裝置,當事者區分(類別),車輛用途,當事者行動狀態,駕照狀態,駕照種類,飲酒情形,車輛撞擊部位最初,車輛撞擊部位其他,肇事因素個別,肇事因素主要,肇事逃逸,職業,共享經濟或外送平台,GPS座標X,GPS座標Y,事故類別
"10271","66000","387130000C","(04)23274275","(04)23288582","2026","1","25","11","7","臺中市","沙鹿區","0","1","0","7","2","6","50","3","1","1","5","4","6","6","4","4","10","5","5","2","17","3","10","2","1","C03","7","9","1","10","2","13","","12","12","1","6","4","120.559828","24.238001","2"
"10272","66000","387130000C","(04)23274275","(04)23288582","2026","1","25","11","13","臺中市","西區","0","0","0","7","","","50","","","","","","","","","","","","","","","","","","","C03","","","1","","2","","","84","84","1","6","4","120.662824","24.150626","3"
"10273","66000","387130000C","(04)23274275","(04)23288582","2026","1","25","11","13","臺中市","大肚區","0","0","0","7","","","50","","","","","","","","","","","","","","13","","","","","B03","","","1","","1","","","84","84","1","12","4","120.577124","24.118623","3"
"10274","66000","387130000C","(04)23274275","(04)23288582","2026","1","25","11","13","臺中市","沙鹿區","0","0","0","7","","","50","","","","","","","","","","","","","","20","","","","","B03","","","1","","2","","","59","59","1","6","4","120.57941","24.211951","3"
"10275","66000","387130000C","(04)23274275","(04)23288582","2026","1","25","11","21","臺中市","大甲區","0","0","0","7","","","50","","","","","","","","","","","","","","","","","","","C03","","","1","","1","","","58","58","1","6","4","120.623232","24.345583","3"
"10276","66000","387130000C","(04)23274275","(04)23288582","2026","1","25","11","28","臺中市","大里區","0","1","0","7","2","6","50","4","1","1","5","4","6","6","1","1","5","5","5","1","13","2","8","2","1","C03","7","6","1","10","1","14","","7","7","1","13","4","120.680023","24.074133","2"
"10277","66000","387130000C","(04)23274275","(04)23288582","2026","1","25","11","28","臺中市","梧棲區","0","1","0","7","2","6","40","4","1","1","5","4","6","6","1","1","10","5","5","2","18","2","9","1","1","C03","7","12","1","10","2","14","","43","43","1","12","4","120.55147","24.244192","2"
"10278","66000","387130000C","(04)23274275","(04)23288582","2026","1","25","11","30","臺中市","清水區","0","1","0","7","3","6","50","13","9","1","5","4","6","6","4","4","9","4","5","1","12","2","9","1","1","C03","7","11","1","10","2","14","","20","20","1","12","4","120.573913","24.284318","2"
"10279","66000","387130000C","(04)23274275","(04)23288582","2026","1","25","11","35","臺中市","梧棲區","0","0","0","7","","","50","","","","","","","","","","","","","","17","","","","","B03","","","1","","2","","","50","50","1","12","4","120.534611","24.251214","3"
"10280","66000","387130000C","(04)23274275","(04)23288582","2026","1","25","11","36","臺中市","太平區","0","0","0","7","","","30","","","","","","","","","","","","","","","","","","","C03","","","1","","2","","","7","7","1","12","4","120.720125","24.151961","3"
"10281","66000","387130000C","(04)23274275","(04)23288582","2026","1","25","11","38","臺中市","霧峰區","0","2","0","7","3","6","30","4","1","1","5","4","6","6","4","4","9","5","5","2","15","2","8","1","1","C03","7","9","1","10","2","11","14","6","6","1","12","4","120.700605","24.070851","2"
"10282","66000","387130000C","(04)23274275","(04)23288582","2026","1","25","11","38","臺中市","龍井區","0","1","0","7","2","6","50","3","9","1","5","4","6","6","4","4","5","5","5","1","11","2","9","1","1","C03","7","9","1","10","2","11","","12","12","1","6","4","120.525282","24.212821","2"
"10283","66000","387130000C","(04)23274275","(04)23288582","2026","1","25","11","38","臺中市","清水區","0","0","0","7","2","6","50","3","1","1","5","4","6","6","1","1","8","3","4","1","12","","","","","B03","","","1","","1","","","84","84","1","12","4","120.540339","24.289684","3"
"10284","66000","387130000C","(04)23274275","(04)23288582","2026","1","25","11","40","臺中市","烏日區","0","0","0","7","","","30","","","","","","","","","","","","","","13","","","","","C03","","","1","","2","","","7","7","1","6","4","120.606185","24.119263","3"
"10285","66000","387130000C","(04)23274275","(04)23288582","2026","1","25","11","40","臺中市","沙鹿區","0","0","0","7","","","50","","","","","","","","","","","","","","14","","","","","B03","","","1","","2","","","49","49","1","6","4","120.568978","24.240285","3"
"10286","66000","387130000C","(04)23274275","(04)23288582","2026","1","25","11","46","臺中市","南屯區","0","0","0","7","","","50","","","","","","","","","","","","","","17","","","","","B03","","","1","","1","","","22","22","1","13","4","120.629167","24.14033","3"
"10287","66000","387130000C","(04)23274275","(04)23288582","2026","1","25","11","48","臺中市","北屯區","0","0","0","7","","","50","","","","","","","","","","","","","","17","","","","","A12","","","1","","1","","","84","84","1","12","4","120.702401","24.186508","4"
"10288","66000","387130000C","(04)23274275","(04)23288582","2026","1","25","11","54","臺中市","北屯區","0","0","0","7","","","50","","","","","","","","","","","","","","13","","","","","B03","","","1","5","1","","","7","7","1","12","4","120.705031","24.188833","3"
"10289","66000","387130000C","(04)23274275","(04)23288582","2026","1","25","11","56","臺中市","霧峰區","0","1","0","7","2","6","50","13","9","1","5","4","6","6","4","4","10","5","5","1","17","2","8","1","1","C03","7","9","1","10","2","11","","82","82","1","6","4","120.726988","24.036678","2"
"10290","66000","387130000C","(04)23274275","(04)23288582","2026","1","25","12","2","臺中市","北區","0","1","0","7","2","6","50","13","8","1","5","4","6","6","4","4","8","3","4","2","13","2","9","2","1","C03","7","9","1","10","2","11","","7","7","1","13","4","120.671903","24.170551","2"
"10291","66000","387130000C","(04)23274275","(04)23288582","2026","1","25","12","2","臺中市","西屯區","0","1","0","7","2","6","35","3","1","1","5","4","6","6","4","4","1","4","1","1","17","3","10","5","4","B03","7","5","1","8","2","3","","14","14","1","13","4","120.628159","24.176567","2"
"10292","66000","387130000C","(04)23274275","(04)23288582","2026","1","25","12","5","臺中市","北區","0","0","0","7","2","6","50","3","9","1","5","4","6","6","4","4","5","4","5","2","12","3","10","","1","B03","7","7","1","8","1","2","","84","84","1","12","4","120.68825","24.151377","3"
"10293","66000","387130000C","(04)23274275","(04)23288582","2026","1","25","12","8","臺中市","大里區","0","0","0","7","","","30","","","","","","","","","","","","","","","","","","","B03","","","1","","2","","","20","20","1","12","4","120.68403","24.110981","3"
"10294","66000","387130000C","(04)23274275","(04)23288582","2026","1","25","12","8","臺中市","烏日區","0","0","0","7","","","40","","","","","","","","","","","","","","","","","","","B02","","","1","","1","","","85","85","1","13","4","120.617398","24.119685","3"
"10295","66000","387130000C","(04)23274275","(04)23288582","2026","1","25","12","10","臺中市","沙鹿區","0","3","0","7","2","6","50","13","9","1","5","4","6","6","4","4","5","5","5","2","17","2","8","2","1","C03","7","11","1","10","2","13","","34","34","1","8","4","120.56199","24.238371","2"
"10296","66000","387130000C","(04)23274275","(04)23288582","2026","1","25","12","23","臺中市","梧棲區","0","1","0","7","2","6","70","4","1","1","5","4","6","6","1","1","10","5","5","2","16","2","8","1","1","C03","7","9","3","19","2","11","","21","21","1","6","4","120.558394","24.256769","2"
"10297","66000","387130000C","(04)23274275","(04)23288582","2026","1","25","12","23","臺中市","東勢區","0","0","0","7","3","4","50","3","1","1","5","4","6","6","2","1","4","1","5","1","13","3","10","5","4","B01","7","6","1","4","2","1","","7","7","1","12","4","120.826989","24.260221","3"
"10298","66000","387130000C","(04)23274275","(04)23288582","2026","1","25","12","26","臺中市","西屯區","0","0","0","7","","","40","","","","","","","","","","","","","","13","","","","","C03","","","1","","1","","","84","84","1","12","4","120.649134","24.162683","3"
"10299","66000","387130000C","(04)23274275","(04)23288582","2026","1","25","12","31","臺中市","北屯區","0","0","0","7","","","50","","","","","","","","","","","","","","14","","","","","B03","","","1","","9","","","49","49","1","12","4","120.693406","24.1702","3"
"10300","66000","387130000C","(04)23274275","(04)23288582","2026","1","25","12","34","臺中市","西區","0","1","0","7","1","6","50","4","2","1","5","4","6","6","1","1","5","4","5","2","16","3","10","3","1","B03","7","5","1","8","2","6","","47","47","1","13","4","120.663232","24.136617","2"
"10301","66000","387130000C","(04)23274275","(04)23288582","2026","1","25","12","36","臺中市","北屯區","0","1","0","7","3","6","40","13","7","1","5","4","6","6","4","4","1","4","4","2","12","2","8","1","1","C04","7","8","1","11","2","14","","40","40","1","12","4","120.691634","24.162613","2"
"10302","66000","387130000C","(04)23274275","(04)23288582","2026","1","25","12","41","臺中市","南區","0","1","0","7","2","6","50","13","9","1","5","4","6","6","2","1","3","4","5","2","17","2","9","2","1","C03","7","15","1","10","2","11","12","7","7","1","12","4","120.679419","24.123615","2"
"10303","66000","387130000C","(04)23274275","(04)23288582","2026","1","25","12","44","臺中市","大甲區","0","1","0","6","3","6","50","4","1","1","5","4","6","6","1","1","10","5","5","2","18","2","7","1","1","C03","7","9","1","10","2","12","","59","59","1","12","4","120.629558","24.345292","2"
"10304","66000","387130000C","(04)23274275","(04)23288582","2026","1","25","12","47","臺中市","北區","0","1","0","7","2","6","50","3","1","1","5","4","6","6","4","4","10","5","5","2","17","3","10","3","1","B03","7","5","1","8","2","7","","12","12","1","13","4","120.679879","24.16709","2"
"10305","66000","387130000C","(04)23274275","(04)23288582","2026","1","25","12","51","臺中市","龍井區","0","2","0","7","2","6","30","4","1","1","5","4","6","6","4","4","10","5","5","2","15","2","8","2","1","C03","7","9","1","10","2","14","","39","39","1","7","4","120.59501","24.188091","2"
"10306","66000","387130000C","(04)23274275","(04)23288582","2026","1","25","12","56","臺中市","大甲區","0","1","0","7","3","6","50","13","9","1","5","4","6","6","4","4","5","5","5","1","17","2","9","1","1","C03","7","9","1","10","2","11","","7","7","1","6","4","120.628506","24.345024","2"
"10307","66000","387130000C","(04)23274275","(04)23288582","2026","1","25","12","59","臺中市","梧棲區","0","0","0","7","","","50","","","","","","","","","","","","","","12","","","","","B03","","","1","","2","","","50","50","1","12","4","120.534748","24.26114","3"
"10308","66000","387130000C","(04)23274275","(04)23288582","2026","1","25","13","0","臺中市","烏日區","0","0","0","7","","","30","","","","","","","","","","","","","","14","","","","","B03","","","1","","2","","","49","49","1","6","4","120.589481","24.111454","3"
"10309","66000","387130000C","(04)23274275","(04)23288582","2026","1","25","13","2","臺中市","北區","0","0","0","7","","","30","","","","","","","","","","","","","","17","","","","","B03","","","1","","1","","","84","84","1","12","4","120.687223","24.164818","3"
"10310","66000","387130000C","(04)23274275","(04)23288582","2026","1","25","13","7","臺中市","龍井區","0","0","0","7","","","50","","","","","","","","","","","","","","","","","","","C03","","","1","","1","","","6","6","1","6","2","120.561638","24.199432","3"
"10311","66000","387130000C","(04)23274275","(04)23288582","2026","1","25","13","12","臺中市","南屯區","0","1","0","7","2","6","50","4","2","1","5","4","6","6","2","1","1","4","4","2","17","2","9","2","1","C03","7","6","1","10","2","11","","84","84","1","12","4","120.64753","24.150816","2"
"10312","66000","387130000C","(04)23274275","(04)23288582","2026","1","25","13","17","臺中市","大雅區","0","0","0","7","","","0","","","","","","","","","","","","","","","","","","","B03","","","1","","2","","","50","50","1","12","4","120.648219","24.226809","3"
"10313","66000","387130000C","(04)23274275","(04)23288582","2026","1","25","13","17","臺中市","南屯區","0","0","0","7","","","50","","","","","","","","","","","","","","13","","","","","B03","","","1","","2","","","7","7","1","12","4","120.639498","24.141729","3"
"10314","66000","387130000C","(04)23274275","(04)23288582","2026","1","25","13","17","臺中市","北屯區","0","2","0","7","3","6","50","4","1","1","5","4","6","6","1","1","10","5","5","2","16","2","9","2","1","C04","7","6","1","11","2","11","","11","11","1","6","4","120.722582","24.169713","2"
"10315","66000","387130000C","(04)23274275","(04)23288582","2026","1","25","13","17","臺中市","豐原區","0","0","0","7","","","50","","","","","","","","","","","","","","12","","","","","B03","","","1","","2","","","7","7","1","12","4","120.745693","24.265272","3"
"10316","66000","387130000C","(04)23274275","(04)23288582","2026","1","25","13","18","臺中市","龍井區","0","1","0","7","2","6","30","15","9","1","5","4","6","6","4","4","10","5","5","2","18","2","7","2","1","C03","7","3","1","10","2","14","","84","84","1","6","4","120.568324","24.17586","2"
"10317","66000","387130000C","(04)23274275","(04)23288582","2026","1","25","13","21","臺中市","西區","0","1","0","7","3","6","50","4","1","1","5","4","6","6","1","1","10","5","5","2","12","3","10","3","1","B03","7","7","1","8","1","2","","8","8","1","12","4","120.665776","24.139275","2"
"10318","66000","387130000C","(04)23274275","(04)23288582","2026","1","25","13","21","臺中市","北屯區","0","2","0","7","2","6","50","4","1","1","5","4","6","6","1","1","10","5","5","2","15","2","9","1","1","C03","7","9","1","10","2","11","","21","21","1","12","4","120.680574","24.189501","2"
"10319","66000","387130000C","(04)23274275","(04)23288582","2026","1","25","13","30","臺中市","西屯區","0","1","0","7","2","6","30","11","9","1","5","4","6","6","4","4","10","5","5","2","17","2","9","1","1","C03","7","9","1","10","2","11","","84","84","1","12","2","120.593244","24.179445","2"
"10320","66000","387130000C","(04)23274275","(04)23288582","2026","1","25","13","30","臺中市","龍井區","0","1","0","7","2","6","30","3","9","1","5","4","6","6","4","4","10","5","5","1","15","2","9","1","1","C03","7","9","1","10","2","11","","84","84","1","12","4","120.544249","24.205123","2"
"10321","66000","387130000C","(04)23274275","(04)23288582","2026","1","25","13","33","臺中市","后里區","0","0","0","7","2","6","50","4","14","1","5","4","6","6","4","4","1","4","4","1","17","3","10","3","1","B03","7","3","1","8","2","1","","50","50","1","12","4","120.723634","24.29454","3"
"10322","66000","387130000C","(04)23274275","(04)23288582","2026","1","25","13","34","臺中市","東勢區","0","0","0","7","3","2","50","13","9","1","5","4","6","6","4","4","10","3","4","1","2","3","10","5","4","B03","7","1","1","4","1","1","","84","84","1","13","4","120.82346","24.260129","3"
"10323","66000","387130000C","(04)23274275","(04)23288582","2026","1","25","13","35","臺中市","烏日區","0","0","0","7","","","50","","","","","","","","","","","","","","","","","","","B03","","","1","","1","","","7","7","1","13","4","120.641801","24.109152","3"
"10324","66000","387130000C","(04)23274275","(04)23288582","2026","1","25","13","36","臺中市","西屯區","0","0","0","7","","","40","","","","","","","","","","","","","","17","","","","","B03","","","1","","2","","","8","8","1","13","4","120.653716","24.162563","3"
"10325","66000","387130000C","(04)23274275","(04)23288582","2026","1","25","13","42","臺中市","西屯區","0","1","0","7","2","6","50","4","1","1","5","4","6","6","1","1","5","4","5","1","16","3","10","3","1","B03","7","6","1","8","2","8","","11","11","1","12","4","120.651198","24.166879","2"
"10326","66000","387130000C","(04)23274275","(04)23288582","2026","1","25","13","46","臺中市","西屯區","0","0","0","7","","","30","","","","","","","","","","","","","","13","","","","","B03","","","1","","1","","","7","7","1","12","4","120.650341","24.166101","3"
"10327","66000","387130000C","(04)23274275","(04)23288582","2026","1","25","13","48","臺中市","北屯區","0","0","0","7","","","50","","","","","","","","","","","","","","","","","","","C03","","","1","","2","","","59","59","1","12","4","120.671477","24.173897","3"
"10328","66000","387130000C","(04)23274275","(04)23288582","2026","1","25","13","54","臺中市","南區","0","0","0","7","","","30","","","","","","","","","","","","","","14","","","","","B03","","","1","","1","","","49","49","1","6","4","120.681696","24.130202","3"
"10329","66000","387130000C","(04)23274275","(04)23288582","2026","1","25","13","59","臺中市","西區","0","0","0","7","","","50","","","","","","","","","","","","","","9","","","","","H04","","","7","","10","","","98","98","1","13","4","120.655677","24.145862","3"
"10330","66000","387130000C","(04)23274275","(04)23288582","2026","1","25","14","1","臺中市","西區","0","1","0","7","2","6","0","4","1","1","5","4","6","6","1","1","10","5","5","2","17","2","9","2","1","C03","7","1","1","10","2","14","","51","51","1","12","4","120.657206","24.139285","2"
"10331","66000","387130000C","(04)23274275","(04)23288582","2026","1","25","14","2","臺中市","西區","0","0","0","7","","","50","","","","","","","","","","","","","","","","","","","B03","","","1","","1","","","39","39","1","12","4","120.661523","24.154863","3"
"10332","66000","387130000C","(04)23274275","(04)23288582","2026","1","25","14","4","臺中市","豐原區","0","0","0","7","","","50","","","","","","","","","","","","","","13","","","","","B03","","","1","","2","","","84","84","1","12","4","120.714211","24.236777","3"
"10333","66000","387130000C","(04)23274275","(04)23288582","2026","1","25","14","15","臺中市","南區","0","0","0","7","","","50","","","","","","","","","","","","","","","","","","","B03","","","1","","1","","","51","51","1","13","4","120.66582","24.120008","3"
"10334","66000","387130000C","(04)23274275","(04)23288582","2026","1","25","14","21","臺中市","龍井區","0","1","0","7","1","6","30","4","1","1","5","4","6","6","4","4","10","5","5","2","15","2","9","1","1","C03","7","9","1","10","2","12","","12","12","1","6","4","120.592907","24.188526","2"
"10335","66000","387130000C","(04)23274275","(04)23288582","2026","1","25","14","30","臺中市","北屯區","0","0","0","7","","","50","","","","","","","","","","","","","","14","","","","","B03","","","1","","1","","","49","49","1","12","4","120.701232","24.179543","3"
"10336","66000","387130000C","(04)23274275","(04)23288582","2026","1","25","14","30","臺中市","西屯區","0","0","0","7","","","50","","","","","","","","","","","","","","13","","","","","B03","","","1","","1","","","7","7","1","12","4","120.65263","24.166498","3"
"10337","66000","387130000C","(04)23274275","(04)23288582","2026","1","25","14","30","臺中市","西屯區","0","0","0","7","","","40","","","","","","","","","","","","","","17","","","","","","","","","","","","","119","119","1","","","120.64278","24.177909","3"
"10338","66000","387130000C","(04)23274275","(04)23288582","2026","1","25","14","33","臺中市","烏日區","0","0","0","7","","","30","","","","","","","","","","","","","","17","","","","","B03","","","1","","1","","","84","84","1","6","4","120.641556","24.07689","3"
"10339","66000","387130000C","(04)23274275","(04)23288582","2026","1","25","14","38","臺中市","南屯區","0","1","0","7","2","6","0","13","21","2","5","4","6","6","4","4","10","5","5","2","2","2","7","4","1","F01","7","9","7","21","2","16","","59","59","1","2","4","120.646174","24.135224","2"
"10340","66000","387130000C","(04)23274275","(04)23288582","2026","1","25","14","39","臺中市","清水區","0","0","0","7","2","6","60","13","7","1","5","4","6","6","1","1","8","3","4","1","13","","","","","B03","","","1","","1","","","7","7","1","12","4","120.558483","24.273392","3"
"10341","66000","387130000C","(04)23274275","(04)23288582","2026","1","25","14","54","臺中市","西屯區","0","2","0","7","2","6","50","5","1","1","5","4","6","6","2","1","10","5","5","2","16","2","9","5","4","C03","7","6","1","10","2","14","","11","11","1","13","4","120.66537","24.166911","2"
"10342","66000","387130000C","(04)23274275","(04)23288582","2026","1","25","14","55","臺中市","西屯區","0","0","0","7","","","50","","","","","","","","","","","","","","13","","","","","B03","","","1","","1","","","59","59","1","13","4","120.646121","24.164336","3"
"10343","66000","387130000C","(04)23274275","(04)23288582","2026","1","25","14","56","臺中市","大里區","0","1","0","7","2","6","50","3","1","1","5","4","6","6","2","1","5","4","4","1","16","3","10","3","1","B12","7","6","1","8","2","4","","11","11","1","6","4","120.689523","24.116503","2"
"10344","66000","387130000C","(04)23274275","(04)23288582","2026","1","25","15","0","臺中市","北屯區","0","1","0","7","2","6","40","13","8","1","5","4","6","6","4","4","1","4","4","2","18","2","9","1","1","C03","7","9","1","10","2","14","","5","5","1","6","4","120.686201","24.191651","2"
"10345","66000","387130000C","(04)23274275","(04)23288582","2026","1","25","15","0","臺中市","大里區","0","0","0","7","","","","","","","","","","","","","","","","","17","","","","","","","","","","","","","119","119","1","","","120.688236","24.113746","4"
"10346","66000","387130000C","(04)23274275","(04)23288582","2026","1","25","15","3","臺中市","北區","0","0","0","7","","","50","","","","","","","","","","","","","","17","","","","","B03","","","1","","2","","","49","49","1","13","4","120.679054","24.153308","3"
"10347","66000","387130000C","(04)23274275","(04)23288582","2026","1","25","15","7","臺中市","北區","0","0","0","7","","","50","","","","","","","","","","","","","","17","","","","","B03","","","1","","2","","","84","84","1","12","4","120.681081","24.167825","3"
"10348","66000","387130000C","(04)23274275","(04)23288582","2026","1","25","15","13","臺中市","豐原區","0","0","0","7","","","50","","","","","","","","","","","","","","13","","","","","B03","","","1","","1","","","7","7","1","12","4","120.711063","24.250358","3"
"10349","66000","387130000C","(04)23274275","(04)23288582","2026","1","25","15","20","臺中市","南區","0","0","0","7","","","50","","","","","","","","","","","","","","","","","","","B03","","","1","","11","","","84","84","1","12","4","120.658438","24.117399","3"
"10350","66000","387130000C","(04)23274275","(04)23288582","2026","1","25","15","21","臺中市","西區","0","1","0","7","2","6","40","4","1","1","5","4","6","6","1","1","1","4","1","2","13","3","10","1","1","C03","7","9","1","10","2","11","","84","84","1","12","4","120.659448","24.156959","2"
"10351","66000","387130000C","(04)23274275","(04)23288582","2026","1","25","15","23","臺中市","西屯區","0","2","0","7","2","6","40","13","8","1","5","4","6","6","4","4","1","4","4","2","12","2","9","1","1","C03","7","9","1","10","2","12","14","59","59","1","12","4","120.626505","24.181657","2"
"10352","66000","387130000C","(04)23274275","(04)23288582","2026","1","25","15","28","臺中市","霧峰區","0","0","0","7","","","40","","","","","","","","","","","","","","13","","","","","C03","","","1","","1","","","7","7","1","12","4","120.696244","24.065407","3"
"10353","66000","387130000C","(04)23274275","(04)23288582","2026","1","25","15","28","臺中市","太平區","0","0","0","7","","","50","","","","","","","","","","","","","","16","","","","","B03","","","1","","2","","","51","51","1","6","4","120.719315","24.112242","3"
"10354","66000","387130000C","(04)23274275","(04)23288582","2026","1","25","15","28","臺中市","大甲區","0","0","0","7","","","","","","","","","","","","","","","","","","","","","","","","","","","","","","119","119","1","","","120.633105","24.360097","4"
"10355","66000","387130000C","(04)23274275","(04)23288582","2026","1","25","15","30","臺中市","東區","0","1","0","7","3","6","50","13","24","1","5","4","6","6","4","4","5","5","5","2","16","3","10","5","4","B03","7","6","1","8","2","5","","20","20","1","12","4","120.701354","24.142459","2"
"10356","66000","387130000C","(04)23274275","(04)23288582","2026","1","25","15","34","臺中市","東勢區","0","0","0","7","","","50","","","","","","","","","","","","","","1","3","10","5","4","B03","7","6","1","19","1","7","","8","8","1","13","4","120.8422","24.252462","3"
"10357","66000","387130000C","(04)23274275","(04)23288582","2026","1","25","15","40","臺中市","北屯區","0","0","0","7","","","50","","","","","","","","","","","","","","17","","","","","B03","","","1","","1","","","51","51","1","6","4","120.694326","24.172395","3"
"10358","66000","387130000C","(04)23274275","(04)23288582","2026","1","25","15","46","臺中市","太平區","0","0","0","7","","","30","","","","","","","","","","","","","","","","","","","B03","","","1","","2","","","49","49","1","12","4","120.712617","24.149097","3"
"10359","66000","387130000C","(04)23274275","(04)23288582","2026","1","25","15","48","臺中市","大里區","0","0","0","7","","","50","","","","","","","","","","","","","","","","","","","B03","","","1","","2","","","85","85","1","12","4","120.708011","24.111542","3"
"10360","66000","387130000C","(04)23274275","(04)23288582","2026","1","25","15","55","臺中市","西屯區","0","0","0","7","","","50","","","","","","","","","","","","","","12","","","","","B03","","","1","","2","","","11","11","1","12","4","120.615304","24.18913","3"
"10361","66000","387130000C","(04)23274275","(04)23288582","2026","1","25","15","57","臺中市","神岡區","0","0","0","7","","","50","","","","","","","","","","","","","","17","","","","","B03","","","1","","2","","","11","11","1","13","4","120.659241","24.276854","3"
"10362","66000","387130000C","(04)23274275","(04)23288582","2026","1","25","16","0","臺中市","西區","0","0","0","7","","","50","","","","","","","","","","","","","","13","","","","","C03","","","1","","1","","","7","7","1","13","4","120.665201","24.14668","3"
"10363","66000","387130000C","(04)23274275","(04)23288582","2026","1","25","16","1","臺中市","豐原區","0","0","0","7","","","30","","","","","","","","","","","","","","14","","","","","B03","","","1","","2","","","49","49","1","12","4","120.722718","24.24518","3"
"10364","66000","387130000C","(04)23274275","(04)23288582","2026","1","25","16","3","臺中市","北區","0","1","0","7","2","6","50","13","9","1","5","4","1","6","4","4","1","4","5","2","17","3","10","5","4","B01","7","14","1","4","2","2","","84","84","1","13","4","120.683351","24.148662","2"
"10365","66000","387130000C","(04)23274275","(04)23288582","2026","1","25","16","6","臺中市","潭子區","0","0","0","7","","","50","","","","","","","","","","","","","","","","","","","C03","","","1","","2","","","21","21","1","13","4","120.687465","24.225684","3"
"10366","66000","387130000C","(04)23274275","(04)23288582","2026","1","25","16","9","臺中市","太平區","0","2","0","7","2","6","50","4","1","2","5","4","6","6","2","1","10","5","5","2","13","2","9","1","1","C03","7","9","1","10","2","11","14","21","21","1","12","4","120.70392","24.159466","2"
"10367","66000","387130000C","(04)23274275","(04)23288582","2026","1","25","16","17","臺中市","北屯區","0","0","0","7","","","40","","","","","","","","","","","","","","","","","","","B03","","","1","","1","","","84","84","1","12","4","120.66838","24.178866","3"
"10368","66000","387130000C","(04)23274275","(04)23288582","2026","1","25","16","22","臺中市","太平區","0","0","0","7","","3","80","","","","","","","","","","","","","","13","","","","","B03","","","1","","2","","","7","7","1","12","4","120.716552","24.153912","3"
"10369","66000","387130000C","(04)23274275","(04)23288582","2026","1","25","16","24","臺中市","西屯區","0","0","0","7","","","30","","","","","","","","","","","","","","12","","","","","B03","","","1","","2","","","8","8","1","12","4","120.646416","24.18275","3"
"10370","66000","387130000C","(04)23274275","(04)23288582","2026","1","25","16","32","臺中市","西區","0","0","0","7","","","50","","","","","","","","","","","","","","13","","","","","B03","","","1","","1","","","7","7","1","13","4","120.662683","24.161142","3"
"10371","66000","387130000C","(04)23274275","(04)23288582","2026","1","25","16","35","臺中市","南屯區","0","0","0","7","","","50","","","","","","","","","","","","","","13","","","","","C03","","","1","","1","","","85","85","1","12","4","120.648523","24.153638","3"
"10372","66000","387130000C","(04)23274275","(04)23288582","2026","1","25","16","35","臺中市","豐原區","0","0","0","7","","","50","","","","","","","","","","","","","","12","","","","","B03","","","1","","2","","","47","47","1","12","4","120.735985","24.260779","3"
"10373","66000","387130000C","(04)23274275","(04)23288582","2026","1","25","16","42","臺中市","北區","0","0","0","7","","","50","","","","","","","","","","","","","","","","","","","B03","","","1","","1","","","40","40","1","12","4","120.6759","24.14555","3"
"10374","66000","387130000C","(04)23274275","(04)23288582","2026","1","25","16","45","臺中市","北屯區","0","1","0","7","2","6","50","13","7","1","5","4","6","6","4","4","5","4","4","2","13","2","9","1","1","C03","7","9","1","10","2","11","","21","21","1","6","4","120.740952","24.178479","2"
"10375","66000","387130000C","(04)23274275","(04)23288582","2026","1","25","16","49","臺中市","東區","0","1","0","7","2","6","50","4","1","1","5","4","6","6","4","4","9","5","5","2","18","2","9","2","1","C03","7","9","1","10","2","14","","84","84","1","13","4","120.688378","24.133049","2"
"10376","66000","387130000C","(04)23274275","(04)23288582","2026","1","25","16","50","臺中市","南屯區","0","0","0","7","","","50","","","","","","","","","","","","","","","","","","","B03","","","1","","2","","","40","40","1","12","4","120.615707","24.147163","3"
"10377","66000","387130000C","(04)23274275","(04)23288582","2026","1","25","16","52","臺中市","西區","0","0","0","7","","","50","","","","","","","","","","","","","","13","","","","","B01","","","1","","1","","","84","84","1","12","4","120.663029","24.15492","3"
"10378","66000","387130000C","(04)23274275","(04)23288582","2026","1","25","16","54","臺中市","大甲區","0","1","0","7","3","6","50","13","9","1","5","4","6","6","4","4","5","5","4","1","17","2","9","1","1","C03","7","9","1","10","2","11","","7","7","1","6","4","120.628687","24.352699","2"
"10379","66000","387130000C","(04)23274275","(04)23288582","2026","1","25","16","55","臺中市","北區","0","0","0","7","","","50","","","","","","","","","","","","","","30","","","","","B03","","","1","","2","","","84","84","1","12","4","120.675623","24.159292","3"
"10380","66000","387130000C","(04)23274275","(04)23288582","2026","1","25","16","55","臺中市","西屯區","0","0","0","7","","","50","","","","","","","","","","","","","","14","","","","","B03","","","1","","2","","","49","49","1","12","4","120.637801","24.203702","3"