序號,縣市別代碼,機關代碼,市話,傳真,年,月,日,時,分,縣市,區,死亡數量,受傷數量,2-30,天候,道路照明設備,道路類別,道路速限,道路型態,事故位置,路面鋪裝,路面狀態,路面缺陷,障礙物,視距,號誌種類,號誌動作,分向設施,快車道或一般車道間,快慢車道間,路面邊線,事故類型及型態,受傷程度,主要傷處,保護裝備,行動電話或功能裝置,當事者區分(類別),車輛用途,當事者行動狀態,駕照狀態,駕照種類,飲酒情形,車輛撞擊部位最初,車輛撞擊部位其他,肇事因素個別,肇事因素主要,肇事逃逸,職業,共享經濟或外送平台,GPS座標X,GPS座標Y,事故類別
"10381","66000","387130000C","(04)23274275","(04)23288582","2026","1","25","16","59","臺中市","西屯區","0","0","0","7","","","0","","","","","","","","","","","","","","14","","","","","B03","","","1","","1","","","50","50","1","12","4","120.636623","24.175758","3"
"10382","66000","387130000C","(04)23274275","(04)23288582","2026","1","25","17","0","臺中市","東勢區","0","1","0","7","3","8","15","13","24","1","5","4","6","6","4","4","5","5","5","1","11","3","10","5","4","F01","7","9","7","21","2","11","","7","7","1","13","4","120.810864","24.278747","2"
"10383","66000","387130000C","(04)23274275","(04)23288582","2026","1","25","17","5","臺中市","大肚區","0","3","0","7","2","6","30","4","1","1","5","4","6","6","4","4","10","5","5","2","15","2","9","1","1","C03","7","9","3","19","2","11","","12","12","1","6","4","120.577813","24.174429","2"
"10384","66000","387130000C","(04)23274275","(04)23288582","2026","1","25","17","5","臺中市","后里區","0","0","0","7","3","6","50","13","14","1","5","4","6","6","4","4","9","5","5","1","17","3","10","3","1","B03","7","3","1","8","2","6","","84","84","1","6","4","120.717313","24.307375","3"
"10385","66000","387130000C","(04)23274275","(04)23288582","2026","1","25","17","14","臺中市","大甲區","0","0","0","7","","","50","","","","","","","","","","","","","","","","","","","C03","","","1","","1","","","7","7","1","6","4","120.617054","24.349188","3"
"10386","66000","387130000C","(04)23274275","(04)23288582","2026","1","25","17","16","臺中市","北屯區","0","0","0","7","","","50","","","","","","","","","","","","","","13","","","","","C03","","","1","","2","","","7","7","1","6","4","120.693583","24.163562","3"
"10387","66000","387130000C","(04)23274275","(04)23288582","2026","1","25","17","19","臺中市","南屯區","0","1","0","7","2","6","50","13","9","1","5","4","6","6","4","4","5","2","5","2","28","2","9","1","1","C03","7","9","1","10","2","11","","87","87","1","6","4","120.578838","24.144308","2"
"10388","66000","387130000C","(04)23274275","(04)23288582","2026","1","25","17","25","臺中市","沙鹿區","0","0","0","7","","","60","","","","","","","","","","","","","","","","","","","B03","","","1","","2","","","7","7","1","6","4","120.575556","24.251983","3"
"10389","66000","387130000C","(04)23274275","(04)23288582","2026","1","25","17","25","臺中市","沙鹿區","0","0","0","7","2","6","50","13","9","1","5","4","6","6","4","4","4","4","5","1","13","","","","","C03","","","1","","2","","","7","7","1","12","4","120.574035","24.22866","3"
"10390","66000","387130000C","(04)23274275","(04)23288582","2026","1","25","17","30","臺中市","北區","0","0","0","7","","","50","","","","","","","","","","","","","","17","","","","","C03","","","1","","2","","","40","40","1","13","4","120.682824","24.145892","3"
"10391","66000","387130000C","(04)23274275","(04)23288582","2026","1","25","17","36","臺中市","豐原區","0","1","0","7","1","6","50","13","7","1","5","4","6","6","4","4","5","5","4","2","6","2","9","6","5","H01","8","18","7","21","10","17","","95","95","1","1","5","120.715354","24.23937","2"
"10392","66000","387130000C","(04)23274275","(04)23288582","2026","1","25","17","42","臺中市","外埔區","0","2","0","7","1","6","30","3","1","1","5","4","6","6","4","4","5","5","5","2","16","3","10","3","1","B03","7","5","1","8","2","8","","12","12","1","12","4","120.68838","24.32166","2"
"10393","66000","387130000C","(04)23274275","(04)23288582","2026","1","25","17","44","臺中市","潭子區","0","0","0","7","","","50","","","","","","","","","","","","","","12","","","","","B03","","","1","","2","","","40","40","1","12","4","120.704172","24.201059","3"
"10394","66000","387130000C","(04)23274275","(04)23288582","2026","1","25","17","46","臺中市","梧棲區","0","0","0","7","","","40","","","","","","","","","","","","","","13","","","","","B03","","","1","","1","","","7","7","1","12","4","120.526376","24.222339","3"
"10395","66000","387130000C","(04)23274275","(04)23288582","2026","1","25","17","48","臺中市","西區","0","0","0","7","","","40","","","","","","","","","","","","","","","","","","","B01","","","1","","1","","","76","76","1","12","4","120.664527","24.154108","3"
"10396","66000","387130000C","(04)23274275","(04)23288582","2026","1","25","17","50","臺中市","北屯區","0","0","0","7","","","50","","","","","","","","","","","","","","17","","","","","C03","","","1","","1","","","51","51","1","6","4","120.717049","24.17526","3"
"10397","66000","387130000C","(04)23274275","(04)23288582","2026","1","25","17","52","臺中市","北區","0","1","0","7","1","6","50","3","1","1","5","4","6","6","1","1","10","5","5","2","17","2","9","5","4","C03","7","9","1","10","2","12","","84","84","1","13","4","120.668632","24.166962","2"
"10398","66000","387130000C","(04)23274275","(04)23288582","2026","1","25","17","53","臺中市","西屯區","0","2","0","7","1","6","50","4","1","1","5","4","6","6","1","1","10","5","5","2","16","2","7","1","1","C03","7","6","1","10","2","11","12","11","11","1","12","4","120.662149","24.163579","2"
"10399","66000","387130000C","(04)23274275","(04)23288582","2026","1","25","17","53","臺中市","西屯區","0","0","0","7","","","50","","","","","","","","","","","","","","14","","","","","B03","","","1","","1","","","49","49","2","12","4","120.655284","24.164637","3"
"10400","66000","387130000C","(04)23274275","(04)23288582","2026","1","25","17","57","臺中市","霧峰區","0","0","0","7","","","40","","","","","","","","","","","","","","","","","","","B03","","","1","","2","","","51","51","1","6","4","120.687439","24.085633","3"
"10401","66000","387130000C","(04)23274275","(04)23288582","2026","1","25","18","0","臺中市","東區","0","0","0","7","","","50","","","","","","","","","","","","","","17","","","","","C03","","","1","","1","","","85","85","1","12","4","120.687991","24.143024","3"
"10402","66000","387130000C","(04)23274275","(04)23288582","2026","1","25","18","1","臺中市","北屯區","0","0","0","7","","","50","","","","","","","","","","","","","","","","","","","C03","","","5","","2","","","1","1","1","6","4","120.694223","24.176299","4"
"10403","66000","387130000C","(04)23274275","(04)23288582","2026","1","25","18","2","臺中市","沙鹿區","0","1","0","7","1","6","30","13","9","1","5","4","6","6","4","4","10","5","5","2","28","3","10","1","1","C03","7","9","1","10","2","16","","43","43","1","12","4","120.562511","24.226349","2"
"10404","66000","387130000C","(04)23274275","(04)23288582","2026","1","25","18","3","臺中市","梧棲區","0","0","0","7","","","40","","","","","","","","","","","","","","13","","","","","B03","","","1","","1","","","7","7","1","12","4","120.525635","24.224559","3"
"10405","66000","387130000C","(04)23274275","(04)23288582","2026","1","25","18","6","臺中市","南區","0","0","0","7","","","50","","","","","","","","","","","","","","17","","","","","C03","","","1","","9","","","84","84","1","12","4","120.683071","24.130126","3"
"10406","66000","387130000C","(04)23274275","(04)23288582","2026","1","25","18","6","臺中市","南屯區","0","0","0","7","","","50","","","","","","","","","","","","","","18","","","","","C02","","","1","","2","","","84","84","1","12","4","120.635147","24.153125","3"
"10407","66000","387130000C","(04)23274275","(04)23288582","2026","1","25","18","10","臺中市","外埔區","0","0","0","7","2","6","50","12","9","1","5","4","6","6","4","4","5","5","5","2","17","3","10","3","1","B12","7","9","1","8","1","3","","82","82","1","6","4","120.689062","24.330202","3"
"10408","66000","387130000C","(04)23274275","(04)23288582","2026","1","25","18","11","臺中市","太平區","0","0","0","7","","","50","","","","","","","","","","","","","","","","","","","B03","","","1","","2","","","50","50","1","12","4","120.718629","24.147919","3"
"10409","66000","387130000C","(04)23274275","(04)23288582","2026","1","25","18","14","臺中市","北區","0","0","0","7","","","50","","","","","","","","","","","","","","","","","","","B03","","","1","","2","","","49","49","1","12","4","120.688972","24.155111","3"
"10410","66000","387130000C","(04)23274275","(04)23288582","2026","1","25","18","15","臺中市","烏日區","0","0","0","7","","","60","","","","","","","","","","","","","","13","","","","","B03","","","1","","1","","","7","7","1","6","4","120.612438","24.10646","3"
"10411","66000","387130000C","(04)23274275","(04)23288582","2026","1","25","18","15","臺中市","龍井區","0","1","0","6","1","6","30","4","1","1","5","4","6","6","4","4","10","5","5","2","15","2","9","1","1","C03","7","9","1","10","2","11","","12","12","1","6","4","120.578179","24.18087","2"
"10412","66000","387130000C","(04)23274275","(04)23288582","2026","1","25","18","17","臺中市","豐原區","0","0","0","7","","","50","","","","","","","","","","","","","","14","","","","","B12","","","1","","2","","","49","49","1","13","4","120.728829","24.250817","3"
"10413","66000","387130000C","(04)23274275","(04)23288582","2026","1","25","18","18","臺中市","西屯區","0","1","0","7","1","6","50","3","2","1","5","4","6","6","4","4","9","4","5","2","16","3","10","1","1","C03","7","6","1","10","2","12","","14","14","1","12","2","120.641428","24.182978","2"
"10414","66000","387130000C","(04)23274275","(04)23288582","2026","1","25","18","20","臺中市","沙鹿區","0","0","0","7","1","6","","4","9","1","5","4","6","6","1","1","1","3","5","2","12","","","","","","","","","","","","","119","119","1","","","120.57123","24.225762","3"
"10415","66000","387130000C","(04)23274275","(04)23288582","2026","1","25","18","26","臺中市","龍井區","0","3","0","6","1","6","50","13","9","1","5","4","6","6","4","4","9","5","5","1","17","2","9","1","1","C03","7","8","1","10","2","14","","42","42","1","6","4","120.585377","24.185763","2"
"10416","66000","387130000C","(04)23274275","(04)23288582","2026","1","25","18","48","臺中市","南屯區","0","0","0","7","1","6","50","13","9","1","5","4","6","6","1","1","5","4","5","2","13","","","","","B02","","","1","","9","","","59","59","2","12","4","120.631186","24.142851","3"
"10417","66000","387130000C","(04)23274275","(04)23288582","2026","1","25","18","50","臺中市","沙鹿區","0","1","0","7","2","6","50","4","1","1","5","4","6","6","1","1","10","5","5","2","18","2","9","2","1","C03","7","9","1","10","2","12","","87","87","1","6","4","120.563833","24.206311","2"
"10418","66000","387130000C","(04)23274275","(04)23288582","2026","1","25","18","55","臺中市","大雅區","0","2","0","7","1","6","30","3","1","1","5","4","6","6","4","4","4","3","5","1","17","2","8","5","4","C03","7","11","3","19","2","14","","20","20","1","13","4","120.646473","24.226004","2"
"10419","66000","387130000C","(04)23274275","(04)23288582","2026","1","25","18","59","臺中市","北區","0","0","0","7","","","50","","","","","","","","","","","","","","14","","","","","B12","","","1","","1","","","49","49","1","12","4","120.671059","24.173642","4"
"10420","66000","387130000C","(04)23274275","(04)23288582","2026","1","25","19","2","臺中市","清水區","0","1","0","7","1","6","40","13","7","1","5","4","6","6","4","4","1","4","4","2","17","3","10","3","1","B03","7","1","1","8","2","8","","51","51","1","12","4","120.571156","24.25939","2"
"10421","66000","387130000C","(04)23274275","(04)23288582","2026","1","25","19","10","臺中市","北區","0","0","0","7","","","50","","","","","","","","","","","","","","17","","","","","B01","","","1","","1","","","51","51","1","13","4","120.676911","24.150669","3"
"10422","66000","387130000C","(04)23274275","(04)23288582","2026","1","25","19","14","臺中市","大肚區","0","2","0","7","1","6","50","4","1","1","5","4","6","6","2","1","5","5","4","1","16","2","8","1","1","C03","7","6","3","19","2","14","","11","11","1","12","4","120.54492","24.154525","2"
"10423","66000","387130000C","(04)23274275","(04)23288582","2026","1","25","19","20","臺中市","烏日區","0","0","0","7","","","50","","","","","","","","","","","","","","17","","","","","B03","","","1","","2","","","87","87","1","6","4","120.623734","24.106133","3"
"10424","66000","387130000C","(04)23274275","(04)23288582","2026","1","25","19","22","臺中市","南區","0","0","0","7","","","50","","","","","","","","","","","","","","","","","","","B03","","","1","","1","","","7","7","1","12","4","120.683199","24.128679","3"
"10425","66000","387130000C","(04)23274275","(04)23288582","2026","1","25","19","23","臺中市","南區","0","0","0","7","","","50","","","","","","","","","","","","","","12","","","","","B03","","","1","","1","","","84","84","1","13","4","120.660113","24.126492","3"
"10426","66000","387130000C","(04)23274275","(04)23288582","2026","1","25","19","27","臺中市","梧棲區","0","0","0","7","","","50","","","","","","","","","","","","","","14","","","","","B03","","","1","","1","","","49","49","1","12","4","120.532592","24.259309","3"
"10427","66000","387130000C","(04)23274275","(04)23288582","2026","1","25","19","36","臺中市","東區","0","0","0","7","","","50","","","","","","","","","","","","","","17","","","","","B03","","","1","","1","","","51","51","1","12","4","120.686694","24.136655","3"
"10428","66000","387130000C","(04)23274275","(04)23288582","2026","1","25","19","40","臺中市","后里區","0","1","0","7","1","6","50","3","1","1","5","4","6","6","4","4","9","4","5","1","17","2","9","1","1","C03","7","6","1","10","2","11","12","14","14","1","6","4","120.722941","24.308795","2"
"10429","66000","387130000C","(04)23274275","(04)23288582","2026","1","25","19","44","臺中市","中區","0","0","0","7","","","50","","","","","","","","","","","","","","12","","","","","A02","","","1","","1","","","8","8","1","12","4","120.679929","24.137964","3"
"10430","66000","387130000C","(04)23274275","(04)23288582","2026","1","25","19","44","臺中市","南區","0","0","0","7","","","50","","","","","","","","","","","","","","12","","","","","B03","","","1","","1","","","8","8","1","13","4","120.650059","24.120652","3"
"10431","66000","387130000C","(04)23274275","(04)23288582","2026","1","25","20","0","臺中市","潭子區","0","0","0","7","","","0","","","","","","","","","","","","","","","","","","","B03","","","1","","2","","","51","51","1","13","4","120.709063","24.227552","3"
"10432","66000","387130000C","(04)23274275","(04)23288582","2026","1","25","20","4","臺中市","沙鹿區","0","1","0","7","1","6","60","3","2","1","5","4","6","6","2","1","1","4","5","2","13","2","8","3","1","B03","7","5","3","19","2","8","","7","7","1","12","4","120.606321","24.247247","2"
"10433","66000","387130000C","(04)23274275","(04)23288582","2026","1","25","20","4","臺中市","梧棲區","0","0","0","7","","","50","","","","","","","","","","","","","","13","","","","","B03","","","1","","2","","","84","84","1","12","4","120.549407","24.23939","3"
"10434","66000","387130000C","(04)23274275","(04)23288582","2026","1","25","20","4","臺中市","神岡區","0","0","0","7","","","40","","","","","","","","","","","","","","22","","","","","B03","","","1","","1","","","84","84","1","6","4","120.669403","24.245748","3"
"10435","66000","387130000C","(04)23274275","(04)23288582","2026","1","25","20","9","臺中市","大里區","0","0","0","7","","","50","","","","","","","","","","","","","","13","","","","","C03","","","1","","2","","","7","7","1","12","4","120.70308","24.089717","3"
"10436","66000","387130000C","(04)23274275","(04)23288582","2026","1","25","20","16","臺中市","東區","0","0","0","7","","","50","","","","","","","","","","","","","","15","","","","","C03","","","1","","1","","","15","15","1","12","4","120.690999","24.14547","4"
"10437","66000","387130000C","(04)23274275","(04)23288582","2026","1","25","20","18","臺中市","外埔區","0","0","0","7","","","50","","","","","","","","","","","","","","9","","","","","B03","","","1","","2","","","50","50","1","13","4","120.639017","24.343808","3"
"10438","66000","387130000C","(04)23274275","(04)23288582","2026","1","25","20","20","臺中市","東區","0","0","0","7","","","50","","","","","","","","","","","","","","14","","","","","B03","","","1","","1","","","50","50","1","13","4","120.689741","24.145466","3"
"10439","66000","387130000C","(04)23274275","(04)23288582","2026","1","25","20","20","臺中市","西屯區","0","0","0","7","","","40","","","","","","","","","","","","","","17","","","","","B03","","","1","","2","","","8","8","1","13","4","120.651659","24.161729","3"
"10440","66000","387130000C","(04)23274275","(04)23288582","2026","1","25","20","20","臺中市","新社區","0","0","0","7","","","50","","","","","","","","","","","","","","17","","","","","C03","","","1","","2","","","14","14","1","13","4","120.797497","24.206629","3"
"10441","66000","387130000C","(04)23274275","(04)23288582","2026","1","25","20","28","臺中市","西屯區","0","0","0","7","","","50","","","","","","","","","","","","","","12","","","","","B03","","","1","","2","","","40","40","1","12","4","120.611363","24.190836","3"
"10442","66000","387130000C","(04)23274275","(04)23288582","2026","1","25","20","32","臺中市","南區","0","0","0","7","","","50","","","","","","","","","","","","","","","","","","","B03","","","1","","1","","","87","87","1","12","4","120.665901","24.11677","3"
"10443","66000","387130000C","(04)23274275","(04)23288582","2026","1","25","20","35","臺中市","北屯區","0","1","0","7","1","6","50","13","9","1","5","4","6","6","4","4","9","5","5","2","16","3","10","3","1","B03","7","5","1","8","1","5","","20","20","1","12","4","120.707827","24.190689","2"
"10444","66000","387130000C","(04)23274275","(04)23288582","2026","1","25","20","45","臺中市","東區","0","1","0","7","1","6","50","4","1","1","5","4","6","6","2","1","10","5","5","2","17","2","5","1","1","C03","7","8","1","10","2","14","","42","42","1","12","4","120.692385","24.139352","2"
"10445","66000","387130000C","(04)23274275","(04)23288582","2026","1","25","20","46","臺中市","北區","0","0","0","7","","","0","","","","","","","","","","","","","","17","","","","","C03","","","6","","2","","","85","85","1","13","4","120.688072","24.152252","4"
"10446","66000","387130000C","(04)23274275","(04)23288582","2026","1","25","20","50","臺中市","西屯區","0","1","0","7","1","6","50","4","1","1","5","4","6","6","2","1","10","5","5","2","3","3","10","3","1","B03","7","6","5","8","2","5","","10","10","1","12","4","120.642257","24.177761","2"
"10447","66000","387130000C","(04)23274275","(04)23288582","2026","1","25","20","54","臺中市","北屯區","0","1","0","7","1","6","50","13","9","1","5","4","6","6","4","4","3","4","5","2","13","2","9","1","1","C03","7","9","1","10","2","11","","84","84","1","13","4","120.669369","24.173734","2"
"10448","66000","387130000C","(04)23274275","(04)23288582","2026","1","25","21","8","臺中市","東區","0","0","0","7","","","50","","","","","","","","","","","","","","17","","","","","B01","","","1","","1","","","84","84","1","12","4","120.690533","24.131988","3"
"10449","66000","387130000C","(04)23274275","(04)23288582","2026","1","25","21","25","臺中市","南屯區","0","2","0","7","1","6","50","13","9","1","5","4","6","6","4","4","9","4","5","2","3","2","8","1","1","C03","7","9","1","10","2","11","","59","59","1","6","2","120.651952","24.136053","2"
"10450","66000","387130000C","(04)23274275","(04)23288582","2026","1","25","21","32","臺中市","豐原區","0","0","0","7","","","50","","","","","","","","","","","","","","13","","","","","A04","","","1","","2","","","7","7","1","12","4","120.751463","24.270878","3"
"10451","66000","387130000C","(04)23274275","(04)23288582","2026","1","25","21","55","臺中市","北區","0","0","0","7","","","30","","","","","","","","","","","","","","","","","","","B03","","","1","","1","","","7","7","1","12","4","120.686892","24.146234","3"
"10452","66000","387130000C","(04)23274275","(04)23288582","2026","1","25","21","55","臺中市","太平區","0","1","0","7","1","6","50","5","4","1","5","4","6","6","1","1","1","4","5","1","17","3","10","3","1","B12","7","1","1","8","2","1","","58","58","1","12","4","120.708283","24.133973","2"
"10453","66000","387130000C","(04)23274275","(04)23288582","2026","1","25","22","3","臺中市","東區","0","1","0","7","3","6","50","3","2","1","5","4","6","6","4","4","10","5","5","2","17","2","9","5","4","C03","7","9","1","10","2","12","","84","84","1","12","4","120.700796","24.135143","2"
"10454","66000","387130000C","(04)23274275","(04)23288582","2026","1","25","22","9","臺中市","豐原區","0","0","0","7","","","30","","","","","","","","","","","","","","17","","","","","B03","","","1","","2","","","51","51","1","12","4","120.730357","24.249886","3"
"10455","66000","387130000C","(04)23274275","(04)23288582","2026","1","25","22","19","臺中市","南屯區","0","0","0","7","","","50","","","","","","","","","","","","","","","","","","","B03","","","1","","1","","","59","59","1","13","4","120.646629","24.140096","3"
"10456","66000","387130000C","(04)23274275","(04)23288582","2026","1","25","22","20","臺中市","沙鹿區","0","0","0","6","","","50","","","","","","","","","","","","","","14","","","","","B03","","","1","","2","","","49","49","1","12","4","120.551087","24.23207","3"
"10457","66000","387130000C","(04)23274275","(04)23288582","2026","1","25","22","25","臺中市","外埔區","0","3","0","7","1","6","50","4","1","1","5","4","6","6","4","4","5","4","5","1","13","2","8","1","1","C03","7","9","1","10","2","11","12","59","59","1","6","4","120.638478","24.342076","2"
"10458","66000","387130000C","(04)23274275","(04)23288582","2026","1","25","22","28","臺中市","梧棲區","0","1","0","7","1","6","50","13","14","1","5","4","6","6","4","4","1","4","5","1","12","2","9","1","1","C03","7","9","1","10","1","11","","55","55","1","12","4","120.548748","24.241814","2"
"10459","66000","387130000C","(04)23274275","(04)23288582","2026","1","25","22","37","臺中市","西屯區","0","1","0","7","1","6","50","3","2","1","5","4","6","6","4","4","9","4","4","2","15","2","8","1","1","C03","7","9","1","9","2","14","","12","12","1","12","4","120.644448","24.178785","2"
"10460","66000","387130000C","(04)23274275","(04)23288582","2026","1","25","22","43","臺中市","北屯區","0","0","0","7","","","50","","","","","","","","","","","","","","14","","","","","B03","","","1","","1","","","7","7","1","6","4","120.703643","24.17278","3"
"10461","66000","387130000C","(04)23274275","(04)23288582","2026","1","25","22","57","臺中市","北屯區","0","1","0","7","3","6","50","4","1","1","5","4","6","6","1","1","10","5","5","2","16","3","10","3","1","B03","7","5","1","8","2","5","","85","85","1","6","4","120.686306","24.186899","2"
"10462","66000","387130000C","(04)23274275","(04)23288582","2026","1","25","23","3","臺中市","西屯區","0","0","0","7","","","50","","","","","","","","","","","","","","12","","","","","B02","","","1","","2","","","40","40","1","12","4","120.6391","24.16925","3"
"10463","66000","387130000C","(04)23274275","(04)23288582","2026","1","25","23","22","臺中市","南區","0","0","0","7","","","50","","","","","","","","","","","","","","","","","","","C03","","","1","","2","","","84","84","1","12","4","120.678781","24.127428","3"
"10464","66000","387130000C","(04)23274275","(04)23288582","2026","1","25","23","30","臺中市","沙鹿區","0","0","0","7","","","60","","","","","","","","","","","","","","13","","","","","B03","","","1","","2","","","61","61","1","12","4","120.581331","24.207669","3"
"10465","66000","387130000C","(04)23274275","(04)23288582","2026","1","25","23","57","臺中市","北屯區","0","2","0","7","1","6","30","3","1","1","5","4","6","6","4","4","10","5","5","2","17","2","9","2","1","C03","7","6","1","10","2","11","","14","14","1","6","4","120.665089","24.180119","2"
"10466","66000","387130000C","(04)23274275","(04)23288582","2026","1","25","23","58","臺中市","北屯區","0","0","0","7","","","50","","","","","","","","","","","","","","13","","","","","B03","","","5","","1","","","59","59","1","6","4","120.671434","24.173943","3"
"10467","66000","387130000C","(04)23274275","(04)23288582","2026","1","26","0","1","臺中市","西區","0","1","0","6","1","6","50","5","1","1","5","4","6","6","1","1","10","5","5","2","17","3","10","3","1","B03","7","9","1","8","2","2","","7","7","1","12","4","120.672554","24.131784","2"
"10468","66000","387130000C","(04)23274275","(04)23288582","2026","1","26","0","20","臺中市","北區","0","0","0","7","","","50","","","","","","","","","","","","","","15","","","","","C03","","","1","","1","","","21","21","1","12","4","120.691825","24.160146","3"
"10469","66000","387130000C","(04)23274275","(04)23288582","2026","1","26","0","46","臺中市","大雅區","0","0","0","7","","","50","","","","","","","","","","","","","","","","","","","C03","","","1","","2","","","84","84","1","12","4","120.638189","24.24656","3"
"10470","66000","387130000C","(04)23274275","(04)23288582","2026","1","26","1","10","臺中市","后里區","0","0","0","7","1","6","","13","9","1","5","4","6","6","4","4","5","4","5","2","17","","","","","","","","","","","","","86","86","2","","","120.691943","24.312634","3"
"10471","66000","387130000C","(04)23274275","(04)23288582","2026","1","26","1","17","臺中市","中區","0","0","0","6","","","50","","","","","","","","","","","","","","","","","","","B02","","","1","","2","","","8","8","1","12","4","120.663128","24.14306","3"
"10472","66000","387130000C","(04)23274275","(04)23288582","2026","1","26","1","18","臺中市","北區","0","0","0","7","","","50","","","","","","","","","","","","","","17","","","","","B13","","","1","","2","","","84","84","1","12","4","120.697449","24.153909","3"
"10473","66000","387130000C","(04)23274275","(04)23288582","2026","1","26","1","26","臺中市","太平區","0","1","0","7","1","6","50","4","1","1","5","4","6","6","2","1","10","5","5","2","16","3","10","3","1","B03","7","6","1","8","2","8","","11","11","2","12","4","120.713892","24.145054","2"
"10474","66000","387130000C","(04)23274275","(04)23288582","2026","1","26","1","43","臺中市","中區","0","2","0","7","2","6","50","4","1","1","5","4","6","6","1","1","10","5","5","2","17","2","9","2","1","C03","7","6","1","10","2","11","","36","36","1","12","4","120.682132","24.135706","2"
"10475","66000","387130000C","(04)23274275","(04)23288582","2026","1","26","1","48","臺中市","北區","0","1","0","7","1","6","50","13","8","1","5","4","6","6","4","4","5","5","4","2","17","2","9","1","1","C03","7","9","3","19","2","11","","84","84","1","12","4","120.681754","24.151864","2"
"10476","66000","387130000C","(04)23274275","(04)23288582","2026","1","26","2","49","臺中市","北區","0","1","0","7","1","6","50","3","1","1","5","4","6","6","4","4","10","5","5","2","18","2","9","1","1","C03","7","9","4","10","2","12","","52","52","1","12","2","120.673039","24.153807","2"
"10477","66000","387130000C","(04)23274275","(04)23288582","2026","1","26","4","12","臺中市","南區","0","3","0","7","1","6","50","3","2","1","5","4","6","6","4","4","2","4","4","2","13","2","9","2","1","C03","7","10","1","10","2","13","","84","84","1","5","4","120.67936","24.120931","2"
"10478","66000","387130000C","(04)23274275","(04)23288582","2026","1","26","6","26","臺中市","豐原區","0","0","0","7","","","30","","","","","","","","","","","","","","19","","","","","B03","","","1","","2","","","84","84","1","6","4","120.72824","24.26732","3"
"10479","66000","387130000C","(04)23274275","(04)23288582","2026","1","26","6","29","臺中市","豐原區","0","1","0","6","2","6","50","3","1","1","5","4","6","6","3","1","5","5","4","2","17","3","10","3","1","B03","7","9","1","8","2","8","","6","6","1","6","4","120.739143","24.255786","2"
"10480","66000","387130000C","(04)23274275","(04)23288582","2026","1","26","6","42","臺中市","西屯區","0","2","0","7","2","6","50","13","9","1","5","4","6","6","4","4","5","5","5","2","12","2","8","1","1","C03","7","6","1","10","2","14","","48","48","1","12","4","120.589687","24.176449","2"
"10481","66000","387130000C","(04)23274275","(04)23288582","2026","1","26","6","45","臺中市","豐原區","0","1","0","7","2","6","30","3","1","1","5","4","6","6","4","4","10","5","5","2","16","3","10","3","1","B03","7","5","1","8","2","8","","14","14","1","6","4","120.709207","24.246119","2"
"10482","66000","387130000C","(04)23274275","(04)23288582","2026","1","26","6","47","臺中市","太平區","0","0","0","7","2","6","50","4","2","1","5","4","6","6","4","4","5","5","5","2","17","3","10","3","1","B03","7","9","1","8","2","5","","84","84","1","12","4","120.715381","24.157938","3"
"10483","66000","387130000C","(04)23274275","(04)23288582","2026","1","26","6","53","臺中市","潭子區","0","1","0","7","3","6","50","11","9","1","5","4","6","6","4","4","1","5","5","1","18","2","9","2","1","C03","7","9","1","10","2","12","","84","84","1","13","4","120.717272","24.214304","2"
"10484","66000","387130000C","(04)23274275","(04)23288582","2026","1","26","6","59","臺中市","大雅區","0","0","0","7","","","50","","","","","","","","","","","","","","","","","","","B03","","","1","","2","","","8","8","1","12","4","120.653251","24.219006","3"
"10485","66000","387130000C","(04)23274275","(04)23288582","2026","1","26","7","9","臺中市","龍井區","0","1","0","7","2","6","50","13","9","1","5","4","6","6","4","4","9","5","5","1","14","3","10","3","1","B03","7","2","1","8","2","3","","85","85","1","6","4","120.525114","24.2062","2"
"10486","66000","387130000C","(04)23274275","(04)23288582","2026","1","26","7","10","臺中市","西屯區","0","0","0","7","","","50","","","","","","","","","","","","","","12","","","","","B03","","","1","","2","","","8","8","1","12","4","120.601808","24.19222","3"
"10487","66000","387130000C","(04)23274275","(04)23288582","2026","1","26","7","10","臺中市","清水區","0","0","0","7","2","6","30","13","9","1","5","4","6","6","4","4","9","4","5","2","14","","","","","B03","","","1","","1","","","49","49","1","12","4","120.571066","24.289427","3"
"10488","66000","387130000C","(04)23274275","(04)23288582","2026","1","26","7","13","臺中市","南區","0","0","0","7","","","50","","","","","","","","","","","","","","","","","","","B03","","","1","","1","","","7","7","1","12","4","120.684034","24.121876","3"
"10489","66000","387130000C","(04)23274275","(04)23288582","2026","1","26","7","15","臺中市","東區","0","2","0","7","2","6","50","3","1","1","5","4","6","6","3","1","10","5","5","2","17","2","8","2","1","C03","7","9","1","10","2","11","","24","24","1","6","4","120.687307","24.140154","2"
"10490","66000","387130000C","(04)23274275","(04)23288582","2026","1","26","7","15","臺中市","龍井區","0","1","0","6","2","6","30","3","1","1","5","4","6","6","4","4","10","5","5","2","16","3","10","3","1","B03","7","6","1","8","2","8","","14","14","1","6","4","120.578476","24.181739","2"
"10491","66000","387130000C","(04)23274275","(04)23288582","2026","1","26","7","18","臺中市","南屯區","0","0","0","7","","","50","","","","","","","","","","","","","","12","","","","","B03","","","1","","2","","","8","8","1","13","4","120.649816","24.121","3"