序號,縣市別代碼,機關代碼,市話,傳真,年,月,日,時,分,縣市,區,死亡數量,受傷數量,2-30,天候,道路照明設備,道路類別,道路速限,道路型態,事故位置,路面鋪裝,路面狀態,路面缺陷,障礙物,視距,號誌種類,號誌動作,分向設施,快車道或一般車道間,快慢車道間,路面邊線,事故類型及型態,受傷程度,主要傷處,保護裝備,行動電話或功能裝置,當事者區分(類別),車輛用途,當事者行動狀態,駕照狀態,駕照種類,飲酒情形,車輛撞擊部位最初,車輛撞擊部位其他,肇事因素個別,肇事因素主要,肇事逃逸,職業,共享經濟或外送平台,GPS座標X,GPS座標Y,事故類別
"10492","66000","387130000C","(04)23274275","(04)23288582","2026","1","26","7","22","臺中市","南屯區","0","1","0","7","3","6","50","4","1","1","5","4","6","6","1","1","10","5","5","2","16","2","9","2","2","C03","7","9","1","10","2","11","","21","21","1","13","4","120.633031","24.124065","2"
"10493","66000","387130000C","(04)23274275","(04)23288582","2026","1","26","7","23","臺中市","南屯區","0","0","0","7","","","50","","","","","","","","","","","","","","17","","","","","B03","","","1","","1","","","84","84","1","12","4","120.614997","24.151557","3"
"10494","66000","387130000C","(04)23274275","(04)23288582","2026","1","26","7","30","臺中市","西屯區","0","0","0","7","","","50","","","","","","","","","","","","","","13","","","","","B03","","","1","","1","","","7","7","1","12","4","120.634578","24.176226","3"
"10495","66000","387130000C","(04)23274275","(04)23288582","2026","1","26","7","30","臺中市","神岡區","0","0","0","7","","","50","","","","","","","","","","","","","","17","","","","","B03","","","1","","2","","","51","51","1","12","4","120.698174","24.248881","3"
"10496","66000","387130000C","(04)23274275","(04)23288582","2026","1","26","7","31","臺中市","東區","0","1","0","7","2","6","50","13","9","1","5","4","6","6","4","4","10","5","5","2","18","2","9","2","1","C03","7","9","1","8","2","12","","82","82","1","13","4","120.694494","24.14827","2"
"10497","66000","387130000C","(04)23274275","(04)23288582","2026","1","26","7","33","臺中市","北區","0","1","0","7","2","6","50","5","1","1","5","4","6","6","2","1","5","4","5","2","17","3","10","3","1","B03","7","5","1","8","2","2","","47","47","1","12","4","120.675989","24.158292","2"
"10498","66000","387130000C","(04)23274275","(04)23288582","2026","1","26","7","36","臺中市","北屯區","0","0","0","7","","","50","","","","","","","","","","","","","","13","","","","","B03","","","1","","1","","","7","7","1","13","4","120.70811","24.18235","3"
"10499","66000","387130000C","(04)23274275","(04)23288582","2026","1","26","7","36","臺中市","北屯區","0","0","0","7","","","50","","","","","","","","","","","","","","13","","","","","B03","","","5","","1","","","7","7","1","6","4","120.721003","24.175968","3"
"10500","66000","387130000C","(04)23274275","(04)23288582","2026","1","26","7","37","臺中市","后里區","0","2","0","7","2","6","50","3","4","1","5","4","6","6","1","1","1","4","4","1","12","2","8","2","1","C03","7","9","1","10","2","12","","84","84","1","12","4","120.721741","24.306236","2"
"10501","66000","387130000C","(04)23274275","(04)23288582","2026","1","26","7","40","臺中市","潭子區","0","2","0","7","2","6","30","4","1","1","5","4","6","6","4","4","5","5","4","2","15","2","9","2","1","C03","7","1","1","10","2","12","","51","51","1","13","4","120.703439","24.21059","2"
"10502","66000","387130000C","(04)23274275","(04)23288582","2026","1","26","7","40","臺中市","大雅區","0","0","0","7","","","40","","","","","","","","","","","","","","","","","","","C03","","","1","","1","","","84","84","1","13","4","120.626466","24.206741","3"
"10503","66000","387130000C","(04)23274275","(04)23288582","2026","1","26","7","41","臺中市","北屯區","0","1","0","7","2","6","50","4","9","1","5","4","6","6","4","4","10","5","5","2","13","2","8","5","4","C03","7","10","1","10","1","12","","39","39","1","12","4","120.704776","24.169428","2"
"10504","66000","387130000C","(04)23274275","(04)23288582","2026","1","26","7","41","臺中市","龍井區","0","1","0","6","2","6","60","4","1","1","5","4","6","6","1","1","10","5","5","2","16","3","10","3","1","B03","7","5","1","8","2","2","","47","47","1","7","4","120.577592","24.186718","2"
"10505","66000","387130000C","(04)23274275","(04)23288582","2026","1","26","7","41","臺中市","豐原區","0","1","0","7","2","6","40","4","1","1","5","4","6","6","1","1","10","5","5","2","12","3","10","1","1","C03","7","4","1","10","2","13","","8","8","1","12","4","120.725343","24.234659","2"
"10506","66000","387130000C","(04)23274275","(04)23288582","2026","1","26","7","43","臺中市","烏日區","0","0","0","7","","","50","","","","","","","","","","","","","","14","","","","","C03","","","1","","2","","","49","49","1","6","4","120.640647","24.112494","3"
"10507","66000","387130000C","(04)23274275","(04)23288582","2026","1","26","7","45","臺中市","北屯區","0","1","0","7","2","6","50","4","1","1","5","4","6","6","4","4","10","5","5","2","15","3","10","3","1","B01","7","9","1","4","2","1","","15","15","1","12","4","120.708591","24.166038","2"
"10508","66000","387130000C","(04)23274275","(04)23288582","2026","1","26","7","45","臺中市","大里區","0","1","0","7","2","6","30","4","1","1","5","4","6","6","4","4","10","5","5","2","15","3","10","2","1","C03","7","9","1","10","2","12","","15","15","1","6","4","120.709439","24.082793","2"
"10509","66000","387130000C","(04)23274275","(04)23288582","2026","1","26","7","51","臺中市","沙鹿區","0","0","0","7","","","60","","","","","","","","","","","","","","","","","","","B03","","","1","","1","","","7","7","1","12","4","120.582451","24.249927","3"
"10510","66000","387130000C","(04)23274275","(04)23288582","2026","1","26","7","51","臺中市","石岡區","0","1","0","7","2","6","70","13","9","1","5","4","6","6","4","4","1","5","5","2","12","2","9","5","4","C03","7","21","1","10","2","14","","85","85","1","13","4","120.819276","24.260736","2"
"10511","66000","387130000C","(04)23274275","(04)23288582","2026","1","26","7","51","臺中市","東勢區","0","2","0","7","2","6","50","5","9","1","5","4","6","6","1","1","5","4","5","2","16","2","9","5","4","C03","7","5","1","10","2","13","","11","11","1","13","4","120.82712","24.26017","2"
"10512","66000","387130000C","(04)23274275","(04)23288582","2026","1","26","7","52","臺中市","大甲區","0","1","0","7","2","6","40","3","9","1","5","4","6","6","4","4","7","5","5","2","12","3","10","3","1","B03","7","6","1","8","2","8","","14","14","1","12","4","120.622272","24.360016","2"
"10513","66000","387130000C","(04)23274275","(04)23288582","2026","1","26","7","55","臺中市","沙鹿區","0","1","0","7","2","6","40","13","8","1","5","4","6","6","4","4","1","4","4","1","13","2","8","2","1","C03","7","9","1","10","2","11","","59","59","1","6","4","120.580458","24.249961","2"
"10514","66000","387130000C","(04)23274275","(04)23288582","2026","1","26","7","56","臺中市","西屯區","0","0","0","7","","","60","","","","","","","","","","","","","","13","","","","","B03","","","1","","1","","","59","59","1","13","4","120.650987","24.161912","3"
"10515","66000","387130000C","(04)23274275","(04)23288582","2026","1","26","7","56","臺中市","西屯區","0","0","0","7","","","50","","","","","","","","","","","","","","13","","","","","B03","","","1","","1","","","59","59","1","13","4","120.624927","24.181869","3"
"10516","66000","387130000C","(04)23274275","(04)23288582","2026","1","26","7","58","臺中市","北屯區","0","0","0","7","","","50","","","","","","","","","","","","","","13","","","","","B03","","","1","","2","","","84","84","1","12","4","120.686144","24.18079","3"
"10517","66000","387130000C","(04)23274275","(04)23288582","2026","1","26","7","58","臺中市","太平區","0","0","0","7","","","40","","","","","","","","","","","","","","13","","","","","B03","","","1","","2","","","84","84","1","12","4","120.714964","24.151124","3"
"10518","66000","387130000C","(04)23274275","(04)23288582","2026","1","26","8","3","臺中市","大甲區","0","0","0","7","","","60","","","","","","","","","","","","","","","","","","","B03","","","1","","1","","","7","7","1","6","4","120.655414","24.392445","3"
"10519","66000","387130000C","(04)23274275","(04)23288582","2026","1","26","8","5","臺中市","太平區","0","1","0","7","2","6","30","11","9","1","5","4","6","6","4","4","10","5","5","1","10","2","9","2","1","C03","7","9","3","19","2","11","","41","41","1","12","4","120.736633","24.096972","2"
"10520","66000","387130000C","(04)23274275","(04)23288582","2026","1","26","8","6","臺中市","東區","0","1","0","7","3","6","50","13","9","1","5","4","6","6","4","4","5","4","5","2","17","3","10","3","1","B12","7","11","1","8","2","5","","39","39","1","13","4","120.704393","24.127116","2"
"10521","66000","387130000C","(04)23274275","(04)23288582","2026","1","26","8","9","臺中市","東區","0","1","0","6","3","6","50","4","1","1","5","4","6","6","4","4","10","5","5","2","18","2","9","2","1","C03","7","9","1","10","2","14","","6","6","1","6","4","120.697155","24.139604","2"
"10522","66000","387130000C","(04)23274275","(04)23288582","2026","1","26","8","14","臺中市","霧峰區","0","2","0","7","3","6","40","13","9","1","5","4","6","6","4","4","5","5","5","1","20","2","8","3","1","B03","7","9","1","8","2","1","","58","58","1","12","4","120.693729","24.053154","2"
"10523","66000","387130000C","(04)23274275","(04)23288582","2026","1","26","8","16","臺中市","梧棲區","0","0","0","7","","","40","","","","","","","","","","","","","","17","","","","","B12","","","1","","2","","","50","50","1","6","4","120.526447","24.223517","3"
"10524","66000","387130000C","(04)23274275","(04)23288582","2026","1","26","8","18","臺中市","潭子區","0","0","0","7","","","60","","","","","","","","","","","","","","","","","","","F06","","","7","","2","","","8","8","1","13","5","120.70359","24.201162","3"
"10525","66000","387130000C","(04)23274275","(04)23288582","2026","1","26","8","19","臺中市","豐原區","0","1","0","7","2","6","50","4","2","1","5","4","6","6","4","4","5","4","4","2","17","2","9","2","1","C03","7","6","1","10","2","12","","85","85","1","12","4","120.730506","24.242674","2"
"10526","66000","387130000C","(04)23274275","(04)23288582","2026","1","26","8","20","臺中市","西區","0","0","0","7","","","40","","","","","","","","","","","","","","","","","","","B03","","","1","","1","","","49","49","1","6","4","120.670918","24.142763","3"
"10527","66000","387130000C","(04)23274275","(04)23288582","2026","1","26","8","21","臺中市","豐原區","0","0","0","7","","","60","","","","","","","","","","","","","","17","","","","","C03","","","1","","2","","","84","84","1","6","4","120.717745","24.264145","3"
"10528","66000","387130000C","(04)23274275","(04)23288582","2026","1","26","8","25","臺中市","中區","0","0","0","7","","","50","","","","","","","","","","","","","","13","","","","","B01","","","1","","2","","","84","84","1","12","4","120.68275","24.140626","3"
"10529","66000","387130000C","(04)23274275","(04)23288582","2026","1","26","8","25","臺中市","太平區","0","0","0","7","","","50","","","","","","","","","","","","","","","","","","","B03","","","1","","2","","","50","50","1","12","4","120.721934","24.129428","3"
"10530","66000","387130000C","(04)23274275","(04)23288582","2026","1","26","8","27","臺中市","西區","0","0","0","7","","","50","","","","","","","","","","","","","","13","","","","","C03","","","1","","1","","","7","7","1","13","4","120.669829","24.15036","3"
"10531","66000","387130000C","(04)23274275","(04)23288582","2026","1","26","8","27","臺中市","南屯區","0","1","0","7","2","6","50","4","1","1","5","4","6","6","1","1","3","4","3","2","17","2","9","1","1","C03","7","8","1","8","2","11","","84","84","1","13","4","120.646629","24.140096","2"
"10532","66000","387130000C","(04)23274275","(04)23288582","2026","1","26","8","31","臺中市","東區","0","0","0","7","","","40","","","","","","","","","","","","","","13","","","","","C03","","","1","","2","","","84","84","1","13","4","120.698586","24.138999","3"
"10533","66000","387130000C","(04)23274275","(04)23288582","2026","1","26","8","31","臺中市","南屯區","0","3","0","6","3","6","50","13","8","1","5","4","6","6","4","4","3","4","3","2","12","2","7","2","1","C03","7","9","1","10","2","12","","7","7","1","13","4","120.613282","24.149255","2"
"10534","66000","387130000C","(04)23274275","(04)23288582","2026","1","26","8","32","臺中市","南區","0","0","0","7","","","50","","","","","","","","","","","","","","","","","","","B02","","","1","","1","","","84","84","1","12","4","120.656937","24.116674","3"
"10535","66000","387130000C","(04)23274275","(04)23288582","2026","1","26","8","37","臺中市","南區","0","0","0","7","","","30","","","","","","","","","","","","","","17","","","","","B03","","","1","","2","","","55","55","1","6","4","120.650469","24.113158","3"
"10536","66000","387130000C","(04)23274275","(04)23288582","2026","1","26","8","39","臺中市","北屯區","0","0","0","7","","","50","","","","","","","","","","","","","","","","","","","B12","","","1","","9","","","84","84","1","13","4","120.733444","24.164523","3"
"10537","66000","387130000C","(04)23274275","(04)23288582","2026","1","26","8","40","臺中市","太平區","0","1","0","7","2","6","50","13","9","1","5","4","6","6","4","4","5","5","5","1","18","2","9","1","1","C03","7","9","1","10","2","12","","84","84","1","12","4","120.774533","24.10306","2"
"10538","66000","387130000C","(04)23274275","(04)23288582","2026","1","26","8","41","臺中市","大雅區","0","0","0","7","","","30","","","","","","","","","","","","","","","","","","","B12","","","1","","1","","","7","7","1","12","4","120.660679","24.221782","3"
"10539","66000","387130000C","(04)23274275","(04)23288582","2026","1","26","8","43","臺中市","豐原區","0","2","0","7","2","6","50","5","1","1","5","4","6","6","3","1","10","5","5","2","16","2","8","1","1","C03","7","5","1","10","2","14","","24","24","1","12","4","120.714154","24.252917","2"
"10540","66000","387130000C","(04)23274275","(04)23288582","2026","1","26","8","44","臺中市","梧棲區","0","1","0","7","3","6","50","4","1","1","5","4","6","6","4","4","10","5","5","2","15","2","9","1","1","C03","7","9","1","10","2","12","","15","15","1","6","4","120.547555","24.25719","2"
"10541","66000","387130000C","(04)23274275","(04)23288582","2026","1","26","8","45","臺中市","南區","0","0","0","7","","","50","","","","","","","","","","","","","","","","","","","B03","","","1","","1","","","20","20","1","13","4","120.669432","24.1127","3"
"10542","66000","387130000C","(04)23274275","(04)23288582","2026","1","26","8","45","臺中市","北屯區","0","1","0","7","3","6","50","13","9","1","5","4","6","6","4","4","3","4","5","2","17","3","10","3","1","B12","7","7","1","8","1","2","","40","40","1","12","4","120.693521","24.164108","2"
"10543","66000","387130000C","(04)23274275","(04)23288582","2026","1","26","8","46","臺中市","大雅區","0","0","0","7","","","30","","","","","","","","","","","","","","","","","","","B12","","","1","","1","","","41","41","1","12","4","120.655905","24.212524","3"
"10544","66000","387130000C","(04)23274275","(04)23288582","2026","1","26","8","46","臺中市","西屯區","0","0","0","7","","","50","","","","","","","","","","","","","","16","","","","","B12","","","1","","1","","","8","8","1","12","4","120.596467","24.168939","3"
"10545","66000","387130000C","(04)23274275","(04)23288582","2026","1","26","8","47","臺中市","后里區","0","1","0","6","3","6","50","4","2","1","5","4","6","6","2","1","5","5","5","1","17","3","10","3","1","B03","7","9","1","8","2","16","","39","39","1","6","4","120.730465","24.309422","2"
"10546","66000","387130000C","(04)23274275","(04)23288582","2026","1","26","8","48","臺中市","豐原區","0","1","0","6","2","6","50","13","9","1","5","4","6","6","4","4","10","5","5","2","17","3","10","3","1","B03","7","21","1","8","9","15","","85","85","2","12","4","120.726213","24.241006","2"
"10547","66000","387130000C","(04)23274275","(04)23288582","2026","1","26","8","50","臺中市","北屯區","0","0","0","7","","3","40","","","","","","","","","","","","","","13","","","","","B12","","","1","","1","","","84","84","1","6","4","120.717645","24.158206","3"
"10548","66000","387130000C","(04)23274275","(04)23288582","2026","1","26","8","50","臺中市","沙鹿區","0","0","0","7","","","60","","","","","","","","","","","","","","","","","","","B13","","","1","","2","","","40","40","1","12","4","120.596052","24.249977","3"
"10549","66000","387130000C","(04)23274275","(04)23288582","2026","1","26","8","51","臺中市","外埔區","0","0","0","7","2","6","30","13","9","1","5","4","6","6","4","4","10","5","5","1","11","3","10","3","1","B03","7","9","1","8","1","4","","84","84","1","12","4","120.661775","24.333804","3"
"10550","66000","387130000C","(04)23274275","(04)23288582","2026","1","26","8","53","臺中市","清水區","0","2","0","7","3","6","30","13","9","1","5","4","6","6","4","4","9","4","5","2","16","2","9","3","1","B03","7","6","1","8","2","4","1","20","20","1","12","4","120.585762","24.274177","2"
"10551","66000","387130000C","(04)23274275","(04)23288582","2026","1","26","8","56","臺中市","北屯區","0","0","0","7","","","50","","","","","","","","","","","","","","13","","","","","B03","","","1","","1","","","7","7","1","13","4","120.694253","24.165187","3"
"10552","66000","387130000C","(04)23274275","(04)23288582","2026","1","26","8","59","臺中市","神岡區","0","2","0","7","1","6","50","13","12","1","5","4","6","6","4","4","1","4","4","1","13","2","9","1","1","C03","7","9","1","10","2","11","","7","7","1","12","4","120.696434","24.233631","2"
"10553","66000","387130000C","(04)23274275","(04)23288582","2026","1","26","9","0","臺中市","大里區","0","0","0","7","","","50","","","","","","","","","","","","","","12","","","","","B13","","","1","","1","","","50","50","2","12","4","120.706102","24.087527","3"
"10554","66000","387130000C","(04)23274275","(04)23288582","2026","1","26","9","5","臺中市","北區","0","1","0","7","2","6","50","13","7","1","5","4","6","6","4","4","2","4","4","2","18","2","9","1","1","C03","7","9","1","10","2","12","","84","84","1","12","4","120.690686","24.158454","2"
"10555","66000","387130000C","(04)23274275","(04)23288582","2026","1","26","9","5","臺中市","南屯區","0","0","0","7","","","50","","","","","","","","","","","","","","17","","","","","B03","","","1","","2","","","59","59","1","13","5","120.629386","24.151022","3"
"10556","66000","387130000C","(04)23274275","(04)23288582","2026","1","26","9","15","臺中市","潭子區","0","1","0","7","3","6","50","3","1","1","5","4","6","6","4","4","5","5","5","2","17","3","10","3","1","B12","7","5","1","8","2","2","","8","8","1","13","4","120.718165","24.198089","2"
"10557","66000","387130000C","(04)23274275","(04)23288582","2026","1","26","9","17","臺中市","東區","0","1","0","6","3","6","50","4","1","1","5","4","6","6","2","1","10","5","5","2","12","2","9","2","1","F03","7","9","7","21","2","12","","85","85","1","6","4","120.698021","24.147943","2"
"10558","66000","387130000C","(04)23274275","(04)23288582","2026","1","26","9","27","臺中市","北屯區","0","0","0","7","","","50","","","","","","","","","","","","","","13","","","","","B03","","","1","","1","","","59","59","1","12","4","120.722011","24.181981","3"
"10559","66000","387130000C","(04)23274275","(04)23288582","2026","1","26","9","29","臺中市","北屯區","0","0","0","7","3","6","50","3","2","1","5","4","6","6","4","4","5","4","5","2","18","3","10","1","1","C04","7","9","3","19","1","12","","54","54","1","12","4","120.718613","24.187754","3"
"10560","66000","387130000C","(04)23274275","(04)23288582","2026","1","26","9","33","臺中市","大里區","0","0","0","7","","","50","","","","","","","","","","","","","","16","","","","","B03","","","1","","2","","","12","12","1","12","4","120.682574","24.113149","3"
"10561","66000","387130000C","(04)23274275","(04)23288582","2026","1","26","9","35","臺中市","大肚區","0","1","0","6","2","6","50","13","9","1","5","4","6","6","4","4","9","5","5","2","17","2","9","2","1","C03","7","9","1","10","2","14","","59","59","1","6","4","120.570407","24.155877","2"
"10562","66000","387130000C","(04)23274275","(04)23288582","2026","1","26","9","39","臺中市","西區","0","1","0","7","2","6","50","3","1","1","5","4","6","6","4","4","1","4","5","2","16","3","10","5","4","B01","7","5","1","4","2","6","","47","47","1","13","4","120.668507","24.151784","2"
"10563","66000","387130000C","(04)23274275","(04)23288582","2026","1","26","9","42","臺中市","北區","0","0","0","7","","","40","","","","","","","","","","","","","","17","","","","","B11","","","1","","2","","","50","50","1","12","4","120.68076","24.166","3"
"10564","66000","387130000C","(04)23274275","(04)23288582","2026","1","26","9","47","臺中市","北屯區","0","1","0","7","3","6","50","3","2","1","5","4","6","6","4","4","1","5","2","2","16","3","10","3","1","B03","7","5","1","8","2","4","","12","12","1","6","4","120.724936","24.161481","2"
"10565","66000","387130000C","(04)23274275","(04)23288582","2026","1","26","9","53","臺中市","西屯區","0","1","0","7","2","6","50","4","2","1","5","4","6","6","2","1","3","4","5","1","12","3","10","1","1","C03","7","5","1","10","2","12","","47","47","1","12","4","120.655321","24.176275","2"
"10566","66000","387130000C","(04)23274275","(04)23288582","2026","1","26","9","55","臺中市","南屯區","0","1","0","6","3","6","50","13","8","1","4","4","6","6","4","4","5","5","4","2","18","2","9","1","1","C03","7","9","1","10","2","12","","84","84","1","12","4","120.62015","24.125947","2"
"10567","66000","387130000C","(04)23274275","(04)23288582","2026","1","26","10","1","臺中市","西屯區","0","0","0","7","","","50","","","","","","","","","","","","","","22","","","","","A04","","","1","","2","","","59","59","1","12","4","120.650038","24.172195","3"
"10568","66000","387130000C","(04)23274275","(04)23288582","2026","1","26","10","2","臺中市","東勢區","0","1","0","6","3","6","40","4","1","1","5","4","6","6","1","1","5","5","5","2","12","3","10","5","4","B03","7","21","1","8","2","2","","34","34","1","13","4","120.833719","24.250643","2"
"10569","66000","387130000C","(04)23274275","(04)23288582","2026","1","26","10","5","臺中市","清水區","0","1","0","7","2","6","50","5","7","1","5","4","6","6","4","4","8","4","5","2","16","2","9","1","1","C03","7","6","1","10","2","11","","85","85","1","12","4","120.597293","24.301917","2"
"10570","66000","387130000C","(04)23274275","(04)23288582","2026","1","26","10","6","臺中市","龍井區","0","0","0","7","","3","70","","","","","","","","","","","","","","","","","","","A12","","","1","","1","","","7","7","1","6","4","120.516665","24.204345","3"
"10571","66000","387130000C","(04)23274275","(04)23288582","2026","1","26","10","9","臺中市","南區","0","2","0","7","2","6","50","3","1","1","5","4","6","6","2","1","10","5","5","2","16","2","9","2","1","C03","7","4","3","19","2","14","","84","84","1","12","4","120.679401","24.12228","2"
"10572","66000","387130000C","(04)23274275","(04)23288582","2026","1","26","10","9","臺中市","后里區","0","0","0","7","2","6","50","4","2","1","5","4","6","6","1","1","5","5","5","1","22","3","10","3","1","A42","7","6","2","19","2","1","","90","90","1","6","4","120.710385","24.301196","3"
"10573","66000","387130000C","(04)23274275","(04)23288582","2026","1","26","10","14","臺中市","西屯區","0","0","0","7","","","30","","","","","","","","","","","","","","17","","","","","","","","","","","","","86","86","1","","","120.651843","24.160096","3"
"10574","66000","387130000C","(04)23274275","(04)23288582","2026","1","26","10","19","臺中市","潭子區","0","0","0","6","","","60","","","","","","","","","","","","","","","","","","","B01","","","1","","2","","","11","11","1","13","4","120.708627","24.229859","3"
"10575","66000","387130000C","(04)23274275","(04)23288582","2026","1","26","10","26","臺中市","潭子區","0","1","0","7","3","6","50","3","1","1","5","4","6","6","1","1","5","5","5","2","17","3","10","3","1","B03","7","6","1","8","2","16","","11","11","1","13","4","120.697944","24.194648","2"
"10576","66000","387130000C","(04)23274275","(04)23288582","2026","1","26","10","30","臺中市","霧峰區","0","0","0","7","","","40","","","","","","","","","","","","","","30","","","","","B03","","","1","","1","","","80","80","1","12","4","120.693692","24.053375","3"
"10577","66000","387130000C","(04)23274275","(04)23288582","2026","1","26","10","35","臺中市","西區","0","0","0","7","","","50","","","","","","","","","","","","","","14","","","","","C03","","","1","","1","","","49","49","1","13","4","120.662719","24.132203","3"
"10578","66000","387130000C","(04)23274275","(04)23288582","2026","1","26","10","36","臺中市","西區","0","1","0","7","3","6","50","5","1","1","5","4","6","6","1","1","10","5","5","2","16","3","10","3","1","B03","7","5","1","8","2","2","","65","65","1","12","4","120.668779","24.132044","2"
"10579","66000","387130000C","(04)23274275","(04)23288582","2026","1","26","10","39","臺中市","南區","0","0","0","7","","","50","","","","","","","","","","","","","","17","","","","","B12","","","1","","1","","","49","49","1","6","4","120.674314","24.128657","3"
"10580","66000","387130000C","(04)23274275","(04)23288582","2026","1","26","10","45","臺中市","太平區","0","1","0","7","2","6","50","4","2","1","5","4","6","6","2","1","5","5","5","2","17","3","10","2","1","C03","7","9","1","10","2","11","","84","84","1","12","4","120.716892","24.15122","2"
"10581","66000","387130000C","(04)23274275","(04)23288582","2026","1","26","10","45","臺中市","豐原區","0","0","0","7","","","50","","","","","","","","","","","","","","14","","","","","C03","","","1","","2","","","49","49","1","12","4","120.71545","24.239372","3"
"10582","66000","387130000C","(04)23274275","(04)23288582","2026","1","26","10","57","臺中市","太平區","0","0","0","7","","","30","","","","","","","","","","","","","","","","","","","B12","","","1","","2","","","49","49","1","12","4","120.730153","24.15445","3"
"10583","66000","387130000C","(04)23274275","(04)23288582","2026","1","26","11","4","臺中市","太平區","0","0","0","7","","","50","","","","","","","","","","","","","","","","","","","B03","","","1","","2","","","49","49","1","12","4","120.710007","24.154949","3"
"10584","66000","387130000C","(04)23274275","(04)23288582","2026","1","26","11","11","臺中市","西屯區","0","1","0","7","2","6","50","4","1","1","5","4","6","6","1","1","3","4","5","2","18","2","9","1","1","C03","7","9","1","10","2","16","","84","84","1","12","4","120.657365","24.196941","2"
"10585","66000","387130000C","(04)23274275","(04)23288582","2026","1","26","11","13","臺中市","烏日區","0","0","0","7","2","6","50","3","2","1","5","4","6","6","4","4","3","4","4","2","14","","","","","B03","","","1","","2","","","49","49","1","6","4","120.639305","24.107925","3"
"10586","66000","387130000C","(04)23274275","(04)23288582","2026","1","26","11","14","臺中市","西屯區","0","0","0","7","","","50","","","","","","","","","","","","","","16","","","","","B03","","","1","","1","","","26","26","1","13","4","120.637184","24.168464","3"
"10587","66000","387130000C","(04)23274275","(04)23288582","2026","1","26","11","15","臺中市","大雅區","0","0","0","7","","","50","","","","","","","","","","","","","","","","","","","C03","","","1","","1","","","84","84","1","13","4","120.660567","24.213513","3"
"10588","66000","387130000C","(04)23274275","(04)23288582","2026","1","26","11","15","臺中市","大里區","0","1","0","7","3","6","40","8","8","1","5","4","6","6","4","4","1","4","1","1","12","3","10","3","1","B12","7","7","1","8","2","6","","40","40","1","6","4","120.689999","24.093002","2"
"10589","66000","387130000C","(04)23274275","(04)23288582","2026","1","26","11","16","臺中市","北屯區","0","2","0","6","2","6","50","5","1","1","5","4","6","6","2","1","4","3","5","2","13","3","10","3","1","B12","7","9","1","3","1","1","","7","7","1","13","4","120.696479","24.179703","2"
"10590","66000","387130000C","(04)23274275","(04)23288582","2026","1","26","11","16","臺中市","西屯區","0","0","0","7","","","30","","","","","","","","","","","","","","17","","","","","B13","","","1","","1","","","76","76","1","13","4","120.647113","24.182964","3"
"10591","66000","387130000C","(04)23274275","(04)23288582","2026","1","26","11","20","臺中市","南區","0","1","0","7","2","6","0","13","21","1","5","4","6","6","4","4","10","5","5","2","21","2","9","3","1","B03","7","9","1","8","2","1","","84","84","1","12","4","120.661376","24.109186","2"
"10592","66000","387130000C","(04)23274275","(04)23288582","2026","1","26","11","21","臺中市","南屯區","0","1","0","6","2","6","50","5","1","1","5","4","6","6","1","1","3","4","5","2","17","3","10","3","1","B13","7","9","1","8","2","1","","7","7","1","13","4","120.646604","24.142583","2"
"10593","66000","387130000C","(04)23274275","(04)23288582","2026","1","26","11","25","臺中市","南屯區","0","1","0","7","3","6","50","13","9","1","5","4","6","6","4","4","5","4","5","2","17","3","10","2","1","C03","7","9","1","10","2","16","","56","56","1","13","4","120.652702","24.135901","2"
"10594","66000","387130000C","(04)23274275","(04)23288582","2026","1","26","11","34","臺中市","大甲區","0","1","0","7","3","6","50","4","1","1","5","4","6","6","1","1","10","5","5","2","17","3","10","1","1","C03","7","9","1","10","2","11","","84","84","1","6","4","120.61823","24.348904","2"
"10595","66000","387130000C","(04)23274275","(04)23288582","2026","1","26","11","36","臺中市","東區","0","0","0","7","","","50","","","","","","","","","","","","","","14","","","","","B12","","","1","","1","","","49","49","1","6","4","120.707616","24.140567","4"
"10596","66000","387130000C","(04)23274275","(04)23288582","2026","1","26","11","40","臺中市","東區","0","0","0","7","","","30","","","","","","","","","","","","","","","","","","","A11","","","1","","2","","","49","49","1","12","4","120.704232","24.145517","3"
"10597","66000","387130000C","(04)23274275","(04)23288582","2026","1","26","11","47","臺中市","西屯區","0","0","0","7","","","50","","","","","","","","","","","","","","17","","","","","B12","","","1","","1","","","59","59","1","12","4","120.636044","24.176098","3"
"10598","66000","387130000C","(04)23274275","(04)23288582","2026","1","26","11","48","臺中市","梧棲區","0","1","0","7","2","6","50","4","1","1","5","4","6","6","4","4","10","5","5","2","15","2","9","1","1","C03","7","9","3","19","2","11","","15","15","1","12","4","120.532139","24.241783","2"
"10599","66000","387130000C","(04)23274275","(04)23288582","2026","1","26","11","52","臺中市","北屯區","0","1","0","7","2","6","50","13","9","1","5","4","6","6","4","4","10","5","5","2","8","3","10","5","4","B03","7","9","1","8","1","2","","59","59","1","12","4","120.691414","24.171683","2"
"10600","66000","387130000C","(04)23274275","(04)23288582","2026","1","26","11","54","臺中市","沙鹿區","0","0","0","7","","","40","","","","","","","","","","","","","","","","","","","B03","","","1","","1","","","49","49","1","6","4","120.577236","24.218725","4"
"10601","66000","387130000C","(04)23274275","(04)23288582","2026","1","26","11","55","臺中市","南屯區","0","0","0","7","","","50","","","","","","","","","","","","","","13","","","","","B03","","","1","","1","","","59","59","1","13","4","120.635115","24.151694","3"