序號,縣市別代碼,機關代碼,市話,傳真,年,月,日,時,分,縣市,區,死亡數量,受傷數量,2-30,天候,道路照明設備,道路類別,道路速限,道路型態,事故位置,路面鋪裝,路面狀態,路面缺陷,障礙物,視距,號誌種類,號誌動作,分向設施,快車道或一般車道間,快慢車道間,路面邊線,事故類型及型態,受傷程度,主要傷處,保護裝備,行動電話或功能裝置,當事者區分(類別),車輛用途,當事者行動狀態,駕照狀態,駕照種類,飲酒情形,車輛撞擊部位最初,車輛撞擊部位其他,肇事因素個別,肇事因素主要,肇事逃逸,職業,共享經濟或外送平台,GPS座標X,GPS座標Y,事故類別
"10602","66000","387130000C","(04)23274275","(04)23288582","2026","1","26","11","58","臺中市","后里區","0","1","0","7","2","6","10","13","13","1","5","4","6","6","4","4","5","5","4","1","17","3","10","4","1","F01","7","6","7","21","2","12","","84","84","1","12","4","120.745548","24.282462","2"
"10603","66000","387130000C","(04)23274275","(04)23288582","2026","1","26","12","3","臺中市","太平區","0","1","0","7","2","6","50","4","2","1","5","4","6","6","4","4","4","5","5","1","13","3","10","3","1","B03","7","9","1","8","2","1","2","7","7","1","12","4","120.724846","24.142736","2"
"10604","66000","387130000C","(04)23274275","(04)23288582","2026","1","26","12","5","臺中市","龍井區","0","0","0","6","","","50","","","","","","","","","","","","","","13","","","","","C03","","","1","","2","","","7","7","1","6","4","120.581673","24.175501","3"
"10605","66000","387130000C","(04)23274275","(04)23288582","2026","1","26","12","6","臺中市","南區","0","3","0","7","2","6","30","4","1","1","5","4","6","6","4","4","10","5","5","2","15","2","9","2","1","C03","7","9","1","10","2","11","","15","15","1","13","4","120.673095","24.124948","2"
"10606","66000","387130000C","(04)23274275","(04)23288582","2026","1","26","12","12","臺中市","北屯區","0","0","0","7","","","","","","","","","","","","","","","","","17","","","","","","","","","","","","","87","","1","","","120.682958","24.202004","3"
"10607","66000","387130000C","(04)23274275","(04)23288582","2026","1","26","12","14","臺中市","西屯區","0","0","0","7","","","40","","","","","","","","","","","","","","17","","","","","B12","","","1","","2","","","68","68","1","12","4","120.596554","24.168991","3"
"10608","66000","387130000C","(04)23274275","(04)23288582","2026","1","26","12","15","臺中市","北區","0","1","0","7","2","6","50","4","2","1","5","4","6","6","2","1","10","5","5","2","17","2","9","2","1","C03","7","9","1","10","1","13","","4","4","1","13","4","120.675441","24.160436","2"
"10609","66000","387130000C","(04)23274275","(04)23288582","2026","1","26","12","15","臺中市","神岡區","0","2","0","7","2","6","60","13","14","1","5","4","6","6","4","4","3","4","5","1","12","3","10","5","4","B03","7","9","1","8","2","2","","84","84","1","12","4","120.682768","24.24628","2"
"10610","66000","387130000C","(04)23274275","(04)23288582","2026","1","26","12","16","臺中市","西區","0","0","0","7","","","50","","","","","","","","","","","","","","17","","","","","B03","","","1","8","2","","","45","45","1","13","4","120.6508","24.144667","3"
"10611","66000","387130000C","(04)23274275","(04)23288582","2026","1","26","12","16","臺中市","大甲區","0","2","0","7","1","6","50","4","1","1","5","4","6","6","1","1","5","4","5","1","11","2","9","6","1","F01","7","6","7","21","1","11","","20","20","1","3","4","120.621044","24.346601","2"
"10612","66000","387130000C","(04)23274275","(04)23288582","2026","1","26","12","18","臺中市","梧棲區","0","0","0","7","","","40","","","","","","","","","","","","","","13","","","","","B03","","","1","","1","","","59","59","1","6","4","120.538278","24.249028","3"
"10613","66000","387130000C","(04)23274275","(04)23288582","2026","1","26","12","19","臺中市","北屯區","0","1","0","7","3","6","50","3","2","1","5","4","6","6","1","1","1","2","5","2","12","2","9","1","1","C03","7","9","1","10","2","14","","8","8","1","12","4","120.702373","24.164935","2"
"10614","66000","387130000C","(04)23274275","(04)23288582","2026","1","26","12","19","臺中市","西屯區","0","0","0","7","","","40","","","","","","","","","","","","","","14","","","","","B03","","","1","","2","","","49","49","1","12","4","120.656885","24.168697","3"
"10615","66000","387130000C","(04)23274275","(04)23288582","2026","1","26","12","21","臺中市","豐原區","0","1","0","7","2","6","50","3","9","1","5","4","6","6","1","1","1","4","5","2","17","3","10","5","4","A11","7","9","1","1","11","16","","68","68","1","12","4","120.702493","24.24936","2"
"10616","66000","387130000C","(04)23274275","(04)23288582","2026","1","26","12","22","臺中市","東區","0","1","0","7","2","6","50","4","1","1","5","4","6","6","4","4","10","5","5","2","15","3","10","3","1","B03","7","9","1","8","2","1","","20","20","1","12","4","120.690288","24.127022","2"
"10617","66000","387130000C","(04)23274275","(04)23288582","2026","1","26","12","22","臺中市","烏日區","0","1","0","7","3","6","50","13","9","1","5","4","6","6","4","4","9","5","5","2","14","3","10","3","1","B12","7","2","1","8","1","6","","49","49","1","6","4","120.594571","24.111563","2"
"10618","66000","387130000C","(04)23274275","(04)23288582","2026","1","26","12","28","臺中市","北屯區","0","0","0","7","","","30","","","","","","","","","","","","","","15","","","","","C03","","","1","","2","","","15","15","1","6","4","120.665665","24.181424","3"
"10619","66000","387130000C","(04)23274275","(04)23288582","2026","1","26","12","30","臺中市","梧棲區","0","0","0","7","","","40","","","","","","","","","","","","","","14","","","","","B03","","","1","","1","","","49","49","1","6","4","120.530776","24.251691","3"
"10620","66000","387130000C","(04)23274275","(04)23288582","2026","1","26","12","32","臺中市","北屯區","0","0","0","7","","","1","","","","","","","","","","","","","","14","","","","","B03","","","1","","1","","","49","49","1","6","4","120.723347","24.163751","3"
"10621","66000","387130000C","(04)23274275","(04)23288582","2026","1","26","12","33","臺中市","西屯區","0","1","0","7","2","6","50","3","2","1","5","4","6","6","4","4","5","4","4","2","17","2","8","1","1","C03","7","9","1","10","1","11","","7","7","1","12","4","120.652474","24.175973","2"
"10622","66000","387130000C","(04)23274275","(04)23288582","2026","1","26","12","38","臺中市","烏日區","0","0","0","7","2","6","50","13","9","1","5","4","6","6","4","4","10","5","5","2","12","","","","","B03","","","1","","1","","","8","8","1","6","4","120.592336","24.113048","3"
"10623","66000","387130000C","(04)23274275","(04)23288582","2026","1","26","12","43","臺中市","西區","0","0","0","7","","","50","","","","","","","","","","","","","","17","","","","","B13","","","1","","1","","","78","78","1","13","4","120.664508","24.131977","3"
"10624","66000","387130000C","(04)23274275","(04)23288582","2026","1","26","12","49","臺中市","西區","0","0","0","7","","","50","","","","","","","","","","","","","","26","","","","","B02","","","1","","1","","","49","49","1","12","4","120.665195","24.146373","3"
"10625","66000","387130000C","(04)23274275","(04)23288582","2026","1","26","12","53","臺中市","清水區","0","1","0","7","3","6","50","4","1","1","5","4","6","6","4","4","9","4","5","2","15","2","9","1","1","C03","7","9","1","10","2","12","","12","12","1","12","4","120.562715","24.275591","2"
"10626","66000","387130000C","(04)23274275","(04)23288582","2026","1","26","12","55","臺中市","南屯區","0","1","0","7","3","6","50","4","1","1","5","4","6","6","1","1","10","5","5","2","16","2","9","4","1","F01","7","6","7","21","2","11","","48","48","1","12","4","120.637752","24.1322","2"
"10627","66000","387130000C","(04)23274275","(04)23288582","2026","1","26","12","56","臺中市","北區","0","2","0","7","2","6","50","13","9","1","5","4","6","6","4","4","9","5","5","2","3","2","9","1","1","C03","7","9","1","10","2","14","","84","84","1","12","4","120.68806","24.160025","2"
"10628","66000","387130000C","(04)23274275","(04)23288582","2026","1","26","12","56","臺中市","大里區","0","0","0","7","","","40","","","","","","","","","","","","","","12","","","","","C03","","","3","","9","","","43","43","2","13","4","120.683796","24.114503","3"
"10629","66000","387130000C","(04)23274275","(04)23288582","2026","1","26","13","0","臺中市","大甲區","0","0","0","7","","","50","","","","","","","","","","","","","","","","","","","B03","","","1","","1","","","87","87","1","6","4","120.655414","24.392445","3"
"10630","66000","387130000C","(04)23274275","(04)23288582","2026","1","26","13","3","臺中市","太平區","0","1","0","7","2","6","50","4","4","1","5","4","6","6","1","1","5","5","5","2","16","3","10","3","1","B03","7","1","1","8","2","8","","51","51","1","12","4","120.715394","24.157097","2"
"10631","66000","387130000C","(04)23274275","(04)23288582","2026","1","26","13","7","臺中市","豐原區","0","0","0","6","","","50","","","","","","","","","","","","","","12","","","","","B13","","","1","","2","","","7","7","1","13","4","120.716753","24.244174","3"
"10632","66000","387130000C","(04)23274275","(04)23288582","2026","1","26","13","9","臺中市","西屯區","0","1","0","7","2","6","30","11","9","1","5","4","6","6","4","4","10","5","5","2","30","2","6","5","4","B03","7","9","1","8","2","1","","54","54","1","13","4","120.658261","24.165956","2"
"10633","66000","387130000C","(04)23274275","(04)23288582","2026","1","26","13","12","臺中市","南屯區","0","0","0","7","","","50","","","","","","","","","","","","","","14","","","","","B03","","","1","","1","","","49","49","1","13","4","120.633164","24.131218","3"
"10634","66000","387130000C","(04)23274275","(04)23288582","2026","1","26","13","13","臺中市","西屯區","0","0","0","7","","","50","","","","","","","","","","","","","","12","","","","","B03","","","1","","1","","","8","8","2","12","4","120.637605","24.170541","3"
"10635","66000","387130000C","(04)23274275","(04)23288582","2026","1","26","13","19","臺中市","西屯區","0","0","0","7","","","30","","","","","","","","","","","","","","17","","","","","B03","","","1","","1","","","49","49","1","12","4","120.645739","24.177938","3"
"10636","66000","387130000C","(04)23274275","(04)23288582","2026","1","26","13","20","臺中市","清水區","0","0","0","7","2","6","50","13","","1","5","4","6","6","4","4","9","4","5","2","14","","","","","B03","","","1","","1","","","49","49","1","12","4","120.552335","24.26572","3"
"10637","66000","387130000C","(04)23274275","(04)23288582","2026","1","26","13","24","臺中市","西屯區","0","0","0","7","","","40","","","","","","","","","","","","","","13","","","","","B03","","","1","","2","","","7","7","1","12","4","120.610756","24.184787","3"
"10638","66000","387130000C","(04)23274275","(04)23288582","2026","1","26","13","25","臺中市","大雅區","0","0","0","7","","","50","","","","","","","","","","","","","","","","","","","B13","","","1","","2","","","84","84","1","13","4","120.630718","24.24072","3"
"10639","66000","387130000C","(04)23274275","(04)23288582","2026","1","26","13","26","臺中市","神岡區","0","0","0","7","","","30","","","","","","","","","","","","","","20","","","","","B12","","","1","","2","","","56","56","1","6","4","120.6894","24.24092","3"
"10640","66000","387130000C","(04)23274275","(04)23288582","2026","1","26","13","29","臺中市","潭子區","0","0","0","7","","","50","","","","","","","","","","","","","","13","","","","","B03","","","1","","2","","","59","59","1","12","4","120.721691","24.208625","3"
"10641","66000","387130000C","(04)23274275","(04)23288582","2026","1","26","13","30","臺中市","西區","0","1","0","7","2","6","50","4","1","1","5","4","6","6","2","1","5","4","5","2","12","3","10","3","1","B03","7","5","1","8","2","5","","84","84","1","13","4","120.652866","24.147854","2"
"10642","66000","387130000C","(04)23274275","(04)23288582","2026","1","26","13","33","臺中市","東勢區","0","1","0","7","2","6","50","3","1","1","5","4","6","6","4","4","10","5","5","2","17","2","8","4","1","F01","7","6","7","21","1","12","","84","84","1","2","4","120.838774","24.22085","2"
"10643","66000","387130000C","(04)23274275","(04)23288582","2026","1","26","13","35","臺中市","北屯區","0","2","0","7","3","6","50","13","9","1","5","4","6","6","4","4","1","4","5","2","12","2","7","3","1","B03","7","4","1","8","2","7","","1","1","1","12","4","120.730089","24.17755","2"
"10644","66000","387130000C","(04)23274275","(04)23288582","2026","1","26","13","36","臺中市","北屯區","0","2","0","7","2","6","30","13","9","1","5","4","6","6","4","4","10","5","5","2","17","2","9","5","4","C03","7","1","3","19","1","11","","51","51","1","12","4","120.663524","24.19047","2"
"10645","66000","387130000C","(04)23274275","(04)23288582","2026","1","26","13","38","臺中市","西區","0","1","0","7","2","6","50","4","1","1","5","4","6","6","1","1","10","5","5","2","30","2","9","1","1","C03","7","5","1","10","2","11","","84","84","1","12","4","120.664268","24.146698","2"
"10646","66000","387130000C","(04)23274275","(04)23288582","2026","1","26","13","38","臺中市","太平區","0","1","0","7","2","6","50","13","9","1","5","4","6","6","4","4","9","5","5","2","17","3","10","3","1","B03","7","1","1","8","2","1","","51","51","1","12","4","120.714699","24.152235","2"
"10647","66000","387130000C","(04)23274275","(04)23288582","2026","1","26","13","42","臺中市","西屯區","0","0","0","7","","","50","","","","","","","","","","","","","","12","","","","","B03","","","1","","2","","","84","84","1","12","4","120.656313","24.171861","3"
"10648","66000","387130000C","(04)23274275","(04)23288582","2026","1","26","13","44","臺中市","北區","0","1","0","7","2","6","50","4","1","1","5","4","6","6","1","1","10","5","5","2","17","3","10","3","1","B03","7","6","1","8","2","7","","84","84","1","13","4","120.668007","24.160436","2"
"10649","66000","387130000C","(04)23274275","(04)23288582","2026","1","26","13","44","臺中市","南屯區","0","0","0","7","","","50","","","","","","","","","","","","","","","","","","","B13","","","1","","1","","","7","7","1","12","4","120.622984","24.135564","3"
"10650","66000","387130000C","(04)23274275","(04)23288582","2026","1","26","13","44","臺中市","北屯區","0","2","0","7","3","6","50","4","2","1","5","4","6","6","1","1","1","4","5","2","13","2","9","2","1","C03","7","9","1","10","2","11","","84","84","1","6","4","120.697856","24.169827","2"
"10651","66000","387130000C","(04)23274275","(04)23288582","2026","1","26","13","44","臺中市","西屯區","0","2","0","7","2","6","50","3","2","1","5","4","6","6","4","4","5","5","4","2","13","2","9","1","1","C03","7","9","1","10","1","11","","7","7","1","12","4","120.649234","24.171249","2"
"10652","66000","387130000C","(04)23274275","(04)23288582","2026","1","26","13","45","臺中市","沙鹿區","0","0","0","7","","","50","","","","","","","","","","","","","","14","","","","","B03","","","1","","2","","","49","49","1","12","4","120.561162","24.238394","4"
"10653","66000","387130000C","(04)23274275","(04)23288582","2026","1","26","13","48","臺中市","北屯區","0","0","0","7","","","50","","","","","","","","","","","","","","13","","","","","B03","","","1","","1","","","7","7","1","13","4","120.665146","24.1833","3"
"10654","66000","387130000C","(04)23274275","(04)23288582","2026","1","26","13","48","臺中市","烏日區","0","2","0","7","3","6","50","3","1","1","5","4","6","6","4","4","10","4","5","2","12","2","9","2","1","C03","7","6","1","10","2","12","","7","7","1","6","4","120.603091","24.108709","2"
"10655","66000","387130000C","(04)23274275","(04)23288582","2026","1","26","13","52","臺中市","北區","0","0","0","7","","","50","","","","","","","","","","","","","","13","","","","","C03","","","1","","1","","","7","7","1","13","4","120.685179","24.147701","3"
"10656","66000","387130000C","(04)23274275","(04)23288582","2026","1","26","13","52","臺中市","北屯區","0","0","0","7","","","50","","","","","","","","","","","","","","13","","","","","B03","","","1","","1","","","7","7","1","6","4","120.686552","24.195196","3"
"10657","66000","387130000C","(04)23274275","(04)23288582","2026","1","26","13","52","臺中市","霧峰區","0","1","0","7","3","6","40","13","14","1","5","4","6","6","4","4","5","2","4","1","17","2","9","1","1","C03","7","9","1","10","2","11","","58","58","1","6","4","120.697348","24.055764","2"
"10658","66000","387130000C","(04)23274275","(04)23288582","2026","1","26","13","53","臺中市","豐原區","0","1","0","6","2","6","50","3","1","1","5","4","6","6","2","1","5","5","4","2","12","2","8","1","1","C03","7","9","1","10","2","11","","39","39","1","12","4","120.714791","24.245958","2"
"10659","66000","387130000C","(04)23274275","(04)23288582","2026","1","26","14","4","臺中市","北屯區","0","1","0","7","3","6","50","13","7","1","5","4","6","6","4","4","5","5","5","2","13","4","11","5","4","C03","7","9","6","20","11","11","","7","7","1","6","4","120.706574","24.16824","2"
"10660","66000","387130000C","(04)23274275","(04)23288582","2026","1","26","14","7","臺中市","北屯區","0","1","0","7","2","6","50","13","9","1","5","4","6","6","2","1","5","2","5","2","13","2","9","1","1","C03","7","9","1","10","2","11","","7","7","1","12","4","120.704269","24.164566","2"
"10661","66000","387130000C","(04)23274275","(04)23288582","2026","1","26","14","12","臺中市","霧峰區","0","0","0","7","","","50","","","","","","","","","","","","","","14","","","","","B03","","","1","","2","","","59","59","1","12","4","120.698747","24.064286","3"
"10662","66000","387130000C","(04)23274275","(04)23288582","2026","1","26","14","12","臺中市","霧峰區","0","1","0","7","3","6","30","11","9","1","5","4","6","6","4","4","10","5","5","2","11","3","10","3","1","B03","7","6","1","8","2","4","","84","84","1","12","4","120.700292","24.053348","2"
"10663","66000","387130000C","(04)23274275","(04)23288582","2026","1","26","14","15","臺中市","霧峰區","0","0","0","7","","","50","","","","","","","","","","","","","","12","","","","","B03","","","1","","2","","","51","51","1","6","4","120.697116","24.064391","3"
"10664","66000","387130000C","(04)23274275","(04)23288582","2026","1","26","14","17","臺中市","北區","0","0","0","7","","","50","","","","","","","","","","","","","","17","","","","","B03","","","1","","1","","","84","84","1","12","4","120.682759","24.15485","3"
"10665","66000","387130000C","(04)23274275","(04)23288582","2026","1","26","14","17","臺中市","西屯區","0","1","0","7","2","6","50","13","9","1","5","4","6","6","4","4","5","4","5","2","17","3","10","5","4","C03","7","1","1","10","2","11","","51","51","1","13","4","120.648271","24.174544","2"
"10666","66000","387130000C","(04)23274275","(04)23288582","2026","1","26","14","17","臺中市","烏日區","0","0","0","7","","","50","","","","","","","","","","","","","","17","","","","","B12","","","1","","2","","","58","58","1","6","4","120.626421","24.105407","3"
"10667","66000","387130000C","(04)23274275","(04)23288582","2026","1","26","14","19","臺中市","大甲區","0","0","0","7","","","50","","","","","","","","","","","","","","","","","","","B12","","","1","","1","","","8","8","1","6","4","120.645199","24.40497","3"
"10668","66000","387130000C","(04)23274275","(04)23288582","2026","1","26","14","20","臺中市","大雅區","0","0","0","7","","","60","","","","","","","","","","","","","","","","","","","A11","","","1","","1","","","8","8","1","12","4","120.646897","24.222924","3"
"10669","66000","387130000C","(04)23274275","(04)23288582","2026","1","26","14","21","臺中市","南屯區","0","1","0","7","2","6","50","4","1","1","5","4","6","6","2","1","5","4","5","2","13","3","10","1","1","C03","7","9","1","10","2","11","","21","21","1","12","4","120.638026","24.147138","2"
"10670","66000","387130000C","(04)23274275","(04)23288582","2026","1","26","14","21","臺中市","沙鹿區","0","0","0","7","","","50","","","","","","","","","","","","","","","","","","","C03","","","1","","2","","","84","84","1","6","4","120.570469","24.219736","3"
"10671","66000","387130000C","(04)23274275","(04)23288582","2026","1","26","14","25","臺中市","大甲區","0","1","0","7","3","6","50","4","1","1","5","4","6","6","4","4","10","5","5","2","17","2","9","1","1","C03","7","6","1","10","2","11","","7","7","1","6","4","120.625043","24.344964","2"
"10672","66000","387130000C","(04)23274275","(04)23288582","2026","1","26","14","28","臺中市","西區","0","0","0","7","","","50","","","","","","","","","","","","","","12","","","","","B12","","","1","8","2","","","1","1","1","13","4","120.655074","24.147244","3"
"10673","66000","387130000C","(04)23274275","(04)23288582","2026","1","26","14","35","臺中市","西屯區","0","0","0","7","","","50","","","","","","","","","","","","","","17","","","","","B03","","","1","","1","","","85","85","1","13","4","120.666424","24.170049","3"
"10674","66000","387130000C","(04)23274275","(04)23288582","2026","1","26","14","37","臺中市","大甲區","0","0","0","7","2","6","50","4","2","1","5","4","6","6","1","1","5","4","5","1","16","","","","","B03","","","1","","1","","","7","7","1","12","4","120.620337","24.349597","3"
"10675","66000","387130000C","(04)23274275","(04)23288582","2026","1","26","14","42","臺中市","大雅區","0","0","0","7","","","60","","","","","","","","","","","","","","12","","","","","B03","","","1","","2","","","84","84","1","12","4","120.640434","24.231091","3"
"10676","66000","387130000C","(04)23274275","(04)23288582","2026","1","26","14","48","臺中市","太平區","0","2","0","7","2","6","50","13","9","1","5","4","6","6","4","4","5","5","5","2","17","2","9","1","1","C03","7","9","1","10","2","14","","84","84","1","12","4","120.72056","24.133743","2"
"10677","66000","387130000C","(04)23274275","(04)23288582","2026","1","26","14","56","臺中市","東區","0","1","0","7","2","6","50","4","1","1","5","4","6","6","4","4","10","5","5","2","16","3","10","3","1","B03","7","6","1","8","1","1","","12","12","1","13","4","120.705994","24.143316","2"
"10678","66000","387130000C","(04)23274275","(04)23288582","2026","1","26","14","56","臺中市","南屯區","0","1","0","7","2","6","50","13","9","1","5","4","6","6","4","4","5","2","5","2","17","3","10","3","1","B03","7","11","1","8","2","1","","34","34","1","6","4","120.653348","24.141073","2"
"10679","66000","387130000C","(04)23274275","(04)23288582","2026","1","26","15","0","臺中市","南屯區","0","1","0","6","3","6","30","3","1","1","5","4","6","6","4","4","10","5","5","1","18","2","8","2","1","C03","7","6","1","10","2","14","","87","87","1","13","4","120.641131","24.1406","2"
"10680","66000","387130000C","(04)23274275","(04)23288582","2026","1","26","15","0","臺中市","大甲區","0","0","0","7","","","50","","","","","","","","","","","","","","","","","","","B12","","","1","","1","","","49","49","2","12","4","120.624688","24.349282","3"
"10681","66000","387130000C","(04)23274275","(04)23288582","2026","1","26","15","3","臺中市","大雅區","0","0","0","7","","","60","","","","","","","","","","","","","","","","","","","B03","","","1","","1","","","7","7","1","13","4","120.649362","24.215819","3"
"10682","66000","387130000C","(04)23274275","(04)23288582","2026","1","26","15","5","臺中市","北屯區","0","0","0","7","","","30","","","","","","","","","","","","","","17","","","","","A12","","","1","","2","","","51","51","1","6","4","120.743719","24.199068","3"
"10683","66000","387130000C","(04)23274275","(04)23288582","2026","1","26","15","5","臺中市","神岡區","0","1","0","6","2","6","15","4","1","1","5","4","6","6","1","1","10","5","5","2","15","3","10","5","4","F01","7","9","7","21","2","11","","21","21","1","12","4","120.687955","24.239268","2"
"10684","66000","387130000C","(04)23274275","(04)23288582","2026","1","26","15","9","臺中市","東區","0","1","0","7","2","6","50","13","9","1","5","4","6","6","4","4","5","4","5","2","14","3","10","3","1","B03","7","2","1","8","2","3","","49","49","1","12","4","120.696649","24.140604","2"
"10685","66000","387130000C","(04)23274275","(04)23288582","2026","1","26","15","10","臺中市","霧峰區","0","2","0","7","3","6","50","13","9","1","5","4","6","6","4","4","5","2","5","1","30","2","9","1","1","C03","7","9","3","19","2","11","","58","58","1","6","4","120.726199","24.060229","2"
"10686","66000","387130000C","(04)23274275","(04)23288582","2026","1","26","15","26","臺中市","龍井區","0","3","0","7","1","6","30","3","1","1","5","4","6","6","4","4","10","5","5","2","16","2","9","1","1","C03","7","6","1","10","2","11","","12","12","1","6","4","120.589021","24.180603","2"
"10687","66000","387130000C","(04)23274275","(04)23288582","2026","1","26","15","27","臺中市","南屯區","0","0","0","7","","","50","","","","","","","","","","","","","","","","","","","B03","","","1","","2","","","40","40","1","12","4","120.641898","24.146922","3"
"10688","66000","387130000C","(04)23274275","(04)23288582","2026","1","26","15","30","臺中市","北屯區","0","0","0","7","","","50","","","","","","","","","","","","","","16","","","","","B03","","","1","","1","","","45","45","1","6","4","120.680387","24.192887","3"
"10689","66000","387130000C","(04)23274275","(04)23288582","2026","1","26","15","34","臺中市","太平區","0","0","0","7","","","30","","","","","","","","","","","","","","","","","","","B03","","","1","","2","","","49","49","1","12","4","120.727009","24.152683","3"
"10690","66000","387130000C","(04)23274275","(04)23288582","2026","1","26","15","34","臺中市","豐原區","0","0","0","7","","","30","","","","","","","","","","","","","","25","","","","","A12","","","1","","2","","","84","84","1","12","4","120.722342","24.259327","3"
"10691","66000","387130000C","(04)23274275","(04)23288582","2026","1","26","15","35","臺中市","西屯區","0","1","0","7","2","6","40","3","8","1","5","4","6","6","4","4","10","5","5","2","17","2","7","5","4","F01","7","9","7","21","2","12","","75","75","1","12","4","120.664483","24.180478","2"
"10692","66000","387130000C","(04)23274275","(04)23288582","2026","1","26","15","36","臺中市","神岡區","0","2","0","6","2","6","50","4","2","1","5","4","6","6","1","1","10","5","5","2","13","2","9","1","1","C03","7","9","3","19","2","11","","7","7","1","13","4","120.686893","24.247183","2"
"10693","66000","387130000C","(04)23274275","(04)23288582","2026","1","26","15","37","臺中市","豐原區","0","0","0","7","","","50","","","","","","","","","","","","","","12","","","","","B03","","","1","","2","","","50","50","1","6","4","120.719444","24.244744","3"
"10694","66000","387130000C","(04)23274275","(04)23288582","2026","1","26","15","38","臺中市","北屯區","0","0","0","7","","","40","","","","","","","","","","","","","","14","","","","","B02","","","1","","1","","","49","49","1","12","4","120.678166","24.183867","3"
"10695","66000","387130000C","(04)23274275","(04)23288582","2026","1","26","15","40","臺中市","龍井區","0","1","0","7","2","6","50","3","1","1","5","4","6","6","4","4","10","5","5","1","16","3","10","5","1","C03","7","6","1","10","2","11","","14","14","1","13","4","120.539185","24.19382","2"
"10696","66000","387130000C","(04)23274275","(04)23288582","2026","1","26","15","40","臺中市","豐原區","0","0","0","7","","","60","","","","","","","","","","","","","","13","","","","","B03","","","1","","2","","","7","7","1","12","4","120.72131","24.236396","3"
"10697","66000","387130000C","(04)23274275","(04)23288582","2026","1","26","15","47","臺中市","北屯區","0","0","0","7","","","50","","","","","","","","","","","","","","16","","","","","B03","","","1","","1","","","45","45","1","12","4","120.686227","24.183703","3"
"10698","66000","387130000C","(04)23274275","(04)23288582","2026","1","26","15","48","臺中市","太平區","0","1","0","7","2","6","50","11","9","1","5","4","6","6","4","4","10","5","5","1","11","2","9","6","1","F01","7","9","7","21","1","11","","41","41","1","12","4","120.789384","24.101565","2"
"10699","66000","387130000C","(04)23274275","(04)23288582","2026","1","26","15","54","臺中市","南屯區","0","1","0","7","2","6","50","3","1","1","5","4","6","6","1","1","5","5","5","2","21","2","8","3","1","B03","7","9","1","4","2","1","","55","55","1","12","4","120.638519","24.129337","2"
"10700","66000","387130000C","(04)23274275","(04)23288582","2026","1","26","15","55","臺中市","西屯區","0","1","0","7","2","6","50","4","1","1","5","4","6","6","1","1","10","5","5","2","14","3","10","1","1","C03","7","2","1","10","2","13","","84","84","1","12","4","120.655889","24.170437","2"
"10701","66000","387130000C","(04)23274275","(04)23288582","2026","1","26","16","2","臺中市","沙鹿區","0","1","0","6","2","6","30","13","9","1","5","4","6","6","4","4","10","5","5","2","17","2","7","1","1","C03","7","9","1","10","2","12","","7","7","1","12","4","120.578777","24.224635","2"
"10702","66000","387130000C","(04)23274275","(04)23288582","2026","1","26","16","8","臺中市","潭子區","0","0","0","7","","","60","","","","","","","","","","","","","","","","","","","B03","","","1","","2","","","40","40","1","13","4","120.705217","24.208176","3"
"10703","66000","387130000C","(04)23274275","(04)23288582","2026","1","26","16","12","臺中市","北區","0","0","0","7","","","50","","","","","","","","","","","","","","13","","","","","C03","","","1","","2","","","7","7","1","13","4","120.687972","24.150835","3"
"10704","66000","387130000C","(04)23274275","(04)23288582","2026","1","26","16","13","臺中市","北屯區","0","0","0","7","","","50","","","","","","","","","","","","","","","","","","","C03","","","1","","1","","","40","40","1","13","4","120.660871","24.191985","3"
"10705","66000","387130000C","(04)23274275","(04)23288582","2026","1","26","16","18","臺中市","中區","0","0","0","7","","","50","","","","","","","","","","","","","","13","","","","","B12","","","1","","2","","","7","7","1","13","4","120.683851","24.142735","3"
"10706","66000","387130000C","(04)23274275","(04)23288582","2026","1","26","16","20","臺中市","西區","0","2","0","7","3","6","50","4","2","1","5","4","6","6","4","4","5","4","5","2","13","2","9","1","1","C03","7","9","1","10","2","11","","7","7","1","6","4","120.652947","24.149932","2"
"10707","66000","387130000C","(04)23274275","(04)23288582","2026","1","26","16","20","臺中市","北屯區","0","0","0","7","","","30","","","","","","","","","","","","","","30","","","","","B12","","","1","","1","","","84","84","1","6","4","120.699347","24.183496","3"
"10708","66000","387130000C","(04)23274275","(04)23288582","2026","1","26","16","20","臺中市","大里區","0","1","0","7","3","6","50","13","9","1","5","4","6","6","4","4","3","4","5","1","12","3","10","5","4","B03","7","7","1","8","2","4","","85","85","1","13","4","120.68217","24.101238","2"
"10709","66000","387130000C","(04)23274275","(04)23288582","2026","1","26","16","28","臺中市","東區","0","2","0","7","3","6","50","4","1","1","5","4","6","6","1","1","10","5","5","2","17","3","10","5","4","C03","7","15","1","10","1","13","","84","84","1","12","4","120.709122","24.144469","2"
"10710","66000","387130000C","(04)23274275","(04)23288582","2026","1","26","16","30","臺中市","北屯區","0","0","0","7","","","1","","","","","","","","","","","","","","14","","","","","B12","","","1","","2","","","49","49","1","6","4","120.708467","24.170015","3"
"10711","66000","387130000C","(04)23274275","(04)23288582","2026","1","26","16","30","臺中市","西屯區","0","1","0","7","1","6","50","13","9","1","5","4","6","6","4","4","1","4","5","2","13","3","10","3","1","B03","7","7","1","8","2","5","","40","40","1","12","4","120.595184","24.190903","2"