序號,縣市別代碼,機關代碼,市話,傳真,年,月,日,時,分,縣市,區,死亡數量,受傷數量,2-30,天候,道路照明設備,道路類別,道路速限,道路型態,事故位置,路面鋪裝,路面狀態,路面缺陷,障礙物,視距,號誌種類,號誌動作,分向設施,快車道或一般車道間,快慢車道間,路面邊線,事故類型及型態,受傷程度,主要傷處,保護裝備,行動電話或功能裝置,當事者區分(類別),車輛用途,當事者行動狀態,駕照狀態,駕照種類,飲酒情形,車輛撞擊部位最初,車輛撞擊部位其他,肇事因素個別,肇事因素主要,肇事逃逸,職業,共享經濟或外送平台,GPS座標X,GPS座標Y,事故類別
"10712","66000","387130000C","(04)23274275","(04)23288582","2026","1","26","16","31","臺中市","新社區","0","0","0","6","","","50","","","","","","","","","","","","","","13","","","","","B12","","","1","","2","","","84","84","1","13","4","120.795983","24.217956","3"
"10713","66000","387130000C","(04)23274275","(04)23288582","2026","1","26","16","41","臺中市","北區","0","2","0","7","2","6","50","3","9","1","5","4","6","6","1","1","5","4","5","2","11","2","9","1","1","C03","7","9","1","10","2","11","","39","39","1","12","4","120.677595","24.149943","2"
"10714","66000","387130000C","(04)23274275","(04)23288582","2026","1","26","16","42","臺中市","北屯區","0","2","0","7","2","6","50","4","1","1","5","4","6","6","2","1","10","5","5","2","12","2","9","1","1","C03","7","6","1","10","2","14","","48","48","1","6","4","120.720953","24.169893","2"
"10715","66000","387130000C","(04)23274275","(04)23288582","2026","1","26","16","45","臺中市","北屯區","0","0","0","6","","","","","","","","","","","","","","","","","17","","","","","","","","","","","","","119","119","1","","","120.705031","24.188833","3"
"10716","66000","387130000C","(04)23274275","(04)23288582","2026","1","26","16","47","臺中市","南屯區","0","1","0","7","2","6","50","3","1","1","5","4","6","6","2","1","5","5","5","2","16","3","10","3","1","B03","7","5","1","8","2","5","","47","47","1","6","4","120.610342","24.136388","2"
"10717","66000","387130000C","(04)23274275","(04)23288582","2026","1","26","16","52","臺中市","中區","0","2","0","7","1","6","50","4","2","1","5","4","6","6","4","4","7","2","5","2","17","2","9","3","1","B03","7","15","3","19","2","8","","76","76","1","13","4","120.677407","24.144907","2"
"10718","66000","387130000C","(04)23274275","(04)23288582","2026","1","26","16","52","臺中市","北區","0","0","0","7","","","50","","","","","","","","","","","","","","17","","","","","B03","","","1","","1","","","49","49","1","13","4","120.682323","24.153333","4"
"10719","66000","387130000C","(04)23274275","(04)23288582","2026","1","26","16","53","臺中市","大甲區","0","0","0","7","","","40","","","","","","","","","","","","","","","","","","","B12","","","1","","1","","","8","8","1","6","4","120.630657","24.342348","3"
"10720","66000","387130000C","(04)23274275","(04)23288582","2026","1","26","16","57","臺中市","霧峰區","0","0","0","7","","","50","","","","","","","","","","","","","","17","","","","","B03","","","1","7","2","","","84","84","1","13","4","120.696337","24.07051","3"
"10721","66000","387130000C","(04)23274275","(04)23288582","2026","1","26","17","0","臺中市","沙鹿區","0","2","0","7","1","6","50","3","1","1","5","4","6","6","4","4","5","5","5","2","9","2","8","1","1","C03","7","9","1","10","2","12","","6","6","1","12","4","120.556878","24.2326","2"
"10722","66000","387130000C","(04)23274275","(04)23288582","2026","1","26","17","1","臺中市","豐原區","0","1","0","7","2","6","50","4","3","1","5","4","6","6","1","1","1","4","5","1","14","3","10","5","4","B03","7","2","1","8","2","3","","49","49","1","12","4","120.719084","24.243217","2"
"10723","66000","387130000C","(04)23274275","(04)23288582","2026","1","26","17","3","臺中市","北區","0","1","0","7","2","6","50","3","1","1","5","4","6","6","2","1","1","4","4","2","16","3","10","3","1","B03","7","5","1","8","2","2","","20","20","1","13","4","120.67284","24.168847","2"
"10724","66000","387130000C","(04)23274275","(04)23288582","2026","1","26","17","6","臺中市","新社區","0","1","0","6","3","6","40","13","9","1","5","4","3","3","4","4","10","5","5","1","17","2","9","5","4","C03","7","9","5","19","8","11","","53","53","1","13","4","120.792189","24.21707","2"
"10725","66000","387130000C","(04)23274275","(04)23288582","2026","1","26","17","8","臺中市","北屯區","0","0","0","6","","","50","","","","","","","","","","","","","","13","","","","","B03","","","1","","1","","","59","59","1","12","4","120.662782","24.188271","3"
"10726","66000","387130000C","(04)23274275","(04)23288582","2026","1","26","17","10","臺中市","南區","0","0","0","7","","","50","","","","","","","","","","","","","","","","","","","B03","","","1","","2","","","40","40","1","12","4","120.682933","24.134434","3"
"10727","66000","387130000C","(04)23274275","(04)23288582","2026","1","26","17","10","臺中市","龍井區","0","0","0","6","","","40","","","","","","","","","","","","","","17","","","","","F01","","","7","","1","","","8","8","1","3","4","120.587244","24.18515","3"
"10728","66000","387130000C","(04)23274275","(04)23288582","2026","1","26","17","10","臺中市","石岡區","0","1","0","7","2","6","70","4","1","1","5","4","6","6","1","1","10","5","5","2","16","3","10","3","1","B03","7","6","1","8","2","1","","11","11","1","12","4","120.793365","24.27185","2"
"10729","66000","387130000C","(04)23274275","(04)23288582","2026","1","26","17","10","臺中市","豐原區","0","1","0","7","2","6","30","4","1","1","5","4","6","3","4","4","5","5","4","2","16","2","1","5","4","C03","7","5","1","10","2","14","","14","14","1","13","4","120.716586","24.252288","2"
"10730","66000","387130000C","(04)23274275","(04)23288582","2026","1","26","17","11","臺中市","北屯區","0","0","0","7","","","50","","","","","","","","","","","","","","14","","","","","B03","","","1","","1","","","49","49","1","12","4","120.684024","24.201338","3"
"10731","66000","387130000C","(04)23274275","(04)23288582","2026","1","26","17","11","臺中市","西屯區","0","1","0","7","3","6","30","4","1","1","5","4","6","6","4","4","10","5","5","2","16","2","9","5","4","C03","7","6","1","10","2","12","","14","14","1","13","4","120.620222","24.185201","2"
"10732","66000","387130000C","(04)23274275","(04)23288582","2026","1","26","17","12","臺中市","北區","0","0","0","7","","","30","","","","","","","","","","","","","","14","","","","","B03","","","5","","2","","","49","49","2","13","4","120.681857","24.165832","3"
"10733","66000","387130000C","(04)23274275","(04)23288582","2026","1","26","17","12","臺中市","沙鹿區","0","1","0","7","2","6","50","13","9","1","5","4","6","6","4","4","9","5","5","2","13","3","10","2","1","C03","7","9","1","10","2","11","","7","7","1","6","4","120.572822","24.21982","2"
"10734","66000","387130000C","(04)23274275","(04)23288582","2026","1","26","17","13","臺中市","沙鹿區","0","1","0","7","2","6","50","3","1","1","5","4","6","6","4","4","7","4","5","2","16","3","10","1","1","C03","7","6","1","10","2","14","","48","48","1","12","4","120.556317","24.22832","2"
"10735","66000","387130000C","(04)23274275","(04)23288582","2026","1","26","17","15","臺中市","北區","0","2","0","7","2","6","30","4","1","1","5","4","6","6","4","4","10","5","5","2","15","2","9","1","1","C03","7","9","1","10","2","13","","15","15","1","12","4","120.697476","24.160313","2"
"10736","66000","387130000C","(04)23274275","(04)23288582","2026","1","26","17","21","臺中市","南屯區","0","1","0","6","2","6","50","13","8","1","5","4","6","6","4","4","9","5","4","1","12","3","10","3","1","B03","7","5","1","8","2","5","","85","85","1","13","4","120.644599","24.153633","2"
"10737","66000","387130000C","(04)23274275","(04)23288582","2026","1","26","17","22","臺中市","南屯區","0","1","0","7","2","6","50","4","1","1","5","4","6","6","2","1","5","4","5","2","17","2","9","2","1","F03","7","9","7","21","2","11","","4","4","1","12","4","120.613131","24.139859","2"
"10738","66000","387130000C","(04)23274275","(04)23288582","2026","1","26","17","23","臺中市","南屯區","0","0","0","7","","","50","","","","","","","","","","","","","","11","","","","","B03","","","1","","2","","","8","8","1","12","4","120.638952","24.139831","3"
"10739","66000","387130000C","(04)23274275","(04)23288582","2026","1","26","17","23","臺中市","北屯區","0","0","0","7","","","50","","","","","","","","","","","","","","","","","","","B13","","","1","","1","","","84","84","1","13","4","120.686118","24.181589","3"
"10740","66000","387130000C","(04)23274275","(04)23288582","2026","1","26","17","23","臺中市","大里區","0","1","0","7","2","6","50","6","9","1","5","4","6","6","1","1","10","5","5","2","17","3","10","3","1","B03","7","6","1","8","2","8","","8","8","1","12","4","120.665492","24.094828","2"
"10741","66000","387130000C","(04)23274275","(04)23288582","2026","1","26","17","25","臺中市","豐原區","0","0","0","7","","","50","","","","","","","","","","","","","","13","","","","","B03","","","1","","2","","","7","7","1","12","4","120.722466","24.236787","3"
"10742","66000","387130000C","(04)23274275","(04)23288582","2026","1","26","17","26","臺中市","南屯區","0","2","0","6","2","6","50","4","1","1","5","4","6","6","2","1","1","5","5","2","13","2","9","1","1","C03","7","9","1","10","2","11","","7","7","1","6","4","120.61493","24.147841","2"
"10743","66000","387130000C","(04)23274275","(04)23288582","2026","1","26","17","26","臺中市","龍井區","0","1","0","6","1","6","50","4","4","1","5","4","6","6","2","1","9","4","5","1","12","3","10","3","1","B03","7","9","1","8","2","5","","7","7","1","6","4","120.593072","24.182623","2"
"10744","66000","387130000C","(04)23274275","(04)23288582","2026","1","26","17","27","臺中市","北屯區","0","2","0","7","2","6","50","3","2","1","5","4","6","6","4","4","1","2","5","2","16","2","9","1","1","C03","7","8","1","10","2","14","","35","35","1","6","4","120.680108","24.174343","2"
"10745","66000","387130000C","(04)23274275","(04)23288582","2026","1","26","17","30","臺中市","北屯區","0","0","0","7","","","50","","","","","","","","","","","","","","17","","","","","B03","","","1","","2","","","8","8","1","6","4","120.695355","24.175045","4"
"10746","66000","387130000C","(04)23274275","(04)23288582","2026","1","26","17","30","臺中市","沙鹿區","0","0","0","6","","","50","","","","","","","","","","","","","","17","","","","","B03","","","1","","2","","","59","59","1","12","4","120.558351","24.215127","3"
"10747","66000","387130000C","(04)23274275","(04)23288582","2026","1","26","17","33","臺中市","南屯區","0","0","0","6","","","0","","","","","","","","","","","","","","9","","","","","C02","","","1","","1","","","78","78","1","13","4","120.64698","24.134646","3"
"10748","66000","387130000C","(04)23274275","(04)23288582","2026","1","26","17","34","臺中市","東區","0","1","0","7","2","6","50","3","1","1","5","4","6","6","4","4","5","2","5","2","16","3","10","3","1","B03","7","6","1","8","2","1","","14","14","1","13","4","120.700264","24.127956","2"
"10749","66000","387130000C","(04)23274275","(04)23288582","2026","1","26","17","34","臺中市","大里區","0","1","0","7","2","6","50","4","1","1","5","4","6","6","1","1","10","5","5","2","16","3","10","3","1","B03","7","6","1","8","2","8","","11","11","1","6","4","120.713724","24.094296","2"
"10750","66000","387130000C","(04)23274275","(04)23288582","2026","1","26","17","34","臺中市","神岡區","0","0","0","7","","","50","","","","","","","","","","","","","","12","","","","","B03","","","1","","2","","","8","8","1","13","4","120.698359","24.248614","3"
"10751","66000","387130000C","(04)23274275","(04)23288582","2026","1","26","17","41","臺中市","霧峰區","0","0","0","7","","","40","","","","","","","","","","","","","","17","","","","","A12","","","1","","2","","","8","8","1","12","4","120.663018","24.072204","3"
"10752","66000","387130000C","(04)23274275","(04)23288582","2026","1","26","17","44","臺中市","大雅區","0","2","0","7","1","6","50","3","1","1","5","4","6","6","3","1","10","5","5","2","17","2","9","2","1","C03","7","6","1","10","2","11","","24","24","1","12","4","120.629892","24.209714","2"
"10753","66000","387130000C","(04)23274275","(04)23288582","2026","1","26","17","44","臺中市","豐原區","0","0","0","7","","","50","","","","","","","","","","","","","","13","","","","","B03","","","1","","2","","","61","61","1","12","4","120.706088","24.242889","3"
"10754","66000","387130000C","(04)23274275","(04)23288582","2026","1","26","17","45","臺中市","大甲區","0","0","0","7","","","50","","","","","","","","","","","","","","","","","","","B03","","","1","","2","","","6","6","1","6","4","120.646128","24.406505","3"
"10755","66000","387130000C","(04)23274275","(04)23288582","2026","1","26","17","52","臺中市","中區","0","2","0","7","1","6","50","13","9","1","5","4","6","6","4","4","1","4","5","2","13","2","9","2","1","C03","7","9","1","10","2","11","","7","7","1","12","4","120.681806","24.144961","2"
"10756","66000","387130000C","(04)23274275","(04)23288582","2026","1","26","17","52","臺中市","北屯區","0","0","0","7","","3","80","","","","","","","","","","","","","","13","","","","","B03","","","1","","2","","","7","7","1","6","4","120.694216","24.201054","3"
"10757","66000","387130000C","(04)23274275","(04)23288582","2026","1","26","17","52","臺中市","西屯區","0","0","0","7","","","30","","","","","","","","","","","","","","17","","","","","B03","","","1","","2","","","20","20","1","13","4","120.655149","24.170227","3"
"10758","66000","387130000C","(04)23274275","(04)23288582","2026","1","26","17","53","臺中市","后里區","0","0","0","7","","","50","","","","","","","","","","","","","","12","","","","","C03","","","3","","2","","","8","8","1","12","4","120.707729","24.325835","3"
"10759","66000","387130000C","(04)23274275","(04)23288582","2026","1","26","17","55","臺中市","東區","0","0","0","7","","","50","","","","","","","","","","","","","","13","","","","","B03","","","1","","1","","","7","7","1","12","4","120.689938","24.138145","3"
"10760","66000","387130000C","(04)23274275","(04)23288582","2026","1","26","17","55","臺中市","太平區","0","0","0","7","","","50","","","","","","","","","","","","","","","","","","","F02","","","1","","2","","","84","84","1","12","4","120.733897","24.150485","3"
"10761","66000","387130000C","(04)23274275","(04)23288582","2026","1","26","17","56","臺中市","大里區","0","0","0","7","","","50","","","","","","","","","","","","","","13","","","","","B03","","","1","","2","","","84","84","1","6","4","120.694737","24.097595","3"
"10762","66000","387130000C","(04)23274275","(04)23288582","2026","1","26","17","58","臺中市","龍井區","0","1","0","6","1","6","30","11","9","1","5","4","6","6","4","4","10","5","5","1","19","2","9","1","1","C03","7","6","1","10","2","11","","6","6","1","6","4","120.574489","24.190861","2"
"10763","66000","387130000C","(04)23274275","(04)23288582","2026","1","26","18","4","臺中市","南區","0","0","0","7","","","50","","","","","","","","","","","","","","17","","","","","B03","","","1","","1","","","51","51","1","12","4","120.666646","24.116487","3"
"10764","66000","387130000C","(04)23274275","(04)23288582","2026","1","26","18","4","臺中市","北屯區","0","0","0","7","","","50","","","","","","","","","","","","","","12","","","","","B03","","","1","","2","","","84","84","1","6","4","120.70044","24.177888","3"
"10765","66000","387130000C","(04)23274275","(04)23288582","2026","1","26","18","6","臺中市","西屯區","0","0","0","7","","","70","","","","","","","","","","","","","","13","","","","","B03","","","1","","1","","","59","59","1","12","4","120.619975","24.180703","3"
"10766","66000","387130000C","(04)23274275","(04)23288582","2026","1","26","18","6","臺中市","太平區","0","0","0","7","","","50","","","","","","","","","","","","","","","","","","","C03","","","1","","2","","","7","7","1","12","4","120.716481","24.14874","3"
"10767","66000","387130000C","(04)23274275","(04)23288582","2026","1","26","18","7","臺中市","沙鹿區","0","0","0","7","","","50","","","","","","","","","","","","","","17","","","","","B03","","","1","","2","","","49","49","1","12","4","120.55787","24.225641","3"
"10768","66000","387130000C","(04)23274275","(04)23288582","2026","1","26","18","8","臺中市","北屯區","0","1","0","7","1","6","50","13","24","1","5","4","6","6","2","1","5","4","4","2","17","3","10","3","1","B01","7","9","1","4","2","8","","84","84","1","6","4","120.706346","24.186537","2"
"10769","66000","387130000C","(04)23274275","(04)23288582","2026","1","26","18","10","臺中市","外埔區","0","1","0","7","1","6","50","13","9","1","5","4","6","6","4","4","5","4","5","1","12","3","10","3","1","B03","7","9","1","8","2","2","","84","84","1","12","4","120.669967","24.318453","2"
"10770","66000","387130000C","(04)23274275","(04)23288582","2026","1","26","18","11","臺中市","太平區","0","1","0","7","2","6","40","13","9","1","5","4","6","6","4","4","5","5","5","2","12","3","10","3","1","B03","7","9","3","19","2","6","","39","39","1","12","4","120.721078","24.142757","2"
"10771","66000","387130000C","(04)23274275","(04)23288582","2026","1","26","18","11","臺中市","清水區","0","1","0","7","1","6","50","4","1","1","5","4","6","6","1","1","9","4","5","2","16","3","10","6","1","F01","7","11","7","21","2","13","","20","20","1","12","4","120.555323","24.266089","2"
"10772","66000","387130000C","(04)23274275","(04)23288582","2026","1","26","18","12","臺中市","東區","0","1","0","7","1","6","50","4","1","1","5","4","6","6","2","1","5","5","4","2","16","3","10","3","1","B11","7","6","1","8","2","1","","11","11","1","13","4","120.709122","24.144469","2"
"10773","66000","387130000C","(04)23274275","(04)23288582","2026","1","26","18","13","臺中市","太平區","0","1","0","7","2","6","50","13","9","1","5","4","6","6","4","4","5","4","5","1","13","2","9","1","1","C03","7","9","1","10","2","11","","7","7","1","12","4","120.718859","24.133661","2"
"10774","66000","387130000C","(04)23274275","(04)23288582","2026","1","26","18","13","臺中市","烏日區","0","1","0","7","1","6","50","13","9","1","5","4","6","6","4","4","5","4","5","1","13","2","9","2","1","C03","7","9","1","10","2","11","","7","7","1","6","4","120.638261","24.107898","2"
"10775","66000","387130000C","(04)23274275","(04)23288582","2026","1","26","18","14","臺中市","神岡區","0","1","0","7","1","6","50","13","7","1","5","4","6","6","4","4","4","4","4","2","17","3","10","3","1","B03","7","11","1","8","2","8","","45","45","1","6","4","120.677136","24.25058","2"
"10776","66000","387130000C","(04)23274275","(04)23288582","2026","1","26","18","15","臺中市","南屯區","0","0","0","7","","3","50","","","","","","","","","","","","","","","","","","","B03","","","1","","1","","","59","59","1","12","4","120.620937","24.121578","3"
"10777","66000","387130000C","(04)23274275","(04)23288582","2026","1","26","18","16","臺中市","東區","0","1","0","6","1","6","50","13","9","1","5","4","3","6","4","4","5","4","5","2","17","3","10","5","4","B03","7","15","1","8","2","2","","76","76","1","12","4","120.687829","24.136516","2"
"10778","66000","387130000C","(04)23274275","(04)23288582","2026","1","26","18","18","臺中市","龍井區","0","1","0","7","1","6","30","4","1","1","5","4","6","6","4","4","10","5","5","2","15","2","9","1","1","C03","7","9","1","10","2","11","","12","12","1","6","4","120.59141","24.18883","2"
"10779","66000","387130000C","(04)23274275","(04)23288582","2026","1","26","18","18","臺中市","沙鹿區","0","0","0","7","","","1","","","","","","","","","","","","","","17","","","","","C03","","","1","","1","","","87","87","1","6","4","120.572721","24.229559","4"
"10780","66000","387130000C","(04)23274275","(04)23288582","2026","1","26","18","19","臺中市","北屯區","0","0","0","7","","","40","","","","","","","","","","","","","","13","","","","","C03","","","1","","1","","","84","84","1","12","4","120.728174","24.171546","3"
"10781","66000","387130000C","(04)23274275","(04)23288582","2026","1","26","18","23","臺中市","西區","0","3","0","6","1","6","30","4","1","1","5","4","6","6","4","4","10","5","5","2","17","2","9","1","1","C03","7","9","1","10","2","11","","15","15","1","12","4","120.657669","24.137396","2"
"10782","66000","387130000C","(04)23274275","(04)23288582","2026","1","26","18","23","臺中市","烏日區","0","1","0","7","1","6","40","10","11","1","5","4","5","6","4","4","3","4","3","2","18","2","9","2","1","C03","7","9","1","10","2","11","","81","81","1","6","4","120.647011","24.110015","2"
"10783","66000","387130000C","(04)23274275","(04)23288582","2026","1","26","18","27","臺中市","清水區","0","0","0","7","1","6","50","3","2","1","5","4","6","6","4","","8","3","4","2","12","","","","","B03","","","1","","1","","","84","84","1","12","4","120.555722","24.26103","3"
"10784","66000","387130000C","(04)23274275","(04)23288582","2026","1","26","18","27","臺中市","豐原區","0","0","0","7","","","50","","","","","","","","","","","","","","17","","","","","B03","","","1","","2","","","51","51","1","12","4","120.715088","24.249051","3"
"10785","66000","387130000C","(04)23274275","(04)23288582","2026","1","26","18","30","臺中市","西屯區","0","0","0","7","","","50","","","","","","","","","","","","","","14","","","","","C03","","","1","","2","","","84","84","1","12","4","120.647007","24.17333","3"
"10786","66000","387130000C","(04)23274275","(04)23288582","2026","1","26","18","34","臺中市","北區","0","0","0","7","","","50","","","","","","","","","","","","","","17","","","","","B03","","","1","","2","","","47","47","1","13","4","120.668164","24.154683","3"
"10787","66000","387130000C","(04)23274275","(04)23288582","2026","1","26","18","34","臺中市","東區","0","0","0","7","","","50","","","","","","","","","","","","","","12","","","","","B01","","","1","","9","","","8","8","2","12","4","120.694656","24.147334","3"
"10788","66000","387130000C","(04)23274275","(04)23288582","2026","1","26","18","35","臺中市","北區","0","2","0","7","2","6","50","13","8","1","5","4","6","6","4","4","5","4","4","2","17","2","9","5","1","C03","7","9","1","10","2","11","","7","7","1","13","4","120.668164","24.154683","2"
"10789","66000","387130000C","(04)23274275","(04)23288582","2026","1","26","18","35","臺中市","南區","0","1","0","7","1","6","50","3","1","1","5","4","6","6","3","1","10","5","5","2","16","3","10","3","1","B03","7","6","1","8","2","1","","48","48","1","12","4","120.668205","24.112678","2"
"10790","66000","387130000C","(04)23274275","(04)23288582","2026","1","26","18","36","臺中市","南區","0","1","0","7","1","6","50","13","9","1","5","4","6","6","4","4","1","4","5","2","12","2","9","2","1","C03","7","9","1","10","2","14","","8","8","1","13","4","120.669945","24.120314","2"
"10791","66000","387130000C","(04)23274275","(04)23288582","2026","1","26","18","40","臺中市","南屯區","0","0","0","7","","","50","","","","","","","","","","","","","","13","","","","","B03","","","1","","1","","","50","50","1","12","4","120.636803","24.148183","3"
"10792","66000","387130000C","(04)23274275","(04)23288582","2026","1","26","18","40","臺中市","南屯區","0","0","0","7","","","50","","","","","","","","","","","","","","","","","","","B03","","","1","","2","","","8","8","1","6","4","120.650043","24.134373","3"
"10793","66000","387130000C","(04)23274275","(04)23288582","2026","1","26","18","43","臺中市","南區","0","0","0","7","","","50","","","","","","","","","","","","","","17","","","","","C03","","","1","","1","","","7","7","1","12","4","120.648615","24.119636","3"
"10794","66000","387130000C","(04)23274275","(04)23288582","2026","1","26","18","47","臺中市","北屯區","0","0","0","7","","","30","","","","","","","","","","","","","","14","","","","","B11","","","1","","1","","","49","49","1","6","4","120.743387","24.199108","3"
"10795","66000","387130000C","(04)23274275","(04)23288582","2026","1","26","18","47","臺中市","霧峰區","0","0","0","7","","","50","","","","","","","","","","","","","","17","","","","","B03","","","1","8","2","","","84","84","1","13","4","120.695661","24.065768","3"
"10796","66000","387130000C","(04)23274275","(04)23288582","2026","1","26","18","47","臺中市","大里區","0","1","0","7","1","6","40","13","8","1","5","4","6","6","4","4","9","4","4","2","18","2","9","5","4","F02","7","9","7","21","2","12","","84","84","1","13","4","120.686416","24.100537","2"
"10797","66000","387130000C","(04)23274275","(04)23288582","2026","1","26","18","48","臺中市","南屯區","0","0","0","7","","","50","","","","","","","","","","","","","","13","","","","","C03","","","1","","1","","","7","7","1","13","4","120.646775","24.139733","3"
"10798","66000","387130000C","(04)23274275","(04)23288582","2026","1","26","18","52","臺中市","神岡區","0","1","0","7","3","6","50","13","7","1","5","4","6","6","4","4","9","4","4","2","28","2","9","1","1","C03","7","9","1","10","2","11","","84","84","1","13","4","120.656609","24.262077","2"
"10799","66000","387130000C","(04)23274275","(04)23288582","2026","1","26","19","4","臺中市","中區","0","1","0","7","1","6","50","3","2","1","5","4","6","6","4","4","5","4","4","1","18","2","9","2","1","C03","7","9","5","19","2","15","","87","87","1","13","4","120.675123","24.142371","2"
"10800","66000","387130000C","(04)23274275","(04)23288582","2026","1","26","19","11","臺中市","烏日區","0","2","0","7","1","6","50","8","8","1","4","4","6","6","4","4","1","4","1","1","17","2","9","2","1","C03","7","9","1","10","2","11","","84","84","1","6","4","120.58336","24.1104","2"
"10801","66000","387130000C","(04)23274275","(04)23288582","2026","1","26","19","11","臺中市","大甲區","0","0","0","7","","","50","","","","","","","","","","","","","","13","","","","","B03","","","1","","2","","","59","59","1","6","4","120.620047","24.341374","3"
"10802","66000","387130000C","(04)23274275","(04)23288582","2026","1","26","19","12","臺中市","南屯區","0","1","0","6","1","6","40","13","8","1","5","4","6","6","4","4","3","4","4","1","13","2","9","2","1","C03","7","9","1","10","2","11","","84","84","1","13","4","120.644943","24.151003","2"
"10803","66000","387130000C","(04)23274275","(04)23288582","2026","1","26","19","15","臺中市","太平區","0","0","0","7","","","50","","","","","","","","","","","","","","","","","","","B03","","","1","","2","","","7","7","1","12","4","120.72449","24.149657","3"
"10804","66000","387130000C","(04)23274275","(04)23288582","2026","1","26","19","23","臺中市","潭子區","0","1","0","7","1","6","50","4","1","1","5","4","6","6","2","1","1","4","4","1","17","","","","","","","9","","","","","","86","86","2","","","120.705359","24.211544","2"
"10805","66000","387130000C","(04)23274275","(04)23288582","2026","1","26","19","26","臺中市","中區","0","0","0","7","","","50","","","","","","","","","","","","","","","","","","","A12","","","1","","1","","","40","40","1","6","4","120.680341","24.144543","4"
"10806","66000","387130000C","(04)23274275","(04)23288582","2026","1","26","19","33","臺中市","西屯區","0","0","0","7","","","50","","","","","","","","","","","","","","13","","","","","A02","","","1","","2","","","7","7","1","12","4","120.645975","24.164367","3"
"10807","66000","387130000C","(04)23274275","(04)23288582","2026","1","26","19","34","臺中市","大甲區","0","0","0","7","","","60","","","","","","","","","","","","","","28","","","","","","","","","","","","","118","118","1","","5","120.633161","24.360907","3"
"10808","66000","387130000C","(04)23274275","(04)23288582","2026","1","26","19","37","臺中市","東區","0","0","0","7","","","50","","","","","","","","","","","","","","12","","","","","B03","","","1","","1","","","8","8","1","12","4","120.692293","24.132981","3"
"10809","66000","387130000C","(04)23274275","(04)23288582","2026","1","26","19","38","臺中市","北區","0","2","0","7","1","6","50","4","1","1","5","4","6","6","3","1","10","5","5","2","15","2","9","1","1","C03","7","9","1","10","2","12","","24","24","1","13","4","120.697336","24.158387","2"
"10810","66000","387130000C","(04)23274275","(04)23288582","2026","1","26","19","51","臺中市","西屯區","0","0","0","7","","","0","","","","","","","","","","","","","","14","","","","","B03","","","1","","1","","","49","49","1","12","4","120.651102","24.162767","3"
"10811","66000","387130000C","(04)23274275","(04)23288582","2026","1","26","20","10","臺中市","大雅區","0","1","0","7","3","6","50","4","1","1","5","4","6","6","1","1","4","3","5","2","12","2","7","1","1","C03","7","9","3","19","2","14","","84","84","1","12","4","120.647296","24.22929","2"
"10812","66000","387130000C","(04)23274275","(04)23288582","2026","1","26","20","12","臺中市","西屯區","0","1","0","7","1","6","50","4","1","1","5","4","6","6","4","4","10","5","5","2","16","3","10","5","4","B03","7","6","1","8","2","8","","14","14","1","13","4","120.633468","24.163833","2"
"10813","66000","387130000C","(04)23274275","(04)23288582","2026","1","26","20","16","臺中市","西屯區","0","3","0","7","1","6","50","3","1","1","5","4","6","6","4","4","10","5","5","2","13","2","9","1","1","C03","7","9","1","10","2","11","","7","7","1","13","4","120.655646","24.171408","2"
"10814","66000","387130000C","(04)23274275","(04)23288582","2026","1","26","20","25","臺中市","潭子區","0","1","0","7","1","6","50","13","7","1","5","4","6","6","4","4","9","5","4","2","16","3","10","3","1","B03","7","11","1","8","2","4","","45","45","1","13","4","120.692501","24.226129","2"
"10815","66000","387130000C","(04)23274275","(04)23288582","2026","1","26","20","35","臺中市","大里區","0","1","0","7","2","6","30","4","1","1","5","4","6","6","4","4","10","5","5","2","17","3","10","3","1","B03","7","15","1","8","2","16","","14","14","1","7","4","120.692649","24.093271","2"
"10816","66000","387130000C","(04)23274275","(04)23288582","2026","1","26","20","37","臺中市","東區","0","1","0","7","1","6","50","4","1","1","5","4","6","6","4","4","5","5","5","2","15","3","10","3","1","B11","7","9","1","8","2","8","","12","12","1","13","4","120.706016","24.142145","2"
"10817","66000","387130000C","(04)23274275","(04)23288582","2026","1","26","20","40","臺中市","南區","0","1","0","7","3","6","50","13","24","1","5","4","6","6","4","4","3","4","5","2","17","3","10","5","4","B03","7","1","1","16","2","8","","51","51","1","12","4","120.664582","24.122485","2"
"10818","66000","387130000C","(04)23274275","(04)23288582","2026","1","26","20","40","臺中市","西屯區","0","1","0","7","1","6","50","4","1","1","5","4","6","6","2","1","10","5","5","2","12","3","10","5","4","B03","7","15","1","8","2","5","","42","42","1","13","4","120.642237","24.177867","2"
"10819","66000","387130000C","(04)23274275","(04)23288582","2026","1","26","20","47","臺中市","西區","0","3","0","7","1","6","50","13","8","1","5","4","6","6","4","4","1","4","4","2","17","2","9","2","1","C03","7","8","3","19","2","12","","43","43","1","13","4","120.657319","24.143666","2"
"10820","66000","387130000C","(04)23274275","(04)23288582","2026","1","26","20","48","臺中市","北屯區","0","0","0","7","","","50","","","","","","","","","","","","","","13","","","","","B03","","","1","","2","","","1","1","1","6","4","120.697379","24.161604","3"
"10821","66000","387130000C","(04)23274275","(04)23288582","2026","1","26","20","50","臺中市","大甲區","0","2","0","7","1","6","50","3","1","1","5","4","6","6","3","1","3","4","4","1","16","2","9","3","1","B03","7","6","1","8","2","4","","11","11","1","6","4","120.643","24.421331","2"