序號,縣市別代碼,機關代碼,市話,傳真,年,月,日,時,分,縣市,區,死亡數量,受傷數量,2-30,天候,道路照明設備,道路類別,道路速限,道路型態,事故位置,路面鋪裝,路面狀態,路面缺陷,障礙物,視距,號誌種類,號誌動作,分向設施,快車道或一般車道間,快慢車道間,路面邊線,事故類型及型態,受傷程度,主要傷處,保護裝備,行動電話或功能裝置,當事者區分(類別),車輛用途,當事者行動狀態,駕照狀態,駕照種類,飲酒情形,車輛撞擊部位最初,車輛撞擊部位其他,肇事因素個別,肇事因素主要,肇事逃逸,職業,共享經濟或外送平台,GPS座標X,GPS座標Y,事故類別
"10822","66000","387130000C","(04)23274275","(04)23288582","2026","1","26","20","52","臺中市","北屯區","0","2","0","7","1","6","50","13","8","1","5","4","6","6","4","4","1","4","4","2","13","2","9","1","1","C03","7","9","1","10","2","11","","7","7","1","6","4","120.663163","24.187015","2"
"10823","66000","387130000C","(04)23274275","(04)23288582","2026","1","26","20","54","臺中市","北屯區","0","0","0","7","","","50","","","","","","","","","","","","","","12","","","","","B12","","","1","","9","","","40","40","2","12","4","120.663847","24.185922","3"
"10824","66000","387130000C","(04)23274275","(04)23288582","2026","1","26","20","54","臺中市","北屯區","0","0","0","7","","","50","","","","","","","","","","","","","","","","","","","B03","","","1","","2","","","84","84","1","6","4","120.71087","24.175326","3"
"10825","66000","387130000C","(04)23274275","(04)23288582","2026","1","26","20","57","臺中市","南屯區","0","1","0","7","1","6","50","13","8","1","5","4","6","6","4","4","5","4","5","2","17","2","9","2","1","C03","7","9","1","10","2","11","","59","59","1","12","4","120.61079","24.132473","2"
"10826","66000","387130000C","(04)23274275","(04)23288582","2026","1","26","20","58","臺中市","西屯區","0","0","0","7","","","30","","","","","","","","","","","","","","12","","","","","C03","","","1","","2","","","84","84","1","12","4","120.650424","24.169591","3"
"10827","66000","387130000C","(04)23274275","(04)23288582","2026","1","26","21","0","臺中市","沙鹿區","0","0","0","6","","","50","","","","","","","","","","","","","","13","","","","","B03","","","1","","2","","","59","59","1","12","4","120.562569","24.233781","3"
"10828","66000","387130000C","(04)23274275","(04)23288582","2026","1","26","21","5","臺中市","西區","0","2","0","7","1","6","50","4","2","1","5","4","6","6","2","1","5","4","5","2","13","2","9","2","1","C04","7","9","1","10","2","11","","7","7","1","13","4","120.671768","24.136727","2"
"10829","66000","387130000C","(04)23274275","(04)23288582","2026","1","26","21","8","臺中市","潭子區","0","1","0","7","1","6","50","4","9","1","5","4","6","6","1","1","5","5","5","1","18","2","9","2","1","C03","7","9","1","10","2","15","","6","6","1","13","4","120.68754","24.225691","2"
"10830","66000","387130000C","(04)23274275","(04)23288582","2026","1","26","21","19","臺中市","西屯區","0","1","0","7","1","6","50","13","9","1","5","4","6","6","4","4","9","4","5","2","16","2","9","1","1","C03","7","1","1","10","2","14","","51","51","1","12","4","120.639429","24.159552","2"
"10831","66000","387130000C","(04)23274275","(04)23288582","2026","1","26","21","21","臺中市","后里區","0","0","0","7","1","6","60","3","8","1","5","4","6","6","1","1","3","4","4","1","12","","","","","B03","","","1","","1","","","40","40","1","6","4","120.722606","24.283796","3"
"10832","66000","387130000C","(04)23274275","(04)23288582","2026","1","26","21","27","臺中市","中區","0","1","0","6","2","6","50","4","1","1","5","4","6","6","1","1","10","5","5","2","17","3","10","3","1","B03","7","11","1","8","2","5","","45","45","1","12","4","120.674249","24.142798","2"
"10833","66000","387130000C","(04)23274275","(04)23288582","2026","1","26","21","35","臺中市","西屯區","0","0","0","7","","","40","","","","","","","","","","","","","","9","","","","","B03","","","1","","1","","","45","45","1","12","4","120.644045","24.182351","3"
"10834","66000","387130000C","(04)23274275","(04)23288582","2026","1","26","21","35","臺中市","神岡區","0","0","0","7","","","40","","","","","","","","","","","","","","12","","","","","C03","","","1","","1","","","7","7","1","13","4","120.658984","24.266202","3"
"10835","66000","387130000C","(04)23274275","(04)23288582","2026","1","26","21","37","臺中市","南屯區","0","0","0","7","","","","","","","","","","","","","","","","","17","","","","","","","","","","","","","119","119","1","","","120.641719","24.149348","3"
"10836","66000","387130000C","(04)23274275","(04)23288582","2026","1","26","21","50","臺中市","南屯區","0","2","0","7","1","6","50","3","1","1","5","4","6","6","1","1","10","5","5","2","16","3","10","3","1","B03","7","5","1","8","2","2","","11","11","1","6","4","120.610334","24.136426","2"
"10837","66000","387130000C","(04)23274275","(04)23288582","2026","1","26","22","7","臺中市","北區","0","0","0","7","","","50","","","","","","","","","","","","","","17","","","","","A11","","","1","","2","","","51","51","1","13","4","120.681715","24.155069","3"
"10838","66000","387130000C","(04)23274275","(04)23288582","2026","1","26","22","13","臺中市","神岡區","0","1","0","6","1","6","30","3","1","1","5","4","6","6","4","4","10","5","5","2","13","3","10","3","1","B03","7","6","1","8","2","1","","7","7","1","6","4","120.691199","24.254302","2"
"10839","66000","387130000C","(04)23274275","(04)23288582","2026","1","26","22","17","臺中市","東區","0","1","0","7","1","6","50","13","9","1","5","4","6","6","4","4","5","4","5","2","13","3","10","3","1","B03","7","9","1","8","2","5","","84","84","1","12","4","120.701562","24.12519","2"
"10840","66000","387130000C","(04)23274275","(04)23288582","2026","1","26","22","20","臺中市","北屯區","0","0","0","7","","","50","","","","","","","","","","","","","","13","","","","","B03","","","1","","1","","","84","84","1","6","4","120.685679","24.175769","3"
"10841","66000","387130000C","(04)23274275","(04)23288582","2026","1","26","22","27","臺中市","大雅區","0","2","0","7","3","6","40","3","2","1","5","4","6","6","4","4","1","3","4","1","17","2","9","1","1","C03","7","9","1","10","2","16","","43","43","1","12","4","120.634077","24.237284","2"
"10842","66000","387130000C","(04)23274275","(04)23288582","2026","1","26","23","7","臺中市","龍井區","0","1","0","7","1","6","50","3","1","1","5","4","6","6","4","4","10","5","5","2","16","3","10","3","1","B03","7","1","1","8","2","8","","51","51","1","6","4","120.584924","24.184712","2"
"10843","66000","387130000C","(04)23274275","(04)23288582","2026","1","26","23","8","臺中市","中區","0","1","0","7","2","6","50","4","1","1","5","4","6","6","2","1","5","4","5","2","13","3","10","3","1","B03","7","5","1","8","2","8","","7","7","1","13","4","120.675005","24.143543","2"
"10844","66000","387130000C","(04)23274275","(04)23288582","2026","1","26","23","10","臺中市","西屯區","0","0","0","7","","","40","","","","","","","","","","","","","","13","","","","","C03","","","3","","1","","","7","7","1","12","4","120.650619","24.162305","3"
"10845","66000","387130000C","(04)23274275","(04)23288582","2026","1","26","23","12","臺中市","霧峰區","0","0","0","7","","","40","","","","","","","","","","","","","","15","","","","","C03","","","1","","2","","","21","21","1","12","4","120.663907","24.083493","3"
"10846","66000","387130000C","(04)23274275","(04)23288582","2026","1","26","23","14","臺中市","南屯區","0","2","0","7","2","6","50","3","1","1","5","4","6","6","3","1","9","4","4","2","17","2","9","5","1","F01","7","6","7","21","2","11","","20","20","1","12","4","120.611745","24.149004","2"
"10847","66000","387130000C","(04)23274275","(04)23288582","2026","1","26","23","50","臺中市","東區","0","1","0","7","1","6","40","4","1","1","5","4","6","6","2","1","10","5","5","2","17","2","9","1","1","C03","7","6","1","10","2","14","","48","48","1","12","4","120.689602","24.132968","2"
"10848","66000","387130000C","(04)23274275","(04)23288582","2026","1","27","0","0","臺中市","南屯區","0","0","0","7","","","50","","","","","","","","","","","","","","","","","","","B03","","","1","","1","","","59","59","1","12","4","120.622853","24.14683","3"
"10849","66000","387130000C","(04)23274275","(04)23288582","2026","1","27","0","10","臺中市","大甲區","0","0","0","7","","","50","","","","","","","","","","","","","","9","","","","","B12","","","1","","2","","","50","50","1","13","4","120.629004","24.343853","3"
"10850","66000","387130000C","(04)23274275","(04)23288582","2026","1","27","0","15","臺中市","烏日區","0","1","0","7","1","6","40","13","8","1","5","4","6","6","4","4","1","5","1","1","18","2","9","1","1","C03","7","9","1","10","2","15","","84","84","1","6","4","120.636317","24.094234","2"
"10851","66000","387130000C","(04)23274275","(04)23288582","2026","1","27","0","40","臺中市","西屯區","0","0","0","7","","","40","","","","","","","","","","","","","","13","","","","","B03","","","1","","2","","","7","7","1","12","4","120.616587","24.182609","3"
"10852","66000","387130000C","(04)23274275","(04)23288582","2026","1","27","0","47","臺中市","太平區","0","0","0","7","","","50","","","","","","","","","","","","","","16","","","","","B03","","","1","","2","","","40","40","1","13","4","120.714343","24.149312","3"
"10853","66000","387130000C","(04)23274275","(04)23288582","2026","1","27","1","28","臺中市","北區","0","0","0","7","","","30","","","","","","","","","","","","","","","","","","","B03","","","1","","2","","","49","49","1","12","4","120.685147","24.162436","3"
"10854","66000","387130000C","(04)23274275","(04)23288582","2026","1","27","1","56","臺中市","潭子區","0","0","0","7","","","60","","","","","","","","","","","","","","","","","","","B03","","","1","","2","","","56","56","1","13","4","120.686706","24.208912","3"
"10855","66000","387130000C","(04)23274275","(04)23288582","2026","1","27","2","14","臺中市","沙鹿區","0","0","0","7","","","40","","","","","","","","","","","","","","13","","","","","B03","","","1","","1","","","59","59","1","6","4","120.569867","24.23692","3"
"10856","66000","387130000C","(04)23274275","(04)23288582","2026","1","27","2","24","臺中市","北屯區","0","0","0","7","","","50","","","","","","","","","","","","","","12","","","","","B03","","","1","","1","","","43","43","1","12","4","120.686191","24.186901","3"
"10857","66000","387130000C","(04)23274275","(04)23288582","2026","1","27","3","36","臺中市","東區","0","0","0","7","","","50","","","","","","","","","","","","","","","","","","","A11","","","1","","2","","","84","84","1","12","4","120.703051","24.144508","3"
"10858","66000","387130000C","(04)23274275","(04)23288582","2026","1","27","4","56","臺中市","南區","0","0","0","7","","","50","","","","","","","","","","","","","","17","","","","","B03","","","1","","2","","","84","84","1","12","4","120.666876","24.126032","3"
"10859","66000","387130000C","(04)23274275","(04)23288582","2026","1","27","5","57","臺中市","南區","0","0","0","7","","","","","","","","","","","","","","","","","","","","","","","","","","","","","","119","119","1","","","120.674171","24.128961","3"
"10860","66000","387130000C","(04)23274275","(04)23288582","2026","1","27","5","58","臺中市","西屯區","0","2","0","7","1","6","50","4","1","1","5","4","6","6","2","1","10","5","5","2","16","2","7","5","1","C03","7","6","1","10","2","11","","36","36","1","12","4","120.626028","24.184585","2"
"10861","66000","387130000C","(04)23274275","(04)23288582","2026","1","27","6","20","臺中市","西屯區","0","0","0","7","","","50","","","","","","","","","","","","","","13","","","","","B02","","","1","","11","","","56","56","2","12","4","120.660691","24.171454","3"
"10862","66000","387130000C","(04)23274275","(04)23288582","2026","1","27","6","37","臺中市","北屯區","0","1","0","7","3","6","50","13","9","1","5","4","6","6","4","4","7","4","5","1","27","2","1","3","1","B03","7","9","1","8","2","5","","90","90","1","6","4","120.746105","24.16189","2"
"10863","66000","387130000C","(04)23274275","(04)23288582","2026","1","27","6","48","臺中市","北屯區","0","1","0","7","2","6","50","4","19","1","5","4","6","6","2","1","10","5","5","2","3","3","10","3","1","B03","7","6","1","8","2","1","","10","10","1","12","4","120.681516","24.17265","2"
"10864","66000","387130000C","(04)23274275","(04)23288582","2026","1","27","6","54","臺中市","大甲區","0","0","0","7","","","50","","","","","","","","","","","","","","13","","","","","C03","","","1","","1","","","7","7","1","6","4","120.617949","24.340768","3"
"10865","66000","387130000C","(04)23274275","(04)23288582","2026","1","27","6","57","臺中市","大里區","0","1","0","7","3","6","50","3","2","1","5","4","6","6","4","4","9","5","5","1","17","2","9","1","1","C03","7","4","1","10","2","15","","4","4","1","6","4","120.711012","24.0911","2"
"10866","66000","387130000C","(04)23274275","(04)23288582","2026","1","27","7","4","臺中市","南區","0","0","0","7","","","50","","","","","","","","","","","","","","17","","","","","C03","","","1","","2","","","7","7","1","12","4","120.653544","24.113525","3"
"10867","66000","387130000C","(04)23274275","(04)23288582","2026","1","27","7","7","臺中市","東區","0","1","0","7","2","6","50","11","6","1","5","4","6","6","4","4","9","4","4","2","30","2","9","1","1","C03","7","9","1","10","2","11","","7","7","1","13","4","120.703355","24.125483","2"
"10868","66000","387130000C","(04)23274275","(04)23288582","2026","1","27","7","22","臺中市","西屯區","0","2","0","7","2","6","50","4","1","1","5","4","6","6","2","1","10","5","5","2","16","2","7","2","1","C03","7","5","1","10","2","13","14","84","84","1","12","4","120.663101","24.18259","2"
"10869","66000","387130000C","(04)23274275","(04)23288582","2026","1","27","7","24","臺中市","南屯區","0","2","0","7","2","6","50","3","2","1","5","4","6","6","2","1","5","5","4","2","13","2","9","2","1","C03","7","9","5","19","2","14","","84","84","1","12","4","120.635447","24.150073","2"
"10870","66000","387130000C","(04)23274275","(04)23288582","2026","1","27","7","30","臺中市","西屯區","0","0","0","7","","","50","","","","","","","","","","","","","","13","","","","","B03","","","1","","1","","","59","59","1","12","4","120.607043","24.194054","3"
"10871","66000","387130000C","(04)23274275","(04)23288582","2026","1","27","7","34","臺中市","北屯區","0","0","0","7","","3","80","","","","","","","","","","","","","","13","","","","","B03","","","1","","2","","","7","7","1","13","4","120.665784","24.201064","3"
"10872","66000","387130000C","(04)23274275","(04)23288582","2026","1","27","7","34","臺中市","北屯區","0","0","0","7","","","50","","","","","","","","","","","","","","13","","","","","B03","","","1","","2","","","59","59","1","6","4","120.664899","24.184732","3"
"10873","66000","387130000C","(04)23274275","(04)23288582","2026","1","27","7","34","臺中市","太平區","0","0","0","7","","","50","","","","","","","","","","","","","","13","","","","","B02","","","1","","2","","","7","7","1","12","4","120.718231","24.148836","3"
"10874","66000","387130000C","(04)23274275","(04)23288582","2026","1","27","7","34","臺中市","烏日區","0","1","0","7","2","6","30","3","1","1","5","4","6","6","4","4","10","5","5","1","17","3","10","2","1","C03","7","6","1","10","2","16","","65","65","1","6","4","120.610996","24.117434","2"
"10875","66000","387130000C","(04)23274275","(04)23288582","2026","1","27","7","35","臺中市","北區","0","0","0","7","","","40","","","","","","","","","","","","","","13","","","","","C03","","","1","","1","","","7","7","1","13","4","120.685433","24.163375","3"
"10876","66000","387130000C","(04)23274275","(04)23288582","2026","1","27","7","35","臺中市","東區","0","1","0","7","3","6","30","4","1","1","5","4","6","6","4","4","10","5","5","2","15","2","9","2","1","C03","7","9","1","10","2","11","","15","15","1","13","4","120.706675","24.135917","2"
"10877","66000","387130000C","(04)23274275","(04)23288582","2026","1","27","7","38","臺中市","北屯區","0","2","0","7","2","6","50","4","1","1","5","4","6","6","1","1","10","5","5","2","13","2","9","5","4","C03","7","9","1","10","2","11","","7","7","1","12","4","120.693896","24.164891","2"
"10878","66000","387130000C","(04)23274275","(04)23288582","2026","1","27","7","45","臺中市","大里區","0","1","0","7","2","6","50","4","4","1","5","4","6","6","1","1","10","5","5","1","17","3","10","3","1","A04","7","9","1","2","2","8","","84","84","1","12","4","120.680019","24.108938","2"
"10879","66000","387130000C","(04)23274275","(04)23288582","2026","1","27","7","45","臺中市","霧峰區","0","1","0","7","2","6","50","4","1","1","5","4","6","6","1","1","10","5","5","2","17","2","9","2","1","C03","7","6","1","10","2","11","","11","11","1","12","4","120.692982","24.073031","2"
"10880","66000","387130000C","(04)23274275","(04)23288582","2026","1","27","7","45","臺中市","龍井區","0","0","0","7","","","50","","","","","","","","","","","","","","12","","","","","B03","","","1","","9","","","8","8","1","12","4","120.586256","24.181591","3"
"10881","66000","387130000C","(04)23274275","(04)23288582","2026","1","27","7","46","臺中市","東區","0","1","0","7","2","6","50","4","1","1","5","4","6","6","2","1","10","5","5","2","16","3","10","3","1","B03","7","6","1","8","2","8","","14","14","1","12","4","120.700072","24.132452","2"
"10882","66000","387130000C","(04)23274275","(04)23288582","2026","1","27","7","48","臺中市","北屯區","0","2","0","7","2","6","50","13","9","1","5","4","6","6","4","4","1","4","5","2","17","2","9","1","1","C03","7","7","1","10","2","11","","59","59","1","6","4","120.719366","24.17754","2"
"10883","66000","387130000C","(04)23274275","(04)23288582","2026","1","27","7","48","臺中市","大里區","0","1","0","7","3","6","50","3","1","1","5","4","6","6","1","1","10","5","5","2","12","2","8","1","1","C03","7","9","1","11","2","14","","84","84","1","12","4","120.686564","24.088472","2"
"10884","66000","387130000C","(04)23274275","(04)23288582","2026","1","27","7","49","臺中市","西屯區","0","0","0","7","","3","80","","","","","","","","","","","","","","13","","","","","B03","","","1","","1","","","59","59","1","13","4","120.654464","24.199094","3"
"10885","66000","387130000C","(04)23274275","(04)23288582","2026","1","27","7","51","臺中市","西屯區","0","0","0","7","","","50","","","","","","","","","","","","","","13","","","","","C03","","","1","","1","","","7","7","1","12","4","120.649864","24.163498","3"
"10886","66000","387130000C","(04)23274275","(04)23288582","2026","1","27","7","52","臺中市","南屯區","0","0","0","7","","","50","","","","","","","","","","","","","","","","","","","C03","","","1","","1","","","7","7","1","13","4","120.621284","24.145318","3"
"10887","66000","387130000C","(04)23274275","(04)23288582","2026","1","27","7","52","臺中市","豐原區","0","2","0","7","2","6","40","3","1","1","5","4","6","6","1","1","5","4","5","1","16","2","9","5","4","C03","7","6","1","10","2","12","","11","11","1","13","4","120.72431","24.230757","2"
"10888","66000","387130000C","(04)23274275","(04)23288582","2026","1","27","7","55","臺中市","大里區","0","2","0","7","3","6","50","3","4","1","5","4","6","6","1","1","9","5","5","1","17","2","8","1","1","C03","7","9","1","10","2","12","","84","84","1","12","4","120.684185","24.087377","2"
"10889","66000","387130000C","(04)23274275","(04)23288582","2026","1","27","7","55","臺中市","大里區","0","1","0","7","2","6","50","3","1","1","5","4","6","6","1","1","10","5","5","2","13","3","10","1","1","C03","7","9","1","10","2","11","","7","7","1","12","4","120.719348","24.097766","2"
"10890","66000","387130000C","(04)23274275","(04)23288582","2026","1","27","7","57","臺中市","南區","0","1","0","7","2","6","50","4","1","1","5","4","6","6","2","1","10","5","5","2","13","3","10","3","1","B03","7","9","1","8","2","5","","58","58","1","6","4","120.677938","24.129306","2"
"10891","66000","387130000C","(04)23274275","(04)23288582","2026","1","27","7","57","臺中市","太平區","0","2","0","7","2","6","30","3","1","1","5","4","6","6","4","4","10","5","5","2","16","2","9","2","1","C03","7","6","1","10","2","12","","12","12","1","12","4","120.726881","24.149939","2"
"10892","66000","387130000C","(04)23274275","(04)23288582","2026","1","27","7","57","臺中市","太平區","0","1","0","7","2","6","50","3","1","1","5","4","6","6","4","4","10","5","5","2","16","2","9","2","1","C03","7","9","1","10","2","14","","20","20","1","12","4","120.731951","24.140792","2"
"10893","66000","387130000C","(04)23274275","(04)23288582","2026","1","27","7","57","臺中市","神岡區","0","0","0","7","","","30","","","","","","","","","","","","","","11","","","","","B03","","","1","","2","","","8","8","1","12","4","120.681819","24.244","3"
"10894","66000","387130000C","(04)23274275","(04)23288582","2026","1","27","7","57","臺中市","神岡區","0","0","0","7","","","50","","","","","","","","","","","","","","13","","","","","C03","","","1","","2","","","59","59","1","12","4","120.700096","24.251082","3"
"10895","66000","387130000C","(04)23274275","(04)23288582","2026","1","27","7","58","臺中市","西屯區","0","0","0","7","","","30","","","","","","","","","","","","","","17","","","","","C03","","","3","","1","","","8","8","1","13","4","120.635041","24.171161","3"
"10896","66000","387130000C","(04)23274275","(04)23288582","2026","1","27","8","0","臺中市","烏日區","0","1","0","7","2","6","30","13","9","1","5","4","6","6","4","4","10","5","5","2","18","2","9","2","1","C03","7","9","1","10","2","12","","43","43","1","6","4","120.605702","24.118592","2"
"10897","66000","387130000C","(04)23274275","(04)23288582","2026","1","27","8","2","臺中市","北屯區","0","1","0","7","2","3","80","13","9","1","5","4","6","6","4","4","1","4","5","2","13","3","10","3","1","B03","7","9","1","8","1","1","","84","84","1","13","4","120.720911","24.173744","2"
"10898","66000","387130000C","(04)23274275","(04)23288582","2026","1","27","8","3","臺中市","北屯區","0","1","0","7","2","6","50","4","1","1","5","4","6","6","2","1","10","5","5","2","18","2","9","2","1","C03","7","9","1","10","1","12","","58","58","1","6","4","120.702295","24.169819","2"
"10899","66000","387130000C","(04)23274275","(04)23288582","2026","1","27","8","5","臺中市","潭子區","0","0","0","7","","","","","","","","","","","","","","","","","15","","","","","","","","","","","","","86","86","1","","","120.703828","24.202588","3"
"10900","66000","387130000C","(04)23274275","(04)23288582","2026","1","27","8","5","臺中市","北區","0","0","0","7","","","50","","","","","","","","","","","","","","13","","","","","B03","","","1","","1","","","84","84","1","13","4","120.67768","24.151608","3"
"10901","66000","387130000C","(04)23274275","(04)23288582","2026","1","27","8","5","臺中市","南屯區","0","0","0","7","","","50","","","","","","","","","","","","","","16","","","","","B03","","","1","","1","","","11","11","1","13","4","120.643109","24.144013","3"
"10902","66000","387130000C","(04)23274275","(04)23288582","2026","1","27","8","5","臺中市","西屯區","0","1","0","7","2","6","40","4","8","1","5","4","6","6","2","1","1","4","1","2","13","4","11","5","4","C03","7","8","1","10","2","13","","40","40","1","12","4","120.649212","24.162519","2"
"10903","66000","387130000C","(04)23274275","(04)23288582","2026","1","27","8","9","臺中市","北屯區","0","1","0","7","2","6","50","13","9","1","5","4","6","6","4","4","9","4","5","2","12","3","10","3","1","B03","7","9","1","8","2","5","","59","59","1","12","4","120.716704","24.175","2"
"10904","66000","387130000C","(04)23274275","(04)23288582","2026","1","27","8","15","臺中市","南屯區","0","0","0","7","","","40","","","","","","","","","","","","","","","","","","","B03","","","1","","1","","","84","84","1","12","4","120.596304","24.1504","3"
"10905","66000","387130000C","(04)23274275","(04)23288582","2026","1","27","8","16","臺中市","北屯區","0","0","0","7","","","50","","","","","","","","","","","","","","2","","","","","B03","","","1","","2","","","8","8","1","13","4","120.723825","24.17622","4"
"10906","66000","387130000C","(04)23274275","(04)23288582","2026","1","27","8","18","臺中市","東區","0","0","0","7","","","50","","","","","","","","","","","","","","13","","","","","C03","","","1","","1","","","7","7","1","13","4","120.694422","24.133122","3"
"10907","66000","387130000C","(04)23274275","(04)23288582","2026","1","27","8","18","臺中市","后里區","0","0","0","7","2","6","50","5","1","1","5","4","6","6","1","1","5","5","5","1","12","3","10","3","1","B13","7","5","1","10","2","2","","8","8","1","12","4","120.692548","24.313776","3"
"10908","66000","387130000C","(04)23274275","(04)23288582","2026","1","27","8","19","臺中市","烏日區","0","0","0","7","","","50","","","","","","","","","","","","","","13","","","","","C03","","","1","","2","","","7","7","1","6","4","120.641416","24.108887","3"
"10909","66000","387130000C","(04)23274275","(04)23288582","2026","1","27","8","20","臺中市","霧峰區","0","1","0","7","2","6","30","4","1","1","5","4","6","6","4","4","10","5","5","2","15","3","10","3","1","B03","7","9","1","8","2","8","","12","12","1","12","4","120.676547","24.037637","2"
"10910","66000","387130000C","(04)23274275","(04)23288582","2026","1","27","8","20","臺中市","大肚區","0","0","0","7","","","40","","","","","","","","","","","","","","","","","","","C03","","","1","","2","","","7","7","1","12","4","120.582203","24.172692","3"
"10911","66000","387130000C","(04)23274275","(04)23288582","2026","1","27","8","20","臺中市","沙鹿區","0","0","0","7","","","60","","","","","","","","","","","","","","13","","","","","B03","","","1","","2","","","7","7","1","12","4","120.580758","24.201702","3"
"10912","66000","387130000C","(04)23274275","(04)23288582","2026","1","27","8","20","臺中市","沙鹿區","0","0","0","7","3","6","50","4","9","1","5","4","6","6","4","4","4","4","5","2","12","","","","","C03","","","1","","1","","","48","48","1","12","4","120.558464","24.236745","3"
"10913","66000","387130000C","(04)23274275","(04)23288582","2026","1","27","8","20","臺中市","大甲區","0","0","0","7","","","50","","","","","","","","","","","","","","","","","","","B03","","","1","","1","","","84","84","1","6","4","120.654427","24.382367","3"
"10914","66000","387130000C","(04)23274275","(04)23288582","2026","1","27","8","22","臺中市","大里區","0","1","0","7","2","6","50","13","7","1","5","4","6","6","4","4","5","5","4","2","17","3","10","3","1","B03","7","15","1","8","2","8","","20","20","1","12","4","120.692286","24.115078","2"
"10915","66000","387130000C","(04)23274275","(04)23288582","2026","1","27","8","23","臺中市","豐原區","0","0","0","7","","","50","","","","","","","","","","","","","","12","","","","","B03","","","1","","2","","","39","39","1","13","4","120.699561","24.249208","4"
"10916","66000","387130000C","(04)23274275","(04)23288582","2026","1","27","8","25","臺中市","北區","0","0","0","7","","","30","","","","","","","","","","","","","","17","","","","","C03","","","1","","2","","","84","84","1","12","4","120.679845","24.158766","3"
"10917","66000","387130000C","(04)23274275","(04)23288582","2026","1","27","8","29","臺中市","北屯區","0","1","0","7","2","6","50","3","1","1","5","4","6","6","4","4","10","5","5","2","13","2","8","5","4","C03","7","9","1","10","1","11","","7","7","1","12","4","120.705306","24.166635","2"
"10918","66000","387130000C","(04)23274275","(04)23288582","2026","1","27","8","35","臺中市","龍井區","0","1","0","7","2","6","50","13","8","1","5","4","1","3","4","4","1","3","4","2","12","3","10","3","1","A12","7","9","1","1","2","15","","85","85","1","12","4","120.551807","24.213465","2"
"10919","66000","387130000C","(04)23274275","(04)23288582","2026","1","27","8","42","臺中市","豐原區","0","1","0","7","2","6","50","13","8","1","5","4","6","6","4","4","9","5","4","1","18","2","9","1","1","C03","7","9","1","10","2","14","","84","84","1","12","4","120.716176","24.243025","2"
"10920","66000","387130000C","(04)23274275","(04)23288582","2026","1","27","8","46","臺中市","南屯區","0","0","0","7","","","50","","","","","","","","","","","","","","","","","","","B12","","","1","","1","","","7","7","1","13","4","120.615824","24.151393","3"
"10921","66000","387130000C","(04)23274275","(04)23288582","2026","1","27","8","46","臺中市","南屯區","0","1","0","7","2","6","40","13","8","1","5","4","6","6","4","4","9","5","4","2","18","2","9","1","1","F03","7","15","7","21","2","14","","84","84","1","12","4","120.63049","24.12371","2"
"10922","66000","387130000C","(04)23274275","(04)23288582","2026","1","27","8","46","臺中市","西屯區","0","0","0","7","","","50","","","","","","","","","","","","","","16","","","","","B03","","","1","","1","","","48","48","1","12","4","120.654779","24.195709","3"
"10923","66000","387130000C","(04)23274275","(04)23288582","2026","1","27","8","50","臺中市","龍井區","0","1","0","7","2","6","60","4","1","1","5","4","6","6","2","1","10","5","5","2","15","3","10","3","1","B03","7","9","1","8","2","5","","21","21","1","12","4","120.587896","24.192783","2"
"10924","66000","387130000C","(04)23274275","(04)23288582","2026","1","27","8","53","臺中市","梧棲區","0","0","0","7","","","30","","","","","","","","","","","","","","14","","","","","A12","","","1","","2","","","82","82","1","6","4","120.533737","24.260259","3"
"10925","66000","387130000C","(04)23274275","(04)23288582","2026","1","27","8","55","臺中市","南屯區","0","0","0","7","","","50","","","","","","","","","","","","","","16","","","","","C03","","","1","","1","","","20","20","1","13","4","120.640176","24.148719","3"
"10926","66000","387130000C","(04)23274275","(04)23288582","2026","1","27","8","55","臺中市","西屯區","0","0","0","7","","","50","","","","","","","","","","","","","","16","","","","","B03","","","1","","1","","","20","20","1","12","4","120.667017","24.173166","3"
"10927","66000","387130000C","(04)23274275","(04)23288582","2026","1","27","8","55","臺中市","太平區","0","0","0","7","","","50","","","","","","","","","","","","","","18","","","","","C03","","","1","","2","","","84","84","1","12","4","120.719989","24.131156","3"
"10928","66000","387130000C","(04)23274275","(04)23288582","2026","1","27","8","56","臺中市","烏日區","0","0","0","7","","","40","","","","","","","","","","","","","","9","","","","","B03","","","1","","1","","","51","51","1","6","4","120.627261","24.101655","3"
"10929","66000","387130000C","(04)23274275","(04)23288582","2026","1","27","9","5","臺中市","北區","0","1","0","7","2","6","50","13","9","1","5","4","6","6","4","4","8","3","5","2","13","3","10","3","1","B01","7","9","1","4","2","1","","59","59","1","13","4","120.663661","24.162364","2"
"10930","66000","387130000C","(04)23274275","(04)23288582","2026","1","27","9","6","臺中市","潭子區","0","0","0","7","","","50","","","","","","","","","","","","","","","","","","","B03","","","5","","2","","","40","40","1","13","4","120.70425","24.201426","3"
"10931","66000","387130000C","(04)23274275","(04)23288582","2026","1","27","9","7","臺中市","西區","0","1","0","7","2","6","50","4","2","1","5","4","6","6","1","1","5","5","5","2","17","3","10","3","1","B03","7","9","1","8","2","1","","84","84","1","12","4","120.680077","24.13783","2"