序號,縣市別代碼,機關代碼,市話,傳真,年,月,日,時,分,縣市,區,死亡數量,受傷數量,2-30,天候,道路照明設備,道路類別,道路速限,道路型態,事故位置,路面鋪裝,路面狀態,路面缺陷,障礙物,視距,號誌種類,號誌動作,分向設施,快車道或一般車道間,快慢車道間,路面邊線,事故類型及型態,受傷程度,主要傷處,保護裝備,行動電話或功能裝置,當事者區分(類別),車輛用途,當事者行動狀態,駕照狀態,駕照種類,飲酒情形,車輛撞擊部位最初,車輛撞擊部位其他,肇事因素個別,肇事因素主要,肇事逃逸,職業,共享經濟或外送平台,GPS座標X,GPS座標Y,事故類別
"10932","66000","387130000C","(04)23274275","(04)23288582","2026","1","27","9","10","臺中市","西屯區","0","0","0","7","","","50","","","","","","","","","","","","","","13","","","","","B03","","","1","","1","","","7","7","1","12","4","120.62904","24.163157","3"
"10933","66000","387130000C","(04)23274275","(04)23288582","2026","1","27","9","10","臺中市","梧棲區","0","1","0","7","3","6","30","4","1","1","5","4","6","6","3","3","10","5","5","2","16","3","10","1","1","C03","7","6","1","10","2","11","","15","15","1","6","4","120.547524","24.227948","2"
"10934","66000","387130000C","(04)23274275","(04)23288582","2026","1","27","9","11","臺中市","西區","0","1","0","7","2","6","50","4","1","1","5","4","6","6","1","1","10","5","5","2","12","3","10","5","4","B12","7","4","1","7","2","5","2","8","8","1","13","4","120.671962","24.151411","2"
"10935","66000","387130000C","(04)23274275","(04)23288582","2026","1","27","9","12","臺中市","南屯區","0","0","0","7","","","50","","","","","","","","","","","","","","","","","","","B03","","","1","","1","","","7","7","1","13","4","120.622876","24.145511","3"
"10936","66000","387130000C","(04)23274275","(04)23288582","2026","1","27","9","15","臺中市","大雅區","0","0","0","7","","","60","","","","","","","","","","","","","","","","","","","A41","","","1","","1","","","40","40","1","13","4","120.649609","24.213289","3"
"10937","66000","387130000C","(04)23274275","(04)23288582","2026","1","27","9","18","臺中市","大里區","0","0","0","7","","","30","","","","","","","","","","","","","","","","","","","B03","","","1","","2","","","84","84","1","12","4","120.667253","24.096562","3"
"10938","66000","387130000C","(04)23274275","(04)23288582","2026","1","27","9","23","臺中市","西區","0","1","0","7","2","6","50","4","1","1","5","4","6","6","1","1","10","5","5","2","13","2","9","1","1","C03","7","9","1","10","2","11","","84","84","1","13","4","120.65808","24.158207","2"
"10939","66000","387130000C","(04)23274275","(04)23288582","2026","1","27","9","27","臺中市","西區","0","0","0","7","","","50","","","","","","","","","","","","","","16","","","","","B03","","","1","","2","","","11","11","1","13","4","120.675426","24.133586","3"
"10940","66000","387130000C","(04)23274275","(04)23288582","2026","1","27","9","30","臺中市","大雅區","0","0","0","7","","","30","","","","","","","","","","","","","","","","","","","B03","","","1","","2","","","84","84","1","12","4","120.669117","24.203599","3"
"10941","66000","387130000C","(04)23274275","(04)23288582","2026","1","27","9","30","臺中市","西區","0","1","0","7","2","6","50","4","2","1","5","4","6","6","1","1","5","2","5","2","18","2","9","1","1","C03","7","9","1","10","2","12","","84","84","1","12","4","120.661707","24.145432","2"
"10942","66000","387130000C","(04)23274275","(04)23288582","2026","1","27","9","32","臺中市","北屯區","0","0","0","7","","","50","","","","","","","","","","","","","","17","","","","","B03","","","1","","1","","","51","51","1","13","4","120.690335","24.172768","3"
"10943","66000","387130000C","(04)23274275","(04)23288582","2026","1","27","9","33","臺中市","西屯區","0","0","0","7","","","50","","","","","","","","","","","","","","17","","","","","C03","","","1","","1","","","84","84","1","13","4","120.643922","24.162461","3"
"10944","66000","387130000C","(04)23274275","(04)23288582","2026","1","27","9","37","臺中市","西屯區","0","0","0","7","","","50","","","","","","","","","","","","","","13","","","","","B03","","","1","","1","","","7","7","1","13","4","120.649794","24.16292","3"
"10945","66000","387130000C","(04)23274275","(04)23288582","2026","1","27","9","39","臺中市","北區","0","0","0","7","","","50","","","","","","","","","","","","","","13","","","","","C03","","","1","","2","","","7","7","1","13","4","120.671743","24.172907","3"
"10946","66000","387130000C","(04)23274275","(04)23288582","2026","1","27","9","42","臺中市","西屯區","0","0","0","7","","","30","","","","","","","","","","","","","","17","","","","","","","","","","","","","86","86","1","","","120.617425","24.164191","3"
"10947","66000","387130000C","(04)23274275","(04)23288582","2026","1","27","9","43","臺中市","豐原區","0","1","0","7","2","6","50","13","9","1","5","4","6","6","4","4","5","5","5","1","13","2","9","5","4","C03","7","9","1","10","2","11","","59","59","1","13","4","120.702054","24.251639","2"
"10948","66000","387130000C","(04)23274275","(04)23288582","2026","1","27","9","45","臺中市","北屯區","0","1","0","7","2","6","50","4","1","1","5","4","6","6","4","4","10","5","5","2","15","2","9","5","4","F01","7","9","7","21","2","12","","15","15","1","12","4","120.717185","24.170868","2"
"10949","66000","387130000C","(04)23274275","(04)23288582","2026","1","27","9","50","臺中市","大里區","0","0","0","7","","","50","","","","","","","","","","","","","","","","","","","C03","","","1","","9","","","50","50","1","12","4","120.680392","24.105752","3"
"10950","66000","387130000C","(04)23274275","(04)23288582","2026","1","27","9","52","臺中市","北屯區","0","0","0","7","","","50","","","","","","","","","","","","","","13","","","","","B03","","","1","","1","","","7","7","1","13","4","120.684927","24.201469","3"
"10951","66000","387130000C","(04)23274275","(04)23288582","2026","1","27","9","53","臺中市","西屯區","0","1","0","7","2","6","50","5","2","1","5","4","6","6","2","1","5","4","4","1","12","2","9","1","1","C03","7","9","1","10","2","14","","84","84","1","12","4","120.663933","24.164394","2"
"10952","66000","387130000C","(04)23274275","(04)23288582","2026","1","27","9","54","臺中市","南區","0","0","0","7","","","30","","","","","","","","","","","","","","17","","","","","B12","","","1","","1","","","47","47","1","6","4","120.658332","24.110787","3"
"10953","66000","387130000C","(04)23274275","(04)23288582","2026","1","27","9","54","臺中市","南屯區","0","0","0","7","","","50","","","","","","","","","","","","","","","","","","","A11","","","1","","2","","","49","49","1","12","4","120.636888","24.151136","3"
"10954","66000","387130000C","(04)23274275","(04)23288582","2026","1","27","9","55","臺中市","豐原區","0","0","0","6","","","50","","","","","","","","","","","","","","13","","","","","B03","","","1","","2","","","7","7","1","12","4","120.749703","24.268714","3"
"10955","66000","387130000C","(04)23274275","(04)23288582","2026","1","27","9","56","臺中市","霧峰區","0","0","0","7","","","0","","","","","","","","","","","","","","17","","","","","B03","","","1","","2","","","51","51","1","12","4","120.68797","24.05238","3"
"10956","66000","387130000C","(04)23274275","(04)23288582","2026","1","27","9","56","臺中市","清水區","0","2","0","6","3","6","30","4","1","1","5","4","6","6","4","4","10","5","5","2","15","2","9","2","1","C03","7","9","1","10","2","11","","15","15","1","12","4","120.565895","24.271463","2"
"10957","66000","387130000C","(04)23274275","(04)23288582","2026","1","27","10","0","臺中市","大雅區","0","0","0","7","","","70","","","","","","","","","","","","","","","","","","","A41","","","1","","1","","","1","1","1","13","4","120.644976","24.22684","3"
"10958","66000","387130000C","(04)23274275","(04)23288582","2026","1","27","10","0","臺中市","石岡區","0","0","0","7","","","50","","","","","","","","","","","","","","","","","","","A11","","","1","","1","","","39","39","1","12","4","120.814978","24.258355","3"
"10959","66000","387130000C","(04)23274275","(04)23288582","2026","1","27","10","1","臺中市","豐原區","0","0","0","7","","","50","","","","","","","","","","","","","","13","","","","","B03","","","1","","2","","","7","7","1","13","4","120.752463","24.271717","3"
"10960","66000","387130000C","(04)23274275","(04)23288582","2026","1","27","10","2","臺中市","南屯區","0","0","0","6","","","50","","","","","","","","","","","","","","13","","","","","B12","","","1","","1","","","59","59","1","13","4","120.641357","24.140993","3"
"10961","66000","387130000C","(04)23274275","(04)23288582","2026","1","27","10","7","臺中市","北屯區","0","0","0","7","","","50","","","","","","","","","","","","","","9","","","","","B12","","","1","8","1","","","49","49","1","12","4","120.699935","24.183751","3"
"10962","66000","387130000C","(04)23274275","(04)23288582","2026","1","27","10","7","臺中市","西屯區","0","0","0","7","","","50","","","","","","","","","","","","","","17","","","","","B11","","","1","","1","","","84","84","1","12","4","120.651403","24.160303","3"
"10963","66000","387130000C","(04)23274275","(04)23288582","2026","1","27","10","8","臺中市","神岡區","0","1","0","7","1","6","50","13","9","1","5","4","6","6","4","4","5","5","5","1","16","3","10","5","4","B03","7","5","1","8","2","2","","20","20","1","12","4","120.678392","24.238398","2"
"10964","66000","387130000C","(04)23274275","(04)23288582","2026","1","27","10","11","臺中市","東區","0","2","0","7","2","6","50","13","9","1","5","4","6","6","4","4","9","4","5","2","17","3","10","3","1","B03","7","5","1","8","2","5","","47","47","1","12","4","120.682871","24.135306","2"
"10965","66000","387130000C","(04)23274275","(04)23288582","2026","1","27","10","14","臺中市","西屯區","0","0","0","7","","","50","","","","","","","","","","","","","","17","","","","","B03","","","1","","9","","","84","84","1","12","4","120.64226","24.182423","3"
"10966","66000","387130000C","(04)23274275","(04)23288582","2026","1","27","10","16","臺中市","南屯區","0","0","0","7","","","50","","","","","","","","","","","","","","","","","","","B03","","","1","","1","","","8","8","1","13","4","120.651045","24.139425","3"
"10967","66000","387130000C","(04)23274275","(04)23288582","2026","1","27","10","22","臺中市","西屯區","0","0","0","7","","","30","","","","","","","","","","","","","","17","","","","","B12","","","1","","2","","","59","59","1","12","4","120.659571","24.172006","3"
"10968","66000","387130000C","(04)23274275","(04)23288582","2026","1","27","10","26","臺中市","南屯區","0","0","0","7","","","50","","","","","","","","","","","","","","12","","","","","B01","","","1","","1","","","40","40","1","13","4","120.646657","24.153117","4"
"10969","66000","387130000C","(04)23274275","(04)23288582","2026","1","27","10","27","臺中市","豐原區","0","0","0","7","","","50","","","","","","","","","","","","","","12","","","","","B03","","","1","","2","","","8","8","1","12","4","120.714644","24.256129","3"
"10970","66000","387130000C","(04)23274275","(04)23288582","2026","1","27","10","30","臺中市","北屯區","0","0","0","7","","3","80","","","","","","","","","","","","","","24","","","","","A12","","","1","","2","","","91","91","1","6","4","120.692573","24.201036","3"
"10971","66000","387130000C","(04)23274275","(04)23288582","2026","1","27","10","30","臺中市","太平區","0","0","0","7","2","6","50","4","2","1","5","4","6","6","1","1","10","5","5","2","14","","","","","A12","","","1","","2","","","49","49","1","12","4","120.709127","24.129841","3"
"10972","66000","387130000C","(04)23274275","(04)23288582","2026","1","27","10","30","臺中市","大安區","0","0","0","7","","","70","","","","","","","","","","","","","","","","","","","B03","","","1","","2","","","11","11","1","12","4","120.582356","24.354445","3"
"10973","66000","387130000C","(04)23274275","(04)23288582","2026","1","27","10","33","臺中市","北屯區","0","1","0","7","2","6","50","4","1","1","5","4","6","6","2","1","10","5","5","2","18","2","8","1","1","C03","7","9","1","10","2","12","","84","84","1","13","4","120.679895","24.185186","2"
"10974","66000","387130000C","(04)23274275","(04)23288582","2026","1","27","10","34","臺中市","豐原區","0","0","0","7","","","40","","","","","","","","","","","","","","30","","","","","B03","","","1","","2","","","59","59","1","13","4","120.712043","24.239512","3"
"10975","66000","387130000C","(04)23274275","(04)23288582","2026","1","27","10","37","臺中市","大里區","0","0","0","7","","","60","","","","","","","","","","","","","","12","","","","","G03","","","1","","2","","","8","8","1","12","4","120.676265","24.085665","3"
"10976","66000","387130000C","(04)23274275","(04)23288582","2026","1","27","10","37","臺中市","沙鹿區","0","1","0","7","2","6","50","3","2","1","5","4","6","6","2","1","3","4","4","2","18","2","9","2","1","C03","7","9","3","19","2","14","","84","84","1","6","4","120.565236","24.232593","2"
"10977","66000","387130000C","(04)23274275","(04)23288582","2026","1","27","10","38","臺中市","潭子區","0","0","0","7","","","40","","","","","","","","","","","","","","12","","","","","C03","","","1","","2","","","8","8","1","13","4","120.700618","24.211393","3"
"10978","66000","387130000C","(04)23274275","(04)23288582","2026","1","27","10","49","臺中市","南區","0","1","0","7","2","6","50","4","1","1","5","4","3","6","4","4","10","5","5","2","16","3","10","3","1","B03","7","1","1","8","2","5","","51","51","1","13","4","120.661702","24.128048","2"
"10979","66000","387130000C","(04)23274275","(04)23288582","2026","1","27","10","50","臺中市","烏日區","0","3","0","7","2","6","50","4","4","1","5","4","6","6","2","1","1","4","4","1","13","2","9","2","1","C03","7","9","2","19","2","12","14","7","7","1","6","4","120.634315","24.10655","2"
"10980","66000","387130000C","(04)23274275","(04)23288582","2026","1","27","10","55","臺中市","霧峰區","0","2","0","7","2","6","50","5","1","1","5","4","6","6","1","1","10","5","5","2","17","3","10","3","1","B03","7","6","1","7","2","8","","11","11","1","12","4","120.692471","24.046237","2"
"10981","66000","387130000C","(04)23274275","(04)23288582","2026","1","27","10","56","臺中市","北屯區","0","0","0","7","","3","80","","","","","","","","","","","","","","13","","","","","A11","","","1","","1","","","43","43","1","6","4","120.720733","24.168286","3"
"10982","66000","387130000C","(04)23274275","(04)23288582","2026","1","27","10","58","臺中市","北區","0","0","0","7","","","50","","","","","","","","","","","","","","13","","","","","C03","","","1","","2","","","7","7","1","12","4","120.685424","24.157836","3"
"10983","66000","387130000C","(04)23274275","(04)23288582","2026","1","27","10","58","臺中市","北屯區","0","0","0","7","","","50","","","","","","","","","","","","","","13","","","","","B03","","","1","","1","","","7","7","1","13","4","120.669809","24.176468","3"
"10984","66000","387130000C","(04)23274275","(04)23288582","2026","1","27","10","58","臺中市","西屯區","0","0","0","7","","","30","","","","","","","","","","","","","","17","","","","","B13","","","1","","1","","","8","8","1","13","4","120.615931","24.188238","3"
"10985","66000","387130000C","(04)23274275","(04)23288582","2026","1","27","11","0","臺中市","神岡區","0","0","0","7","","","50","","","","","","","","","","","","","","13","","","","","A11","","","1","","2","","","7","7","1","12","4","120.674423","24.282301","3"
"10986","66000","387130000C","(04)23274275","(04)23288582","2026","1","27","11","5","臺中市","西屯區","0","1","0","7","2","6","40","13","9","5","5","4","6","6","4","4","1","5","5","2","12","3","10","2","4","C03","7","7","1","10","1","13","","42","42","1","13","4","120.622723","24.179205","2"
"10987","66000","387130000C","(04)23274275","(04)23288582","2026","1","27","11","5","臺中市","神岡區","0","1","0","7","2","6","50","3","1","1","5","4","6","6","3","1","5","5","5","1","17","2","9","5","4","C03","7","9","5","19","8","11","","53","53","1","12","4","120.680043","24.266142","2"
"10988","66000","387130000C","(04)23274275","(04)23288582","2026","1","27","11","9","臺中市","南屯區","0","0","0","7","","","50","","","","","","","","","","","","","","","","","","","B03","","","1","","1","","","51","51","1","13","4","120.643572","24.133392","3"
"10989","66000","387130000C","(04)23274275","(04)23288582","2026","1","27","11","20","臺中市","龍井區","0","0","0","7","","","50","","","","","","","","","","","","","","24","","","","","B01","","","1","","2","","","50","50","1","6","4","120.584998","24.181906","3"
"10990","66000","387130000C","(04)23274275","(04)23288582","2026","1","27","11","21","臺中市","潭子區","0","0","0","7","","","60","","","","","","","","","","","","","","","","","","","B03","","","1","","2","","","8","8","1","13","4","120.690332","24.225569","3"
"10991","66000","387130000C","(04)23274275","(04)23288582","2026","1","27","11","27","臺中市","北屯區","0","0","0","7","","","50","","","","","","","","","","","","","","16","","","","","B03","","","1","","1","","","20","20","1","12","4","120.710692","24.182133","3"
"10992","66000","387130000C","(04)23274275","(04)23288582","2026","1","27","11","29","臺中市","沙鹿區","0","0","0","7","","","50","","","","","","","","","","","","","","","","","","","C03","","","1","","2","","","82","82","1","12","4","120.570418","24.200185","3"
"10993","66000","387130000C","(04)23274275","(04)23288582","2026","1","27","11","30","臺中市","大雅區","0","1","0","7","3","6","30","13","9","1","5","4","6","6","4","4","10","5","5","2","9","2","8","2","1","C03","7","9","1","10","2","14","","41","41","1","12","4","120.648763","24.223565","2"
"10994","66000","387130000C","(04)23274275","(04)23288582","2026","1","27","11","30","臺中市","沙鹿區","0","1","0","7","2","6","50","13","9","1","5","4","6","6","4","4","8","4","5","2","14","3","10","3","1","B03","7","2","1","8","2","6","","49","49","1","12","4","120.557304","24.23899","2"
"10995","66000","387130000C","(04)23274275","(04)23288582","2026","1","27","11","33","臺中市","東區","0","1","0","7","1","6","30","4","1","1","5","4","6","6","1","1","10","5","5","2","16","3","10","3","1","B12","7","5","1","8","2","6","","11","11","1","6","4","120.708245","24.135807","2"
"10996","66000","387130000C","(04)23274275","(04)23288582","2026","1","27","11","40","臺中市","沙鹿區","0","1","0","7","2","6","40","13","8","1","5","4","6","6","4","4","1","4","3","1","12","2","9","2","1","C03","7","9","1","10","2","14","","84","84","1","6","4","120.572496","24.231906","2"
"10997","66000","387130000C","(04)23274275","(04)23288582","2026","1","27","11","44","臺中市","外埔區","0","0","0","7","2","6","30","4","1","1","5","4","3","3","4","4","10","5","5","1","15","3","10","1","1","C03","7","9","1","10","1","11","","15","15","1","12","2","120.640388","24.342613","3"
"10998","66000","387130000C","(04)23274275","(04)23288582","2026","1","27","11","46","臺中市","西屯區","0","0","0","7","","","50","","","","","","","","","","","","","","12","","","","","B03","","","1","","1","","","7","7","1","12","4","120.656829","24.201095","3"
"10999","66000","387130000C","(04)23274275","(04)23288582","2026","1","27","11","47","臺中市","烏日區","0","1","0","7","2","6","50","13","8","1","5","4","6","6","4","4","3","4","4","1","16","3","10","3","1","B03","7","7","1","8","2","2","","40","40","1","6","4","120.62705","24.104132","2"
"11000","66000","387130000C","(04)23274275","(04)23288582","2026","1","27","11","49","臺中市","豐原區","0","0","0","7","","","30","","","","","","","","","","","","","","21","","","","","B12","","","1","","2","","","8","8","1","13","4","120.71864","24.238098","3"
"11001","66000","387130000C","(04)23274275","(04)23288582","2026","1","27","11","50","臺中市","龍井區","0","0","0","7","","","50","","","","","","","","","","","","","","13","","","","","B13","","","1","","2","","","59","59","1","12","4","120.540932","24.176225","3"
"11002","66000","387130000C","(04)23274275","(04)23288582","2026","1","27","11","51","臺中市","霧峰區","0","0","0","7","","","30","","","","","","","","","","","","","","17","","","","","B12","","","1","","2","","","84","84","1","12","4","120.665718","24.036947","3"
"11003","66000","387130000C","(04)23274275","(04)23288582","2026","1","27","11","51","臺中市","大里區","0","0","0","7","","","30","","","","","","","","","","","","","","","","","","","B03","","","1","","2","","","49","49","1","12","4","120.68842","24.109654","3"
"11004","66000","387130000C","(04)23274275","(04)23288582","2026","1","27","11","55","臺中市","南屯區","0","0","0","7","","","60","","","","","","","","","","","","","","","","","","","A11","","","1","","2","","","40","40","1","12","4","120.637187","24.119892","3"
"11005","66000","387130000C","(04)23274275","(04)23288582","2026","1","27","11","55","臺中市","霧峰區","0","0","0","7","","","70","","","","","","","","","","","","","","","","","","","B03","","","1","","2","","","84","84","1","12","4","120.675369","24.041322","3"
"11006","66000","387130000C","(04)23274275","(04)23288582","2026","1","27","11","59","臺中市","太平區","0","1","0","7","2","6","50","4","1","1","5","4","6","6","2","1","10","5","5","2","3","3","10","3","1","B03","7","6","1","8","2","5","","10","10","1","13","4","120.723757","24.133871","2"
"11007","66000","387130000C","(04)23274275","(04)23288582","2026","1","27","12","0","臺中市","西區","0","2","0","7","3","6","50","4","1","1","5","4","6","6","1","1","10","5","5","2","9","3","10","2","1","C03","7","9","1","10","2","11","","10","10","1","12","4","120.6754","24.141764","2"
"11008","66000","387130000C","(04)23274275","(04)23288582","2026","1","27","12","8","臺中市","太平區","0","1","0","7","2","6","50","13","9","1","5","4","6","6","4","4","9","5","5","1","16","3","10","2","1","C03","7","6","1","10","2","14","","20","20","1","12","4","120.711102","24.160164","2"
"11009","66000","387130000C","(04)23274275","(04)23288582","2026","1","27","12","10","臺中市","沙鹿區","0","0","0","7","","","40","","","","","","","","","","","","","","12","","","","","B03","","","1","","2","","","51","51","1","12","4","120.560082","24.239949","3"
"11010","66000","387130000C","(04)23274275","(04)23288582","2026","1","27","12","12","臺中市","西區","0","1","0","7","2","6","50","13","8","1","5","4","6","6","4","4","10","5","4","2","16","3","10","3","1","B03","7","5","1","8","2","2","","47","47","1","12","4","120.667718","24.146673","2"
"11011","66000","387130000C","(04)23274275","(04)23288582","2026","1","27","12","14","臺中市","北屯區","0","0","0","7","","","30","","","","","","","","","","","","","","17","","","","","C03","","","3","","2","","","20","20","1","6","4","120.724403","24.176255","3"
"11012","66000","387130000C","(04)23274275","(04)23288582","2026","1","27","12","14","臺中市","梧棲區","0","0","0","7","","","50","","","","","","","","","","","","","","14","","","","","A31","","","1","","2","","","49","49","1","6","4","120.534799","24.259228","3"
"11013","66000","387130000C","(04)23274275","(04)23288582","2026","1","27","12","15","臺中市","神岡區","0","0","0","7","","","30","","","","","","","","","","","","","","14","","","","","B03","","","1","","2","","","49","49","1","12","4","120.689767","24.247986","3"
"11014","66000","387130000C","(04)23274275","(04)23288582","2026","1","27","12","17","臺中市","北屯區","0","0","0","7","","3","40","","","","","","","","","","","","","","","","","","","B03","","","1","","1","","","58","58","1","6","4","120.682844","24.200909","3"
"11015","66000","387130000C","(04)23274275","(04)23288582","2026","1","27","12","19","臺中市","西屯區","0","1","0","7","2","6","50","13","9","1","5","4","6","6","1","1","5","5","5","2","12","3","10","3","1","B03","7","9","1","8","2","2","","84","84","1","12","4","120.641246","24.178526","2"
"11016","66000","387130000C","(04)23274275","(04)23288582","2026","1","27","12","20","臺中市","大肚區","0","1","0","7","2","6","40","13","8","1","5","4","6","6","4","4","1","4","4","1","13","2","1","5","4","F01","7","9","7","21","2","11","","59","59","1","6","4","120.54854","24.144255","2"
"11017","66000","387130000C","(04)23274275","(04)23288582","2026","1","27","12","20","臺中市","烏日區","0","1","0","7","2","6","50","3","1","1","5","4","6","6","1","1","10","5","5","2","17","3","10","5","4","B12","7","5","1","8","2","2","","11","11","1","5","4","120.642919","24.074338","2"
"11018","66000","387130000C","(04)23274275","(04)23288582","2026","1","27","12","24","臺中市","北區","0","0","0","7","","","50","","","","","","","","","","","","","","17","","","","","B01","","","1","","1","","","84","84","1","13","4","120.681265","24.163293","3"
"11019","66000","387130000C","(04)23274275","(04)23288582","2026","1","27","12","27","臺中市","南屯區","0","1","0","7","3","6","50","4","1","1","5","4","6","6","1","1","10","5","5","2","15","3","10","2","1","C03","7","9","1","10","2","12","","21","21","1","13","4","120.623126","24.14959","2"
"11020","66000","387130000C","(04)23274275","(04)23288582","2026","1","27","12","34","臺中市","大甲區","0","0","0","7","","","50","","","","","","","","","","","","","","","","","","","B03","","","1","","1","","","49","49","1","6","4","120.645358","24.405618","3"
"11021","66000","387130000C","(04)23274275","(04)23288582","2026","1","27","12","35","臺中市","西區","0","2","0","7","2","6","50","4","1","1","5","4","6","6","4","4","10","5","5","2","15","2","8","1","1","C03","7","9","1","10","2","12","","12","12","1","13","4","120.658334","24.144661","2"
"11022","66000","387130000C","(04)23274275","(04)23288582","2026","1","27","12","39","臺中市","東區","0","1","0","7","2","6","50","13","9","1","5","4","6","6","4","4","9","5","5","2","17","3","10","3","1","B03","7","11","1","8","2","4","","45","45","1","13","4","120.69198","24.134789","2"
"11023","66000","387130000C","(04)23274275","(04)23288582","2026","1","27","12","40","臺中市","西屯區","0","0","0","7","","","30","","","","","","","","","","","","","","14","","","","","B12","","","1","","1","","","49","49","1","12","4","120.639477","24.1856","3"
"11024","66000","387130000C","(04)23274275","(04)23288582","2026","1","27","12","43","臺中市","北屯區","0","0","0","7","","","50","","","","","","","","","","","","","","14","","","","","B12","","","1","","1","","","49","49","1","12","4","120.716397","24.17087","3"
"11025","66000","387130000C","(04)23274275","(04)23288582","2026","1","27","12","48","臺中市","清水區","0","1","0","7","3","6","30","4","1","1","5","4","6","6","4","4","9","4","5","1","15","2","9","1","1","C03","7","9","5","10","2","11","","15","15","1","12","4","120.57739","24.287254","2"
"11026","66000","387130000C","(04)23274275","(04)23288582","2026","1","27","12","49","臺中市","南屯區","0","2","0","7","2","6","50","4","1","1","5","4","6","6","1","1","5","5","4","2","15","2","9","4","1","F07","7","9","7","21","2","11","","21","21","1","12","4","120.635139","24.138732","2"
"11027","66000","387130000C","(04)23274275","(04)23288582","2026","1","27","12","50","臺中市","豐原區","0","0","0","7","","","50","","","","","","","","","","","","","","17","","","","","B03","","","1","","2","","","8","8","1","12","4","120.71475","24.259915","3"
"11028","66000","387130000C","(04)23274275","(04)23288582","2026","1","27","12","52","臺中市","石岡區","0","0","0","7","","","50","","","","","","","","","","","","","","12","","","","","B12","","","1","","1","","","40","40","1","13","4","120.765261","24.276747","3"
"11029","66000","387130000C","(04)23274275","(04)23288582","2026","1","27","12","53","臺中市","梧棲區","0","1","0","7","3","6","30","3","1","1","5","4","6","6","4","4","10","5","5","2","16","3","10","3","1","B03","7","1","1","8","2","8","","51","51","1","6","4","120.547279","24.246671","2"
"11030","66000","387130000C","(04)23274275","(04)23288582","2026","1","27","12","59","臺中市","南區","0","0","0","7","","","30","","","","","","","","","","","","","","17","","","","","C03","","","1","","1","","","14","14","1","6","4","120.671672","24.116736","3"
"11031","66000","387130000C","(04)23274275","(04)23288582","2026","1","27","13","4","臺中市","西區","0","2","0","7","1","6","40","4","1","1","5","4","6","6","1","1","10","5","5","2","16","2","9","1","1","C03","7","11","1","10","2","12","","23","23","1","6","4","120.657238","24.152352","2"
"11032","66000","387130000C","(04)23274275","(04)23288582","2026","1","27","13","5","臺中市","北區","0","0","0","7","","","50","","","","","","","","","","","","","","17","","","","","B03","","","1","","1","","","84","84","1","13","4","120.686304","24.145981","3"
"11033","66000","387130000C","(04)23274275","(04)23288582","2026","1","27","13","7","臺中市","北屯區","0","1","0","7","3","6","50","3","1","1","5","4","6","6","2","1","10","5","5","2","16","3","10","3","1","B03","7","5","1","8","2","5","","84","84","1","12","4","120.727863","24.163278","2"
"11034","66000","387130000C","(04)23274275","(04)23288582","2026","1","27","13","17","臺中市","北屯區","0","0","0","7","","","50","","","","","","","","","","","","","","13","","","","","B03","","","1","","1","","","7","7","1","13","4","120.718657","24.163021","3"
"11035","66000","387130000C","(04)23274275","(04)23288582","2026","1","27","13","18","臺中市","北區","0","0","0","7","","","50","","","","","","","","","","","","","","17","","","","","C03","","","1","","2","","","23","23","1","12","2","120.685401","24.147605","3"
"11036","66000","387130000C","(04)23274275","(04)23288582","2026","1","27","13","20","臺中市","烏日區","0","0","0","7","2","6","50","4","1","1","5","4","6","6","4","4","10","5","5","1","15","","","","","B12","","","1","","2","","","15","15","1","6","4","120.651818","24.06276","3"
"11037","66000","387130000C","(04)23274275","(04)23288582","2026","1","27","13","25","臺中市","南屯區","0","0","0","7","","","50","","","","","","","","","","","","","","16","","","","","B03","","","1","","1","","","14","14","1","12","4","120.610888","24.149417","3"
"11038","66000","387130000C","(04)23274275","(04)23288582","2026","1","27","13","33","臺中市","西屯區","0","0","0","7","","","50","","","","","","","","","","","","","","13","","","","","B03","","","1","","1","","","59","59","1","12","4","120.641969","24.15787","3"
"11039","66000","387130000C","(04)23274275","(04)23288582","2026","1","27","13","34","臺中市","沙鹿區","0","1","0","7","2","6","60","4","1","1","5","4","6","6","2","1","3","4","5","2","16","3","10","3","1","B03","7","5","3","19","2","6","","47","47","1","12","4","120.607693","24.246644","2"
"11040","66000","387130000C","(04)23274275","(04)23288582","2026","1","27","13","35","臺中市","東區","0","0","0","7","","","1","","","","","","","","","","","","","","17","","","","","C03","","","1","","9","","","84","84","1","12","4","120.693","24.134773","4"
"11041","66000","387130000C","(04)23274275","(04)23288582","2026","1","27","13","35","臺中市","沙鹿區","0","0","0","7","","","50","","","","","","","","","","","","","","13","","","","","B03","","","1","","1","","","59","59","1","12","4","120.562569","24.233781","3"
"11042","66000","387130000C","(04)23274275","(04)23288582","2026","1","27","13","35","臺中市","豐原區","0","0","0","7","","","30","","","","","","","","","","","","","","14","","","","","B03","","","1","","2","","","49","49","1","12","4","120.748699","24.263422","3"