序號,縣市別代碼,機關代碼,市話,傳真,年,月,日,時,分,縣市,區,死亡數量,受傷數量,2-30,天候,道路照明設備,道路類別,道路速限,道路型態,事故位置,路面鋪裝,路面狀態,路面缺陷,障礙物,視距,號誌種類,號誌動作,分向設施,快車道或一般車道間,快慢車道間,路面邊線,事故類型及型態,受傷程度,主要傷處,保護裝備,行動電話或功能裝置,當事者區分(類別),車輛用途,當事者行動狀態,駕照狀態,駕照種類,飲酒情形,車輛撞擊部位最初,車輛撞擊部位其他,肇事因素個別,肇事因素主要,肇事逃逸,職業,共享經濟或外送平台,GPS座標X,GPS座標Y,事故類別
"11043","66000","387130000C","(04)23274275","(04)23288582","2026","1","27","13","38","臺中市","南屯區","0","0","0","7","3","6","50","13","9","1","5","4","6","6","4","4","5","5","5","2","14","","","","","B03","","","1","","2","","","49","49","1","13","4","120.651409","24.150538","3"
"11044","66000","387130000C","(04)23274275","(04)23288582","2026","1","27","13","41","臺中市","神岡區","0","0","0","7","2","6","50","13","9","1","5","4","6","","4","4","1","4","5","2","13","3","10","3","1","B03","7","8","1","8","2","1","1","7","7","1","12","4","120.696682","24.248354","3"
"11045","66000","387130000C","(04)23274275","(04)23288582","2026","1","27","13","42","臺中市","南屯區","0","0","0","7","","","50","","","","","","","","","","","","","","17","","","","","B02","","","1","","2","","","6","6","1","13","4","120.646534","24.140179","3"
"11046","66000","387130000C","(04)23274275","(04)23288582","2026","1","27","13","44","臺中市","南區","0","1","0","7","2","6","50","13","9","1","5","4","6","6","4","4","9","5","5","2","17","2","3","3","1","B03","7","9","1","8","2","8","","85","85","1","12","4","120.671482","24.126922","2"
"11047","66000","387130000C","(04)23274275","(04)23288582","2026","1","27","13","46","臺中市","龍井區","0","1","0","7","2","6","40","3","2","1","5","4","6","6","4","4","8","3","4","1","17","3","10","3","1","B12","7","8","5","19","2","8","","12","12","1","13","4","120.514859","24.199605","2"
"11048","66000","387130000C","(04)23274275","(04)23288582","2026","1","27","13","56","臺中市","南屯區","0","2","0","7","3","6","40","3","1","1","5","4","6","6","4","4","10","5","5","2","13","3","10","5","4","B03","7","6","1","8","2","1","","59","59","1","6","4","120.63824","24.141475","2"
"11049","66000","387130000C","(04)23274275","(04)23288582","2026","1","27","14","3","臺中市","霧峰區","0","1","0","7","3","6","30","4","1","1","5","4","6","6","4","4","10","5","5","1","15","2","9","1","1","C03","7","9","1","10","2","12","","15","15","1","12","4","120.653114","24.067906","2"
"11050","66000","387130000C","(04)23274275","(04)23288582","2026","1","27","14","5","臺中市","南屯區","0","0","0","7","","","50","","","","","","","","","","","","","","16","","","","","C03","","","1","","2","","","14","14","1","12","4","120.638454","24.150675","3"
"11051","66000","387130000C","(04)23274275","(04)23288582","2026","1","27","14","11","臺中市","西區","0","0","0","7","","","50","","","","","","","","","","","","","","13","","","","","C03","","","1","","1","","","84","84","1","12","4","120.671169","24.14069","3"
"11052","66000","387130000C","(04)23274275","(04)23288582","2026","1","27","14","15","臺中市","東區","0","0","0","7","","","50","","","","","","","","","","","","","","17","","","","","B13","","","1","","1","","","51","51","1","6","4","120.706027","24.142738","3"
"11053","66000","387130000C","(04)23274275","(04)23288582","2026","1","27","14","18","臺中市","南區","0","3","0","7","2","6","40","13","8","1","5","4","6","6","4","4","7","4","4","2","13","2","9","2","1","C03","7","9","1","10","2","11","","7","7","1","12","4","120.658451","24.125805","2"
"11054","66000","387130000C","(04)23274275","(04)23288582","2026","1","27","14","18","臺中市","后里區","0","1","0","7","2","6","30","11","9","1","5","4","6","6","4","4","10","5","5","1","11","3","10","3","1","B12","7","9","1","8","2","8","","85","85","1","12","4","120.709514","24.292548","2"
"11055","66000","387130000C","(04)23274275","(04)23288582","2026","1","27","14","24","臺中市","南屯區","0","0","0","7","","","40","","","","","","","","","","","","","","","","","","","C03","","","1","","1","","","84","84","1","12","4","120.634062","24.158014","3"
"11056","66000","387130000C","(04)23274275","(04)23288582","2026","1","27","14","29","臺中市","北屯區","0","0","0","7","","","60","","","","","","","","","","","","","","13","","","","","B03","","","1","","2","","","84","84","1","6","4","120.721139","24.183537","3"
"11057","66000","387130000C","(04)23274275","(04)23288582","2026","1","27","14","29","臺中市","霧峰區","0","1","0","7","2","6","40","13","8","1","5","4","6","6","4","4","1","4","4","1","13","3","10","2","1","C03","7","7","1","9","2","13","","40","40","1","6","4","120.662303","24.071573","2"
"11058","66000","387130000C","(04)23274275","(04)23288582","2026","1","27","14","32","臺中市","北屯區","0","0","0","7","","","50","","","","","","","","","","","","","","13","","","","","C03","","","1","","1","","","7","7","1","13","4","120.665165","24.183906","3"
"11059","66000","387130000C","(04)23274275","(04)23288582","2026","1","27","14","34","臺中市","大甲區","0","1","0","7","1","6","60","3","1","1","5","4","6","6","1","1","5","4","5","1","12","3","10","3","1","B03","7","5","1","8","2","2","","84","84","1","6","4","120.618131","24.339063","2"
"11060","66000","387130000C","(04)23274275","(04)23288582","2026","1","27","14","35","臺中市","太平區","0","0","0","7","","3","80","","","","","","","","","","","","","","12","","","","","B03","","","1","","2","","","40","40","1","13","4","120.7167","24.154495","3"
"11061","66000","387130000C","(04)23274275","(04)23288582","2026","1","27","14","35","臺中市","大肚區","0","0","0","7","","","50","","","","","","","","","","","","","","","","","","","B03","","","1","","2","","","49","49","1","6","4","120.549686","24.139825","3"
"11062","66000","387130000C","(04)23274275","(04)23288582","2026","1","27","14","37","臺中市","南區","0","0","0","7","","","50","","","","","","","","","","","","","","13","","","","","B12","","","1","","1","","","7","7","1","6","4","120.670257","24.123116","3"
"11063","66000","387130000C","(04)23274275","(04)23288582","2026","1","27","14","39","臺中市","潭子區","0","0","0","7","","","50","","","","","","","","","","","","","","","","","","","A11","","","1","","2","","","8","8","1","6","4","120.691431","24.215975","3"
"11064","66000","387130000C","(04)23274275","(04)23288582","2026","1","27","14","41","臺中市","西區","0","0","0","7","","","50","","","","","","","","","","","","","","","","","","","B03","","","1","8","1","","","84","84","1","13","4","120.668346","24.129897","3"
"11065","66000","387130000C","(04)23274275","(04)23288582","2026","1","27","14","43","臺中市","西屯區","0","0","0","7","","","40","","","","","","","","","","","","","","17","","","","","B11","","","1","","1","","","84","84","1","12","4","120.618314","24.181218","3"
"11066","66000","387130000C","(04)23274275","(04)23288582","2026","1","27","14","50","臺中市","北屯區","0","2","0","7","2","6","50","13","9","1","5","4","6","6","4","4","10","5","5","2","13","2","9","5","4","C03","7","9","1","10","2","12","","84","84","1","12","4","120.686128","24.171832","2"
"11067","66000","387130000C","(04)23274275","(04)23288582","2026","1","27","14","53","臺中市","西屯區","0","1","0","7","3","6","50","13","9","1","5","4","6","6","1","1","4","3","4","2","13","2","9","1","1","C03","7","9","1","10","2","12","","84","84","1","12","4","120.648099","24.167556","2"
"11068","66000","387130000C","(04)23274275","(04)23288582","2026","1","27","14","55","臺中市","清水區","0","0","0","7","","","50","","","","","","","","","","","","","","17","","","","","B03","","","1","","2","","","49","49","1","12","4","120.583014","24.279337","3"
"11069","66000","387130000C","(04)23274275","(04)23288582","2026","1","27","14","56","臺中市","北屯區","0","1","0","7","2","6","50","4","1","1","5","4","6","6","1","1","10","5","5","2","15","2","9","2","1","C03","7","9","1","10","2","11","14","21","21","1","12","4","120.699919","24.167552","2"
"11070","66000","387130000C","(04)23274275","(04)23288582","2026","1","27","15","3","臺中市","北區","0","1","0","7","2","6","50","13","9","1","5","4","6","6","4","4","10","4","5","2","17","3","10","3","1","B03","7","9","1","8","2","5","","8","8","1","13","4","120.673702","24.165154","2"
"11071","66000","387130000C","(04)23274275","(04)23288582","2026","1","27","15","3","臺中市","大里區","0","1","0","7","2","6","30","13","9","1","5","4","6","6","4","4","10","5","5","2","17","3","10","4","1","B03","7","6","1","8","2","16","","20","20","1","6","4","120.701792","24.096739","2"
"11072","66000","387130000C","(04)23274275","(04)23288582","2026","1","27","15","4","臺中市","西屯區","0","1","0","7","2","6","60","13","7","1","5","4","6","6","4","4","1","4","1","2","13","3","10","5","4","B03","7","9","1","8","1","1","","59","59","1","13","4","120.638482","24.169172","2"
"11073","66000","387130000C","(04)23274275","(04)23288582","2026","1","27","15","6","臺中市","北區","0","0","0","7","","","50","","","","","","","","","","","","","","17","","","","","B03","","","1","","2","","","84","84","1","12","4","120.667278","24.157439","4"
"11074","66000","387130000C","(04)23274275","(04)23288582","2026","1","27","15","10","臺中市","北區","0","1","0","7","2","6","50","3","1","1","5","4","6","6","4","4","9","5","5","2","16","3","10","3","1","B03","7","5","1","8","2","5","","47","47","1","12","4","120.688196","24.160246","2"
"11075","66000","387130000C","(04)23274275","(04)23288582","2026","1","27","15","16","臺中市","北區","0","0","0","7","","","50","","","","","","","","","","","","","","12","","","","","B03","","","1","","2","","","84","84","2","12","4","120.676287","24.146265","3"
"11076","66000","387130000C","(04)23274275","(04)23288582","2026","1","27","15","16","臺中市","南屯區","0","0","0","7","","","40","","","","","","","","","","","","","","21","","","","","B03","","","1","","2","","","77","77","1","6","4","120.652972","24.143818","3"
"11077","66000","387130000C","(04)23274275","(04)23288582","2026","1","27","15","18","臺中市","西屯區","0","0","0","1","","","50","","","","","","","","","","","","","","2","","","","","C03","","","1","","2","","","85","85","1","13","4","120.657858","24.18727","3"
"11078","66000","387130000C","(04)23274275","(04)23288582","2026","1","27","15","19","臺中市","太平區","0","0","0","7","","","30","","","","","","","","","","","","","","","","","","","C03","","","1","","2","","","15","15","1","12","4","120.73287","24.11282","3"
"11079","66000","387130000C","(04)23274275","(04)23288582","2026","1","27","15","20","臺中市","西屯區","0","1","0","7","2","6","50","4","4","1","5","4","6","6","2","1","5","4","5","2","13","4","11","1","1","C03","7","9","1","10","2","12","","7","7","1","5","4","120.647932","24.174361","2"
"11080","66000","387130000C","(04)23274275","(04)23288582","2026","1","27","15","21","臺中市","北屯區","0","1","0","7","2","6","50","13","7","1","5","4","6","6","4","4","9","5","4","2","16","3","10","3","1","B03","7","11","1","8","2","8","","65","65","1","6","4","120.722858","24.172465","2"
"11081","66000","387130000C","(04)23274275","(04)23288582","2026","1","27","15","30","臺中市","西屯區","0","0","0","7","","","50","","","","","","","","","","","","","","1","","","","","C03","","","5","","1","","","4","4","1","13","4","120.652286","24.159705","3"
"11082","66000","387130000C","(04)23274275","(04)23288582","2026","1","27","15","30","臺中市","烏日區","0","1","0","7","2","6","50","13","9","1","5","4","6","6","4","4","9","5","5","2","17","3","10","5","4","B03","7","1","1","8","2","7","","51","51","1","12","4","120.602189","24.109031","2"
"11083","66000","387130000C","(04)23274275","(04)23288582","2026","1","27","15","32","臺中市","南屯區","0","1","0","7","2","6","50","13","9","1","5","4","6","6","4","4","1","4","5","1","17","2","9","2","1","C03","7","9","1","10","2","12","","43","43","1","13","4","120.62818","24.129286","2"
"11084","66000","387130000C","(04)23274275","(04)23288582","2026","1","27","15","37","臺中市","東區","0","0","0","7","","","50","","","","","","","","","","","","","","13","","","","","B03","","","1","","1","","","7","7","1","12","4","120.706164","24.130019","3"
"11085","66000","387130000C","(04)23274275","(04)23288582","2026","1","27","15","38","臺中市","豐原區","0","0","0","7","","","50","","","","","","","","","","","","","","17","","","","","B03","","","1","","2","","","84","84","1","12","4","120.705924","24.238661","3"
"11086","66000","387130000C","(04)23274275","(04)23288582","2026","1","27","15","40","臺中市","西區","0","1","0","7","2","6","50","3","1","1","5","4","6","6","4","4","8","3","4","2","16","3","10","3","1","B03","7","11","1","8","2","4","","45","45","1","12","4","120.653816","24.153593","2"
"11087","66000","387130000C","(04)23274275","(04)23288582","2026","1","27","15","47","臺中市","西屯區","0","0","0","7","","","50","","","","","","","","","","","","","","17","","","","","C03","","","1","","2","","","50","50","1","13","4","120.618148","24.184293","3"
"11088","66000","387130000C","(04)23274275","(04)23288582","2026","1","27","15","47","臺中市","西屯區","0","1","0","7","2","6","50","13","9","1","5","4","6","6","4","4","1","4","5","1","12","3","10","3","1","B01","7","14","1","4","2","4","","76","76","1","12","4","120.638945","24.175048","2"
"11089","66000","387130000C","(04)23274275","(04)23288582","2026","1","27","15","48","臺中市","東勢區","0","1","0","7","3","6","70","8","8","1","5","4","6","6","4","4","1","4","5","1","18","2","9","2","4","C03","7","9","1","10","2","16","","87","87","1","13","4","120.820225","24.260926","2"
"11090","66000","387130000C","(04)23274275","(04)23288582","2026","1","27","15","49","臺中市","西屯區","0","1","0","7","3","6","50","13","9","1","5","4","6","6","4","4","3","4","5","2","12","2","9","5","4","C03","7","9","1","10","2","11","","59","59","1","13","4","120.643026","24.172394","2"
"11091","66000","387130000C","(04)23274275","(04)23288582","2026","1","27","15","51","臺中市","西屯區","0","1","0","7","2","6","30","13","9","1","5","4","6","6","4","4","10","5","5","2","11","2","8","1","1","F03","7","1","7","21","2","16","","51","51","1","13","4","120.665017","24.168343","2"
"11092","66000","387130000C","(04)23274275","(04)23288582","2026","1","27","15","54","臺中市","大里區","0","2","0","7","2","6","50","13","9","1","5","4","6","6","4","4","5","5","5","2","20","2","9","2","1","C03","7","15","1","10","2","11","","84","84","1","12","4","120.690554","24.12121","2"
"11093","66000","387130000C","(04)23274275","(04)23288582","2026","1","27","15","56","臺中市","東區","0","2","0","7","2","6","50","4","1","1","5","4","6","6","1","1","10","5","5","2","17","2","9","1","1","C03","7","5","1","10","2","12","","84","84","1","12","4","120.704769","24.130631","2"
"11094","66000","387130000C","(04)23274275","(04)23288582","2026","1","27","15","58","臺中市","北屯區","0","1","0","7","2","6","50","4","1","1","5","4","6","6","1","1","10","5","5","2","16","3","10","3","1","B01","7","5","1","4","1","5","","20","20","1","6","4","120.70396","24.182162","2"
"11095","66000","387130000C","(04)23274275","(04)23288582","2026","1","27","16","0","臺中市","南屯區","0","0","0","7","","","50","","","","","","","","","","","","","","15","","","","","B03","","","1","","1","","","15","15","1","12","4","120.652026","24.138901","3"
"11096","66000","387130000C","(04)23274275","(04)23288582","2026","1","27","16","1","臺中市","大里區","0","1","0","7","3","6","50","4","1","1","5","4","6","6","1","1","10","5","5","2","3","3","10","3","1","B03","7","6","1","8","2","1","","10","10","1","13","4","120.689649","24.115499","2"
"11097","66000","387130000C","(04)23274275","(04)23288582","2026","1","27","16","2","臺中市","西屯區","0","1","0","7","2","6","50","4","1","1","5","4","6","6","2","1","10","5","5","2","15","3","10","5","4","B03","7","9","1","8","2","5","","21","21","1","13","4","120.621814","24.183484","2"
"11098","66000","387130000C","(04)23274275","(04)23288582","2026","1","27","16","2","臺中市","大里區","0","0","0","7","","","50","","","","","","","","","","","","","","","","","","","A12","","","1","","2","","","84","84","1","12","4","120.66538","24.108413","3"
"11099","66000","387130000C","(04)23274275","(04)23288582","2026","1","27","16","7","臺中市","梧棲區","0","0","0","7","","","50","","","","","","","","","","","","","","13","","","","","C03","","","1","","2","","","58","58","1","12","4","120.538274","24.247838","3"
"11100","66000","387130000C","(04)23274275","(04)23288582","2026","1","27","16","15","臺中市","石岡區","0","1","0","7","3","6","70","13","8","1","5","4","6","6","4","4","3","4","4","1","18","2","1","5","4","C03","7","9","1","10","9","14","","84","84","1","12","4","120.78424","24.274489","2"
"11101","66000","387130000C","(04)23274275","(04)23288582","2026","1","27","16","18","臺中市","南屯區","0","1","0","7","3","6","40","4","1","1","5","4","6","6","2","1","10","5","5","2","16","3","10","5","4","B03","7","5","1","8","2","2","","47","47","1","6","4","120.612205","24.150371","2"
"11102","66000","387130000C","(04)23274275","(04)23288582","2026","1","27","16","18","臺中市","沙鹿區","0","0","0","7","","","50","","","","","","","","","","","","","","17","","","","","C03","","","1","","2","","","39","39","1","12","4","120.582481","24.244317","3"
"11103","66000","387130000C","(04)23274275","(04)23288582","2026","1","27","16","19","臺中市","西區","0","0","0","7","","","60","","","","","","","","","","","","","","","","","","","B03","","","1","","1","","","84","84","1","6","4","120.661404","24.156447","3"
"11104","66000","387130000C","(04)23274275","(04)23288582","2026","1","27","16","20","臺中市","北屯區","0","0","0","7","","","50","","","","","","","","","","","","","","17","","","","","C03","","","1","","2","","","48","48","1","6","4","120.694687","24.175451","3"
"11105","66000","387130000C","(04)23274275","(04)23288582","2026","1","27","16","20","臺中市","清水區","0","0","0","7","","","50","","","","","","","","","","","","","","","","","","","B12","","","1","","11","","","8","8","1","12","4","120.57347","24.262842","3"
"11106","66000","387130000C","(04)23274275","(04)23288582","2026","1","27","16","21","臺中市","南區","0","0","0","7","","","50","","","","","","","","","","","","","","13","","","","","B03","","","1","","1","","","7","7","1","12","4","120.658501","24.12501","3"
"11107","66000","387130000C","(04)23274275","(04)23288582","2026","1","27","16","21","臺中市","太平區","0","0","0","7","2","3","80","13","7","1","5","4","6","6","4","4","1","4","5","2","13","","","","","B03","","","1","","2","","","84","84","1","12","4","120.707611","24.132568","3"
"11108","66000","387130000C","(04)23274275","(04)23288582","2026","1","27","16","25","臺中市","大雅區","0","0","0","7","3","6","50","13","9","1","5","4","6","6","4","4","10","5","5","2","25","3","10","3","1","A12","7","6","1","7","2","6","","8","8","1","12","4","120.657338","24.22646","3"
"11109","66000","387130000C","(04)23274275","(04)23288582","2026","1","27","16","26","臺中市","北區","0","0","0","7","","","50","","","","","","","","","","","","","","17","","","","","B03","","","1","","1","","","84","84","1","13","4","120.684816","24.164499","3"
"11110","66000","387130000C","(04)23274275","(04)23288582","2026","1","27","16","28","臺中市","霧峰區","0","0","0","7","","","40","","","","","","","","","","","","","","17","","","","","B03","","","1","","2","","","51","51","1","6","4","120.701454","24.075858","3"
"11111","66000","387130000C","(04)23274275","(04)23288582","2026","1","27","16","29","臺中市","東區","0","3","0","7","2","6","50","3","1","1","5","4","6","6","1","1","5","5","4","2","16","2","9","2","1","C03","7","6","1","10","2","11","","11","11","1","13","4","120.695021","24.138829","2"
"11112","66000","387130000C","(04)23274275","(04)23288582","2026","1","27","16","30","臺中市","和平區","0","0","0","7","","","50","","","","","","","","","","","","","","17","","","","","B12","","","1","","2","","","1","1","1","13","4","120.912493","24.183632","3"
"11113","66000","387130000C","(04)23274275","(04)23288582","2026","1","27","16","32","臺中市","北區","0","0","0","7","","","50","","","","","","","","","","","","","","13","","","","","B03","","","1","","2","","","84","84","1","12","4","120.676484","24.163765","3"
"11114","66000","387130000C","(04)23274275","(04)23288582","2026","1","27","16","34","臺中市","南屯區","0","0","0","7","","","50","","","","","","","","","","","","","","13","","","","","B03","","","1","","1","","","7","7","1","13","4","120.630727","24.145294","3"
"11115","66000","387130000C","(04)23274275","(04)23288582","2026","1","27","16","35","臺中市","東區","0","0","0","7","","","30","","","","","","","","","","","","","","16","","","","","B03","","","1","","1","","","12","12","1","6","4","120.707881","24.146691","3"
"11116","66000","387130000C","(04)23274275","(04)23288582","2026","1","27","16","37","臺中市","潭子區","0","1","0","6","2","6","50","13","9","1","5","4","6","6","4","4","9","5","5","2","17","3","10","3","1","B12","7","2","1","8","2","7","","49","49","1","13","4","120.71771","24.191837","2"
"11117","66000","387130000C","(04)23274275","(04)23288582","2026","1","27","16","39","臺中市","西區","0","1","0","7","2","6","50","5","1","1","5","4","6","6","2","1","1","4","1","2","12","3","10","3","1","B03","7","5","1","8","2","6","","47","47","1","13","4","120.669787","24.150697","2"
"11118","66000","387130000C","(04)23274275","(04)23288582","2026","1","27","16","40","臺中市","北區","0","0","0","7","","","50","","","","","","","","","","","","","","","","","","","B03","","","1","","1","","","59","59","1","12","4","120.697694","24.158349","3"
"11119","66000","387130000C","(04)23274275","(04)23288582","2026","1","27","16","40","臺中市","南屯區","0","1","0","7","2","6","50","4","1","1","5","4","6","6","2","1","5","4","5","2","17","2","9","2","1","C03","7","6","1","10","2","13","","48","48","1","12","4","120.649789","24.153614","2"
"11120","66000","387130000C","(04)23274275","(04)23288582","2026","1","27","16","45","臺中市","大里區","0","2","0","7","3","6","50","3","2","1","5","4","6","6","4","4","10","5","5","1","13","2","9","1","1","C03","7","9","1","10","2","11","","58","58","1","6","4","120.708827","24.083672","2"
"11121","66000","387130000C","(04)23274275","(04)23288582","2026","1","27","16","45","臺中市","烏日區","0","1","0","7","2","6","50","5","1","1","5","4","6","6","1","1","10","5","5","2","16","3","10","3","1","B03","7","5","1","8","2","16","","47","47","1","6","4","120.6074","24.111956","2"
"11122","66000","387130000C","(04)23274275","(04)23288582","2026","1","27","16","48","臺中市","北屯區","0","0","0","7","","","30","","","","","","","","","","","","","","17","","","","","B03","","","1","","1","","","51","51","1","6","4","120.683592","24.175745","3"
"11123","66000","387130000C","(04)23274275","(04)23288582","2026","1","27","16","52","臺中市","南屯區","0","1","0","7","2","6","50","4","1","1","5","4","6","6","2","1","1","4","1","2","16","3","10","1","1","C03","7","5","1","10","2","13","","84","84","1","12","4","120.623099","24.149296","2"
"11124","66000","387130000C","(04)23274275","(04)23288582","2026","1","27","16","54","臺中市","西區","0","0","0","7","","","50","","","","","","","","","","","","","","","","","","","B03","","","1","","1","","","84","84","1","6","4","120.662125","24.14886","3"
"11125","66000","387130000C","(04)23274275","(04)23288582","2026","1","27","17","1","臺中市","北屯區","0","1","0","7","1","6","50","4","2","1","5","4","6","6","1","1","3","4","4","2","12","3","10","3","1","B03","7","9","1","8","2","1","","43","43","1","13","4","120.664492","24.18458","2"
"11126","66000","387130000C","(04)23274275","(04)23288582","2026","1","27","17","1","臺中市","霧峰區","0","0","0","7","","","40","","","","","","","","","","","","","","13","","","","","B03","","","1","","1","","","59","59","1","12","4","120.679304","24.07145","3"
"11127","66000","387130000C","(04)23274275","(04)23288582","2026","1","27","17","2","臺中市","大肚區","0","0","0","7","","","30","","","","","","","","","","","","","","","","","","","B02","","","1","","1","","","51","51","1","6","4","120.574673","24.123117","3"
"11128","66000","387130000C","(04)23274275","(04)23288582","2026","1","27","17","5","臺中市","大里區","0","2","0","7","2","6","50","3","1","1","5","4","6","6","4","4","10","5","5","2","17","2","9","1","1","C03","7","1","3","19","2","12","","51","51","1","6","4","120.69781","24.080369","2"
"11129","66000","387130000C","(04)23274275","(04)23288582","2026","1","27","17","8","臺中市","北區","0","1","0","7","2","6","50","5","1","1","5","4","6","6","1","1","10","5","5","2","17","2","9","5","4","C03","7","6","1","10","2","14","","48","48","1","12","4","120.684449","24.153976","2"
"11130","66000","387130000C","(04)23274275","(04)23288582","2026","1","27","17","8","臺中市","南屯區","0","1","0","7","3","6","50","4","1","1","5","4","6","6","2","1","10","5","5","2","12","2","9","2","4","C03","7","1","1","10","2","12","","84","84","1","6","4","120.609646","24.138463","2"
"11131","66000","387130000C","(04)23274275","(04)23288582","2026","1","27","17","10","臺中市","潭子區","0","1","0","7","3","6","50","3","2","1","5","4","6","6","4","4","5","5","5","1","18","2","9","2","1","C03","7","12","1","10","9","14","","84","84","1","13","4","120.724761","24.203628","2"
"11132","66000","387130000C","(04)23274275","(04)23288582","2026","1","27","17","10","臺中市","沙鹿區","0","1","0","7","2","6","30","13","9","1","5","4","6","6","4","4","10","5","5","2","10","2","8","4","1","F07","7","9","7","21","2","11","","59","59","1","12","4","120.56755","24.223415","2"
"11133","66000","387130000C","(04)23274275","(04)23288582","2026","1","27","17","11","臺中市","太平區","0","0","0","7","","","50","","","","","","","","","","","","","","16","","","","","C03","","","1","","1","","","45","45","1","13","4","120.722802","24.132464","3"
"11134","66000","387130000C","(04)23274275","(04)23288582","2026","1","27","17","12","臺中市","東區","0","1","0","7","2","6","50","3","1","1","5","4","6","6","1","1","10","5","5","2","16","3","10","5","4","B03","7","5","1","8","9","5","","11","11","2","12","4","120.710948","24.142797","2"
"11135","66000","387130000C","(04)23274275","(04)23288582","2026","1","27","17","12","臺中市","后里區","0","1","0","7","2","6","50","4","1","1","5","4","6","6","1","1","5","4","5","1","12","2","8","6","1","F01","7","6","7","21","2","14","","20","20","1","2","4","120.717624","24.304482","2"
"11136","66000","387130000C","(04)23274275","(04)23288582","2026","1","27","17","14","臺中市","烏日區","0","1","0","7","2","6","50","11","9","1","5","4","6","6","4","4","10","5","5","1","11","3","10","3","1","B12","7","9","1","8","2","4","","87","87","1","6","4","120.653648","24.061736","2"
"11137","66000","387130000C","(04)23274275","(04)23288582","2026","1","27","17","16","臺中市","大里區","0","0","0","7","","","50","","","","","","","","","","","","","","11","","","","","A42","","","1","","9","","","8","8","2","13","4","120.689382","24.107705","3"
"11138","66000","387130000C","(04)23274275","(04)23288582","2026","1","27","17","16","臺中市","烏日區","0","1","0","7","2","6","40","13","8","1","5","4","6","6","4","4","1","5","3","2","18","2","9","5","4","C03","7","9","1","10","2","14","","87","87","1","12","4","120.652033","24.104414","2"
"11139","66000","387130000C","(04)23274275","(04)23288582","2026","1","27","17","20","臺中市","清水區","0","0","0","7","","","50","","","","","","","","","","","","","","17","","","","","F03","","","1","","2","","","51","51","1","12","4","120.574614","24.270563","3"
"11140","66000","387130000C","(04)23274275","(04)23288582","2026","1","27","17","21","臺中市","北屯區","0","1","0","7","1","6","50","13","7","1","5","4","6","6","4","4","1","4","4","2","13","3","10","3","1","B03","7","15","1","8","1","1","","59","59","1","9","4","120.662764","24.187451","2"
"11141","66000","387130000C","(04)23274275","(04)23288582","2026","1","27","17","21","臺中市","大甲區","0","1","0","7","1","6","70","4","8","1","5","4","6","6","1","1","6","3","4","1","12","3","10","3","1","B03","7","5","1","8","2","2","","11","11","1","12","4","120.651326","24.38114","2"
"11142","66000","387130000C","(04)23274275","(04)23288582","2026","1","27","17","22","臺中市","南屯區","0","2","0","6","2","6","40","13","8","1","5","4","6","6","4","4","9","5","4","1","17","2","8","2","1","C03","7","11","1","10","2","12","","46","46","1","13","4","120.637182","24.143933","2"
"11143","66000","387130000C","(04)23274275","(04)23288582","2026","1","27","17","23","臺中市","西屯區","0","0","0","7","","","40","","","","","","","","","","","","","","12","","","","","B03","","","1","","2","","","8","8","1","12","4","120.656771","24.162077","3"
"11144","66000","387130000C","(04)23274275","(04)23288582","2026","1","27","17","23","臺中市","西屯區","0","1","0","7","1","6","50","11","9","1","5","4","6","6","4","4","1","4","4","1","18","2","9","2","1","C03","7","9","1","10","2","12","","59","59","1","12","4","120.5992","24.20705","2"
"11145","66000","387130000C","(04)23274275","(04)23288582","2026","1","27","17","25","臺中市","霧峰區","0","1","0","7","1","6","50","3","1","1","5","4","6","6","4","4","5","4","4","1","16","3","10","3","1","B03","7","6","1","8","2","2","","14","14","1","12","4","120.697808","24.058322","2"
"11146","66000","387130000C","(04)23274275","(04)23288582","2026","1","27","17","30","臺中市","潭子區","0","0","0","7","","","50","","","","","","","","","","","","","","","","","","","C03","","","1","","2","","","45","45","1","13","4","120.705464","24.215524","3"
"11147","66000","387130000C","(04)23274275","(04)23288582","2026","1","27","17","34","臺中市","南屯區","0","0","0","7","","","50","","","","","","","","","","","","","","13","","","","","C03","","","1","","1","","","7","7","1","12","4","120.622639","24.140617","3"
"11148","66000","387130000C","(04)23274275","(04)23288582","2026","1","27","17","34","臺中市","梧棲區","0","1","0","7","3","6","50","13","7","1","5","4","6","6","4","4","1","4","4","1","13","3","10","3","1","B03","7","9","1","8","2","1","","7","7","1","6","4","120.537578","24.258331","2"
"11149","66000","387130000C","(04)23274275","(04)23288582","2026","1","27","17","45","臺中市","南屯區","0","2","0","7","1","6","50","4","1","1","5","4","6","6","2","1","5","5","5","2","16","2","8","1","1","C03","7","6","1","10","2","14","","11","11","1","12","4","120.63097","24.115037","2"
"11150","66000","387130000C","(04)23274275","(04)23288582","2026","1","27","17","47","臺中市","西屯區","0","1","0","7","1","6","30","13","9","1","5","4","6","6","4","4","10","5","5","2","27","2","9","5","4","C03","7","9","1","10","2","15","","59","59","1","13","4","120.651763","24.161259","2"
"11151","66000","387130000C","(04)23274275","(04)23288582","2026","1","27","17","47","臺中市","西屯區","0","0","0","7","","3","80","","","","","","","","","","","","","","2","","","","","B03","","","5","","1","","","7","7","1","13","4","120.631608","24.169015","3"
"11152","66000","387130000C","(04)23274275","(04)23288582","2026","1","27","17","50","臺中市","南區","0","0","0","7","","","50","","","","","","","","","","","","","","12","","","","","B03","","","1","","1","","","51","51","1","12","4","120.64994","24.115365","3"