序號,縣市別代碼,機關代碼,市話,傳真,年,月,日,時,分,縣市,區,死亡數量,受傷數量,2-30,天候,道路照明設備,道路類別,道路速限,道路型態,事故位置,路面鋪裝,路面狀態,路面缺陷,障礙物,視距,號誌種類,號誌動作,分向設施,快車道或一般車道間,快慢車道間,路面邊線,事故類型及型態,受傷程度,主要傷處,保護裝備,行動電話或功能裝置,當事者區分(類別),車輛用途,當事者行動狀態,駕照狀態,駕照種類,飲酒情形,車輛撞擊部位最初,車輛撞擊部位其他,肇事因素個別,肇事因素主要,肇事逃逸,職業,共享經濟或外送平台,GPS座標X,GPS座標Y,事故類別
"11153","66000","387130000C","(04)23274275","(04)23288582","2026","1","27","17","51","臺中市","霧峰區","0","1","0","7","1","6","50","13","9","1","5","4","6","6","4","4","5","5","5","1","17","2","8","1","1","C03","7","9","1","10","2","14","","82","82","1","5","4","120.699619","24.069114","2"
"11154","66000","387130000C","(04)23274275","(04)23288582","2026","1","27","17","52","臺中市","中區","0","1","0","7","1","6","50","4","1","1","5","4","6","6","2","1","10","3","5","2","16","2","9","2","1","C03","7","6","1","10","2","14","","11","11","1","12","4","120.682808","24.142181","2"
"11155","66000","387130000C","(04)23274275","(04)23288582","2026","1","27","17","53","臺中市","南屯區","0","0","0","7","","","50","","","","","","","","","","","","","","13","","","","","C03","","","1","","1","","","7","7","1","6","4","120.621961","24.145079","3"
"11156","66000","387130000C","(04)23274275","(04)23288582","2026","1","27","17","56","臺中市","潭子區","0","0","0","7","","","50","","","","","","","","","","","","","","","","","","","C03","","","","","","","","86","86","1","","4","120.70416","24.21563","3"
"11157","66000","387130000C","(04)23274275","(04)23288582","2026","1","27","17","58","臺中市","南屯區","0","0","0","6","","","50","","","","","","","","","","","","","","13","","","","","B03","","","1","","1","","","7","7","1","13","4","120.613367","24.149214","3"
"11158","66000","387130000C","(04)23274275","(04)23288582","2026","1","27","18","1","臺中市","大里區","0","0","0","7","","","50","","","","","","","","","","","","","","","","","","","C03","","","1","","2","","","47","47","1","12","4","120.699182","24.110156","3"
"11159","66000","387130000C","(04)23274275","(04)23288582","2026","1","27","18","2","臺中市","大雅區","0","1","0","7","3","6","50","4","1","1","5","4","6","6","4","4","4","3","5","2","13","2","8","1","1","C03","7","9","1","10","2","11","","7","7","1","12","4","120.655731","24.227283","2"
"11160","66000","387130000C","(04)23274275","(04)23288582","2026","1","27","18","3","臺中市","大甲區","0","2","0","7","1","6","50","4","1","1","5","4","6","6","4","4","10","5","5","2","15","3","10","3","1","B03","7","9","1","8","2","1","","12","12","1","6","4","120.618961","24.34651","2"
"11161","66000","387130000C","(04)23274275","(04)23288582","2026","1","27","18","6","臺中市","北區","0","1","0","7","1","6","50","13","8","1","5","4","6","6","4","4","9","5","4","2","13","3","10","1","1","C03","7","9","1","10","2","11","","7","7","1","13","4","120.677134","24.159016","2"
"11162","66000","387130000C","(04)23274275","(04)23288582","2026","1","27","18","6","臺中市","石岡區","0","0","0","7","","","70","","","","","","","","","","","","","","","","","","","B03","","","1","","1","","","84","84","1","12","4","120.770035","24.275376","3"
"11163","66000","387130000C","(04)23274275","(04)23288582","2026","1","27","18","7","臺中市","沙鹿區","0","1","0","7","1","6","50","13","7","1","5","4","6","6","4","4","2","4","4","2","13","2","8","1","1","C03","7","7","1","10","2","11","14","7","7","1","12","4","120.559032","24.235479","2"
"11164","66000","387130000C","(04)23274275","(04)23288582","2026","1","27","18","7","臺中市","神岡區","0","1","0","7","3","6","50","13","7","1","5","4","6","6","4","4","5","4","4","2","14","3","10","3","1","B13","7","2","1","8","2","7","","49","49","1","13","4","120.656088","24.258727","2"
"11165","66000","387130000C","(04)23274275","(04)23288582","2026","1","27","18","8","臺中市","南屯區","0","1","0","7","1","6","40","13","8","1","5","4","6","6","4","4","10","5","5","2","16","3","10","5","4","B03","7","5","1","8","2","2","","85","85","1","6","4","120.598072","24.139707","2"
"11166","66000","387130000C","(04)23274275","(04)23288582","2026","1","27","18","8","臺中市","大甲區","0","0","0","7","","","40","","","","","","","","","","","","","","","","","","","B03","","","1","","1","","","50","50","1","12","4","120.619367","24.353786","4"
"11167","66000","387130000C","(04)23274275","(04)23288582","2026","1","27","18","9","臺中市","南屯區","0","0","0","7","","","50","","","","","","","","","","","","","","","","","","","B03","","","1","","2","","","87","87","1","12","4","120.628284","24.147799","3"
"11168","66000","387130000C","(04)23274275","(04)23288582","2026","1","27","18","9","臺中市","南屯區","0","1","0","7","1","6","50","4","1","1","5","4","6","6","2","1","5","4","4","2","16","2","8","1","1","C03","7","6","1","8","2","12","","11","11","1","12","4","120.638234","24.139985","2"
"11169","66000","387130000C","(04)23274275","(04)23288582","2026","1","27","18","13","臺中市","太平區","0","1","0","6","1","6","50","4","1","1","5","4","6","6","1","1","10","5","5","2","16","2","9","1","1","C03","7","5","1","10","2","13","","39","39","1","12","4","120.717399","24.158455","2"
"11170","66000","387130000C","(04)23274275","(04)23288582","2026","1","27","18","19","臺中市","西屯區","0","1","0","7","1","6","40","4","4","1","5","4","6","6","2","1","1","4","1","2","13","2","9","5","4","C03","7","9","1","10","2","11","","7","7","1","13","4","120.641342","24.167831","2"
"11171","66000","387130000C","(04)23274275","(04)23288582","2026","1","27","18","22","臺中市","北區","0","1","0","7","1","6","50","4","1","1","5","4","6","6","1","1","1","4","5","2","16","3","10","3","1","B03","7","5","1","8","2","2","","47","47","1","12","4","120.676836","24.163317","2"
"11172","66000","387130000C","(04)23274275","(04)23288582","2026","1","27","18","23","臺中市","西區","0","1","0","7","1","6","50","13","9","1","5","4","6","6","4","4","5","4","5","2","16","3","10","1","1","C03","7","5","1","10","2","13","","47","47","1","13","4","120.667157","24.13036","2"
"11173","66000","387130000C","(04)23274275","(04)23288582","2026","1","27","18","25","臺中市","太平區","0","0","0","7","1","6","50","3","8","1","5","4","6","6","2","1","","5","4","2","7","","","","","B03","","","1","","2","","","84","84","1","12","4","120.705816","24.159445","3"
"11174","66000","387130000C","(04)23274275","(04)23288582","2026","1","27","18","27","臺中市","大里區","0","0","0","7","","","40","","","","","","","","","","","","","","12","","","","","B03","","","1","","2","","","84","84","1","6","4","120.692264","24.101823","3"
"11175","66000","387130000C","(04)23274275","(04)23288582","2026","1","27","18","30","臺中市","北屯區","0","1","0","7","3","6","50","13","9","1","5","4","6","6","4","4","5","5","5","2","16","3","10","3","1","B03","7","11","1","8","2","7","","45","45","1","6","4","120.703417","24.162757","2"
"11176","66000","387130000C","(04)23274275","(04)23288582","2026","1","27","18","30","臺中市","龍井區","0","2","0","7","1","6","70","5","1","1","5","4","6","6","1","1","1","3","4","1","16","2","9","5","4","C03","7","6","1","10","2","15","","48","48","1","12","4","120.542325","24.218914","2"
"11177","66000","387130000C","(04)23274275","(04)23288582","2026","1","27","18","32","臺中市","沙鹿區","0","0","0","7","","","60","","","","","","","","","","","","","","12","","","","","B03","","","1","","2","","","40","40","1","6","4","120.597305","24.250018","3"
"11178","66000","387130000C","(04)23274275","(04)23288582","2026","1","27","18","40","臺中市","西屯區","0","0","0","1","","","50","","","","","","","","","","","","","","13","","","","","C03","","","1","","2","","","59","59","1","13","4","120.643826","24.17616","3"
"11179","66000","387130000C","(04)23274275","(04)23288582","2026","1","27","18","41","臺中市","東區","0","2","0","7","1","6","50","13","9","1","5","4","6","6","4","4","9","5","5","2","3","2","9","6","5","H01","8","18","7","21","10","17","","97","97","1","13","5","120.695351","24.151205","2"
"11180","66000","387130000C","(04)23274275","(04)23288582","2026","1","27","18","43","臺中市","北屯區","0","0","0","7","","3","80","","","","","","","","","","","","","","9","","","","","B03","","","1","","2","","","59","59","1","6","4","120.690561","24.201088","3"
"11181","66000","387130000C","(04)23274275","(04)23288582","2026","1","27","18","48","臺中市","西區","0","0","0","7","","","50","","","","","","","","","","","","","","17","","","","","B03","","","1","","1","","","84","84","1","12","4","120.661797","24.154395","3"
"11182","66000","387130000C","(04)23274275","(04)23288582","2026","1","27","18","53","臺中市","西區","0","0","0","7","","","30","","","","","","","","","","","","","","","","","","","B03","","","1","","9","","","51","51","2","12","4","120.656557","24.155786","3"
"11183","66000","387130000C","(04)23274275","(04)23288582","2026","1","27","18","53","臺中市","后里區","0","1","0","7","1","6","50","14","9","1","5","4","6","6","4","4","10","5","5","2","18","2","9","4","1","F01","7","15","7","21","2","14","","84","84","1","12","4","120.711711","24.303031","2"
"11184","66000","387130000C","(04)23274275","(04)23288582","2026","1","27","18","55","臺中市","西屯區","0","0","0","7","","","50","","","","","","","","","","","","","","","","","","","B03","","","1","","2","","","40","40","1","12","4","120.62596","24.183894","3"
"11185","66000","387130000C","(04)23274275","(04)23288582","2026","1","27","19","0","臺中市","西屯區","0","1","0","7","1","6","50","11","9","1","5","4","6","6","4","4","3","3","5","1","19","2","9","1","1","C03","7","9","1","10","2","11","","84","84","1","13","4","120.600536","24.191846","2"
"11186","66000","387130000C","(04)23274275","(04)23288582","2026","1","27","19","0","臺中市","大里區","0","3","0","7","1","6","50","3","2","1","5","4","6","6","4","4","5","4","5","1","15","2","9","2","1","C03","7","1","1","10","2","12","","51","51","1","12","4","120.689764","24.107158","2"
"11187","66000","387130000C","(04)23274275","(04)23288582","2026","1","27","19","2","臺中市","北區","0","2","0","7","1","6","50","4","1","1","5","4","6","6","4","4","10","5","5","2","16","2","9","1","1","C03","7","6","1","10","2","13","","12","12","1","12","4","120.683149","24.15907","2"
"11188","66000","387130000C","(04)23274275","(04)23288582","2026","1","27","19","3","臺中市","后里區","0","0","0","7","1","6","50","13","9","1","5","4","6","6","4","4","5","4","5","1","13","","","","","C02","","","1","","2","","","59","59","1","6","4","120.729426","24.3099","3"
"11189","66000","387130000C","(04)23274275","(04)23288582","2026","1","27","19","6","臺中市","南區","0","0","0","7","","","50","","","","","","","","","","","","","","13","","","","","B12","","","1","","1","","","7","7","1","12","4","120.656478","24.11432","3"
"11190","66000","387130000C","(04)23274275","(04)23288582","2026","1","27","19","9","臺中市","西屯區","0","0","0","7","","","0","","","","","","","","","","","","","","17","","","","","B03","","","1","","1","","","85","85","1","12","4","120.615209","24.180504","3"
"11191","66000","387130000C","(04)23274275","(04)23288582","2026","1","27","19","10","臺中市","南屯區","0","1","0","7","1","6","50","13","9","1","5","4","6","6","4","4","5","4","5","2","13","2","9","2","1","C03","7","9","1","10","2","12","","7","7","1","12","4","120.644994","24.134685","2"
"11192","66000","387130000C","(04)23274275","(04)23288582","2026","1","27","19","11","臺中市","南屯區","0","0","0","7","","","50","","","","","","","","","","","","","","16","","","","","C03","","","1","","1","","","84","84","1","12","4","120.595504","24.150108","3"
"11193","66000","387130000C","(04)23274275","(04)23288582","2026","1","27","19","15","臺中市","太平區","0","3","0","6","1","6","40","13","9","1","5","4","6","6","4","4","9","5","5","2","10","2","9","1","1","C03","7","9","1","10","2","11","","4","4","1","12","4","120.702519","24.115967","2"
"11194","66000","387130000C","(04)23274275","(04)23288582","2026","1","27","19","20","臺中市","北區","0","0","0","7","","","50","","","","","","","","","","","","","","14","","","","","B03","","","1","","1","","","49","49","2","12","4","120.664701","24.161228","3"
"11195","66000","387130000C","(04)23274275","(04)23288582","2026","1","27","19","20","臺中市","清水區","0","1","0","7","3","6","50","13","8","1","5","4","6","6","4","4","1","4","4","2","17","2","1","3","1","B03","7","15","1","8","2","5","","59","59","1","12","4","120.580047","24.279588","2"
"11196","66000","387130000C","(04)23274275","(04)23288582","2026","1","27","19","24","臺中市","龍井區","0","0","0","6","","","30","","","","","","","","","","","","","","17","","","","","C03","","","1","","2","","","50","50","1","6","4","120.592561","24.182947","3"
"11197","66000","387130000C","(04)23274275","(04)23288582","2026","1","27","19","25","臺中市","北屯區","0","1","0","7","1","6","50","3","4","1","5","4","6","6","1","1","1","4","4","2","13","2","8","1","1","C03","7","9","1","10","2","11","","7","7","1","6","4","120.665808","24.182742","2"
"11198","66000","387130000C","(04)23274275","(04)23288582","2026","1","27","19","32","臺中市","龍井區","0","2","0","6","1","6","50","3","9","1","5","4","6","6","4","4","10","5","5","2","13","2","9","1","1","C03","7","9","1","10","2","11","","7","7","1","6","4","120.579985","24.183809","2"
"11199","66000","387130000C","(04)23274275","(04)23288582","2026","1","27","19","32","臺中市","梧棲區","0","0","0","7","","","50","","","","","","","","","","","","","","14","","","","","B03","","","1","","2","","","49","49","1","12","4","120.534234","24.255578","3"
"11200","66000","387130000C","(04)23274275","(04)23288582","2026","1","27","19","33","臺中市","東區","0","0","0","7","","","50","","","","","","","","","","","","","","14","","","","","B03","","","1","","1","","","49","49","1","12","4","120.703714","24.130372","3"
"11201","66000","387130000C","(04)23274275","(04)23288582","2026","1","27","19","33","臺中市","西屯區","0","1","0","7","1","6","50","4","2","1","5","4","6","6","2","1","10","5","5","2","12","3","10","5","4","B03","7","5","1","8","2","6","","84","84","1","13","4","120.606471","24.192869","2"
"11202","66000","387130000C","(04)23274275","(04)23288582","2026","1","27","19","34","臺中市","潭子區","0","0","0","7","","","50","","","","","","","","","","","","","","","","","","","B12","","","1","","2","","","78","78","1","13","4","120.700841","24.210513","3"
"11203","66000","387130000C","(04)23274275","(04)23288582","2026","1","27","19","39","臺中市","南屯區","0","1","0","7","1","6","50","3","1","1","5","4","6","6","4","4","1","4","5","2","16","2","9","1","1","C03","7","5","1","10","2","11","","12","12","1","12","4","120.599853","24.150699","2"
"11204","66000","387130000C","(04)23274275","(04)23288582","2026","1","27","19","41","臺中市","西區","0","1","0","7","1","6","50","11","9","1","5","4","6","6","4","4","8","3","5","2","13","3","10","2","1","C02","7","9","1","9","2","11","12","8","8","1","12","4","120.666951","24.129787","2"
"11205","66000","387130000C","(04)23274275","(04)23288582","2026","1","27","19","55","臺中市","西屯區","0","0","0","7","","","50","","","","","","","","","","","","","","12","","","","","B03","","","1","","1","","","8","8","1","12","4","120.665563","24.17255","4"
"11206","66000","387130000C","(04)23274275","(04)23288582","2026","1","27","19","57","臺中市","西區","0","3","0","7","1","6","50","5","1","1","5","4","6","6","1","1","10","5","5","2","16","2","9","1","1","C03","7","15","1","9","2","13","","84","84","1","6","4","120.672709","24.131601","2"
"11207","66000","387130000C","(04)23274275","(04)23288582","2026","1","27","20","4","臺中市","西區","0","0","0","7","","","30","","","","","","","","","","","","","","12","","","","","B03","","","1","","2","","","8","8","1","13","4","120.666876","24.140084","3"
"11208","66000","387130000C","(04)23274275","(04)23288582","2026","1","27","20","5","臺中市","沙鹿區","0","0","0","6","","","40","","","","","","","","","","","","","","13","","","","","B03","","","1","","2","","","82","82","1","12","4","120.561176","24.234065","4"
"11209","66000","387130000C","(04)23274275","(04)23288582","2026","1","27","20","7","臺中市","烏日區","0","1","0","7","1","6","40","13","8","1","5","4","6","6","4","4","1","4","4","2","17","3","10","5","4","C03","7","15","1","10","2","11","","4","4","1","5","4","120.64758","24.076622","2"
"11210","66000","387130000C","(04)23274275","(04)23288582","2026","1","27","20","10","臺中市","西屯區","0","1","0","7","3","9","0","18","21","4","5","4","6","6","4","4","10","5","5","2","12","3","10","3","1","B03","7","1","1","15","2","1","","51","51","1","13","4","120.641648","24.166937","2"
"11211","66000","387130000C","(04)23274275","(04)23288582","2026","1","27","20","11","臺中市","西屯區","0","0","0","7","","","60","","","","","","","","","","","","","","12","","","","","B03","","","1","","1","","","40","40","1","13","4","120.63485","24.160838","3"
"11212","66000","387130000C","(04)23274275","(04)23288582","2026","1","27","20","11","臺中市","西屯區","0","2","0","7","1","9","30","5","1","1","5","4","6","6","1","1","10","5","5","1","17","2","9","6","1","F01","7","6","7","21","2","11","","48","48","1","12","4","120.659646","24.193451","2"
"11213","66000","387130000C","(04)23274275","(04)23288582","2026","1","27","20","34","臺中市","豐原區","0","0","0","7","","","50","","","","","","","","","","","","","","13","","","","","C03","","","1","","2","","","7","7","1","13","4","120.703123","24.249458","3"
"11214","66000","387130000C","(04)23274275","(04)23288582","2026","1","27","20","36","臺中市","豐原區","0","0","0","7","","","50","","","","","","","","","","","","","","13","","","","","B03","","","1","","2","","","59","59","1","12","4","120.710425","24.250649","3"
"11215","66000","387130000C","(04)23274275","(04)23288582","2026","1","27","20","46","臺中市","南區","0","1","0","7","1","6","50","13","9","1","5","4","6","6","4","4","5","4","5","2","13","3","10","5","4","B03","7","9","1","8","2","5","","84","84","1","12","4","120.683185","24.133499","2"
"11216","66000","387130000C","(04)23274275","(04)23288582","2026","1","27","20","50","臺中市","北屯區","0","1","0","7","2","6","50","4","2","1","5","4","6","6","4","4","5","5","5","2","17","2","9","1","1","C03","7","1","1","10","1","14","","51","51","1","6","4","120.688271","24.177142","2"
"11217","66000","387130000C","(04)23274275","(04)23288582","2026","1","27","20","53","臺中市","太平區","0","2","0","7","1","6","30","3","9","1","5","4","6","6","4","4","10","5","5","2","16","2","9","1","1","C03","7","9","1","10","2","11","","84","84","1","12","4","120.715456","24.146382","2"
"11218","66000","387130000C","(04)23274275","(04)23288582","2026","1","27","20","58","臺中市","豐原區","0","0","0","7","","","30","","","","","","","","","","","","","","14","","","","","B03","","","1","","1","","","85","85","1","12","4","120.717072","24.250553","4"
"11219","66000","387130000C","(04)23274275","(04)23288582","2026","1","27","21","1","臺中市","中區","0","0","0","7","","","50","","","","","","","","","","","","","","12","","","","","B12","","","1","","2","","","8","8","1","13","4","120.679835","24.145027","4"
"11220","66000","387130000C","(04)23274275","(04)23288582","2026","1","27","21","6","臺中市","西屯區","0","0","0","1","","","0","","","","","","","","","","","","","","17","","","","","C03","","","1","","2","","","49","49","1","13","4","120.653441","24.167599","3"
"11221","66000","387130000C","(04)23274275","(04)23288582","2026","1","27","21","7","臺中市","烏日區","0","1","0","6","1","6","30","18","9","1","5","4","6","6","4","4","10","5","5","2","12","2","9","5","4","C03","7","9","1","10","2","12","","59","59","1","13","4","120.602468","24.113138","2"
"11222","66000","387130000C","(04)23274275","(04)23288582","2026","1","27","21","23","臺中市","大里區","0","0","0","7","","","50","","","","","","","","","","","","","","","","","","","C03","","","1","","9","","","82","82","2","12","4","120.689152","24.119018","3"
"11223","66000","387130000C","(04)23274275","(04)23288582","2026","1","27","21","23","臺中市","龍井區","0","2","0","7","1","6","50","4","2","1","5","4","6","6","1","1","3","4","4","2","16","2","9","1","1","C03","7","11","1","10","8","13","","45","45","1","12","4","120.548386","24.204198","2"
"11224","66000","387130000C","(04)23274275","(04)23288582","2026","1","27","21","25","臺中市","北屯區","0","0","0","7","","","30","","","","","","","","","","","","","","14","","","","","B03","","","1","","1","","","49","49","1","6","4","120.66708","24.18582","3"
"11225","66000","387130000C","(04)23274275","(04)23288582","2026","1","27","21","31","臺中市","南屯區","0","0","0","7","","","50","","","","","","","","","","","","","","9","","","","","C03","","","1","","2","","","10","10","1","12","4","120.609801","24.137917","4"
"11226","66000","387130000C","(04)23274275","(04)23288582","2026","1","27","21","31","臺中市","烏日區","0","1","0","7","1","6","50","13","9","1","5","4","6","6","4","4","10","4","5","2","20","2","9","5","4","C03","7","5","1","10","2","11","","84","84","1","12","4","120.616432","24.112333","2"
"11227","66000","387130000C","(04)23274275","(04)23288582","2026","1","27","21","34","臺中市","西屯區","0","0","0","7","","","30","","","","","","","","","","","","","","17","","","","","B02","","","1","","2","","","8","8","1","12","4","120.642744","24.175085","3"
"11228","66000","387130000C","(04)23274275","(04)23288582","2026","1","27","21","40","臺中市","南屯區","0","0","0","7","","","50","","","","","","","","","","","","","","13","","","","","B03","","","1","","1","","","59","59","1","13","4","120.647242","24.153642","3"
"11229","66000","387130000C","(04)23274275","(04)23288582","2026","1","27","21","42","臺中市","大雅區","0","1","0","7","1","6","50","13","7","1","5","4","6","6","4","4","1","4","4","1","17","3","10","3","1","B03","7","1","1","8","2","8","4","51","51","1","12","4","120.650288","24.22151","2"
"11230","66000","387130000C","(04)23274275","(04)23288582","2026","1","27","21","42","臺中市","西區","0","0","0","7","","","50","","","","","","","","","","","","","","13","","","","","C03","","","1","","1","","","7","7","1","13","4","120.660816","24.146701","3"
"11231","66000","387130000C","(04)23274275","(04)23288582","2026","1","27","21","45","臺中市","后里區","0","1","0","7","1","6","50","4","1","1","5","4","6","6","1","1","10","5","5","2","16","3","10","3","1","B03","7","6","1","8","2","5","","11","11","1","10","4","120.706613","24.311555","2"
"11232","66000","387130000C","(04)23274275","(04)23288582","2026","1","27","21","51","臺中市","太平區","0","1","0","7","1","6","50","13","9","1","5","4","6","6","4","4","5","5","5","2","27","2","9","2","1","C03","7","9","1","10","2","11","","84","84","1","12","4","120.72101","24.11388","2"
"11233","66000","387130000C","(04)23274275","(04)23288582","2026","1","27","22","5","臺中市","西區","0","2","0","7","1","6","30","4","1","1","5","4","6","6","4","4","10","5","5","2","17","2","9","5","4","C03","7","9","1","10","2","11","","84","84","1","12","4","120.659692","24.152032","2"
"11234","66000","387130000C","(04)23274275","(04)23288582","2026","1","27","22","11","臺中市","東區","0","1","0","5","1","6","50","4","1","1","4","4","6","6","2","1","5","4","5","2","13","3","10","3","1","B03","7","9","1","8","2","8","","84","84","1","13","4","120.701023","24.144615","2"
"11235","66000","387130000C","(04)23274275","(04)23288582","2026","1","27","22","17","臺中市","太平區","0","1","0","5","1","6","50","4","1","1","4","4","6","6","1","1","10","5","5","2","18","2","9","2","1","C03","7","5","1","10","2","14","","84","84","1","13","4","120.737736","24.131531","2"
"11236","66000","387130000C","(04)23274275","(04)23288582","2026","1","27","22","23","臺中市","東區","0","2","0","7","2","6","50","13","9","1","4","4","6","6","4","4","1","4","5","2","30","2","9","5","4","C03","7","9","1","10","2","14","","59","59","1","12","4","120.710757","24.142321","2"
"11237","66000","387130000C","(04)23274275","(04)23288582","2026","1","27","22","29","臺中市","北屯區","0","2","0","5","1","6","50","4","2","1","4","4","6","6","1","1","1","2","5","2","18","2","9","1","1","C03","7","9","1","10","2","12","","84","84","1","12","4","120.682117","24.179075","2"
"11238","66000","387130000C","(04)23274275","(04)23288582","2026","1","27","22","29","臺中市","西屯區","0","2","0","7","1","6","40","3","1","1","5","4","6","6","2","1","1","4","1","2","3","2","7","5","4","C03","7","9","1","10","2","11","","10","10","1","13","4","120.639098","24.168915","2"
"11239","66000","387130000C","(04)23274275","(04)23288582","2026","1","27","22","32","臺中市","西屯區","0","2","0","7","1","6","50","13","7","1","5","4","6","6","1","1","5","4","4","1","12","2","9","2","1","C03","7","9","1","10","2","13","","85","85","1","12","4","120.662765","24.16365","2"
"11240","66000","387130000C","(04)23274275","(04)23288582","2026","1","27","22","39","臺中市","西屯區","0","0","0","5","","","30","","","","","","","","","","","","","","15","","","","","C03","","","1","","2","","","12","12","1","13","4","120.645627","24.165711","3"
"11241","66000","387130000C","(04)23274275","(04)23288582","2026","1","27","22","44","臺中市","西屯區","0","1","0","7","1","6","50","4","1","1","5","4","6","6","3","1","10","5","5","2","15","3","10","5","1","B03","7","9","1","8","2","2","","24","24","1","13","4","120.625099","24.185638","2"
"11242","66000","387130000C","(04)23274275","(04)23288582","2026","1","27","22","50","臺中市","北屯區","0","0","0","7","","","30","","","","","","","","","","","","","","15","","","","","C03","","","1","","1","","","15","15","1","6","4","120.696876","24.166062","3"
"11243","66000","387130000C","(04)23274275","(04)23288582","2026","1","27","22","57","臺中市","西區","0","0","0","7","","","50","","","","","","","","","","","","","","17","","","","","B03","","","1","","2","","","8","8","1","13","4","120.657757","24.156456","3"
"11244","66000","387130000C","(04)23274275","(04)23288582","2026","1","27","23","7","臺中市","南屯區","0","0","0","7","","","50","","","","","","","","","","","","","","14","","","","","B03","","","1","","2","","","49","49","1","6","4","120.651484","24.142703","3"
"11245","66000","387130000C","(04)23274275","(04)23288582","2026","1","27","23","31","臺中市","大雅區","0","1","0","6","1","6","50","3","2","1","4","4","6","6","3","1","5","5","5","1","18","2","9","2","1","C03","7","9","1","10","2","12","","84","84","1","12","4","120.646878","24.218785","2"
"11246","66000","387130000C","(04)23274275","(04)23288582","2026","1","27","23","37","臺中市","大里區","0","0","0","7","","","50","","","","","","","","","","","","","","24","","","","","B03","","","1","","9","","","85","85","2","12","4","120.683133","24.105447","3"
"11247","66000","387130000C","(04)23274275","(04)23288582","2026","1","28","0","1","臺中市","南屯區","0","2","0","7","1","6","50","4","1","1","5","4","6","6","1","1","10","5","5","2","16","2","9","2","1","C03","7","6","1","10","2","11","","23","23","1","12","4","120.649884","24.146827","2"
"11248","66000","387130000C","(04)23274275","(04)23288582","2026","1","28","0","29","臺中市","太平區","0","0","0","7","","","50","","","","","","","","","","","","","","17","","","","","B03","","","1","","2","","","84","84","1","12","4","120.711205","24.151695","3"
"11249","66000","387130000C","(04)23274275","(04)23288582","2026","1","28","0","38","臺中市","霧峰區","0","0","0","7","","","50","","","","","","","","","","","","","","17","","","","","B03","","","1","8","2","","","84","84","1","13","4","120.697637","24.063869","3"
"11250","66000","387130000C","(04)23274275","(04)23288582","2026","1","28","1","13","臺中市","北區","0","0","0","7","","","50","","","","","","","","","","","","","","13","","","","","B03","","","1","","2","","","84","84","1","13","4","120.691892","24.15993","3"
"11251","66000","387130000C","(04)23274275","(04)23288582","2026","1","28","1","27","臺中市","西區","0","1","0","5","1","6","50","4","2","1","4","4","6","6","2","1","5","4","5","2","18","2","9","2","1","C03","7","6","1","10","2","14","","84","84","1","13","4","120.673552","24.140585","2"
"11252","66000","387130000C","(04)23274275","(04)23288582","2026","1","28","1","30","臺中市","北區","0","0","0","7","","","","","","","","","","","","","","","","","","","","","","","","","","","","","","119","119","1","","","120.684154","24.1554","3"
"11253","66000","387130000C","(04)23274275","(04)23288582","2026","1","28","2","10","臺中市","龍井區","0","0","0","7","","","50","","","","","","","","","","","","","","9","","","","","B03","","","1","","11","","","61","61","1","13","4","120.558606","24.193591","3"
"11254","66000","387130000C","(04)23274275","(04)23288582","2026","1","28","2","15","臺中市","烏日區","0","0","0","5","","","50","","","","","","","","","","","","","","23","","","","","B03","","","1","","2","","","59","59","1","13","4","120.602252","24.107168","3"
"11255","66000","387130000C","(04)23274275","(04)23288582","2026","1","28","3","49","臺中市","東區","0","0","0","6","","","30","","","","","","","","","","","","","","16","","","","","B03","","","1","","2","","","14","14","1","6","4","120.694288","24.132905","3"
"11256","66000","387130000C","(04)23274275","(04)23288582","2026","1","28","4","4","臺中市","豐原區","0","1","0","7","1","6","60","3","1","1","5","4","6","6","1","1","10","5","5","2","17","2","9","5","4","C03","7","11","1","10","2","12","","36","36","1","12","4","120.717306","24.263866","2"
"11257","66000","387130000C","(04)23274275","(04)23288582","2026","1","28","4","53","臺中市","北屯區","0","1","0","7","1","6","50","4","1","1","4","4","6","6","3","1","10","5","5","2","17","2","9","1","1","C03","7","9","1","10","2","14","","84","84","1","12","4","120.691798","24.175147","2"
"11258","66000","387130000C","(04)23274275","(04)23288582","2026","1","28","5","26","臺中市","沙鹿區","0","1","0","7","1","6","50","4","2","1","5","4","6","6","4","4","5","5","4","2","17","2","3","3","1","B03","7","9","1","8","2","5","","84","84","1","12","4","120.562954","24.209684","2"
"11259","66000","387130000C","(04)23274275","(04)23288582","2026","1","28","5","43","臺中市","北區","0","1","0","7","1","6","50","3","4","1","5","4","6","6","2","1","1","4","5","2","17","3","10","3","1","B01","7","5","1","4","2","16","","84","84","1","13","4","120.683622","24.153784","2"
"11260","66000","387130000C","(04)23274275","(04)23288582","2026","1","28","5","57","臺中市","北屯區","0","1","0","7","1","6","50","4","1","1","5","4","6","6","2","1","10","5","5","2","16","3","10","3","1","B03","7","5","1","8","2","2","","47","47","1","12","4","120.702161","24.184643","2"
"11261","66000","387130000C","(04)23274275","(04)23288582","2026","1","28","6","22","臺中市","神岡區","0","1","0","7","1","6","50","13","9","1","5","4","5","6","4","4","9","5","5","1","18","2","9","1","4","C03","7","9","1","10","2","12","","59","59","1","12","4","120.647186","24.257026","2"