序號,縣市別代碼,機關代碼,市話,傳真,年,月,日,時,分,縣市,區,死亡數量,受傷數量,2-30,天候,道路照明設備,道路類別,道路速限,道路型態,事故位置,路面鋪裝,路面狀態,路面缺陷,障礙物,視距,號誌種類,號誌動作,分向設施,快車道或一般車道間,快慢車道間,路面邊線,事故類型及型態,受傷程度,主要傷處,保護裝備,行動電話或功能裝置,當事者區分(類別),車輛用途,當事者行動狀態,駕照狀態,駕照種類,飲酒情形,車輛撞擊部位最初,車輛撞擊部位其他,肇事因素個別,肇事因素主要,肇事逃逸,職業,共享經濟或外送平台,GPS座標X,GPS座標Y,事故類別
"11262","66000","387130000C","(04)23274275","(04)23288582","2026","1","28","6","41","臺中市","南區","0","2","0","7","2","6","40","3","1","1","5","4","6","6","2","1","10","5","5","2","17","2","9","1","1","C03","7","6","1","10","2","13","","48","48","1","12","4","120.656782","24.12416","2"
"11263","66000","387130000C","(04)23274275","(04)23288582","2026","1","28","6","42","臺中市","太平區","0","1","0","7","2","6","50","3","1","1","5","4","6","6","2","1","10","5","5","2","16","3","10","3","1","B03","7","5","1","8","2","5","","47","47","1","12","4","120.730106","24.150964","2"
"11264","66000","387130000C","(04)23274275","(04)23288582","2026","1","28","6","54","臺中市","大里區","0","1","0","6","3","6","60","4","4","1","5","4","6","6","1","1","1","4","4","2","17","2","9","1","1","C03","7","12","1","10","2","12","","82","82","1","12","4","120.674857","24.102931","2"
"11265","66000","387130000C","(04)23274275","(04)23288582","2026","1","28","6","56","臺中市","西屯區","0","0","0","7","","","30","","","","","","","","","","","","","","27","","","","","B03","","","1","","2","","","8","8","1","12","4","120.624515","24.19312","3"
"11266","66000","387130000C","(04)23274275","(04)23288582","2026","1","28","6","56","臺中市","太平區","0","1","0","7","2","6","50","13","9","1","5","4","6","6","4","4","9","5","5","1","17","3","10","3","1","B03","7","1","1","8","6","7","","51","51","1","12","4","120.705767","24.116617","2"
"11267","66000","387130000C","(04)23274275","(04)23288582","2026","1","28","7","3","臺中市","大肚區","0","1","0","7","2","6","30","3","1","1","5","4","6","6","4","4","10","5","5","2","16","2","9","1","1","F01","7","6","7","21","2","11","","11","11","1","2","4","120.572883","24.173638","2"
"11268","66000","387130000C","(04)23274275","(04)23288582","2026","1","28","7","15","臺中市","西屯區","0","0","0","7","","","50","","","","","","","","","","","","","","12","","","","","B03","","","1","","1","","","40","40","1","12","4","120.632211","24.170757","3"
"11269","66000","387130000C","(04)23274275","(04)23288582","2026","1","28","7","15","臺中市","龍井區","0","0","0","7","","","50","","","","","","","","","","","","","","","","","","","C03","","","1","","2","","","7","7","1","12","4","120.573422","24.185409","3"
"11270","66000","387130000C","(04)23274275","(04)23288582","2026","1","28","7","15","臺中市","豐原區","0","1","0","7","1","6","50","13","9","1","5","4","6","6","4","4","1","4","5","1","17","3","10","3","1","B03","7","7","1","8","2","5","","8","8","1","6","4","120.711334","24.250638","2"
"11271","66000","387130000C","(04)23274275","(04)23288582","2026","1","28","7","20","臺中市","西屯區","0","0","0","7","","","50","","","","","","","","","","","","","","14","","","","","B12","","","1","","2","","","84","84","1","12","4","120.622052","24.186343","3"
"11272","66000","387130000C","(04)23274275","(04)23288582","2026","1","28","7","21","臺中市","潭子區","0","1","0","7","3","6","0","4","1","1","5","4","6","6","1","1","5","5","5","1","17","2","8","2","1","C03","7","1","1","10","2","14","","51","51","1","13","4","120.709416","24.202159","2"
"11273","66000","387130000C","(04)23274275","(04)23288582","2026","1","28","7","25","臺中市","東區","0","1","0","7","2","6","50","4","1","1","5","4","6","6","2","1","5","4","4","2","12","3","10","5","4","B03","7","5","1","8","2","2","","11","11","1","13","4","120.705421","24.137639","2"
"11274","66000","387130000C","(04)23274275","(04)23288582","2026","1","28","7","28","臺中市","沙鹿區","0","0","0","7","","","50","","","","","","","","","","","","","","","","","","","C03","","","1","","2","","","7","7","1","6","4","120.561637","24.206665","3"
"11275","66000","387130000C","(04)23274275","(04)23288582","2026","1","28","7","29","臺中市","大里區","0","0","0","7","","3","80","","","","","","","","","","","","","","13","","","","","B03","","","1","","2","","","59","59","1","6","4","120.682995","24.084531","3"
"11276","66000","387130000C","(04)23274275","(04)23288582","2026","1","28","7","29","臺中市","太平區","0","0","0","7","","","50","","","","","","","","","","","","","","13","","","","","B03","","","1","","1","","","7","7","1","12","4","120.713454","24.13337","3"
"11277","66000","387130000C","(04)23274275","(04)23288582","2026","1","28","7","29","臺中市","沙鹿區","0","0","0","7","2","6","60","4","7","1","5","4","6","6","1","1","1","3","4","1","12","","","","","B03","","","1","","1","","","40","40","1","12","4","120.597384","24.249976","3"
"11278","66000","387130000C","(04)23274275","(04)23288582","2026","1","28","7","30","臺中市","西屯區","0","0","0","7","","","50","","","","","","","","","","","","","","12","","","","","B03","","","1","","1","","","8","8","1","12","4","120.594635","24.196119","3"
"11279","66000","387130000C","(04)23274275","(04)23288582","2026","1","28","7","31","臺中市","龍井區","0","1","0","7","2","6","30","13","9","1","5","4","6","6","4","4","10","5","5","2","17","2","8","1","1","C03","7","9","1","10","2","12","","8","8","1","6","4","120.590988","24.182073","2"
"11280","66000","387130000C","(04)23274275","(04)23288582","2026","1","28","7","34","臺中市","太平區","0","0","0","7","","","50","","","","","","","","","","","","","","","","","","","B03","","","1","","10","","","84","84","1","12","4","120.725136","24.116852","3"
"11281","66000","387130000C","(04)23274275","(04)23288582","2026","1","28","7","39","臺中市","東區","0","0","0","7","","","50","","","","","","","","","","","","","","17","","","","","C03","","","1","","1","","","84","84","1","12","4","120.698707","24.127214","3"
"11282","66000","387130000C","(04)23274275","(04)23288582","2026","1","28","7","40","臺中市","大安區","0","0","0","7","","","50","","","","","","","","","","","","","","","","","","","B12","","","1","","1","","","84","84","1","6","4","120.586804","24.34553","3"
"11283","66000","387130000C","(04)23274275","(04)23288582","2026","1","28","7","41","臺中市","潭子區","0","1","0","7","2","6","50","13","9","1","5","4","6","6","4","4","10","4","5","1","12","3","10","3","1","B03","7","9","1","8","2","5","","7","7","1","13","4","120.713561","24.200218","2"
"11284","66000","387130000C","(04)23274275","(04)23288582","2026","1","28","7","44","臺中市","北屯區","0","0","0","7","","","50","","","","","","","","","","","","","","13","","","","","C03","","","1","","1","","","7","7","1","6","4","120.671826","24.174153","4"
"11285","66000","387130000C","(04)23274275","(04)23288582","2026","1","28","7","44","臺中市","清水區","0","0","0","6","","","30","","","","","","","","","","","","","","","","","","","B03","","","1","","2","","","8","8","1","12","4","120.615733","24.292979","3"
"11286","66000","387130000C","(04)23274275","(04)23288582","2026","1","28","7","45","臺中市","潭子區","0","0","0","7","","","50","","","","","","","","","","","","","","","","","","","C03","","","1","","2","","","8","8","1","13","4","120.715354","24.20476","3"
"11287","66000","387130000C","(04)23274275","(04)23288582","2026","1","28","7","45","臺中市","霧峰區","0","1","0","7","2","6","30","13","9","1","5","4","2","6","4","4","9","4","5","1","18","2","9","1","1","C03","7","9","1","10","2","14","","59","59","1","12","4","120.68888","24.014769","2"
"11288","66000","387130000C","(04)23274275","(04)23288582","2026","1","28","7","47","臺中市","外埔區","0","0","0","7","2","6","50","3","1","1","5","4","6","6","4","4","5","5","5","1","13","3","10","1","1","C03","7","5","1","12","2","11","","7","7","1","12","4","120.623502","24.328146","3"
"11289","66000","387130000C","(04)23274275","(04)23288582","2026","1","28","7","47","臺中市","神岡區","0","2","0","7","2","6","50","4","9","1","5","4","6","6","1","1","5","5","5","1","17","2","7","1","1","C03","7","9","1","10","2","11","11","85","85","1","12","4","120.69966","24.251052","2"
"11290","66000","387130000C","(04)23274275","(04)23288582","2026","1","28","7","48","臺中市","豐原區","0","1","0","7","2","6","50","5","1","1","5","4","6","6","1","1","5","5","5","2","18","2","9","5","4","C03","7","9","1","10","2","16","","6","6","1","13","4","120.719394","24.247927","2"
"11291","66000","387130000C","(04)23274275","(04)23288582","2026","1","28","7","50","臺中市","北區","0","1","0","7","3","6","50","18","24","1","5","4","6","6","4","4","9","4","5","2","17","3","10","5","4","B03","7","5","1","8","2","2","","84","84","1","13","4","120.681343","24.156735","2"
"11292","66000","387130000C","(04)23274275","(04)23288582","2026","1","28","7","50","臺中市","西屯區","0","0","0","7","","","40","","","","","","","","","","","","","","13","","","","","C03","","","1","","1","","","7","7","1","12","4","120.625361","24.207021","3"
"11293","66000","387130000C","(04)23274275","(04)23288582","2026","1","28","7","50","臺中市","西屯區","0","0","0","7","","","40","","","","","","","","","","","","","","13","","","","","C03","","","1","","1","","","7","7","1","13","4","120.625581","24.206862","3"
"11294","66000","387130000C","(04)23274275","(04)23288582","2026","1","28","7","50","臺中市","烏日區","0","0","0","7","","","50","","","","","","","","","","","","","","16","","","","","C03","","","1","","2","","","11","11","1","6","4","120.638109","24.107801","4"
"11295","66000","387130000C","(04)23274275","(04)23288582","2026","1","28","7","53","臺中市","太平區","0","2","0","7","2","6","30","4","1","1","5","4","6","6","4","4","10","5","5","2","15","3","10","3","1","B03","7","9","1","8","2","8","","12","12","1","12","4","120.728551","24.155154","2"
"11296","66000","387130000C","(04)23274275","(04)23288582","2026","1","28","7","57","臺中市","大雅區","0","2","0","7","3","6","50","4","1","1","5","4","6","6","1","1","10","5","5","2","17","2","9","2","1","C03","7","9","1","10","2","14","","84","84","1","12","4","120.649219","24.216172","2"
"11297","66000","387130000C","(04)23274275","(04)23288582","2026","1","28","7","58","臺中市","北區","0","0","0","7","","","50","","","","","","","","","","","","","","17","","","","","B03","","","1","","1","","","84","84","1","13","4","120.695215","24.155609","3"
"11298","66000","387130000C","(04)23274275","(04)23288582","2026","1","28","8","0","臺中市","神岡區","0","1","0","7","1","6","30","3","1","1","5","4","6","6","4","4","10","5","5","1","13","2","8","1","4","C03","7","9","1","10","2","11","","7","7","1","12","4","120.69067","24.25431","2"
"11299","66000","387130000C","(04)23274275","(04)23288582","2026","1","28","8","0","臺中市","神岡區","0","1","0","7","2","6","50","5","9","1","5","4","6","6","1","1","10","2","5","2","17","2","9","1","1","C03","7","15","1","10","2","14","14","2","2","1","12","4","120.657081","24.264667","2"
"11300","66000","387130000C","(04)23274275","(04)23288582","2026","1","28","8","1","臺中市","北區","0","0","0","7","","","50","","","","","","","","","","","","","","17","","","","","C03","","","1","","1","","","7","7","1","12","4","120.698346","24.156373","3"
"11301","66000","387130000C","(04)23274275","(04)23288582","2026","1","28","8","2","臺中市","太平區","0","1","0","7","2","6","50","11","9","1","5","4","6","6","4","4","5","4","5","2","18","2","8","1","1","C03","7","5","1","10","2","16","","59","59","1","12","4","120.734192","24.150381","2"
"11302","66000","387130000C","(04)23274275","(04)23288582","2026","1","28","8","4","臺中市","東區","0","2","0","7","2","6","50","4","1","1","5","4","6","6","1","1","10","5","5","2","16","2","7","2","1","C03","7","9","1","9","2","12","","84","84","1","13","4","120.707891","24.146135","2"
"11303","66000","387130000C","(04)23274275","(04)23288582","2026","1","28","8","4","臺中市","太平區","0","0","0","7","","","50","","","","","","","","","","","","","","13","","","","","C03","","","1","","2","","","7","7","1","12","4","120.715956","24.134663","3"
"11304","66000","387130000C","(04)23274275","(04)23288582","2026","1","28","8","5","臺中市","潭子區","0","0","0","7","","","50","","","","","","","","","","","","","","","","","","","B03","","","2","","9","","","84","84","2","13","4","120.707678","24.210259","3"
"11305","66000","387130000C","(04)23274275","(04)23288582","2026","1","28","8","6","臺中市","北屯區","0","0","0","7","","","30","","","","","","","","","","","","","","17","","","","","B03","","","1","","2","","","8","8","1","13","4","120.66612","24.185756","3"
"11306","66000","387130000C","(04)23274275","(04)23288582","2026","1","28","8","12","臺中市","西區","0","0","0","7","","","50","","","","","","","","","","","","","","13","","","","","B03","","","1","","1","","","84","84","1","12","4","120.673503","24.147725","3"
"11307","66000","387130000C","(04)23274275","(04)23288582","2026","1","28","8","12","臺中市","北區","0","1","0","7","2","6","50","5","1","1","5","4","6","6","1","1","10","5","5","2","17","3","10","5","4","B03","7","11","1","8","2","5","","45","45","1","13","4","120.694239","24.153695","2"
"11308","66000","387130000C","(04)23274275","(04)23288582","2026","1","28","8","12","臺中市","石岡區","0","0","0","7","","","50","","","","","","","","","","","","","","16","","","","","B03","","","1","","1","","","11","11","1","12","4","120.791152","24.271874","3"
"11309","66000","387130000C","(04)23274275","(04)23288582","2026","1","28","8","13","臺中市","西區","0","0","0","7","","","50","","","","","","","","","","","","","","13","","","","","C03","","","1","","2","","","7","7","1","13","4","120.657242","24.150853","3"
"11310","66000","387130000C","(04)23274275","(04)23288582","2026","1","28","8","13","臺中市","梧棲區","0","0","0","7","","","40","","","","","","","","","","","","","","13","","","","","B03","","","1","","2","","","59","59","1","12","4","120.537039","24.251347","3"
"11311","66000","387130000C","(04)23274275","(04)23288582","2026","1","28","8","13","臺中市","清水區","0","1","0","6","3","6","50","4","1","1","5","4","6","6","1","1","5","5","5","1","16","2","9","2","1","C02","7","6","1","9","2","11","","11","11","1","12","4","120.547384","24.275359","2"
"11312","66000","387130000C","(04)23274275","(04)23288582","2026","1","28","8","16","臺中市","南屯區","0","0","0","7","","","50","","","","","","","","","","","","","","13","","","","","B03","","","1","","1","","","7","7","1","12","4","120.635735","24.143409","3"
"11313","66000","387130000C","(04)23274275","(04)23288582","2026","1","28","8","19","臺中市","龍井區","0","1","0","7","2","6","50","4","1","1","5","4","6","6","2","1","10","5","5","2","16","3","10","5","4","B03","7","6","3","19","2","8","","11","11","1","12","4","120.574052","24.181428","2"
"11314","66000","387130000C","(04)23274275","(04)23288582","2026","1","28","8","19","臺中市","龍井區","0","0","0","7","","","60","","","","","","","","","","","","","","13","","","","","B03","","","1","","1","","","7","7","1","6","4","120.574052","24.181428","3"
"11315","66000","387130000C","(04)23274275","(04)23288582","2026","1","28","8","20","臺中市","北屯區","0","3","0","7","2","6","50","4","2","1","5","4","6","6","1","1","9","5","5","2","13","2","9","5","4","C03","7","4","1","10","2","14","","59","59","1","12","4","120.686424","24.190484","2"
"11316","66000","387130000C","(04)23274275","(04)23288582","2026","1","28","8","20","臺中市","烏日區","0","1","0","7","2","6","40","4","2","1","5","4","6","6","2","1","3","4","3","2","12","3","10","2","1","C03","7","9","1","10","2","13","12","43","43","1","6","4","120.647993","24.085892","2"
"11317","66000","387130000C","(04)23274275","(04)23288582","2026","1","28","8","22","臺中市","南區","0","0","0","7","","","30","","","","","","","","","","","","","","","","","","","C03","","","1","","2","","","51","51","1","12","4","120.6811","24.127471","3"
"11318","66000","387130000C","(04)23274275","(04)23288582","2026","1","28","8","22","臺中市","大里區","0","2","0","7","2","6","50","4","1","1","5","4","6","6","1","1","5","5","5","2","16","2","8","2","1","C03","7","6","1","10","2","11","","11","11","1","12","4","120.681092","24.114999","2"
"11319","66000","387130000C","(04)23274275","(04)23288582","2026","1","28","8","23","臺中市","太平區","0","0","0","7","","","50","","","","","","","","","","","","","","17","","","","","D01","","","1","","2","","","8","8","1","12","4","120.722898","24.147967","3"
"11320","66000","387130000C","(04)23274275","(04)23288582","2026","1","28","8","23","臺中市","大甲區","0","2","0","7","2","6","50","13","9","1","5","4","6","6","4","4","7","3","5","1","12","2","9","1","1","C03","7","1","1","10","2","14","","51","51","1","12","4","120.62662","24.355584","2"
"11321","66000","387130000C","(04)23274275","(04)23288582","2026","1","28","8","24","臺中市","西區","0","2","0","7","2","6","30","13","9","1","5","4","6","6","4","4","10","5","5","2","17","2","8","1","1","C03","7","11","1","10","2","13","","45","45","1","13","4","120.656429","24.154649","2"
"11322","66000","387130000C","(04)23274275","(04)23288582","2026","1","28","8","27","臺中市","太平區","0","0","0","7","","","50","","","","","","","","","","","","","","","","","","","F01","","","","","","","","86","86","1","","","120.723956","24.155508","3"
"11323","66000","387130000C","(04)23274275","(04)23288582","2026","1","28","8","29","臺中市","東區","0","0","0","7","","","50","","","","","","","","","","","","","","","","","","","B02","","","1","","9","","","8","8","2","6","1","120.704928","24.138248","3"
"11324","66000","387130000C","(04)23274275","(04)23288582","2026","1","28","8","29","臺中市","西屯區","0","2","0","7","2","6","40","4","1","1","5","4","6","6","2","1","10","5","5","2","13","2","9","1","1","C03","7","9","1","10","2","11","","7","7","1","12","4","120.656188","24.159238","2"
"11325","66000","387130000C","(04)23274275","(04)23288582","2026","1","28","8","30","臺中市","西屯區","0","1","0","7","2","6","50","4","1","1","5","4","6","6","4","4","10","5","5","2","18","2","8","1","1","C03","7","9","1","10","2","12","11","84","84","1","12","4","120.633535","24.182463","2"
"11326","66000","387130000C","(04)23274275","(04)23288582","2026","1","28","8","30","臺中市","太平區","0","1","0","7","2","6","50","13","9","1","5","4","6","6","4","4","1","4","5","2","13","3","10","3","1","B03","7","9","1","8","2","1","","7","7","1","12","4","120.713114","24.146857","2"
"11327","66000","387130000C","(04)23274275","(04)23288582","2026","1","28","8","32","臺中市","豐原區","0","1","0","7","2","6","50","13","8","1","5","4","6","6","4","4","10","5","4","2","18","2","8","1","1","C03","7","9","1","10","2","12","","84","84","1","12","4","120.715128","24.248075","2"
"11328","66000","387130000C","(04)23274275","(04)23288582","2026","1","28","8","34","臺中市","霧峰區","0","0","0","7","","","50","","","","","","","","","","","","","","17","","","","","A12","","","1","","2","","","76","76","1","7","4","120.664385","24.059955","3"
"11329","66000","387130000C","(04)23274275","(04)23288582","2026","1","28","8","35","臺中市","豐原區","0","1","0","7","1","6","50","3","2","1","5","4","6","6","4","4","5","4","4","2","18","2","9","1","1","C03","7","9","1","10","2","11","","84","84","1","6","4","120.724466","24.246746","2"
"11330","66000","387130000C","(04)23274275","(04)23288582","2026","1","28","8","37","臺中市","西屯區","0","1","0","7","2","6","40","13","8","1","5","4","6","6","4","4","1","5","1","2","16","3","10","3","1","B03","7","5","1","8","2","5","","84","84","1","12","4","120.606682","24.183893","2"
"11331","66000","387130000C","(04)23274275","(04)23288582","2026","1","28","8","38","臺中市","龍井區","0","2","0","7","2","6","30","4","1","1","5","4","6","6","4","4","10","5","5","2","15","2","9","5","4","C03","7","9","1","10","2","11","","12","12","1","6","4","120.586433","24.180636","2"
"11332","66000","387130000C","(04)23274275","(04)23288582","2026","1","28","8","39","臺中市","北區","0","0","0","7","","","50","","","","","","","","","","","","","","13","","","","","C03","","","1","","2","","","84","84","1","13","4","120.670504","24.165181","3"
"11333","66000","387130000C","(04)23274275","(04)23288582","2026","1","28","8","39","臺中市","南區","0","2","0","7","2","6","50","4","2","1","5","4","6","6","2","1","1","4","5","2","12","2","8","5","4","C03","7","9","1","10","2","12","","8","8","1","13","4","120.662421","24.127304","2"
"11334","66000","387130000C","(04)23274275","(04)23288582","2026","1","28","8","40","臺中市","西屯區","0","0","0","7","","","50","","","","","","","","","","","","","","13","","","","","A11","","","1","","1","","","7","7","1","12","4","120.615686","24.189484","3"
"11335","66000","387130000C","(04)23274275","(04)23288582","2026","1","28","8","42","臺中市","梧棲區","0","1","0","7","2","6","50","13","12","1","5","4","6","6","4","4","5","4","4","2","17","3","10","3","1","B03","7","1","1","8","2","8","","51","51","1","12","4","120.532569","24.259693","2"
"11336","66000","387130000C","(04)23274275","(04)23288582","2026","1","28","8","45","臺中市","烏日區","0","0","0","7","","","50","","","","","","","","","","","","","","13","","","","","B03","","","1","","1","","","84","84","1","6","4","120.650401","24.09367","3"
"11337","66000","387130000C","(04)23274275","(04)23288582","2026","1","28","8","45","臺中市","烏日區","0","0","0","7","2","6","50","13","9","1","5","4","6","6","4","4","10","5","5","2","14","","","","","A11","","","1","","2","","","49","49","1","6","4","120.645748","24.109816","3"
"11338","66000","387130000C","(04)23274275","(04)23288582","2026","1","28","8","46","臺中市","南區","0","0","0","7","","","50","","","","","","","","","","","","","","17","","","","","B03","","","1","","2","","","8","8","1","12","4","120.680612","24.120772","3"
"11339","66000","387130000C","(04)23274275","(04)23288582","2026","1","28","8","47","臺中市","北屯區","0","0","0","7","","","40","","","","","","","","","","","","","","9","","","","","B03","","","1","","1","","","50","50","1","12","4","120.725031","24.158439","3"
"11340","66000","387130000C","(04)23274275","(04)23288582","2026","1","28","8","50","臺中市","烏日區","0","0","0","7","","","50","","","","","","","","","","","","","","13","","","","","B03","","","1","","2","","","85","85","1","6","4","120.624607","24.104165","3"
"11341","66000","387130000C","(04)23274275","(04)23288582","2026","1","28","8","53","臺中市","大雅區","0","0","0","7","","","50","","","","","","","","","","","","","","13","","","","","B03","","","1","","1","","","7","7","1","12","4","120.655193","24.229695","3"
"11342","66000","387130000C","(04)23274275","(04)23288582","2026","1","28","8","53","臺中市","太平區","0","0","0","7","","","50","","","","","","","","","","","","","","","","","","","B03","","","1","","2","","","45","45","1","12","4","120.715928","24.148832","3"
"11343","66000","387130000C","(04)23274275","(04)23288582","2026","1","28","8","54","臺中市","西區","0","0","0","7","","","50","","","","","","","","","","","","","","13","","","","","C03","","","1","","1","","","7","7","1","13","4","120.657847","24.157917","3"
"11344","66000","387130000C","(04)23274275","(04)23288582","2026","1","28","8","55","臺中市","霧峰區","0","1","0","7","3","6","30","4","2","1","5","4","6","6","4","4","10","5","5","2","16","3","10","1","1","C03","7","9","1","10","2","11","","58","58","1","6","4","120.686807","24.054118","2"
"11345","66000","387130000C","(04)23274275","(04)23288582","2026","1","28","8","55","臺中市","烏日區","0","1","0","7","2","6","50","4","1","1","5","4","6","6","2","1","1","4","1","2","13","3","10","2","1","C03","7","9","1","10","2","11","","7","7","1","6","4","120.607506","24.11184","2"
"11346","66000","387130000C","(04)23274275","(04)23288582","2026","1","28","8","56","臺中市","大甲區","0","3","0","7","1","6","60","5","1","1","5","4","6","6","1","1","5","4","5","1","12","2","9","1","1","C03","7","5","1","10","2","12","","47","47","1","12","4","120.629511","24.345139","2"
"11347","66000","387130000C","(04)23274275","(04)23288582","2026","1","28","8","57","臺中市","南區","0","1","0","7","3","6","50","3","1","1","5","4","6","6","3","1","10","5","5","2","18","2","9","2","1","C03","7","9","1","10","2","12","","6","6","1","13","4","120.666357","24.112564","2"
"11348","66000","387130000C","(04)23274275","(04)23288582","2026","1","28","9","0","臺中市","南屯區","0","0","0","7","","","50","","","","","","","","","","","","","","17","","","","","B03","","","1","","1","","","50","50","1","13","4","120.615004","24.150054","3"
"11349","66000","387130000C","(04)23274275","(04)23288582","2026","1","28","9","2","臺中市","西區","0","2","0","7","3","6","40","3","1","1","5","4","6","6","1","1","5","4","5","2","15","2","8","1","1","C03","7","9","1","10","2","11","","15","15","1","13","4","120.669059","24.140423","2"
"11350","66000","387130000C","(04)23274275","(04)23288582","2026","1","28","9","7","臺中市","西區","0","1","0","7","2","6","50","4","1","1","5","4","6","6","1","1","10","5","5","2","16","2","9","1","1","C03","7","9","1","10","2","11","","84","84","1","12","4","120.678702","24.14327","2"
"11351","66000","387130000C","(04)23274275","(04)23288582","2026","1","28","9","8","臺中市","東區","0","1","0","7","2","6","50","4","1","1","5","4","6","6","1","1","10","5","5","2","16","3","10","3","1","B03","7","5","1","8","2","2","","47","47","1","12","4","120.699868","24.13913","2"
"11352","66000","387130000C","(04)23274275","(04)23288582","2026","1","28","9","10","臺中市","南區","0","0","0","7","","","40","","","","","","","","","","","","","","","","","","","B03","","","1","","1","","","84","84","1","12","4","120.682498","24.128672","3"
"11353","66000","387130000C","(04)23274275","(04)23288582","2026","1","28","9","11","臺中市","西屯區","0","0","0","7","","","50","","","","","","","","","","","","","","12","","","","","B12","","","1","","1","","","40","40","1","13","4","120.61841","24.187955","3"
"11354","66000","387130000C","(04)23274275","(04)23288582","2026","1","28","9","14","臺中市","西區","0","1","0","7","2","6","50","4","1","1","5","4","6","6","4","4","5","5","5","2","16","2","9","1","1","C03","7","6","1","10","2","12","","11","11","1","13","4","120.670242","24.146352","2"
"11355","66000","387130000C","(04)23274275","(04)23288582","2026","1","28","9","15","臺中市","沙鹿區","0","0","0","7","","","50","","","","","","","","","","","","","","17","","","","","B03","","","1","","11","","","85","85","1","6","4","120.56162","24.236185","4"
"11356","66000","387130000C","(04)23274275","(04)23288582","2026","1","28","9","16","臺中市","潭子區","0","0","0","7","","","0","","","","","","","","","","","","","","","","","","","B03","","","1","","2","","","49","49","1","13","4","120.700792","24.213221","3"
"11357","66000","387130000C","(04)23274275","(04)23288582","2026","1","28","9","18","臺中市","西屯區","0","0","0","7","","","50","","","","","","","","","","","","","","13","","","","","C03","","","1","","1","","","7","7","1","12","4","120.634645","24.179849","3"
"11358","66000","387130000C","(04)23274275","(04)23288582","2026","1","28","9","19","臺中市","西屯區","0","0","0","7","","","40","","","","","","","","","","","","","","12","","","","","B03","","","1","","1","","","40","40","1","12","4","120.632383","24.161683","3"
"11359","66000","387130000C","(04)23274275","(04)23288582","2026","1","28","9","20","臺中市","北區","0","0","0","7","","","50","","","","","","","","","","","","","","17","","","","","B13","","","6","","1","","","85","85","1","13","4","120.682781","24.15528","4"
"11360","66000","387130000C","(04)23274275","(04)23288582","2026","1","28","9","20","臺中市","太平區","0","0","0","7","","","50","","","","","","","","","","","","","","16","","","","","B12","","","1","","1","","","47","47","1","12","4","120.709737","24.135079","3"
"11361","66000","387130000C","(04)23274275","(04)23288582","2026","1","28","9","20","臺中市","太平區","0","2","0","7","2","6","30","4","1","1","5","4","6","6","4","4","10","5","5","2","15","2","9","2","1","C03","7","9","1","10","2","11","","15","15","1","13","4","120.705662","24.158942","2"
"11362","66000","387130000C","(04)23274275","(04)23288582","2026","1","28","9","20","臺中市","烏日區","0","1","0","7","2","6","50","13","9","1","5","4","6","6","4","4","5","5","5","1","13","3","10","1","1","C03","7","9","1","10","2","11","","84","84","1","6","4","120.622332","24.107964","2"
"11363","66000","387130000C","(04)23274275","(04)23288582","2026","1","28","9","21","臺中市","北區","0","2","0","7","2","6","50","13","9","1","5","4","6","6","2","1","5","5","5","2","17","2","9","1","1","C03","7","6","1","10","2","14","","34","34","1","12","4","120.685529","24.155883","2"
"11364","66000","387130000C","(04)23274275","(04)23288582","2026","1","28","9","22","臺中市","大里區","0","0","0","7","","","50","","","","","","","","","","","","","","17","","","","","C03","","","1","","2","","","84","84","1","12","4","120.689765","24.113174","3"
"11365","66000","387130000C","(04)23274275","(04)23288582","2026","1","28","9","23","臺中市","西屯區","0","0","0","7","","","60","","","","","","","","","","","","","","13","","","","","B03","","","1","","1","","","59","59","1","12","4","120.649988","24.162489","3"
"11366","66000","387130000C","(04)23274275","(04)23288582","2026","1","28","9","24","臺中市","清水區","0","1","0","7","3","6","30","4","1","1","5","4","6","6","4","4","9","4","5","1","15","2","9","2","1","C03","7","9","1","10","2","11","","15","15","1","12","4","120.548088","24.273363","2"
"11367","66000","387130000C","(04)23274275","(04)23288582","2026","1","28","9","25","臺中市","霧峰區","0","1","0","7","2","6","30","13","9","1","5","4","6","6","4","4","10","5","5","1","17","3","10","3","1","B03","7","6","1","8","2","1","","84","84","1","12","4","120.669346","24.077994","2"
"11368","66000","387130000C","(04)23274275","(04)23288582","2026","1","28","9","28","臺中市","東區","0","2","0","7","2","6","50","4","9","1","5","4","6","6","2","1","1","4","5","2","13","2","8","5","4","C03","7","9","1","10","2","11","","7","7","1","13","4","120.695425","24.141533","2"
"11369","66000","387130000C","(04)23274275","(04)23288582","2026","1","28","9","30","臺中市","南區","0","1","0","7","2","6","50","4","1","1","5","4","6","6","1","1","9","5","5","2","17","2","8","1","1","C03","7","6","5","10","2","14","","48","48","1","12","4","120.675143","24.124458","2"
"11370","66000","387130000C","(04)23274275","(04)23288582","2026","1","28","9","31","臺中市","大甲區","0","1","0","7","2","6","50","4","9","1","5","4","6","6","4","4","7","3","5","1","11","3","10","1","1","C03","7","9","1","10","2","14","","12","12","1","12","4","120.617967","24.346794","2"
"11371","66000","387130000C","(04)23274275","(04)23288582","2026","1","28","9","35","臺中市","北屯區","0","1","0","7","2","6","50","13","7","1","5","4","6","6","4","4","1","4","4","2","12","3","10","3","1","B03","7","7","1","8","2","15","","85","85","1","6","4","120.716119","24.163763","2"