序號,縣市別代碼,機關代碼,市話,傳真,年,月,日,時,分,縣市,區,死亡數量,受傷數量,2-30,天候,道路照明設備,道路類別,道路速限,道路型態,事故位置,路面鋪裝,路面狀態,路面缺陷,障礙物,視距,號誌種類,號誌動作,分向設施,快車道或一般車道間,快慢車道間,路面邊線,事故類型及型態,受傷程度,主要傷處,保護裝備,行動電話或功能裝置,當事者區分(類別),車輛用途,當事者行動狀態,駕照狀態,駕照種類,飲酒情形,車輛撞擊部位最初,車輛撞擊部位其他,肇事因素個別,肇事因素主要,肇事逃逸,職業,共享經濟或外送平台,GPS座標X,GPS座標Y,事故類別
"11372","66000","387130000C","(04)23274275","(04)23288582","2026","1","28","9","36","臺中市","大里區","0","0","0","7","2","3","80","13","9","1","5","4","6","6","4","4","1","3","5","1","13","","","","","B03","","","1","","1","","","7","7","1","13","4","120.682555","24.078193","3"
"11373","66000","387130000C","(04)23274275","(04)23288582","2026","1","28","9","40","臺中市","南區","0","1","0","7","2","6","50","4","2","1","5","4","6","6","1","1","10","5","5","2","13","2","9","2","1","C03","7","9","1","2","2","11","","7","7","1","13","4","120.676498","24.13166","2"
"11374","66000","387130000C","(04)23274275","(04)23288582","2026","1","28","9","40","臺中市","沙鹿區","0","1","0","7","2","6","50","3","7","1","5","4","6","6","3","1","4","3","4","2","16","2","3","1","3","C03","7","1","3","19","2","11","","51","51","1","12","4","120.566022","24.234447","2"
"11375","66000","387130000C","(04)23274275","(04)23288582","2026","1","28","9","50","臺中市","南屯區","0","1","0","7","2","6","30","11","9","1","5","4","6","6","4","4","10","5","5","2","11","3","10","3","1","B03","7","6","1","8","2","7","","41","41","1","12","4","120.611235","24.158676","2"
"11376","66000","387130000C","(04)23274275","(04)23288582","2026","1","28","9","51","臺中市","豐原區","0","1","0","7","2","6","50","13","9","1","5","4","3","6","4","4","5","2","5","2","12","2","8","5","4","C03","7","8","1","10","2","15","","35","35","1","13","4","120.712469","24.241993","2"
"11377","66000","387130000C","(04)23274275","(04)23288582","2026","1","28","9","56","臺中市","北區","0","1","0","7","3","6","50","18","24","1","5","4","6","6","4","4","7","5","5","2","17","3","10","5","4","B03","7","9","1","8","2","2","","39","39","1","13","4","120.672948","24.145599","2"
"11378","66000","387130000C","(04)23274275","(04)23288582","2026","1","28","9","57","臺中市","后里區","0","0","0","7","2","6","30","4","2","1","5","4","6","6","3","1","10","5","5","2","18","3","10","3","1","B03","7","5","1","8","2","10","","59","59","1","12","4","120.690865","24.307975","3"
"11379","66000","387130000C","(04)23274275","(04)23288582","2026","1","28","9","58","臺中市","南屯區","0","2","0","7","3","6","50","4","1","1","5","4","6","6","4","4","5","5","4","2","15","2","8","2","1","C03","7","9","1","10","2","14","","12","12","1","13","4","120.653921","24.143871","2"
"11380","66000","387130000C","(04)23274275","(04)23288582","2026","1","28","9","58","臺中市","沙鹿區","0","1","0","7","2","6","50","3","1","1","5","4","6","6","1","1","10","5","5","2","17","3","10","1","1","C03","7","1","1","10","2","14","","85","85","1","12","4","120.570754","24.215475","2"
"11381","66000","387130000C","(04)23274275","(04)23288582","2026","1","28","10","0","臺中市","北區","0","0","0","7","","","50","","","","","","","","","","","","","","13","","","","","C03","","","1","","1","","","84","84","1","13","4","120.674561","24.173545","3"
"11382","66000","387130000C","(04)23274275","(04)23288582","2026","1","28","10","3","臺中市","梧棲區","0","1","0","7","2","6","50","3","1","1","5","4","6","6","4","4","10","5","5","2","17","3","10","3","1","B03","7","5","1","8","2","1","","14","14","1","12","4","120.537098","24.248482","2"
"11383","66000","387130000C","(04)23274275","(04)23288582","2026","1","28","10","6","臺中市","太平區","0","1","0","7","2","6","50","4","1","1","5","4","6","6","1","1","10","5","5","2","16","3","10","3","1","B12","7","5","1","8","2","6","","85","85","1","12","4","120.722378","24.112677","2"
"11384","66000","387130000C","(04)23274275","(04)23288582","2026","1","28","10","13","臺中市","霧峰區","0","0","0","7","","","30","","","","","","","","","","","","","","17","","","","","B03","","","1","","2","","","8","8","1","6","4","120.666335","24.03752","3"
"11385","66000","387130000C","(04)23274275","(04)23288582","2026","1","28","10","13","臺中市","豐原區","0","0","0","7","","","50","","","","","","","","","","","","","","13","","","","","B03","","","1","","2","","","7","7","1","12","4","120.70324","24.23821","3"
"11386","66000","387130000C","(04)23274275","(04)23288582","2026","1","28","10","14","臺中市","烏日區","0","1","0","7","2","6","50","3","2","1","5","4","6","6","4","4","9","5","5","2","16","3","10","3","1","B03","7","1","1","8","2","4","","51","51","1","6","4","120.589661","24.111476","2"
"11387","66000","387130000C","(04)23274275","(04)23288582","2026","1","28","10","15","臺中市","西屯區","0","0","0","7","","","50","","","","","","","","","","","","","","17","","","","","B03","","","1","","2","","","51","51","1","12","4","120.62197","24.177633","3"
"11388","66000","387130000C","(04)23274275","(04)23288582","2026","1","28","10","15","臺中市","龍井區","0","1","0","7","2","6","30","5","1","1","5","4","6","6","4","4","10","5","5","2","18","3","10","1","1","F03","7","9","7","21","2","16","","82","82","1","6","4","120.575909","24.183255","2"
"11389","66000","387130000C","(04)23274275","(04)23288582","2026","1","28","10","16","臺中市","南屯區","0","1","0","7","2","6","50","13","8","1","5","4","6","6","4","4","9","4","1","2","13","2","9","1","1","C03","7","8","1","10","2","11","","40","40","1","12","4","120.623681","24.150031","2"
"11390","66000","387130000C","(04)23274275","(04)23288582","2026","1","28","10","16","臺中市","北屯區","0","0","0","7","","","50","","","","","","","","","","","","","","","","","","","B03","","","1","","1","","","84","84","1","13","4","120.676388","24.180731","3"
"11391","66000","387130000C","(04)23274275","(04)23288582","2026","1","28","10","16","臺中市","西屯區","0","0","0","7","","","50","","","","","","","","","","","","","","12","","","","","A04","","","1","","2","","","8","8","1","12","4","120.664099","24.172612","3"
"11392","66000","387130000C","(04)23274275","(04)23288582","2026","1","28","10","20","臺中市","烏日區","0","1","0","7","2","6","70","3","1","1","5","4","6","6","2","1","1","4","4","1","16","3","10","3","1","B03","7","5","1","8","2","2","","11","11","1","6","4","120.598171","24.111299","2"
"11393","66000","387130000C","(04)23274275","(04)23288582","2026","1","28","10","23","臺中市","潭子區","0","0","0","7","","","60","","","","","","","","","","","","","","13","","","","","B03","","","1","","2","","","59","59","1","13","4","120.703988","24.202538","3"
"11394","66000","387130000C","(04)23274275","(04)23288582","2026","1","28","10","23","臺中市","沙鹿區","0","0","0","7","","","60","","","","","","","","","","","","","","","","","","","B12","","","1","","2","","","82","82","1","6","4","120.58284","24.249945","3"
"11395","66000","387130000C","(04)23274275","(04)23288582","2026","1","28","10","24","臺中市","西屯區","0","0","0","7","","","50","","","","","","","","","","","","","","11","","","","","B03","","","1","","9","","","8","8","1","13","4","120.647594","24.159514","3"
"11396","66000","387130000C","(04)23274275","(04)23288582","2026","1","28","10","26","臺中市","潭子區","0","0","0","7","","","0","","","","","","","","","","","","","","","","","","","B13","","","1","","9","","","84","84","1","13","4","120.704159","24.200256","3"
"11397","66000","387130000C","(04)23274275","(04)23288582","2026","1","28","10","26","臺中市","西區","0","0","0","7","","","50","","","","","","","","","","","","","","12","","","","","B03","","","1","","1","","","35","35","1","13","4","120.672901","24.13605","3"
"11398","66000","387130000C","(04)23274275","(04)23288582","2026","1","28","10","26","臺中市","東區","0","0","0","7","","","30","","","","","","","","","","","","","","","","","","","A12","","","1","","1","","","51","51","1","12","4","120.70893","24.147323","3"
"11399","66000","387130000C","(04)23274275","(04)23288582","2026","1","28","10","26","臺中市","龍井區","0","0","0","7","","","60","","","","","","","","","","","","","","13","","","","","B03","","","1","","1","","","7","7","1","6","4","120.573422","24.185409","3"
"11400","66000","387130000C","(04)23274275","(04)23288582","2026","1","28","10","27","臺中市","西屯區","0","1","0","7","2","6","40","13","8","1","5","4","6","6","4","4","1","4","4","2","13","2","9","1","1","C03","7","9","3","19","2","11","","59","59","1","12","4","120.658347","24.195001","2"
"11401","66000","387130000C","(04)23274275","(04)23288582","2026","1","28","10","27","臺中市","西屯區","0","0","0","7","","","50","","","","","","","","","","","","","","14","","","","","B12","","","1","","1","","","49","49","1","12","4","120.623665","24.176873","3"
"11402","66000","387130000C","(04)23274275","(04)23288582","2026","1","28","10","30","臺中市","西屯區","0","0","0","7","","","40","","","","","","","","","","","","","","16","","","","","C03","","","1","","2","","","48","48","1","12","4","120.590754","24.170774","3"
"11403","66000","387130000C","(04)23274275","(04)23288582","2026","1","28","10","31","臺中市","太平區","0","1","0","7","2","6","50","3","1","1","5","4","6","6","3","1","10","5","5","1","13","3","10","3","1","B03","7","5","1","8","2","5","","84","84","1","12","4","120.717608","24.125514","2"
"11404","66000","387130000C","(04)23274275","(04)23288582","2026","1","28","10","33","臺中市","西區","0","2","0","7","3","6","50","3","2","1","5","4","6","6","4","4","5","4","5","2","13","2","9","1","1","C03","7","5","3","19","2","11","","84","84","1","13","4","120.663128","24.14306","2"
"11405","66000","387130000C","(04)23274275","(04)23288582","2026","1","28","10","40","臺中市","大里區","0","0","0","7","","","50","","","","","","","","","","","","","","15","","","","","A41","","","1","","2","","","49","49","1","6","4","120.71992","24.093349","3"
"11406","66000","387130000C","(04)23274275","(04)23288582","2026","1","28","10","44","臺中市","東區","0","1","0","7","2","6","40","13","7","1","5","4","3","3","4","4","5","4","4","2","17","3","10","5","4","B03","7","1","1","8","2","4","","51","51","1","13","4","120.680277","24.128887","2"
"11407","66000","387130000C","(04)23274275","(04)23288582","2026","1","28","10","45","臺中市","大里區","0","0","0","7","","","50","","","","","","","","","","","","","","","","","","","C03","","","1","","2","","","62","62","1","12","4","120.681453","24.105934","3"
"11408","66000","387130000C","(04)23274275","(04)23288582","2026","1","28","10","46","臺中市","清水區","0","1","0","7","3","6","50","4","1","1","5","4","6","6","2","1","1","4","5","1","15","2","9","2","1","C03","7","9","1","10","2","12","","21","21","1","12","4","120.564149","24.277065","2"
"11409","66000","387130000C","(04)23274275","(04)23288582","2026","1","28","10","48","臺中市","西屯區","0","0","0","7","","","50","","","","","","","","","","","","","","16","","","","","C03","","","1","","2","","","7","7","1","12","4","120.606566","24.192214","3"
"11410","66000","387130000C","(04)23274275","(04)23288582","2026","1","28","10","49","臺中市","太平區","0","2","0","7","2","6","40","4","1","1","5","4","6","6","1","1","10","5","5","2","13","2","9","2","1","C03","7","9","5","19","4","11","","7","7","1","13","4","120.721839","24.149113","2"
"11411","66000","387130000C","(04)23274275","(04)23288582","2026","1","28","10","53","臺中市","西屯區","0","0","0","7","","","50","","","","","","","","","","","","","","13","","","","","B03","","","1","","1","","","59","59","1","12","4","120.604227","24.185258","3"
"11412","66000","387130000C","(04)23274275","(04)23288582","2026","1","28","10","57","臺中市","烏日區","0","0","0","7","2","6","50","4","7","1","5","4","6","6","2","1","3","4","4","1","13","","","","","B12","","","1","","1","","","7","7","1","6","4","120.597998","24.111369","3"
"11413","66000","387130000C","(04)23274275","(04)23288582","2026","1","28","11","0","臺中市","南屯區","0","0","0","7","","","40","","","","","","","","","","","","","","17","","","","","B12","","","1","","2","","","50","50","1","13","4","120.636902","24.14429","3"
"11414","66000","387130000C","(04)23274275","(04)23288582","2026","1","28","11","0","臺中市","霧峰區","0","1","0","7","2","6","30","13","9","1","5","4","6","6","1","1","10","5","5","1","17","3","10","3","1","B03","7","14","1","8","2","1","","82","82","1","12","4","120.695385","24.059748","2"
"11415","66000","387130000C","(04)23274275","(04)23288582","2026","1","28","11","1","臺中市","西區","0","0","0","7","","","50","","","","","","","","","","","","","","13","","","","","B03","","","1","","1","","","84","84","1","12","4","120.67928","24.139757","3"
"11416","66000","387130000C","(04)23274275","(04)23288582","2026","1","28","11","5","臺中市","豐原區","0","1","0","7","2","6","50","3","1","1","5","4","6","6","4","4","10","5","4","2","16","2","8","1","1","C03","7","6","1","10","9","13","","14","14","1","12","4","120.714875","24.251229","2"
"11417","66000","387130000C","(04)23274275","(04)23288582","2026","1","28","11","7","臺中市","西屯區","0","0","0","7","","","50","","","","","","","","","","","","","","30","","","","","A12","","","1","","2","","","84","84","1","13","4","120.644333","24.174514","3"
"11418","66000","387130000C","(04)23274275","(04)23288582","2026","1","28","11","9","臺中市","太平區","0","0","0","7","","","50","","","","","","","","","","","","","","","","","","","C03","","","1","","2","","","7","7","1","12","4","120.722099","24.119383","3"
"11419","66000","387130000C","(04)23274275","(04)23288582","2026","1","28","11","10","臺中市","豐原區","0","0","0","7","","","30","","","","","","","","","","","","","","17","","","","","C03","","","1","","2","","","7","7","1","6","4","120.736706","24.259347","3"
"11420","66000","387130000C","(04)23274275","(04)23288582","2026","1","28","11","11","臺中市","南區","0","1","0","7","2","6","50","4","1","1","5","4","6","6","1","1","9","4","4","2","17","2","9","1","1","C03","7","8","1","10","2","13","","8","8","1","12","4","120.678604","24.128317","2"
"11421","66000","387130000C","(04)23274275","(04)23288582","2026","1","28","11","11","臺中市","北屯區","0","1","0","7","2","6","40","4","1","1","5","4","6","6","2","1","10","5","5","2","13","3","10","1","1","C03","7","9","1","10","2","11","","84","84","1","6","4","120.685577","24.174551","2"
"11422","66000","387130000C","(04)23274275","(04)23288582","2026","1","28","11","13","臺中市","大里區","0","1","0","7","2","6","50","4","1","1","5","4","6","6","1","1","5","5","4","2","16","3","10","1","1","C03","7","6","1","10","2","14","","48","48","1","13","4","120.689577","24.106329","2"
"11423","66000","387130000C","(04)23274275","(04)23288582","2026","1","28","11","15","臺中市","大雅區","0","0","0","7","3","6","50","13","9","1","5","4","6","6","4","4","10","5","5","2","14","3","10","3","1","B03","7","2","1","10","1","3","","7","7","1","12","4","120.673324","24.235843","3"
"11424","66000","387130000C","(04)23274275","(04)23288582","2026","1","28","11","16","臺中市","石岡區","0","2","0","7","2","6","50","4","1","1","5","4","6","6","4","4","10","5","5","2","12","3","10","3","1","B03","7","9","1","8","2","2","","7","7","1","12","4","120.772203","24.277578","2"
"11425","66000","387130000C","(04)23274275","(04)23288582","2026","1","28","11","17","臺中市","大甲區","0","0","0","7","","","50","","","","","","","","","","","","","","","","","","","B03","","","1","","1","","","8","8","1","6","4","120.625024","24.349223","3"
"11426","66000","387130000C","(04)23274275","(04)23288582","2026","1","28","11","18","臺中市","北區","0","0","0","7","","","50","","","","","","","","","","","","","","16","","","","","C03","","","1","","1","","","11","11","1","13","4","120.676697","24.160497","3"
"11427","66000","387130000C","(04)23274275","(04)23288582","2026","1","28","11","20","臺中市","南區","0","2","0","7","2","6","50","4","1","1","5","4","6","6","4","4","10","5","5","2","15","2","9","2","1","C03","7","9","1","10","2","11","","15","15","1","13","4","120.660901","24.128038","2"
"11428","66000","387130000C","(04)23274275","(04)23288582","2026","1","28","11","20","臺中市","西屯區","0","2","0","7","2","6","40","3","1","1","5","4","6","6","4","4","1","5","1","2","13","2","9","1","1","C03","7","9","1","10","2","11","","7","7","1","12","4","120.607786","24.1838","2"
"11429","66000","387130000C","(04)23274275","(04)23288582","2026","1","28","11","20","臺中市","烏日區","0","0","0","7","","","50","","","","","","","","","","","","","","9","","","","","B03","","","1","","1","","","50","50","1","6","4","120.641593","24.109806","4"
"11430","66000","387130000C","(04)23274275","(04)23288582","2026","1","28","11","25","臺中市","北區","0","2","0","7","3","6","50","18","24","1","5","4","6","6","4","4","10","5","5","2","17","2","9","5","4","C03","7","11","1","10","2","12","","45","45","1","13","4","120.677962","24.155907","2"
"11431","66000","387130000C","(04)23274275","(04)23288582","2026","1","28","11","26","臺中市","西屯區","0","1","0","7","2","6","50","3","8","1","5","4","6","6","1","1","1","2","1","2","13","3","10","3","1","B02","7","9","1","8","1","1","","7","7","1","12","4","120.628917","24.163394","2"
"11432","66000","387130000C","(04)23274275","(04)23288582","2026","1","28","11","27","臺中市","北屯區","0","0","0","7","","","50","","","","","","","","","","","","","","17","","","","","C03","","","3","","1","","","40","40","1","13","4","120.696945","24.169483","3"
"11433","66000","387130000C","(04)23274275","(04)23288582","2026","1","28","11","30","臺中市","大里區","0","0","0","7","","","30","","","","","","","","","","","","","","","","","","","B03","","","1","","9","","","87","87","1","12","4","120.688001","24.101374","3"
"11434","66000","387130000C","(04)23274275","(04)23288582","2026","1","28","11","31","臺中市","神岡區","0","0","0","7","","","50","","","","","","","","","","","","","","12","","","","","C03","","","1","","1","","","8","8","1","12","4","120.660451","24.259023","3"
"11435","66000","387130000C","(04)23274275","(04)23288582","2026","1","28","11","43","臺中市","豐原區","0","1","0","7","2","6","40","3","2","1","5","4","6","6","4","4","5","5","4","2","12","3","10","5","4","B03","7","11","1","8","2","7","","45","45","1","13","4","120.706841","24.251682","2"
"11436","66000","387130000C","(04)23274275","(04)23288582","2026","1","28","11","45","臺中市","西屯區","0","0","0","7","","","40","","","","","","","","","","","","","","12","","","","","C03","","","1","","1","","","82","82","1","12","4","120.644199","24.161214","3"
"11437","66000","387130000C","(04)23274275","(04)23288582","2026","1","28","11","45","臺中市","西屯區","0","0","0","7","","","60","","","","","","","","","","","","","","17","","","","","B03","","","1","","2","","","84","84","1","12","4","120.633978","24.17301","3"
"11438","66000","387130000C","(04)23274275","(04)23288582","2026","1","28","11","45","臺中市","西屯區","0","0","0","7","","","50","","","","","","","","","","","","","","15","","","","","B01","","","1","","2","","","13","13","1","12","4","120.647532","24.155637","3"
"11439","66000","387130000C","(04)23274275","(04)23288582","2026","1","28","11","47","臺中市","中區","0","1","0","7","2","6","50","4","1","1","5","4","6","6","1","1","10","5","5","2","17","2","9","1","1","C03","7","8","1","10","2","13","","42","42","1","13","4","120.677215","24.14021","2"
"11440","66000","387130000C","(04)23274275","(04)23288582","2026","1","28","11","53","臺中市","西屯區","0","0","0","7","","","30","","","","","","","","","","","","","","14","","","","","B02","","","1","","1","","","49","49","1","13","4","120.650951","24.20228","3"
"11441","66000","387130000C","(04)23274275","(04)23288582","2026","1","28","11","55","臺中市","南區","0","1","0","7","2","6","50","4","1","1","5","4","6","6","4","4","9","5","5","2","15","3","10","1","1","C03","7","9","1","10","2","11","12","15","15","1","12","4","120.680493","24.133882","2"
"11442","66000","387130000C","(04)23274275","(04)23288582","2026","1","28","11","55","臺中市","太平區","0","0","0","7","","","30","","","","","","","","","","","","","","16","","","","","B03","","","1","","2","","","41","41","1","12","4","120.731487","24.111484","3"
"11443","66000","387130000C","(04)23274275","(04)23288582","2026","1","28","11","58","臺中市","西屯區","0","0","0","7","","","60","","","","","","","","","","","","","","13","","","","","B03","","","1","","1","","","59","59","1","12","4","120.629085","24.163409","3"
"11444","66000","387130000C","(04)23274275","(04)23288582","2026","1","28","12","0","臺中市","梧棲區","0","2","0","7","3","6","50","13","9","1","5","4","6","6","4","4","10","5","5","2","16","2","9","1","1","C03","7","6","1","10","2","11","","20","20","1","6","4","120.532228","24.229309","2"
"11445","66000","387130000C","(04)23274275","(04)23288582","2026","1","28","12","3","臺中市","后里區","0","1","0","7","2","6","50","13","7","1","5","4","6","6","4","4","1","4","4","1","12","3","10","1","1","C02","7","9","1","9","9","14","","8","8","2","12","4","120.725284","24.320652","2"
"11446","66000","387130000C","(04)23274275","(04)23288582","2026","1","28","12","4","臺中市","西屯區","0","2","0","7","2","6","40","13","8","1","5","4","6","6","4","4","1","4","1","2","13","2","5","2","1","C02","7","9","1","9","2","11","12","7","7","1","12","4","120.64553","24.16463","2"
"11447","66000","387130000C","(04)23274275","(04)23288582","2026","1","28","12","5","臺中市","北區","0","1","0","7","2","6","30","4","1","1","5","4","6","6","4","4","10","5","5","2","17","3","10","1","1","C03","7","9","1","10","2","12","","84","84","1","13","4","120.668325","24.165612","2"
"11448","66000","387130000C","(04)23274275","(04)23288582","2026","1","28","12","6","臺中市","中區","0","0","0","7","","","40","","","","","","","","","","","","","","16","","","","","C03","","","1","","2","","","13","13","1","12","4","120.679192","24.142076","3"
"11449","66000","387130000C","(04)23274275","(04)23288582","2026","1","28","12","9","臺中市","豐原區","0","1","0","7","3","6","50","3","1","1","5","4","6","6","4","4","5","5","4","2","12","3","10","1","1","C03","7","6","1","10","2","14","","84","84","1","12","2","120.722713","24.250708","2"
"11450","66000","387130000C","(04)23274275","(04)23288582","2026","1","28","12","12","臺中市","中區","0","1","0","7","3","6","50","3","1","1","5","4","6","6","1","1","9","4","5","2","11","3","10","5","1","B03","7","6","1","15","2","5","","11","11","1","13","4","120.675897","24.144412","2"
"11451","66000","387130000C","(04)23274275","(04)23288582","2026","1","28","12","15","臺中市","西屯區","0","1","0","7","2","6","50","4","1","1","5","4","6","6","1","1","5","5","5","2","16","3","10","3","1","B03","7","5","1","8","1","2","","47","47","1","12","4","120.658663","24.166416","2"
"11452","66000","387130000C","(04)23274275","(04)23288582","2026","1","28","12","23","臺中市","神岡區","0","0","0","7","","","0","","","","","","","","","","","","","","14","","","","","B03","","","1","","2","","","49","49","1","12","4","120.697992","24.252583","3"
"11453","66000","387130000C","(04)23274275","(04)23288582","2026","1","28","12","28","臺中市","北區","0","0","0","7","","","30","","","","","","","","","","","","","","17","","","","","B03","","","1","","1","","","8","8","1","13","4","120.681203","24.154941","3"
"11454","66000","387130000C","(04)23274275","(04)23288582","2026","1","28","12","29","臺中市","潭子區","0","2","0","7","3","6","60","13","7","1","5","4","6","6","4","4","1","4","4","1","13","2","8","2","1","C03","7","9","1","10","2","12","","7","7","1","13","4","120.702391","24.187548","2"
"11455","66000","387130000C","(04)23274275","(04)23288582","2026","1","28","12","29","臺中市","大里區","0","1","0","7","2","6","40","13","9","1","5","4","6","6","4","4","2","2","5","1","17","2","9","2","1","C03","7","7","1","10","2","12","","65","65","1","6","4","120.689528","24.093456","2"
"11456","66000","387130000C","(04)23274275","(04)23288582","2026","1","28","12","30","臺中市","清水區","0","0","0","7","","","50","","","","","","","","","","","","","","","","","","","C03","","","1","","2","","","7","7","1","12","4","120.556567","24.266546","3"
"11457","66000","387130000C","(04)23274275","(04)23288582","2026","1","28","12","32","臺中市","北屯區","0","0","0","7","","","50","","","","","","","","","","","","","","2","","","","","B03","","","3","","2","","","8","8","1","13","4","120.660109","24.19259","3"
"11458","66000","387130000C","(04)23274275","(04)23288582","2026","1","28","12","32","臺中市","神岡區","0","1","0","7","2","6","30","11","9","1","5","4","6","6","4","4","10","5","5","2","17","2","9","1","1","C03","7","9","1","10","2","11","11","41","41","1","12","4","120.688264","24.256129","2"
"11459","66000","387130000C","(04)23274275","(04)23288582","2026","1","28","12","36","臺中市","西屯區","0","1","0","7","2","6","50","3","1","1","5","4","6","6","2","1","10","5","5","2","16","3","10","5","4","B03","7","6","1","8","2","1","","84","84","1","13","4","120.642308","24.169488","2"
"11460","66000","387130000C","(04)23274275","(04)23288582","2026","1","28","12","36","臺中市","梧棲區","0","0","0","7","","","50","","","","","","","","","","","","","","30","","","","","A04","","","1","","2","","","84","84","1","12","4","120.543105","24.25117","3"
"11461","66000","387130000C","(04)23274275","(04)23288582","2026","1","28","12","42","臺中市","北區","0","2","0","7","3","6","50","3","1","1","5","4","6","6","4","4","10","5","5","2","17","2","9","5","4","C03","7","15","1","10","2","13","","42","42","1","13","4","120.685152","24.165997","2"
"11462","66000","387130000C","(04)23274275","(04)23288582","2026","1","28","12","43","臺中市","清水區","0","1","0","7","3","6","70","4","1","1","5","4","6","6","1","1","1","4","1","1","16","3","10","3","1","B03","7","5","1","8","2","5","","38","38","1","12","4","120.549656","24.27671","2"
"11463","66000","387130000C","(04)23274275","(04)23288582","2026","1","28","12","46","臺中市","北區","0","0","0","7","","","50","","","","","","","","","","","","","","17","","","","","B02","","","1","","1","","","84","84","1","13","4","120.684275","24.14765","3"
"11464","66000","387130000C","(04)23274275","(04)23288582","2026","1","28","12","49","臺中市","南屯區","0","1","0","7","2","6","40","13","8","1","5","4","6","6","4","4","1","4","4","2","13","2","9","4","1","F01","7","9","7","21","1","11","","84","84","1","4","1","120.641104","24.15116","2"
"11465","66000","387130000C","(04)23274275","(04)23288582","2026","1","28","12","50","臺中市","西區","0","2","0","7","2","6","50","4","1","1","5","4","6","6","1","1","10","5","5","2","15","2","9","1","1","C03","7","9","1","10","2","11","","21","21","1","12","4","120.679959","24.137975","2"
"11466","66000","387130000C","(04)23274275","(04)23288582","2026","1","28","12","52","臺中市","大肚區","0","2","0","7","2","6","30","4","1","1","5","4","6","6","4","4","10","5","5","2","16","2","7","1","1","C03","7","6","1","10","2","11","","14","14","1","6","4","120.544919","24.154946","2"
"11467","66000","387130000C","(04)23274275","(04)23288582","2026","1","28","12","58","臺中市","北區","0","1","0","7","2","6","50","3","1","1","5","4","6","6","4","4","1","4","4","2","16","3","10","5","4","B12","7","5","1","8","2","5","","47","47","1","13","4","120.699383","24.158113","2"
"11468","66000","387130000C","(04)23274275","(04)23288582","2026","1","28","12","58","臺中市","北屯區","0","1","0","7","2","6","50","3","1","1","5","4","6","6","4","4","10","5","5","2","17","3","10","5","4","B03","7","7","1","8","2","6","","40","40","1","12","4","120.670869","24.183829","2"
"11469","66000","387130000C","(04)23274275","(04)23288582","2026","1","28","13","0","臺中市","南區","0","0","0","7","","","30","","","","","","","","","","","","","","14","","","","","B03","","","1","","1","","","84","84","1","13","4","120.669627","24.117101","4"
"11470","66000","387130000C","(04)23274275","(04)23288582","2026","1","28","13","4","臺中市","南區","0","0","0","7","","","50","","","","","","","","","","","","","","17","","","","","C03","","","1","","1","","","50","50","1","12","4","120.677936","24.132196","3"
"11471","66000","387130000C","(04)23274275","(04)23288582","2026","1","28","13","7","臺中市","北屯區","0","0","0","7","","","50","","","","","","","","","","","","","","13","","","","","B03","","","1","","1","","","84","84","1","12","4","120.697235","24.170023","3"
"11472","66000","387130000C","(04)23274275","(04)23288582","2026","1","28","13","7","臺中市","北屯區","0","1","0","7","1","6","50","4","2","1","5","4","6","6","1","1","3","4","5","2","18","2","9","1","1","C03","7","9","1","10","2","12","","84","84","1","13","4","120.700287","24.164966","2"
"11473","66000","387130000C","(04)23274275","(04)23288582","2026","1","28","13","8","臺中市","梧棲區","0","1","0","7","2","6","50","4","2","1","5","4","6","6","2","1","5","5","5","2","12","2","9","2","1","C03","7","9","1","10","2","12","","8","8","1","12","4","120.533016","24.260159","2"
"11474","66000","387130000C","(04)23274275","(04)23288582","2026","1","28","13","10","臺中市","大里區","0","0","0","7","","","0","","","","","","","","","","","","","","","","","","","B03","","","1","","2","","","49","49","1","12","4","120.686055","24.108622","3"
"11475","66000","387130000C","(04)23274275","(04)23288582","2026","1","28","13","13","臺中市","大甲區","0","1","0","7","1","6","60","4","1","1","5","4","6","6","1","1","4","3","5","1","11","3","10","3","1","B03","7","6","1","8","2","1","","11","11","1","6","4","120.627614","24.351157","2"
"11476","66000","387130000C","(04)23274275","(04)23288582","2026","1","28","13","16","臺中市","中區","0","0","0","7","","","50","","","","","","","","","","","","","","13","","","","","B03","","","1","","1","","","7","7","1","12","4","120.680023","24.137835","3"
"11477","66000","387130000C","(04)23274275","(04)23288582","2026","1","28","13","16","臺中市","東區","0","0","0","7","","","50","","","","","","","","","","","","","","17","","","","","B03","","","1","","1","","","51","51","1","13","4","120.700111","24.132441","3"
"11478","66000","387130000C","(04)23274275","(04)23288582","2026","1","28","13","16","臺中市","西屯區","0","0","0","7","","","50","","","","","","","","","","","","","","13","","","","","B03","","","1","","1","","","85","85","1","12","4","120.66337","24.176273","3"
"11479","66000","387130000C","(04)23274275","(04)23288582","2026","1","28","13","20","臺中市","大雅區","0","0","0","1","3","6","50","13","9","1","5","4","6","6","4","4","4","3","5","1","12","3","10","3","1","B03","7","1","1","8","1","8","","40","40","1","12","4","120.644146","24.208942","3"
"11480","66000","387130000C","(04)23274275","(04)23288582","2026","1","28","13","22","臺中市","北屯區","0","1","0","7","2","6","50","4","1","1","5","4","6","6","2","1","10","5","5","2","16","3","10","3","1","B03","7","5","1","8","2","2","","11","11","1","6","4","120.663435","24.185372","2"
"11481","66000","387130000C","(04)23274275","(04)23288582","2026","1","28","13","27","臺中市","西區","0","1","0","7","3","6","50","4","1","1","5","4","6","6","1","1","10","5","5","2","16","3","10","3","1","B03","7","6","1","8","2","8","","48","48","1","6","4","120.670242","24.146352","2"