序號,縣市別代碼,機關代碼,市話,傳真,年,月,日,時,分,縣市,區,死亡數量,受傷數量,2-30,天候,道路照明設備,道路類別,道路速限,道路型態,事故位置,路面鋪裝,路面狀態,路面缺陷,障礙物,視距,號誌種類,號誌動作,分向設施,快車道或一般車道間,快慢車道間,路面邊線,事故類型及型態,受傷程度,主要傷處,保護裝備,行動電話或功能裝置,當事者區分(類別),車輛用途,當事者行動狀態,駕照狀態,駕照種類,飲酒情形,車輛撞擊部位最初,車輛撞擊部位其他,肇事因素個別,肇事因素主要,肇事逃逸,職業,共享經濟或外送平台,GPS座標X,GPS座標Y,事故類別
"11482","66000","387130000C","(04)23274275","(04)23288582","2026","1","28","13","27","臺中市","大甲區","0","0","0","7","","","50","","","","","","","","","","","","","","","","","","","B03","","","1","","1","","","49","49","1","6","4","120.624765","24.343971","3"
"11483","66000","387130000C","(04)23274275","(04)23288582","2026","1","28","13","31","臺中市","西屯區","0","2","0","7","2","6","40","13","8","1","5","4","6","6","4","4","1","4","1","2","12","3","10","3","1","B03","7","9","1","8","2","2","","42","42","1","12","4","120.640537","24.168297","2"
"11484","66000","387130000C","(04)23274275","(04)23288582","2026","1","28","13","34","臺中市","北區","0","3","0","7","3","6","50","4","2","1","5","4","6","6","2","1","10","4","4","2","17","2","9","5","4","C03","7","9","3","19","9","11","","58","58","1","13","4","120.678242","24.163027","2"
"11485","66000","387130000C","(04)23274275","(04)23288582","2026","1","28","13","36","臺中市","北屯區","0","0","0","7","","","30","","","","","","","","","","","","","","17","","","","","B11","","","1","","9","","","49","49","1","13","4","120.694586","24.182201","3"
"11486","66000","387130000C","(04)23274275","(04)23288582","2026","1","28","13","38","臺中市","北屯區","0","0","0","7","","","50","","","","","","","","","","","","","","16","","","","","B03","","","1","","1","","","12","12","1","6","4","120.722504","24.163965","3"
"11487","66000","387130000C","(04)23274275","(04)23288582","2026","1","28","13","40","臺中市","梧棲區","0","0","0","7","","","50","","","","","","","","","","","","","","12","","","","","B03","","","1","","2","","","50","50","1","12","4","120.536885","24.259405","3"
"11488","66000","387130000C","(04)23274275","(04)23288582","2026","1","28","13","49","臺中市","西區","0","1","0","7","3","6","50","13","9","1","5","4","6","6","4","4","5","4","5","2","17","3","10","1","1","C03","7","9","1","10","2","15","","68","68","1","13","4","120.669062","24.150901","2"
"11489","66000","387130000C","(04)23274275","(04)23288582","2026","1","28","13","54","臺中市","西屯區","0","0","0","7","","3","80","","","","","","","","","","","","","","13","","","","","B12","","","1","","1","","","7","7","1","12","4","120.631756","24.169298","3"
"11490","66000","387130000C","(04)23274275","(04)23288582","2026","1","28","13","56","臺中市","北屯區","0","3","0","7","2","6","50","4","1","1","5","4","6","6","2","1","4","3","4","2","16","2","9","2","1","C04","7","6","1","10","2","14","12","48","48","1","13","4","120.690512","24.192689","2"
"11491","66000","387130000C","(04)23274275","(04)23288582","2026","1","28","13","58","臺中市","西區","0","1","0","7","2","6","50","3","2","1","5","4","6","6","1","1","3","5","5","2","17","2","9","1","1","C03","7","9","1","10","2","11","","84","84","1","12","4","120.657759","24.1543","2"
"11492","66000","387130000C","(04)23274275","(04)23288582","2026","1","28","14","0","臺中市","沙鹿區","0","0","0","7","","","50","","","","","","","","","","","","","","17","","","","","B03","","","1","","2","","","8","8","1","12","4","120.560086","24.240234","3"
"11493","66000","387130000C","(04)23274275","(04)23288582","2026","1","28","14","3","臺中市","南屯區","0","0","0","7","","","50","","","","","","","","","","","","","","16","","","","","B03","","","1","","1","","","48","48","1","6","4","120.655074","24.143802","4"
"11494","66000","387130000C","(04)23274275","(04)23288582","2026","1","28","14","5","臺中市","北屯區","0","0","0","7","","","50","","","","","","","","","","","","","","","","","","","B13","","","1","","1","","","84","84","1","13","4","120.693383","24.200581","3"
"11495","66000","387130000C","(04)23274275","(04)23288582","2026","1","28","14","10","臺中市","北屯區","0","1","0","7","3","6","30","4","1","1","5","4","6","6","2","1","10","5","5","2","16","3","10","3","1","B11","7","5","1","3","2","5","","20","20","1","12","4","120.670847","24.177422","2"
"11496","66000","387130000C","(04)23274275","(04)23288582","2026","1","28","14","12","臺中市","西屯區","0","1","0","7","2","6","50","13","9","1","5","4","6","6","1","1","5","4","5","2","13","3","10","3","1","B03","7","9","1","8","1","1","","7","7","1","12","4","120.641095","24.168323","2"
"11497","66000","387130000C","(04)23274275","(04)23288582","2026","1","28","14","14","臺中市","大甲區","0","0","0","7","","","50","","","","","","","","","","","","","","","","","","","B03","","","1","","1","","","8","8","1","6","4","120.625413","24.348631","3"
"11498","66000","387130000C","(04)23274275","(04)23288582","2026","1","28","14","15","臺中市","清水區","0","0","0","7","","","60","","","","","","","","","","","","","","17","","","","","B12","","","1","","1","","","59","59","1","12","4","120.554663","24.294547","3"
"11499","66000","387130000C","(04)23274275","(04)23288582","2026","1","28","14","25","臺中市","大雅區","0","1","0","7","3","6","50","4","1","1","5","4","6","6","4","4","4","3","5","2","12","3","10","3","1","B03","7","9","1","8","2","8","","2","2","1","12","4","120.649045","24.223009","2"
"11500","66000","387130000C","(04)23274275","(04)23288582","2026","1","28","14","26","臺中市","大甲區","0","0","0","7","","","50","","","","","","","","","","","","","","","","","","","C03","","","1","","2","","","15","15","1","6","4","120.619732","24.346489","3"
"11501","66000","387130000C","(04)23274275","(04)23288582","2026","1","28","14","29","臺中市","大里區","0","0","0","7","","","40","","","","","","","","","","","","","","17","","","","","B02","","","1","","9","","","51","51","1","6","4","120.692378","24.091087","3"
"11502","66000","387130000C","(04)23274275","(04)23288582","2026","1","28","14","29","臺中市","豐原區","0","1","0","7","2","6","50","3","1","1","5","4","6","6","1","1","1","5","5","1","13","3","10","2","1","C03","7","9","1","10","2","11","","7","7","1","13","4","120.722254","24.276603","2"
"11503","66000","387130000C","(04)23274275","(04)23288582","2026","1","28","14","30","臺中市","西屯區","0","1","0","7","2","6","50","4","1","1","5","4","6","6","2","1","10","5","5","2","12","3","10","5","4","B03","7","9","1","8","2","2","","8","8","1","13","4","120.652557","24.166358","2"
"11504","66000","387130000C","(04)23274275","(04)23288582","2026","1","28","14","30","臺中市","和平區","0","0","0","7","","","40","","","","","","","","","","","","","","12","","","","","C03","","","1","","2","","","39","39","1","12","4","120.88358","24.174388","3"
"11505","66000","387130000C","(04)23274275","(04)23288582","2026","1","28","14","38","臺中市","西屯區","0","1","0","7","2","6","40","5","1","1","5","4","6","6","2","1","10","5","5","2","12","2","9","2","4","C03","7","9","1","10","2","14","","8","8","1","12","4","120.624383","24.178531","2"
"11506","66000","387130000C","(04)23274275","(04)23288582","2026","1","28","14","38","臺中市","太平區","0","0","0","7","","","50","","","","","","","","","","","","","","16","","","","","B03","","","1","","2","","","84","84","1","13","4","120.711724","24.151562","3"
"11507","66000","387130000C","(04)23274275","(04)23288582","2026","1","28","14","41","臺中市","北屯區","0","0","0","7","","","50","","","","","","","","","","","","","","13","","","","","B03","","","1","","1","","","7","7","1","6","4","120.70677","24.186404","4"
"11508","66000","387130000C","(04)23274275","(04)23288582","2026","1","28","14","43","臺中市","豐原區","0","1","0","7","2","6","30","13","9","1","5","4","6","6","4","4","10","5","5","2","18","2","1","5","4","C03","7","9","5","19","2","16","","59","59","1","12","4","120.701327","24.230614","2"
"11509","66000","387130000C","(04)23274275","(04)23288582","2026","1","28","14","44","臺中市","南屯區","0","1","0","7","2","6","50","3","2","1","5","4","6","6","4","4","1","4","5","1","12","3","10","3","1","A11","7","5","1","7","2","2","","14","14","1","13","4","120.625312","24.148953","2"
"11510","66000","387130000C","(04)23274275","(04)23288582","2026","1","28","14","50","臺中市","南屯區","0","0","0","7","","","50","","","","","","","","","","","","","","12","","","","","B03","","","1","","2","","","59","59","1","12","4","120.628379","24.147112","3"
"11511","66000","387130000C","(04)23274275","(04)23288582","2026","1","28","14","50","臺中市","西屯區","0","0","0","7","","","50","","","","","","","","","","","","","","12","","","","","B03","","","1","","1","","","8","8","1","12","4","120.617317","24.188366","3"
"11512","66000","387130000C","(04)23274275","(04)23288582","2026","1","28","14","50","臺中市","西屯區","0","0","0","7","","","0","","","","","","","","","","","","","","14","","","","","B02","","","1","","2","","","49","49","1","12","4","120.650848","24.16155","3"
"11513","66000","387130000C","(04)23274275","(04)23288582","2026","1","28","14","55","臺中市","西屯區","0","0","0","7","","","50","","","","","","","","","","","","","","13","","","","","B03","","","1","","1","","","7","7","1","12","4","120.648325","24.163368","3"
"11514","66000","387130000C","(04)23274275","(04)23288582","2026","1","28","15","0","臺中市","中區","0","1","0","7","2","6","50","13","9","1","5","4","6","6","4","4","5","4","5","2","17","2","9","1","1","C03","7","9","1","10","2","11","","7","7","1","12","4","120.680766","24.143459","2"
"11515","66000","387130000C","(04)23274275","(04)23288582","2026","1","28","15","4","臺中市","北屯區","0","1","0","7","1","6","50","4","2","1","5","4","6","6","1","1","3","4","5","2","13","2","9","1","1","C03","7","9","1","10","2","11","","84","84","1","13","4","120.681647","24.172477","2"
"11516","66000","387130000C","(04)23274275","(04)23288582","2026","1","28","15","5","臺中市","北區","0","0","0","7","","","50","","","","","","","","","","","","","","13","","","","","C03","","","1","","2","","","59","59","1","12","4","120.67375","24.164514","3"
"11517","66000","387130000C","(04)23274275","(04)23288582","2026","1","28","15","9","臺中市","北區","0","1","0","7","2","6","50","3","1","1","5","4","6","6","4","4","10","5","5","2","17","3","10","5","4","B03","7","11","1","3","2","1","","84","84","1","12","4","120.678539","24.147749","2"
"11518","66000","387130000C","(04)23274275","(04)23288582","2026","1","28","15","9","臺中市","西屯區","0","1","0","7","2","6","50","3","1","1","5","4","6","6","4","4","10","5","5","2","16","3","10","3","1","B01","7","11","1","4","2","8","","45","45","1","12","4","120.633716","24.166598","2"
"11519","66000","387130000C","(04)23274275","(04)23288582","2026","1","28","15","16","臺中市","大里區","0","0","0","7","","","30","","","","","","","","","","","","","","12","","","","","B12","","","1","","2","","","8","8","1","6","4","120.684424","24.095578","3"
"11520","66000","387130000C","(04)23274275","(04)23288582","2026","1","28","15","18","臺中市","潭子區","0","1","0","7","2","6","10","13","13","1","5","4","6","6","3","1","5","4","5","2","12","2","9","6","1","F01","7","11","7","21","2","11","","24","24","1","13","4","120.70887","24.229895","2"
"11521","66000","387130000C","(04)23274275","(04)23288582","2026","1","28","15","20","臺中市","龍井區","0","1","0","7","2","6","50","13","9","1","5","4","6","6","4","4","10","3","5","1","3","3","10","6","5","H01","8","16","7","21","10","17","","95","95","1","12","5","120.545428","24.191983","2"
"11522","66000","387130000C","(04)23274275","(04)23288582","2026","1","28","15","20","臺中市","豐原區","0","0","0","7","","","50","","","","","","","","","","","","","","12","","","","","B01","","","1","","2","","","1","1","1","6","4","120.724165","24.243907","3"
"11523","66000","387130000C","(04)23274275","(04)23288582","2026","1","28","15","26","臺中市","潭子區","0","1","0","7","3","6","50","13","14","1","5","4","6","6","4","4","5","4","5","1","17","2","9","2","1","C03","7","15","1","10","2","12","","8","8","1","13","4","120.723515","24.217278","2"
"11524","66000","387130000C","(04)23274275","(04)23288582","2026","1","28","15","28","臺中市","南屯區","0","0","0","7","3","6","30","13","9","1","5","4","6","6","4","4","10","5","5","2","14","","","","","B12","","","1","","1","","","49","49","1","12","4","120.61719","24.139148","3"
"11525","66000","387130000C","(04)23274275","(04)23288582","2026","1","28","15","30","臺中市","豐原區","0","0","0","7","","","50","","","","","","","","","","","","","","17","","","","","A12","","","1","","1","","","7","7","1","6","4","120.725035","24.277038","3"
"11526","66000","387130000C","(04)23274275","(04)23288582","2026","1","28","15","33","臺中市","大里區","0","0","0","7","","","50","","","","","","","","","","","","","","17","","","","","B03","","","1","","2","","","50","50","1","12","4","120.690179","24.106147","3"
"11527","66000","387130000C","(04)23274275","(04)23288582","2026","1","28","15","33","臺中市","豐原區","0","1","0","7","2","6","50","13","9","1","5","4","6","6","4","4","1","5","5","1","2","3","10","3","1","B03","7","9","1","8","2","2","","8","8","1","13","4","120.724159","24.245145","2"
"11528","66000","387130000C","(04)23274275","(04)23288582","2026","1","28","15","34","臺中市","南屯區","0","2","0","7","3","6","50","13","7","1","5","4","6","6","4","4","10","5","4","2","13","2","1","5","4","B03","7","9","1","8","2","1","","59","59","1","6","4","120.643984","24.154258","2"
"11529","66000","387130000C","(04)23274275","(04)23288582","2026","1","28","15","43","臺中市","南區","0","0","0","7","","","50","","","","","","","","","","","","","","","","","","","B03","","","1","","2","","","7","7","1","12","4","120.670222","24.112425","3"
"11530","66000","387130000C","(04)23274275","(04)23288582","2026","1","28","15","47","臺中市","太平區","0","1","0","7","3","6","50","4","1","1","5","4","6","6","4","4","10","5","5","2","15","3","10","3","1","B12","7","9","1","8","2","4","","6","6","1","13","4","120.718225","24.15005","2"
"11531","66000","387130000C","(04)23274275","(04)23288582","2026","1","28","15","49","臺中市","沙鹿區","0","1","0","6","2","6","30","3","2","1","5","4","6","6","4","4","5","4","4","2","16","3","10","1","1","C03","7","5","1","9","2","14","","14","14","1","12","4","120.569023","24.223238","2"
"11532","66000","387130000C","(04)23274275","(04)23288582","2026","1","28","15","51","臺中市","沙鹿區","0","1","0","7","2","6","50","3","19","1","5","4","6","6","1","1","10","5","5","2","3","3","10","3","1","B03","7","6","1","8","2","8","","10","10","1","6","4","120.570539","24.217373","2"
"11533","66000","387130000C","(04)23274275","(04)23288582","2026","1","28","15","52","臺中市","太平區","0","1","0","7","2","6","30","13","9","1","5","4","6","6","4","4","10","5","5","2","30","3","10","3","1","B03","7","9","1","8","7","5","","59","59","1","12","4","120.71426","24.114295","2"
"11534","66000","387130000C","(04)23274275","(04)23288582","2026","1","28","15","54","臺中市","西屯區","0","0","0","7","","","50","","","","","","","","","","","","","","13","","","","","B03","","","1","","1","","","59","59","1","13","4","120.655356","24.168599","3"
"11535","66000","387130000C","(04)23274275","(04)23288582","2026","1","28","15","56","臺中市","東區","0","0","0","7","","","40","","","","","","","","","","","","","","12","","","","","B12","","","1","","9","","","51","51","1","12","4","120.701023","24.144615","3"
"11536","66000","387130000C","(04)23274275","(04)23288582","2026","1","28","15","58","臺中市","大里區","0","0","0","7","","","50","","","","","","","","","","","","","","17","","","","","B03","","","1","","1","","","7","7","1","12","4","120.692711","24.121104","3"
"11537","66000","387130000C","(04)23274275","(04)23288582","2026","1","28","16","0","臺中市","南區","0","1","0","7","2","6","50","3","1","1","5","4","6","6","1","1","5","4","5","2","30","2","8","5","4","C03","7","9","1","10","2","14","","59","59","1","12","4","120.662159","24.116826","2"
"11538","66000","387130000C","(04)23274275","(04)23288582","2026","1","28","16","4","臺中市","霧峰區","0","1","0","7","3","6","0","4","1","1","5","4","6","6","1","1","10","5","5","2","16","2","9","4","1","F01","7","9","7","21","2","14","","84","84","1","4","4","120.707511","24.076415","2"
"11539","66000","387130000C","(04)23274275","(04)23288582","2026","1","28","16","4","臺中市","梧棲區","0","0","0","7","","","40","","","","","","","","","","","","","","13","","","","","C03","","","1","","2","","","7","7","1","12","4","120.527054","24.222287","3"
"11540","66000","387130000C","(04)23274275","(04)23288582","2026","1","28","16","11","臺中市","北屯區","0","0","0","7","","","50","","","","","","","","","","","","","","13","","","","","B03","","","1","","1","","","58","58","1","6","4","120.694886","24.164722","3"
"11541","66000","387130000C","(04)23274275","(04)23288582","2026","1","28","16","12","臺中市","南屯區","0","1","0","7","2","3","80","10","7","1","5","4","6","6","4","4","1","4","5","2","13","2","7","3","1","B03","7","9","1","8","2","5","","7","7","1","13","4","120.623223","24.143491","2"
"11542","66000","387130000C","(04)23274275","(04)23288582","2026","1","28","16","14","臺中市","大里區","0","0","0","7","","3","80","","","","","","","","","","","","","","13","","","","","B03","","","1","","1","","","7","7","1","12","4","120.690704","24.098029","3"
"11543","66000","387130000C","(04)23274275","(04)23288582","2026","1","28","16","14","臺中市","神岡區","0","1","0","7","2","6","50","4","1","1","5","4","6","6","4","4","5","5","5","1","17","3","10","1","1","C03","7","9","1","10","2","14","14","6","6","1","12","4","120.656822","24.255608","2"
"11544","66000","387130000C","(04)23274275","(04)23288582","2026","1","28","16","16","臺中市","清水區","0","0","0","7","","","50","","","","","","","","","","","","","","","","","","","B03","","","1","","2","","","8","8","1","12","4","120.54006","24.289054","3"
"11545","66000","387130000C","(04)23274275","(04)23288582","2026","1","28","16","21","臺中市","北區","0","1","0","7","2","6","50","3","1","1","5","4","6","6","4","4","1","4","5","2","16","2","9","1","1","C03","7","5","1","10","2","14","","12","12","1","13","4","120.675147","24.163144","2"
"11546","66000","387130000C","(04)23274275","(04)23288582","2026","1","28","16","23","臺中市","中區","0","0","0","7","","","50","","","","","","","","","","","","","","13","","","","","B03","","","1","","1","","","7","7","1","12","4","120.678052","24.143715","3"
"11547","66000","387130000C","(04)23274275","(04)23288582","2026","1","28","16","25","臺中市","豐原區","0","2","0","7","2","6","50","3","2","1","5","4","6","6","1","1","1","2","4","1","13","2","8","1","1","C03","7","9","1","10","2","12","","7","7","1","13","4","120.711388","24.239637","2"
"11548","66000","387130000C","(04)23274275","(04)23288582","2026","1","28","16","26","臺中市","太平區","0","0","0","7","","","50","","","","","","","","","","","","","","17","","","","","B03","","","1","","2","","","84","84","1","13","4","120.721842","24.118981","3"
"11549","66000","387130000C","(04)23274275","(04)23288582","2026","1","28","16","27","臺中市","沙鹿區","0","1","0","7","2","6","50","4","1","1","5","4","6","6","1","1","10","5","5","2","16","3","10","3","1","B03","7","5","1","8","2","2","","11","11","1","6","4","120.566179","24.231147","2"
"11550","66000","387130000C","(04)23274275","(04)23288582","2026","1","28","16","28","臺中市","西區","0","0","0","7","","","50","","","","","","","","","","","","","","13","","","","","B03","","","1","","1","","","7","7","1","13","4","120.658418","24.150862","3"
"11551","66000","387130000C","(04)23274275","(04)23288582","2026","1","28","16","29","臺中市","南屯區","0","0","0","7","","","50","","","","","","","","","","","","","","","","","","","A12","","","1","","1","","","51","51","1","12","4","120.642828","24.142651","3"
"11552","66000","387130000C","(04)23274275","(04)23288582","2026","1","28","16","30","臺中市","北屯區","0","0","0","7","","","40","","","","","","","","","","","","","","17","","","","","C03","","","1","","1","","","50","50","1","6","4","120.69027","24.175683","3"
"11553","66000","387130000C","(04)23274275","(04)23288582","2026","1","28","16","30","臺中市","神岡區","0","0","0","7","1","6","50","4","2","1","5","4","6","6","1","1","10","5","4","1","12","","","","","C03","","","1","","1","","","2","2","1","12","4","120.677369","24.264957","3"
"11554","66000","387130000C","(04)23274275","(04)23288582","2026","1","28","16","31","臺中市","西區","0","0","0","7","","","30","","","","","","","","","","","","","","30","","","","","","","","","","","","","86","86","1","","","120.657802","24.151469","3"
"11555","66000","387130000C","(04)23274275","(04)23288582","2026","1","28","16","31","臺中市","西屯區","0","1","0","7","2","6","40","3","1","1","5","4","6","6","4","4","10","5","5","2","12","3","10","5","4","B01","7","5","1","4","2","6","","84","84","1","13","4","120.615112","24.183365","2"
"11556","66000","387130000C","(04)23274275","(04)23288582","2026","1","28","16","31","臺中市","梧棲區","0","0","0","7","","","60","","","","","","","","","","","","","","13","","","","","B02","","","1","","2","","","7","7","1","6","4","120.535677","24.247954","3"
"11557","66000","387130000C","(04)23274275","(04)23288582","2026","1","28","16","33","臺中市","北區","0","1","0","7","3","6","50","4","2","1","5","4","6","6","4","4","5","5","5","2","13","3","10","5","4","B03","7","9","1","8","2","1","","58","58","1","13","4","120.669462","24.159087","2"
"11558","66000","387130000C","(04)23274275","(04)23288582","2026","1","28","16","37","臺中市","梧棲區","0","1","0","7","2","6","30","4","1","1","5","4","6","6","4","4","10","5","5","2","15","2","9","1","1","C03","7","9","1","10","2","11","","15","15","1","12","4","120.517916","24.224078","2"
"11559","66000","387130000C","(04)23274275","(04)23288582","2026","1","28","16","37","臺中市","大甲區","0","0","0","7","","","50","","","","","","","","","","","","","","","","","","","B03","","","1","","2","","","49","49","1","12","4","120.616407","24.347405","3"
"11560","66000","387130000C","(04)23274275","(04)23288582","2026","1","28","16","47","臺中市","潭子區","0","0","0","7","","","0","","","","","","","","","","","","","","","","","","","B03","","","1","","2","","","94","94","1","13","4","120.71","24.205518","3"
"11561","66000","387130000C","(04)23274275","(04)23288582","2026","1","28","16","47","臺中市","西屯區","0","3","0","7","2","6","50","4","1","1","5","4","6","6","1","1","10","5","5","2","13","2","9","1","4","C03","7","9","1","10","2","11","","7","7","1","13","4","120.635256","24.181985","2"
"11562","66000","387130000C","(04)23274275","(04)23288582","2026","1","28","16","48","臺中市","沙鹿區","0","1","0","7","2","6","30","13","9","1","5","4","6","6","4","4","10","5","5","2","17","3","10","1","1","C03","7","1","1","10","2","11","14","51","51","1","12","4","120.574789","24.231943","2"
"11563","66000","387130000C","(04)23274275","(04)23288582","2026","1","28","16","49","臺中市","大里區","0","0","0","7","","","50","","","","","","","","","","","","","","","","","","","C03","","","1","","2","","","84","84","1","13","4","120.698965","24.096604","3"
"11564","66000","387130000C","(04)23274275","(04)23288582","2026","1","28","16","50","臺中市","后里區","0","0","0","7","","","50","","","","","","","","","","","","","","12","","","","","B03","","","1","","2","","","59","59","2","12","4","120.722341","24.303049","3"
"11565","66000","387130000C","(04)23274275","(04)23288582","2026","1","28","16","51","臺中市","西區","0","0","0","7","","","50","","","","","","","","","","","","","","","","","","","C03","","","1","","1","","","7","7","1","13","4","120.667519","24.141776","3"
"11566","66000","387130000C","(04)23274275","(04)23288582","2026","1","28","16","52","臺中市","龍井區","0","1","0","7","3","6","50","13","9","1","5","4","6","6","1","1","5","5","5","1","13","3","10","3","1","B03","7","9","1","8","2","5","","84","84","1","6","4","120.582889","24.178867","2"
"11567","66000","387130000C","(04)23274275","(04)23288582","2026","1","28","16","55","臺中市","豐原區","0","0","0","7","","","50","","","","","","","","","","","","","","17","","","","","B03","","","1","","1","","","50","50","1","12","4","120.7294","24.252615","3"
"11568","66000","387130000C","(04)23274275","(04)23288582","2026","1","28","16","56","臺中市","西屯區","0","0","0","7","","","50","","","","","","","","","","","","","","2","","","","","B03","","","1","","1","","","59","59","1","12","4","120.624922","24.18278","3"
"11569","66000","387130000C","(04)23274275","(04)23288582","2026","1","28","16","58","臺中市","西屯區","0","0","0","7","","","50","","","","","","","","","","","","","","12","","","","","B03","","","1","","2","","","40","40","1","13","4","120.649859","24.156086","3"
"11570","66000","387130000C","(04)23274275","(04)23288582","2026","1","28","16","58","臺中市","霧峰區","0","0","0","7","","","40","","","","","","","","","","","","","","12","","","","","B03","","","1","","2","","","8","8","1","13","4","120.663019","24.072322","3"
"11571","66000","387130000C","(04)23274275","(04)23288582","2026","1","28","17","5","臺中市","南區","0","0","0","7","","","30","","","","","","","","","","","","","","14","","","","","B12","","","1","","1","","","49","49","1","12","4","120.659783","24.114347","3"
"11572","66000","387130000C","(04)23274275","(04)23288582","2026","1","28","17","5","臺中市","大里區","0","0","0","7","","","50","","","","","","","","","","","","","","16","","","","","B03","","","1","","2","","","65","65","1","13","4","120.681691","24.102543","3"
"11573","66000","387130000C","(04)23274275","(04)23288582","2026","1","28","17","7","臺中市","太平區","0","1","0","7","3","6","30","11","9","1","2","4","6","6","4","4","8","5","5","1","18","2","8","2","1","C02","7","9","1","9","2","16","","84","84","1","13","4","120.808065","24.095749","2"
"11574","66000","387130000C","(04)23274275","(04)23288582","2026","1","28","17","9","臺中市","西屯區","0","0","0","7","","","50","","","","","","","","","","","","","","17","","","","","C03","","","1","","1","","","7","7","1","13","4","120.641944","24.161705","3"
"11575","66000","387130000C","(04)23274275","(04)23288582","2026","1","28","17","10","臺中市","大里區","0","0","0","7","2","6","50","13","9","1","5","4","6","6","1","1","1","4","5","1","13","","","","","B03","","","1","","2","","","84","84","1","13","4","120.670163","24.110865","3"
"11576","66000","387130000C","(04)23274275","(04)23288582","2026","1","28","17","12","臺中市","東區","0","2","0","7","3","6","50","3","1","1","5","4","5","5","4","4","10","5","5","2","16","2","9","2","1","F03","7","6","7","21","2","11","","14","14","1","13","4","120.69128","24.131766","2"
"11577","66000","387130000C","(04)23274275","(04)23288582","2026","1","28","17","12","臺中市","西屯區","0","0","0","6","","","50","","","","","","","","","","","","","","11","","","","","C03","","","1","","1","","","48","48","1","13","4","120.649609","24.197351","4"
"11578","66000","387130000C","(04)23274275","(04)23288582","2026","1","28","17","14","臺中市","北區","0","0","0","7","","","50","","","","","","","","","","","","","","17","","","","","C03","","","1","","2","","","84","84","1","12","4","120.675346","24.159191","4"
"11579","66000","387130000C","(04)23274275","(04)23288582","2026","1","28","17","14","臺中市","豐原區","0","1","0","7","3","6","50","4","1","1","5","4","6","6","1","1","5","5","4","2","12","3","10","1","4","C03","7","9","3","19","2","12","","7","7","1","12","4","120.714294","24.251809","2"
"11580","66000","387130000C","(04)23274275","(04)23288582","2026","1","28","17","15","臺中市","北屯區","0","1","0","6","1","6","50","4","1","1","5","4","6","6","2","1","10","5","5","2","18","2","9","2","1","C03","7","8","1","10","2","16","","84","84","1","6","4","120.699208","24.175883","2"
"11581","66000","387130000C","(04)23274275","(04)23288582","2026","1","28","17","18","臺中市","南區","0","1","0","7","1","6","50","4","9","1","5","4","6","6","4","4","9","4","5","2","12","3","10","3","1","B03","7","9","1","8","2","1","","7","7","1","12","4","120.670076","24.114792","2"
"11582","66000","387130000C","(04)23274275","(04)23288582","2026","1","28","17","19","臺中市","南屯區","0","2","0","7","3","6","50","13","8","1","5","4","6","6","4","4","1","4","1","2","13","2","9","1","1","C03","7","9","1","10","2","13","","84","84","1","12","4","120.63604","24.121043","2"
"11583","66000","387130000C","(04)23274275","(04)23288582","2026","1","28","17","19","臺中市","豐原區","0","1","0","7","2","6","50","13","9","1","5","4","6","6","4","4","5","5","5","1","12","3","10","3","1","B03","7","4","1","8","2","2","","7","7","1","13","4","120.722075","24.239432","2"
"11584","66000","387130000C","(04)23274275","(04)23288582","2026","1","28","17","20","臺中市","沙鹿區","0","1","0","7","2","6","50","4","1","1","5","4","6","6","4","4","10","5","5","2","15","3","10","3","1","B03","7","9","1","8","2","1","","29","29","1","9","4","120.574507","24.260755","2"
"11585","66000","387130000C","(04)23274275","(04)23288582","2026","1","28","17","20","臺中市","豐原區","0","1","0","7","2","6","60","13","8","1","5","4","6","6","4","4","1","2","4","2","17","3","10","5","4","B03","7","7","1","8","2","6","","40","40","1","13","4","120.718771","24.236622","2"
"11586","66000","387130000C","(04)23274275","(04)23288582","2026","1","28","17","23","臺中市","南屯區","0","1","0","7","3","6","50","4","2","1","5","4","6","6","2","1","5","5","5","2","17","3","10","5","4","B03","7","1","1","8","2","8","","51","51","1","6","4","120.643887","24.13721","2"
"11587","66000","387130000C","(04)23274275","(04)23288582","2026","1","28","17","24","臺中市","西屯區","0","0","0","7","","","30","","","","","","","","","","","","","","11","","","","","B12","","","1","","2","","","8","8","1","13","4","120.634282","24.199485","3"
"11588","66000","387130000C","(04)23274275","(04)23288582","2026","1","28","17","26","臺中市","南區","0","2","0","7","2","6","50","4","1","1","5","4","6","6","1","1","10","5","5","2","16","2","9","5","4","C03","7","6","1","10","2","13","14","48","48","1","12","4","120.656843","24.118921","2"
"11589","66000","387130000C","(04)23274275","(04)23288582","2026","1","28","17","30","臺中市","北區","0","0","0","7","","","50","","","","","","","","","","","","","","17","","","","","C03","","","1","","1","","","84","84","1","12","4","120.686802","24.154276","4"
"11590","66000","387130000C","(04)23274275","(04)23288582","2026","1","28","17","30","臺中市","太平區","0","0","0","7","","","50","","","","","","","","","","","","","","16","","","","","B03","","","1","","2","","","51","51","1","12","4","120.726173","24.151861","3"
"11591","66000","387130000C","(04)23274275","(04)23288582","2026","1","28","17","31","臺中市","中區","0","0","0","7","","","","","","","","","","","","","","","","","17","","","","","","","","","","","","","87","87","1","","","120.681011","24.138933","3"