序號,縣市別代碼,機關代碼,市話,傳真,年,月,日,時,分,縣市,區,死亡數量,受傷數量,2-30,天候,道路照明設備,道路類別,道路速限,道路型態,事故位置,路面鋪裝,路面狀態,路面缺陷,障礙物,視距,號誌種類,號誌動作,分向設施,快車道或一般車道間,快慢車道間,路面邊線,事故類型及型態,受傷程度,主要傷處,保護裝備,行動電話或功能裝置,當事者區分(類別),車輛用途,當事者行動狀態,駕照狀態,駕照種類,飲酒情形,車輛撞擊部位最初,車輛撞擊部位其他,肇事因素個別,肇事因素主要,肇事逃逸,職業,共享經濟或外送平台,GPS座標X,GPS座標Y,事故類別
"11592","66000","387130000C","(04)23274275","(04)23288582","2026","1","28","17","31","臺中市","西屯區","0","0","0","7","","3","80","","","","","","","","","","","","","","2","","","","","B03","","","1","","1","","","59","59","1","12","4","120.635757","24.182723","3"
"11593","66000","387130000C","(04)23274275","(04)23288582","2026","1","28","17","32","臺中市","北屯區","0","1","0","7","1","6","50","13","9","1","5","4","6","6","1","1","3","4","5","2","12","2","9","1","1","C03","7","9","1","10","2","11","","84","84","1","13","4","120.686565","24.201712","2"
"11594","66000","387130000C","(04)23274275","(04)23288582","2026","1","28","17","32","臺中市","梧棲區","0","0","0","7","","","50","","","","","","","","","","","","","","13","","","","","B03","","","1","","2","","","7","7","1","12","4","120.535386","24.236088","3"
"11595","66000","387130000C","(04)23274275","(04)23288582","2026","1","28","17","33","臺中市","清水區","0","0","0","7","","","70","","","","","","","","","","","","","","","","","","","B03","","","1","","2","","","59","59","1","12","4","120.569991","24.274161","3"
"11596","66000","387130000C","(04)23274275","(04)23288582","2026","1","28","17","34","臺中市","北區","0","0","0","7","","","50","","","","","","","","","","","","","","13","","","","","C03","","","1","","2","","","7","7","1","13","4","120.664663","24.161283","3"
"11597","66000","387130000C","(04)23274275","(04)23288582","2026","1","28","17","34","臺中市","北屯區","0","2","0","7","1","6","50","4","2","1","5","4","6","6","1","1","3","4","4","2","13","2","9","1","1","C03","7","9","1","10","2","11","","7","7","1","13","4","120.715303","24.164152","2"
"11598","66000","387130000C","(04)23274275","(04)23288582","2026","1","28","17","34","臺中市","北屯區","0","1","0","7","1","6","50","4","2","1","5","4","6","6","1","1","3","4","4","2","18","2","9","1","1","C03","7","9","1","10","2","14","","84","84","1","13","4","120.715339","24.164106","2"
"11599","66000","387130000C","(04)23274275","(04)23288582","2026","1","28","17","37","臺中市","沙鹿區","0","0","0","7","","","50","","","","","","","","","","","","","","17","","","","","B12","","","1","","2","","","68","68","1","6","4","120.567899","24.203212","3"
"11600","66000","387130000C","(04)23274275","(04)23288582","2026","1","28","17","40","臺中市","霧峰區","0","0","0","7","","","50","","","","","","","","","","","","","","17","","","","","B12","","","1","","2","","","84","84","1","12","4","120.662944","24.063028","3"
"11601","66000","387130000C","(04)23274275","(04)23288582","2026","1","28","17","41","臺中市","太平區","0","1","0","7","1","6","40","13","8","1","5","4","6","6","4","4","5","5","4","1","13","3","10","2","1","C03","7","9","3","19","2","11","","7","7","1","13","4","120.730794","24.112419","2"
"11602","66000","387130000C","(04)23274275","(04)23288582","2026","1","28","17","41","臺中市","豐原區","0","1","0","7","2","6","50","4","1","1","5","4","6","6","2","1","5","5","4","2","17","3","10","5","4","B03","7","6","1","8","2","1","","11","11","1","12","4","120.714388","24.251087","2"
"11603","66000","387130000C","(04)23274275","(04)23288582","2026","1","28","17","43","臺中市","梧棲區","0","0","0","7","","","60","","","","","","","","","","","","","","13","","","","","B03","","","1","","1","","","7","7","1","6","4","120.537342","24.252076","3"
"11604","66000","387130000C","(04)23274275","(04)23288582","2026","1","28","17","44","臺中市","西區","0","1","0","7","3","6","30","4","1","1","5","4","6","6","4","4","10","5","5","2","15","2","9","1","1","C03","7","9","1","10","2","12","","15","15","1","6","4","120.655695","24.135928","2"
"11605","66000","387130000C","(04)23274275","(04)23288582","2026","1","28","17","45","臺中市","北屯區","0","2","0","7","1","6","50","13","8","1","5","4","6","6","4","4","1","4","4","2","13","2","9","2","1","C03","7","15","1","10","1","11","13","7","7","1","6","4","120.668322","24.178953","2"
"11606","66000","387130000C","(04)23274275","(04)23288582","2026","1","28","17","45","臺中市","大里區","0","1","0","7","1","6","30","4","2","1","5","4","6","6","4","4","10","5","5","2","12","2","3","6","1","F01","7","6","7","21","2","14","","42","42","1","12","4","120.690217","24.091123","2"
"11607","66000","387130000C","(04)23274275","(04)23288582","2026","1","28","17","48","臺中市","大雅區","0","0","0","7","","","60","","","","","","","","","","","","","","12","","","","","C03","","","1","","1","","","8","8","1","12","4","120.650048","24.212397","3"
"11608","66000","387130000C","(04)23274275","(04)23288582","2026","1","28","17","48","臺中市","南屯區","0","0","0","7","","","50","","","","","","","","","","","","","","","","","","","B03","","","1","","1","","","59","59","1","12","4","120.627382","24.144792","3"
"11609","66000","387130000C","(04)23274275","(04)23288582","2026","1","28","17","50","臺中市","北區","0","2","0","7","3","6","50","4","2","1","5","4","6","6","4","4","5","4","5","2","9","2","9","6","5","H01","8","20","7","21","2","17","","109","109","1","13","5","120.693491","24.155255","2"
"11610","66000","387130000C","(04)23274275","(04)23288582","2026","1","28","17","50","臺中市","西屯區","0","1","0","7","1","6","40","13","8","1","5","4","6","6","4","4","3","4","3","2","13","2","9","5","4","C03","7","9","1","10","2","11","","7","7","1","13","4","120.657288","24.158974","2"
"11611","66000","387130000C","(04)23274275","(04)23288582","2026","1","28","17","56","臺中市","霧峰區","0","0","0","7","","","30","","","","","","","","","","","","","","14","","","","","B03","","","1","","2","","","49","49","1","13","4","120.709749","24.077972","3"
"11612","66000","387130000C","(04)23274275","(04)23288582","2026","1","28","17","57","臺中市","北屯區","0","0","0","7","","3","80","","","","","","","","","","","","","","13","","","","","B03","","","1","","2","","","7","7","1","6","4","120.690738","24.2009","3"
"11613","66000","387130000C","(04)23274275","(04)23288582","2026","1","28","17","58","臺中市","豐原區","0","0","0","7","1","2","50","13","9","1","5","4","6","6","2","1","1","4","5","2","13","3","10","3","1","B03","7","9","1","8","2","1","","7","7","1","12","4","120.708641","24.250512","3"
"11614","66000","387130000C","(04)23274275","(04)23288582","2026","1","28","17","59","臺中市","西屯區","0","1","0","7","1","6","60","13","9","1","5","4","6","6","4","4","3","4","5","2","12","3","10","3","1","B02","7","7","1","8","2","6","","40","40","1","13","4","120.62753","24.177109","2"
"11615","66000","387130000C","(04)23274275","(04)23288582","2026","1","28","18","0","臺中市","南區","0","1","0","7","3","6","40","4","1","1","5","4","6","6","1","1","10","5","5","2","17","3","10","5","4","C03","7","9","1","10","2","13","","84","84","1","12","4","120.678513","24.128151","2"
"11616","66000","387130000C","(04)23274275","(04)23288582","2026","1","28","18","0","臺中市","后里區","0","1","0","7","2","6","50","5","1","1","5","4","6","6","1","1","1","5","4","1","12","3","10","1","1","C03","7","6","1","10","2","13","","73","73","1","12","4","120.680445","24.311276","2"
"11617","66000","387130000C","(04)23274275","(04)23288582","2026","1","28","18","3","臺中市","霧峰區","0","0","0","7","","","50","","","","","","","","","","","","","","13","","","","","B12","","","1","","2","","","51","51","1","12","4","120.662522","24.072078","3"
"11618","66000","387130000C","(04)23274275","(04)23288582","2026","1","28","18","4","臺中市","大雅區","0","0","0","7","","","50","","","","","","","","","","","","","","13","","","","","C03","","","1","","2","","","7","7","1","12","4","120.648548","24.226096","3"
"11619","66000","387130000C","(04)23274275","(04)23288582","2026","1","28","18","5","臺中市","清水區","0","0","0","7","","","40","","","","","","","","","","","","","","17","","","","","B03","","","1","","2","","","50","50","1","12","4","120.576397","24.270927","3"
"11620","66000","387130000C","(04)23274275","(04)23288582","2026","1","28","18","7","臺中市","神岡區","0","1","0","7","1","6","50","3","1","1","5","4","6","6","4","4","10","5","5","2","16","3","10","5","4","B03","7","6","1","8","2","5","","48","48","1","12","4","120.689496","24.241184","2"
"11621","66000","387130000C","(04)23274275","(04)23288582","2026","1","28","18","8","臺中市","神岡區","0","1","0","7","1","6","30","3","1","1","5","4","6","6","4","4","10","5","5","2","16","2","9","1","1","F01","7","6","7","21","2","13","","14","14","1","12","4","120.654176","24.273734","2"
"11622","66000","387130000C","(04)23274275","(04)23288582","2026","1","28","18","9","臺中市","南屯區","0","2","0","7","1","6","50","4","1","1","5","4","6","6","2","1","10","5","5","2","15","2","1","6","1","F02","7","9","7","21","2","12","","21","21","1","12","4","120.654499","24.136733","2"
"11623","66000","387130000C","(04)23274275","(04)23288582","2026","1","28","18","10","臺中市","霧峰區","0","1","0","7","1","6","40","13","8","1","5","4","6","6","4","4","9","5","4","2","12","2","8","1","1","C03","7","9","1","10","2","12","","59","59","1","12","4","120.702297","24.075856","2"
"11624","66000","387130000C","(04)23274275","(04)23288582","2026","1","28","18","10","臺中市","大甲區","0","0","0","7","","","50","","","","","","","","","","","","","","","","","","","B03","","","1","","1","","","84","84","1","6","4","120.645823","24.408106","3"
"11625","66000","387130000C","(04)23274275","(04)23288582","2026","1","28","18","10","臺中市","大甲區","0","1","0","7","1","6","50","13","9","1","5","4","6","6","4","4","9","4","5","1","13","3","10","1","1","C03","7","9","1","10","2","11","","7","7","1","6","4","120.614247","24.348103","2"
"11626","66000","387130000C","(04)23274275","(04)23288582","2026","1","28","18","11","臺中市","東區","0","0","0","7","","","50","","","","","","","","","","","","","","","","","","","B03","","","1","","1","","","14","14","1","13","4","120.705222","24.136931","3"
"11627","66000","387130000C","(04)23274275","(04)23288582","2026","1","28","18","13","臺中市","西屯區","0","1","0","7","1","6","30","13","9","1","5","4","6","6","4","4","10","5","5","2","14","3","10","5","4","B03","7","2","1","8","1","6","","49","49","1","13","4","120.617323","24.187522","2"
"11628","66000","387130000C","(04)23274275","(04)23288582","2026","1","28","18","15","臺中市","大雅區","0","1","0","7","1","6","50","4","2","1","5","4","6","6","1","1","10","5","5","2","12","2","9","1","1","C03","7","9","1","10","2","11","","8","8","1","12","4","120.661915","24.232741","2"
"11629","66000","387130000C","(04)23274275","(04)23288582","2026","1","28","18","18","臺中市","豐原區","0","0","0","7","","","50","","","","","","","","","","","","","","16","","","","","B03","","","1","","1","","","8","8","1","12","4","120.717086","24.254806","4"
"11630","66000","387130000C","(04)23274275","(04)23288582","2026","1","28","18","20","臺中市","北屯區","0","2","0","7","3","6","50","13","10","1","5","4","6","6","4","4","1","4","5","2","17","2","7","2","1","C03","7","9","1","10","2","14","","84","84","1","6","4","120.694661","24.165377","2"
"11631","66000","387130000C","(04)23274275","(04)23288582","2026","1","28","18","21","臺中市","霧峰區","0","0","0","7","","3","40","","","","","","","","","","","","","","12","","","","","B03","","","1","","2","","","20","20","1","6","4","120.685171","24.055497","3"
"11632","66000","387130000C","(04)23274275","(04)23288582","2026","1","28","18","22","臺中市","沙鹿區","0","0","0","6","","","30","","","","","","","","","","","","","","14","","","","","B03","","","1","","2","","","49","49","1","12","4","120.582649","24.250313","3"
"11633","66000","387130000C","(04)23274275","(04)23288582","2026","1","28","18","23","臺中市","霧峰區","0","2","0","7","1","6","30","3","2","1","5","4","6","6","4","4","5","2","5","2","17","3","10","3","1","B03","7","6","1","8","2","8","","20","20","1","13","4","120.700357","24.069855","2"
"11634","66000","387130000C","(04)23274275","(04)23288582","2026","1","28","18","26","臺中市","南屯區","0","0","0","7","1","6","50","13","9","1","5","4","6","6","1","1","1","4","5","2","13","","","","","C03","","","1","","2","","","7","7","1","12","4","120.646405","24.137484","3"
"11635","66000","387130000C","(04)23274275","(04)23288582","2026","1","28","18","27","臺中市","東區","0","2","0","7","1","6","50","4","1","1","5","4","6","6","1","1","9","4","5","2","12","2","9","1","1","C03","7","5","1","10","2","12","","47","47","1","12","4","120.694677","24.129622","2"
"11636","66000","387130000C","(04)23274275","(04)23288582","2026","1","28","18","28","臺中市","西屯區","0","0","0","7","","","30","","","","","","","","","","","","","","17","","","","","C03","","","1","","1","","","84","84","1","13","4","120.652493","24.169512","3"
"11637","66000","387130000C","(04)23274275","(04)23288582","2026","1","28","18","29","臺中市","西區","0","0","0","7","","","50","","","","","","","","","","","","","","13","","","","","B03","","","1","","1","","","59","59","1","13","4","120.660898","24.146715","3"
"11638","66000","387130000C","(04)23274275","(04)23288582","2026","1","28","18","30","臺中市","沙鹿區","0","1","0","7","1","6","50","4","1","1","5","4","6","6","4","4","10","5","5","2","15","3","10","3","1","B12","7","9","1","8","2","1","","12","12","1","6","4","120.561918","24.25423","2"
"11639","66000","387130000C","(04)23274275","(04)23288582","2026","1","28","18","30","臺中市","神岡區","0","1","0","7","1","6","50","3","1","1","5","4","6","6","4","4","10","5","5","2","9","3","10","5","4","B03","7","6","1","8","2","8","","84","84","1","12","4","120.68042","24.251741","2"
"11640","66000","387130000C","(04)23274275","(04)23288582","2026","1","28","18","32","臺中市","西屯區","0","1","0","7","1","6","60","13","10","1","5","4","6","6","1","1","1","2","1","2","9","3","10","3","1","A04","7","14","1","1","2","16","","74","74","1","12","4","120.643159","24.16603","2"
"11641","66000","387130000C","(04)23274275","(04)23288582","2026","1","28","18","33","臺中市","大雅區","0","0","0","7","","","70","","","","","","","","","","","","","","13","","","","","B03","","","1","","1","","","59","59","1","12","4","120.629748","24.241404","3"
"11642","66000","387130000C","(04)23274275","(04)23288582","2026","1","28","18","34","臺中市","北區","0","0","0","7","","","50","","","","","","","","","","","","","","14","","","","","B02","","","1","","1","","","49","49","1","12","4","120.683351","24.148662","3"
"11643","66000","387130000C","(04)23274275","(04)23288582","2026","1","28","18","40","臺中市","北區","0","1","0","7","1","6","50","5","1","1","5","4","6","6","1","1","10","5","5","2","17","2","9","5","4","C03","7","6","1","10","2","14","","48","48","1","12","4","120.682552","24.145833","2"
"11644","66000","387130000C","(04)23274275","(04)23288582","2026","1","28","18","40","臺中市","龍井區","0","0","0","7","","","50","","","","","","","","","","","","","","11","","","","","B03","","","1","","2","","","14","14","1","12","4","120.549854","24.190945","3"
"11645","66000","387130000C","(04)23274275","(04)23288582","2026","1","28","18","41","臺中市","西屯區","0","0","0","7","","","50","","","","","","","","","","","","","","12","","","","","B03","","","1","","2","","","48","48","1","13","4","120.645081","24.162703","3"
"11646","66000","387130000C","(04)23274275","(04)23288582","2026","1","28","18","41","臺中市","西屯區","0","1","0","7","1","6","50","13","9","1","5","4","6","6","4","4","8","3","5","2","16","2","8","6","1","F02","7","1","7","21","2","14","","51","51","1","13","4","120.656278","24.15987","2"
"11647","66000","387130000C","(04)23274275","(04)23288582","2026","1","28","18","48","臺中市","西屯區","0","0","0","7","","","60","","","","","","","","","","","","","","16","","","","","B02","","","1","","1","","","40","40","1","13","4","120.649777","24.16273","3"
"11648","66000","387130000C","(04)23274275","(04)23288582","2026","1","28","18","51","臺中市","北屯區","0","0","0","6","","","30","","","","","","","","","","","","","","13","","","","","C03","","","1","","1","","","7","7","1","5","4","120.720627","24.172549","3"
"11649","66000","387130000C","(04)23274275","(04)23288582","2026","1","28","18","55","臺中市","北屯區","0","0","0","7","","","50","","","","","","","","","","","","","","","","","","","B01","","","1","","1","","","8","8","1","13","4","120.718133","24.159709","3"
"11650","66000","387130000C","(04)23274275","(04)23288582","2026","1","28","18","59","臺中市","北區","0","1","0","7","1","6","50","4","1","1","5","4","6","6","1","1","1","4","5","2","16","3","10","3","1","B03","7","5","1","8","2","6","","47","47","1","11","4","120.685134","24.16315","2"
"11651","66000","387130000C","(04)23274275","(04)23288582","2026","1","28","19","1","臺中市","烏日區","0","0","0","7","","","50","","","","","","","","","","","","","","","","","","","B03","","","1","","1","","","50","50","1","13","4","120.647871","24.109606","3"
"11652","66000","387130000C","(04)23274275","(04)23288582","2026","1","28","19","3","臺中市","北區","0","0","0","7","","","50","","","","","","","","","","","","","","17","","","","","C03","","","6","","9","","","50","50","1","13","4","120.66672","24.155294","4"
"11653","66000","387130000C","(04)23274275","(04)23288582","2026","1","28","19","4","臺中市","豐原區","0","0","0","7","","","50","","","","","","","","","","","","","","17","","","","","C03","","","1","","2","","","7","7","1","13","4","120.730034","24.254268","3"
"11654","66000","387130000C","(04)23274275","(04)23288582","2026","1","28","19","7","臺中市","大里區","0","0","0","7","","","50","","","","","","","","","","","","","","13","","","","","B03","","","1","","7","","","7","7","1","12","4","120.699587","24.085355","3"
"11655","66000","387130000C","(04)23274275","(04)23288582","2026","1","28","19","10","臺中市","北屯區","0","0","0","7","","","50","","","","","","","","","","","","","","13","","","","","B03","","","1","","1","","","7","7","1","6","4","120.670135","24.177936","4"
"11656","66000","387130000C","(04)23274275","(04)23288582","2026","1","28","19","13","臺中市","南屯區","0","1","0","7","1","6","50","4","1","1","5","4","6","6","2","1","10","5","5","2","13","2","9","2","4","C03","7","9","1","10","1","12","","7","7","1","6","4","120.646559","24.150757","2"
"11657","66000","387130000C","(04)23274275","(04)23288582","2026","1","28","19","19","臺中市","西屯區","0","0","0","7","","","50","","","","","","","","","","","","","","13","","","","","B03","","","1","","1","","","59","59","1","12","4","120.649482","24.162353","3"
"11658","66000","387130000C","(04)23274275","(04)23288582","2026","1","28","19","22","臺中市","北區","0","0","0","7","","","50","","","","","","","","","","","","","","","","","","","B03","","","1","","2","","","26","26","1","12","4","120.686245","24.154437","3"
"11659","66000","387130000C","(04)23274275","(04)23288582","2026","1","28","19","25","臺中市","西區","0","1","0","7","1","6","50","4","1","1","5","4","6","6","1","1","10","5","5","2","17","3","10","3","1","B03","7","5","1","8","2","2","","11","11","1","12","4","120.667712","24.130908","2"
"11660","66000","387130000C","(04)23274275","(04)23288582","2026","1","28","19","27","臺中市","北區","0","0","0","7","","","50","","","","","","","","","","","","","","14","","","","","C03","","","1","","1","","","84","84","1","12","4","120.675217","24.168566","3"
"11661","66000","387130000C","(04)23274275","(04)23288582","2026","1","28","19","30","臺中市","北區","0","0","0","7","","","50","","","","","","","","","","","","","","18","","","","","F01","","","7","","7","","","84","84","1","12","4","120.673776","24.165143","4"
"11662","66000","387130000C","(04)23274275","(04)23288582","2026","1","28","19","44","臺中市","后里區","0","1","0","7","1","6","40","13","12","1","5","4","6","6","4","4","8","4","4","1","14","3","10","3","1","B03","7","2","1","7","2","3","","49","49","1","6","4","120.721069","24.309188","2"
"11663","66000","387130000C","(04)23274275","(04)23288582","2026","1","28","19","47","臺中市","太平區","0","1","0","7","1","6","50","4","1","1","5","4","6","6","1","1","10","5","5","2","16","2","9","2","1","C03","7","6","1","10","2","11","","48","48","1","13","4","120.719889","24.156279","2"
"11664","66000","387130000C","(04)23274275","(04)23288582","2026","1","28","19","53","臺中市","和平區","0","0","0","7","1","2","40","13","9","1","5","4","6","6","3","1","6","1","5","1","28","3","10","5","1","B03","7","9","1","8","2","8","","24","24","1","12","4","120.8894","24.170389","3"
"11665","66000","387130000C","(04)23274275","(04)23288582","2026","1","28","19","55","臺中市","南屯區","0","0","0","7","","","50","","","","","","","","","","","","","","13","","","","","C03","","","1","","1","","","7","7","1","13","4","120.610777","24.138435","3"
"11666","66000","387130000C","(04)23274275","(04)23288582","2026","1","28","19","57","臺中市","潭子區","0","2","0","7","1","6","60","13","7","1","5","4","6","6","2","1","9","4","5","1","13","3","10","3","1","B03","7","9","1","4","2","1","","84","84","1","13","4","120.702037","24.200944","2"
"11667","66000","387130000C","(04)23274275","(04)23288582","2026","1","28","20","3","臺中市","神岡區","0","0","0","7","","","50","","","","","","","","","","","","","","17","","","","","C03","","","2","","2","","","51","51","1","12","4","120.674402","24.252327","3"
"11668","66000","387130000C","(04)23274275","(04)23288582","2026","1","28","20","4","臺中市","大甲區","0","0","0","7","","","50","","","","","","","","","","","","","","16","","","","","B03","","","1","","2","","","51","51","1","6","4","120.655977","24.397336","3"
"11669","66000","387130000C","(04)23274275","(04)23288582","2026","1","28","20","11","臺中市","西區","0","0","0","7","","","50","","","","","","","","","","","","","","","","","","","B03","","","1","","1","","","84","84","1","6","4","120.672666","24.146955","3"
"11670","66000","387130000C","(04)23274275","(04)23288582","2026","1","28","20","13","臺中市","西屯區","0","1","0","7","1","6","50","3","2","1","5","4","6","6","1","1","5","4","5","2","12","2","8","1","1","C03","7","9","1","10","2","12","","84","84","1","12","4","120.649809","24.167634","2"
"11671","66000","387130000C","(04)23274275","(04)23288582","2026","1","28","20","17","臺中市","大里區","0","2","0","7","2","6","50","13","9","1","5","4","6","6","1","1","1","4","5","1","17","2","9","1","1","C03","7","9","1","10","2","11","","7","7","1","12","4","120.681393","24.104435","2"
"11672","66000","387130000C","(04)23274275","(04)23288582","2026","1","28","20","22","臺中市","大肚區","0","0","0","7","","","50","","","","","","","","","","","","","","","","","","","B03","","","1","","9","","","49","49","2","12","4","120.540605","24.154129","3"
"11673","66000","387130000C","(04)23274275","(04)23288582","2026","1","28","20","25","臺中市","大甲區","0","0","0","6","","","50","","","","","","","","","","","","","","11","","","","","B03","","","1","","2","","","8","8","1","13","4","120.629119","24.346961","3"
"11674","66000","387130000C","(04)23274275","(04)23288582","2026","1","28","20","43","臺中市","西屯區","0","1","0","7","1","6","50","13","9","1","5","4","6","6","4","4","1","3","2","2","12","2","8","1","1","C03","7","8","1","10","2","13","","40","40","1","13","4","120.651122","24.208678","2"
"11675","66000","387130000C","(04)23274275","(04)23288582","2026","1","28","20","46","臺中市","太平區","0","0","0","7","","","30","","","","","","","","","","","","","","17","","","","","B12","","","1","","2","","","84","84","1","13","4","120.731123","24.1294","3"
"11676","66000","387130000C","(04)23274275","(04)23288582","2026","1","28","20","49","臺中市","西屯區","0","0","0","7","","","50","","","","","","","","","","","","","","17","","","","","B03","","","1","","2","","","8","8","1","13","4","120.644879","24.171805","3"
"11677","66000","387130000C","(04)23274275","(04)23288582","2026","1","28","20","55","臺中市","太平區","0","0","0","7","","","30","","","","","","","","","","","","","","","","","","","B03","","","1","","1","","","8","8","1","12","4","120.716597","24.122496","3"
"11678","66000","387130000C","(04)23274275","(04)23288582","2026","1","28","21","0","臺中市","北屯區","0","0","0","7","","","50","","","","","","","","","","","","","","13","","","","","B03","","","1","","1","","","84","84","1","6","4","120.694198","24.17151","3"
"11679","66000","387130000C","(04)23274275","(04)23288582","2026","1","28","21","12","臺中市","太平區","0","2","0","7","1","6","30","4","1","1","5","4","6","6","4","4","10","5","5","2","15","2","9","2","1","C03","7","9","1","10","2","12","","15","15","1","12","4","120.719192","24.103009","2"
"11680","66000","387130000C","(04)23274275","(04)23288582","2026","1","28","21","38","臺中市","南屯區","0","0","0","7","","","50","","","","","","","","","","","","","","13","","","","","B02","","","1","","1","","","59","59","1","13","4","120.623679","24.149084","3"
"11681","66000","387130000C","(04)23274275","(04)23288582","2026","1","28","21","40","臺中市","大里區","0","1","0","7","1","6","50","4","2","1","5","4","6","6","1","1","10","5","5","2","20","2","9","1","1","C03","7","9","1","10","2","12","","59","59","1","6","4","120.679068","24.115061","2"
"11682","66000","387130000C","(04)23274275","(04)23288582","2026","1","28","21","45","臺中市","南區","0","2","0","7","3","6","50","3","1","1","5","4","6","6","1","1","10","5","5","2","16","3","10","5","4","B03","7","6","1","8","2","5","","11","11","1","12","4","120.657578","24.124635","2"
"11683","66000","387130000C","(04)23274275","(04)23288582","2026","1","28","21","54","臺中市","西區","0","0","0","7","","","30","","","","","","","","","","","","","","","","","","","B03","","","1","","2","","","84","84","1","12","4","120.656033","24.141858","3"
"11684","66000","387130000C","(04)23274275","(04)23288582","2026","1","28","22","0","臺中市","南屯區","0","0","0","7","","","50","","","","","","","","","","","","","","16","","","","","B03","","","1","","1","","","41","41","1","12","4","120.638354","24.147284","4"
"11685","66000","387130000C","(04)23274275","(04)23288582","2026","1","28","22","4","臺中市","北屯區","0","0","0","6","","","50","","","","","","","","","","","","","","17","","","","","B03","","","1","","2","","","50","50","1","6","4","120.729983","24.171019","3"
"11686","66000","387130000C","(04)23274275","(04)23288582","2026","1","28","22","11","臺中市","北屯區","0","1","0","7","1","6","50","4","2","1","5","4","6","6","1","1","3","4","5","2","13","2","9","1","1","C03","7","9","1","10","2","11","","84","84","1","13","4","120.677168","24.185375","2"
"11687","66000","387130000C","(04)23274275","(04)23288582","2026","1","28","22","18","臺中市","西屯區","0","2","0","7","1","6","50","3","2","1","5","4","6","6","1","1","10","4","5","2","13","2","9","1","1","C03","7","9","1","10","2","11","","7","7","1","13","4","120.657764","24.200684","2"
"11688","66000","387130000C","(04)23274275","(04)23288582","2026","1","28","22","19","臺中市","西區","0","0","0","7","","","50","","","","","","","","","","","","","","17","","","","","B03","","","1","","2","","","40","40","1","13","4","120.658972","24.155928","3"
"11689","66000","387130000C","(04)23274275","(04)23288582","2026","1","28","22","19","臺中市","西屯區","0","1","0","7","1","6","50","3","1","1","5","4","6","6","1","1","10","5","5","2","12","3","10","3","4","B03","7","5","1","8","2","6","","47","47","1","13","4","120.659001","24.171068","2"
"11690","66000","387130000C","(04)23274275","(04)23288582","2026","1","28","22","27","臺中市","豐原區","0","1","0","7","1","6","50","3","1","1","5","4","6","6","3","1","1","4","5","1","16","3","10","2","1","C03","7","5","1","10","2","12","","47","47","1","13","4","120.713991","24.243632","2"
"11691","66000","387130000C","(04)23274275","(04)23288582","2026","1","28","22","36","臺中市","北區","0","0","0","7","","","50","","","","","","","","","","","","","","13","","","","","B01","","","1","","2","","","59","59","1","13","4","120.682528","24.146197","3"
"11692","66000","387130000C","(04)23274275","(04)23288582","2026","1","28","23","3","臺中市","神岡區","0","1","0","7","1","6","50","4","1","1","5","4","6","6","1","1","10","5","5","2","16","3","10","5","4","B03","7","6","1","8","2","8","","11","11","1","12","4","120.655461","24.258729","2"
"11693","66000","387130000C","(04)23274275","(04)23288582","2026","1","28","23","15","臺中市","龍井區","0","1","0","7","1","6","40","3","2","1","5","4","6","6","4","4","1","4","3","1","17","2","9","1","1","C03","7","9","1","10","2","11","","85","85","1","12","4","120.504675","24.207036","2"
"11694","66000","387130000C","(04)23274275","(04)23288582","2026","1","28","23","16","臺中市","大雅區","0","1","0","7","1","6","50","3","9","1","5","4","6","6","4","4","5","5","5","2","27","2","9","1","1","C03","7","9","1","10","2","11","","84","84","1","12","4","120.669114","24.221029","2"
"11695","66000","387130000C","(04)23274275","(04)23288582","2026","1","28","23","16","臺中市","南區","0","0","0","7","","","40","","","","","","","","","","","","","","14","","","","","B12","","","1","","2","","","49","49","1","6","4","120.654532","24.12264","3"
"11696","66000","387130000C","(04)23274275","(04)23288582","2026","1","28","23","31","臺中市","西屯區","0","0","0","7","","","50","","","","","","","","","","","","","","9","","","","","A12","","","1","","2","","","78","78","1","13","4","120.667035","24.177936","3"
"11697","66000","387130000C","(04)23274275","(04)23288582","2026","1","29","0","16","臺中市","南屯區","0","2","0","7","1","6","50","4","1","1","5","4","6","6","4","4","5","5","5","2","15","2","9","1","1","C03","7","9","1","10","2","14","","20","20","1","12","4","120.637534","24.140064","2"
"11698","66000","387130000C","(04)23274275","(04)23288582","2026","1","29","0","22","臺中市","梧棲區","0","0","0","7","","","50","","","","","","","","","","","","","","17","","","","","B03","","","1","","1","","","85","85","1","6","4","120.53762","24.261087","3"
"11699","66000","387130000C","(04)23274275","(04)23288582","2026","1","29","0","29","臺中市","西區","0","0","0","7","","","50","","","","","","","","","","","","","","","","","","","B01","","","1","","1","","","84","84","1","12","4","120.67178","24.131679","3"
"11700","66000","387130000C","(04)23274275","(04)23288582","2026","1","29","1","40","臺中市","北屯區","0","2","0","7","1","6","50","13","9","1","5","4","6","6","4","4","5","5","5","2","17","2","1","3","1","B03","7","15","1","8","2","1","","57","57","1","6","4","120.678715","24.174277","2"
"11701","66000","387130000C","(04)23274275","(04)23288582","2026","1","29","2","43","臺中市","沙鹿區","0","0","0","7","","","50","","","","","","","","","","","","","","25","","","","","B03","","","1","","2","","","82","82","1","12","4","120.5712","24.216407","3"