序號,縣市別代碼,機關代碼,市話,傳真,年,月,日,時,分,縣市,區,死亡數量,受傷數量,2-30,天候,道路照明設備,道路類別,道路速限,道路型態,事故位置,路面鋪裝,路面狀態,路面缺陷,障礙物,視距,號誌種類,號誌動作,分向設施,快車道或一般車道間,快慢車道間,路面邊線,事故類型及型態,受傷程度,主要傷處,保護裝備,行動電話或功能裝置,當事者區分(類別),車輛用途,當事者行動狀態,駕照狀態,駕照種類,飲酒情形,車輛撞擊部位最初,車輛撞擊部位其他,肇事因素個別,肇事因素主要,肇事逃逸,職業,共享經濟或外送平台,GPS座標X,GPS座標Y,事故類別
"11702","66000","387130000C","(04)23274275","(04)23288582","2026","1","29","3","42","臺中市","北區","0","1","0","7","1","6","50","4","1","1","5","4","6","6","4","4","10","5","5","2","15","2","9","1","1","C03","7","9","1","10","2","11","","12","12","1","12","2","120.67405","24.1472","2"
"11703","66000","387130000C","(04)23274275","(04)23288582","2026","1","29","4","12","臺中市","太平區","0","0","0","7","","","50","","","","","","","","","","","","","","","","","","","B12","","","1","","2","","","55","55","1","12","4","120.714365","24.144808","3"
"11704","66000","387130000C","(04)23274275","(04)23288582","2026","1","29","4","22","臺中市","神岡區","0","1","0","7","1","6","50","4","1","1","5","4","6","6","1","1","1","4","5","1","15","4","11","1","4","C03","7","9","1","10","2","11","","21","21","1","12","4","120.699146","24.235624","2"
"11705","66000","387130000C","(04)23274275","(04)23288582","2026","1","29","5","9","臺中市","大里區","0","1","0","7","1","6","50","4","1","1","5","4","6","6","4","4","5","4","5","2","16","3","10","3","1","B03","7","6","1","8","2","4","","14","14","1","12","4","120.688261","24.115275","2"
"11706","66000","387130000C","(04)23274275","(04)23288582","2026","1","29","6","8","臺中市","大甲區","0","0","0","7","","","50","","","","","","","","","","","","","","","","","","","C03","","","1","","2","","","12","12","1","6","2","120.615884","24.347052","3"
"11707","66000","387130000C","(04)23274275","(04)23288582","2026","1","29","6","28","臺中市","大肚區","0","1","0","7","2","6","1","13","9","1","5","4","6","6","4","4","9","5","5","2","28","","","","","","","","","","","","","118","118","1","","","120.579664","24.168632","2"
"11708","66000","387130000C","(04)23274275","(04)23288582","2026","1","29","6","31","臺中市","豐原區","0","1","0","7","2","6","40","3","9","1","5","4","6","6","4","4","1","4","5","1","12","3","10","5","4","B03","7","1","1","8","2","8","","51","51","1","13","4","120.722926","24.244585","2"
"11709","66000","387130000C","(04)23274275","(04)23288582","2026","1","29","6","38","臺中市","西屯區","0","1","0","7","2","6","50","13","9","1","5","4","6","6","4","4","10","5","5","2","30","2","9","5","4","C03","7","9","1","9","2","11","","84","84","1","13","4","120.646238","24.168586","2"
"11710","66000","387130000C","(04)23274275","(04)23288582","2026","1","29","6","49","臺中市","南屯區","0","0","0","7","","","50","","","","","","","","","","","","","","13","","","","","C03","","","1","","1","","","59","59","1","12","2","120.612194","24.138063","3"
"11711","66000","387130000C","(04)23274275","(04)23288582","2026","1","29","6","50","臺中市","大里區","0","1","0","7","3","6","50","5","1","1","5","4","6","6","2","1","5","5","4","2","16","3","10","3","1","B03","7","5","1","8","2","2","","11","11","1","12","4","120.701072","24.102739","2"
"11712","66000","387130000C","(04)23274275","(04)23288582","2026","1","29","6","59","臺中市","西屯區","0","1","0","7","1","6","50","4","1","1","5","4","6","6","2","1","10","5","5","2","15","3","10","3","1","B03","7","9","1","8","2","8","","21","21","1","12","4","120.652467","24.15972","2"
"11713","66000","387130000C","(04)23274275","(04)23288582","2026","1","29","6","59","臺中市","大甲區","0","0","0","7","","","50","","","","","","","","","","","","","","","","","","","B03","","","1","","1","","","14","14","1","6","4","120.613419","24.348278","3"
"11714","66000","387130000C","(04)23274275","(04)23288582","2026","1","29","7","5","臺中市","沙鹿區","0","1","0","7","2","6","40","13","8","1","5","4","6","6","4","4","4","5","4","2","17","2","9","2","1","F01","7","9","7","21","2","11","","59","59","1","3","4","120.563682","24.235173","2"
"11715","66000","387130000C","(04)23274275","(04)23288582","2026","1","29","7","16","臺中市","南區","0","0","0","7","","","50","","","","","","","","","","","","","","17","","","","","A04","","","1","","2","","","51","51","1","12","4","120.6538","24.118871","3"
"11716","66000","387130000C","(04)23274275","(04)23288582","2026","1","29","7","19","臺中市","東勢區","0","0","0","7","","","50","","","","","","","","","","","","","","14","","","","","B03","","","1","","3","","","49","49","1","13","4","120.815845","24.282865","3"
"11717","66000","387130000C","(04)23274275","(04)23288582","2026","1","29","7","23","臺中市","神岡區","0","0","0","7","","","30","","","","","","","","","","","","","","17","","","","","B03","","","1","","2","","","8","8","1","13","4","120.710576","24.257415","3"
"11718","66000","387130000C","(04)23274275","(04)23288582","2026","1","29","7","24","臺中市","大雅區","0","0","0","7","","","50","","","","","","","","","","","","","","","","","","","A41","","","1","","2","","","84","84","1","12","4","120.608482","24.237064","3"
"11719","66000","387130000C","(04)23274275","(04)23288582","2026","1","29","7","25","臺中市","大甲區","0","1","0","7","1","6","50","3","1","1","5","4","6","6","4","4","9","4","5","1","16","3","10","3","1","B03","7","5","1","8","2","8","","14","14","1","6","4","120.621886","24.354178","2"
"11720","66000","387130000C","(04)23274275","(04)23288582","2026","1","29","7","30","臺中市","大雅區","0","0","0","7","3","6","50","13","8","1","5","4","6","6","1","1","1","3","4","2","13","3","10","3","1","B03","7","9","1","8","2","3","","87","87","1","12","4","120.649636","24.221619","3"
"11721","66000","387130000C","(04)23274275","(04)23288582","2026","1","29","7","30","臺中市","西屯區","0","2","0","7","2","6","30","4","1","1","5","4","6","6","4","4","10","5","5","2","15","2","9","1","4","C03","7","9","1","10","2","12","","15","15","1","12","4","120.616748","24.175078","2"
"11722","66000","387130000C","(04)23274275","(04)23288582","2026","1","29","7","31","臺中市","潭子區","0","1","0","7","3","6","50","13","9","1","5","2","6","6","4","4","1","5","5","1","18","2","9","2","1","C03","7","9","1","10","2","14","","84","84","1","13","4","120.714316","24.202697","2"
"11723","66000","387130000C","(04)23274275","(04)23288582","2026","1","29","7","31","臺中市","大甲區","0","1","0","7","2","6","50","13","9","1","5","4","6","6","4","4","7","3","5","2","13","3","10","3","1","B03","7","9","1","18","2","5","","7","7","1","12","4","120.641187","24.364371","2"
"11724","66000","387130000C","(04)23274275","(04)23288582","2026","1","29","7","36","臺中市","大肚區","0","1","0","7","2","6","30","4","1","1","5","4","6","6","4","4","10","5","5","2","16","3","10","3","1","B03","7","6","1","8","2","8","","14","14","1","6","4","120.545086","24.148124","2"
"11725","66000","387130000C","(04)23274275","(04)23288582","2026","1","29","7","38","臺中市","太平區","0","1","0","7","2","6","50","3","1","1","5","4","6","6","1","1","10","5","5","2","16","2","9","2","1","C03","7","9","1","10","2","11","","39","39","1","12","4","120.703588","24.112382","2"
"11726","66000","387130000C","(04)23274275","(04)23288582","2026","1","29","7","39","臺中市","神岡區","0","0","0","7","2","6","50","5","1","1","5","4","6","6","1","1","5","5","5","1","9","3","10","1","1","C03","7","6","1","10","2","12","12","11","11","1","12","4","120.689344","24.257895","3"
"11727","66000","387130000C","(04)23274275","(04)23288582","2026","1","29","7","40","臺中市","梧棲區","0","1","0","7","2","6","60","3","1","1","5","4","6","6","1","1","10","5","5","1","12","2","9","1","1","C03","7","8","1","10","2","14","","40","40","1","6","4","120.537419","24.253123","2"
"11728","66000","387130000C","(04)23274275","(04)23288582","2026","1","29","7","42","臺中市","北區","0","1","0","7","3","6","50","18","24","1","5","4","6","6","4","4","10","5","4","2","17","2","9","5","4","F01","7","9","7","21","2","14","","84","84","1","13","4","120.685829","24.159044","2"
"11729","66000","387130000C","(04)23274275","(04)23288582","2026","1","29","7","42","臺中市","南區","0","1","0","7","2","6","50","4","2","1","5","4","6","6","4","4","9","5","5","2","17","3","10","5","4","C03","7","1","1","10","2","11","","51","51","1","13","4","120.671086","24.125654","2"
"11730","66000","387130000C","(04)23274275","(04)23288582","2026","1","29","7","42","臺中市","大里區","0","2","0","7","2","6","50","4","1","1","5","4","6","6","1","1","10","5","5","1","15","2","9","1","1","C03","7","9","1","10","2","11","","21","21","1","12","4","120.681135","24.102431","2"
"11731","66000","387130000C","(04)23274275","(04)23288582","2026","1","29","7","43","臺中市","太平區","0","0","0","7","","","50","","","","","","","","","","","","","","13","","","","","B03","","","1","","1","","","55","55","1","12","4","120.701755","24.148102","3"
"11732","66000","387130000C","(04)23274275","(04)23288582","2026","1","29","7","45","臺中市","西屯區","0","0","0","7","","3","80","","","","","","","","","","","","","","13","","","","","C01","","","1","","2","","","7","7","1","12","4","120.654432","24.199203","3"
"11733","66000","387130000C","(04)23274275","(04)23288582","2026","1","29","7","46","臺中市","豐原區","0","2","0","7","1","6","30","4","1","1","5","4","6","6","4","4","10","5","5","2","17","2","9","1","1","C03","7","6","1","10","2","11","","48","48","1","6","4","120.727887","24.240943","2"
"11734","66000","387130000C","(04)23274275","(04)23288582","2026","1","29","7","49","臺中市","后里區","0","1","0","7","2","6","50","4","1","1","5","4","6","6","1","1","5","4","4","1","16","3","10","3","1","B03","7","6","1","8","2","5","","11","11","1","12","4","120.723489","24.323849","2"
"11735","66000","387130000C","(04)23274275","(04)23288582","2026","1","29","7","50","臺中市","大雅區","0","1","0","7","3","6","50","3","1","1","5","4","6","6","3","1","4","3","5","2","16","3","10","3","1","B03","7","6","1","8","2","2","","11","11","1","12","4","120.673081","24.231262","2"
"11736","66000","387130000C","(04)23274275","(04)23288582","2026","1","29","7","50","臺中市","西區","0","0","0","7","","","50","","","","","","","","","","","","","","13","","","","","B03","","","1","","1","","","7","7","1","13","4","120.663128","24.14306","3"
"11737","66000","387130000C","(04)23274275","(04)23288582","2026","1","29","7","51","臺中市","東區","0","2","0","7","2","6","50","3","1","1","5","4","6","6","1","1","9","5","5","2","17","2","9","1","1","C03","7","8","5","10","2","13","","84","84","1","12","4","120.699381","24.145177","2"
"11738","66000","387130000C","(04)23274275","(04)23288582","2026","1","29","7","52","臺中市","北區","0","0","0","7","","","50","","","","","","","","","","","","","","12","","","","","C03","","","1","","2","","","8","8","1","6","4","120.673337","24.166906","3"
"11739","66000","387130000C","(04)23274275","(04)23288582","2026","1","29","7","53","臺中市","大安區","0","1","0","7","2","6","50","4","9","1","5","4","6","6","1","1","6","3","5","1","11","2","9","1","1","F03","7","9","7","21","2","11","","21","21","1","12","4","120.60346","24.379776","2"
"11740","66000","387130000C","(04)23274275","(04)23288582","2026","1","29","7","54","臺中市","北屯區","0","1","0","7","2","6","50","13","9","1","5","4","6","6","4","4","9","5","5","2","17","3","10","3","1","B03","7","1","1","8","2","8","","51","51","1","13","4","120.709564","24.181363","2"
"11741","66000","387130000C","(04)23274275","(04)23288582","2026","1","29","7","54","臺中市","梧棲區","0","1","0","7","1","6","50","13","9","1","5","4","6","6","4","4","5","5","5","1","13","2","9","1","1","C03","7","9","1","10","2","11","","7","7","1","6","4","120.536747","24.239115","2"
"11742","66000","387130000C","(04)23274275","(04)23288582","2026","1","29","7","56","臺中市","北區","0","1","0","7","2","6","50","4","1","1","5","4","6","6","4","4","10","5","5","2","16","3","10","5","4","B03","7","6","1","8","2","8","","14","14","1","13","4","120.678914","24.158269","2"
"11743","66000","387130000C","(04)23274275","(04)23288582","2026","1","29","7","56","臺中市","北屯區","0","1","0","7","3","6","50","4","1","1","5","4","6","6","1","1","10","5","5","2","13","3","10","2","1","C03","7","9","1","10","2","11","","7","7","1","6","4","120.694335","24.164674","2"
"11744","66000","387130000C","(04)23274275","(04)23288582","2026","1","29","7","58","臺中市","西區","0","0","0","7","","","50","","","","","","","","","","","","","","12","","","","","B03","","","1","","2","","","8","8","1","12","4","120.663719","24.137836","3"
"11745","66000","387130000C","(04)23274275","(04)23288582","2026","1","29","7","59","臺中市","北屯區","0","0","0","7","","","50","","","","","","","","","","","","","","13","","","","","C03","","","1","","3","","","7","7","1","13","4","120.685745","24.179259","3"
"11746","66000","387130000C","(04)23274275","(04)23288582","2026","1","29","8","0","臺中市","北區","0","2","0","7","2","6","30","4","1","1","5","4","6","6","4","4","10","5","5","2","17","2","9","1","1","C03","7","9","1","10","2","12","","12","12","1","13","4","120.699897","24.152173","2"
"11747","66000","387130000C","(04)23274275","(04)23288582","2026","1","29","8","1","臺中市","神岡區","0","2","0","7","2","6","50","4","1","1","5","4","6","6","2","1","10","5","5","1","17","2","9","5","4","C03","7","6","1","10","2","14","","11","11","1","13","4","120.6538","24.271703","2"
"11748","66000","387130000C","(04)23274275","(04)23288582","2026","1","29","8","8","臺中市","清水區","0","0","0","6","","","60","","","","","","","","","","","","","","","","","","","B03","","","1","","2","","","7","7","1","12","4","120.555178","24.294665","3"
"11749","66000","387130000C","(04)23274275","(04)23288582","2026","1","29","8","9","臺中市","北區","0","0","0","7","3","6","50","18","24","1","5","4","6","6","4","4","10","4","5","2","17","","","","","B03","","","1","","1","","","84","84","1","13","4","120.675687","24.164978","3"
"11750","66000","387130000C","(04)23274275","(04)23288582","2026","1","29","8","10","臺中市","北屯區","0","0","0","7","","","50","","","","","","","","","","","","","","13","","","","","C03","","","1","","1","","","7","7","1","6","4","120.70479","24.169536","3"
"11751","66000","387130000C","(04)23274275","(04)23288582","2026","1","29","8","12","臺中市","北區","0","0","0","7","","","50","","","","","","","","","","","","","","14","","","","","B01","","","1","","1","","","49","49","1","13","4","120.692467","24.157518","3"
"11752","66000","387130000C","(04)23274275","(04)23288582","2026","1","29","8","14","臺中市","西區","0","2","0","7","3","6","50","5","1","1","5","4","6","6","1","1","10","5","5","2","13","2","8","1","1","C03","7","9","1","10","2","11","","7","7","1","13","4","120.670478","24.150598","2"
"11753","66000","387130000C","(04)23274275","(04)23288582","2026","1","29","8","15","臺中市","北屯區","0","3","0","7","2","6","50","3","1","1","5","4","6","6","4","4","10","5","5","2","17","2","7","1","1","C03","7","6","1","10","2","14","","14","14","1","6","4","120.687483","24.17383","2"
"11754","66000","387130000C","(04)23274275","(04)23288582","2026","1","29","8","15","臺中市","烏日區","0","0","0","7","","","30","","","","","","","","","","","","","","9","","","","","B03","","","1","","1","","","87","87","1","6","4","120.620377","24.105738","3"
"11755","66000","387130000C","(04)23274275","(04)23288582","2026","1","29","8","17","臺中市","西屯區","0","1","0","7","2","6","30","5","9","1","5","4","6","6","2","1","10","5","5","2","18","2","9","1","1","C03","7","9","1","10","2","11","14","84","84","1","12","4","120.616248","24.191258","2"
"11756","66000","387130000C","(04)23274275","(04)23288582","2026","1","29","8","20","臺中市","西區","0","1","0","7","2","6","50","4","1","1","5","4","6","6","4","4","10","5","5","2","15","3","10","3","1","B01","7","9","1","4","2","2","","15","15","1","12","4","120.671187","24.146909","2"
"11757","66000","387130000C","(04)23274275","(04)23288582","2026","1","29","8","20","臺中市","大里區","0","0","0","7","","","30","","","","","","","","","","","","","","","","","","","B03","","","1","","2","","","8","8","1","12","4","120.685506","24.114387","3"
"11758","66000","387130000C","(04)23274275","(04)23288582","2026","1","29","8","23","臺中市","南屯區","0","1","0","7","2","6","50","4","1","2","5","4","6","6","1","1","9","4","4","2","17","3","10","1","1","C03","7","6","1","10","2","14","","84","84","1","12","4","120.612095","24.13714","2"
"11759","66000","387130000C","(04)23274275","(04)23288582","2026","1","29","8","25","臺中市","龍井區","0","3","0","7","2","6","40","4","1","1","5","4","6","6","2","1","10","5","5","2","13","2","9","3","1","B03","7","9","1","8","2","8","","7","7","1","6","4","120.585513","24.185928","2"
"11760","66000","387130000C","(04)23274275","(04)23288582","2026","1","29","8","25","臺中市","神岡區","0","1","0","7","2","6","50","4","2","1","5","4","6","6","2","1","1","2","4","2","17","3","10","3","1","A12","7","5","1","7","2","5","5","11","11","1","12","4","120.708836","24.259568","2"
"11761","66000","387130000C","(04)23274275","(04)23288582","2026","1","29","8","27","臺中市","北屯區","0","2","0","7","1","6","50","4","2","1","5","4","6","6","1","1","3","4","5","2","13","2","9","1","1","C03","7","9","1","10","2","11","","7","7","1","13","4","120.685422","24.170655","2"
"11762","66000","387130000C","(04)23274275","(04)23288582","2026","1","29","8","28","臺中市","北屯區","0","0","0","7","","","50","","","","","","","","","","","","","","13","","","","","B03","","","1","","1","","","7","7","1","6","4","120.692794","24.162343","4"
"11763","66000","387130000C","(04)23274275","(04)23288582","2026","1","29","8","28","臺中市","大里區","0","0","0","7","","","50","","","","","","","","","","","","","","","","","","","B03","","","1","","1","","","49","49","1","12","4","120.68246","24.100101","3"
"11764","66000","387130000C","(04)23274275","(04)23288582","2026","1","29","8","29","臺中市","大雅區","0","1","0","7","2","6","50","5","9","1","5","4","6","6","1","1","4","1","5","1","12","2","9","1","4","C03","7","9","1","10","2","11","12","84","84","1","12","4","120.672936","24.211024","2"
"11765","66000","387130000C","(04)23274275","(04)23288582","2026","1","29","8","29","臺中市","大肚區","0","1","0","7","2","6","50","11","9","1","5","4","6","6","4","4","5","5","5","2","17","3","10","1","1","C03","7","6","1","10","2","16","","34","34","1","6","4","120.582567","24.117768","2"
"11766","66000","387130000C","(04)23274275","(04)23288582","2026","1","29","8","30","臺中市","南屯區","0","0","0","7","","","50","","","","","","","","","","","","","","17","","","","","B02","","","1","","9","","","59","59","2","12","4","120.652165","24.152324","3"
"11767","66000","387130000C","(04)23274275","(04)23288582","2026","1","29","8","31","臺中市","北區","0","0","0","7","","","50","","","","","","","","","","","","","","14","","","","","A41","","","1","","2","","","49","49","1","13","4","120.668366","24.164746","3"
"11768","66000","387130000C","(04)23274275","(04)23288582","2026","1","29","8","32","臺中市","東區","0","2","0","7","2","6","50","3","1","1","5","4","6","6","1","1","9","4","5","2","17","2","9","1","1","C03","7","5","1","10","2","13","","47","47","1","12","4","120.699377","24.145221","2"
"11769","66000","387130000C","(04)23274275","(04)23288582","2026","1","29","8","35","臺中市","梧棲區","0","0","0","7","","","50","","","","","","","","","","","","","","13","","","","","B03","","","1","","2","","","84","84","1","12","4","120.540362","24.257491","3"
"11770","66000","387130000C","(04)23274275","(04)23288582","2026","1","29","8","38","臺中市","大里區","0","2","0","7","2","6","50","13","9","1","5","4","6","6","4","4","5","5","5","2","17","3","10","3","1","B02","7","1","1","8","2","4","","51","51","1","12","4","120.670084","24.107283","2"
"11771","66000","387130000C","(04)23274275","(04)23288582","2026","1","29","8","40","臺中市","南屯區","0","0","0","7","","","40","","","","","","","","","","","","","","","","","","","B03","","","1","","1","","","7","7","1","13","4","120.623141","24.145201","3"
"11772","66000","387130000C","(04)23274275","(04)23288582","2026","1","29","8","42","臺中市","南屯區","0","1","0","7","2","6","40","13","8","1","5","4","6","6","4","4","5","5","4","2","18","2","9","2","1","C03","7","9","1","10","2","14","","84","84","1","12","4","120.635645","24.132811","2"
"11773","66000","387130000C","(04)23274275","(04)23288582","2026","1","29","8","47","臺中市","西區","0","1","0","7","2","6","50","3","1","1","5","4","6","6","4","4","5","4","5","2","13","2","9","1","1","C02","7","9","3","19","2","11","","84","84","1","13","4","120.655438","24.135038","2"
"11774","66000","387130000C","(04)23274275","(04)23288582","2026","1","29","8","48","臺中市","南屯區","0","1","0","7","2","6","50","5","1","1","5","4","6","6","4","4","9","4","4","2","13","2","9","1","1","C03","7","9","1","10","2","11","","7","7","1","12","4","120.645074","24.140443","2"
"11775","66000","387130000C","(04)23274275","(04)23288582","2026","1","29","8","49","臺中市","北區","0","2","0","7","3","6","50","18","24","1","5","4","6","6","4","4","10","4","5","2","17","2","9","5","4","C03","7","11","1","10","2","11","","45","45","1","13","4","120.676774","24.162261","2"
"11776","66000","387130000C","(04)23274275","(04)23288582","2026","1","29","8","51","臺中市","西屯區","0","0","0","7","","","50","","","","","","","","","","","","","","16","","","","","C03","","","1","","1","","","47","47","1","12","4","120.641199","24.156301","3"
"11777","66000","387130000C","(04)23274275","(04)23288582","2026","1","29","8","53","臺中市","后里區","0","1","0","7","2","6","30","3","2","1","5","4","6","6","4","4","10","5","5","1","18","2","9","1","1","C03","7","9","1","10","2","12","","59","59","1","12","4","120.720777","24.293521","2"
"11778","66000","387130000C","(04)23274275","(04)23288582","2026","1","29","8","54","臺中市","潭子區","0","1","0","7","3","6","40","13","8","1","5","4","6","6","4","4","1","4","4","1","17","2","9","2","1","C03","7","9","1","10","1","11","14","7","7","1","13","4","120.702677","24.191825","2"
"11779","66000","387130000C","(04)23274275","(04)23288582","2026","1","29","8","55","臺中市","南屯區","0","0","0","7","","","50","","","","","","","","","","","","","","","","","","","B03","","","1","","1","","","7","7","1","13","4","120.646274","24.129831","3"
"11780","66000","387130000C","(04)23274275","(04)23288582","2026","1","29","8","55","臺中市","梧棲區","0","0","0","7","","","30","","","","","","","","","","","","","","17","","","","","B02","","","1","","1","","","51","51","1","12","4","120.523049","24.230214","3"
"11781","66000","387130000C","(04)23274275","(04)23288582","2026","1","29","8","59","臺中市","南屯區","0","1","0","7","2","6","50","5","2","1","5","4","6","6","2","1","5","4","5","1","16","3","10","3","1","B12","7","5","1","8","2","7","","84","84","1","13","4","120.628236","24.140107","2"
"11782","66000","387130000C","(04)23274275","(04)23288582","2026","1","29","9","1","臺中市","南屯區","0","1","0","7","2","6","50","13","9","1","5","4","6","6","4","4","9","4","5","2","12","3","10","3","1","B03","7","1","1","8","2","8","","51","51","1","12","4","120.646585","24.143331","2"
"11783","66000","387130000C","(04)23274275","(04)23288582","2026","1","29","9","4","臺中市","西屯區","0","0","0","7","","","50","","","","","","","","","","","","","","12","","","","","B03","","","1","","2","","","42","42","1","12","4","120.634596","24.1649","3"
"11784","66000","387130000C","(04)23274275","(04)23288582","2026","1","29","9","11","臺中市","東勢區","0","0","0","7","","","30","","","","","","","","","","","","","","","","","","","B03","","","1","","1","","","84","84","1","12","4","120.81212","24.269937","3"
"11785","66000","387130000C","(04)23274275","(04)23288582","2026","1","29","9","12","臺中市","南屯區","0","0","0","7","","","50","","","","","","","","","","","","","","","","","","","B03","","","1","","1","","","78","78","1","13","4","120.646654","24.150884","3"
"11786","66000","387130000C","(04)23274275","(04)23288582","2026","1","29","9","13","臺中市","西屯區","0","0","0","7","","","50","","","","","","","","","","","","","","17","","","","","B12","","","1","","9","","","84","84","2","12","4","120.649851","24.156085","3"
"11787","66000","387130000C","(04)23274275","(04)23288582","2026","1","29","9","14","臺中市","北區","0","0","0","7","","","50","","","","","","","","","","","","","","17","","","","","B03","","","1","","2","","","84","84","1","13","4","120.672688","24.167783","3"
"11788","66000","387130000C","(04)23274275","(04)23288582","2026","1","29","9","17","臺中市","大里區","0","0","0","7","","","30","","","","","","","","","","","","","","","","","","","B03","","","1","","1","","","11","11","1","13","4","120.699922","24.080506","3"
"11789","66000","387130000C","(04)23274275","(04)23288582","2026","1","29","9","19","臺中市","大甲區","0","2","0","7","1","6","40","3","1","1","5","4","6","6","4","4","10","5","5","2","16","2","9","1","1","C03","7","5","1","10","2","11","","14","14","1","6","4","120.632633","24.358391","2"
"11790","66000","387130000C","(04)23274275","(04)23288582","2026","1","29","9","20","臺中市","東區","0","0","0","7","","","50","","","","","","","","","","","","","","14","","","","","B12","","","1","","1","","","49","49","1","6","4","120.690138","24.143044","3"
"11791","66000","387130000C","(04)23274275","(04)23288582","2026","1","29","9","21","臺中市","西區","0","1","0","7","2","6","5","4","2","1","5","4","6","6","1","1","9","4","5","2","17","2","9","1","1","C03","7","12","1","10","2","16","","84","84","1","12","4","120.672741","24.135881","2"
"11792","66000","387130000C","(04)23274275","(04)23288582","2026","1","29","9","23","臺中市","大安區","0","1","0","7","2","6","50","4","9","1","5","4","6","6","4","4","6","3","5","1","11","3","10","3","1","B03","7","9","1","8","2","5","","15","15","1","12","4","120.614998","24.377384","2"
"11793","66000","387130000C","(04)23274275","(04)23288582","2026","1","29","9","24","臺中市","大雅區","0","1","0","7","3","6","50","13","14","1","5","4","6","6","4","4","4","5","5","2","17","2","8","1","1","C03","7","9","1","10","2","14","","7","7","1","12","4","120.647878","24.223353","2"
"11794","66000","387130000C","(04)23274275","(04)23288582","2026","1","29","9","25","臺中市","豐原區","0","0","0","7","","","30","","","","","","","","","","","","","","16","","","","","B03","","","1","","2","","","14","14","1","13","4","120.747763","24.25293","3"
"11795","66000","387130000C","(04)23274275","(04)23288582","2026","1","29","9","26","臺中市","潭子區","0","1","0","7","3","6","30","3","1","1","5","4","6","6","4","4","10","5","5","2","17","2","7","2","1","C03","7","6","1","10","2","11","12","14","14","1","13","4","120.707664","24.203443","2"
"11796","66000","387130000C","(04)23274275","(04)23288582","2026","1","29","9","27","臺中市","龍井區","0","1","0","7","2","6","40","13","8","1","5","4","6","6","4","4","1","4","1","1","16","3","10","3","1","B02","7","5","1","8","2","2","","8","8","1","6","4","120.584985","24.186795","2"
"11797","66000","387130000C","(04)23274275","(04)23288582","2026","1","29","9","33","臺中市","東區","0","2","0","7","3","6","40","4","1","1","5","4","6","6","4","4","10","5","5","2","16","2","9","2","1","C03","7","6","3","19","2","12","","14","14","1","6","4","120.694877","24.127238","2"
"11798","66000","387130000C","(04)23274275","(04)23288582","2026","1","29","9","33","臺中市","太平區","0","2","0","7","2","6","30","3","1","1","5","4","6","6","4","4","10","5","5","2","16","2","9","2","1","C03","7","6","1","10","2","14","","14","14","2","12","4","120.732444","24.137614","2"
"11799","66000","387130000C","(04)23274275","(04)23288582","2026","1","29","9","34","臺中市","豐原區","0","0","0","7","","","50","","","","","","","","","","","","","","13","","","","","B03","","","1","","2","","","59","59","1","12","4","120.699561","24.249208","3"
"11800","66000","387130000C","(04)23274275","(04)23288582","2026","1","29","9","36","臺中市","太平區","0","0","0","7","","","50","","","","","","","","","","","","","","17","","","","","B12","","","1","","2","","","78","78","1","12","4","120.712455","24.156829","3"
"11801","66000","387130000C","(04)23274275","(04)23288582","2026","1","29","9","43","臺中市","西屯區","0","0","0","7","","","40","","","","","","","","","","","","","","12","","","","","B03","","","1","","1","","","39","39","1","12","4","120.62904","24.163157","3"
"11802","66000","387130000C","(04)23274275","(04)23288582","2026","1","29","9","44","臺中市","北屯區","0","0","0","7","","","50","","","","","","","","","","","","","","13","","","","","B03","","","1","","1","","","20","20","1","6","4","120.710816","24.174818","3"
"11803","66000","387130000C","(04)23274275","(04)23288582","2026","1","29","9","47","臺中市","大雅區","0","0","0","7","","","50","","","","","","","","","","","","","","","","","","","C03","","","1","","1","","","84","84","1","12","4","120.647236","24.213442","3"
"11804","66000","387130000C","(04)23274275","(04)23288582","2026","1","29","9","47","臺中市","西屯區","0","0","0","7","","","50","","","","","","","","","","","","","","14","","","","","B12","","","1","","4","","","49","49","1","13","4","120.658075","24.198513","3"
"11805","66000","387130000C","(04)23274275","(04)23288582","2026","1","29","9","55","臺中市","豐原區","0","0","0","7","","","50","","","","","","","","","","","","","","17","","","","","C03","","","1","","2","","","7","7","1","6","4","120.718531","24.25768","3"
"11806","66000","387130000C","(04)23274275","(04)23288582","2026","1","29","9","55","臺中市","豐原區","0","0","0","7","","","60","","","","","","","","","","","","","","12","","","","","B03","","","1","","2","","","8","8","1","13","4","120.737127","24.252852","3"
"11807","66000","387130000C","(04)23274275","(04)23288582","2026","1","29","9","57","臺中市","沙鹿區","0","0","0","7","","","50","","","","","","","","","","","","","","12","","","","","A11","","","1","","2","","","40","40","1","6","4","120.568697","24.202568","3"
"11808","66000","387130000C","(04)23274275","(04)23288582","2026","1","29","10","0","臺中市","南屯區","0","1","0","7","2","6","50","4","1","1","5","4","6","6","1","1","9","4","4","2","14","3","10","3","1","B12","7","2","1","8","2","3","","49","49","1","12","4","120.637708","24.132296","2"
"11809","66000","387130000C","(04)23274275","(04)23288582","2026","1","29","10","4","臺中市","豐原區","0","1","0","7","3","6","50","13","8","1","5","4","6","6","4","4","5","5","4","2","16","3","10","5","4","B03","7","6","1","8","2","5","","20","20","1","12","4","120.699271","24.247745","2"
"11810","66000","387130000C","(04)23274275","(04)23288582","2026","1","29","10","6","臺中市","烏日區","0","2","0","6","2","6","40","3","9","1","5","4","6","6","4","4","10","5","5","2","11","2","9","1","1","C03","7","9","3","19","2","11","","41","41","1","6","4","120.646675","24.066969","2"