序號,縣市別代碼,機關代碼,市話,傳真,年,月,日,時,分,縣市,區,死亡數量,受傷數量,2-30,天候,道路照明設備,道路類別,道路速限,道路型態,事故位置,路面鋪裝,路面狀態,路面缺陷,障礙物,視距,號誌種類,號誌動作,分向設施,快車道或一般車道間,快慢車道間,路面邊線,事故類型及型態,受傷程度,主要傷處,保護裝備,行動電話或功能裝置,當事者區分(類別),車輛用途,當事者行動狀態,駕照狀態,駕照種類,飲酒情形,車輛撞擊部位最初,車輛撞擊部位其他,肇事因素個別,肇事因素主要,肇事逃逸,職業,共享經濟或外送平台,GPS座標X,GPS座標Y,事故類別
"11811","66000","387130000C","(04)23274275","(04)23288582","2026","1","29","10","6","臺中市","豐原區","0","0","0","7","","","50","","","","","","","","","","","","","","17","","","","","B03","","","1","","2","","","45","45","1","6","4","120.727462","24.250524","3"
"11812","66000","387130000C","(04)23274275","(04)23288582","2026","1","29","10","10","臺中市","沙鹿區","0","0","0","7","2","6","40","13","8","1","5","4","6","6","4","","1","3","4","2","12","","","","","B03","","","1","","1","","","51","51","1","12","4","120.567533","24.252631","3"
"11813","66000","387130000C","(04)23274275","(04)23288582","2026","1","29","10","12","臺中市","西屯區","0","0","0","7","","","60","","","","","","","","","","","","","","13","","","","","B03","","","1","","1","","","78","78","1","12","4","120.634845","24.179651","3"
"11814","66000","387130000C","(04)23274275","(04)23288582","2026","1","29","10","19","臺中市","西區","0","0","0","7","","","50","","","","","","","","","","","","","","12","","","","","B02","","","1","","1","","","42","42","1","13","4","120.680032","24.13757","3"
"11815","66000","387130000C","(04)23274275","(04)23288582","2026","1","29","10","20","臺中市","東區","0","1","0","7","2","6","50","4","1","1","5","4","6","6","2","1","10","5","5","2","16","3","10","3","1","B12","7","5","1","8","2","2","","84","84","1","12","4","120.705483","24.137637","2"
"11816","66000","387130000C","(04)23274275","(04)23288582","2026","1","29","10","25","臺中市","后里區","0","0","0","7","","","50","","","","","","","","","","","","","","14","","","","","C01","","","1","","2","","","49","49","1","12","4","120.71818","24.310881","3"
"11817","66000","387130000C","(04)23274275","(04)23288582","2026","1","29","10","30","臺中市","北屯區","0","0","0","7","","","","","","","","","","","","","","","","","","","","","","","","","","","","","","119","119","1","","","120.660157","24.192714","4"
"11818","66000","387130000C","(04)23274275","(04)23288582","2026","1","29","10","30","臺中市","大里區","0","0","0","7","2","6","50","3","2","1","5","4","6","6","4","4","9","5","5","2","17","","","","","B03","","","1","","2","","","84","84","1","13","4","120.702877","24.10914","3"
"11819","66000","387130000C","(04)23274275","(04)23288582","2026","1","29","10","32","臺中市","大里區","0","0","0","7","","","30","","","","","","","","","","","","","","16","","","","","B02","","","1","","2","","","85","85","1","6","4","120.699681","24.084905","3"
"11820","66000","387130000C","(04)23274275","(04)23288582","2026","1","29","10","35","臺中市","東勢區","0","0","0","7","","","50","","","","","","","","","","","","","","12","","","","","C03","","","1","","1","","","12","12","1","13","4","120.828579","24.25645","3"
"11821","66000","387130000C","(04)23274275","(04)23288582","2026","1","29","10","38","臺中市","西區","0","0","0","7","","","50","","","","","","","","","","","","","","12","","","","","B03","","","1","","2","","","8","8","2","12","4","120.679617","24.142408","3"
"11822","66000","387130000C","(04)23274275","(04)23288582","2026","1","29","10","39","臺中市","大里區","0","1","0","7","2","6","50","3","1","1","5","4","6","6","4","4","10","5","5","1","16","3","10","3","1","B03","7","6","1","8","2","8","","14","14","1","12","4","120.677009","24.099593","2"
"11823","66000","387130000C","(04)23274275","(04)23288582","2026","1","29","10","49","臺中市","豐原區","0","0","0","7","","","50","","","","","","","","","","","","","","13","","","","","B03","","","1","","2","","","59","59","1","13","4","120.723674","24.252179","3"
"11824","66000","387130000C","(04)23274275","(04)23288582","2026","1","29","10","51","臺中市","西屯區","0","3","0","7","2","6","40","13","8","1","5","4","6","6","4","4","1","4","1","2","13","2","9","1","1","C03","7","9","1","17","2","11","14","7","7","1","12","4","120.601072","24.182195","2"
"11825","66000","387130000C","(04)23274275","(04)23288582","2026","1","29","10","53","臺中市","南屯區","0","0","0","7","","","50","","","","","","","","","","","","","","","","","","","B03","","","1","","1","","","84","84","1","12","4","120.63816","24.141364","3"
"11826","66000","387130000C","(04)23274275","(04)23288582","2026","1","29","10","58","臺中市","豐原區","0","1","0","7","3","6","30","13","9","1","5","4","6","6","4","4","10","5","5","2","11","2","9","1","4","C03","7","9","1","10","2","14","","84","84","1","12","4","120.73148","24.253397","2"
"11827","66000","387130000C","(04)23274275","(04)23288582","2026","1","29","11","0","臺中市","西屯區","0","0","0","7","","","","","","","","","","","","","","","","","17","","","","","","","","","","","","","119","119","1","","","120.661833","24.170488","3"
"11828","66000","387130000C","(04)23274275","(04)23288582","2026","1","29","11","0","臺中市","東勢區","0","0","0","7","","","40","","","","","","","","","","","","","","","","","","","B12","","","1","","2","","","4","4","1","12","4","120.840216","24.190155","3"
"11829","66000","387130000C","(04)23274275","(04)23288582","2026","1","29","11","2","臺中市","南屯區","0","0","0","7","","","50","","","","","","","","","","","","","","","","","","","B12","","","1","","1","","","7","7","1","13","4","120.643677","24.134777","3"
"11830","66000","387130000C","(04)23274275","(04)23288582","2026","1","29","11","7","臺中市","太平區","0","0","0","7","","","50","","","","","","","","","","","","","","12","","","","","C03","","","1","","2","","","8","8","1","12","4","120.702314","24.111457","3"
"11831","66000","387130000C","(04)23274275","(04)23288582","2026","1","29","11","8","臺中市","潭子區","0","2","0","7","2","6","50","4","1","1","5","4","6","6","2","1","4","4","5","1","16","2","9","1","1","C03","7","6","1","10","2","11","","23","23","1","13","4","120.723205","24.214995","2"
"11832","66000","387130000C","(04)23274275","(04)23288582","2026","1","29","11","8","臺中市","大甲區","0","1","0","7","3","6","50","13","9","1","5","4","6","6","4","4","5","5","4","1","17","2","9","1","1","F03","7","9","7","21","2","11","","7","7","1","6","4","120.629284","24.353219","2"
"11833","66000","387130000C","(04)23274275","(04)23288582","2026","1","29","11","10","臺中市","豐原區","0","1","0","7","1","6","50","13","9","1","5","4","6","6","4","4","5","5","5","1","17","3","10","3","1","B03","7","9","1","8","2","2","","8","8","1","6","4","120.729675","24.247201","2"
"11834","66000","387130000C","(04)23274275","(04)23288582","2026","1","29","11","12","臺中市","后里區","0","0","0","7","2","6","50","4","1","1","5","4","6","6","3","1","5","5","5","2","15","3","10","3","1","B03","7","9","1","8","1","8","","24","24","1","12","4","120.707183","24.305044","3"
"11835","66000","387130000C","(04)23274275","(04)23288582","2026","1","29","11","13","臺中市","潭子區","0","0","0","7","","","50","","","","","","","","","","","","","","","","","","","A41","","","1","","11","","","84","84","1","13","4","120.723259","24.215038","3"
"11836","66000","387130000C","(04)23274275","(04)23288582","2026","1","29","11","14","臺中市","東區","0","1","0","7","2","6","50","4","9","1","5","4","6","6","2","1","5","4","5","2","12","3","10","5","4","B01","7","7","1","4","2","2","","40","40","1","13","4","120.697025","24.138956","2"
"11837","66000","387130000C","(04)23274275","(04)23288582","2026","1","29","11","15","臺中市","清水區","0","1","0","7","3","6","50","3","1","1","5","4","6","6","3","1","5","5","5","1","17","2","9","1","1","C03","7","9","1","10","2","14","","6","6","1","12","4","120.55422","24.276775","2"
"11838","66000","387130000C","(04)23274275","(04)23288582","2026","1","29","11","19","臺中市","西屯區","0","1","0","7","2","6","40","3","2","1","5","4","6","6","4","4","1","5","1","2","12","2","7","1","1","C03","7","9","1","10","2","14","","84","84","1","12","4","120.62045","24.180712","2"
"11839","66000","387130000C","(04)23274275","(04)23288582","2026","1","29","11","20","臺中市","烏日區","0","0","0","7","","","40","","","","","","","","","","","","","","9","","","","","C03","","","1","","1","","","84","84","1","6","4","120.622048","24.106478","4"
"11840","66000","387130000C","(04)23274275","(04)23288582","2026","1","29","11","24","臺中市","神岡區","0","0","0","7","","","50","","","","","","","","","","","","","","17","","","","","B03","","","5","","2","","","59","59","1","13","4","120.672039","24.25555","3"
"11841","66000","387130000C","(04)23274275","(04)23288582","2026","1","29","11","28","臺中市","南屯區","0","1","0","7","2","6","50","4","1","1","5","4","6","6","1","1","9","4","1","2","11","3","10","3","1","B03","7","6","1","8","2","1","","11","11","1","12","4","120.61222","24.150454","2"
"11842","66000","387130000C","(04)23274275","(04)23288582","2026","1","29","11","34","臺中市","后里區","0","1","0","7","2","6","50","13","9","1","5","4","6","6","4","4","10","5","5","2","18","2","9","1","1","C03","7","9","1","10","2","12","14","59","59","1","12","4","120.673844","24.313169","2"
"11843","66000","387130000C","(04)23274275","(04)23288582","2026","1","29","11","36","臺中市","清水區","0","0","0","7","","","30","","","","","","","","","","","","","","","","","","","G03","","","7","","2","","","51","51","1","12","4","120.605514","24.27407","3"
"11844","66000","387130000C","(04)23274275","(04)23288582","2026","1","29","11","42","臺中市","大肚區","0","0","0","7","","","50","","","","","","","","","","","","","","16","","","","","B12","","","1","","2","","","14","14","1","6","4","120.560478","24.125632","3"
"11845","66000","387130000C","(04)23274275","(04)23288582","2026","1","29","11","46","臺中市","西區","0","0","0","7","","","50","","","","","","","","","","","","","","17","","","","","B03","","","1","","1","","","51","51","1","13","4","120.661452","24.140757","3"
"11846","66000","387130000C","(04)23274275","(04)23288582","2026","1","29","11","46","臺中市","北區","0","2","0","7","2","6","40","13","8","1","5","4","6","6","4","4","3","4","4","2","17","2","9","1","1","C03","7","9","1","10","2","13","","84","84","1","13","4","120.672384","24.17021","2"
"11847","66000","387130000C","(04)23274275","(04)23288582","2026","1","29","11","50","臺中市","西屯區","0","0","0","7","","","40","","","","","","","","","","","","","","12","","","","","B03","","","1","","1","","","51","51","1","12","4","120.641671","24.177512","3"
"11848","66000","387130000C","(04)23274275","(04)23288582","2026","1","29","11","50","臺中市","大里區","0","0","0","7","","","0","","","","","","","","","","","","","","","","","","","B03","","","1","","2","","","49","49","1","12","4","120.679819","24.101375","3"
"11849","66000","387130000C","(04)23274275","(04)23288582","2026","1","29","11","52","臺中市","大肚區","0","0","0","7","","","50","","","","","","","","","","","","","","","","","","","B03","","","1","","2","","","11","11","1","6","4","120.54302","24.163155","3"
"11850","66000","387130000C","(04)23274275","(04)23288582","2026","1","29","11","53","臺中市","潭子區","0","1","0","7","3","6","30","4","1","1","5","4","6","6","4","4","10","5","5","2","17","3","10","3","1","B12","7","6","1","8","2","7","","14","14","1","13","4","120.706703","24.206042","2"
"11851","66000","387130000C","(04)23274275","(04)23288582","2026","1","29","11","54","臺中市","大里區","0","2","0","7","2","6","50","13","7","1","5","4","6","6","4","4","9","5","4","2","16","2","9","1","1","C03","7","1","1","10","2","13","","51","51","1","12","4","120.688031","24.105995","2"
"11852","66000","387130000C","(04)23274275","(04)23288582","2026","1","29","11","55","臺中市","神岡區","0","0","0","7","2","6","50","3","9","1","5","4","6","6","4","4","10","5","5","1","17","3","10","3","1","B12","7","5","1","8","2","3","3","93","93","1","12","4","120.685671","24.280352","3"
"11853","66000","387130000C","(04)23274275","(04)23288582","2026","1","29","11","56","臺中市","北屯區","0","0","0","7","","","40","","","","","","","","","","","","","","17","","","","","C03","","","1","","1","","","51","51","1","13","4","120.671018","24.179045","3"
"11854","66000","387130000C","(04)23274275","(04)23288582","2026","1","29","11","56","臺中市","清水區","0","0","0","7","","","30","","","","","","","","","","","","","","","","","","","B12","","","1","","2","","","8","8","1","12","4","120.534914","24.274846","3"
"11855","66000","387130000C","(04)23274275","(04)23288582","2026","1","29","11","59","臺中市","北屯區","0","2","0","7","2","6","40","4","1","1","5","4","6","6","1","1","10","5","5","2","17","2","9","5","4","C03","7","8","1","10","2","14","","40","40","1","12","4","120.665052","24.184099","2"
"11856","66000","387130000C","(04)23274275","(04)23288582","2026","1","29","12","0","臺中市","西區","0","0","0","7","","","50","","","","","","","","","","","","","","17","","","","","B03","","","1","","1","","","84","84","1","12","4","120.665849","24.139164","3"
"11857","66000","387130000C","(04)23274275","(04)23288582","2026","1","29","12","0","臺中市","南屯區","0","0","0","7","","","30","","","","","","","","","","","","","","16","","","","","C03","","","1","","2","","","14","14","1","13","4","120.63051","24.156396","4"
"11858","66000","387130000C","(04)23274275","(04)23288582","2026","1","29","12","4","臺中市","大里區","0","0","0","7","2","6","50","3","1","1","5","4","6","6","4","4","5","5","4","2","13","","","","","C03","","","1","","2","","","7","7","1","13","4","120.688452","24.108045","3"
"11859","66000","387130000C","(04)23274275","(04)23288582","2026","1","29","12","7","臺中市","南屯區","0","0","0","7","","","50","","","","","","","","","","","","","","","","","","","B12","","","1","","1","","","49","49","1","13","4","120.652957","24.139318","3"
"11860","66000","387130000C","(04)23274275","(04)23288582","2026","1","29","12","10","臺中市","西屯區","0","0","0","7","","","50","","","","","","","","","","","","","","13","","","","","C03","","","1","","1","","","59","59","1","12","4","120.64337","24.163763","3"
"11861","66000","387130000C","(04)23274275","(04)23288582","2026","1","29","12","10","臺中市","神岡區","0","1","0","7","2","6","50","3","2","1","5","4","6","6","4","4","5","4","5","1","13","3","10","5","4","B03","7","9","1","8","2","1","","59","59","1","13","4","120.694735","24.233232","2"
"11862","66000","387130000C","(04)23274275","(04)23288582","2026","1","29","12","16","臺中市","梧棲區","0","0","0","7","","","50","","","","","","","","","","","","","","14","","","","","B03","","","1","","1","","","49","49","1","6","4","120.533942","24.258883","3"
"11863","66000","387130000C","(04)23274275","(04)23288582","2026","1","29","12","22","臺中市","南屯區","0","1","0","7","2","6","60","13","8","1","5","4","6","6","4","4","9","4","3","2","12","3","10","3","1","B03","7","7","1","8","2","2","","40","40","1","12","4","120.586369","24.162826","2"
"11864","66000","387130000C","(04)23274275","(04)23288582","2026","1","29","12","23","臺中市","南屯區","0","0","0","7","","","50","","","","","","","","","","","","","","","","","","","C03","","","1","","2","","","8","8","1","13","4","120.636766","24.153434","3"
"11865","66000","387130000C","(04)23274275","(04)23288582","2026","1","29","12","23","臺中市","沙鹿區","0","1","0","7","2","6","50","5","1","1","5","4","6","6","4","4","10","5","5","2","17","3","10","3","1","B03","7","6","1","8","1","8","","48","48","1","6","4","120.566878","24.207623","2"
"11866","66000","387130000C","(04)23274275","(04)23288582","2026","1","29","12","24","臺中市","潭子區","0","1","0","7","3","6","50","3","8","1","5","4","6","6","1","1","5","4","4","2","17","2","9","2","1","C03","7","6","2","19","2","14","","84","84","1","13","4","120.702661","24.192303","2"
"11867","66000","387130000C","(04)23274275","(04)23288582","2026","1","29","12","25","臺中市","西區","0","1","0","7","2","6","50","13","9","1","5","4","6","6","4","4","9","5","5","2","12","2","9","1","1","C03","7","11","1","10","2","14","","45","45","1","13","4","120.655582","24.145151","2"
"11868","66000","387130000C","(04)23274275","(04)23288582","2026","1","29","12","30","臺中市","北屯區","0","1","0","7","2","6","50","3","1","1","5","4","6","6","2","1","10","5","5","2","13","3","10","3","1","B03","7","5","1","8","2","7","","85","85","1","6","4","120.733081","24.1643","2"
"11869","66000","387130000C","(04)23274275","(04)23288582","2026","1","29","12","30","臺中市","大里區","0","0","0","7","","","30","","","","","","","","","","","","","","14","","","","","B12","","","1","","2","","","49","49","1","12","4","120.690633","24.124111","3"
"11870","66000","387130000C","(04)23274275","(04)23288582","2026","1","29","12","36","臺中市","南區","0","0","0","7","","","50","","","","","","","","","","","","","","","","","","","B12","","","1","","1","","","84","84","1","12","4","120.668987","24.128568","3"
"11871","66000","387130000C","(04)23274275","(04)23288582","2026","1","29","12","40","臺中市","西屯區","0","0","0","7","","","40","","","","","","","","","","","","","","13","","","","","B03","","","1","","3","","","7","7","1","12","4","120.608815","24.183831","3"
"11872","66000","387130000C","(04)23274275","(04)23288582","2026","1","29","12","50","臺中市","西屯區","0","1","0","7","2","6","50","3","2","1","5","4","6","6","4","4","5","5","5","2","17","3","10","3","1","B12","7","13","1","8","1","4","","76","76","1","12","4","120.642071","24.178799","2"
"11873","66000","387130000C","(04)23274275","(04)23288582","2026","1","29","12","51","臺中市","北區","0","2","0","7","3","6","50","4","1","1","5","4","6","6","1","1","10","5","5","2","1","3","10","5","4","B03","7","6","1","8","2","8","","10","10","1","13","4","120.679026","24.149958","2"
"11874","66000","387130000C","(04)23274275","(04)23288582","2026","1","29","12","59","臺中市","龍井區","0","0","0","7","","","30","","","","","","","","","","","","","","15","","","","","B01","","","1","","1","","","12","12","1","6","4","120.59116","24.188417","3"
"11875","66000","387130000C","(04)23274275","(04)23288582","2026","1","29","13","2","臺中市","北區","0","2","0","7","2","6","50","13","9","1","5","4","6","6","4","4","1","4","4","1","13","2","9","5","4","C03","7","12","1","10","2","11","","7","7","1","13","4","120.671934","24.172249","2"
"11876","66000","387130000C","(04)23274275","(04)23288582","2026","1","29","13","5","臺中市","西區","0","0","0","7","","","50","","","","","","","","","","","","","","12","","","","","B11","","","1","","2","","","8","8","1","12","4","120.664182","24.147432","3"
"11877","66000","387130000C","(04)23274275","(04)23288582","2026","1","29","13","11","臺中市","西屯區","0","0","0","7","","","50","","","","","","","","","","","","","","16","","","","","B03","","","1","","2","","","48","48","1","12","4","120.616435","24.185908","3"
"11878","66000","387130000C","(04)23274275","(04)23288582","2026","1","29","13","12","臺中市","西屯區","0","1","0","7","2","6","30","3","1","1","5","4","6","6","4","4","10","5","5","2","17","2","9","2","1","C03","7","9","1","10","2","14","","59","59","1","12","4","120.617824","24.180132","2"
"11879","66000","387130000C","(04)23274275","(04)23288582","2026","1","29","13","13","臺中市","西區","0","2","0","7","2","6","50","4","1","1","5","4","6","6","2","1","8","5","5","2","16","2","9","2","1","C03","7","6","1","10","2","11","14","48","48","1","12","4","120.655061","24.14775","2"
"11880","66000","387130000C","(04)23274275","(04)23288582","2026","1","29","13","15","臺中市","西區","0","0","0","7","","","50","","","","","","","","","","","","","","","","","","","B03","","","1","","1","","","49","49","1","12","4","120.685089","24.139604","3"
"11881","66000","387130000C","(04)23274275","(04)23288582","2026","1","29","13","15","臺中市","南屯區","0","1","0","7","2","6","40","13","9","1","5","4","6","6","4","4","10","5","5","2","17","2","9","1","1","C03","7","9","1","10","2","11","","4","4","1","13","4","120.623269","24.151812","2"
"11882","66000","387130000C","(04)23274275","(04)23288582","2026","1","29","13","16","臺中市","霧峰區","0","1","0","7","2","6","30","4","1","1","5","4","6","6","4","4","10","5","5","1","15","2","8","1","1","C03","7","9","1","10","2","12","","24","24","1","4","4","120.681425","24.021115","2"
"11883","66000","387130000C","(04)23274275","(04)23288582","2026","1","29","13","24","臺中市","北屯區","0","0","0","7","","","50","","","","","","","","","","","","","","","","","","","F01","","","7","","1","","","84","84","1","13","4","120.72878","24.161216","3"
"11884","66000","387130000C","(04)23274275","(04)23288582","2026","1","29","13","24","臺中市","石岡區","0","0","0","7","","","70","","","","","","","","","","","","","","","","","","","B03","","","1","","1","","","84","84","1","12","4","120.781697","24.274315","3"
"11885","66000","387130000C","(04)23274275","(04)23288582","2026","1","29","13","27","臺中市","豐原區","0","0","0","7","","","50","","","","","","","","","","","","","","12","","","","","C03","","","1","","2","","","84","84","1","13","4","120.726647","24.247665","4"
"11886","66000","387130000C","(04)23274275","(04)23288582","2026","1","29","13","29","臺中市","沙鹿區","0","0","0","7","","","50","","","","","","","","","","","","","","16","","","","","B03","","","1","","2","","","12","12","1","12","4","120.567073","24.207636","3"
"11887","66000","387130000C","(04)23274275","(04)23288582","2026","1","29","13","30","臺中市","潭子區","0","0","0","7","","","60","","","","","","","","","","","","","","","","","","","B03","","","1","","1","","","8","8","1","12","4","120.686716","24.209784","3"
"11888","66000","387130000C","(04)23274275","(04)23288582","2026","1","29","13","31","臺中市","沙鹿區","0","0","0","7","","","60","","","","","","","","","","","","","","","","","","","B03","","","1","","2","","","59","59","1","6","4","120.570015","24.23649","3"
"11889","66000","387130000C","(04)23274275","(04)23288582","2026","1","29","13","36","臺中市","西屯區","0","1","0","7","2","6","50","3","2","1","5","4","6","6","4","4","4","3","4","1","12","3","10","3","4","B03","7","7","1","8","2","5","","8","8","1","12","4","120.653209","24.176092","2"
"11890","66000","387130000C","(04)23274275","(04)23288582","2026","1","29","13","37","臺中市","石岡區","0","0","0","7","","","30","","","","","","","","","","","","","","14","","","","","B12","","","1","","1","","","49","49","1","13","4","120.769014","24.279885","3"
"11891","66000","387130000C","(04)23274275","(04)23288582","2026","1","29","13","38","臺中市","南區","0","0","0","7","","","50","","","","","","","","","","","","","","12","","","","","B03","","","1","8","1","","","40","40","1","6","4","120.650095","24.121473","3"
"11892","66000","387130000C","(04)23274275","(04)23288582","2026","1","29","13","39","臺中市","大里區","0","1","0","7","2","6","50","11","9","1","5","4","6","6","4","4","1","4","5","1","17","3","10","3","1","B03","7","7","1","8","2","16","","40","40","1","12","4","120.682995","24.098386","2"
"11893","66000","387130000C","(04)23274275","(04)23288582","2026","1","29","13","41","臺中市","南區","0","2","0","7","2","6","50","13","9","1","5","4","6","6","4","4","9","4","5","2","17","2","8","2","1","C03","7","9","1","10","2","14","","8","8","1","12","4","120.682316","24.135113","2"
"11894","66000","387130000C","(04)23274275","(04)23288582","2026","1","29","13","45","臺中市","南屯區","0","2","0","7","3","6","50","4","1","1","5","4","6","6","4","4","10","5","5","2","16","2","9","2","1","C03","7","6","5","10","2","14","","48","48","1","13","4","120.615072","24.146542","2"
"11895","66000","387130000C","(04)23274275","(04)23288582","2026","1","29","13","49","臺中市","西區","0","1","0","7","3","6","50","3","1","1","5","4","6","6","4","4","10","5","5","2","16","3","10","3","1","B03","7","6","1","15","2","1","","11","11","1","13","4","120.652965","24.144993","2"
"11896","66000","387130000C","(04)23274275","(04)23288582","2026","1","29","13","49","臺中市","太平區","0","0","0","7","","","50","","","","","","","","","","","","","","13","","","","","B03","","","1","","2","","","51","51","1","13","4","120.713444","24.125917","3"
"11897","66000","387130000C","(04)23274275","(04)23288582","2026","1","29","13","53","臺中市","南區","0","1","0","7","2","6","50","4","1","1","5","4","6","6","2","1","5","4","4","2","16","3","10","5","4","B12","7","6","1","8","2","2","","11","11","1","13","4","120.653891","24.122341","2"
"11898","66000","387130000C","(04)23274275","(04)23288582","2026","1","29","13","53","臺中市","南屯區","0","2","0","7","3","6","50","4","1","1","5","4","6","6","4","4","5","5","5","2","15","2","9","1","1","C03","7","9","1","10","2","12","","12","12","1","12","4","120.612561","24.145522","2"
"11899","66000","387130000C","(04)23274275","(04)23288582","2026","1","29","13","55","臺中市","南屯區","0","0","0","7","","","40","","","","","","","","","","","","","","17","","","","","B12","","","1","","1","","","51","51","1","6","4","120.649858","24.142611","3"
"11900","66000","387130000C","(04)23274275","(04)23288582","2026","1","29","13","56","臺中市","豐原區","0","0","0","7","","","50","","","","","","","","","","","","","","17","","","","","H04","","","7","","2","","","109","109","1","13","4","120.724007","24.244333","4"
"11901","66000","387130000C","(04)23274275","(04)23288582","2026","1","29","13","57","臺中市","西屯區","0","0","0","7","","","30","","","","","","","","","","","","","","16","","","","","C04","","","1","","1","","","13","13","1","12","4","120.650288","24.166053","3"
"11902","66000","387130000C","(04)23274275","(04)23288582","2026","1","29","13","57","臺中市","大里區","0","1","0","7","2","6","50","4","1","1","5","4","6","6","2","1","10","5","5","1","16","2","9","1","1","C03","7","9","1","10","2","14","","21","21","1","12","4","120.683839","24.115256","2"
"11903","66000","387130000C","(04)23274275","(04)23288582","2026","1","29","14","0","臺中市","清水區","0","0","0","7","","","50","","","","","","","","","","","","","","","","","","","B03","","","1","","2","","","40","40","1","12","4","120.568321","24.276844","3"
"11904","66000","387130000C","(04)23274275","(04)23288582","2026","1","29","14","3","臺中市","北區","0","0","0","7","","","50","","","","","","","","","","","","","","17","","","","","B03","","","1","","2","","","8","8","1","13","4","120.67243","24.168846","3"
"11905","66000","387130000C","(04)23274275","(04)23288582","2026","1","29","14","7","臺中市","南屯區","0","0","0","7","","","50","","","","","","","","","","","","","","12","","","","","A11","","","1","","1","","","85","85","1","13","4","120.623415","24.149678","3"
"11906","66000","387130000C","(04)23274275","(04)23288582","2026","1","29","14","7","臺中市","西屯區","0","1","0","7","2","6","0","13","9","1","5","4","6","6","4","4","9","4","5","2","17","3","10","3","1","B12","7","6","1","6","2","5","","20","20","1","12","4","120.607827","24.17268","2"
"11907","66000","387130000C","(04)23274275","(04)23288582","2026","1","29","14","9","臺中市","太平區","0","0","0","7","","","50","","","","","","","","","","","","","","14","","","","","B12","","","1","","2","","","49","49","1","12","4","120.727116","24.127076","3"
"11908","66000","387130000C","(04)23274275","(04)23288582","2026","1","29","14","9","臺中市","大肚區","0","1","0","7","2","6","50","13","9","1","5","4","6","6","4","4","10","5","5","2","18","2","1","2","1","C03","7","9","1","10","2","12","","59","59","1","6","4","120.543988","24.144017","2"
"11909","66000","387130000C","(04)23274275","(04)23288582","2026","1","29","14","10","臺中市","清水區","0","2","0","7","3","6","50","3","2","1","5","4","6","6","1","1","1","4","4","2","13","2","9","2","1","C03","7","9","1","10","2","11","","58","58","1","12","4","120.572465","24.262109","2"
"11910","66000","387130000C","(04)23274275","(04)23288582","2026","1","29","14","13","臺中市","南區","0","1","0","7","2","6","40","3","4","1","5","4","6","6","1","1","10","5","5","2","13","2","9","1","3","C03","7","9","1","10","2","11","","7","7","1","12","4","120.657058","24.113055","2"
"11911","66000","387130000C","(04)23274275","(04)23288582","2026","1","29","14","15","臺中市","北屯區","0","3","0","7","1","6","50","4","2","1","5","4","6","6","4","4","10","4","5","2","15","2","9","1","1","C03","7","9","1","10","2","11","","12","12","1","13","4","120.680994","24.17446","2"
"11912","66000","387130000C","(04)23274275","(04)23288582","2026","1","29","14","16","臺中市","西屯區","0","1","0","7","2","6","0","13","8","1","5","4","6","6","4","4","1","4","1","1","12","3","10","3","1","B03","7","1","1","8","2","7","","51","51","1","12","4","120.63159","24.167911","2"
"11913","66000","387130000C","(04)23274275","(04)23288582","2026","1","29","14","20","臺中市","梧棲區","0","1","0","7","2","6","50","13","8","1","5","4","1","6","4","4","4","4","4","2","16","3","10","3","1","A11","7","5","1","1","2","2","","47","47","1","6","4","120.530184","24.254199","2"
"11914","66000","387130000C","(04)23274275","(04)23288582","2026","1","29","14","23","臺中市","豐原區","0","0","0","7","","","30","","","","","","","","","","","","","","13","","","","","C03","","","1","","2","","","84","84","1","12","4","120.706004","24.239873","3"
"11915","66000","387130000C","(04)23274275","(04)23288582","2026","1","29","14","24","臺中市","龍井區","0","0","0","7","","","50","","","","","","","","","","","","","","16","","","","","C03","","","1","","1","","","4","4","1","12","4","120.583546","24.180681","3"
"11916","66000","387130000C","(04)23274275","(04)23288582","2026","1","29","14","27","臺中市","清水區","0","1","0","7","3","6","50","13","9","1","5","4","6","6","4","4","5","5","5","2","13","3","10","3","1","B12","7","9","1","4","2","1","","7","7","1","12","4","120.61012","24.291531","2"
"11917","66000","387130000C","(04)23274275","(04)23288582","2026","1","29","14","30","臺中市","大里區","0","1","0","7","2","6","50","4","8","1","5","4","6","6","4","4","5","5","4","2","16","3","10","3","1","B02","7","5","1","8","2","5","","14","14","1","12","4","120.678502","24.097128","2"
"11918","66000","387130000C","(04)23274275","(04)23288582","2026","1","29","14","38","臺中市","神岡區","0","0","0","7","","","50","","","","","","","","","","","","","","13","","","","","B03","","","1","","2","","","59","59","1","12","4","120.675304","24.251653","3"
"11919","66000","387130000C","(04)23274275","(04)23288582","2026","1","29","14","39","臺中市","西屯區","0","0","0","7","","","60","","","","","","","","","","","","","","13","","","","","B03","","","1","","1","","","59","59","1","12","4","120.646652","24.155416","3"
"11920","66000","387130000C","(04)23274275","(04)23288582","2026","1","29","14","40","臺中市","南屯區","0","2","0","7","2","6","50","13","7","1","5","4","6","6","4","4","9","4","4","2","13","2","9","3","1","B01","7","9","1","8","2","1","","84","84","1","12","4","120.631011","24.124773","2"