序號,縣市別代碼,機關代碼,市話,傳真,年,月,日,時,分,縣市,區,死亡數量,受傷數量,2-30,天候,道路照明設備,道路類別,道路速限,道路型態,事故位置,路面鋪裝,路面狀態,路面缺陷,障礙物,視距,號誌種類,號誌動作,分向設施,快車道或一般車道間,快慢車道間,路面邊線,事故類型及型態,受傷程度,主要傷處,保護裝備,行動電話或功能裝置,當事者區分(類別),車輛用途,當事者行動狀態,駕照狀態,駕照種類,飲酒情形,車輛撞擊部位最初,車輛撞擊部位其他,肇事因素個別,肇事因素主要,肇事逃逸,職業,共享經濟或外送平台,GPS座標X,GPS座標Y,事故類別
"11921","66000","387130000C","(04)23274275","(04)23288582","2026","1","29","14","45","臺中市","太平區","0","2","0","7","2","6","50","4","1","1","5","4","6","6","2","1","10","5","5","2","13","2","9","2","1","C03","7","9","1","10","2","12","","7","7","1","13","4","120.711176","24.149805","2"
"11922","66000","387130000C","(04)23274275","(04)23288582","2026","1","29","14","47","臺中市","大雅區","0","0","0","7","","","50","","","","","","","","","","","","","","12","","","","","B12","","","1","","2","","","84","84","1","12","4","120.647147","24.212786","3"
"11923","66000","387130000C","(04)23274275","(04)23288582","2026","1","29","14","50","臺中市","西屯區","0","0","0","7","","","30","","","","","","","","","","","","","","17","","","","","B02","","","1","","2","","","59","59","1","12","4","120.651204","24.16078","3"
"11924","66000","387130000C","(04)23274275","(04)23288582","2026","1","29","14","53","臺中市","大甲區","0","1","0","7","3","6","50","13","9","1","5","4","1","6","4","4","5","5","4","1","17","2","9","1","1","C03","7","9","1","10","2","12","","7","7","1","6","4","120.631062","24.346292","2"
"11925","66000","387130000C","(04)23274275","(04)23288582","2026","1","29","14","55","臺中市","南屯區","0","0","0","7","","","50","","","","","","","","","","","","","","17","","","","","","","","","","","","","116","116","1","","","120.647568","24.136981","4"
"11926","66000","387130000C","(04)23274275","(04)23288582","2026","1","29","14","55","臺中市","北屯區","0","0","0","7","","","50","","","","","","","","","","","","","","12","","","","","B03","","","1","","2","","","40","40","1","12","4","120.72418","24.1622","3"
"11927","66000","387130000C","(04)23274275","(04)23288582","2026","1","29","14","59","臺中市","大雅區","0","1","0","6","2","6","70","3","1","1","5","4","6","6","1","1","1","4","4","1","16","2","7","1","1","C03","7","9","1","10","2","11","","21","21","1","12","4","120.642254","24.229121","2"
"11928","66000","387130000C","(04)23274275","(04)23288582","2026","1","29","14","59","臺中市","北屯區","0","1","0","7","3","6","30","3","1","1","5","4","6","6","4","4","10","5","5","2","16","3","10","3","1","B12","7","5","1","8","2","5","","59","59","1","6","4","120.698888","24.17469","2"
"11929","66000","387130000C","(04)23274275","(04)23288582","2026","1","29","15","4","臺中市","大里區","0","1","0","7","3","6","50","3","1","1","5","4","6","6","4","4","10","5","5","2","16","3","10","3","1","B03","7","11","1","8","2","4","","84","84","1","12","4","120.701261","24.083481","2"
"11930","66000","387130000C","(04)23274275","(04)23288582","2026","1","29","15","5","臺中市","東區","0","1","0","7","1","6","50","3","1","1","5","4","6","6","4","4","9","4","5","2","12","3","10","3","1","B12","7","5","1","4","2","2","","8","8","1","12","4","120.684203","24.122355","2"
"11931","66000","387130000C","(04)23274275","(04)23288582","2026","1","29","15","8","臺中市","大雅區","0","1","0","7","1","6","0","13","7","1","5","4","6","6","4","4","1","4","4","1","17","3","10","3","1","B03","7","1","1","8","2","8","","51","51","1","12","4","120.646944","24.221852","2"
"11932","66000","387130000C","(04)23274275","(04)23288582","2026","1","29","15","10","臺中市","南屯區","0","1","0","7","3","6","50","13","9","1","5","4","6","6","4","4","1","4","5","2","13","2","9","2","1","C03","7","9","1","10","2","12","","59","59","1","13","4","120.625232","24.140598","2"
"11933","66000","387130000C","(04)23274275","(04)23288582","2026","1","29","15","13","臺中市","大里區","0","0","0","7","3","6","50","5","7","1","5","4","6","6","1","1","5","5","4","2","13","","","","","B12","","","1","","2","","","82","82","1","12","4","120.690613","24.113139","3"
"11934","66000","387130000C","(04)23274275","(04)23288582","2026","1","29","15","17","臺中市","南區","0","2","0","7","3","6","50","4","1","1","5","4","6","6","2","1","5","5","5","2","11","2","9","2","1","C03","7","6","1","10","2","12","","11","11","1","6","4","120.663566","24.113607","2"
"11935","66000","387130000C","(04)23274275","(04)23288582","2026","1","29","15","17","臺中市","東勢區","0","0","0","7","","","40","","","","","","","","","","","","","","","","","","","B03","","","1","","1","","","14","14","1","12","4","120.842121","24.252112","3"
"11936","66000","387130000C","(04)23274275","(04)23288582","2026","1","29","15","18","臺中市","大里區","0","1","0","7","3","6","50","4","1","1","5","4","6","6","1","1","5","4","4","1","16","3","10","5","4","B12","7","6","1","8","2","8","","84","84","1","13","4","120.684781","24.106846","2"
"11937","66000","387130000C","(04)23274275","(04)23288582","2026","1","29","15","21","臺中市","南屯區","0","0","0","7","3","6","60","13","7","1","5","4","6","6","4","4","1","4","3","2","30","","","","","B03","","","1","","2","","","87","87","1","12","4","120.63769","24.119786","3"
"11938","66000","387130000C","(04)23274275","(04)23288582","2026","1","29","15","25","臺中市","西區","0","1","0","7","2","6","50","13","9","1","5","4","6","6","4","4","5","4","5","2","17","3","10","3","1","B01","7","5","1","4","2","2","","47","47","1","12","4","120.675916","24.141279","2"
"11939","66000","387130000C","(04)23274275","(04)23288582","2026","1","29","15","34","臺中市","北屯區","0","0","0","7","","","50","","","","","","","","","","","","","","","","","","","B03","","","1","","1","","","84","84","1","13","4","120.704196","24.183708","4"
"11940","66000","387130000C","(04)23274275","(04)23288582","2026","1","29","15","35","臺中市","清水區","0","1","0","7","3","6","50","3","1","1","5","4","6","6","4","4","5","5","5","1","16","3","10","3","1","B12","7","6","1","10","2","6","","12","12","1","12","4","120.572136","24.26958","2"
"11941","66000","387130000C","(04)23274275","(04)23288582","2026","1","29","15","38","臺中市","北屯區","0","0","0","7","","","50","","","","","","","","","","","","","","13","","","","","B03","","","1","","1","","","58","58","1","6","4","120.718429","24.178211","3"
"11942","66000","387130000C","(04)23274275","(04)23288582","2026","1","29","15","40","臺中市","清水區","0","1","0","7","3","6","50","5","1","1","5","4","6","6","4","4","10","5","5","2","16","3","10","3","1","B03","7","6","1","8","2","8","","13","13","1","12","4","120.554109","24.267584","2"
"11943","66000","387130000C","(04)23274275","(04)23288582","2026","1","29","15","43","臺中市","北區","0","1","0","7","2","6","50","13","7","1","5","4","6","6","4","4","3","4","4","2","13","2","9","1","1","C03","7","9","1","10","2","11","","59","59","1","12","4","120.690197","24.157834","2"
"11944","66000","387130000C","(04)23274275","(04)23288582","2026","1","29","15","44","臺中市","梧棲區","0","1","0","7","2","6","40","13","8","1","5","4","6","6","4","4","1","5","1","1","17","3","10","3","1","A04","7","9","1","2","2","16","","85","85","1","12","4","120.544409","24.246813","2"
"11945","66000","387130000C","(04)23274275","(04)23288582","2026","1","29","15","49","臺中市","潭子區","0","0","0","7","","","0","","","","","","","","","","","","","","35","","","","","B03","","","1","","2","","","51","51","1","13","4","120.689787","24.221925","3"
"11946","66000","387130000C","(04)23274275","(04)23288582","2026","1","29","15","49","臺中市","東區","0","1","0","7","2","6","50","4","1","1","5","4","6","6","1","1","10","5","5","2","16","3","10","3","1","B03","7","6","1","8","2","6","","11","11","1","12","4","120.702184","24.138882","2"
"11947","66000","387130000C","(04)23274275","(04)23288582","2026","1","29","15","50","臺中市","東區","0","0","0","7","","","50","","","","","","","","","","","","","","16","","","","","C03","","","3","","10","","","11","11","2","12","4","120.68394","24.134889","3"
"11948","66000","387130000C","(04)23274275","(04)23288582","2026","1","29","15","50","臺中市","烏日區","0","1","0","7","2","6","50","3","1","1","5","4","6","6","4","4","10","5","5","2","17","3","10","5","4","B03","7","6","1","8","2","8","","14","14","1","12","4","120.638255","24.109194","2"
"11949","66000","387130000C","(04)23274275","(04)23288582","2026","1","29","15","53","臺中市","東區","0","0","0","7","","","50","","","","","","","","","","","","","","16","","","","","B03","","","1","8","1","","","11","11","1","6","4","120.707891","24.146135","3"
"11950","66000","387130000C","(04)23274275","(04)23288582","2026","1","29","15","55","臺中市","大雅區","0","0","0","7","","","60","","","","","","","","","","","","","","12","","","","","B03","","","1","","2","","","2","2","1","12","4","120.646088","24.225858","3"
"11951","66000","387130000C","(04)23274275","(04)23288582","2026","1","29","15","55","臺中市","西屯區","0","0","0","7","","","50","","","","","","","","","","","","","","17","","","","","B12","","","1","","2","","","8","8","1","13","4","120.620039","24.186692","3"
"11952","66000","387130000C","(04)23274275","(04)23288582","2026","1","29","15","57","臺中市","梧棲區","0","1","0","7","3","6","50","3","1","1","5","4","6","6","4","4","10","5","5","2","17","3","10","3","1","B03","7","1","1","8","2","8","","51","51","1","6","4","120.538169","24.248342","2"
"11953","66000","387130000C","(04)23274275","(04)23288582","2026","1","29","15","58","臺中市","西區","0","1","0","7","2","6","50","4","1","1","5","4","6","6","2","1","8","3","5","2","16","3","10","3","1","B03","7","6","1","8","2","8","","11","11","1","12","4","120.661759","24.144322","2"
"11954","66000","387130000C","(04)23274275","(04)23288582","2026","1","29","15","58","臺中市","大里區","0","1","0","7","2","6","30","3","1","1","5","4","6","6","4","4","10","5","5","1","17","3","10","1","1","C03","7","6","1","10","2","11","","14","14","1","13","4","120.708645","24.084469","2"
"11955","66000","387130000C","(04)23274275","(04)23288582","2026","1","29","15","58","臺中市","太平區","0","1","0","7","2","6","50","13","9","1","5","4","6","6","4","4","9","5","5","1","13","2","9","2","4","C03","7","9","6","20","2","11","","84","84","1","6","4","120.723552","24.105218","2"
"11956","66000","387130000C","(04)23274275","(04)23288582","2026","1","29","15","59","臺中市","西區","0","0","0","7","","","50","","","","","","","","","","","","","","","","","","","B03","","","1","","1","","","8","8","1","12","4","120.66114","24.154142","3"
"11957","66000","387130000C","(04)23274275","(04)23288582","2026","1","29","16","0","臺中市","霧峰區","0","0","0","7","","","60","","","","","","","","","","","","","","","","","","","B03","","","1","","2","","","49","49","1","12","4","120.694038","24.049403","3"
"11958","66000","387130000C","(04)23274275","(04)23288582","2026","1","29","16","8","臺中市","龍井區","0","0","0","7","","","30","","","","","","","","","","","","","","14","","","","","B03","","","1","","2","","","49","49","1","6","4","120.586656","24.180352","3"
"11959","66000","387130000C","(04)23274275","(04)23288582","2026","1","29","16","14","臺中市","太平區","0","1","0","7","3","6","30","3","2","1","5","4","6","6","4","4","10","5","5","1","17","2","7","5","1","F01","7","6","7","21","2","12","","84","84","1","13","4","120.749541","24.121927","2"
"11960","66000","387130000C","(04)23274275","(04)23288582","2026","1","29","16","17","臺中市","西區","0","3","0","7","2","6","50","13","7","1","5","4","6","6","1","1","3","2","4","2","17","2","9","1","1","C03","7","9","1","10","2","12","","7","7","1","12","4","120.659894","24.158815","2"
"11961","66000","387130000C","(04)23274275","(04)23288582","2026","1","29","16","18","臺中市","豐原區","0","1","0","7","2","6","50","3","1","1","5","4","6","6","1","1","5","5","5","1","17","3","10","2","1","C03","7","9","1","10","2","11","","34","34","1","13","4","120.728861","24.246306","2"
"11962","66000","387130000C","(04)23274275","(04)23288582","2026","1","29","16","22","臺中市","大里區","0","0","0","7","2","6","50","13","9","1","5","4","6","6","4","4","1","4","5","1","17","","","","","B01","","","1","","1","","","84","84","1","13","4","120.680392","24.107767","3"
"11963","66000","387130000C","(04)23274275","(04)23288582","2026","1","29","16","23","臺中市","西區","0","0","0","7","","","50","","","","","","","","","","","","","","","","","","","B03","","","1","","1","","","49","49","1","6","4","120.660026","24.152109","4"
"11964","66000","387130000C","(04)23274275","(04)23288582","2026","1","29","16","23","臺中市","豐原區","0","2","0","7","2","6","50","4","1","1","5","4","6","6","2","1","5","5","4","1","16","2","9","1","1","F03","7","6","7","21","2","14","14","11","11","1","13","4","120.71434","24.25167","2"
"11965","66000","387130000C","(04)23274275","(04)23288582","2026","1","29","16","25","臺中市","北區","0","0","0","7","","","50","","","","","","","","","","","","","","13","","","","","C03","","","1","","1","","","7","7","1","12","4","120.66444","24.161978","3"
"11966","66000","387130000C","(04)23274275","(04)23288582","2026","1","29","16","25","臺中市","北屯區","0","0","0","7","","","60","","","","","","","","","","","","","","13","","","","","B03","","","1","","1","","","7","7","1","6","4","120.686316","24.194901","3"
"11967","66000","387130000C","(04)23274275","(04)23288582","2026","1","29","16","26","臺中市","南屯區","0","0","0","7","","","50","","","","","","","","","","","","","","17","","","","","B03","","","1","","2","","","8","8","1","6","4","120.653049","24.135117","3"
"11968","66000","387130000C","(04)23274275","(04)23288582","2026","1","29","16","28","臺中市","西區","0","2","0","7","2","6","50","4","1","1","5","4","6","6","4","4","10","5","5","2","15","2","9","5","4","C03","7","9","1","10","2","12","","15","15","1","13","4","120.660151","24.147873","2"
"11969","66000","387130000C","(04)23274275","(04)23288582","2026","1","29","16","29","臺中市","南屯區","0","1","0","7","2","6","40","13","7","1","5","4","6","6","4","4","3","4","4","1","12","2","9","2","1","C03","7","8","1","10","2","14","","40","40","1","13","4","120.635876","24.151433","2"
"11970","66000","387130000C","(04)23274275","(04)23288582","2026","1","29","16","29","臺中市","神岡區","0","0","0","7","","","40","","","","","","","","","","","","","","17","","","","","A11","","","1","","2","","","84","84","1","13","4","120.706586","24.274322","3"
"11971","66000","387130000C","(04)23274275","(04)23288582","2026","1","29","16","30","臺中市","北屯區","0","0","0","7","","","40","","","","","","","","","","","","","","16","","","","","","","","","","","","","109","109","1","","","120.717172","24.176208","3"
"11972","66000","387130000C","(04)23274275","(04)23288582","2026","1","29","16","30","臺中市","西屯區","0","0","0","7","","","30","","","","","","","","","","","","","","10","","","","","C03","","","1","","2","","","41","41","1","13","4","120.617586","24.192909","3"
"11973","66000","387130000C","(04)23274275","(04)23288582","2026","1","29","16","31","臺中市","西區","0","1","0","7","2","6","50","3","1","1","5","4","6","6","1","1","10","5","5","2","17","3","10","3","1","B03","7","6","1","8","2","5","","11","11","1","12","4","120.661662","24.141254","2"
"11974","66000","387130000C","(04)23274275","(04)23288582","2026","1","29","16","32","臺中市","大里區","0","1","0","6","2","6","50","13","8","1","5","4","6","6","4","4","5","4","4","1","17","3","10","3","1","B03","7","5","1","8","2","6","","20","20","1","13","4","120.71273","24.09405","2"
"11975","66000","387130000C","(04)23274275","(04)23288582","2026","1","29","16","38","臺中市","西區","0","1","0","7","2","6","50","3","1","1","5","4","6","6","4","4","8","5","5","2","16","2","9","2","1","C03","7","6","1","10","2","11","12","14","14","1","12","4","120.661534","24.15886","2"
"11976","66000","387130000C","(04)23274275","(04)23288582","2026","1","29","16","38","臺中市","北區","0","1","0","7","2","6","50","3","1","1","5","4","6","6","1","1","10","5","5","2","17","3","10","5","4","B03","7","5","1","8","2","5","","84","84","1","12","4","120.694418","24.159898","2"
"11977","66000","387130000C","(04)23274275","(04)23288582","2026","1","29","16","38","臺中市","北區","0","0","0","7","2","6","50","13","9","1","5","4","6","6","4","4","1","5","5","2","13","3","10","3","1","B03","7","9","5","8","1","1","","59","59","1","12","4","120.682502","24.165397","3"
"11978","66000","387130000C","(04)23274275","(04)23288582","2026","1","29","16","40","臺中市","西屯區","0","1","0","7","2","6","0","13","21","4","5","2","6","6","4","4","10","5","5","2","18","2","9","5","4","F01","7","9","7","21","9","14","","28","28","1","13","4","120.607482","24.183671","2"
"11979","66000","387130000C","(04)23274275","(04)23288582","2026","1","29","16","46","臺中市","大雅區","0","1","0","7","1","6","40","5","8","1","5","4","6","6","1","1","1","4","4","1","13","3","10","2","1","C03","7","9","1","10","2","11","","7","7","1","12","4","120.6275","24.242245","2"
"11980","66000","387130000C","(04)23274275","(04)23288582","2026","1","29","16","49","臺中市","大甲區","0","0","0","7","","","50","","","","","","","","","","","","","","","","","","","B03","","","1","","1","","","8","8","1","12","4","120.626452","24.351823","4"
"11981","66000","387130000C","(04)23274275","(04)23288582","2026","1","29","16","50","臺中市","北區","0","2","0","7","2","6","50","3","1","1","5","4","6","6","4","4","10","5","5","2","17","2","8","1","1","C03","7","1","1","10","2","11","","51","51","1","12","4","120.67744","24.146879","2"
"11982","66000","387130000C","(04)23274275","(04)23288582","2026","1","29","16","50","臺中市","大里區","0","3","0","7","2","6","50","3","1","1","5","4","6","6","4","4","10","5","5","2","17","2","8","1","1","F03","7","6","7","21","2","11","","14","14","1","12","4","120.70379","24.097206","2"
"11983","66000","387130000C","(04)23274275","(04)23288582","2026","1","29","16","51","臺中市","大雅區","0","1","0","7","2","6","30","3","1","1","5","4","6","6","4","4","10","5","5","2","16","3","10","3","1","B03","7","6","1","4","2","5","","14","14","1","12","4","120.651129","24.218693","2"
"11984","66000","387130000C","(04)23274275","(04)23288582","2026","1","29","16","53","臺中市","東區","0","1","0","7","1","6","50","13","9","1","5","4","6","6","4","4","9","4","5","2","11","2","9","1","1","C03","7","11","1","10","2","14","","45","45","1","12","4","120.685928","24.135319","2"
"11985","66000","387130000C","(04)23274275","(04)23288582","2026","1","29","16","54","臺中市","西屯區","0","0","0","7","","","50","","","","","","","","","","","","","","12","","","","","B03","","","1","","2","","","59","59","1","13","4","120.61751","24.188461","3"
"11986","66000","387130000C","(04)23274275","(04)23288582","2026","1","29","16","54","臺中市","西屯區","0","0","0","7","","","50","","","","","","","","","","","","","","12","","","","","B03","","","1","","2","","","40","40","1","12","4","120.647054","24.195769","3"
"11987","66000","387130000C","(04)23274275","(04)23288582","2026","1","29","16","55","臺中市","北屯區","0","1","0","7","1","6","50","4","1","1","5","4","6","6","1","1","10","5","5","2","16","3","10","3","1","B03","7","5","1","8","2","2","","47","47","1","12","4","120.685777","24.177615","2"
"11988","66000","387130000C","(04)23274275","(04)23288582","2026","1","29","16","55","臺中市","沙鹿區","0","1","0","7","2","6","40","4","2","1","5","4","6","6","2","1","10","5","5","2","17","2","9","2","1","C03","7","12","1","10","2","12","","85","85","1","6","4","120.564691","24.23969","2"
"11989","66000","387130000C","(04)23274275","(04)23288582","2026","1","29","17","0","臺中市","西屯區","0","0","0","7","","","50","","","","","","","","","","","","","","12","","","","","B03","","","1","","2","","","8","8","1","13","4","120.664909","24.178049","3"
"11990","66000","387130000C","(04)23274275","(04)23288582","2026","1","29","17","0","臺中市","霧峰區","0","0","0","7","","","30","","","","","","","","","","","","","","17","","","","","B02","","","1","","2","","","8","84","1","5","4","120.68754","24.044328","3"
"11991","66000","387130000C","(04)23274275","(04)23288582","2026","1","29","17","2","臺中市","北區","0","3","0","7","3","6","50","4","1","1","5","4","6","6","4","4","10","5","5","2","15","2","9","1","1","C03","7","9","1","10","2","12","","12","12","1","12","4","120.678292","24.162691","2"
"11992","66000","387130000C","(04)23274275","(04)23288582","2026","1","29","17","2","臺中市","南屯區","0","0","0","7","","","50","","","","","","","","","","","","","","17","","","","","B03","","","1","","1","","","49","49","1","13","4","120.6285","24.14078","3"
"11993","66000","387130000C","(04)23274275","(04)23288582","2026","1","29","17","5","臺中市","潭子區","0","1","0","7","2","6","30","3","2","1","5","4","6","6","4","4","10","5","5","1","18","2","9","2","1","C03","7","6","1","10","2","16","","84","84","1","13","4","120.725469","24.20095","2"
"11994","66000","387130000C","(04)23274275","(04)23288582","2026","1","29","17","5","臺中市","西屯區","0","0","0","7","","","50","","","","","","","","","","","","","","14","","","","","B03","","","1","","1","","","49","49","1","12","4","120.644572","24.204011","3"
"11995","66000","387130000C","(04)23274275","(04)23288582","2026","1","29","17","6","臺中市","南區","0","1","0","7","3","6","50","4","1","1","5","4","6","6","2","1","2","5","5","2","13","2","9","2","1","C03","7","9","1","9","2","11","","84","84","1","6","4","120.679344","24.124062","2"
"11996","66000","387130000C","(04)23274275","(04)23288582","2026","1","29","17","9","臺中市","西區","0","0","0","7","","","30","","","","","","","","","","","","","","","","","","","B03","","","1","","2","","","84","84","1","6","4","120.658206","24.146243","3"
"11997","66000","387130000C","(04)23274275","(04)23288582","2026","1","29","17","13","臺中市","西區","0","1","0","7","2","6","50","4","1","1","5","4","6","6","4","4","10","5","5","2","17","3","10","5","4","C03","7","11","1","10","2","12","","45","45","1","13","4","120.654957","24.147145","2"
"11998","66000","387130000C","(04)23274275","(04)23288582","2026","1","29","17","13","臺中市","大里區","0","2","0","6","1","6","50","3","1","1","5","4","6","6","4","4","10","5","5","1","17","2","9","1","1","C03","7","6","1","10","2","12","","14","14","1","13","4","120.728632","24.091343","2"
"11999","66000","387130000C","(04)23274275","(04)23288582","2026","1","29","17","15","臺中市","西屯區","0","0","0","7","","","50","","","","","","","","","","","","","","13","","","","","B03","","","1","","1","","","59","59","1","13","4","120.639961","24.175521","3"
"12000","66000","387130000C","(04)23274275","(04)23288582","2026","1","29","17","15","臺中市","西屯區","0","0","0","7","","","50","","","","","","","","","","","","","","13","","","","","B03","","","1","","1","","","59","59","1","13","4","120.656109","24.169599","3"
"12001","66000","387130000C","(04)23274275","(04)23288582","2026","1","29","17","16","臺中市","外埔區","0","1","0","7","2","6","0","4","2","1","5","4","6","6","4","4","5","5","5","1","28","","","","","","","","","","","","","118","118","1","","","120.699613","24.346621","2"
"12002","66000","387130000C","(04)23274275","(04)23288582","2026","1","29","17","17","臺中市","北屯區","0","0","0","7","","","","","","","","","","","","","","","","","","","","","","","","","","","","","","119","119","1","","","120.692075","24.182496","3"
"12003","66000","387130000C","(04)23274275","(04)23288582","2026","1","29","17","18","臺中市","南區","0","1","0","7","2","6","50","5","1","1","5","4","6","6","1","1","10","5","5","2","12","3","10","3","1","B02","7","5","1","8","2","8","","8","8","1","12","4","120.661463","24.12172","2"
"12004","66000","387130000C","(04)23274275","(04)23288582","2026","1","29","17","20","臺中市","大里區","0","1","0","7","1","6","50","4","1","1","5","4","6","6","1","1","10","5","5","2","17","","","","","","","21","","","","","","86","86","2","","","120.714318","24.096134","2"
"12005","66000","387130000C","(04)23274275","(04)23288582","2026","1","29","17","23","臺中市","豐原區","0","0","0","7","","","50","","","","","","","","","","","","","","17","","","","","A32","","","1","","2","","","8","8","1","13","4","120.718115","24.277824","3"
"12006","66000","387130000C","(04)23274275","(04)23288582","2026","1","29","17","31","臺中市","大雅區","0","1","0","7","2","6","50","3","1","1","5","4","6","6","1","1","5","5","4","2","16","3","10","3","1","B03","7","9","1","4","2","5","","7","7","1","12","4","120.65095","24.216435","2"
"12007","66000","387130000C","(04)23274275","(04)23288582","2026","1","29","17","31","臺中市","西屯區","0","0","0","7","","","50","","","","","","","","","","","","","","12","","","","","C03","","","1","","1","","","8","8","1","13","4","120.646357","24.158151","3"
"12008","66000","387130000C","(04)23274275","(04)23288582","2026","1","29","17","31","臺中市","西屯區","0","0","0","7","","","30","","","","","","","","","","","","","","11","","","","","B03","","","1","","2","","","8","8","1","12","4","120.66455","24.165182","3"
"12009","66000","387130000C","(04)23274275","(04)23288582","2026","1","29","17","41","臺中市","東區","0","0","0","7","","","50","","","","","","","","","","","","","","14","","","","","B03","","","1","","2","","","49","49","1","12","4","120.702123","24.138529","3"
"12010","66000","387130000C","(04)23274275","(04)23288582","2026","1","29","17","44","臺中市","西屯區","0","0","0","7","","","50","","","","","","","","","","","","","","13","","","","","B02","","","1","","1","","","84","84","1","12","4","120.651103","24.209156","3"
"12011","66000","387130000C","(04)23274275","(04)23288582","2026","1","29","17","46","臺中市","潭子區","0","1","0","7","2","6","50","3","2","1","5","4","6","6","4","4","5","5","5","1","12","3","10","3","1","B13","7","7","1","8","2","5","","41","41","1","13","4","120.699436","24.223128","2"
"12012","66000","387130000C","(04)23274275","(04)23288582","2026","1","29","17","46","臺中市","南屯區","0","0","0","7","1","6","50","13","9","1","5","4","6","6","4","4","9","5","5","2","17","","","","","B03","","","1","","1","","","85","85","1","12","4","120.647218","24.148928","3"
"12013","66000","387130000C","(04)23274275","(04)23288582","2026","1","29","17","50","臺中市","西區","0","0","0","6","","","50","","","","","","","","","","","","","","","","","","","C03","","","1","","1","","","7","7","1","12","4","120.666711","24.141039","3"
"12014","66000","387130000C","(04)23274275","(04)23288582","2026","1","29","17","50","臺中市","西屯區","0","0","0","7","","","50","","","","","","","","","","","","","","12","","","","","B03","","","1","","1","","","2","2","1","13","4","120.620235","24.187446","3"
"12015","66000","387130000C","(04)23274275","(04)23288582","2026","1","29","17","51","臺中市","南區","0","0","0","7","","","50","","","","","","","","","","","","","","","","","","","B03","","","1","","2","","","7","7","1","6","4","120.680791","24.13353","3"
"12016","66000","387130000C","(04)23274275","(04)23288582","2026","1","29","17","56","臺中市","北屯區","0","0","0","7","","","50","","","","","","","","","","","","","","13","","","","","B03","","","1","","1","","","58","58","1","6","4","120.682232","24.181854","3"
"12017","66000","387130000C","(04)23274275","(04)23288582","2026","1","29","17","57","臺中市","龍井區","0","1","0","7","1","6","60","4","1","1","5","4","6","6","1","1","1","3","4","2","16","3","10","3","1","B03","7","6","1","7","2","2","","48","48","1","6","4","120.505889","24.210045","2"
"12018","66000","387130000C","(04)23274275","(04)23288582","2026","1","29","18","0","臺中市","西區","0","1","0","6","2","6","50","13","7","1","5","4","6","6","4","4","5","4","5","2","17","2","9","1","1","C03","7","9","1","10","2","12","","7","7","1","12","4","120.662576","24.14654","2"
"12019","66000","387130000C","(04)23274275","(04)23288582","2026","1","29","18","0","臺中市","北區","0","0","0","7","","","30","","","","","","","","","","","","","","15","","","","","C03","","","1","","1","","","12","12","1","12","4","120.678292","24.162691","3"
"12020","66000","387130000C","(04)23274275","(04)23288582","2026","1","29","18","6","臺中市","西屯區","0","1","0","7","1","6","50","13","9","1","5","4","6","6","4","4","3","3","5","1","13","3","10","3","1","B03","7","9","1","8","2","1","","7","7","1","13","4","120.597096","24.191368","2"
"12021","66000","387130000C","(04)23274275","(04)23288582","2026","1","29","18","6","臺中市","后里區","0","0","0","7","","","50","","","","","","","","","","","","","","13","","","","","B03","","","1","","2","","","7","7","1","12","4","120.718164","24.310834","3"
"12022","66000","387130000C","(04)23274275","(04)23288582","2026","1","29","18","9","臺中市","中區","0","0","0","7","","","50","","","","","","","","","","","","","","16","","","","","C03","","","1","","2","","","48","48","1","12","4","120.681394","24.139362","3"
"12023","66000","387130000C","(04)23274275","(04)23288582","2026","1","29","18","10","臺中市","西屯區","0","2","0","7","1","6","50","4","1","1","5","4","6","6","2","1","10","5","5","2","16","2","8","1","1","C03","7","5","1","10","2","12","","11","11","1","13","4","120.662111","24.165386","2"
"12024","66000","387130000C","(04)23274275","(04)23288582","2026","1","29","18","11","臺中市","南區","0","1","0","7","1","6","50","13","9","1","5","4","6","6","4","4","9","4","5","2","2","3","10","3","1","B03","7","9","1","8","9","2","","8","8","2","12","4","120.683312","24.130051","2"
"12025","66000","387130000C","(04)23274275","(04)23288582","2026","1","29","18","12","臺中市","北屯區","0","0","0","7","","","50","","","","","","","","","","","","","","13","","","","","C03","","","1","","1","","","7","7","1","6","4","120.688759","24.193023","4"
"12026","66000","387130000C","(04)23274275","(04)23288582","2026","1","29","18","12","臺中市","大安區","0","0","0","7","","3","90","","","","","","","","","","","","","","","","","","","B03","","","1","","2","","","7","7","1","6","4","120.5857","24.366433","3"
"12027","66000","387130000C","(04)23274275","(04)23288582","2026","1","29","18","15","臺中市","西區","0","1","0","7","1","6","50","4","1","1","5","4","6","6","1","1","10","5","5","2","17","2","9","1","1","C03","7","1","1","10","2","12","","51","51","1","6","4","120.666711","24.141039","2"
"12028","66000","387130000C","(04)23274275","(04)23288582","2026","1","29","18","16","臺中市","北區","0","4","0","7","1","6","40","4","4","1","5","4","6","6","1","1","1","4","4","2","12","2","8","1","1","C03","7","9","1","10","2","14","13","7","7","1","12","4","120.676233","24.15757","2"
"12029","66000","387130000C","(04)23274275","(04)23288582","2026","1","29","18","19","臺中市","沙鹿區","0","0","0","7","","","60","","","","","","","","","","","","","","13","","","","","B03","","","1","","1","","","7","7","1","6","4","120.602463","24.24902","3"
"12030","66000","387130000C","(04)23274275","(04)23288582","2026","1","29","18","20","臺中市","大雅區","0","0","0","7","","","70","","","","","","","","","","","","","","","","","","","C03","","","1","","1","","","11","11","1","13","4","120.630133","24.241075","3"