序號,縣市別代碼,機關代碼,市話,傳真,年,月,日,時,分,縣市,區,死亡數量,受傷數量,2-30,天候,道路照明設備,道路類別,道路速限,道路型態,事故位置,路面鋪裝,路面狀態,路面缺陷,障礙物,視距,號誌種類,號誌動作,分向設施,快車道或一般車道間,快慢車道間,路面邊線,事故類型及型態,受傷程度,主要傷處,保護裝備,行動電話或功能裝置,當事者區分(類別),車輛用途,當事者行動狀態,駕照狀態,駕照種類,飲酒情形,車輛撞擊部位最初,車輛撞擊部位其他,肇事因素個別,肇事因素主要,肇事逃逸,職業,共享經濟或外送平台,GPS座標X,GPS座標Y,事故類別
"12031","66000","387130000C","(04)23274275","(04)23288582","2026","1","29","18","20","臺中市","大里區","0","2","0","6","1","6","50","5","1","1","5","4","6","6","1","1","10","5","5","2","16","2","9","1","1","C03","7","5","1","10","2","12","","47","47","1","12","4","120.692143","24.115484","2"
"12032","66000","387130000C","(04)23274275","(04)23288582","2026","1","29","18","21","臺中市","北屯區","0","0","0","6","","","50","","","","","","","","","","","","","","13","","","","","B03","","","1","","2","","","59","59","1","6","4","120.685782","24.177459","3"
"12033","66000","387130000C","(04)23274275","(04)23288582","2026","1","29","18","25","臺中市","太平區","0","1","0","7","1","6","50","13","9","1","5","4","6","6","4","4","5","4","5","2","13","2","9","2","1","C03","7","9","1","10","2","11","","84","84","1","13","4","120.702035","24.152134","2"
"12034","66000","387130000C","(04)23274275","(04)23288582","2026","1","29","18","25","臺中市","神岡區","0","0","0","7","","","0","","","","","","","","","","","","","","12","","","","","B11","","","1","","2","","","51","51","1","12","4","120.701127","24.252671","3"
"12035","66000","387130000C","(04)23274275","(04)23288582","2026","1","29","18","29","臺中市","豐原區","0","1","0","7","1","6","60","3","1","1","5","4","6","6","1","1","1","4","4","1","16","3","10","5","4","B03","7","5","1","8","2","6","","11","11","1","12","4","120.712916","24.241892","2"
"12036","66000","387130000C","(04)23274275","(04)23288582","2026","1","29","18","32","臺中市","西屯區","0","1","0","7","1","6","30","4","1","1","5","4","6","6","4","4","10","5","5","2","15","3","10","1","1","C03","7","9","1","10","2","12","","15","15","1","13","4","120.646289","24.182829","2"
"12037","66000","387130000C","(04)23274275","(04)23288582","2026","1","29","18","32","臺中市","大里區","0","1","0","7","1","6","50","13","9","1","5","4","6","6","4","4","10","5","5","2","13","3","10","5","4","C03","7","9","1","10","2","11","","7","7","1","13","4","120.68045","24.109787","2"
"12038","66000","387130000C","(04)23274275","(04)23288582","2026","1","29","18","34","臺中市","西屯區","0","0","0","7","","","50","","","","","","","","","","","","","","17","","","","","B03","","","1","","2","","","8","8","1","12","4","120.629397","24.162758","3"
"12039","66000","387130000C","(04)23274275","(04)23288582","2026","1","29","18","34","臺中市","西屯區","0","0","0","7","","","50","","","","","","","","","","","","","","16","","","","","B03","","","1","","1","","","20","20","1","12","4","120.60666","24.192777","4"
"12040","66000","387130000C","(04)23274275","(04)23288582","2026","1","29","18","35","臺中市","西屯區","0","0","0","7","","","50","","","","","","","","","","","","","","14","","","","","B03","","","1","","1","","","50","50","1","13","4","120.63957","24.158894","3"
"12041","66000","387130000C","(04)23274275","(04)23288582","2026","1","29","18","36","臺中市","南區","0","1","0","7","2","6","50","3","1","1","5","4","6","6","4","4","5","4","5","2","9","2","9","5","4","C03","7","9","1","10","2","12","","59","59","1","12","4","120.661937","24.129084","2"
"12042","66000","387130000C","(04)23274275","(04)23288582","2026","1","29","18","36","臺中市","霧峰區","0","0","0","7","","","30","","","","","","","","","","","","","","17","","","","","B03","","","1","","2","","","84","84","1","5","4","120.710534","24.078083","3"
"12043","66000","387130000C","(04)23274275","(04)23288582","2026","1","29","18","37","臺中市","梧棲區","0","0","0","7","","","60","","","","","","","","","","","","","","13","","","","","B12","","","1","","2","","","7","7","1","12","4","120.526245","24.222672","3"
"12044","66000","387130000C","(04)23274275","(04)23288582","2026","1","29","18","37","臺中市","沙鹿區","0","1","0","7","1","6","50","13","12","1","5","4","6","6","4","4","3","4","4","1","17","3","10","3","1","B03","7","3","1","8","2","2","","50","50","1","6","4","120.615374","24.24374","2"
"12045","66000","387130000C","(04)23274275","(04)23288582","2026","1","29","18","38","臺中市","潭子區","0","1","0","6","1","6","60","13","7","1","5","4","6","6","4","4","1","4","4","1","17","2","9","2","1","C03","7","8","1","10","2","14","12","4","4","1","13","4","120.710124","24.235728","2"
"12046","66000","387130000C","(04)23274275","(04)23288582","2026","1","29","18","40","臺中市","潭子區","0","0","0","6","","","30","","","","","","","","","","","","","","","","","","","","","","","","","","","86","86","1","","","120.694775","24.21793","3"
"12047","66000","387130000C","(04)23274275","(04)23288582","2026","1","29","18","40","臺中市","大里區","0","0","0","7","1","6","50","13","14","1","5","4","6","6","4","4","9","5","5","1","17","","","","","B03","","","1","","2","","","50","50","1","13","4","120.692176","24.110626","3"
"12048","66000","387130000C","(04)23274275","(04)23288582","2026","1","29","18","41","臺中市","沙鹿區","0","0","0","7","","","50","","","","","","","","","","","","","","14","","","","","B03","","","1","","1","","","49","49","1","6","4","120.559563","24.240289","3"
"12049","66000","387130000C","(04)23274275","(04)23288582","2026","1","29","18","43","臺中市","北區","0","0","0","7","","","50","","","","","","","","","","","","","","17","","","","","B03","","","1","","1","8","","20","20","1","12","4","120.669092","24.155328","3"
"12050","66000","387130000C","(04)23274275","(04)23288582","2026","1","29","18","44","臺中市","西屯區","0","1","0","7","1","6","50","4","1","1","5","4","6","6","2","1","10","5","5","2","16","2","9","1","1","C03","7","6","1","10","2","13","","48","48","1","13","4","120.629381","24.158905","2"
"12051","66000","387130000C","(04)23274275","(04)23288582","2026","1","29","18","49","臺中市","北屯區","0","1","0","7","1","6","50","13","9","1","5","4","6","6","4","4","5","5","5","2","16","3","10","3","1","B03","7","6","1","8","2","8","","48","48","1","12","4","120.705522","24.187789","2"
"12052","66000","387130000C","(04)23274275","(04)23288582","2026","1","29","18","49","臺中市","大甲區","0","2","0","7","1","6","50","4","9","1","5","4","6","6","1","1","6","3","5","1","11","3","10","3","1","B12","7","6","1","8","2","5","","11","11","1","12","4","120.624932","24.347631","2"
"12053","66000","387130000C","(04)23274275","(04)23288582","2026","1","29","18","52","臺中市","南區","0","1","0","7","1","6","50","4","1","1","5","4","6","6","1","1","10","5","5","2","16","3","10","3","1","B03","7","5","1","8","2","5","","84","84","1","12","4","120.653655","24.113751","2"
"12054","66000","387130000C","(04)23274275","(04)23288582","2026","1","29","18","55","臺中市","北屯區","0","0","0","7","","3","50","","","","","","","","","","","","","","","","","","","B03","","","1","","1","","","7","7","1","13","4","120.72049","24.165777","3"
"12055","66000","387130000C","(04)23274275","(04)23288582","2026","1","29","18","56","臺中市","北區","0","2","0","7","1","6","50","4","1","1","5","4","6","6","1","1","10","5","5","2","16","3","10","3","1","B03","7","6","1","8","2","1","","20","20","1","12","4","120.67601","24.172443","2"
"12056","66000","387130000C","(04)23274275","(04)23288582","2026","1","29","18","58","臺中市","大里區","0","0","0","6","","","30","","","","","","","","","","","","","","17","","","","","C03","","","1","","2","","","49","49","1","13","4","120.708191","24.085423","3"
"12057","66000","387130000C","(04)23274275","(04)23288582","2026","1","29","18","59","臺中市","龍井區","0","1","0","7","1","6","50","3","1","1","5","4","6","6","1","1","3","4","5","2","12","3","10","3","1","B12","7","9","1","8","2","1","","7","7","1","6","4","120.546371","24.195408","2"
"12058","66000","387130000C","(04)23274275","(04)23288582","2026","1","29","19","3","臺中市","南屯區","0","0","0","7","","","50","","","","","","","","","","","","","","13","","","","","C03","","","1","","1","","","59","59","1","6","4","120.611158","24.146193","3"
"12059","66000","387130000C","(04)23274275","(04)23288582","2026","1","29","19","8","臺中市","北屯區","0","0","0","7","","","50","","","","","","","","","","","","","","13","","","","","B03","","","1","","1","","","82","82","1","6","4","120.727862","24.171568","3"
"12060","66000","387130000C","(04)23274275","(04)23288582","2026","1","29","19","10","臺中市","豐原區","0","1","0","7","1","6","50","4","1","1","5","4","6","6","3","1","5","5","5","1","12","2","9","2","1","C03","7","4","1","10","2","12","12","42","42","1","13","4","120.726552","24.245614","2"
"12061","66000","387130000C","(04)23274275","(04)23288582","2026","1","29","19","18","臺中市","南屯區","0","0","0","7","","","50","","","","","","","","","","","","","","17","","","","","B03","","","1","","1","","","8","8","1","13","4","120.616672","24.151834","3"
"12062","66000","387130000C","(04)23274275","(04)23288582","2026","1","29","19","21","臺中市","烏日區","0","1","0","7","1","6","40","3","1","1","5","4","6","6","3","1","10","5","4","1","17","3","10","5","4","C03","7","5","1","10","2","12","","11","11","1","5","2","120.651729","24.09402","2"
"12063","66000","387130000C","(04)23274275","(04)23288582","2026","1","29","19","25","臺中市","大里區","0","1","0","7","1","6","30","13","9","1","5","4","6","6","4","4","10","5","5","1","30","2","8","1","1","C03","7","9","1","10","2","11","","84","84","1","12","4","120.73313","24.088524","2"
"12064","66000","387130000C","(04)23274275","(04)23288582","2026","1","29","19","26","臺中市","大里區","0","0","0","7","","","30","","","","","","","","","","","","","","17","","","","","C03","","","1","","2","","","54","54","1","12","4","120.731986","24.088602","3"
"12065","66000","387130000C","(04)23274275","(04)23288582","2026","1","29","19","26","臺中市","龍井區","0","0","0","7","","","40","","","","","","","","","","","","","","12","","","","","B12","","","1","","1","","","8","8","1","6","4","120.580216","24.189238","3"
"12066","66000","387130000C","(04)23274275","(04)23288582","2026","1","29","19","27","臺中市","東區","0","1","0","7","1","6","50","13","8","1","5","4","6","6","4","4","5","5","4","2","17","3","10","5","4","B03","7","7","1","8","2","2","","40","40","1","13","4","120.699936","24.137839","2"
"12067","66000","387130000C","(04)23274275","(04)23288582","2026","1","29","19","30","臺中市","北屯區","0","3","0","6","1","6","50","3","1","1","5","4","6","6","2","1","10","5","5","2","16","2","9","2","1","C03","7","6","1","10","2","14","","85","85","1","6","4","120.681042","24.176425","2"
"12068","66000","387130000C","(04)23274275","(04)23288582","2026","1","29","19","34","臺中市","北區","0","0","0","7","","","50","","","","","","","","","","","","","","17","","","","","B03","","","1","","2","","","39","39","1","12","4","120.68111","24.161469","3"
"12069","66000","387130000C","(04)23274275","(04)23288582","2026","1","29","19","37","臺中市","西區","0","0","0","7","","","50","","","","","","","","","","","","","","17","","","","","A11","","","1","","11","","","85","85","1","13","4","120.662115","24.150723","3"
"12070","66000","387130000C","(04)23274275","(04)23288582","2026","1","29","19","39","臺中市","西屯區","0","0","0","7","","","50","","","","","","","","","","","","","","13","","","","","B03","","","1","","1","","","7","7","1","12","4","120.640687","24.167251","3"
"12071","66000","387130000C","(04)23274275","(04)23288582","2026","1","29","19","43","臺中市","北區","0","1","0","7","1","6","50","3","2","1","5","4","6","6","3","1","1","4","5","2","16","3","10","1","1","C03","7","6","1","10","2","13","","48","48","1","12","4","120.691522","24.15616","2"
"12072","66000","387130000C","(04)23274275","(04)23288582","2026","1","29","19","53","臺中市","北屯區","0","0","0","7","","","50","","","","","","","","","","","","","","13","","","","","B03","","","1","","1","","","59","59","1","12","4","120.692794","24.162343","3"
"12073","66000","387130000C","(04)23274275","(04)23288582","2026","1","29","19","55","臺中市","龍井區","0","0","0","7","","3","70","","","","","","","","","","","","","","","","","","","B03","","","1","","2","","","8","8","1","12","4","120.515639","24.202064","3"
"12074","66000","387130000C","(04)23274275","(04)23288582","2026","1","29","20","0","臺中市","中區","0","2","0","6","2","6","50","3","1","1","5","4","6","6","4","4","10","5","5","2","17","2","9","1","1","C03","7","5","1","10","2","14","","14","14","1","12","4","120.677102","24.146392","2"
"12075","66000","387130000C","(04)23274275","(04)23288582","2026","1","29","20","6","臺中市","西區","0","0","0","6","","","50","","","","","","","","","","","","","","","","","","","B03","","","1","","1","","","40","40","1","12","4","120.657641","24.157754","3"
"12076","66000","387130000C","(04)23274275","(04)23288582","2026","1","29","20","11","臺中市","后里區","0","0","0","7","1","6","50","13","8","1","5","4","6","6","4","4","8","4","4","2","12","3","10","3","1","B12","7","7","1","7","4","6","","40","40","1","6","4","120.712876","24.304695","3"
"12077","66000","387130000C","(04)23274275","(04)23288582","2026","1","29","20","12","臺中市","大肚區","0","1","0","7","1","6","50","12","9","1","5","4","6","6","4","4","4","1","5","2","18","2","9","2","1","C03","7","5","1","10","2","12","","59","59","1","12","4","120.549095","24.157696","2"
"12078","66000","387130000C","(04)23274275","(04)23288582","2026","1","29","20","13","臺中市","沙鹿區","0","1","0","7","3","6","50","13","9","1","5","4","6","6","4","4","5","5","5","2","14","3","10","3","1","B03","7","2","1","8","2","3","","49","49","1","6","4","120.562077","24.244263","2"
"12079","66000","387130000C","(04)23274275","(04)23288582","2026","1","29","20","17","臺中市","北屯區","0","0","0","7","","","50","","","","","","","","","","","","","","","","","","","B03","","","1","","1","","","40","40","1","13","4","120.697811","24.164972","3"
"12080","66000","387130000C","(04)23274275","(04)23288582","2026","1","29","20","19","臺中市","北屯區","0","0","0","7","","","50","","","","","","","","","","","","","","13","","","","","B03","","","1","","2","","","7","7","1","6","4","120.679647","24.172448","3"
"12081","66000","387130000C","(04)23274275","(04)23288582","2026","1","29","20","21","臺中市","西屯區","0","0","0","7","","","60","","","","","","","","","","","","","","13","","","","","B03","","","1","","1","","","84","84","1","13","4","120.648176","24.163931","3"
"12082","66000","387130000C","(04)23274275","(04)23288582","2026","1","29","20","40","臺中市","神岡區","0","0","0","7","","","50","","","","","","","","","","","","","","13","","","","","C03","","","1","","2","","","7","7","1","12","4","120.682344","24.24684","3"
"12083","66000","387130000C","(04)23274275","(04)23288582","2026","1","29","20","44","臺中市","北屯區","0","0","0","6","","","50","","","","","","","","","","","","","","14","","","","","A12","","","1","","1","","","49","49","1","6","4","120.695462","24.185334","3"
"12084","66000","387130000C","(04)23274275","(04)23288582","2026","1","29","20","47","臺中市","太平區","0","1","0","7","1","6","30","11","9","1","5","4","6","6","4","4","10","5","5","2","11","2","9","2","1","C03","7","9","1","10","2","14","","41","41","1","12","4","120.712118","24.110499","2"
"12085","66000","387130000C","(04)23274275","(04)23288582","2026","1","29","20","53","臺中市","中區","0","1","0","7","1","6","50","13","9","1","5","4","6","6","4","4","5","4","5","2","17","2","9","5","4","C03","7","9","1","10","2","11","","84","84","1","13","4","120.68016","24.138706","2"
"12086","66000","387130000C","(04)23274275","(04)23288582","2026","1","29","20","56","臺中市","西屯區","0","1","0","7","1","6","50","3","9","1","5","4","6","6","4","4","1","4","5","2","18","2","9","1","1","C03","7","9","1","10","2","12","","84","84","1","13","4","120.647253","24.158406","2"
"12087","66000","387130000C","(04)23274275","(04)23288582","2026","1","29","20","58","臺中市","太平區","0","0","0","7","","","50","","","","","","","","","","","","","","","","","","","C03","","","1","","9","","","84","84","2","12","4","120.722936","24.149389","3"
"12088","66000","387130000C","(04)23274275","(04)23288582","2026","1","29","21","1","臺中市","潭子區","0","3","0","7","1","6","50","4","1","1","5","4","6","6","1","1","10","5","5","2","15","2","9","3","1","B03","7","9","5","19","7","1","","21","21","1","12","4","120.716334","24.204387","2"
"12089","66000","387130000C","(04)23274275","(04)23288582","2026","1","29","21","4","臺中市","烏日區","0","0","0","7","","","50","","","","","","","","","","","","","","13","","","","","B03","","","1","","2","","","59","59","1","13","4","120.603647","24.10988","3"
"12090","66000","387130000C","(04)23274275","(04)23288582","2026","1","29","21","5","臺中市","西屯區","0","0","0","7","","","50","","","","","","","","","","","","","","30","","","","","C03","","","1","","1","","","85","85","1","13","4","120.637662","24.1634","3"
"12091","66000","387130000C","(04)23274275","(04)23288582","2026","1","29","21","14","臺中市","大里區","0","2","0","7","3","6","50","4","1","1","5","4","6","6","1","1","10","5","5","2","15","2","8","1","1","C03","7","9","1","10","2","11","","21","21","1","12","4","120.706626","24.095314","2"
"12092","66000","387130000C","(04)23274275","(04)23288582","2026","1","29","21","14","臺中市","太平區","0","1","0","7","3","6","0","3","2","1","5","4","6","6","4","4","10","5","5","2","17","2","9","1","1","C03","7","2","1","10","2","11","","82","82","1","12","4","120.715899","24.13213","2"
"12093","66000","387130000C","(04)23274275","(04)23288582","2026","1","29","21","22","臺中市","西區","0","0","0","6","","","50","","","","","","","","","","","","","","","","","","","B03","","","1","","1","","","40","40","1","12","4","120.661386","24.15177","3"
"12094","66000","387130000C","(04)23274275","(04)23288582","2026","1","29","21","24","臺中市","中區","0","1","0","7","1","6","50","4","1","1","5","4","6","6","2","1","10","5","5","2","16","3","10","3","1","B01","7","5","1","4","2","2","","11","11","1","13","4","120.681675","24.144602","2"
"12095","66000","387130000C","(04)23274275","(04)23288582","2026","1","29","21","29","臺中市","太平區","0","2","0","7","1","6","50","3","7","1","5","4","6","6","4","4","5","5","4","2","17","3","10","3","1","B03","7","15","3","19","9","16","","4","4","2","12","4","120.733225","24.150682","2"
"12096","66000","387130000C","(04)23274275","(04)23288582","2026","1","29","21","29","臺中市","沙鹿區","0","0","0","7","","","50","","","","","","","","","","","","","","14","","","","","B03","","","1","","2","","","49","49","1","6","4","120.561144","24.238589","3"
"12097","66000","387130000C","(04)23274275","(04)23288582","2026","1","29","21","30","臺中市","大雅區","0","0","0","7","","","70","","","","","","","","","","","","","","","","","","","B03","","","1","","2","","","47","47","1","13","4","120.64125","24.230273","3"
"12098","66000","387130000C","(04)23274275","(04)23288582","2026","1","29","21","39","臺中市","西區","0","0","0","7","","","50","","","","","","","","","","","","","","","","","","","B03","","","1","","9","","","84","84","1","12","4","120.654054","24.152939","3"
"12099","66000","387130000C","(04)23274275","(04)23288582","2026","1","29","21","44","臺中市","南區","0","0","0","7","","","50","","","","","","","","","","","","","","","","","","","C03","","","1","","1","","","50","50","1","6","4","120.659165","24.117796","4"
"12100","66000","387130000C","(04)23274275","(04)23288582","2026","1","29","21","44","臺中市","神岡區","0","1","0","7","1","6","50","13","9","1","5","4","5","6","1","1","1","4","5","1","13","2","8","1","4","C03","7","9","1","10","2","11","","7","7","1","12","4","120.689636","24.247783","2"
"12101","66000","387130000C","(04)23274275","(04)23288582","2026","1","29","21","49","臺中市","沙鹿區","0","0","0","7","","","50","","","","","","","","","","","","","","13","","","","","B01","","","1","","1","","","7","7","1","6","4","120.565863","24.232527","3"
"12102","66000","387130000C","(04)23274275","(04)23288582","2026","1","29","22","5","臺中市","北屯區","0","1","0","7","1","6","50","4","1","1","5","4","6","6","1","1","10","5","5","2","13","2","9","1","1","C03","7","9","1","10","2","11","","39","39","1","6","4","120.697629","24.170496","2"
"12103","66000","387130000C","(04)23274275","(04)23288582","2026","1","29","22","10","臺中市","南屯區","0","0","0","7","1","6","40","3","1","1","5","4","6","6","4","4","9","5","5","2","27","3","10","5","4","B03","7","9","1","8","8","5","","53","53","1","12","4","120.604568","24.136223","3"
"12104","66000","387130000C","(04)23274275","(04)23288582","2026","1","29","22","13","臺中市","北屯區","0","1","0","7","1","6","50","13","9","1","5","4","6","6","4","4","3","4","5","2","12","3","10","3","1","B03","7","1","1","8","2","4","","51","51","1","13","4","120.733736","24.159776","2"
"12105","66000","387130000C","(04)23274275","(04)23288582","2026","1","29","22","14","臺中市","大里區","0","3","0","6","1","3","80","13","7","1","5","4","6","6","4","4","1","4","5","1","13","2","8","3","1","B03","7","9","1","8","2","1","","7","7","1","12","4","120.694462","24.107261","2"
"12106","66000","387130000C","(04)23274275","(04)23288582","2026","1","29","22","31","臺中市","神岡區","0","0","0","7","","","30","","","","","","","","","","","","","","12","","","","","B12","","","1","","2","","","8","8","1","12","4","120.710612","24.259162","3"
"12107","66000","387130000C","(04)23274275","(04)23288582","2026","1","29","22","34","臺中市","東區","0","1","0","7","1","6","50","13","9","4","5","2","6","6","4","4","9","4","5","2","11","2","8","1","1","C03","7","11","1","10","2","14","","46","46","1","12","4","120.700796","24.135143","2"
"12108","66000","387130000C","(04)23274275","(04)23288582","2026","1","29","22","48","臺中市","烏日區","0","2","0","7","1","6","40","13","14","1","5","4","3","3","4","4","1","4","4","1","12","2","9","5","4","C03","7","9","1","10","2","12","","59","59","1","13","4","120.636168","24.107277","2"
"12109","66000","387130000C","(04)23274275","(04)23288582","2026","1","29","22","50","臺中市","潭子區","0","1","0","7","1","8","60","13","9","1","5","4","6","6","4","4","7","4","5","2","13","3","10","3","1","B03","7","9","1","8","2","1","","7","7","1","13","4","120.712799","24.22173","2"
"12110","66000","387130000C","(04)23274275","(04)23288582","2026","1","29","23","3","臺中市","后里區","0","0","0","7","","","50","","","","","","","","","","","","","","23","","","","","B12","","","1","","2","","","59","59","1","6","4","120.720377","24.322099","3"
"12111","66000","387130000C","(04)23274275","(04)23288582","2026","1","29","23","6","臺中市","東區","0","0","0","7","","","50","","","","","","","","","","","","","","","","","","","B01","","","1","","1","","","84","84","1","6","4","120.699982","24.132461","3"
"12112","66000","387130000C","(04)23274275","(04)23288582","2026","1","29","23","22","臺中市","潭子區","0","0","0","6","","","50","","","","","","","","","","","","","","","","","","","B03","","","1","","9","","","8","8","2","13","4","120.701897","24.189401","3"
"12113","66000","387130000C","(04)23274275","(04)23288582","2026","1","29","23","36","臺中市","南區","0","0","0","7","","","30","","","","","","","","","","","","","","16","","","","","C03","","","1","","2","","","13","13","1","6","4","120.68408","24.130691","3"
"12114","66000","387130000C","(04)23274275","(04)23288582","2026","1","29","23","48","臺中市","神岡區","0","1","0","7","1","6","50","13","9","1","5","4","6","6","3","1","5","5","5","1","18","2","8","1","4","C03","7","9","1","10","2","12","","59","59","1","12","4","120.643914","24.25329","2"
"12115","66000","387130000C","(04)23274275","(04)23288582","2026","1","29","23","54","臺中市","沙鹿區","0","2","0","7","1","6","50","13","9","1","5","4","6","6","4","4","4","5","5","1","13","3","10","5","4","B03","7","9","1","8","2","5","","59","59","1","6","4","120.574642","24.227653","2"
"12116","66000","387130000C","(04)23274275","(04)23288582","2026","1","30","0","1","臺中市","北區","0","2","0","7","1","6","50","4","1","1","5","4","6","6","2","1","10","5","5","2","17","2","8","1","1","C03","7","15","1","10","2","14","","84","84","1","12","4","120.677229","24.152795","2"
"12117","66000","387130000C","(04)23274275","(04)23288582","2026","1","30","0","9","臺中市","西屯區","0","0","0","7","","","50","","","","","","","","","","","","","","13","","","","","B03","","","1","","2","","","58","58","1","13","4","120.658532","24.176017","3"
"12118","66000","387130000C","(04)23274275","(04)23288582","2026","1","30","0","31","臺中市","太平區","0","0","0","7","","","30","","","","","","","","","","","","","","","","","","","A12","","","1","","2","","","84","84","1","12","4","120.731978","24.128976","3"
"12119","66000","387130000C","(04)23274275","(04)23288582","2026","1","30","0","49","臺中市","大里區","0","0","0","7","","","50","","","","","","","","","","","","","","30","","","","","B03","","","5","","1","","","84","84","1","13","4","120.683866","24.114315","3"
"12120","66000","387130000C","(04)23274275","(04)23288582","2026","1","30","1","1","臺中市","北區","0","1","0","7","1","6","50","4","1","1","5","4","6","6","1","1","10","5","5","2","16","3","10","3","1","B03","7","6","1","8","2","8","","84","84","1","12","4","120.692831","24.15976","2"
"12121","66000","387130000C","(04)23274275","(04)23288582","2026","1","30","1","8","臺中市","南區","0","0","0","7","","","50","","","","","","","","","","","","","","","","","","","A12","","","1","","1","","","49","49","1","6","4","120.65616","24.129839","3"
"12122","66000","387130000C","(04)23274275","(04)23288582","2026","1","30","1","19","臺中市","北區","0","2","0","7","3","6","50","4","2","1","5","4","6","6","4","4","5","4","5","2","3","2","9","5","4","C03","7","9","1","10","2","11","","84","84","1","13","4","120.675539","24.149974","2"
"12123","66000","387130000C","(04)23274275","(04)23288582","2026","1","30","1","46","臺中市","霧峰區","0","0","0","7","","","50","","","","","","","","","","","","","","14","","","","","B03","","","1","","2","","","49","49","1","13","4","120.719554","24.078373","3"
"12124","66000","387130000C","(04)23274275","(04)23288582","2026","1","30","1","48","臺中市","西屯區","0","0","0","7","","","50","","","","","","","","","","","","","","17","","","","","B02","","","1","","2","","","84","84","1","13","4","120.637467","24.173349","3"
"12125","66000","387130000C","(04)23274275","(04)23288582","2026","1","30","1","50","臺中市","太平區","0","1","0","7","3","6","30","13","9","1","5","4","6","6","4","4","10","5","5","2","17","2","9","4","1","F02","7","9","7","21","2","14","","84","84","1","12","4","120.727468","24.149154","2"
"12126","66000","387130000C","(04)23274275","(04)23288582","2026","1","30","2","45","臺中市","北區","0","0","0","7","","","30","","","","","","","","","","","","","","","","","","","B02","","","1","","2","","","84","84","1","12","4","120.67534","24.146575","3"
"12127","66000","387130000C","(04)23274275","(04)23288582","2026","1","30","3","4","臺中市","西屯區","0","0","0","7","","","30","","","","","","","","","","","","","","17","","","","","B03","","","1","","1","","","87","87","1","12","4","120.655392","24.162976","3"
"12128","66000","387130000C","(04)23274275","(04)23288582","2026","1","30","3","8","臺中市","新社區","0","0","0","5","","","50","","","","","","","","","","","","","","30","","","","","B03","","","1","","2","","","45","45","1","13","4","120.794229","24.20594","3"
"12129","66000","387130000C","(04)23274275","(04)23288582","2026","1","30","3","12","臺中市","西屯區","0","0","0","7","","","50","","","","","","","","","","","","","","14","","","","","B01","","","1","","1","","","49","49","1","13","4","120.661709","24.165906","3"
"12130","66000","387130000C","(04)23274275","(04)23288582","2026","1","30","3","31","臺中市","北區","0","0","0","7","","","50","","","","","","","","","","","","","","","","","","","B03","","","3","","2","","","24","24","1","13","4","120.679356","24.149695","3"
"12131","66000","387130000C","(04)23274275","(04)23288582","2026","1","30","4","47","臺中市","西區","0","0","0","5","","","50","","","","","","","","","","","","","","","","","","","C03","","","1","","1","","","84","84","1","12","4","120.656668","24.13527","3"
"12132","66000","387130000C","(04)23274275","(04)23288582","2026","1","30","5","6","臺中市","烏日區","0","0","0","7","","","30","","","","","","","","","","","","","","14","","","","","B12","","","1","","2","","","49","49","1","13","4","120.637916","24.106493","3"
"12133","66000","387130000C","(04)23274275","(04)23288582","2026","1","30","5","27","臺中市","大雅區","0","1","0","5","1","6","50","13","9","1","4","4","6","6","1","1","5","2","5","1","18","2","9","5","4","C03","7","9","1","10","2","14","","84","84","1","12","4","120.629016","24.206356","2"
"12134","66000","387130000C","(04)23274275","(04)23288582","2026","1","30","5","59","臺中市","北屯區","0","2","0","5","1","6","50","13","9","1","4","4","6","6","4","4","5","4","5","2","2","2","9","2","1","C03","7","9","1","10","2","11","","84","84","1","12","4","120.698215","24.170306","2"
"12135","66000","387130000C","(04)23274275","(04)23288582","2026","1","30","5","59","臺中市","太平區","0","2","0","7","2","6","50","13","9","1","4","4","6","6","4","4","5","5","5","1","2","2","9","1","1","C03","7","9","1","10","2","12","","8","8","1","12","4","120.715287","24.137093","2"
"12136","66000","387130000C","(04)23274275","(04)23288582","2026","1","30","6","19","臺中市","大雅區","0","1","0","5","1","6","30","13","9","1","4","4","6","6","4","4","10","5","5","1","18","2","9","2","1","C03","7","9","1","10","2","12","","84","84","1","12","4","120.675155","24.227956","2"
"12137","66000","387130000C","(04)23274275","(04)23288582","2026","1","30","6","22","臺中市","大里區","0","0","0","5","","3","80","","","","","","","","","","","","","","13","","","","","B03","","","1","","2","","","7","7","1","6","4","120.700371","24.118842","3"
"12138","66000","387130000C","(04)23274275","(04)23288582","2026","1","30","6","24","臺中市","梧棲區","0","0","0","7","","","50","","","","","","","","","","","","","","17","","","","","A11","","","1","","1","","","8","8","1","6","4","120.528908","24.237397","3"
"12139","66000","387130000C","(04)23274275","(04)23288582","2026","1","30","6","28","臺中市","烏日區","0","1","0","5","2","6","40","11","8","1","4","4","6","6","4","4","1","5","1","1","18","2","9","5","4","C03","7","9","1","10","9","14","","84","84","1","13","4","120.611257","24.103338","2"
"12140","66000","387130000C","(04)23274275","(04)23288582","2026","1","30","6","36","臺中市","大里區","0","1","0","5","2","6","50","13","12","1","4","4","6","6","4","4","9","4","4","1","17","3","10","3","1","B03","7","1","1","8","2","16","","51","51","1","13","4","120.695093","24.088754","2"