序號,縣市別代碼,機關代碼,市話,傳真,年,月,日,時,分,縣市,區,死亡數量,受傷數量,2-30,天候,道路照明設備,道路類別,道路速限,道路型態,事故位置,路面鋪裝,路面狀態,路面缺陷,障礙物,視距,號誌種類,號誌動作,分向設施,快車道或一般車道間,快慢車道間,路面邊線,事故類型及型態,受傷程度,主要傷處,保護裝備,行動電話或功能裝置,當事者區分(類別),車輛用途,當事者行動狀態,駕照狀態,駕照種類,飲酒情形,車輛撞擊部位最初,車輛撞擊部位其他,肇事因素個別,肇事因素主要,肇事逃逸,職業,共享經濟或外送平台,GPS座標X,GPS座標Y,事故類別
"12141","66000","387130000C","(04)23274275","(04)23288582","2026","1","30","6","39","臺中市","烏日區","0","1","0","5","2","6","30","3","2","1","4","4","6","6","4","4","10","5","5","2","17","3","10","5","4","B03","7","1","1","8","2","1","","51","51","1","13","4","120.639012","24.111504","2"
"12142","66000","387130000C","(04)23274275","(04)23288582","2026","1","30","6","44","臺中市","北屯區","0","0","0","7","","","50","","","","","","","","","","","","","","13","","","","","A41","","","1","","1","","","84","84","1","6","4","120.721619","24.182653","3"
"12143","66000","387130000C","(04)23274275","(04)23288582","2026","1","30","6","55","臺中市","西屯區","0","1","0","5","2","6","50","4","1","1","4","4","6","6","1","1","10","5","5","2","18","2","9","1","4","C03","7","6","1","10","2","14","","84","84","1","13","4","120.613992","24.174798","2"
"12144","66000","387130000C","(04)23274275","(04)23288582","2026","1","30","7","12","臺中市","西屯區","0","0","0","7","","","30","","","","","","","","","","","","","","","","","","","B03","","","1","","1","","","49","49","1","12","4","120.66052","24.167004","3"
"12145","66000","387130000C","(04)23274275","(04)23288582","2026","1","30","7","14","臺中市","豐原區","0","0","0","7","","","30","","","","","","","","","","","","","","15","","","","","B03","","","1","","2","","","14","14","1","12","4","120.720223","24.25172","4"
"12146","66000","387130000C","(04)23274275","(04)23288582","2026","1","30","7","20","臺中市","龍井區","0","1","0","7","2","6","40","13","8","1","5","4","6","6","4","4","10","3","4","1","30","2","9","1","1","C03","7","9","1","10","2","16","","87","87","1","6","4","120.499006","24.212224","2"
"12147","66000","387130000C","(04)23274275","(04)23288582","2026","1","30","7","21","臺中市","西屯區","0","1","0","5","2","6","50","13","11","1","4","4","6","6","1","1","5","4","5","2","18","2","9","1","4","C03","7","9","1","10","2","12","","82","82","1","12","4","120.632545","24.170095","2"
"12148","66000","387130000C","(04)23274275","(04)23288582","2026","1","30","7","22","臺中市","北屯區","0","1","0","5","2","6","50","4","1","1","4","4","6","6","2","1","10","5","5","2","18","2","9","2","1","C03","7","9","1","10","2","14","","58","58","1","6","4","120.680217","24.188959","2"
"12149","66000","387130000C","(04)23274275","(04)23288582","2026","1","30","7","23","臺中市","北屯區","0","1","0","5","3","6","30","3","1","1","4","4","6","6","4","4","5","5","5","2","16","3","10","3","1","B03","7","6","1","8","2","7","","13","13","1","6","4","120.676426","24.174967","2"
"12150","66000","387130000C","(04)23274275","(04)23288582","2026","1","30","7","30","臺中市","大雅區","0","1","0","5","2","6","50","13","9","1","4","4","6","6","4","4","10","4","5","1","17","3","10","3","1","B03","7","9","1","8","2","1","","7","7","1","12","4","120.657898","24.230596","2"
"12151","66000","387130000C","(04)23274275","(04)23288582","2026","1","30","7","30","臺中市","大里區","0","0","0","5","","","50","","","","","","","","","","","","","","13","","","","","B03","","","1","","2","","","7","7","1","13","4","120.697078","24.111902","3"
"12152","66000","387130000C","(04)23274275","(04)23288582","2026","1","30","7","30","臺中市","豐原區","0","1","0","5","1","6","60","3","2","1","4","4","6","6","4","4","1","4","4","1","18","2","9","1","1","C03","7","9","1","10","2","11","","84","84","1","6","4","120.727601","24.264851","2"
"12153","66000","387130000C","(04)23274275","(04)23288582","2026","1","30","7","30","臺中市","豐原區","0","1","0","5","1","6","50","3","9","1","4","4","6","6","4","4","1","4","5","1","18","2","9","1","1","C03","7","9","1","10","2","11","","84","84","1","6","4","120.727601","24.264851","2"
"12154","66000","387130000C","(04)23274275","(04)23288582","2026","1","30","7","30","臺中市","豐原區","0","1","0","5","1","6","60","13","9","1","4","4","6","6","4","4","1","4","5","2","18","2","9","1","1","F03","7","9","7","21","2","11","","84","84","1","6","4","120.727601","24.264851","2"
"12155","66000","387130000C","(04)23274275","(04)23288582","2026","1","30","7","31","臺中市","大雅區","0","2","0","5","1","6","30","3","1","1","4","4","6","6","4","4","10","5","5","2","16","2","8","2","1","C03","7","6","1","10","2","11","","14","14","1","12","4","120.656991","24.22665","2"
"12156","66000","387130000C","(04)23274275","(04)23288582","2026","1","30","7","32","臺中市","大雅區","0","0","0","5","","","50","","","","","","","","","","","","","","","","","","","B03","","","1","","1","","","7","7","1","12","4","120.647759","24.216587","3"
"12157","66000","387130000C","(04)23274275","(04)23288582","2026","1","30","7","32","臺中市","東區","0","1","0","5","1","6","50","3","1","1","4","4","6","6","4","4","10","5","5","2","18","2","9","5","4","C03","7","9","1","10","2","15","","84","84","1","12","4","120.707015","24.136384","2"
"12158","66000","387130000C","(04)23274275","(04)23288582","2026","1","30","7","32","臺中市","后里區","0","1","0","5","2","6","40","4","2","1","4","4","6","6","1","1","1","4","4","1","12","3","10","1","1","C03","7","9","1","10","2","16","","59","59","1","12","4","120.723424","24.313203","2"
"12159","66000","387130000C","(04)23274275","(04)23288582","2026","1","30","7","33","臺中市","北屯區","0","0","0","5","","","30","","","","","","","","","","","","","","11","","","","","B03","","","1","","1","","","8","8","1","13","4","120.685081","24.190132","4"
"12160","66000","387130000C","(04)23274275","(04)23288582","2026","1","30","7","34","臺中市","東區","0","2","0","5","2","6","30","3","1","1","4","4","6","6","4","4","10","5","5","2","17","2","9","2","1","C03","7","15","1","10","2","14","","12","12","1","12","4","120.706914","24.137984","2"
"12161","66000","387130000C","(04)23274275","(04)23288582","2026","1","30","7","35","臺中市","大雅區","0","2","0","5","2","6","50","4","1","1","4","4","6","6","4","4","10","4","5","1","17","2","9","1","1","C03","7","9","1","10","2","11","","20","20","1","12","4","120.645914","24.226505","2"
"12162","66000","387130000C","(04)23274275","(04)23288582","2026","1","30","7","35","臺中市","梧棲區","0","0","0","7","","","30","","","","","","","","","","","","","","13","","","","","B03","","","1","","1","","","7","7","1","12","4","120.542421","24.256786","3"
"12163","66000","387130000C","(04)23274275","(04)23288582","2026","1","30","7","36","臺中市","霧峰區","0","0","0","5","","","30","","","","","","","","","","","","","","","","","","","A31","","","1","","1","","","58","58","1","6","4","120.684588","24.020219","3"
"12164","66000","387130000C","(04)23274275","(04)23288582","2026","1","30","7","37","臺中市","北屯區","0","1","0","7","2","6","50","4","1","1","5","4","6","6","1","1","10","5","5","2","12","3","10","5","4","B03","7","9","1","8","2","2","","8","8","1","12","4","120.694187","24.164967","2"
"12165","66000","387130000C","(04)23274275","(04)23288582","2026","1","30","7","37","臺中市","豐原區","0","1","0","7","1","6","60","3","2","1","5","4","6","6","4","4","1","4","5","1","18","2","9","1","1","C03","7","9","1","10","2","11","","84","84","1","6","4","120.727601","24.264851","2"
"12166","66000","387130000C","(04)23274275","(04)23288582","2026","1","30","7","38","臺中市","神岡區","0","1","0","5","2","6","50","4","1","1","4","4","6","6","1","1","10","5","5","2","17","2","9","2","1","C02","7","9","3","19","2","11","","84","84","1","13","4","120.670854","24.261841","2"
"12167","66000","387130000C","(04)23274275","(04)23288582","2026","1","30","7","39","臺中市","梧棲區","0","1","0","6","2","6","40","3","2","1","5","4","6","6","1","1","1","4","1","1","18","2","9","1","1","C03","7","12","1","10","2","12","","82","82","1","12","4","120.542592","24.247835","2"
"12168","66000","387130000C","(04)23274275","(04)23288582","2026","1","30","7","39","臺中市","大甲區","0","2","0","7","2","6","70","13","8","1","5","4","6","6","4","4","6","3","5","1","12","2","9","1","1","C03","7","9","3","19","2","14","","8","8","1","12","4","120.642599","24.415804","2"
"12169","66000","387130000C","(04)23274275","(04)23288582","2026","1","30","7","40","臺中市","北屯區","0","0","0","5","","","50","","","","","","","","","","","","","","","","","","","B03","","","1","","1","","","84","84","1","12","4","120.686332","24.186723","3"
"12170","66000","387130000C","(04)23274275","(04)23288582","2026","1","30","7","40","臺中市","沙鹿區","0","1","0","6","2","6","40","13","8","1","4","4","6","6","4","4","1","4","4","2","18","2","9","1","1","F03","7","9","7","21","2","14","","84","84","1","12","4","120.565732","24.232201","2"
"12171","66000","387130000C","(04)23274275","(04)23288582","2026","1","30","7","42","臺中市","大雅區","0","1","0","5","1","6","30","11","9","1","4","4","6","6","4","4","10","5","5","1","18","2","9","2","1","C03","7","9","1","10","2","14","","84","84","1","12","4","120.660164","24.207648","2"
"12172","66000","387130000C","(04)23274275","(04)23288582","2026","1","30","7","42","臺中市","太平區","0","1","0","5","2","6","30","4","1","1","4","4","6","6","4","4","10","5","5","2","15","2","8","2","1","C03","7","9","1","10","1","11","","15","15","1","12","4","120.708361","24.156384","2"
"12173","66000","387130000C","(04)23274275","(04)23288582","2026","1","30","7","43","臺中市","大里區","0","1","0","7","2","6","50","13","8","1","5","4","6","6","4","4","5","4","4","1","18","2","9","1","1","C03","7","9","1","10","2","14","","84","84","1","6","4","120.70708","24.095249","2"
"12174","66000","387130000C","(04)23274275","(04)23288582","2026","1","30","7","45","臺中市","北區","0","1","0","5","2","6","40","5","8","1","4","4","6","6","1","1","10","5","5","2","17","2","8","5","4","F03","7","9","7","21","2","11","","7","7","1","13","4","120.673798","24.164722","2"
"12175","66000","387130000C","(04)23274275","(04)23288582","2026","1","30","7","45","臺中市","西屯區","0","1","0","5","2","6","50","5","1","1","4","4","6","6","2","1","10","5","5","2","13","2","7","1","1","C03","7","9","1","10","2","11","14","7","7","1","12","4","120.636516","24.170634","2"
"12176","66000","387130000C","(04)23274275","(04)23288582","2026","1","30","7","45","臺中市","大里區","0","1","0","5","2","6","50","13","14","1","4","4","6","6","4","4","9","5","5","1","18","2","9","2","1","C03","7","9","1","10","2","14","","84","84","1","13","4","120.686914","24.071806","2"
"12177","66000","387130000C","(04)23274275","(04)23288582","2026","1","30","7","45","臺中市","沙鹿區","0","1","0","7","2","6","60","3","1","1","5","4","6","6","4","4","1","4","5","2","17","2","9","1","1","C03","7","9","1","10","2","16","","84","84","1","12","4","120.606321","24.247247","2"
"12178","66000","387130000C","(04)23274275","(04)23288582","2026","1","30","7","45","臺中市","梧棲區","0","0","0","7","","","50","","","","","","","","","","","","","","16","","","","","B03","","","1","","2","","","23","23","1","12","4","120.549231","24.249417","3"
"12179","66000","387130000C","(04)23274275","(04)23288582","2026","1","30","7","46","臺中市","龍井區","0","2","0","6","2","6","50","11","9","1","4","4","6","6","4","4","10","5","5","2","10","2","9","3","1","B03","7","9","1","8","2","8","","6","6","1","13","4","120.537847","24.185731","2"
"12180","66000","387130000C","(04)23274275","(04)23288582","2026","1","30","7","47","臺中市","西區","0","0","0","7","","","50","","","","","","","","","","","","","","","","","","","C03","","","1","","1","","","84","84","1","12","4","120.659695","24.157292","4"
"12181","66000","387130000C","(04)23274275","(04)23288582","2026","1","30","7","47","臺中市","北屯區","0","1","0","5","2","6","50","13","8","1","4","4","6","6","4","4","1","4","4","2","12","2","9","1","1","C03","7","9","1","10","2","12","","42","42","1","6","4","120.686319","24.204584","2"
"12182","66000","387130000C","(04)23274275","(04)23288582","2026","1","30","7","47","臺中市","龍井區","0","1","0","5","2","6","40","3","2","2","4","4","6","6","4","4","4","3","4","1","16","3","10","3","1","B03","7","5","1","5","2","6","","14","14","1","12","4","120.501586","24.211419","2"
"12183","66000","387130000C","(04)23274275","(04)23288582","2026","1","30","7","47","臺中市","梧棲區","0","1","0","6","2","6","70","4","1","1","5","4","6","6","1","1","10","5","5","2","16","2","9","3","1","B03","7","6","1","8","2","2","","11","11","1","12","4","120.546818","24.23246","2"
"12184","66000","387130000C","(04)23274275","(04)23288582","2026","1","30","7","48","臺中市","大雅區","0","1","0","5","3","6","50","3","1","1","4","4","6","6","3","1","10","5","5","2","17","2","8","2","1","C03","7","9","1","10","2","11","","7","7","1","12","4","120.663794","24.218493","2"
"12185","66000","387130000C","(04)23274275","(04)23288582","2026","1","30","7","49","臺中市","后里區","0","0","0","7","","","60","","","","","","","","","","","","","","13","","","","","B03","","","1","","1","","","7","7","1","13","4","120.725071","24.321377","3"
"12186","66000","387130000C","(04)23274275","(04)23288582","2026","1","30","7","50","臺中市","西屯區","0","1","0","7","2","6","50","3","1","1","5","4","6","6","1","1","8","4","5","1","16","2","9","5","4","C03","7","6","1","10","2","14","","85","85","1","13","4","120.590375","24.174924","2"
"12187","66000","387130000C","(04)23274275","(04)23288582","2026","1","30","7","50","臺中市","烏日區","0","0","0","7","","","30","","","","","","","","","","","","","","9","","","","","B03","","","1","","1","","","85","85","1","6","4","120.640717","24.111739","3"
"12188","66000","387130000C","(04)23274275","(04)23288582","2026","1","30","7","50","臺中市","梧棲區","0","1","0","7","2","6","30","13","9","1","5","4","6","6","4","4","10","5","5","2","20","2","8","1","1","C03","7","9","1","10","2","11","","55","55","1","12","4","120.539287","24.234609","2"
"12189","66000","387130000C","(04)23274275","(04)23288582","2026","1","30","7","50","臺中市","后里區","0","2","0","5","2","6","30","4","1","1","4","4","6","6","4","4","10","5","5","2","15","2","9","1","1","C03","7","9","1","10","2","11","","15","15","1","12","4","120.726024","24.305475","2"
"12190","66000","387130000C","(04)23274275","(04)23288582","2026","1","30","7","50","臺中市","大甲區","0","2","0","7","1","6","50","3","1","1","5","4","6","6","4","4","5","4","5","1","16","2","9","1","1","C03","7","1","1","10","2","11","","51","51","1","6","4","120.619564","24.354295","2"
"12191","66000","387130000C","(04)23274275","(04)23288582","2026","1","30","7","51","臺中市","霧峰區","0","2","0","5","2","6","50","3","1","1","4","4","6","6","4","4","10","4","4","2","3","2","8","6","5","H01","8","18","7","21","10","17","","95","95","1","2","5","120.701376","24.075844","2"
"12192","66000","387130000C","(04)23274275","(04)23288582","2026","1","30","7","51","臺中市","豐原區","0","0","0","5","","","50","","","","","","","","","","","","","","15","","","","","C03","","","6","","2","","","84","84","1","12","4","120.705766","24.252407","4"
"12193","66000","387130000C","(04)23274275","(04)23288582","2026","1","30","7","52","臺中市","神岡區","0","1","0","5","2","6","40","13","8","1","4","4","6","6","4","4","5","4","4","2","17","2","9","5","4","C03","7","1","3","19","2","14","","51","51","1","13","4","120.700613","24.263445","2"
"12194","66000","387130000C","(04)23274275","(04)23288582","2026","1","30","7","56","臺中市","潭子區","0","1","0","5","2","6","50","3","1","1","4","4","6","6","4","4","5","4","5","1","13","3","10","1","1","C03","7","6","1","10","2","13","","84","84","1","13","4","120.700484","24.212333","2"
"12195","66000","387130000C","(04)23274275","(04)23288582","2026","1","30","7","56","臺中市","龍井區","0","1","0","5","2","6","40","13","8","1","4","4","6","6","4","4","4","4","1","2","17","2","9","1","1","C03","7","9","1","10","2","15","","6","6","1","6","4","120.591962","24.183172","2"
"12196","66000","387130000C","(04)23274275","(04)23288582","2026","1","30","7","56","臺中市","龍井區","0","1","0","7","2","6","30","4","1","1","4","4","6","6","4","4","10","5","5","2","14","3","10","3","1","B03","7","2","1","8","1","6","","49","49","1","6","4","120.588943","24.179329","2"
"12197","66000","387130000C","(04)23274275","(04)23288582","2026","1","30","7","56","臺中市","神岡區","0","1","0","5","2","6","30","3","1","1","4","4","6","6","4","4","10","5","5","2","17","3","10","3","1","B03","7","5","1","8","2","8","","87","87","1","6","4","120.690057","24.272341","2"
"12198","66000","387130000C","(04)23274275","(04)23288582","2026","1","30","7","58","臺中市","后里區","0","1","0","7","2","6","50","3","1","1","5","4","6","6","4","4","10","5","5","2","16","3","10","3","1","B03","7","6","1","8","2","1","","12","12","1","12","4","120.708967","24.305542","2"
"12199","66000","387130000C","(04)23274275","(04)23288582","2026","1","30","7","59","臺中市","北區","0","1","0","5","3","6","50","5","24","1","4","4","6","6","4","4","5","4","5","2","18","2","9","5","4","C03","7","9","1","10","2","14","","6","6","1","13","4","120.670692","24.161283","2"
"12200","66000","387130000C","(04)23274275","(04)23288582","2026","1","30","8","0","臺中市","北屯區","0","2","0","5","3","6","50","3","1","1","4","4","6","6","4","4","3","4","4","2","17","3","10","3","1","B12","7","5","1","8","2","7","","85","85","1","12","4","120.667833","24.179331","2"
"12201","66000","387130000C","(04)23274275","(04)23288582","2026","1","30","8","2","臺中市","龍井區","0","1","0","5","2","6","40","13","8","1","4","4","6","6","4","4","1","4","1","2","17","2","9","1","1","C03","7","9","1","10","2","16","","84","84","1","6","4","120.592456","24.182991","2"
"12202","66000","387130000C","(04)23274275","(04)23288582","2026","1","30","8","2","臺中市","豐原區","0","1","0","7","2","6","50","13","7","1","4","4","6","6","4","4","5","5","4","2","17","2","9","5","4","C03","7","12","1","10","2","16","","6","6","1","12","4","120.725287","24.243307","2"
"12203","66000","387130000C","(04)23274275","(04)23288582","2026","1","30","8","5","臺中市","北區","0","0","0","5","","","50","","","","","","","","","","","","","","17","","","","","B03","","","1","","1","","","51","51","1","13","4","120.668969","24.166969","3"
"12204","66000","387130000C","(04)23274275","(04)23288582","2026","1","30","8","6","臺中市","大雅區","0","1","0","5","3","6","40","13","8","1","4","4","6","6","4","4","1","4","4","1","17","2","9","2","1","C03","7","9","1","10","2","12","","84","84","1","12","4","120.639931","24.231114","2"
"12205","66000","387130000C","(04)23274275","(04)23288582","2026","1","30","8","6","臺中市","北屯區","0","0","0","5","","","50","","","","","","","","","","","","","","","","","","","C03","","","1","","1","","","7","7","1","6","4","120.703188","24.169679","3"
"12206","66000","387130000C","(04)23274275","(04)23288582","2026","1","30","8","7","臺中市","大里區","0","1","0","7","3","6","30","11","9","1","5","4","6","6","4","4","10","5","5","1","18","2","9","1","1","C03","7","9","1","10","2","12","","59","59","1","12","4","120.666376","24.085386","2"
"12207","66000","387130000C","(04)23274275","(04)23288582","2026","1","30","8","8","臺中市","太平區","0","0","0","7","","","50","","","","","","","","","","","","","","","","","","","B03","","","1","","2","","","7","7","1","13","4","120.721225","24.101039","3"
"12208","66000","387130000C","(04)23274275","(04)23288582","2026","1","30","8","9","臺中市","北區","0","1","0","7","2","6","50","13","9","1","4","4","6","6","4","4","5","4","4","2","17","2","9","5","1","C03","7","9","1","10","2","11","","59","59","1","13","4","120.688583","24.159","2"
"12209","66000","387130000C","(04)23274275","(04)23288582","2026","1","30","8","10","臺中市","西屯區","0","1","0","5","2","6","50","13","9","1","4","4","6","6","4","4","1","5","5","2","13","2","9","2","1","C03","7","9","1","10","2","14","","7","7","1","12","4","120.656854","24.176211","2"
"12210","66000","387130000C","(04)23274275","(04)23288582","2026","1","30","8","12","臺中市","大甲區","0","0","0","7","","","40","","","","","","","","","","","","","","","","","","","B03","","","1","","2","","","15","15","1","12","4","120.633743","24.415312","3"
"12211","66000","387130000C","(04)23274275","(04)23288582","2026","1","30","8","13","臺中市","南屯區","0","1","0","7","2","6","30","4","1","1","5","4","6","6","4","4","10","5","5","2","15","2","9","1","1","C04","7","9","1","10","2","12","","15","15","1","6","4","120.624838","24.11441","2"
"12212","66000","387130000C","(04)23274275","(04)23288582","2026","1","30","8","13","臺中市","西屯區","0","1","0","5","2","6","50","4","1","1","4","4","6","6","2","1","10","5","5","2","11","3","10","3","4","B03","7","6","1","8","2","8","","11","11","1","12","4","120.637225","24.166034","2"
"12213","66000","387130000C","(04)23274275","(04)23288582","2026","1","30","8","14","臺中市","西屯區","0","1","0","5","2","6","30","3","1","1","4","4","6","6","4","4","10","5","5","1","18","2","9","2","1","C03","7","6","1","10","2","12","","59","59","1","12","4","120.637435","24.171233","2"
"12214","66000","387130000C","(04)23274275","(04)23288582","2026","1","30","8","14","臺中市","太平區","0","0","0","5","2","3","40","","","","","","","","","","","","","","","","","","","B03","","","1","","1","1","","58","58","1","12","4","120.718366","24.15817","3"
"12215","66000","387130000C","(04)23274275","(04)23288582","2026","1","30","8","15","臺中市","西屯區","0","0","0","6","","","0","","","","","","","","","","","","","","14","","","","","B03","","","1","","2","","","49","49","1","12","4","120.586405","24.175334","3"
"12216","66000","387130000C","(04)23274275","(04)23288582","2026","1","30","8","16","臺中市","潭子區","0","0","0","7","","","60","","","","","","","","","","","","","","9","","","","","B03","","","1","","2","","","40","40","1","12","4","120.70255","24.192023","3"
"12217","66000","387130000C","(04)23274275","(04)23288582","2026","1","30","8","16","臺中市","北屯區","0","1","0","5","3","6","50","4","2","1","4","4","6","6","1","1","5","4","4","2","13","2","9","2","1","C03","7","9","1","10","2","11","","7","7","1","6","4","120.699378","24.16474","2"
"12218","66000","387130000C","(04)23274275","(04)23288582","2026","1","30","8","16","臺中市","豐原區","0","0","0","7","","","50","","","","","","","","","","","","","","13","","","","","C03","","","1","","2","","","7","7","1","12","4","120.744535","24.264695","4"
"12219","66000","387130000C","(04)23274275","(04)23288582","2026","1","30","8","17","臺中市","東區","0","1","0","5","2","6","50","4","4","1","4","4","6","6","2","1","1","4","5","2","18","2","9","5","4","C03","7","9","1","10","2","12","","84","84","1","13","4","120.68601","24.141425","2"
"12220","66000","387130000C","(04)23274275","(04)23288582","2026","1","30","8","18","臺中市","西區","0","0","0","7","","","50","","","","","","","","","","","","","","16","","","","","C03","","","1","","1","","","84","84","2","13","4","120.65591","24.155155","3"
"12221","66000","387130000C","(04)23274275","(04)23288582","2026","1","30","8","18","臺中市","西屯區","0","0","0","6","","","50","","","","","","","","","","","","","","17","","","","","B03","","","1","","2","","","50","50","1","12","4","120.610146","24.187912","3"
"12222","66000","387130000C","(04)23274275","(04)23288582","2026","1","30","8","20","臺中市","潭子區","0","1","0","5","2","6","50","3","1","1","4","4","6","6","4","4","5","4","5","1","18","2","9","1","1","C03","7","6","1","10","2","14","","84","84","1","13","4","120.700506","24.212295","2"
"12223","66000","387130000C","(04)23274275","(04)23288582","2026","1","30","8","20","臺中市","西區","0","1","0","7","2","6","50","4","2","1","5","4","6","6","1","1","3","4","4","2","18","2","9","1","1","C03","7","9","1","10","2","12","","84","84","1","12","4","120.667327","24.131951","2"
"12224","66000","387130000C","(04)23274275","(04)23288582","2026","1","30","8","20","臺中市","烏日區","0","1","0","7","2","6","30","4","1","1","5","4","6","6","4","4","10","5","5","2","16","3","10","3","1","B03","7","6","1","8","2","8","","14","14","1","6","4","120.638704","24.105692","2"
"12225","66000","387130000C","(04)23274275","(04)23288582","2026","1","30","8","20","臺中市","大甲區","0","2","0","7","1","6","50","4","1","1","5","4","6","6","1","1","5","4","5","1","3","2","9","1","1","C03","7","5","1","10","2","12","","10","10","1","6","4","120.620248","24.344844","2"
"12226","66000","387130000C","(04)23274275","(04)23288582","2026","1","30","8","22","臺中市","西屯區","0","0","0","7","","","50","","","","","","","","","","","","","","14","","","","","B03","","","1","","2","","","49","49","1","12","4","120.605649","24.163788","3"
"12227","66000","387130000C","(04)23274275","(04)23288582","2026","1","30","8","22","臺中市","烏日區","0","1","0","7","2","6","50","3","1","1","4","4","6","6","1","1","10","5","5","2","16","3","10","3","1","B03","7","6","1","8","2","1","","11","11","1","6","4","120.642075","24.106303","2"
"12228","66000","387130000C","(04)23274275","(04)23288582","2026","1","30","8","24","臺中市","西區","0","0","0","5","","","50","","","","","","","","","","","","","","13","","","","","B03","","","1","","1","","","59","59","1","12","4","120.66528","24.139848","3"
"12229","66000","387130000C","(04)23274275","(04)23288582","2026","1","30","8","24","臺中市","豐原區","0","0","0","7","","","50","","","","","","","","","","","","","","17","","","","","C03","","","1","","1","","","7","7","1","6","4","120.701116","24.249396","3"
"12230","66000","387130000C","(04)23274275","(04)23288582","2026","1","30","8","25","臺中市","太平區","0","1","0","7","3","6","30","4","1","1","4","4","6","6","4","4","10","5","5","2","15","2","9","2","1","C03","7","9","1","10","2","14","","12","12","1","13","4","120.724053","24.142413","2"
"12231","66000","387130000C","(04)23274275","(04)23288582","2026","1","30","8","26","臺中市","大里區","0","2","0","5","2","6","50","13","9","1","4","4","6","6","4","4","5","5","5","1","17","3","10","1","1","C03","7","7","1","10","11","16","","85","85","1","6","4","120.70132","24.096094","2"
"12232","66000","387130000C","(04)23274275","(04)23288582","2026","1","30","8","27","臺中市","潭子區","0","1","0","7","3","6","50","13","9","1","5","4","6","6","4","4","8","5","5","1","2","3","10","2","1","C03","7","9","1","10","2","12","","59","59","1","12","4","120.704626","24.219418","2"
"12233","66000","387130000C","(04)23274275","(04)23288582","2026","1","30","8","27","臺中市","南屯區","0","1","0","7","2","6","50","13","9","1","5","4","6","6","4","4","9","5","4","2","18","2","9","1","1","C03","7","9","1","10","2","14","","59","59","1","12","4","120.64681","24.139629","2"
"12234","66000","387130000C","(04)23274275","(04)23288582","2026","1","30","8","28","臺中市","北屯區","0","2","0","5","2","6","50","13","9","1","4","4","6","6","4","4","1","4","5","2","17","2","9","2","1","C03","7","12","1","10","2","11","","59","59","1","12","2","120.661295","24.189974","2"
"12235","66000","387130000C","(04)23274275","(04)23288582","2026","1","30","8","28","臺中市","烏日區","0","1","0","6","2","6","60","13","8","1","4","4","6","6","4","4","1","4","4","1","17","3","10","3","1","B03","7","1","1","8","2","16","","51","51","1","6","4","120.628616","24.104133","2"
"12236","66000","387130000C","(04)23274275","(04)23288582","2026","1","30","8","29","臺中市","北區","0","1","0","5","2","6","50","3","1","1","4","4","6","6","4","4","10","5","5","2","16","3","10","5","4","C03","7","5","1","10","2","12","","84","84","1","13","4","120.667196","24.159424","2"
"12237","66000","387130000C","(04)23274275","(04)23288582","2026","1","30","8","30","臺中市","西區","0","2","0","5","2","6","50","4","1","1","4","4","6","6","1","1","1","4","4","2","15","2","9","1","1","C03","7","9","1","10","2","12","","21","21","1","12","4","120.66265","24.155635","2"
"12238","66000","387130000C","(04)23274275","(04)23288582","2026","1","30","8","31","臺中市","西屯區","0","1","0","5","2","6","50","4","9","1","4","4","6","6","2","1","5","2","5","2","18","2","9","1","1","C03","7","9","1","10","2","11","14","84","84","1","12","4","120.640692","24.16137","2"
"12239","66000","387130000C","(04)23274275","(04)23288582","2026","1","30","8","32","臺中市","神岡區","0","0","0","5","","","50","","","","","","","","","","","","","","12","","","","","B03","","","1","","2","","","40","40","1","6","4","120.671565","24.255921","3"
"12240","66000","387130000C","(04)23274275","(04)23288582","2026","1","30","8","34","臺中市","北屯區","0","0","0","7","","","50","","","","","","","","","","","","","","","","","","","B03","","","1","","1","","","56","56","1","12","4","120.70044","24.177888","3"
"12241","66000","387130000C","(04)23274275","(04)23288582","2026","1","30","8","35","臺中市","西區","0","3","0","7","2","6","50","3","1","1","4","4","6","6","4","4","10","5","5","2","17","2","9","6","1","F01","7","6","7","21","2","11","","4","4","1","13","4","120.673479","24.150353","2"
"12242","66000","387130000C","(04)23274275","(04)23288582","2026","1","30","8","36","臺中市","龍井區","0","0","0","7","","","30","","","","","","","","","","","","","","14","","","","","B03","","","1","","1","","","49","49","1","6","4","120.575909","24.183255","3"
"12243","66000","387130000C","(04)23274275","(04)23288582","2026","1","30","8","37","臺中市","大雅區","0","0","0","7","","","30","","","","","","","","","","","","","","15","","","","","F03","","","7","","2","","","87","87","1","12","4","120.644273","24.227163","4"
"12244","66000","387130000C","(04)23274275","(04)23288582","2026","1","30","8","37","臺中市","大肚區","0","1","0","7","2","6","30","3","1","1","4","4","6","6","4","4","10","5","5","2","18","2","9","1","1","C03","7","9","1","10","2","12","","59","59","1","6","4","120.556472","24.12886","2"
"12245","66000","387130000C","(04)23274275","(04)23288582","2026","1","30","8","39","臺中市","西屯區","0","0","0","7","","","30","","","","","","","","","","","","","","16","","","","","B03","","","1","","1","","","8","8","1","13","4","120.622482","24.18473","3"
"12246","66000","387130000C","(04)23274275","(04)23288582","2026","1","30","8","40","臺中市","北屯區","0","0","0","5","","","50","","","","","","","","","","","","","","17","","","","","B03","","","1","","9","","","51","51","1","6","4","120.661867","24.189794","3"
"12247","66000","387130000C","(04)23274275","(04)23288582","2026","1","30","8","43","臺中市","大里區","0","0","0","5","","","50","","","","","","","","","","","","","","13","","","","","C03","","","1","","2","","","7","7","1","13","4","120.665903","24.111245","3"
"12248","66000","387130000C","(04)23274275","(04)23288582","2026","1","30","8","44","臺中市","南區","0","1","0","7","2","6","50","4","1","1","4","4","6","6","1","1","9","4","4","2","17","2","9","1","1","C03","7","9","1","10","2","14","","82","82","1","12","4","120.662973","24.121626","2"