序號,縣市別代碼,機關代碼,市話,傳真,年,月,日,時,分,縣市,區,死亡數量,受傷數量,2-30,天候,道路照明設備,道路類別,道路速限,道路型態,事故位置,路面鋪裝,路面狀態,路面缺陷,障礙物,視距,號誌種類,號誌動作,分向設施,快車道或一般車道間,快慢車道間,路面邊線,事故類型及型態,受傷程度,主要傷處,保護裝備,行動電話或功能裝置,當事者區分(類別),車輛用途,當事者行動狀態,駕照狀態,駕照種類,飲酒情形,車輛撞擊部位最初,車輛撞擊部位其他,肇事因素個別,肇事因素主要,肇事逃逸,職業,共享經濟或外送平台,GPS座標X,GPS座標Y,事故類別
"12249","66000","387130000C","(04)23274275","(04)23288582","2026","1","30","8","44","臺中市","霧峰區","0","1","0","5","2","6","40","13","9","1","4","4","6","6","4","4","5","5","5","1","17","2","9","2","1","C03","7","9","1","10","2","12","","7","7","1","13","4","120.677453","24.064411","2"
"12250","66000","387130000C","(04)23274275","(04)23288582","2026","1","30","8","46","臺中市","南屯區","0","3","0","7","2","6","50","4","2","1","4","4","6","6","1","1","5","5","5","2","17","3","10","3","1","B03","7","15","1","8","2","16","","42","42","1","12","4","120.653315","24.127251","2"
"12251","66000","387130000C","(04)23274275","(04)23288582","2026","1","30","8","47","臺中市","南屯區","0","1","0","5","2","6","50","3","2","1","4","4","6","6","4","4","10","5","5","2","18","2","9","1","1","C03","7","6","1","10","2","12","","59","59","1","12","4","120.61993","24.158744","2"
"12252","66000","387130000C","(04)23274275","(04)23288582","2026","1","30","8","47","臺中市","大肚區","0","1","0","7","1","6","50","3","9","1","4","4","6","6","4","4","10","3","5","2","17","3","10","3","1","B12","7","6","1","8","2","16","","20","20","1","6","4","120.550073","24.156514","2"
"12253","66000","387130000C","(04)23274275","(04)23288582","2026","1","30","8","49","臺中市","神岡區","0","1","0","5","2","6","50","13","9","1","4","4","6","6","4","4","1","4","5","1","18","2","9","5","4","C03","7","9","1","10","2","12","","59","59","1","13","4","120.695574","24.248352","2"
"12254","66000","387130000C","(04)23274275","(04)23288582","2026","1","30","8","53","臺中市","西屯區","0","0","0","7","","3","80","","","","","","","","","","","","","","13","","","","","B12","","","1","","1","","","7","7","1","12","4","120.631736","24.169262","4"
"12255","66000","387130000C","(04)23274275","(04)23288582","2026","1","30","8","53","臺中市","西屯區","0","0","0","7","","","50","","","","","","","","","","","","","","13","","","","","C03","","","1","","1","","","7","7","1","12","4","120.649564","24.175341","3"
"12256","66000","387130000C","(04)23274275","(04)23288582","2026","1","30","8","53","臺中市","西屯區","0","1","0","7","2","6","50","3","1","1","5","4","6","6","4","4","10","5","5","1","16","2","9","2","1","C03","7","6","1","10","2","12","","12","12","1","12","4","120.644368","24.166437","2"
"12257","66000","387130000C","(04)23274275","(04)23288582","2026","1","30","8","54","臺中市","北區","0","1","0","7","3","6","50","18","24","1","5","4","6","6","4","4","3","4","5","2","17","2","9","5","4","C03","7","9","1","10","2","11","","7","7","1","13","4","120.664599","24.162732","2"
"12258","66000","387130000C","(04)23274275","(04)23288582","2026","1","30","8","55","臺中市","北屯區","0","2","0","6","2","6","50","3","1","1","4","4","6","6","4","4","10","5","5","2","13","2","9","1","1","C03","7","9","1","10","2","11","","7","7","1","6","4","120.706153","24.165527","2"
"12259","66000","387130000C","(04)23274275","(04)23288582","2026","1","30","8","55","臺中市","霧峰區","0","0","0","7","","","30","","","","","","","","","","","","","","","","","","","C03","","","1","","2","","","58","58","1","6","4","120.679922","24.067736","3"
"12260","66000","387130000C","(04)23274275","(04)23288582","2026","1","30","8","55","臺中市","龍井區","0","1","0","6","2","6","50","11","9","1","4","4","6","6","4","4","10","5","5","1","30","2","9","1","1","C03","7","5","1","10","2","14","","87","87","1","6","4","120.554526","24.189017","2"
"12261","66000","387130000C","(04)23274275","(04)23288582","2026","1","30","8","57","臺中市","南區","0","0","0","7","","","50","","","","","","","","","","","","","","24","","","","","B12","","","1","8","9","","","84","84","1","6","4","120.679219","24.125596","3"
"12262","66000","387130000C","(04)23274275","(04)23288582","2026","1","30","8","57","臺中市","北屯區","0","1","0","5","3","6","30","4","2","1","4","4","6","6","1","1","5","4","4","2","18","2","9","2","1","C03","7","9","1","10","9","12","","84","84","1","6","4","120.724833","24.176304","2"
"12263","66000","387130000C","(04)23274275","(04)23288582","2026","1","30","8","58","臺中市","南屯區","0","1","0","7","2","6","50","4","1","1","5","4","6","6","2","1","1","5","5","2","17","2","9","1","1","C03","7","9","1","10","2","16","","85","85","1","6","4","120.650854","24.150936","2"
"12264","66000","387130000C","(04)23274275","(04)23288582","2026","1","30","9","1","臺中市","西屯區","0","0","0","6","","","50","","","","","","","","","","","","","","13","","","","","C03","","","1","","1","","","7","7","1","12","4","120.662898","24.163523","3"
"12265","66000","387130000C","(04)23274275","(04)23288582","2026","1","30","9","2","臺中市","北區","0","1","0","7","2","6","50","13","9","1","5","4","6","6","4","4","5","4","5","2","17","2","9","2","1","C03","7","9","1","10","2","15","","8","8","1","6","4","120.6704","24.161318","2"
"12266","66000","387130000C","(04)23274275","(04)23288582","2026","1","30","9","2","臺中市","太平區","0","1","0","7","2","6","50","4","2","1","4","4","6","6","2","1","5","5","4","1","16","3","10","3","1","B12","7","5","1","8","2","2","","11","11","1","12","4","120.716342","24.158648","2"
"12267","66000","387130000C","(04)23274275","(04)23288582","2026","1","30","9","3","臺中市","北屯區","0","0","0","7","","","50","","","","","","","","","","","","","","","","","","","B03","","","1","","1","","","84","84","1","12","4","120.692918","24.16228","3"
"12268","66000","387130000C","(04)23274275","(04)23288582","2026","1","30","9","5","臺中市","東區","0","0","0","7","","","50","","","","","","","","","","","","","","","","","","","C03","","","3","","2","","","84","84","1","12","4","120.696202","24.140553","3"
"12269","66000","387130000C","(04)23274275","(04)23288582","2026","1","30","9","6","臺中市","北屯區","0","0","0","7","","","50","","","","","","","","","","","","","","","","","","","B03","","","1","","1","","","8","8","1","6","4","120.722675","24.165567","3"
"12270","66000","387130000C","(04)23274275","(04)23288582","2026","1","30","9","6","臺中市","西屯區","0","1","0","6","2","6","50","13","9","1","5","4","6","6","4","4","1","4","5","2","18","2","9","1","1","C03","7","9","1","10","1","14","","84","84","1","12","4","120.661375","24.171864","2"
"12271","66000","387130000C","(04)23274275","(04)23288582","2026","1","30","9","7","臺中市","西區","0","1","0","5","2","6","50","4","2","1","4","4","6","6","1","1","1","4","4","2","17","3","10","3","1","B03","7","5","1","8","2","16","","87","87","1","12","4","120.665985","24.13107","2"
"12272","66000","387130000C","(04)23274275","(04)23288582","2026","1","30","9","7","臺中市","大里區","0","1","0","6","2","6","50","4","1","1","4","4","6","6","1","1","5","5","5","1","17","3","10","1","1","C03","7","6","1","10","11","16","","11","11","1","12","4","120.702641","24.088292","2"
"12273","66000","387130000C","(04)23274275","(04)23288582","2026","1","30","9","8","臺中市","南區","0","1","0","6","2","6","50","13","9","1","4","4","6","6","4","4","1","4","4","2","17","2","9","2","1","C03","7","9","1","10","2","14","","84","84","1","12","4","120.650556","24.120385","2"
"12274","66000","387130000C","(04)23274275","(04)23288582","2026","1","30","9","12","臺中市","大里區","0","0","0","7","","","30","","","","","","","","","","","","","","","","","","","B03","","","5","","2","","","8","8","1","12","4","120.699975","24.107351","3"
"12275","66000","387130000C","(04)23274275","(04)23288582","2026","1","30","9","14","臺中市","霧峰區","0","2","0","5","2","6","40","13","12","1","4","4","6","6","4","4","10","5","5","2","13","2","9","2","1","C03","7","9","1","10","2","11","","7","7","1","13","4","120.663408","24.063037","2"
"12276","66000","387130000C","(04)23274275","(04)23288582","2026","1","30","9","15","臺中市","沙鹿區","0","0","0","6","","","60","","","","","","","","","","","","","","12","3","10","3","1","B03","7","7","1","1","9","6","","40","40","1","12","4","120.564911","24.20568","3"
"12277","66000","387130000C","(04)23274275","(04)23288582","2026","1","30","9","16","臺中市","沙鹿區","0","0","0","7","","","40","","","","","","","","","","","","","","","","","","","A12","","","1","","2","","","78","78","1","6","4","120.55823","24.226903","3"
"12278","66000","387130000C","(04)23274275","(04)23288582","2026","1","30","9","20","臺中市","烏日區","0","1","0","5","2","6","40","3","1","1","4","4","6","6","4","4","1","4","4","2","17","3","10","3","1","B03","7","5","1","8","2","16","","14","14","1","6","4","120.615082","24.106051","2"
"12279","66000","387130000C","(04)23274275","(04)23288582","2026","1","30","9","20","臺中市","烏日區","0","0","0","7","","","30","","","","","","","","","","","","","","9","","","","","B03","","","1","","1","","","51","51","1","6","4","120.616372","24.110954","3"
"12280","66000","387130000C","(04)23274275","(04)23288582","2026","1","30","9","20","臺中市","豐原區","0","0","0","7","","","30","","","","","","","","","","","","","","17","","","","","B03","","","1","","2","","","8","8","1","12","4","120.727659","24.248144","3"
"12281","66000","387130000C","(04)23274275","(04)23288582","2026","1","30","9","24","臺中市","太平區","0","1","0","7","3","6","50","13","7","1","4","4","6","6","4","4","9","4","4","1","18","2","9","2","1","C03","7","9","1","10","2","16","","84","84","1","13","4","120.71603","24.149309","2"
"12282","66000","387130000C","(04)23274275","(04)23288582","2026","1","30","9","25","臺中市","霧峰區","0","1","0","7","2","6","60","4","1","1","5","4","6","6","4","4","1","5","4","1","17","3","10","5","4","B12","7","1","1","8","2","4","","51","51","1","6","4","120.696485","24.068559","2"
"12283","66000","387130000C","(04)23274275","(04)23288582","2026","1","30","9","25","臺中市","烏日區","0","1","0","7","2","6","40","13","8","1","5","4","6","6","4","4","1","4","1","1","13","2","9","1","1","C03","7","9","1","10","2","11","","84","84","1","6","4","120.635841","24.094651","2"
"12284","66000","387130000C","(04)23274275","(04)23288582","2026","1","30","9","28","臺中市","太平區","0","0","0","7","2","6","50","","","","","","","","","","","","","","","","","","","C03","","","1","","2","14","","7","7","1","12","4","120.718568","24.116689","3"
"12285","66000","387130000C","(04)23274275","(04)23288582","2026","1","30","9","31","臺中市","西屯區","0","0","0","7","","","50","","","","","","","","","","","","","","13","","","","","B03","","","1","","1","","","7","7","1","12","4","120.648402","24.167808","3"
"12286","66000","387130000C","(04)23274275","(04)23288582","2026","1","30","9","35","臺中市","北區","0","2","0","7","2","6","50","4","1","1","5","4","6","6","1","1","5","5","5","2","17","2","9","5","1","C03","7","5","1","10","2","14","","84","84","1","13","4","120.675133","24.155732","2"
"12287","66000","387130000C","(04)23274275","(04)23288582","2026","1","30","9","35","臺中市","南屯區","0","0","0","7","","","30","","","","","","","","","","","","","","12","","","","","B03","","","1","","2","","","59","59","1","12","4","120.636136","24.120284","3"
"12288","66000","387130000C","(04)23274275","(04)23288582","2026","1","30","9","36","臺中市","西屯區","0","1","0","7","2","6","40","3","2","1","5","4","6","6","1","1","1","4","1","1","18","2","9","5","4","C03","7","9","1","10","2","11","","84","84","1","13","4","120.602685","24.182724","2"
"12289","66000","387130000C","(04)23274275","(04)23288582","2026","1","30","9","47","臺中市","西區","0","1","0","7","3","6","50","4","1","1","5","4","6","6","4","4","9","5","5","2","12","3","10","1","1","C03","7","5","1","10","2","13","","11","11","1","13","4","120.657353","24.146702","2"
"12290","66000","387130000C","(04)23274275","(04)23288582","2026","1","30","9","47","臺中市","西區","0","1","0","7","2","6","50","4","2","1","5","4","6","6","1","1","5","4","4","1","18","2","9","1","1","C03","7","9","1","10","2","12","","84","84","1","12","4","120.657037","24.140054","2"
"12291","66000","387130000C","(04)23274275","(04)23288582","2026","1","30","9","47","臺中市","北區","0","0","0","7","","","50","","","","","","","","","","","","","","17","","","","","C03","","","1","","9","","","84","84","2","13","4","120.692553","24.161207","3"
"12292","66000","387130000C","(04)23274275","(04)23288582","2026","1","30","9","48","臺中市","南區","0","1","0","7","2","6","30","3","2","1","4","4","6","6","4","4","7","4","5","2","17","2","9","5","4","C03","7","9","1","10","2","12","","84","84","1","13","4","120.662464","24.120241","2"
"12293","66000","387130000C","(04)23274275","(04)23288582","2026","1","30","9","48","臺中市","南區","0","0","0","7","","","50","","","","","","","","","","","","","","17","","","","","B02","","","1","","2","","","35","35","1","12","4","120.659535","24.126104","3"
"12294","66000","387130000C","(04)23274275","(04)23288582","2026","1","30","9","52","臺中市","北區","0","0","0","6","","","50","","","","","","","","","","","","","","24","","","","","G03","","","1","","2","","","8","8","1","13","4","120.684787","24.148471","3"
"12295","66000","387130000C","(04)23274275","(04)23288582","2026","1","30","9","54","臺中市","西屯區","0","0","0","7","","3","80","","","","","","","","","","","","","","13","","","","","B03","","","1","","1","","","7","7","1","12","4","120.634948","24.179291","4"
"12296","66000","387130000C","(04)23274275","(04)23288582","2026","1","30","9","55","臺中市","西區","0","0","0","5","","","30","","","","","","","","","","","","","","12","","","","","B12","","","1","","1","","","8","8","1","12","4","120.660307","24.160094","3"
"12297","66000","387130000C","(04)23274275","(04)23288582","2026","1","30","9","58","臺中市","北區","0","0","0","7","3","6","50","18","24","1","5","4","6","6","4","4","3","4","5","2","17","","","","","B12","","","1","","1","","","8","8","1","13","4","120.671311","24.163098","3"
"12298","66000","387130000C","(04)23274275","(04)23288582","2026","1","30","9","59","臺中市","沙鹿區","0","1","0","7","2","6","60","13","8","1","5","4","6","6","4","4","1","4","3","2","17","3","10","3","1","B12","7","15","1","8","2","2","","41","41","1","12","4","120.570264","24.236564","2"
"12299","66000","387130000C","(04)23274275","(04)23288582","2026","1","30","10","1","臺中市","中區","0","1","0","7","3","6","50","13","9","1","4","4","6","6","4","4","10","5","5","2","16","3","10","3","1","B03","7","6","1","15","2","16","","84","84","1","13","4","120.678828","24.147542","2"
"12300","66000","387130000C","(04)23274275","(04)23288582","2026","1","30","10","3","臺中市","清水區","0","1","0","6","3","6","30","4","1","1","5","4","6","6","4","4","10","5","5","2","17","2","9","2","1","C03","7","6","1","10","2","12","","20","20","1","12","4","120.556224","24.268332","2"
"12301","66000","387130000C","(04)23274275","(04)23288582","2026","1","30","10","5","臺中市","北區","0","0","0","7","","","50","","","","","","","","","","","","","","17","","","","","B03","","","1","","1","","","59","59","1","13","4","120.684449","24.153976","3"
"12302","66000","387130000C","(04)23274275","(04)23288582","2026","1","30","10","10","臺中市","東區","0","0","0","7","","","0","","","","","","","","","","","","","","14","","","","","C03","","","1","10","1","","","84","84","1","6","4","120.693211","24.134678","3"
"12303","66000","387130000C","(04)23274275","(04)23288582","2026","1","30","10","12","臺中市","大里區","0","2","0","7","2","6","50","3","1","1","5","4","6","6","4","4","3","4","4","1","13","2","3","1","1","C03","7","9","1","10","2","11","","7","7","1","6","4","120.697948","24.081301","2"
"12304","66000","387130000C","(04)23274275","(04)23288582","2026","1","30","10","15","臺中市","北區","0","1","0","6","2","6","50","5","9","1","5","4","6","6","1","1","10","4","5","2","17","2","9","5","4","C03","7","15","1","10","2","12","","23","23","1","13","4","120.677732","24.165719","2"
"12305","66000","387130000C","(04)23274275","(04)23288582","2026","1","30","10","17","臺中市","太平區","0","0","0","7","","","30","","","","","","","","","","","","","","","","","","","B12","","","1","","1","","","49","49","1","13","4","120.712887","24.154771","3"
"12306","66000","387130000C","(04)23274275","(04)23288582","2026","1","30","10","23","臺中市","西屯區","0","1","0","7","2","6","50","4","1","1","5","4","6","6","1","1","10","5","5","1","16","3","10","3","1","B03","7","11","1","8","2","8","","45","45","1","12","4","120.646754","24.174954","2"
"12307","66000","387130000C","(04)23274275","(04)23288582","2026","1","30","10","25","臺中市","大甲區","0","0","0","7","","","50","","","","","","","","","","","","","","","","","","","B03","","","1","","2","","","8","8","1","12","4","120.625573","24.345063","3"
"12308","66000","387130000C","(04)23274275","(04)23288582","2026","1","30","10","27","臺中市","東勢區","0","0","0","7","","","40","","","","","","","","","","","","","","","","","","","A42","","","1","","1","","","49","49","1","12","4","120.813933","24.280739","3"
"12309","66000","387130000C","(04)23274275","(04)23288582","2026","1","30","10","28","臺中市","大里區","0","0","0","7","","","50","","","","","","","","","","","","","","13","","","","","B03","","","1","","2","","","7","7","1","13","4","120.688288","24.100344","3"
"12310","66000","387130000C","(04)23274275","(04)23288582","2026","1","30","10","30","臺中市","新社區","0","0","0","7","3","6","50","5","9","1","5","4","6","6","3","1","5","5","5","1","11","3","10","5","4","C03","7","5","1","10","1","11","","24","24","1","12","4","120.787341","24.241472","3"
"12311","66000","387130000C","(04)23274275","(04)23288582","2026","1","30","10","36","臺中市","北區","0","2","0","6","2","6","50","13","9","1","5","4","6","6","4","4","1","4","5","1","17","3","10","5","4","B03","7","9","1","8","2","5","","8","8","1","13","4","120.679332","24.162933","2"
"12312","66000","387130000C","(04)23274275","(04)23288582","2026","1","30","10","36","臺中市","大里區","0","1","0","7","2","6","50","13","7","1","5","4","6","6","4","4","5","4","4","1","12","2","9","2","1","C03","7","8","1","10","2","14","","65","65","1","13","4","120.703226","24.090329","2"
"12313","66000","387130000C","(04)23274275","(04)23288582","2026","1","30","10","39","臺中市","大里區","0","2","0","7","2","6","50","3","1","1","5","4","6","6","3","1","10","5","5","1","16","2","9","1","1","C03","7","5","1","10","2","12","","84","84","1","12","4","120.679838","24.074771","2"
"12314","66000","387130000C","(04)23274275","(04)23288582","2026","1","30","10","41","臺中市","潭子區","0","1","0","7","2","6","60","3","2","1","5","4","6","6","2","1","1","3","4","2","13","3","10","3","1","B03","7","9","1","8","2","1","","7","7","1","13","4","120.705201","24.209495","2"
"12315","66000","387130000C","(04)23274275","(04)23288582","2026","1","30","10","42","臺中市","大雅區","0","1","0","7","1","6","50","13","7","1","5","4","6","6","4","4","5","5","4","1","18","2","9","2","1","C03","7","9","1","10","2","12","","84","84","1","12","4","120.629664","24.20913","2"
"12316","66000","387130000C","(04)23274275","(04)23288582","2026","1","30","10","43","臺中市","西屯區","0","0","0","6","","","50","","","","","","","","","","","","","","12","","","","","B03","","","1","","1","","","84","84","1","12","4","120.650297","24.163835","3"
"12317","66000","387130000C","(04)23274275","(04)23288582","2026","1","30","10","49","臺中市","北屯區","0","1","0","7","2","6","50","13","9","1","5","4","6","6","4","4","9","5","5","2","17","3","10","3","1","B02","7","1","1","8","2","4","","51","51","1","13","4","120.699126","24.161479","2"
"12318","66000","387130000C","(04)23274275","(04)23288582","2026","1","30","10","53","臺中市","北區","0","0","0","7","","","40","","","","","","","","","","","","","","17","","","","","C03","","","5","","1","","","84","84","1","13","4","120.681425","24.15932","3"
"12319","66000","387130000C","(04)23274275","(04)23288582","2026","1","30","11","1","臺中市","西區","0","1","0","7","2","6","50","5","1","1","5","4","6","6","1","1","10","5","5","2","17","3","10","3","1","B03","7","9","1","8","2","2","","8","8","1","13","4","120.668766","24.132048","2"
"12320","66000","387130000C","(04)23274275","(04)23288582","2026","1","30","11","1","臺中市","北屯區","0","0","0","7","","","50","","","","","","","","","","","","","","13","","","","","B03","","","1","","2","","","7","7","1","6","4","120.718035","24.160054","3"
"12321","66000","387130000C","(04)23274275","(04)23288582","2026","1","30","11","3","臺中市","清水區","0","1","0","7","3","6","50","11","9","1","5","4","6","6","4","4","5","5","5","1","12","2","9","1","1","C03","7","9","1","10","2","14","","8","8","1","12","4","120.567683","24.268074","2"
"12322","66000","387130000C","(04)23274275","(04)23288582","2026","1","30","11","5","臺中市","北區","0","1","0","6","2","6","50","4","1","1","5","4","6","6","1","1","10","5","5","2","17","3","10","5","4","C03","7","15","1","10","2","14","","42","42","1","13","4","120.676718","24.165111","2"
"12323","66000","387130000C","(04)23274275","(04)23288582","2026","1","30","11","7","臺中市","大甲區","0","2","0","7","3","6","50","3","1","1","5","4","6","6","1","1","10","5","5","2","17","2","9","1","1","C03","7","11","1","10","2","14","","45","45","1","6","4","120.629883","24.353533","2"
"12324","66000","387130000C","(04)23274275","(04)23288582","2026","1","30","11","14","臺中市","北區","0","1","0","6","2","6","50","4","1","1","5","4","6","6","4","4","10","5","5","2","15","2","9","5","4","C03","7","9","3","19","2","11","","12","12","1","13","4","120.673389","24.152276","2"
"12325","66000","387130000C","(04)23274275","(04)23288582","2026","1","30","11","16","臺中市","北區","0","1","0","7","3","6","50","4","1","1","5","4","6","6","4","4","10","5","5","2","17","3","10","5","4","B01","7","9","1","4","2","1","","20","20","1","13","4","120.695978","24.156712","2"
"12326","66000","387130000C","(04)23274275","(04)23288582","2026","1","30","11","17","臺中市","西屯區","0","0","0","7","","","","","","","","","","","","","","","","","35","","","","","","","","","","","","","109","109","1","12","4","120.64688","24.156838","3"
"12327","66000","387130000C","(04)23274275","(04)23288582","2026","1","30","11","23","臺中市","西屯區","0","1","0","7","1","6","40","4","1","1","5","4","6","6","1","1","1","5","5","1","15","2","9","5","4","C03","7","9","1","10","2","11","","21","21","1","13","4","120.644035","24.166572","2"
"12328","66000","387130000C","(04)23274275","(04)23288582","2026","1","30","11","25","臺中市","大雅區","0","0","0","7","","","60","","","","","","","","","","","","","","12","","","","","B03","","","1","","1","","","43","43","1","12","4","120.650626","24.210577","3"
"12329","66000","387130000C","(04)23274275","(04)23288582","2026","1","30","11","25","臺中市","中區","0","2","0","6","2","6","50","4","1","1","5","4","6","6","1","1","9","4","5","2","13","2","7","1","1","C03","7","12","1","10","2","11","","7","7","1","12","4","120.680981","24.143814","2"
"12330","66000","387130000C","(04)23274275","(04)23288582","2026","1","30","11","25","臺中市","豐原區","0","1","0","7","1","6","50","3","1","1","5","4","6","6","1","1","5","4","4","2","17","3","10","3","1","B03","7","5","1","8","2","2","","20","20","1","6","4","120.69895","24.246623","2"
"12331","66000","387130000C","(04)23274275","(04)23288582","2026","1","30","11","26","臺中市","北區","0","1","0","7","2","6","50","4","1","1","5","4","6","6","1","1","10","5","5","2","16","3","10","5","4","B03","7","5","1","8","2","6","","47","47","1","13","4","120.676655","24.155842","2"
"12332","66000","387130000C","(04)23274275","(04)23288582","2026","1","30","11","27","臺中市","大里區","0","0","0","7","2","6","50","13","9","1","5","4","6","6","1","1","1","2","5","1","13","","","","","A41","","","1","","1","","","51","51","1","13","4","120.692123","24.10054","3"
"12333","66000","387130000C","(04)23274275","(04)23288582","2026","1","30","11","28","臺中市","北屯區","0","0","0","7","","","50","","","","","","","","","","","","","","","","","","","F01","","","7","","2","","","84","84","1","13","4","120.734294","24.169053","4"
"12334","66000","387130000C","(04)23274275","(04)23288582","2026","1","30","11","30","臺中市","北屯區","0","0","0","7","","","50","","","","","","","","","","","","","","","","","","","C03","","","1","","1","","","59","59","1","12","4","120.667773","24.17422","3"
"12335","66000","387130000C","(04)23274275","(04)23288582","2026","1","30","11","30","臺中市","烏日區","0","0","0","7","","","40","","","","","","","","","","","","","","13","","","","","B03","","","1","","1","","","7","7","1","6","4","120.651038","24.098154","3"
"12336","66000","387130000C","(04)23274275","(04)23288582","2026","1","30","11","31","臺中市","梧棲區","0","1","0","7","3","6","50","3","1","1","5","4","6","6","4","4","10","5","5","2","17","2","9","1","1","C03","7","6","1","10","2","14","","8","8","1","6","4","120.532054","24.254256","2"
"12337","66000","387130000C","(04)23274275","(04)23288582","2026","1","30","11","36","臺中市","西區","0","0","0","7","","","40","","","","","","","","","","","","","","9","","","","","B03","","","1","","1","","","84","84","1","13","4","120.674795","24.13954","3"
"12338","66000","387130000C","(04)23274275","(04)23288582","2026","1","30","11","36","臺中市","西屯區","0","0","0","7","","","50","","","","","","","","","","","","","","13","","","","","C03","","","1","","1","","","7","7","1","12","4","120.618732","24.187787","3"
"12339","66000","387130000C","(04)23274275","(04)23288582","2026","1","30","11","38","臺中市","北屯區","0","1","0","7","2","6","50","13","9","1","5","4","6","6","4","4","9","5","5","2","17","3","10","3","1","B03","7","1","1","8","2","7","","51","51","1","13","4","120.705803","24.177735","2"
"12340","66000","387130000C","(04)23274275","(04)23288582","2026","1","30","11","41","臺中市","南屯區","0","1","0","7","2","6","40","13","7","1","5","4","6","6","4","4","5","5","4","2","17","3","10","3","1","B03","7","1","1","8","2","5","","51","51","1","13","4","120.609857","24.130886","2"
"12341","66000","387130000C","(04)23274275","(04)23288582","2026","1","30","11","44","臺中市","清水區","0","0","0","6","","","70","","","","","","","","","","","","","","","","","","","A11","","","1","","2","","","58","58","1","12","4","120.56261","24.296504","3"
"12342","66000","387130000C","(04)23274275","(04)23288582","2026","1","30","11","52","臺中市","東區","0","1","0","7","1","6","50","13","7","1","5","4","3","6","4","4","9","4","5","2","17","2","9","5","4","C03","7","8","1","10","2","14","","40","40","1","12","4","120.687829","24.136516","2"
"12343","66000","387130000C","(04)23274275","(04)23288582","2026","1","30","11","55","臺中市","太平區","0","0","0","7","2","6","50","","","","","","","","","","","","","","","","","","","B03","","","1","","1","1","","84","84","1","12","4","120.710497","24.134653","3"
"12344","66000","387130000C","(04)23274275","(04)23288582","2026","1","30","11","56","臺中市","大雅區","0","1","0","7","1","6","50","4","1","1","5","4","6","6","1","1","10","5","5","1","16","2","9","2","1","C03","7","6","3","19","2","14","","11","11","1","12","4","120.647494","24.22928","2"
"12345","66000","387130000C","(04)23274275","(04)23288582","2026","1","30","11","57","臺中市","西屯區","0","1","0","7","2","6","50","13","9","1","5","4","6","6","4","4","2","4","5","2","16","3","10","5","4","B03","7","5","1","8","2","2","","47","47","1","12","4","120.602888","24.184755","2"
"12346","66000","387130000C","(04)23274275","(04)23288582","2026","1","30","12","0","臺中市","潭子區","0","0","0","7","","","30","","","","","","","","","","","","","","14","","","","","B03","","","1","","2","","","7","7","1","13","4","120.674946","24.203634","3"
"12347","66000","387130000C","(04)23274275","(04)23288582","2026","1","30","12","3","臺中市","北區","0","0","0","7","","","50","","","","","","","","","","","","","","17","","","","","C03","","","1","","2","","","85","85","1","13","4","120.675833","24.149663","3"
"12348","66000","387130000C","(04)23274275","(04)23288582","2026","1","30","12","3","臺中市","北屯區","0","0","0","7","","","50","","","","","","","","","","","","","","16","","","","","B03","","","1","","1","","","11","11","1","12","4","120.669854","24.17653","3"
"12349","66000","387130000C","(04)23274275","(04)23288582","2026","1","30","12","3","臺中市","霧峰區","0","1","0","7","2","6","50","13","14","1","5","4","6","4","4","4","5","5","5","1","17","2","9","5","4","C03","7","9","1","10","2","11","","59","59","1","6","4","120.708931","24.083192","2"
"12350","66000","387130000C","(04)23274275","(04)23288582","2026","1","30","12","9","臺中市","梧棲區","0","0","0","6","","","30","","","","","","","","","","","","","","16","","","","","B03","","","1","","2","","","14","14","1","12","4","120.553204","24.259502","3"
"12351","66000","387130000C","(04)23274275","(04)23288582","2026","1","30","12","9","臺中市","新社區","0","1","0","7","3","6","30","13","9","1","5","4","3","3","4","4","10","5","5","1","10","2","9","5","4","C03","7","9","1","10","2","11","","41","41","1","12","4","120.804305","24.234292","2"
"12352","66000","387130000C","(04)23274275","(04)23288582","2026","1","30","12","10","臺中市","南屯區","0","0","0","7","3","6","50","13","9","1","5","4","6","6","1","1","5","4","5","1","13","","","","","B12","","","1","","1","","","7","7","1","12","4","120.626267","24.140559","3"
"12353","66000","387130000C","(04)23274275","(04)23288582","2026","1","30","12","12","臺中市","大里區","0","1","0","7","3","6","40","4","2","1","5","4","6","6","1","1","1","2","4","1","13","2","9","1","1","C03","7","9","1","10","2","11","","59","59","1","6","4","120.679785","24.104349","2"
"12354","66000","387130000C","(04)23274275","(04)23288582","2026","1","30","12","12","臺中市","太平區","0","0","0","7","","","50","","","","","","","","","","","","","","","","","","","B03","","","1","","2","","","7","7","1","13","4","120.735514","24.128153","3"
"12355","66000","387130000C","(04)23274275","(04)23288582","2026","1","30","12","13","臺中市","大雅區","0","1","0","7","2","6","70","3","1","1","5","4","6","6","1","1","1","4","4","1","16","3","10","3","1","B03","7","5","1","6","2","2","","47","47","1","12","4","120.633076","24.238063","2"
"12356","66000","387130000C","(04)23274275","(04)23288582","2026","1","30","12","13","臺中市","北區","0","0","0","7","3","6","50","18","24","1","5","4","6","6","2","1","10","5","5","2","17","","","","","C03","","","1","","2","","","47","47","1","13","4","120.676059","24.158984","3"
"12357","66000","387130000C","(04)23274275","(04)23288582","2026","1","30","12","16","臺中市","潭子區","0","2","0","7","2","6","50","4","1","1","5","4","6","6","4","4","10","5","5","2","15","2","9","1","1","C03","7","9","1","10","2","11","","12","12","1","13","4","120.701731","24.188284","2"