序號,縣市別代碼,機關代碼,市話,傳真,年,月,日,時,分,縣市,區,死亡數量,受傷數量,2-30,天候,道路照明設備,道路類別,道路速限,道路型態,事故位置,路面鋪裝,路面狀態,路面缺陷,障礙物,視距,號誌種類,號誌動作,分向設施,快車道或一般車道間,快慢車道間,路面邊線,事故類型及型態,受傷程度,主要傷處,保護裝備,行動電話或功能裝置,當事者區分(類別),車輛用途,當事者行動狀態,駕照狀態,駕照種類,飲酒情形,車輛撞擊部位最初,車輛撞擊部位其他,肇事因素個別,肇事因素主要,肇事逃逸,職業,共享經濟或外送平台,GPS座標X,GPS座標Y,事故類別
"12358","66000","387130000C","(04)23274275","(04)23288582","2026","1","30","12","17","臺中市","西屯區","0","0","0","7","","","50","","","","","","","","","","","","","","12","","","","","B03","","","1","","1","","","50","50","1","12","4","120.652383","24.159676","3"
"12359","66000","387130000C","(04)23274275","(04)23288582","2026","1","30","12","17","臺中市","太平區","0","0","0","7","2","6","30","","","","","","","","","","","","","","","","","","","A12","","","1","","2","4","","8","8","1","12","4","120.790932","24.14628","3"
"12360","66000","387130000C","(04)23274275","(04)23288582","2026","1","30","12","19","臺中市","梧棲區","0","1","0","7","3","6","50","13","7","1","5","4","6","6","4","4","5","5","4","2","16","3","10","3","1","B03","7","11","1","8","2","1","","39","39","1","6","4","120.551447","24.236146","2"
"12361","66000","387130000C","(04)23274275","(04)23288582","2026","1","30","12","22","臺中市","西屯區","0","0","0","7","","","50","","","","","","","","","","","","","","14","","","","","B03","","","1","","2","","","50","50","1","12","4","120.611077","24.193558","3"
"12362","66000","387130000C","(04)23274275","(04)23288582","2026","1","30","12","22","臺中市","神岡區","0","1","0","7","2","6","30","3","1","1","5","4","6","6","4","4","10","5","5","1","17","2","9","5","4","C03","7","6","5","19","2","12","","20","20","1","13","4","120.703896","24.264114","2"
"12363","66000","387130000C","(04)23274275","(04)23288582","2026","1","30","12","23","臺中市","大甲區","0","0","0","7","","","50","","","","","","","","","","","","","","","","","","","B03","","","1","","2","","","51","51","1","6","4","120.617883","24.347618","3"
"12364","66000","387130000C","(04)23274275","(04)23288582","2026","1","30","12","27","臺中市","北屯區","0","0","0","7","","","50","","","","","","","","","","","","","","13","","","","","B03","","","1","","1","","","7","7","1","6","4","120.676904","24.173608","3"
"12365","66000","387130000C","(04)23274275","(04)23288582","2026","1","30","12","29","臺中市","大雅區","0","0","0","7","","","30","","","","","","","","","","","","","","14","","","","","B02","","","1","","2","","","49","49","1","12","4","120.639916","24.21912","3"
"12366","66000","387130000C","(04)23274275","(04)23288582","2026","1","30","12","30","臺中市","大里區","0","1","0","7","2","6","40","5","9","1","5","4","6","6","4","4","5","5","5","2","17","3","10","3","1","B03","7","2","1","8","2","16","","49","49","1","12","4","120.675618","24.097849","2"
"12367","66000","387130000C","(04)23274275","(04)23288582","2026","1","30","12","33","臺中市","北屯區","0","1","0","7","2","6","50","4","1","1","5","4","6","6","2","1","10","5","5","2","16","3","10","3","1","B03","7","5","1","8","2","5","","11","11","1","13","4","120.70213","24.184651","2"
"12368","66000","387130000C","(04)23274275","(04)23288582","2026","1","30","12","34","臺中市","大里區","0","1","0","7","2","6","40","4","2","1","5","4","6","6","1","1","5","2","5","1","13","2","8","1","1","C03","7","9","1","10","2","11","","7","7","1","13","4","120.688339","24.10236","2"
"12369","66000","387130000C","(04)23274275","(04)23288582","2026","1","30","12","35","臺中市","西屯區","0","0","0","7","","","50","","","","","","","","","","","","","","13","","","","","B03","","","1","","1","","","59","59","1","13","4","120.6103","24.186694","3"
"12370","66000","387130000C","(04)23274275","(04)23288582","2026","1","30","12","40","臺中市","清水區","0","3","0","6","3","6","50","3","2","1","5","4","6","6","4","4","5","5","5","1","13","2","9","2","1","C03","7","9","1","10","2","11","","7","7","1","12","4","120.574633","24.284634","2"
"12371","66000","387130000C","(04)23274275","(04)23288582","2026","1","30","12","44","臺中市","清水區","0","2","0","7","3","6","50","5","9","1","5","4","6","6","2","1","3","5","4","2","15","2","7","1","1","C03","7","9","1","10","2","16","","21","21","1","12","4","120.577859","24.276639","2"
"12372","66000","387130000C","(04)23274275","(04)23288582","2026","1","30","12","45","臺中市","太平區","0","0","0","7","","","30","","","","","","","","","","","","","","","","","","","B03","","","1","","2","","","50","50","1","13","4","120.725889","24.126572","3"
"12373","66000","387130000C","(04)23274275","(04)23288582","2026","1","30","12","48","臺中市","豐原區","0","1","0","7","2","6","50","13","8","1","5","4","3","3","4","4","5","5","4","2","17","2","8","2","1","C03","7","1","1","10","2","14","12","51","51","1","13","4","120.710181","24.250527","2"
"12374","66000","387130000C","(04)23274275","(04)23288582","2026","1","30","12","49","臺中市","西區","0","1","0","7","2","6","50","3","1","1","5","4","6","6","1","1","10","5","5","2","16","3","10","3","1","B01","7","5","1","4","2","5","","20","20","1","12","4","120.658599","24.155366","2"
"12375","66000","387130000C","(04)23274275","(04)23288582","2026","1","30","12","51","臺中市","清水區","0","2","0","6","3","6","50","4","1","1","5","4","6","6","3","1","5","5","5","2","15","2","9","2","1","C03","7","9","3","19","2","11","","24","24","1","12","4","120.579022","24.270856","2"
"12376","66000","387130000C","(04)23274275","(04)23288582","2026","1","30","12","54","臺中市","西區","0","0","0","7","","","50","","","","","","","","","","","","","","17","","","","","B12","","","1","","1","","","7","7","1","12","4","120.660413","24.142224","3"
"12377","66000","387130000C","(04)23274275","(04)23288582","2026","1","30","12","56","臺中市","西屯區","0","1","0","7","2","6","50","4","4","1","5","4","6","6","1","1","1","5","5","2","13","4","11","2","1","C03","7","9","1","10","2","11","","7","7","1","12","4","120.655884","24.199439","2"
"12378","66000","387130000C","(04)23274275","(04)23288582","2026","1","30","12","57","臺中市","沙鹿區","0","0","0","7","","","40","","","","","","","","","","","","","","12","","","","","C03","","","1","","2","","","40","40","1","12","4","120.549372","24.229441","3"
"12379","66000","387130000C","(04)23274275","(04)23288582","2026","1","30","12","59","臺中市","西屯區","0","0","0","7","","","30","","","","","","","","","","","","","","12","","","","","B03","","","1","","1","","","8","8","1","12","4","120.653174","24.162296","3"
"12380","66000","387130000C","(04)23274275","(04)23288582","2026","1","30","12","59","臺中市","西屯區","0","0","0","7","","","50","","","","","","","","","","","","","","","","","","","B03","","","1","","2","","","40","40","1","12","4","120.65658","24.200677","3"
"12381","66000","387130000C","(04)23274275","(04)23288582","2026","1","30","13","0","臺中市","北屯區","0","0","0","7","","3","40","","","","","","","","","","","","","","","","","","","B12","","","1","","1","","","82","82","1","12","4","120.720092","24.164719","3"
"12382","66000","387130000C","(04)23274275","(04)23288582","2026","1","30","13","2","臺中市","南區","0","0","0","7","","","40","","","","","","","","","","","","","","17","","","","","F07","","","7","","2","","","84","84","1","12","5","120.67807","24.133423","4"
"12383","66000","387130000C","(04)23274275","(04)23288582","2026","1","30","13","4","臺中市","北屯區","0","0","0","7","","","50","","","","","","","","","","","","","","","","","","","B03","","","1","","1","","","40","40","1","12","4","120.70784","24.185259","3"
"12384","66000","387130000C","(04)23274275","(04)23288582","2026","1","30","13","4","臺中市","北屯區","0","1","0","7","2","6","50","4","1","1","5","4","6","6","1","1","1","2","5","2","12","2","9","1","1","C03","7","8","1","10","2","13","","40","40","1","12","4","120.67931","24.171155","2"
"12385","66000","387130000C","(04)23274275","(04)23288582","2026","1","30","13","7","臺中市","龍井區","0","0","0","7","","","50","","","","","","","","","","","","","","16","","","","","A12","","","1","","2","","","47","47","1","13","4","120.519856","24.212077","3"
"12386","66000","387130000C","(04)23274275","(04)23288582","2026","1","30","13","8","臺中市","豐原區","0","0","0","7","","","50","","","","","","","","","","","","","","16","","","","","B03","","","1","","2","","","14","14","1","12","4","120.713833","24.250931","3"
"12387","66000","387130000C","(04)23274275","(04)23288582","2026","1","30","13","12","臺中市","西屯區","0","1","0","7","2","6","50","13","9","1","5","4","6","6","4","4","5","4","5","2","13","2","9","1","1","C03","7","9","1","9","2","11","","58","58","1","12","2","120.613735","24.189766","2"
"12388","66000","387130000C","(04)23274275","(04)23288582","2026","1","30","13","14","臺中市","北屯區","0","1","0","7","3","6","50","4","1","1","5","4","6","6","1","3","5","5","5","2","15","2","9","2","1","C03","7","9","1","10","2","11","","13","13","1","6","4","120.709918","24.180116","2"
"12389","66000","387130000C","(04)23274275","(04)23288582","2026","1","30","13","15","臺中市","西屯區","0","1","0","6","2","6","40","4","8","1","4","4","6","6","1","1","1","4","5","2","12","2","9","1","4","C03","7","9","1","10","2","14","","84","84","1","12","4","120.639259","24.159068","2"
"12390","66000","387130000C","(04)23274275","(04)23288582","2026","1","30","13","17","臺中市","西區","0","3","0","7","2","6","30","4","1","1","5","4","6","6","4","4","10","5","5","2","17","2","9","1","1","C03","7","9","1","10","3","12","","15","15","1","12","4","120.660813","24.147955","2"
"12391","66000","387130000C","(04)23274275","(04)23288582","2026","1","30","13","18","臺中市","豐原區","0","0","0","7","","","50","","","","","","","","","","","","","","17","","","","","B03","","","1","","1","","","8","8","1","12","4","120.710781","24.245648","3"
"12392","66000","387130000C","(04)23274275","(04)23288582","2026","1","30","13","20","臺中市","北屯區","0","0","0","7","","","50","","","","","","","","","","","","","","","","","","","","","","","","","","","86","86","1","","","120.698238","24.182972","3"
"12393","66000","387130000C","(04)23274275","(04)23288582","2026","1","30","13","22","臺中市","大甲區","0","1","0","7","3","6","50","4","1","1","5","4","6","6","4","4","10","5","5","2","17","2","9","1","1","C03","7","9","1","10","2","11","","15","15","1","6","4","120.625043","24.344964","2"
"12394","66000","387130000C","(04)23274275","(04)23288582","2026","1","30","13","25","臺中市","南屯區","0","0","0","7","3","6","50","13","9","1","5","4","6","6","1","1","5","5","5","2","12","","","","","C03","","","1","","2","","","45","45","1","12","4","120.643604","24.134926","3"
"12395","66000","387130000C","(04)23274275","(04)23288582","2026","1","30","13","27","臺中市","西屯區","0","0","0","6","","","50","","","","","","","","","","","","","","12","","","","","B03","","","1","","1","","","40","40","1","12","4","120.594984","24.190904","3"
"12396","66000","387130000C","(04)23274275","(04)23288582","2026","1","30","13","29","臺中市","東區","0","0","0","7","","","50","","","","","","","","","","","","","","13","","","","","B03","","","1","","1","","","7","7","1","13","4","120.687642","24.138098","3"
"12397","66000","387130000C","(04)23274275","(04)23288582","2026","1","30","13","30","臺中市","大里區","0","0","0","7","","","60","","","","","","","","","","","","","","","","","","","B11","","","1","","1","","","49","49","1","6","4","120.689155","24.077092","3"
"12398","66000","387130000C","(04)23274275","(04)23288582","2026","1","30","13","35","臺中市","南區","0","1","0","6","1","6","50","3","1","1","5","4","6","6","4","4","10","5","5","2","17","3","10","5","4","B03","7","15","1","8","2","5","","85","85","1","12","4","120.667016","24.128506","2"
"12399","66000","387130000C","(04)23274275","(04)23288582","2026","1","30","13","35","臺中市","東區","0","0","0","7","","","50","","","","","","","","","","","","","","9","","","","","H01","","","7","","10","","","95","95","1","12","5","120.687195","24.134698","3"
"12400","66000","387130000C","(04)23274275","(04)23288582","2026","1","30","13","39","臺中市","北屯區","0","1","0","7","2","6","40","13","8","1","5","4","6","6","4","4","9","5","4","2","16","3","10","3","1","B03","7","6","1","8","1","6","","20","20","1","13","4","120.722652","24.164373","2"
"12401","66000","387130000C","(04)23274275","(04)23288582","2026","1","30","13","43","臺中市","霧峰區","0","0","0","7","","","50","","","","","","","","","","","","","","","","","","","A12","","","1","","2","","","78","78","1","13","4","120.699012","24.061761","3"
"12402","66000","387130000C","(04)23274275","(04)23288582","2026","1","30","13","45","臺中市","西屯區","0","1","0","7","2","6","50","4","1","1","5","4","6","6","1","1","8","4","5","1","12","2","9","5","4","C03","7","8","1","10","1","14","","35","35","1","13","4","120.624057","24.194295","2"
"12403","66000","387130000C","(04)23274275","(04)23288582","2026","1","30","13","51","臺中市","南屯區","0","1","0","7","3","6","50","4","19","1","5","4","6","6","2","1","10","5","5","2","3","3","10","5","4","B03","7","6","1","8","2","8","","10","10","1","6","4","120.634222","24.158211","2"
"12404","66000","387130000C","(04)23274275","(04)23288582","2026","1","30","13","53","臺中市","太平區","0","0","0","7","","3","80","","","","","","","","","","","","","","12","","","","","B12","","","1","","2","","","84","84","1","13","4","120.714097","24.14843","3"
"12405","66000","387130000C","(04)23274275","(04)23288582","2026","1","30","13","54","臺中市","大里區","0","0","0","7","","","50","","","","","","","","","","","","","","","","","","","C03","","","1","","2","","","7","7","1","6","4","120.706555","24.095373","3"
"12406","66000","387130000C","(04)23274275","(04)23288582","2026","1","30","13","55","臺中市","豐原區","0","0","0","7","","","50","","","","","","","","","","","","","","17","","","","","B03","","","1","","2","","","49","49","1","6","4","120.709985","24.248658","3"
"12407","66000","387130000C","(04)23274275","(04)23288582","2026","1","30","14","11","臺中市","北屯區","0","0","0","7","","","50","","","","","","","","","","","","","","13","","","","","B02","","","1","","1","","","7","7","1","6","4","120.681366","24.172581","3"
"12408","66000","387130000C","(04)23274275","(04)23288582","2026","1","30","14","16","臺中市","西屯區","0","0","0","7","","","40","","","","","","","","","","","","","","13","","","","","C03","","","1","","1","","","7","7","1","12","4","120.644917","24.164949","3"
"12409","66000","387130000C","(04)23274275","(04)23288582","2026","1","30","14","16","臺中市","神岡區","0","0","0","7","1","6","50","4","2","1","5","4","6","6","1","1","5","5","4","2","18","3","10","1","4","C03","7","14","5","10","6","12","","84","84","1","12","4","120.678991","24.251274","3"
"12410","66000","387130000C","(04)23274275","(04)23288582","2026","1","30","14","17","臺中市","南區","0","0","0","7","","","50","","","","","","","","","","","","","","15","","","","","B03","","","1","","2","","","39","39","1","13","4","120.666664","24.114087","3"
"12411","66000","387130000C","(04)23274275","(04)23288582","2026","1","30","14","18","臺中市","西屯區","0","0","0","7","","","50","","","","","","","","","","","","","","14","","","","","B12","","","1","","1","","","49","49","1","12","4","120.639582","24.165754","3"
"12412","66000","387130000C","(04)23274275","(04)23288582","2026","1","30","14","20","臺中市","大里區","0","1","0","7","3","6","50","5","1","1","5","4","6","6","3","1","10","5","5","2","17","3","10","3","1","B03","7","6","1","8","2","1","","48","48","1","13","4","120.676749","24.10103","2"
"12413","66000","387130000C","(04)23274275","(04)23288582","2026","1","30","14","21","臺中市","西區","0","0","0","7","","","50","","","","","","","","","","","","","","","","","","","C02","","","1","","1","","","7","7","1","12","4","120.669787","24.150697","3"
"12414","66000","387130000C","(04)23274275","(04)23288582","2026","1","30","14","22","臺中市","烏日區","0","3","0","7","2","6","60","11","8","1","5","4","6","6","4","4","1","4","4","1","13","2","9","5","4","C03","7","9","1","10","1","11","","7","7","1","13","4","120.619301","24.105773","2"
"12415","66000","387130000C","(04)23274275","(04)23288582","2026","1","30","14","23","臺中市","東區","0","0","0","7","","","40","","","","","","","","","","","","","","14","","","","","B03","","","1","8","1","","","49","49","1","6","4","120.708014","24.144255","3"
"12416","66000","387130000C","(04)23274275","(04)23288582","2026","1","30","14","23","臺中市","北屯區","0","0","0","7","","","50","","","","","","","","","","","","","","","","","","","B03","","","1","","1","","","58","58","1","6","4","120.690845","24.166833","3"
"12417","66000","387130000C","(04)23274275","(04)23288582","2026","1","30","14","25","臺中市","北屯區","0","0","0","7","","","50","","","","","","","","","","","","","","12","","","","","B01","","","1","","2","","","8","8","1","6","4","120.672648","24.174234","4"
"12418","66000","387130000C","(04)23274275","(04)23288582","2026","1","30","14","26","臺中市","北屯區","0","0","0","7","","","40","","","","","","","","","","","","","","13","","","","","B03","","","1","","2","","","59","59","1","13","4","120.685213","24.197868","3"
"12419","66000","387130000C","(04)23274275","(04)23288582","2026","1","30","14","28","臺中市","南區","0","1","0","7","1","6","50","3","1","1","5","4","6","6","4","4","10","5","5","2","17","2","9","5","4","C03","7","9","1","10","2","11","","84","84","1","12","4","120.659859","24.124735","2"
"12420","66000","387130000C","(04)23274275","(04)23288582","2026","1","30","14","29","臺中市","中區","0","0","0","7","3","6","50","13","9","1","5","4","6","6","4","4","8","3","5","2","17","","","","","B03","","","1","","1","","","50","50","1","13","4","120.681707","24.139293","3"
"12421","66000","387130000C","(04)23274275","(04)23288582","2026","1","30","14","29","臺中市","大里區","0","0","0","7","","","40","","","","","","","","","","","","","","","","","","","C03","","","1","","9","","","87","87","1","12","4","120.690246","24.092762","3"
"12422","66000","387130000C","(04)23274275","(04)23288582","2026","1","30","14","33","臺中市","北屯區","0","0","0","7","","","50","","","","","","","","","","","","","","","","","","","C03","","","1","","1","","","8","8","1","12","4","120.661533","24.190887","3"
"12423","66000","387130000C","(04)23274275","(04)23288582","2026","1","30","14","36","臺中市","大雅區","0","0","0","6","","","70","","","","","","","","","","","","","","13","","","","","C01","","","1","","2","","","59","59","1","12","4","120.637991","24.233473","3"
"12424","66000","387130000C","(04)23274275","(04)23288582","2026","1","30","14","50","臺中市","烏日區","0","0","0","7","","","40","","","","","","","","","","","","","","13","","","","","B03","","","1","","1","","","7","7","1","6","4","120.6182","24.117423","3"
"12425","66000","387130000C","(04)23274275","(04)23288582","2026","1","30","14","53","臺中市","北屯區","0","0","0","7","","","50","","","","","","","","","","","","","","12","","","","","B03","","","1","","2","","","8","8","1","12","4","120.665007","24.183807","3"
"12426","66000","387130000C","(04)23274275","(04)23288582","2026","1","30","14","53","臺中市","豐原區","0","0","0","7","","","50","","","","","","","","","","","","","","13","","","","","B03","","","1","","2","","","84","84","1","13","4","120.745878","24.261946","3"
"12427","66000","387130000C","(04)23274275","(04)23288582","2026","1","30","14","54","臺中市","西區","0","2","0","7","2","6","50","3","1","1","5","4","6","6","4","4","9","4","5","2","17","3","10","3","1","B02","7","6","1","8","2","16","","14","14","1","12","4","120.662072","24.154847","2"
"12428","66000","387130000C","(04)23274275","(04)23288582","2026","1","30","14","55","臺中市","大雅區","0","1","0","7","1","6","50","5","1","1","5","4","6","6","1","1","5","5","5","1","17","3","10","1","1","C03","7","4","1","10","2","12","","1","1","1","13","4","120.653423","24.225378","2"
"12429","66000","387130000C","(04)23274275","(04)23288582","2026","1","30","14","55","臺中市","北屯區","0","1","0","7","2","6","50","4","1","1","5","4","6","6","2","1","10","5","5","2","13","2","9","2","1","C03","7","9","1","10","2","11","12","7","7","1","6","4","120.703157","24.169604","2"
"12430","66000","387130000C","(04)23274275","(04)23288582","2026","1","30","14","56","臺中市","烏日區","0","0","0","7","","","30","","","","","","","","","","","","","","","","","","","B03","","","1","","2","","","49","49","1","13","4","120.616372","24.110954","3"
"12431","66000","387130000C","(04)23274275","(04)23288582","2026","1","30","15","2","臺中市","龍井區","0","1","0","7","3","6","30","4","1","1","5","4","6","6","4","4","10","5","5","2","15","2","8","2","1","C03","7","9","1","9","2","11","14","12","12","1","6","4","120.587678","24.180384","2"
"12432","66000","387130000C","(04)23274275","(04)23288582","2026","1","30","15","6","臺中市","南區","0","2","0","7","2","6","50","13","9","1","5","4","6","6","4","4","9","5","5","2","17","2","9","1","1","C03","7","6","1","10","2","12","","20","20","1","12","4","120.653001","24.11413","2"
"12433","66000","387130000C","(04)23274275","(04)23288582","2026","1","30","15","8","臺中市","西區","0","2","0","7","2","6","30","13","9","1","5","4","6","6","4","4","10","5","5","2","17","2","9","2","1","C03","7","1","1","11","2","13","","51","51","1","12","4","120.656697","24.155619","2"
"12434","66000","387130000C","(04)23274275","(04)23288582","2026","1","30","15","9","臺中市","豐原區","0","0","0","7","","","50","","","","","","","","","","","","","","13","","","","","B03","","","1","","2","","","59","59","1","12","4","120.728571","24.276494","3"
"12435","66000","387130000C","(04)23274275","(04)23288582","2026","1","30","15","11","臺中市","大里區","0","2","0","7","3","6","50","13","9","1","5","4","6","6","4","4","5","4","4","2","16","2","8","5","4","C03","7","6","1","9","2","13","","39","39","1","13","4","120.688957","24.108025","2"
"12436","66000","387130000C","(04)23274275","(04)23288582","2026","1","30","15","12","臺中市","北區","0","0","0","7","","","50","","","","","","","","","","","","","","","","","","","B03","","","1","","1","","","84","84","1","12","4","120.682803","24.167721","3"
"12437","66000","387130000C","(04)23274275","(04)23288582","2026","1","30","15","12","臺中市","龍井區","0","1","0","7","2","6","50","4","1","1","5","4","6","6","4","4","10","5","5","1","15","3","10","3","1","B03","7","9","1","8","2","2","","15","15","1","6","4","120.528288","24.192898","2"
"12438","66000","387130000C","(04)23274275","(04)23288582","2026","1","30","15","12","臺中市","大甲區","0","0","0","7","","","40","","","","","","","","","","","","","","","","","","","B03","","","1","","1","","","8","8","1","12","4","120.626158","24.355544","3"
"12439","66000","387130000C","(04)23274275","(04)23288582","2026","1","30","15","13","臺中市","東區","0","0","0","7","","3","80","","","","","","","","","","","","","","","","","","","B12","","","1","","1","","","7","7","1","6","4","120.708419","24.134347","3"
"12440","66000","387130000C","(04)23274275","(04)23288582","2026","1","30","15","13","臺中市","北屯區","0","1","0","7","3","6","50","13","7","1","5","4","6","6","4","4","5","4","4","2","12","3","10","3","1","B01","7","9","1","1","2","5","","84","84","1","6","4","120.683313","24.170744","2"
"12441","66000","387130000C","(04)23274275","(04)23288582","2026","1","30","15","14","臺中市","大雅區","0","2","0","7","1","6","50","3","1","1","5","4","6","6","3","1","5","5","5","1","17","2","9","1","1","C04","7","6","1","10","2","12","","87","87","1","13","4","120.651373","24.228527","2"
"12442","66000","387130000C","(04)23274275","(04)23288582","2026","1","30","15","15","臺中市","南屯區","0","0","0","7","","","50","","","","","","","","","","","","","","","","","","","B03","","","1","","1","","","78","78","1","13","4","120.643624","24.146743","3"
"12443","66000","387130000C","(04)23274275","(04)23288582","2026","1","30","15","20","臺中市","北屯區","0","0","0","7","","","50","","","","","","","","","","","","","","18","","","","","C03","","","1","","1","","","84","84","1","12","4","120.690584","24.173435","4"
"12444","66000","387130000C","(04)23274275","(04)23288582","2026","1","30","15","20","臺中市","大甲區","0","0","0","7","","","50","","","","","","","","","","","","","","","","","","","B03","","","1","","2","","","49","49","1","6","4","120.655048","24.381139","3"
"12445","66000","387130000C","(04)23274275","(04)23288582","2026","1","30","15","25","臺中市","北屯區","0","0","0","7","","","50","","","","","","","","","","","","","","","","","","","B03","","","1","","1","","","84","84","1","13","4","120.707702","24.183165","3"
"12446","66000","387130000C","(04)23274275","(04)23288582","2026","1","30","15","27","臺中市","南屯區","0","0","0","7","3","6","50","13","9","1","5","4","6","6","1","1","5","4","5","2","13","","","","","C03","","","1","","1","","","59","59","1","12","4","120.653015","24.135958","3"
"12447","66000","387130000C","(04)23274275","(04)23288582","2026","1","30","15","29","臺中市","北區","0","0","0","7","","","50","","","","","","","","","","","","","","17","","","","","B03","","","1","","1","8","","58","58","1","12","4","120.673859","24.162887","3"
"12448","66000","387130000C","(04)23274275","(04)23288582","2026","1","30","15","32","臺中市","東區","0","1","0","7","1","6","50","4","1","1","5","4","6","6","1","1","9","4","5","2","12","3","10","3","1","B03","7","9","1","8","2","5","","7","7","1","12","4","120.692484","24.138762","2"
"12449","66000","387130000C","(04)23274275","(04)23288582","2026","1","30","15","32","臺中市","沙鹿區","0","0","0","7","","","40","","","","","","","","","","","","","","8","","","","","B03","","","1","","2","","","50","50","1","6","4","120.562323","24.246036","3"
"12450","66000","387130000C","(04)23274275","(04)23288582","2026","1","30","15","34","臺中市","北區","0","0","0","7","","","50","","","","","","","","","","","","","","13","","","","","B03","","","1","","2","","","84","84","1","12","4","120.686552","24.163199","3"
"12451","66000","387130000C","(04)23274275","(04)23288582","2026","1","30","15","34","臺中市","豐原區","0","0","0","7","","","30","","","","","","","","","","","","","","17","","","","","B03","","","1","","2","","","12","12","1","6","4","120.710104","24.26527","3"
"12452","66000","387130000C","(04)23274275","(04)23288582","2026","1","30","15","36","臺中市","神岡區","0","0","0","7","","","0","","","","","","","","","","","","","","12","","","","","B03","","","1","","1","","","51","51","1","12","4","120.675989","24.234254","3"
"12453","66000","387130000C","(04)23274275","(04)23288582","2026","1","30","15","37","臺中市","南區","0","2","0","7","2","6","50","13","9","1","5","4","6","6","4","4","5","5","5","2","16","2","9","5","4","C03","7","9","1","10","2","11","12","59","59","1","12","4","120.674844","24.129947","2"
"12454","66000","387130000C","(04)23274275","(04)23288582","2026","1","30","15","38","臺中市","太平區","0","0","0","7","2","6","50","","","","","","","","","","","","","","","","","","","C03","","","1","","1","12","","84","84","1","12","4","120.712967","24.158983","3"
"12455","66000","387130000C","(04)23274275","(04)23288582","2026","1","30","15","39","臺中市","西區","0","0","0","7","","","50","","","","","","","","","","","","","","","","","","","C03","","","1","","1","","","7","7","1","13","4","120.67986","24.137938","3"
"12456","66000","387130000C","(04)23274275","(04)23288582","2026","1","30","15","42","臺中市","西區","0","0","0","7","","","50","","","","","","","","","","","","","","","","","","","B03","","","1","","1","","","51","51","1","12","4","120.662576","24.140075","3"
"12457","66000","387130000C","(04)23274275","(04)23288582","2026","1","30","15","53","臺中市","梧棲區","0","1","0","6","2","6","50","4","1","1","5","4","6","6","1","1","10","5","5","2","16","3","10","3","1","B03","7","5","1","8","2","2","","47","47","1","12","4","120.524498","24.223112","2"
"12458","66000","387130000C","(04)23274275","(04)23288582","2026","1","30","15","54","臺中市","南區","0","1","0","7","3","6","50","3","9","1","5","4","6","6","4","4","9","5","5","2","13","3","10","3","1","B03","7","9","1","8","2","1","","7","7","1","13","4","120.656469","24.124554","2"
"12459","66000","387130000C","(04)23274275","(04)23288582","2026","1","30","15","58","臺中市","北屯區","0","0","0","7","","","50","","","","","","","","","","","","","","12","","","","","B03","","","1","","1","","","40","40","1","12","4","120.71919","24.175766","3"
"12460","66000","387130000C","(04)23274275","(04)23288582","2026","1","30","16","0","臺中市","北屯區","0","0","0","7","","","50","","","","","","","","","","","","","","13","","","","","C03","","","1","","1","","","7","7","1","6","4","120.698462","24.160722","3"
"12461","66000","387130000C","(04)23274275","(04)23288582","2026","1","30","16","1","臺中市","沙鹿區","0","1","0","6","2","6","50","4","2","1","5","4","6","6","4","4","5","5","5","1","17","2","9","2","1","C03","7","9","1","10","2","11","","56","56","1","6","2","120.557362","24.22892","2"
"12462","66000","387130000C","(04)23274275","(04)23288582","2026","1","30","16","5","臺中市","西屯區","0","0","0","7","","","50","","","","","","","","","","","","","","13","","","","","B03","","","1","","1","","","7","7","1","13","4","120.658486","24.163484","3"
"12463","66000","387130000C","(04)23274275","(04)23288582","2026","1","30","16","5","臺中市","西屯區","0","0","0","7","","","50","","","","","","","","","","","","","","30","","","","","C03","","","1","","9","","","87","87","1","13","4","120.663771","24.167565","3"
"12464","66000","387130000C","(04)23274275","(04)23288582","2026","1","30","16","7","臺中市","西屯區","0","1","0","7","2","6","40","3","1","1","5","4","6","6","2","1","10","5","5","2","16","3","10","3","1","B03","7","5","1","8","2","5","","11","11","1","13","4","120.619655","24.18074","2"
"12465","66000","387130000C","(04)23274275","(04)23288582","2026","1","30","16","11","臺中市","南屯區","0","1","0","7","3","6","50","13","9","1","5","4","6","6","4","4","1","4","5","2","13","2","9","2","1","C03","7","9","1","10","2","11","","59","59","1","13","4","120.648647","24.140132","2"
"12466","66000","387130000C","(04)23274275","(04)23288582","2026","1","30","16","12","臺中市","西屯區","0","0","0","7","","","60","","","","","","","","","","","","","","13","","","","","B03","","","1","","2","","","7","7","1","12","4","120.621425","24.18001","3"
"12467","66000","387130000C","(04)23274275","(04)23288582","2026","1","30","16","13","臺中市","北區","0","0","0","7","","","50","","","","","","","","","","","","","","17","","","","","B03","","","1","","2","","","50","50","1","13","4","120.668377","24.167938","3"
"12468","66000","387130000C","(04)23274275","(04)23288582","2026","1","30","16","15","臺中市","西屯區","0","1","0","7","2","6","40","13","9","1","5","4","6","6","4","4","5","5","5","2","17","2","9","2","4","C03","7","5","1","10","2","12","","84","84","1","13","4","120.659741","24.174279","2"