序號,縣市別代碼,機關代碼,市話,傳真,年,月,日,時,分,縣市,區,死亡數量,受傷數量,2-30,天候,道路照明設備,道路類別,道路速限,道路型態,事故位置,路面鋪裝,路面狀態,路面缺陷,障礙物,視距,號誌種類,號誌動作,分向設施,快車道或一般車道間,快慢車道間,路面邊線,事故類型及型態,受傷程度,主要傷處,保護裝備,行動電話或功能裝置,當事者區分(類別),車輛用途,當事者行動狀態,駕照狀態,駕照種類,飲酒情形,車輛撞擊部位最初,車輛撞擊部位其他,肇事因素個別,肇事因素主要,肇事逃逸,職業,共享經濟或外送平台,GPS座標X,GPS座標Y,事故類別
"12469","66000","387130000C","(04)23274275","(04)23288582","2026","1","30","16","16","臺中市","大雅區","0","1","0","7","2","6","30","4","1","1","5","4","6","6","1","1","10","5","5","2","15","3","10","3","1","B12","7","9","1","8","2","7","","6","6","1","12","4","120.669923","24.224344","2"
"12470","66000","387130000C","(04)23274275","(04)23288582","2026","1","30","16","16","臺中市","西屯區","0","1","0","7","2","6","40","13","8","1","5","4","6","6","4","4","1","5","1","2","12","3","10","3","1","B03","7","5","1","8","1","2","","20","20","1","12","4","120.641916","24.156681","2"
"12471","66000","387130000C","(04)23274275","(04)23288582","2026","1","30","16","16","臺中市","新社區","0","1","0","7","2","6","50","14","9","1","5","4","6","6","4","4","10","5","5","2","12","3","10","5","4","B03","7","15","1","8","2","8","","84","84","1","12","4","120.79429","24.205678","2"
"12472","66000","387130000C","(04)23274275","(04)23288582","2026","1","30","16","18","臺中市","大里區","0","0","0","7","3","6","50","13","9","1","5","4","6","6","4","4","1","4","5","1","13","","","","","B03","","","1","","2","","","59","59","1","12","4","120.671572","24.103008","3"
"12473","66000","387130000C","(04)23274275","(04)23288582","2026","1","30","16","19","臺中市","大里區","0","2","0","7","3","6","50","3","1","1","5","4","6","6","4","4","5","4","5","1","16","2","9","5","4","C03","7","6","1","10","2","14","","14","14","1","13","4","120.675584","24.096039","2"
"12474","66000","387130000C","(04)23274275","(04)23288582","2026","1","30","16","19","臺中市","大里區","0","1","0","7","2","6","60","3","2","1","5","4","6","6","1","1","1","2","4","1","17","2","8","1","1","C03","7","9","1","10","2","14","","84","84","1","13","4","120.677717","24.103693","2"
"12475","66000","387130000C","(04)23274275","(04)23288582","2026","1","30","16","20","臺中市","大里區","0","1","0","7","2","6","50","3","1","1","5","4","6","6","4","4","10","5","5","2","11","3","10","3","1","A12","7","9","1","2","9","4","","8","8","1","12","4","120.706352","24.082208","2"
"12476","66000","387130000C","(04)23274275","(04)23288582","2026","1","30","16","25","臺中市","西屯區","0","0","0","7","","","50","","","","","","","","","","","","","","13","","","","","B03","","","1","","2","","","84","84","1","13","4","120.649637","24.162848","3"
"12477","66000","387130000C","(04)23274275","(04)23288582","2026","1","30","16","27","臺中市","西屯區","0","0","0","7","","","70","","","","","","","","","","","","","","14","","","","","B03","","","1","","2","","","84","84","1","13","4","120.624754","24.178431","3"
"12478","66000","387130000C","(04)23274275","(04)23288582","2026","1","30","16","29","臺中市","南屯區","0","1","0","7","3","6","40","13","9","1","5","4","6","6","4","4","9","5","5","2","17","3","10","5","4","B03","7","11","1","8","2","7","","45","45","1","6","4","120.636569","24.149358","2"
"12479","66000","387130000C","(04)23274275","(04)23288582","2026","1","30","16","30","臺中市","烏日區","0","0","0","7","","","40","","","","","","","","","","","","","","13","","","","","B03","","","1","","2","","","7","7","1","6","4","120.618223","24.117278","3"
"12480","66000","387130000C","(04)23274275","(04)23288582","2026","1","30","16","30","臺中市","梧棲區","0","0","0","7","","","50","","","","","","","","","","","","","","17","","","","","B03","","","1","","1","","","50","50","1","6","4","120.540872","24.244198","3"
"12481","66000","387130000C","(04)23274275","(04)23288582","2026","1","30","16","34","臺中市","沙鹿區","0","0","0","7","","","50","","","","","","","","","","","","","","12","","","","","B03","","","1","","2","","","40","40","1","6","4","120.559828","24.238001","3"
"12482","66000","387130000C","(04)23274275","(04)23288582","2026","1","30","16","35","臺中市","潭子區","0","0","0","7","","","50","","","","","","","","","","","","","","","","","","","B12","","","1","","2","","","20","20","1","13","4","120.673968","24.209105","3"
"12483","66000","387130000C","(04)23274275","(04)23288582","2026","1","30","16","40","臺中市","石岡區","0","0","0","7","3","2","50","13","9","1","5","4","6","6","4","4","1","1","4","1","13","3","10","5","4","B03","7","9","1","8","1","1","","84","84","1","13","4","120.815175","24.261093","3"
"12484","66000","387130000C","(04)23274275","(04)23288582","2026","1","30","16","41","臺中市","潭子區","0","0","0","7","","","60","","","","","","","","","","","","","","11","","","","","B03","","","1","","2","","","48","48","1","13","4","120.702437","24.187065","3"
"12485","66000","387130000C","(04)23274275","(04)23288582","2026","1","30","16","44","臺中市","南區","0","1","0","7","3","6","50","3","1","1","5","4","6","6","2","1","5","5","5","2","15","2","9","2","1","F03","7","11","7","21","2","14","","21","21","1","12","4","120.660534","24.116903","2"
"12486","66000","387130000C","(04)23274275","(04)23288582","2026","1","30","16","44","臺中市","霧峰區","0","0","0","7","","","50","","","","","","","","","","","","","","13","","","","","B03","","","1","","2","","","7","7","1","13","4","120.696281","24.054141","3"
"12487","66000","387130000C","(04)23274275","(04)23288582","2026","1","30","16","45","臺中市","南屯區","0","1","0","7","2","6","50","13","7","1","5","4","6","6","4","4","5","4","4","2","17","2","9","1","1","C03","7","9","1","10","2","14","","84","84","1","13","4","120.626232","24.114019","2"
"12488","66000","387130000C","(04)23274275","(04)23288582","2026","1","30","16","45","臺中市","北屯區","0","0","0","7","","","50","","","","","","","","","","","","","","14","","","","","B12","","","5","","1","","","49","49","1","6","4","120.716704","24.175","3"
"12489","66000","387130000C","(04)23274275","(04)23288582","2026","1","30","16","46","臺中市","北屯區","0","1","0","7","3","6","50","4","2","1","5","4","6","6","1","1","1","4","5","2","12","2","9","1","1","C03","7","8","1","10","2","11","12","40","40","1","10","4","120.721866","24.162448","2"
"12490","66000","387130000C","(04)23274275","(04)23288582","2026","1","30","16","48","臺中市","西屯區","0","0","0","7","","","50","","","","","","","","","","","","","","13","","","","","B03","","","1","","1","","","7","7","1","13","4","120.656907","24.168387","3"
"12491","66000","387130000C","(04)23274275","(04)23288582","2026","1","30","16","52","臺中市","龍井區","0","2","0","7","2","6","50","3","1","1","5","4","6","6","4","4","5","4","5","1","16","2","8","2","1","C03","7","6","1","10","2","14","","6","6","1","5","4","120.591423","24.181192","2"
"12492","66000","387130000C","(04)23274275","(04)23288582","2026","1","30","16","54","臺中市","中區","0","0","0","7","","","50","","","","","","","","","","","","","","","","","","","B03","","","1","","2","","","84","84","1","6","4","120.681602","24.143101","3"
"12493","66000","387130000C","(04)23274275","(04)23288582","2026","1","30","16","56","臺中市","西屯區","0","0","0","7","","","50","","","","","","","","","","","","","","13","","","","","B12","","","1","","1","","","7","7","1","13","4","120.657509","24.190499","3"
"12494","66000","387130000C","(04)23274275","(04)23288582","2026","1","30","16","56","臺中市","西屯區","0","0","0","7","","","60","","","","","","","","","","","","","","13","","","","","B03","","","1","","2","","","84","84","1","12","4","120.635569","24.182295","3"
"12495","66000","387130000C","(04)23274275","(04)23288582","2026","1","30","16","57","臺中市","霧峰區","0","1","0","7","3","6","40","4","1","1","5","4","6","6","1","1","10","5","5","2","16","3","10","5","4","B03","7","5","1","8","2","8","","20","20","1","13","4","120.678829","24.0648","2"
"12496","66000","387130000C","(04)23274275","(04)23288582","2026","1","30","16","59","臺中市","沙鹿區","0","1","0","7","2","6","40","5","1","1","5","4","6","6","2","1","10","5","5","2","16","3","10","3","4","B03","7","5","1","8","2","5","","20","20","1","6","4","120.569842","24.237119","2"
"12497","66000","387130000C","(04)23274275","(04)23288582","2026","1","30","17","2","臺中市","西屯區","0","1","0","7","2","6","50","4","1","1","5","4","6","6","2","1","10","5","5","2","12","3","10","3","1","B03","7","5","1","8","2","5","","11","11","1","12","4","120.665472","24.166869","2"
"12498","66000","387130000C","(04)23274275","(04)23288582","2026","1","30","17","5","臺中市","南屯區","0","1","0","7","1","6","50","4","1","1","5","4","6","6","1","1","9","5","5","2","17","2","8","4","1","F01","7","6","7","21","2","14","","48","48","1","13","4","120.642005","24.140346","2"
"12499","66000","387130000C","(04)23274275","(04)23288582","2026","1","30","17","5","臺中市","豐原區","0","1","0","7","2","6","50","13","7","1","5","4","6","6","4","4","5","4","4","2","17","3","10","2","1","C03","7","9","1","10","2","16","","84","84","1","6","4","120.705973","24.250956","2"
"12500","66000","387130000C","(04)23274275","(04)23288582","2026","1","30","17","9","臺中市","西區","0","0","0","6","","","50","","","","","","","","","","","","","","","","","","","B12","","","1","","1","","","40","40","1","12","4","120.661354","24.150847","3"
"12501","66000","387130000C","(04)23274275","(04)23288582","2026","1","30","17","11","臺中市","西屯區","0","0","0","7","","","50","","","","","","","","","","","","","","12","","","","","B03","","","1","","1","","","59","59","1","13","4","120.617198","24.188402","3"
"12502","66000","387130000C","(04)23274275","(04)23288582","2026","1","30","17","14","臺中市","西區","0","0","0","7","","","50","","","","","","","","","","","","","","","","","","","C03","","","1","","1","","","7","7","1","13","4","120.669632","24.15084","3"
"12503","66000","387130000C","(04)23274275","(04)23288582","2026","1","30","17","14","臺中市","豐原區","0","0","0","7","","","50","","","","","","","","","","","","","","13","","","","","C03","","","1","","2","","","7","7","1","13","4","120.712691","24.241528","4"
"12504","66000","387130000C","(04)23274275","(04)23288582","2026","1","30","17","16","臺中市","大里區","0","2","0","7","3","6","25","3","1","1","5","4","6","6","1","1","10","5","5","2","13","2","9","1","1","F03","7","9","7","21","2","11","","7","7","1","12","4","120.690063","24.121275","2"
"12505","66000","387130000C","(04)23274275","(04)23288582","2026","1","30","17","16","臺中市","大里區","0","1","0","7","2","6","50","4","1","1","5","4","6","6","1","1","1","4","4","1","13","3","10","3","1","B03","7","9","1","8","2","1","","7","7","1","12","4","120.698368","24.080387","2"
"12506","66000","387130000C","(04)23274275","(04)23288582","2026","1","30","17","19","臺中市","沙鹿區","0","1","0","7","2","6","50","3","1","1","5","4","6","6","1","1","10","5","5","2","17","3","10","3","1","B03","7","9","1","8","2","6","","85","85","1","6","4","120.606277","24.247375","2"
"12507","66000","387130000C","(04)23274275","(04)23288582","2026","1","30","17","20","臺中市","潭子區","0","0","0","7","","3","40","","","","","","","","","","","","","","","","","","","B12","","","1","","2","","","40","40","1","13","4","120.709739","24.200514","3"
"12508","66000","387130000C","(04)23274275","(04)23288582","2026","1","30","17","20","臺中市","北區","0","1","0","7","3","6","50","5","1","1","5","4","6","6","2","1","1","2","5","2","17","2","8","1","1","C03","7","6","1","10","2","13","","39","39","1","12","4","120.686028","24.154755","2"
"12509","66000","387130000C","(04)23274275","(04)23288582","2026","1","30","17","20","臺中市","大里區","0","1","0","7","2","6","50","3","2","1","5","4","6","6","4","4","9","4","5","1","18","2","9","2","1","C03","7","9","1","10","2","12","11","84","84","1","12","4","120.706489","24.082231","2"
"12510","66000","387130000C","(04)23274275","(04)23288582","2026","1","30","17","25","臺中市","烏日區","0","0","0","7","1","6","60","13","7","1","5","4","6","6","4","4","1","4","1","1","13","3","10","3","1","B03","7","9","1","8","2","1","","84","84","1","6","4","120.648234","24.085547","3"
"12511","66000","387130000C","(04)23274275","(04)23288582","2026","1","30","17","30","臺中市","西屯區","0","1","0","7","2","6","50","13","9","1","5","4","6","6","4","4","2","4","5","2","16","3","10","3","1","B03","7","5","1","8","2","5","","20","20","1","13","4","120.602888","24.184755","2"
"12512","66000","387130000C","(04)23274275","(04)23288582","2026","1","30","17","31","臺中市","龍井區","0","0","0","7","","","50","","","","","","","","","","","","","","13","","","","","C03","","","1","","2","","","7","7","1","13","4","120.504734","24.205635","3"
"12513","66000","387130000C","(04)23274275","(04)23288582","2026","1","30","17","35","臺中市","中區","0","0","0","7","","","50","","","","","","","","","","","","","","17","","","","","B03","","","1","","1","","","76","76","1","12","4","120.675671","24.142731","3"
"12514","66000","387130000C","(04)23274275","(04)23288582","2026","1","30","17","35","臺中市","西屯區","0","1","0","7","1","6","50","4","1","1","5","4","6","6","1","1","4","3","4","2","16","2","7","1","1","C03","7","9","1","10","2","11","","34","34","1","13","4","120.635181","24.166806","2"
"12515","66000","387130000C","(04)23274275","(04)23288582","2026","1","30","17","37","臺中市","東區","0","0","0","7","","","50","","","","","","","","","","","","","","","","","","","B03","","","1","","1","","","49","49","1","12","4","120.710291","24.144476","3"
"12516","66000","387130000C","(04)23274275","(04)23288582","2026","1","30","17","38","臺中市","大里區","0","0","0","7","","","50","","","","","","","","","","","","","","13","","","","","C03","","","1","","2","","","7","7","1","6","4","120.698952","24.089347","3"
"12517","66000","387130000C","(04)23274275","(04)23288582","2026","1","30","17","40","臺中市","南屯區","0","0","0","6","","","50","","","","","","","","","","","","","","13","","","","","C03","","","1","","1","","","45","45","1","13","4","120.614054","24.143277","3"
"12518","66000","387130000C","(04)23274275","(04)23288582","2026","1","30","17","40","臺中市","西屯區","0","0","0","7","","","50","","","","","","","","","","","","","","13","","","","","B03","","","1","","1","","","7","7","1","12","4","120.605599","24.193401","3"
"12519","66000","387130000C","(04)23274275","(04)23288582","2026","1","30","17","40","臺中市","西屯區","0","0","0","7","","","50","","","","","","","","","","","","","","13","","","","","C03","","","1","","1","","","7","7","1","12","4","120.64538","24.172563","3"
"12520","66000","387130000C","(04)23274275","(04)23288582","2026","1","30","17","40","臺中市","霧峰區","0","0","0","7","","","40","","","","","","","","","","","","","","11","","","","","B03","","","1","","2","","","41","41","1","12","4","120.69383","24.052144","3"
"12521","66000","387130000C","(04)23274275","(04)23288582","2026","1","30","17","41","臺中市","西屯區","0","3","0","7","1","6","50","8","9","1","5","4","6","6","4","4","1","4","5","2","12","2","9","2","4","C03","7","9","1","10","2","12","","8","8","1","13","4","120.653024","24.196215","2"
"12522","66000","387130000C","(04)23274275","(04)23288582","2026","1","30","17","42","臺中市","梧棲區","0","1","0","7","1","6","70","3","1","1","5","4","6","6","1","1","10","5","5","2","16","3","10","3","3","B03","7","5","1","8","2","2","","87","87","1","12","4","120.550445","24.2406","2"
"12523","66000","387130000C","(04)23274275","(04)23288582","2026","1","30","17","44","臺中市","南屯區","0","2","0","7","1","6","40","4","1","1","5","4","6","6","2","1","10","5","5","2","13","3","10","5","4","B03","7","9","1","8","2","5","","7","7","1","6","4","120.615031","24.147785","2"
"12524","66000","387130000C","(04)23274275","(04)23288582","2026","1","30","17","46","臺中市","烏日區","0","0","0","7","","3","80","","","","","","","","","","","","","","","","","","","B03","","","1","","1","","","7","7","1","13","4","120.613831","24.104379","3"
"12525","66000","387130000C","(04)23274275","(04)23288582","2026","1","30","17","47","臺中市","東區","0","1","0","7","1","6","50","4","1","1","5","4","6","6","1","1","10","5","5","2","16","3","10","5","4","C03","7","6","1","10","2","13","","11","11","1","12","4","120.697137","24.140266","2"
"12526","66000","387130000C","(04)23274275","(04)23288582","2026","1","30","17","50","臺中市","北區","0","0","0","7","","","50","","","","","","","","","","","","","","13","","","","","B03","","","1","","1","","","59","59","1","12","4","120.674939","24.16232","3"
"12527","66000","387130000C","(04)23274275","(04)23288582","2026","1","30","17","51","臺中市","西區","0","1","0","7","2","6","50","4","1","1","5","4","6","6","4","4","10","5","5","2","17","3","10","3","1","B03","7","5","1","8","2","6","","20","20","1","12","4","120.673839","24.14706","2"
"12528","66000","387130000C","(04)23274275","(04)23288582","2026","1","30","17","51","臺中市","南屯區","0","0","0","7","","","50","","","","","","","","","","","","","","13","","","","","C03","","","1","","2","","","7","7","1","12","4","120.64163","24.146875","3"
"12529","66000","387130000C","(04)23274275","(04)23288582","2026","1","30","17","52","臺中市","南屯區","0","0","0","7","","","50","","","","","","","","","","","","","","13","","","","","B03","","","1","","1","","","59","59","1","13","4","120.610788","24.140382","3"
"12530","66000","387130000C","(04)23274275","(04)23288582","2026","1","30","17","53","臺中市","北區","0","1","0","7","1","6","50","13","7","1","5","4","6","6","4","4","8","3","4","2","17","2","9","2","1","C03","7","11","1","10","1","14","","46","46","1","13","4","120.677448","24.15905","2"
"12531","66000","387130000C","(04)23274275","(04)23288582","2026","1","30","17","57","臺中市","太平區","0","0","0","7","","","30","","","","","","","","","","","","","","12","","","","","B03","","","1","","1","","","8","8","1","13","4","120.713818","24.137612","3"
"12532","66000","387130000C","(04)23274275","(04)23288582","2026","1","30","17","58","臺中市","西屯區","0","2","0","7","1","6","50","13","9","1","5","4","6","6","4","4","10","5","5","2","16","2","8","2","1","C03","7","11","1","10","9","14","","45","45","1","13","4","120.664602","24.165291","2"
"12533","66000","387130000C","(04)23274275","(04)23288582","2026","1","30","18","1","臺中市","西區","0","0","0","7","","","50","","","","","","","","","","","","","","","","","","","C03","","","1","","1","","","7","7","1","6","4","120.651251","24.144951","3"
"12534","66000","387130000C","(04)23274275","(04)23288582","2026","1","30","18","1","臺中市","北屯區","0","1","0","7","1","6","50","5","2","1","5","4","6","6","4","4","5","4","4","2","15","2","9","1","1","C03","7","9","1","10","2","11","","13","13","1","13","4","120.688439","24.165762","2"
"12535","66000","387130000C","(04)23274275","(04)23288582","2026","1","30","18","2","臺中市","西屯區","0","0","0","7","","","50","","","","","","","","","","","","","","13","","","","","B03","","","1","","1","","","7","7","1","13","4","120.642153","24.16443","3"
"12536","66000","387130000C","(04)23274275","(04)23288582","2026","1","30","18","3","臺中市","西屯區","0","0","0","7","","","50","","","","","","","","","","","","","","12","","","","","B03","","","1","","2","","","40","40","1","12","4","120.609269","24.155324","3"
"12537","66000","387130000C","(04)23274275","(04)23288582","2026","1","30","18","5","臺中市","西屯區","0","2","0","7","1","6","40","13","8","1","5","4","6","6","4","4","1","5","1","2","12","2","8","1","1","C03","7","1","1","10","2","11","","51","51","1","13","4","120.617234","24.182295","2"
"12538","66000","387130000C","(04)23274275","(04)23288582","2026","1","30","18","7","臺中市","后里區","0","0","0","7","1","6","50","13","17","1","5","4","6","6","4","4","1","4","4","1","12","3","10","3","1","B03","7","7","1","8","2","5","","8","8","1","12","4","120.703318","24.312115","3"
"12539","66000","387130000C","(04)23274275","(04)23288582","2026","1","30","18","8","臺中市","西屯區","0","0","0","7","","","60","","","","","","","","","","","","","","13","","","","","B12","","","1","","1","","","59","59","1","13","4","120.649225","24.162797","3"
"12540","66000","387130000C","(04)23274275","(04)23288582","2026","1","30","18","9","臺中市","神岡區","0","0","0","7","1","6","50","13","9","1","5","4","6","6","4","4","10","5","5","2","17","3","10","3","1","B11","7","2","1","8","1","3","3","49","49","1","12","4","120.648074","24.282719","3"
"12541","66000","387130000C","(04)23274275","(04)23288582","2026","1","30","18","10","臺中市","東區","0","0","0","7","","","40","","","","","","","","","","","","","","","","","","","C03","","","1","","2","","","48","48","1","13","4","120.710978","24.1427","3"
"12542","66000","387130000C","(04)23274275","(04)23288582","2026","1","30","18","10","臺中市","烏日區","0","0","0","7","","","50","","","","","","","","","","","","","","2","","","","","F01","","","7","","1","","","8","8","1","3","4","120.627064","24.10186","3"
"12543","66000","387130000C","(04)23274275","(04)23288582","2026","1","30","18","11","臺中市","南區","0","2","0","7","1","6","50","13","9","1","5","4","6","6","4","4","10","5","5","2","16","2","9","2","1","C03","7","1","1","10","2","11","","51","51","1","6","4","120.675862","24.125665","2"
"12544","66000","387130000C","(04)23274275","(04)23288582","2026","1","30","18","11","臺中市","南屯區","0","0","0","7","","","50","","","","","","","","","","","","","","12","","","","","A04","","","1","","9","","","51","51","2","6","4","120.635821","24.147863","3"
"12545","66000","387130000C","(04)23274275","(04)23288582","2026","1","30","18","14","臺中市","大里區","0","0","0","7","1","6","50","4","1","1","5","4","6","6","1","1","5","2","5","1","13","","","","","B03","","","1","","1","","","8","8","1","13","4","120.674335","24.114894","3"
"12546","66000","387130000C","(04)23274275","(04)23288582","2026","1","30","18","19","臺中市","北屯區","0","1","0","7","1","6","50","13","9","1","5","4","6","6","4","4","5","4","5","2","13","2","9","2","1","C03","7","9","1","10","2","11","","59","59","1","6","4","120.70748","24.169767","2"
"12547","66000","387130000C","(04)23274275","(04)23288582","2026","1","30","18","20","臺中市","西屯區","0","1","0","7","1","6","50","13","9","1","5","4","6","6","4","4","5","4","5","2","16","3","10","3","1","B12","7","1","1","7","2","8","","51","51","1","12","4","120.632747","24.182657","2"
"12548","66000","387130000C","(04)23274275","(04)23288582","2026","1","30","18","21","臺中市","大里區","0","2","0","7","3","6","50","4","1","1","5","4","6","6","1","1","5","4","4","1","16","2","7","5","4","F01","7","6","7","21","2","11","","11","11","1","13","4","120.691051","24.114193","2"
"12549","66000","387130000C","(04)23274275","(04)23288582","2026","1","30","18","25","臺中市","西屯區","0","1","0","7","1","6","50","4","2","1","5","4","6","6","4","4","4","5","5","2","12","2","7","1","1","C03","7","9","1","10","1","12","","84","84","1","13","4","120.656607","24.166636","2"
"12550","66000","387130000C","(04)23274275","(04)23288582","2026","1","30","18","26","臺中市","北屯區","0","0","0","7","","","50","","","","","","","","","","","","","","16","","","","","C03","","","1","","1","","","11","11","1","6","4","120.663804","24.199684","3"
"12551","66000","387130000C","(04)23274275","(04)23288582","2026","1","30","18","26","臺中市","烏日區","0","0","0","7","","","60","","","","","","","","","","","","","","13","","","","","C03","","","1","","1","","","7","7","1","6","4","120.624019","24.104264","4"
"12552","66000","387130000C","(04)23274275","(04)23288582","2026","1","30","18","28","臺中市","西區","0","0","0","6","","","50","","","","","","","","","","","","","","","","","","","B03","","","1","","2","","","8","8","1","12","4","120.664286","24.145543","3"
"12553","66000","387130000C","(04)23274275","(04)23288582","2026","1","30","18","28","臺中市","東區","0","0","0","7","","","50","","","","","","","","","","","","","","","","","","","C03","","","1","","1","","","7","7","1","12","4","120.705833","24.148049","3"
"12554","66000","387130000C","(04)23274275","(04)23288582","2026","1","30","18","32","臺中市","沙鹿區","0","1","0","6","1","6","50","4","1","1","5","4","6","6","2","1","10","5","5","2","13","2","9","2","1","C03","7","9","1","10","2","11","","58","58","1","6","4","120.560836","24.241137","2"
"12555","66000","387130000C","(04)23274275","(04)23288582","2026","1","30","18","34","臺中市","豐原區","0","1","0","7","1","6","50","3","1","1","5","4","6","6","4","4","10","5","5","2","17","3","10","3","1","B03","7","6","1","8","2","8","","48","48","1","13","4","120.725959","24.255306","2"
"12556","66000","387130000C","(04)23274275","(04)23288582","2026","1","30","18","35","臺中市","清水區","0","0","0","7","","","60","","","","","","","","","","","","","","","","","","","B03","","","1","","1","","","40","40","1","12","4","120.552875","24.296964","3"
"12557","66000","387130000C","(04)23274275","(04)23288582","2026","1","30","18","36","臺中市","東區","0","0","0","7","","","50","","","","","","","","","","","","","","13","","","","","B12","","","1","","1","","","56","56","1","12","4","120.701023","24.144615","3"
"12558","66000","387130000C","(04)23274275","(04)23288582","2026","1","30","18","38","臺中市","大里區","0","0","0","7","","3","80","","","","","","","","","","","","","","13","","","","","B03","","","1","","1","","","7","7","1","6","4","120.682683","24.07803","3"
"12559","66000","387130000C","(04)23274275","(04)23288582","2026","1","30","18","40","臺中市","南屯區","0","0","0","7","1","6","50","13","9","1","5","4","6","6","4","4","5","5","5","2","13","","","","","C03","","","1","","1","","","7","7","1","12","4","120.609584","24.139164","3"
"12560","66000","387130000C","(04)23274275","(04)23288582","2026","1","30","18","41","臺中市","西屯區","0","0","0","7","","","50","","","","","","","","","","","","","","16","","","","","C03","","","1","","1","","","13","13","1","12","4","120.635352","24.169432","3"
"12561","66000","387130000C","(04)23274275","(04)23288582","2026","1","30","18","45","臺中市","大雅區","0","0","0","7","","","60","","","","","","","","","","","","","","","","","","","B03","","","1","","1","","","84","84","1","12","4","120.648944","24.217004","3"
"12562","66000","387130000C","(04)23274275","(04)23288582","2026","1","30","18","45","臺中市","西屯區","0","1","0","7","1","6","40","3","1","1","5","4","6","6","4","4","10","5","5","2","16","3","10","5","4","B03","7","5","1","8","2","2","","85","85","1","13","4","120.643781","24.155611","2"
"12563","66000","387130000C","(04)23274275","(04)23288582","2026","1","30","18","47","臺中市","南區","0","1","0","7","1","6","50","13","7","1","5","4","6","6","4","4","1","4","4","2","13","3","10","2","1","C03","7","9","1","10","2","11","","7","7","1","13","4","120.656045","24.129543","2"
"12564","66000","387130000C","(04)23274275","(04)23288582","2026","1","30","18","48","臺中市","北屯區","0","0","0","7","","","50","","","","","","","","","","","","","","17","","","","","C03","","","3","","9","","","23","23","1","12","4","120.700695","24.170146","3"
"12565","66000","387130000C","(04)23274275","(04)23288582","2026","1","30","18","48","臺中市","大里區","0","1","0","6","1","6","50","11","9","1","5","4","6","6","4","4","5","5","5","1","13","2","9","1","1","C03","7","9","2","19","2","11","","7","7","1","12","4","120.701027","24.110565","2"
"12566","66000","387130000C","(04)23274275","(04)23288582","2026","1","30","18","48","臺中市","梧棲區","0","0","0","7","","","60","","","","","","","","","","","","","","13","","","","","B03","","","1","","1","","","7","7","1","12","4","120.536306","24.249685","3"
"12567","66000","387130000C","(04)23274275","(04)23288582","2026","1","30","18","53","臺中市","潭子區","0","2","0","7","1","9","30","3","2","1","5","4","6","5","3","1","10","5","5","2","15","3","10","3","1","B01","7","15","1","8","2","1","","24","24","1","13","4","120.717144","24.194379","2"
"12568","66000","387130000C","(04)23274275","(04)23288582","2026","1","30","19","0","臺中市","西區","0","2","0","6","1","6","50","4","1","1","5","4","6","6","1","1","10","5","5","2","17","2","9","3","1","B03","7","6","1","8","2","4","","11","11","1","13","4","120.653828","24.149939","2"
"12569","66000","387130000C","(04)23274275","(04)23288582","2026","1","30","19","0","臺中市","西屯區","0","1","0","7","2","6","50","4","1","1","5","4","6","6","2","1","10","5","5","2","16","3","10","3","1","B03","7","5","1","8","2","2","","47","47","1","13","4","120.64278","24.158685","2"
"12570","66000","387130000C","(04)23274275","(04)23288582","2026","1","30","19","2","臺中市","大雅區","0","0","0","7","","","50","","","","","","","","","","","","","","17","","","","","B12","","","1","","9","","","84","84","1","12","4","120.648006","24.225322","3"
"12571","66000","387130000C","(04)23274275","(04)23288582","2026","1","30","19","2","臺中市","東區","0","2","0","7","1","6","50","13","9","1","5","4","6","6","4","4","9","5","4","2","13","2","9","1","1","C03","7","9","1","10","2","11","","85","85","1","12","4","120.699452","24.136766","2"
"12572","66000","387130000C","(04)23274275","(04)23288582","2026","1","30","19","2","臺中市","東區","0","0","0","7","","","50","","","","","","","","","","","","","","","","","","","B03","","","1","","1","","","7","7","1","12","4","120.689287","24.138778","3"
"12573","66000","387130000C","(04)23274275","(04)23288582","2026","1","30","19","3","臺中市","太平區","0","1","0","7","1","6","50","3","1","1","5","4","6","6","4","4","5","5","4","2","16","3","10","3","1","B03","7","6","1","8","2","8","","14","14","1","12","4","120.73346","24.154654","2"
"12574","66000","387130000C","(04)23274275","(04)23288582","2026","1","30","19","8","臺中市","西屯區","0","1","0","7","1","6","50","4","1","1","5","4","6","6","2","1","10","5","5","2","16","3","10","3","1","B03","7","6","1","8","2","1","","11","11","1","13","4","120.615468","24.189164","2"
"12575","66000","387130000C","(04)23274275","(04)23288582","2026","1","30","19","11","臺中市","南區","0","0","0","7","","","50","","","","","","","","","","","","","","","","","","","C03","","","1","","2","","","8","8","1","12","4","120.661808","24.11701","3"
"12576","66000","387130000C","(04)23274275","(04)23288582","2026","1","30","19","14","臺中市","西屯區","0","0","0","7","","3","80","","","","","","","","","","","","","","13","","","","","B03","","","1","","2","","","84","84","1","13","4","120.625371","24.156677","3"
"12577","66000","387130000C","(04)23274275","(04)23288582","2026","1","30","19","14","臺中市","烏日區","0","0","0","7","","","50","","","","","","","","","","","","","","","","","","","B03","","","1","","2","","","4","4","1","13","4","120.602917","24.108745","3"
"12578","66000","387130000C","(04)23274275","(04)23288582","2026","1","30","19","21","臺中市","東區","0","0","0","7","","","30","","","","","","","","","","","","","","17","","","","","B03","","","1","","2","","","59","59","1","12","4","120.694393","24.126471","3"