序號,縣市別代碼,機關代碼,市話,傳真,年,月,日,時,分,縣市,區,死亡數量,受傷數量,2-30,天候,道路照明設備,道路類別,道路速限,道路型態,事故位置,路面鋪裝,路面狀態,路面缺陷,障礙物,視距,號誌種類,號誌動作,分向設施,快車道或一般車道間,快慢車道間,路面邊線,事故類型及型態,受傷程度,主要傷處,保護裝備,行動電話或功能裝置,當事者區分(類別),車輛用途,當事者行動狀態,駕照狀態,駕照種類,飲酒情形,車輛撞擊部位最初,車輛撞擊部位其他,肇事因素個別,肇事因素主要,肇事逃逸,職業,共享經濟或外送平台,GPS座標X,GPS座標Y,事故類別
"12579","66000","387130000C","(04)23274275","(04)23288582","2026","1","30","19","22","臺中市","北區","0","0","0","7","","","30","","","","","","","","","","","","","","","","","","","B03","","","1","","1","","","49","49","1","12","4","120.681449","24.159581","3"
"12580","66000","387130000C","(04)23274275","(04)23288582","2026","1","30","19","23","臺中市","太平區","0","1","0","7","3","6","50","3","2","1","5","4","6","6","1","1","5","2","4","1","17","3","10","3","1","B03","7","11","1","8","2","8","","45","45","1","12","4","120.732599","24.116116","2"
"12581","66000","387130000C","(04)23274275","(04)23288582","2026","1","30","19","26","臺中市","西屯區","0","1","0","7","1","6","50","13","9","1","5","4","6","6","4","4","1","4","5","2","12","3","10","3","1","B02","7","7","1","8","2","6","","40","40","1","12","4","120.633295","24.179692","2"
"12582","66000","387130000C","(04)23274275","(04)23288582","2026","1","30","19","27","臺中市","烏日區","0","0","0","7","","","50","","","","","","","","","","","","","","","","","","","B03","","","1","","1","","","50","50","1","13","4","120.634088","24.107603","3"
"12583","66000","387130000C","(04)23274275","(04)23288582","2026","1","30","19","33","臺中市","南屯區","0","0","0","7","1","6","40","13","8","1","5","4","6","6","4","4","5","4","4","2","14","","","","","B12","","","1","","2","","","49","49","1","12","4","120.617552","24.15872","3"
"12584","66000","387130000C","(04)23274275","(04)23288582","2026","1","30","19","33","臺中市","北屯區","0","2","0","7","1","6","50","3","1","1","5","4","6","6","2","1","10","5","5","2","17","2","9","2","1","C03","7","6","1","10","2","12","","11","11","1","6","4","120.68241","24.188222","2"
"12585","66000","387130000C","(04)23274275","(04)23288582","2026","1","30","19","37","臺中市","南區","0","2","0","7","1","6","40","13","8","1","5","4","6","6","4","4","1","4","4","2","13","2","9","2","1","C03","7","9","1","10","2","11","","7","7","1","13","4","120.650902","24.112232","2"
"12586","66000","387130000C","(04)23274275","(04)23288582","2026","1","30","19","39","臺中市","大雅區","0","0","0","7","","","60","","","","","","","","","","","","","","","","","","","B03","","","1","","1","","","84","84","1","12","4","120.649994","24.213809","3"
"12587","66000","387130000C","(04)23274275","(04)23288582","2026","1","30","19","41","臺中市","大雅區","0","0","0","7","","","30","","","","","","","","","","","","","","","","","","","B03","","","1","","2","","","49","49","1","13","4","120.651481","24.22117","3"
"12588","66000","387130000C","(04)23274275","(04)23288582","2026","1","30","19","44","臺中市","龍井區","0","0","0","7","","","50","","","","","","","","","","","","","","13","","","","","B12","","","1","","1","","","78","78","1","6","4","120.592838","24.183017","3"
"12589","66000","387130000C","(04)23274275","(04)23288582","2026","1","30","19","45","臺中市","西屯區","0","1","0","7","1","6","0","4","19","1","5","4","6","6","2","1","10","5","5","2","3","2","8","6","5","H01","8","16","7","21","10","17","","96","96","1","13","5","120.616825","24.188629","2"
"12590","66000","387130000C","(04)23274275","(04)23288582","2026","1","30","19","45","臺中市","霧峰區","0","0","0","7","","","50","","","","","","","","","","","","","","10","","","","","B03","","","1","","2","","","84","84","1","12","4","120.696545","24.060899","3"
"12591","66000","387130000C","(04)23274275","(04)23288582","2026","1","30","19","47","臺中市","神岡區","0","0","0","7","","","0","","","","","","","","","","","","","","13","","","","","B03","","","1","","1","","","78","78","1","12","4","120.66853","24.257177","3"
"12592","66000","387130000C","(04)23274275","(04)23288582","2026","1","30","19","57","臺中市","南屯區","0","0","0","7","","","50","","","","","","","","","","","","","","13","","","","","B03","","","1","","1","","","59","59","1","6","4","120.646654","24.150884","3"
"12593","66000","387130000C","(04)23274275","(04)23288582","2026","1","30","20","4","臺中市","太平區","0","2","0","7","3","6","50","4","1","1","5","4","6","6","4","4","10","5","5","1","15","2","9","1","1","C03","7","9","1","10","2","11","","15","15","1","13","4","120.720233","24.115783","2"
"12594","66000","387130000C","(04)23274275","(04)23288582","2026","1","30","20","5","臺中市","北屯區","0","0","0","7","","","50","","","","","","","","","","","","","","17","","","","","B03","","","1","","1","","","39","39","1","6","4","120.686447","24.168608","3"
"12595","66000","387130000C","(04)23274275","(04)23288582","2026","1","30","20","12","臺中市","南屯區","0","0","0","7","","","0","","","","","","","","","","","","","","17","","","","","C03","","","1","","2","","","39","39","1","12","4","120.61146","24.138516","3"
"12596","66000","387130000C","(04)23274275","(04)23288582","2026","1","30","20","12","臺中市","西屯區","0","0","0","7","","","30","","","","","","","","","","","","","","17","","","","","B03","","","1","","1","","","8","8","1","13","4","120.636437","24.167005","4"
"12597","66000","387130000C","(04)23274275","(04)23288582","2026","1","30","20","18","臺中市","北區","0","0","0","7","","","50","","","","","","","","","","","","","","17","","","","","B03","","","1","","2","","","51","51","1","12","4","120.682931","24.14553","3"
"12598","66000","387130000C","(04)23274275","(04)23288582","2026","1","30","20","22","臺中市","北屯區","0","1","0","7","1","6","50","4","2","1","5","4","6","6","1","1","3","4","5","2","15","3","10","3","1","B03","7","9","1","8","2","1","","21","21","1","13","4","120.694137","24.164919","2"
"12599","66000","387130000C","(04)23274275","(04)23288582","2026","1","30","20","23","臺中市","西屯區","0","0","0","7","","","40","","","","","","","","","","","","","","2","","","","","C03","","","1","","1","","","8","8","1","13","4","120.645958","24.164423","3"
"12600","66000","387130000C","(04)23274275","(04)23288582","2026","1","30","20","27","臺中市","北區","0","2","0","7","1","6","50","5","1","1","5","4","6","6","1","1","10","5","5","2","12","2","9","1","1","C03","7","7","1","10","2","12","","84","84","1","12","4","120.673889","24.17383","2"
"12601","66000","387130000C","(04)23274275","(04)23288582","2026","1","30","20","31","臺中市","東區","0","1","0","7","1","6","50","3","1","1","5","4","6","6","1","1","10","5","5","2","17","3","10","1","1","C03","7","1","1","10","2","14","","51","51","1","12","4","120.689468","24.146903","2"
"12602","66000","387130000C","(04)23274275","(04)23288582","2026","1","30","20","37","臺中市","太平區","0","0","0","7","","","50","","","","","","","","","","","","","","13","","","","","B03","","","1","","1","","","7","7","1","12","4","120.713442","24.141296","3"
"12603","66000","387130000C","(04)23274275","(04)23288582","2026","1","30","20","39","臺中市","梧棲區","0","1","0","6","1","3","90","13","9","1","5","4","3","6","4","4","1","4","5","1","17","2","9","3","1","B03","7","9","1","8","2","5","","59","59","1","12","4","120.535045","24.247057","2"
"12604","66000","387130000C","(04)23274275","(04)23288582","2026","1","30","20","45","臺中市","大里區","0","2","0","6","1","6","50","5","1","1","5","4","6","6","1","1","10","5","5","2","16","3","10","1","1","C03","7","6","1","10","2","11","","11","11","1","12","4","120.686781","24.095418","2"
"12605","66000","387130000C","(04)23274275","(04)23288582","2026","1","30","20","53","臺中市","清水區","0","0","0","7","2","6","50","3","1","1","5","4","6","6","4","1","8","4","4","2","13","","","","","B03","","","1","","9","","","7","7","1","12","4","120.572651","24.262344","3"
"12606","66000","387130000C","(04)23274275","(04)23288582","2026","1","30","20","55","臺中市","西屯區","0","0","0","7","","","60","","","","","","","","","","","","","","13","","","","","B03","","","1","","1","","","7","7","1","12","4","120.625318","24.178202","3"
"12607","66000","387130000C","(04)23274275","(04)23288582","2026","1","30","20","59","臺中市","太平區","0","0","0","7","","","0","","","","","","","","","","","","","","","","","","","B03","","","1","","1","","","51","51","1","12","4","120.71603","24.149285","3"
"12608","66000","387130000C","(04)23274275","(04)23288582","2026","1","30","21","6","臺中市","北屯區","0","0","0","7","","","","","","","","","","","","","","","","","","","","","","","","","","","","","","119","119","1","","","120.680771","24.172981","3"
"12609","66000","387130000C","(04)23274275","(04)23288582","2026","1","30","21","10","臺中市","西屯區","0","1","0","7","1","6","50","4","1","1","5","4","6","6","2","1","10","5","5","2","15","2","9","2","1","C03","7","9","1","10","2","11","","21","21","1","12","4","120.656061","24.193914","2"
"12610","66000","387130000C","(04)23274275","(04)23288582","2026","1","30","21","11","臺中市","南區","0","0","0","7","","","50","","","","","","","","","","","","","","","","","","","B03","","","1","","1","","","40","40","1","8","4","120.663696","24.125271","3"
"12611","66000","387130000C","(04)23274275","(04)23288582","2026","1","30","21","12","臺中市","霧峰區","0","1","0","7","1","6","50","4","1","1","5","4","6","6","1","1","10","5","5","2","15","2","7","2","1","C03","7","1","1","10","2","11","","51","51","1","6","4","120.696789","24.029427","2"
"12612","66000","387130000C","(04)23274275","(04)23288582","2026","1","30","21","14","臺中市","南屯區","0","1","0","7","1","6","50","3","1","5","5","4","6","6","4","4","10","5","5","2","17","2","8","1","1","C03","7","9","3","19","2","12","","84","84","1","13","4","120.615853","24.151246","2"
"12613","66000","387130000C","(04)23274275","(04)23288582","2026","1","30","21","16","臺中市","北屯區","0","0","0","7","","","50","","","","","","","","","","","","","","13","","","","","B03","","","1","","1","","","7","7","1","6","4","120.668819","24.192767","3"
"12614","66000","387130000C","(04)23274275","(04)23288582","2026","1","30","21","27","臺中市","梧棲區","0","0","0","7","","","50","","","","","","","","","","","","","","13","","","","","B03","","","1","","1","","","7","7","1","6","4","120.532384","24.258567","3"
"12615","66000","387130000C","(04)23274275","(04)23288582","2026","1","30","21","29","臺中市","西區","0","1","0","7","1","6","50","13","9","1","5","4","6","6","4","4","5","5","5","2","17","2","9","5","4","C03","7","9","1","10","2","12","","84","84","1","13","4","120.664257","24.147879","2"
"12616","66000","387130000C","(04)23274275","(04)23288582","2026","1","30","21","29","臺中市","南區","0","3","0","7","1","6","50","13","9","1","5","4","6","6","4","4","9","4","5","2","12","2","8","1","1","C03","7","9","1","10","2","11","14","7","7","1","12","4","120.659609","24.125689","2"
"12617","66000","387130000C","(04)23274275","(04)23288582","2026","1","30","21","30","臺中市","沙鹿區","0","1","0","7","1","6","40","5","1","1","5","4","6","6","2","1","10","5","5","2","16","3","10","3","4","B03","7","5","1","8","2","2","","20","20","1","6","4","120.569841","24.237105","2"
"12618","66000","387130000C","(04)23274275","(04)23288582","2026","1","30","21","32","臺中市","大里區","0","2","0","7","3","6","50","13","9","1","5","4","6","6","1","1","5","4","5","1","13","2","9","5","4","C03","7","9","1","10","2","11","","84","84","1","13","4","120.689116","24.104835","2"
"12619","66000","387130000C","(04)23274275","(04)23288582","2026","1","30","21","33","臺中市","北區","0","2","0","7","1","6","50","13","7","1","4","4","6","6","4","4","8","3","4","2","17","2","9","2","1","C03","7","1","1","10","2","11","","51","51","1","13","4","120.679066","24.159007","2"
"12620","66000","387130000C","(04)23274275","(04)23288582","2026","1","30","21","42","臺中市","大甲區","0","0","0","7","","","50","","","","","","","","","","","","","","14","","","","","B03","","","1","","2","","","49","49","1","6","4","120.65231","24.383412","3"
"12621","66000","387130000C","(04)23274275","(04)23288582","2026","1","30","21","43","臺中市","北區","0","0","0","7","","","50","","","","","","","","","","","","","","","","","","","C03","","","1","","1","","","7","7","1","12","4","120.682866","24.168449","3"
"12622","66000","387130000C","(04)23274275","(04)23288582","2026","1","30","21","44","臺中市","西屯區","0","1","0","7","1","6","50","4","1","1","5","4","6","6","2","1","10","5","5","2","16","3","10","3","1","B02","7","5","1","8","2","5","","47","47","1","13","4","120.639083","24.164986","2"
"12623","66000","387130000C","(04)23274275","(04)23288582","2026","1","30","21","45","臺中市","大里區","0","0","0","7","","","50","","","","","","","","","","","","","","12","","","","","B03","","","1","","2","","","8","8","1","12","4","120.698572","24.084942","4"
"12624","66000","387130000C","(04)23274275","(04)23288582","2026","1","30","21","46","臺中市","梧棲區","0","0","0","7","","","50","","","","","","","","","","","","","","13","","","","","B03","","","1","","1","","","7","7","1","6","4","120.55056","24.253075","3"
"12625","66000","387130000C","(04)23274275","(04)23288582","2026","1","30","21","52","臺中市","西屯區","0","1","0","7","1","6","40","3","1","1","5","4","6","6","3","1","4","3","4","2","17","3","10","3","1","B03","7","21","5","8","2","8","","85","85","1","13","4","120.656748","24.161498","2"
"12626","66000","387130000C","(04)23274275","(04)23288582","2026","1","30","21","57","臺中市","北屯區","0","0","0","7","","","50","","","","","","","","","","","","","","15","","","","","C03","","","1","","2","","","13","13","1","6","4","120.678224","24.195973","3"
"12627","66000","387130000C","(04)23274275","(04)23288582","2026","1","30","21","57","臺中市","沙鹿區","0","1","0","7","2","6","40","13","7","1","5","4","3","6","4","4","1","4","4","2","17","2","8","1","1","C03","7","1","1","10","2","14","","51","51","1","12","4","120.560322","24.240584","2"
"12628","66000","387130000C","(04)23274275","(04)23288582","2026","1","30","22","7","臺中市","南屯區","0","0","0","7","1","6","50","13","9","1","5","4","6","6","4","4","5","5","5","1","14","","","","","B03","","","1","","1","","","49","49","2","12","4","120.652953","24.150884","3"
"12629","66000","387130000C","(04)23274275","(04)23288582","2026","1","30","22","19","臺中市","霧峰區","0","2","0","7","1","6","50","3","1","1","5","4","6","6","1","1","10","5","5","2","17","3","10","3","1","B03","7","6","1","8","2","2","","11","11","1","12","4","120.699234","24.068536","2"
"12630","66000","387130000C","(04)23274275","(04)23288582","2026","1","30","22","51","臺中市","西區","0","1","0","7","1","6","50","4","1","1","5","4","6","6","2","1","10","5","5","2","16","3","10","3","1","B03","7","11","1","8","2","4","","45","45","1","13","4","120.654967","24.146694","2"
"12631","66000","387130000C","(04)23274275","(04)23288582","2026","1","30","22","58","臺中市","南屯區","0","1","0","7","1","6","50","4","1","1","5","4","6","6","1","1","10","5","5","2","16","3","10","2","1","C03","7","6","1","10","2","16","","48","48","1","13","4","120.652954","24.134859","2"
"12632","66000","387130000C","(04)23274275","(04)23288582","2026","1","30","23","3","臺中市","神岡區","0","1","0","7","1","6","50","13","9","1","5","4","6","6","4","4","5","5","5","1","17","2","9","6","1","F01","7","15","7","21","8","14","14","53","53","1","12","4","120.659074","24.275358","2"
"12633","66000","387130000C","(04)23274275","(04)23288582","2026","1","30","23","11","臺中市","北區","0","1","0","7","3","6","50","4","2","1","5","4","6","6","4","4","5","4","5","2","17","2","9","5","4","C03","7","9","3","19","2","14","","84","84","1","13","4","120.688888","24.161653","2"
"12634","66000","387130000C","(04)23274275","(04)23288582","2026","1","30","23","46","臺中市","沙鹿區","0","0","0","7","","","60","","","","","","","","","","","","","","16","","","","","B03","","","1","","2","","","38","38","1","6","4","120.57961","24.221613","3"
"12635","66000","387130000C","(04)23274275","(04)23288582","2026","1","31","0","50","臺中市","西屯區","0","0","0","7","","","30","","","","","","","","","","","","","","14","","","","","B01","","","1","","1","","","49","49","1","13","4","120.635891","24.16489","3"
"12636","66000","387130000C","(04)23274275","(04)23288582","2026","1","31","1","28","臺中市","東區","0","1","0","7","1","6","50","3","1","1","5","4","6","6","4","4","10","5","5","2","18","2","9","5","4","C03","7","9","1","10","2","14","","6","6","1","13","4","120.699792","24.125292","2"
"12637","66000","387130000C","(04)23274275","(04)23288582","2026","1","31","1","28","臺中市","清水區","0","0","0","7","1","6","50","11","8","1","5","4","5","6","4","4","9","4","5","2","12","","","","","B03","","","1","","1","","","84","84","1","12","4","120.552517","24.309378","3"
"12638","66000","387130000C","(04)23274275","(04)23288582","2026","1","31","1","29","臺中市","南屯區","0","0","0","7","1","6","50","4","7","1","5","4","6","6","2","1","3","2","4","2","12","","","","","B03","","","1","","2","","","84","84","1","12","4","120.643793","24.15107","3"
"12639","66000","387130000C","(04)23274275","(04)23288582","2026","1","31","1","53","臺中市","太平區","0","1","0","6","1","6","40","11","9","1","5","4","6","6","4","4","5","5","5","1","27","2","9","3","1","B03","7","9","1","8","2","1","","84","84","1","12","4","120.774731","24.105328","2"
"12640","66000","387130000C","(04)23274275","(04)23288582","2026","1","31","2","54","臺中市","北屯區","0","0","0","6","","","50","","","","","","","","","","","","","","13","","","","","A11","","","1","","1","","","55","55","1","6","4","120.665415","24.201318","3"
"12641","66000","387130000C","(04)23274275","(04)23288582","2026","1","31","3","24","臺中市","梧棲區","0","0","0","7","","","50","","","","","","","","","","","","","","13","","","","","B03","","","1","","2","","","7","7","1","6","4","120.546774","24.246063","3"
"12642","66000","387130000C","(04)23274275","(04)23288582","2026","1","31","5","2","臺中市","南屯區","0","1","0","7","1","6","50","4","1","1","5","4","6","6","4","4","10","5","5","2","15","3","10","3","1","B03","7","9","3","19","2","5","","15","15","1","13","4","120.612791","24.148444","2"
"12643","66000","387130000C","(04)23274275","(04)23288582","2026","1","31","5","27","臺中市","沙鹿區","0","1","0","7","1","6","50","13","9","1","5","4","6","6","4","4","7","4","5","2","17","2","9","1","1","C03","7","15","1","10","2","14","","39","39","1","12","4","120.570138","24.244433","2"
"12644","66000","387130000C","(04)23274275","(04)23288582","2026","1","31","6","15","臺中市","北屯區","0","0","0","7","","","50","","","","","","","","","","","","","","23","","","","","B03","","","1","","2","","","84","84","1","12","4","120.784037","24.20453","3"
"12645","66000","387130000C","(04)23274275","(04)23288582","2026","1","31","6","16","臺中市","南區","0","0","0","7","","","50","","","","","","","","","","","","","","17","","","","","B01","","","1","","1","","","84","84","2","13","4","120.664824","24.128093","3"
"12646","66000","387130000C","(04)23274275","(04)23288582","2026","1","31","6","17","臺中市","龍井區","0","0","0","7","","","50","","","","","","","","","","","","","","","","","","","B03","","","1","","2","","","84","84","1","6","4","120.546226","24.195735","3"
"12647","66000","387130000C","(04)23274275","(04)23288582","2026","1","31","6","47","臺中市","梧棲區","0","0","0","7","","","70","","","","","","","","","","","","","","23","","","","","A31","","","1","","2","","","59","59","1","6","4","120.514113","24.229274","3"
"12648","66000","387130000C","(04)23274275","(04)23288582","2026","1","31","6","56","臺中市","豐原區","0","0","0","7","","","50","","","","","","","","","","","","","","17","","","","","C03","","","5","","2","","","59","59","1","12","4","120.723466","24.247129","3"
"12649","66000","387130000C","(04)23274275","(04)23288582","2026","1","31","7","6","臺中市","東勢區","0","0","0","7","","","50","","","","","","","","","","","","","","15","","","","","C03","","","1","","1","","","12","12","1","12","4","120.829573","24.251686","3"
"12650","66000","387130000C","(04)23274275","(04)23288582","2026","1","31","7","17","臺中市","大雅區","0","1","0","7","2","6","50","4","1","1","5","4","6","6","4","4","5","5","5","1","15","3","10","3","1","B03","7","9","1","8","2","1","","6","6","1","12","4","120.647214","24.225695","2"
"12651","66000","387130000C","(04)23274275","(04)23288582","2026","1","31","7","18","臺中市","東區","0","1","0","7","2","6","30","4","1","1","5","4","6","6","4","4","10","5","5","2","16","3","10","3","1","B03","7","6","1","8","2","8","","14","14","1","13","4","120.689561","24.144308","2"
"12652","66000","387130000C","(04)23274275","(04)23288582","2026","1","31","7","29","臺中市","東勢區","0","1","0","7","2","6","50","13","9","1","5","4","6","6","4","4","8","5","5","1","17","3","10","1","1","C03","7","11","1","10","2","14","","45","45","1","12","4","120.828073","24.25798","2"
"12653","66000","387130000C","(04)23274275","(04)23288582","2026","1","31","7","51","臺中市","西屯區","0","1","0","7","2","6","50","13","7","1","5","4","6","6","4","4","5","5","4","2","17","","","","","","","5","","","","","","86","86","2","","","120.590222","24.175181","2"
"12654","66000","387130000C","(04)23274275","(04)23288582","2026","1","31","7","51","臺中市","烏日區","0","1","0","7","2","6","50","11","9","1","5","4","6","6","4","4","10","5","5","1","10","3","10","3","1","B03","7","9","1","8","2","1","","84","84","1","6","4","120.586049","24.134059","2"
"12655","66000","387130000C","(04)23274275","(04)23288582","2026","1","31","7","53","臺中市","烏日區","0","0","0","7","2","6","50","3","1","1","5","4","6","6","4","4","10","5","5","2","14","3","10","3","1","B03","7","2","1","8","2","2","","49","49","1","6","4","120.640608","24.112421","3"
"12656","66000","387130000C","(04)23274275","(04)23288582","2026","1","31","7","55","臺中市","西區","0","1","0","7","2","6","30","4","1","1","5","4","6","6","4","4","10","5","5","2","15","2","9","2","1","C03","7","9","1","10","2","11","","15","15","1","12","4","120.657053","24.15511","2"
"12657","66000","387130000C","(04)23274275","(04)23288582","2026","1","31","7","57","臺中市","北屯區","0","0","0","7","","","50","","","","","","","","","","","","","","13","","","","","B03","","","1","","2","","","59","59","1","6","4","120.723091","24.162035","3"
"12658","66000","387130000C","(04)23274275","(04)23288582","2026","1","31","8","0","臺中市","南屯區","0","0","0","7","","","50","","","","","","","","","","","","","","13","","","","","B03","","","3","","9","","","7","7","2","12","4","120.6386","24.139522","3"
"12659","66000","387130000C","(04)23274275","(04)23288582","2026","1","31","8","0","臺中市","沙鹿區","0","1","0","7","2","6","50","3","2","1","5","4","6","6","4","4","9","4","5","2","17","2","9","2","1","C03","7","1","1","10","2","11","","51","51","1","6","4","120.559188","24.237489","2"
"12660","66000","387130000C","(04)23274275","(04)23288582","2026","1","31","8","7","臺中市","大里區","0","0","0","7","","3","80","","","","","","","","","","","","","","","","","","","B03","","","1","","2","","","40","40","1","12","4","120.691155","24.09921","3"
"12661","66000","387130000C","(04)23274275","(04)23288582","2026","1","31","8","13","臺中市","霧峰區","0","0","0","7","","","50","","","","","","","","","","","","","","17","","","","","B03","","","1","8","2","","","84","84","1","13","4","120.699539","24.059493","3"
"12662","66000","387130000C","(04)23274275","(04)23288582","2026","1","31","8","14","臺中市","大里區","0","1","0","7","3","6","50","13","9","1","5","4","6","6","4","4","1","4","5","1","12","2","9","1","1","C03","7","8","1","10","2","14","","40","40","1","13","4","120.70124","24.122173","2"
"12663","66000","387130000C","(04)23274275","(04)23288582","2026","1","31","8","20","臺中市","北區","0","1","0","7","2","6","50","5","1","1","5","4","6","6","1","1","3","4","5","2","17","2","9","5","1","C03","7","5","1","10","2","14","","39","39","1","13","4","120.685979","24.154754","2"
"12664","66000","387130000C","(04)23274275","(04)23288582","2026","1","31","8","25","臺中市","梧棲區","0","0","0","7","","","50","","","","","","","","","","","","","","13","","","","","B03","","","5","","1","","","7","7","1","12","4","120.556503","24.250614","3"
"12665","66000","387130000C","(04)23274275","(04)23288582","2026","1","31","8","30","臺中市","北屯區","0","1","0","7","3","6","50","3","2","1","5","4","6","6","1","1","5","5","5","2","30","2","8","2","1","C03","7","14","1","10","9","12","","84","84","1","6","4","120.69042","24.179206","2"
"12666","66000","387130000C","(04)23274275","(04)23288582","2026","1","31","8","30","臺中市","大甲區","0","3","0","6","2","6","70","4","1","1","5","4","6","6","3","1","3","4","4","1","16","2","9","2","1","C03","7","9","1","10","2","14","","24","24","1","6","4","120.651831","24.384556","2"
"12667","66000","387130000C","(04)23274275","(04)23288582","2026","1","31","8","39","臺中市","霧峰區","0","0","0","7","","","30","","","","","","","","","","","","","","","","","","","F03","","","7","","2","","","14","14","1","6","4","120.665892","24.070724","3"
"12668","66000","387130000C","(04)23274275","(04)23288582","2026","1","31","8","40","臺中市","梧棲區","0","0","0","7","","","30","","","","","","","","","","","","","","13","","","","","B03","","","1","","1","","","14","14","1","12","4","120.537923","24.258226","3"
"12669","66000","387130000C","(04)23274275","(04)23288582","2026","1","31","8","41","臺中市","西屯區","0","2","0","7","2","6","50","13","9","1","5","4","6","6","1","1","1","4","5","1","13","2","9","2","1","C03","7","9","1","10","2","11","","59","59","1","12","4","120.646897","24.15573","2"
"12670","66000","387130000C","(04)23274275","(04)23288582","2026","1","31","8","42","臺中市","西屯區","0","1","0","6","2","6","50","13","9","1","5","4","6","6","4","4","1","4","5","2","17","2","7","1","4","C03","7","9","3","19","2","12","14","56","56","1","12","4","120.599146","24.206927","2"
"12671","66000","387130000C","(04)23274275","(04)23288582","2026","1","31","8","48","臺中市","大雅區","0","1","0","7","2","6","50","13","9","1","5","4","6","6","4","4","5","4","5","1","17","3","10","3","1","B03","7","5","1","8","2","2","","20","20","1","12","4","120.641203","24.219188","2"
"12672","66000","387130000C","(04)23274275","(04)23288582","2026","1","31","8","48","臺中市","太平區","0","0","0","7","","","50","","","","","","","","","","","","","","","","","","","B12","","","1","","2","","","59","59","1","12","4","120.724161","24.111255","3"
"12673","66000","387130000C","(04)23274275","(04)23288582","2026","1","31","8","50","臺中市","西區","0","1","0","7","2","6","40","13","12","1","5","4","6","6","4","4","9","4","4","2","13","2","9","1","1","C03","7","12","1","10","2","11","","7","7","1","12","4","120.660606","24.132963","2"
"12674","66000","387130000C","(04)23274275","(04)23288582","2026","1","31","8","50","臺中市","豐原區","0","1","0","6","2","6","50","4","1","1","5","4","6","6","1","1","5","5","5","1","17","2","9","1","1","C03","7","6","1","10","2","14","","48","48","1","12","4","120.699271","24.24908","2"
"12675","66000","387130000C","(04)23274275","(04)23288582","2026","1","31","8","51","臺中市","北屯區","0","0","0","7","","","50","","","","","","","","","","","","","","","","","","","B13","","","1","","1","","","58","58","1","6","4","120.721638","24.182821","3"
"12676","66000","387130000C","(04)23274275","(04)23288582","2026","1","31","8","55","臺中市","清水區","0","1","0","7","3","6","50","3","1","1","5","4","6","6","4","4","9","4","5","1","17","3","10","3","1","B03","7","1","1","8","2","8","","51","51","1","12","4","120.565946","24.268591","2"
"12677","66000","387130000C","(04)23274275","(04)23288582","2026","1","31","8","56","臺中市","北屯區","0","0","0","7","","","50","","","","","","","","","","","","","","13","","","","","C03","","","1","","2","","","84","84","1","12","4","120.666001","24.181675","4"
"12678","66000","387130000C","(04)23274275","(04)23288582","2026","1","31","8","58","臺中市","西區","0","1","0","7","3","6","50","4","1","1","5","4","6","6","4","4","10","5","5","2","15","3","10","3","1","B03","7","9","1","15","2","1","","84","84","1","13","4","120.66977","24.149024","2"
"12679","66000","387130000C","(04)23274275","(04)23288582","2026","1","31","9","0","臺中市","東區","0","0","0","7","","","50","","","","","","","","","","","","","","17","","","","","B03","","","1","","10","","","85","85","1","12","4","120.690376","24.128376","3"
"12680","66000","387130000C","(04)23274275","(04)23288582","2026","1","31","9","0","臺中市","神岡區","0","0","0","7","","","50","","","","","","","","","","","","","","12","","","","","B02","","","1","","2","","","8","8","1","13","4","120.661775","24.257754","3"
"12681","66000","387130000C","(04)23274275","(04)23288582","2026","1","31","9","1","臺中市","外埔區","0","1","0","6","2","6","50","3","1","1","5","4","6","6","1","1","5","5","4","1","17","2","8","4","1","C03","7","9","1","10","2","11","12","4","4","1","6","4","120.637163","24.342638","2"
"12682","66000","387130000C","(04)23274275","(04)23288582","2026","1","31","9","5","臺中市","西區","0","0","0","7","","","50","","","","","","","","","","","","","","16","","","","","B03","","","1","","2","","","84","84","1","12","4","120.657353","24.146702","3"
"12683","66000","387130000C","(04)23274275","(04)23288582","2026","1","31","9","7","臺中市","東區","0","0","0","7","","","50","","","","","","","","","","","","","","13","","","","","C03","","","1","","1","","","7","7","1","12","4","120.686405","24.14023","3"
"12684","66000","387130000C","(04)23274275","(04)23288582","2026","1","31","9","7","臺中市","北屯區","0","0","0","7","","3","40","","","","","","","","","","","","","","13","","","","","B03","","","1","","1","","","59","59","1","13","4","120.722247","24.187744","3"
"12685","66000","387130000C","(04)23274275","(04)23288582","2026","1","31","9","16","臺中市","北區","0","5","0","7","2","6","50","5","9","1","5","4","6","6","1","1","10","5","5","2","16","2","9","5","4","B03","7","6","1","8","2","5","","11","11","1","13","4","120.682434","24.146292","2"
"12686","66000","387130000C","(04)23274275","(04)23288582","2026","1","31","9","16","臺中市","太平區","0","2","0","7","3","6","40","13","7","1","5","4","6","6","4","4","9","4","4","1","12","2","9","1","1","C03","7","9","1","10","2","14","","42","42","1","13","4","120.725309","24.149743","2"
"12687","66000","387130000C","(04)23274275","(04)23288582","2026","1","31","9","22","臺中市","南區","0","0","0","7","","","50","","","","","","","","","","","","","","","","","","","B03","","","1","","1","","","84","84","1","12","4","120.670076","24.114792","4"
"12688","66000","387130000C","(04)23274275","(04)23288582","2026","1","31","9","27","臺中市","沙鹿區","0","1","0","7","2","6","30","4","1","1","5","4","6","6","3","1","10","5","5","2","15","3","10","3","1","B03","7","9","1","8","2","2","","12","12","1","6","4","120.547837","24.217143","2"