序號,縣市別代碼,機關代碼,市話,傳真,年,月,日,時,分,縣市,區,死亡數量,受傷數量,2-30,天候,道路照明設備,道路類別,道路速限,道路型態,事故位置,路面鋪裝,路面狀態,路面缺陷,障礙物,視距,號誌種類,號誌動作,分向設施,快車道或一般車道間,快慢車道間,路面邊線,事故類型及型態,受傷程度,主要傷處,保護裝備,行動電話或功能裝置,當事者區分(類別),車輛用途,當事者行動狀態,駕照狀態,駕照種類,飲酒情形,車輛撞擊部位最初,車輛撞擊部位其他,肇事因素個別,肇事因素主要,肇事逃逸,職業,共享經濟或外送平台,GPS座標X,GPS座標Y,事故類別
"12689","66000","387130000C","(04)23274275","(04)23288582","2026","1","31","9","30","臺中市","大甲區","0","0","0","7","","","60","","","","","","","","","","","","","","2","","","","","B03","","","1","","2","","","47","47","1","13","4","120.617488","24.341959","4"
"12690","66000","387130000C","(04)23274275","(04)23288582","2026","1","31","9","34","臺中市","太平區","0","1","0","7","3","6","50","5","1","1","5","4","6","6","1","1","10","5","5","2","16","3","10","1","1","C03","7","6","1","10","2","11","","48","48","1","12","4","120.724077","24.137229","2"
"12691","66000","387130000C","(04)23274275","(04)23288582","2026","1","31","9","35","臺中市","西屯區","0","2","0","7","2","6","50","13","9","1","5","4","6","6","4","4","5","5","5","2","13","2","9","1","1","C03","7","9","1","10","2","11","","7","7","1","12","4","120.643764","24.176122","2"
"12692","66000","387130000C","(04)23274275","(04)23288582","2026","1","31","9","36","臺中市","東區","0","1","0","7","2","6","50","3","1","1","5","4","6","6","2","1","1","4","5","2","12","3","10","5","4","B03","7","5","1","8","2","2","","11","11","1","13","4","120.710924","24.142788","2"
"12693","66000","387130000C","(04)23274275","(04)23288582","2026","1","31","9","36","臺中市","北屯區","0","2","0","7","2","6","40","11","9","1","5","4","6","6","4","4","5","5","5","1","17","2","9","6","1","F01","7","9","7","21","2","12","","84","84","1","3","4","120.761795","24.176829","2"
"12694","66000","387130000C","(04)23274275","(04)23288582","2026","1","31","9","38","臺中市","潭子區","0","2","0","7","2","6","30","4","1","1","5","4","6","6","4","4","10","5","5","2","16","2","9","1","1","C03","7","6","1","10","2","11","","14","14","1","13","4","120.707952","24.201805","2"
"12695","66000","387130000C","(04)23274275","(04)23288582","2026","1","31","9","40","臺中市","清水區","0","1","0","7","3","6","50","13","14","1","5","4","6","6","4","4","1","5","5","1","17","3","10","3","1","B03","7","13","1","8","2","2","","76","76","1","12","4","120.557794","24.269362","2"
"12696","66000","387130000C","(04)23274275","(04)23288582","2026","1","31","9","42","臺中市","東區","0","0","0","7","","","50","","","","","","","","","","","","","","12","","","","","B03","","","3","19","2","","","84","84","1","6","4","120.70772","24.144817","3"
"12697","66000","387130000C","(04)23274275","(04)23288582","2026","1","31","9","43","臺中市","大里區","0","1","0","7","2","6","30","4","1","1","5","4","6","6","1","3","10","5","5","2","15","3","10","3","1","B03","7","9","1","8","2","5","","15","15","1","6","4","120.702298","24.097488","2"
"12698","66000","387130000C","(04)23274275","(04)23288582","2026","1","31","9","45","臺中市","西屯區","0","0","0","7","","","50","","","","","","","","","","","","","","17","","","","","B03","","","1","","2","","","59","59","1","13","4","120.636154","24.177616","3"
"12699","66000","387130000C","(04)23274275","(04)23288582","2026","1","31","9","45","臺中市","清水區","0","1","0","7","3","6","50","4","1","1","5","4","6","6","4","4","9","4","5","2","16","3","10","2","1","C03","7","6","1","10","2","14","","11","11","1","12","4","120.544955","24.263269","2"
"12700","66000","387130000C","(04)23274275","(04)23288582","2026","1","31","9","47","臺中市","北屯區","0","3","0","7","2","6","50","13","9","1","5","4","6","6","4","4","9","4","5","2","17","2","9","1","1","C04","7","11","1","8","2","14","","46","46","1","6","4","120.661926","24.195778","2"
"12701","66000","387130000C","(04)23274275","(04)23288582","2026","1","31","9","50","臺中市","北區","0","0","0","7","3","6","50","18","24","1","5","4","6","6","4","4","3","4","5","2","17","","","","","B03","","","1","","2","","","84","84","1","13","4","120.685089","24.159391","3"
"12702","66000","387130000C","(04)23274275","(04)23288582","2026","1","31","9","50","臺中市","北區","0","0","0","7","","","50","","","","","","","","","","","","","","16","","","","","C03","","","1","","1","","","47","47","1","13","4","120.68564","24.15421","3"
"12703","66000","387130000C","(04)23274275","(04)23288582","2026","1","31","9","50","臺中市","豐原區","0","0","0","7","","","50","","","","","","","","","","","","","","14","","","","","B03","","","1","","2","","","49","49","1","12","4","120.737689","24.264137","4"
"12704","66000","387130000C","(04)23274275","(04)23288582","2026","1","31","9","53","臺中市","北區","0","3","0","7","2","6","50","3","1","1","5","4","6","6","4","4","5","5","5","2","17","2","9","5","1","C03","7","6","1","10","2","14","","20","20","1","13","4","120.686653","24.153158","2"
"12705","66000","387130000C","(04)23274275","(04)23288582","2026","1","31","9","53","臺中市","南區","0","2","0","7","2","6","50","3","1","1","5","4","6","6","4","4","9","5","4","2","18","2","9","2","1","C03","7","9","1","10","2","12","","84","84","1","13","4","120.657589","24.108383","2"
"12706","66000","387130000C","(04)23274275","(04)23288582","2026","1","31","9","54","臺中市","北屯區","0","0","0","7","","","50","","","","","","","","","","","","","","","","","","","B03","","","1","","1","","","7","7","1","6","4","120.679674","24.188408","3"
"12707","66000","387130000C","(04)23274275","(04)23288582","2026","1","31","9","55","臺中市","西區","0","0","0","7","","","50","","","","","","","","","","","","","","14","","","","","B02","","","1","","1","","","84","84","1","12","4","120.659369","24.156586","3"
"12708","66000","387130000C","(04)23274275","(04)23288582","2026","1","31","9","59","臺中市","外埔區","0","0","0","7","2","6","30","13","9","1","5","4","6","6","4","4","10","5","5","1","16","3","10","1","1","C03","7","6","1","10","2","14","","46","46","1","12","4","120.640237","24.340272","3"
"12709","66000","387130000C","(04)23274275","(04)23288582","2026","1","31","10","0","臺中市","南區","0","0","0","7","","","50","","","","","","","","","","","","","","","","","","","C03","","","1","","11","","","84","84","1","12","4","120.664582","24.122485","4"
"12710","66000","387130000C","(04)23274275","(04)23288582","2026","1","31","10","2","臺中市","大里區","0","1","0","7","3","6","50","4","1","1","5","4","6","6","1","1","10","5","5","2","13","3","10","2","1","C03","7","1","1","10","2","11","","84","84","1","13","4","120.692192","24.115735","2"
"12711","66000","387130000C","(04)23274275","(04)23288582","2026","1","31","10","3","臺中市","大安區","0","0","0","5","","","60","","","","","","","","","","","","","","13","","","","","B12","","","1","","2","","","7","7","1","6","4","120.585234","24.361046","3"
"12712","66000","387130000C","(04)23274275","(04)23288582","2026","1","31","10","6","臺中市","大里區","0","2","0","7","2","6","50","13","9","1","5","4","6","6","4","4","5","5","5","1","17","2","9","5","4","C03","7","15","1","10","2","14","","84","84","1","13","4","120.704959","24.087841","2"
"12713","66000","387130000C","(04)23274275","(04)23288582","2026","1","31","10","7","臺中市","沙鹿區","0","0","0","7","","","50","","","","","","","","","","","","","","17","","","","","A11","","","1","","1","","","8","8","1","12","4","120.57633","24.222936","4"
"12714","66000","387130000C","(04)23274275","(04)23288582","2026","1","31","10","10","臺中市","西屯區","0","0","0","7","","","40","","","","","","","","","","","","","","13","","","","","B03","","","1","","1","","","7","7","1","12","4","120.62904","24.163157","3"
"12715","66000","387130000C","(04)23274275","(04)23288582","2026","1","31","10","13","臺中市","北屯區","0","0","0","7","","","50","","","","","","","","","","","","","","13","","","","","B03","","","1","","2","","","7","7","1","6","4","120.685498","24.172177","3"
"12716","66000","387130000C","(04)23274275","(04)23288582","2026","1","31","10","13","臺中市","西屯區","0","0","0","7","","","50","","","","","","","","","","","","","","","","","","","B03","","","1","","1","","","8","8","1","13","4","120.661177","24.176224","3"
"12717","66000","387130000C","(04)23274275","(04)23288582","2026","1","31","10","17","臺中市","大雅區","0","0","0","7","2","6","60","13","14","1","5","4","6","6","4","4","1","4","4","1","19","3","10","3","1","B03","7","9","1","8","6","5","","53","53","1","12","4","120.649714","24.214078","3"
"12718","66000","387130000C","(04)23274275","(04)23288582","2026","1","31","10","19","臺中市","神岡區","0","0","0","7","","","50","","","","","","","","","","","","","","17","","","","","C03","","","3","","1","","","84","84","1","6","4","120.684294","24.246918","3"
"12719","66000","387130000C","(04)23274275","(04)23288582","2026","1","31","10","21","臺中市","南屯區","0","0","0","7","","","50","","","","","","","","","","","","","","","","","","","B03","","","1","","1","","","59","59","1","6","4","120.63388","24.147897","3"
"12720","66000","387130000C","(04)23274275","(04)23288582","2026","1","31","10","23","臺中市","北屯區","0","2","0","7","2","6","50","5","1","1","5","4","6","6","2","1","10","5","5","2","16","2","9","1","1","C03","7","6","1","10","2","14","","11","11","1","13","4","120.711886","24.182329","2"
"12721","66000","387130000C","(04)23274275","(04)23288582","2026","1","31","10","23","臺中市","大里區","0","1","0","7","3","6","50","4","2","1","5","4","6","6","1","1","1","4","5","1","12","3","10","3","1","B03","7","9","1","8","2","2","","7","7","1","13","4","120.678897","24.115038","2"
"12722","66000","387130000C","(04)23274275","(04)23288582","2026","1","31","10","23","臺中市","大里區","0","2","0","7","2","6","50","4","2","1","5","4","6","6","1","1","10","5","5","2","15","2","9","2","1","C03","7","9","3","19","2","11","","25","25","1","12","4","120.696903","24.111175","2"
"12723","66000","387130000C","(04)23274275","(04)23288582","2026","1","31","10","24","臺中市","北屯區","0","3","0","7","2","3","80","13","9","1","5","4","6","6","4","4","10","4","5","2","17","2","9","3","1","B03","7","8","1","8","2","8","","40","40","1","6","4","120.694144","24.201018","2"
"12724","66000","387130000C","(04)23274275","(04)23288582","2026","1","31","10","27","臺中市","南屯區","0","1","0","7","2","6","50","4","1","1","5","4","6","6","2","1","9","4","4","2","17","2","9","1","1","C03","7","15","1","10","9","11","","54","54","1","12","4","120.626879","24.116394","2"
"12725","66000","387130000C","(04)23274275","(04)23288582","2026","1","31","10","28","臺中市","北屯區","0","0","0","7","","","50","","","","","","","","","","","","","","13","","","","","C03","","","1","","2","","","1","1","1","6","4","120.692505","24.174953","3"
"12726","66000","387130000C","(04)23274275","(04)23288582","2026","1","31","10","29","臺中市","大甲區","0","0","0","7","","","50","","","","","","","","","","","","","","16","","","","","C03","","","1","","2","","","46","46","1","13","4","120.625964","24.345734","3"
"12727","66000","387130000C","(04)23274275","(04)23288582","2026","1","31","10","29","臺中市","后里區","0","0","0","7","3","6","30","13","9","1","5","4","6","6","4","4","10","5","","2","17","3","10","3","1","B03","7","3","1","8","1","5","","50","50","2","6","4","120.721679","24.30582","3"
"12728","66000","387130000C","(04)23274275","(04)23288582","2026","1","31","10","30","臺中市","霧峰區","0","0","0","7","","","50","","","","","","","","","","","","","","","","","","","B03","","","1","","2","","","59","59","1","6","4","120.697276","24.066323","3"
"12729","66000","387130000C","(04)23274275","(04)23288582","2026","1","31","10","31","臺中市","太平區","0","0","0","7","","","40","","","","","","","","","","","","","","","","","","","B03","","","1","","2","","","85","85","1","13","4","120.716195","24.150106","3"
"12730","66000","387130000C","(04)23274275","(04)23288582","2026","1","31","10","32","臺中市","豐原區","0","0","0","7","","","30","","","","","","","","","","","","","","17","","","","","B03","","","1","","2","","","84","84","1","12","4","120.714446","24.25312","3"
"12731","66000","387130000C","(04)23274275","(04)23288582","2026","1","31","10","34","臺中市","后里區","0","2","0","6","2","6","50","3","1","1","5","4","6","6","4","4","9","4","4","1","17","2","8","1","1","C03","7","6","1","10","2","11","14","13","13","1","6","4","120.712158","24.310546","2"
"12732","66000","387130000C","(04)23274275","(04)23288582","2026","1","31","10","41","臺中市","西屯區","0","0","0","7","","","50","","","","","","","","","","","","","","16","","","","","B01","","","1","","2","","","11","11","1","12","4","120.642535","24.164224","3"
"12733","66000","387130000C","(04)23274275","(04)23288582","2026","1","31","10","41","臺中市","太平區","0","1","0","7","3","6","30","13","9","1","5","4","6","6","4","4","10","5","5","2","17","3","10","3","1","B03","7","14","1","8","2","2","","76","76","1","12","4","120.730656","24.154329","2"
"12734","66000","387130000C","(04)23274275","(04)23288582","2026","1","31","10","43","臺中市","潭子區","0","2","0","6","2","6","30","3","2","1","5","4","6","6","4","4","1","4","4","1","17","2","9","2","1","C03","7","5","1","10","2","14","","13","13","1","13","4","120.704463","24.215591","2"
"12735","66000","387130000C","(04)23274275","(04)23288582","2026","1","31","10","44","臺中市","南屯區","0","2","0","7","3","6","50","13","9","1","5","4","6","6","1","1","3","4","4","2","12","2","9","1","1","C03","7","9","1","10","2","11","","7","7","1","12","4","120.640477","24.141294","2"
"12736","66000","387130000C","(04)23274275","(04)23288582","2026","1","31","10","47","臺中市","北屯區","0","0","0","7","","","30","","","","","","","","","","","","","","17","","","","","C03","","","1","","2","","","50","50","1","13","4","120.689098","24.165439","3"
"12737","66000","387130000C","(04)23274275","(04)23288582","2026","1","31","10","51","臺中市","豐原區","0","0","0","7","","","50","","","","","","","","","","","","","","17","","","","","B03","","","1","","2","","","84","84","1","12","4","120.711248","24.248444","3"
"12738","66000","387130000C","(04)23274275","(04)23288582","2026","1","31","10","56","臺中市","南區","0","0","0","7","","","50","","","","","","","","","","","","","","14","","","","","B03","","","1","","9","","","49","49","2","13","4","120.657591","24.125367","3"
"12739","66000","387130000C","(04)23274275","(04)23288582","2026","1","31","10","58","臺中市","大甲區","0","0","0","7","","","50","","","","","","","","","","","","","","","","","","","B03","","","1","","2","","","84","84","1","6","4","120.664661","24.401113","3"
"12740","66000","387130000C","(04)23274275","(04)23288582","2026","1","31","11","0","臺中市","南屯區","0","1","0","7","2","6","50","4","1","1","5","4","6","6","2","1","5","4","4","2","16","3","10","3","1","B03","7","5","1","4","2","5","","11","11","1","12","4","120.626336","24.136207","2"
"12741","66000","387130000C","(04)23274275","(04)23288582","2026","1","31","11","1","臺中市","北區","0","0","0","7","","","40","","","","","","","","","","","","","","17","","","","","B03","","","7","","10","","","87","87","1","13","4","120.674887","24.167755","3"
"12742","66000","387130000C","(04)23274275","(04)23288582","2026","1","31","11","3","臺中市","南屯區","0","0","0","7","","","50","","","","","","","","","","","","","","","","","","","B03","","","1","","2","","","59","59","1","6","4","120.610091","24.135246","3"
"12743","66000","387130000C","(04)23274275","(04)23288582","2026","1","31","11","3","臺中市","霧峰區","0","0","0","7","","","50","","","","","","","","","","","","","","17","","","","","B03","","","1","8","2","","","49","49","1","13","4","120.713338","24.077314","3"
"12744","66000","387130000C","(04)23274275","(04)23288582","2026","1","31","11","3","臺中市","沙鹿區","0","0","0","7","","","30","","","","","","","","","","","","","","","","","","","B03","","","1","","2","","","49","49","1","6","4","120.572285","24.22762","3"
"12745","66000","387130000C","(04)23274275","(04)23288582","2026","1","31","11","8","臺中市","霧峰區","0","1","0","7","2","6","50","4","1","1","5","4","6","6","4","4","10","5","5","2","17","3","10","3","1","B03","7","11","1","8","2","5","","45","45","1","6","4","120.690025","24.06597","2"
"12746","66000","387130000C","(04)23274275","(04)23288582","2026","1","31","11","8","臺中市","梧棲區","0","1","0","7","2","6","50","3","1","1","5","4","6","6","4","4","9","5","5","1","16","2","9","6","1","F01","7","11","7","21","1","14","","84","84","1","12","4","120.529232","24.254335","2"
"12747","66000","387130000C","(04)23274275","(04)23288582","2026","1","31","11","11","臺中市","大里區","0","0","0","7","","","50","","","","","","","","","","","","","","","","","","","B02","","","1","","2","","","50","50","1","6","4","120.695182","24.082483","3"
"12748","66000","387130000C","(04)23274275","(04)23288582","2026","1","31","11","16","臺中市","豐原區","0","0","0","6","","","50","","","","","","","","","","","","","","13","","","","","C03","","","1","","2","","","59","59","1","12","4","120.709115","24.245428","4"
"12749","66000","387130000C","(04)23274275","(04)23288582","2026","1","31","11","20","臺中市","北屯區","0","0","0","7","","","50","","","","","","","","","","","","","","12","","","","","B03","","","1","","1","","","2","2","1","6","4","120.719475","24.163003","3"
"12750","66000","387130000C","(04)23274275","(04)23288582","2026","1","31","11","20","臺中市","沙鹿區","0","1","0","7","2","6","60","13","8","1","5","4","6","6","4","4","3","4","3","2","16","3","10","3","1","B03","7","5","1","8","2","2","","47","47","1","8","4","120.582649","24.250313","2"
"12751","66000","387130000C","(04)23274275","(04)23288582","2026","1","31","11","22","臺中市","大里區","0","0","0","7","","","50","","","","","","","","","","","","","","","","","","","B03","","","1","","2","","","8","8","1","12","4","120.686818","24.098749","3"
"12752","66000","387130000C","(04)23274275","(04)23288582","2026","1","31","11","26","臺中市","西屯區","0","1","0","7","2","6","50","4","1","1","5","4","6","6","1","1","1","4","1","1","13","3","10","5","4","B03","7","9","1","8","2","1","","59","59","1","13","4","120.632279","24.170522","2"
"12753","66000","387130000C","(04)23274275","(04)23288582","2026","1","31","11","28","臺中市","南屯區","0","0","0","7","3","6","40","13","8","1","5","4","6","6","4","4","9","5","4","2","12","","","","","A11","","","1","","2","","","51","51","1","12","4","120.652602","24.138022","3"
"12754","66000","387130000C","(04)23274275","(04)23288582","2026","1","31","11","29","臺中市","清水區","0","1","0","7","3","6","50","3","1","1","5","4","6","6","4","4","9","4","5","2","9","3","10","3","1","A12","7","2","1","3","2","3","","59","59","1","12","4","120.536164","24.27383","2"
"12755","66000","387130000C","(04)23274275","(04)23288582","2026","1","31","11","33","臺中市","潭子區","0","1","0","7","3","6","50","3","2","1","5","4","6","6","1","1","5","4","4","2","17","2","9","2","1","C03","7","8","1","10","2","11","12","7","7","1","13","4","120.678509","24.203652","2"
"12756","66000","387130000C","(04)23274275","(04)23288582","2026","1","31","11","35","臺中市","大雅區","0","0","0","7","","","30","","","","","","","","","","","","","","","","","","","B03","","","1","","1","","","7","7","1","13","4","120.664404","24.226016","3"
"12757","66000","387130000C","(04)23274275","(04)23288582","2026","1","31","11","40","臺中市","東區","0","1","0","7","2","6","50","3","1","1","5","4","6","6","1","1","10","5","5","2","16","3","10","3","1","B03","7","5","1","8","2","2","","11","11","1","6","4","120.689931","24.138273","2"
"12758","66000","387130000C","(04)23274275","(04)23288582","2026","1","31","11","42","臺中市","北屯區","0","0","0","7","","","50","","","","","","","","","","","","","","12","","","","","B03","","","1","","2","","","40","40","1","6","4","120.686504","24.193219","3"
"12759","66000","387130000C","(04)23274275","(04)23288582","2026","1","31","11","42","臺中市","大里區","0","0","0","7","","","50","","","","","","","","","","","","","","17","","","","","B12","","","1","8","2","","","84","84","1","13","4","120.696715","24.095983","3"
"12760","66000","387130000C","(04)23274275","(04)23288582","2026","1","31","11","45","臺中市","南屯區","0","0","0","7","","","50","","","","","","","","","","","","","","17","","","","","B03","","","1","","2","","","59","59","1","12","4","120.631431","24.139089","4"
"12761","66000","387130000C","(04)23274275","(04)23288582","2026","1","31","11","45","臺中市","豐原區","0","0","0","7","","","50","","","","","","","","","","","","","","16","","","","","B03","","","1","","2","","","11","11","1","12","4","120.73639","24.25112","3"
"12762","66000","387130000C","(04)23274275","(04)23288582","2026","1","31","11","45","臺中市","豐原區","0","0","0","7","","","50","","","","","","","","","","","","","","16","","","","","B03","","","1","","2","","","11","11","1","12","4","120.715338","24.251638","3"
"12763","66000","387130000C","(04)23274275","(04)23288582","2026","1","31","11","49","臺中市","大甲區","0","0","0","7","","","50","","","","","","","","","","","","","","16","","","","","C03","","","1","","1","","","39","39","1","6","4","120.61784","24.346559","4"
"12764","66000","387130000C","(04)23274275","(04)23288582","2026","1","31","11","50","臺中市","南屯區","0","0","0","7","","","50","","","","","","","","","","","","","","12","","","","","B03","","","1","","2","","","77","77","1","12","4","120.616513","24.153195","4"
"12765","66000","387130000C","(04)23274275","(04)23288582","2026","1","31","11","50","臺中市","大里區","0","1","0","7","3","6","30","4","1","1","5","4","6","6","4","4","10","5","5","2","15","2","9","1","1","C03","7","9","1","10","2","14","","12","12","1","13","4","120.687317","24.112026","2"
"12766","66000","387130000C","(04)23274275","(04)23288582","2026","1","31","11","55","臺中市","大里區","0","1","0","7","2","6","30","5","2","1","5","4","6","6","4","4","10","5","5","2","10","3","10","5","4","B03","7","1","1","10","2","1","","51","51","1","6","4","120.711718","24.087303","2"
"12767","66000","387130000C","(04)23274275","(04)23288582","2026","1","31","11","55","臺中市","龍井區","0","2","0","7","2","6","30","4","1","1","5","4","6","6","4","4","10","5","5","2","15","3","10","3","1","B03","7","9","1","8","2","5","","15","15","1","6","4","120.578134","24.180873","2"
"12768","66000","387130000C","(04)23274275","(04)23288582","2026","1","31","11","56","臺中市","神岡區","0","1","0","7","3","6","30","3","1","1","5","4","6","6","4","4","10","5","5","2","11","3","10","3","1","B01","7","6","1","4","2","8","","20","20","1","13","4","120.650344","24.27877","2"
"12769","66000","387130000C","(04)23274275","(04)23288582","2026","1","31","11","58","臺中市","太平區","0","0","0","7","","","30","","","","","","","","","","","","","","","","","","","B03","","","1","","2","","","84","84","1","13","4","120.718357","24.152232","3"
"12770","66000","387130000C","(04)23274275","(04)23288582","2026","1","31","11","59","臺中市","西區","0","1","0","7","2","6","50","3","2","1","5","4","6","6","4","4","5","5","5","2","13","2","9","2","1","C03","7","9","1","10","2","11","","84","84","1","12","4","120.662709","24.158132","2"
"12771","66000","387130000C","(04)23274275","(04)23288582","2026","1","31","12","1","臺中市","沙鹿區","0","1","0","7","2","6","30","4","1","1","5","4","6","6","4","4","10","5","5","2","15","2","9","2","1","C03","7","9","1","10","2","12","","15","15","1","6","4","120.565547","24.246112","2"
"12772","66000","387130000C","(04)23274275","(04)23288582","2026","1","31","12","1","臺中市","東勢區","0","0","0","7","","","50","","","","","","","","","","","","","","","","","","","B03","","","1","","1","","","50","50","1","12","4","120.830367","24.250451","3"
"12773","66000","387130000C","(04)23274275","(04)23288582","2026","1","31","12","3","臺中市","西屯區","0","0","0","7","","","0","","","","","","","","","","","","","","17","","","","","C03","","","1","","1","","","50","50","1","12","4","120.637223","24.169461","3"
"12774","66000","387130000C","(04)23274275","(04)23288582","2026","1","31","12","5","臺中市","南區","0","1","0","7","1","6","50","3","1","1","5","4","6","6","1","1","10","5","5","2","18","2","9","5","4","C03","7","5","1","10","2","16","","84","84","1","12","4","120.690132","24.138357","2"
"12775","66000","387130000C","(04)23274275","(04)23288582","2026","1","31","12","5","臺中市","神岡區","0","1","0","7","2","6","30","3","1","1","5","4","6","6","3","1","10","5","5","2","17","4","11","2","1","C03","7","6","1","10","2","14","","20","20","1","10","4","120.687038","24.258416","2"
"12776","66000","387130000C","(04)23274275","(04)23288582","2026","1","31","12","6","臺中市","南區","0","1","0","7","2","6","50","4","1","1","5","4","6","6","2","1","10","5","5","2","17","2","9","2","1","C03","7","6","1","10","2","14","","84","84","1","12","4","120.646813","24.110625","2"
"12777","66000","387130000C","(04)23274275","(04)23288582","2026","1","31","12","8","臺中市","西屯區","0","1","0","7","2","6","30","3","2","1","5","4","6","6","4","4","10","5","5","2","11","2","8","2","1","C03","7","5","1","10","2","14","","8","8","1","12","4","120.651166","24.171472","2"
"12778","66000","387130000C","(04)23274275","(04)23288582","2026","1","31","12","9","臺中市","大雅區","0","0","0","7","","","0","","","","","","","","","","","","","","","","","","","B03","","","1","","1","","","51","51","1","13","4","120.666224","24.205134","3"
"12779","66000","387130000C","(04)23274275","(04)23288582","2026","1","31","12","9","臺中市","豐原區","0","1","0","7","2","6","50","13","7","1","5","4","6","6","4","4","5","4","4","2","17","2","8","1","1","C03","7","9","1","10","2","11","","7","7","1","13","4","120.725748","24.248423","2"
"12780","66000","387130000C","(04)23274275","(04)23288582","2026","1","31","12","16","臺中市","南屯區","0","1","0","7","2","6","50","13","9","1","5","4","6","6","4","4","5","4","5","2","17","3","10","3","1","B03","7","9","1","8","8","5","","59","59","1","6","4","120.641332","24.146401","2"
"12781","66000","387130000C","(04)23274275","(04)23288582","2026","1","31","12","17","臺中市","西屯區","0","0","0","7","","3","80","","","","","","","","","","","","","","","","","","","C03","","","1","","1","","","7","7","1","13","4","120.63144","24.167513","3"
"12782","66000","387130000C","(04)23274275","(04)23288582","2026","1","31","12","20","臺中市","沙鹿區","0","0","0","7","","","50","","","","","","","","","","","","","","","","","","","B02","","","1","","1","","","50","50","1","6","4","120.59968","24.255292","3"
"12783","66000","387130000C","(04)23274275","(04)23288582","2026","1","31","12","20","臺中市","后里區","0","0","0","7","2","6","50","3","7","1","5","4","6","6","3","4","5","4","4","1","17","","","","","C01","","","1","","2","","","87","87","1","6","4","120.713397","24.310229","3"
"12784","66000","387130000C","(04)23274275","(04)23288582","2026","1","31","12","24","臺中市","神岡區","0","0","0","7","","","50","","","","","","","","","","","","","","17","","","","","B03","","","5","","2","","","84","84","1","13","4","120.66796","24.257269","3"
"12785","66000","387130000C","(04)23274275","(04)23288582","2026","1","31","12","29","臺中市","西屯區","0","1","0","7","2","6","30","3","1","1","5","4","6","6","4","4","10","5","5","1","16","3","10","2","1","C03","7","6","1","10","2","11","","14","14","1","12","4","120.614381","24.180992","2"
"12786","66000","387130000C","(04)23274275","(04)23288582","2026","1","31","12","29","臺中市","霧峰區","0","1","0","7","2","6","50","4","1","1","5","4","6","6","4","4","10","5","5","2","17","3","10","2","1","C03","7","4","1","10","2","12","","39","39","1","6","4","120.690357","24.066002","2"
"12787","66000","387130000C","(04)23274275","(04)23288582","2026","1","31","12","32","臺中市","大肚區","0","2","0","7","1","6","30","4","1","1","5","4","6","6","4","4","10","5","5","2","15","2","9","1","1","C03","7","9","1","10","2","11","","12","12","1","6","4","120.578989","24.174236","2"
"12788","66000","387130000C","(04)23274275","(04)23288582","2026","1","31","12","33","臺中市","南屯區","0","1","0","7","3","6","50","13","9","1","5","4","5","6","4","4","5","4","5","2","18","2","9","1","1","F03","7","9","7","21","2","14","","59","59","1","12","4","120.648109","24.13657","2"
"12789","66000","387130000C","(04)23274275","(04)23288582","2026","1","31","12","34","臺中市","石岡區","0","1","0","7","2","6","10","13","13","1","5","4","6","6","4","4","5","5","5","1","18","2","9","5","4","F01","7","9","7","21","2","15","","84","84","1","12","4","120.767422","24.278872","2"
"12790","66000","387130000C","(04)23274275","(04)23288582","2026","1","31","12","40","臺中市","梧棲區","0","1","0","7","2","6","30","3","9","1","5","4","6","6","4","4","10","5","5","2","16","3","10","3","1","B03","7","5","1","8","1","4","","14","14","1","12","4","120.53864","24.245598","2"
"12791","66000","387130000C","(04)23274275","(04)23288582","2026","1","31","12","42","臺中市","大肚區","0","0","0","7","","","30","","","","","","","","","","","","","","","","","","","B03","","","1","","2","","","41","41","1","6","4","120.540548","24.149055","3"
"12792","66000","387130000C","(04)23274275","(04)23288582","2026","1","31","12","45","臺中市","北屯區","0","1","0","7","2","6","50","4","1","1","5","4","6","6","1","1","10","5","5","2","15","3","10","4","1","F01","7","9","7","21","1","12","","21","21","1","6","4","120.704277","24.164657","2"
"12793","66000","387130000C","(04)23274275","(04)23288582","2026","1","31","12","45","臺中市","東勢區","0","0","0","7","","","50","","","","","","","","","","","","","","","","","","","B03","","","1","","1","","","84","84","1","12","4","120.833831","24.250209","3"
"12794","66000","387130000C","(04)23274275","(04)23288582","2026","1","31","12","50","臺中市","南屯區","0","0","0","7","","","50","","","","","","","","","","","","","","16","","","","","A11","","","1","","1","","","47","47","1","6","4","120.610307","24.131343","4"
"12795","66000","387130000C","(04)23274275","(04)23288582","2026","1","31","12","53","臺中市","大肚區","0","0","0","7","","","30","","","","","","","","","","","","","","21","","","","","B11","","","1","","2","","","49","49","1","6","4","120.576509","24.158031","3"
"12796","66000","387130000C","(04)23274275","(04)23288582","2026","1","31","12","54","臺中市","西屯區","0","0","0","7","","3","80","","","","","","","","","","","","","","12","","","","","B12","","","1","","1","","","7","7","1","12","4","120.633023","24.172084","3"
"12797","66000","387130000C","(04)23274275","(04)23288582","2026","1","31","12","55","臺中市","東區","0","1","0","7","2","6","50","4","2","1","5","4","6","6","2","1","5","5","5","2","12","3","10","5","4","C03","7","9","1","10","9","12","","84","84","1","13","4","120.68683","24.131509","2"