序號,縣市別代碼,機關代碼,市話,傳真,年,月,日,時,分,縣市,區,死亡數量,受傷數量,2-30,天候,道路照明設備,道路類別,道路速限,道路型態,事故位置,路面鋪裝,路面狀態,路面缺陷,障礙物,視距,號誌種類,號誌動作,分向設施,快車道或一般車道間,快慢車道間,路面邊線,事故類型及型態,受傷程度,主要傷處,保護裝備,行動電話或功能裝置,當事者區分(類別),車輛用途,當事者行動狀態,駕照狀態,駕照種類,飲酒情形,車輛撞擊部位最初,車輛撞擊部位其他,肇事因素個別,肇事因素主要,肇事逃逸,職業,共享經濟或外送平台,GPS座標X,GPS座標Y,事故類別
"12798","66000","387130000C","(04)23274275","(04)23288582","2026","1","31","13","0","臺中市","北屯區","0","0","0","7","","3","80","","","","","","","","","","","","","","","","","","","B03","","","1","","1","","","87","87","1","6","4","120.664463","24.20105","3"
"12799","66000","387130000C","(04)23274275","(04)23288582","2026","1","31","13","1","臺中市","北屯區","0","1","0","7","2","6","50","4","1","1","5","4","6","6","2","1","10","5","5","2","16","3","10","3","1","B03","7","5","1","8","2","2","","84","84","1","6","4","120.681928","24.18203","2"
"12800","66000","387130000C","(04)23274275","(04)23288582","2026","1","31","13","2","臺中市","大雅區","0","0","0","7","","","50","","","","","","","","","","","","","","","","","","","B03","","","1","","1","","","21","21","1","12","4","120.653289","24.217525","3"
"12801","66000","387130000C","(04)23274275","(04)23288582","2026","1","31","13","10","臺中市","外埔區","0","0","0","7","","6","50","3","14","1","5","4","6","6","4","4","3","4","4","1","20","","","","","B03","","","1","","2","","","59","59","1","6","4","120.644633","24.332956","3"
"12802","66000","387130000C","(04)23274275","(04)23288582","2026","1","31","13","15","臺中市","南屯區","0","0","0","7","","3","80","","","","","","","","","","","","","","13","","","","","B03","","","1","","1","","","7","7","1","13","4","120.623427","24.151075","3"
"12803","66000","387130000C","(04)23274275","(04)23288582","2026","1","31","13","17","臺中市","大里區","0","0","0","7","","","50","","","","","","","","","","","","","","","","","","","B03","","","1","","2","","","84","84","1","12","4","120.678953","24.114234","3"
"12804","66000","387130000C","(04)23274275","(04)23288582","2026","1","31","13","17","臺中市","烏日區","0","0","0","7","2","6","70","13","7","1","5","4","6","6","1","1","1","4","4","1","13","3","10","3","1","B03","7","9","1","8","1","1","","7","7","1","12","4","120.600073","24.110634","3"
"12805","66000","387130000C","(04)23274275","(04)23288582","2026","1","31","13","20","臺中市","北屯區","0","0","0","7","","","50","","","","","","","","","","","","","","","","","","","B03","","","1","","1","","","49","49","1","12","4","120.675895","24.197903","3"
"12806","66000","387130000C","(04)23274275","(04)23288582","2026","1","31","13","20","臺中市","北屯區","0","1","0","7","3","6","50","4","1","1","5","4","6","6","4","4","10","5","5","2","17","2","9","2","1","C03","7","9","1","10","2","12","","5","5","1","6","4","120.718001","24.171482","2"
"12807","66000","387130000C","(04)23274275","(04)23288582","2026","1","31","13","26","臺中市","北屯區","0","2","0","7","2","6","50","4","1","1","5","4","6","6","1","1","10","5","5","2","17","2","9","1","1","C03","7","6","1","10","2","11","","11","11","1","6","4","120.690799","24.18242","2"
"12808","66000","387130000C","(04)23274275","(04)23288582","2026","1","31","13","30","臺中市","南屯區","0","0","0","7","","","50","","","","","","","","","","","","","","","","","","","B03","","","1","","1","","","59","59","1","13","4","120.646431","24.151685","3"
"12809","66000","387130000C","(04)23274275","(04)23288582","2026","1","31","13","31","臺中市","西區","0","0","0","7","","","30","","","","","","","","","","","","","","17","","","","","B03","","","1","","2","","","84","84","1","13","4","120.666526","24.146355","3"
"12810","66000","387130000C","(04)23274275","(04)23288582","2026","1","31","13","32","臺中市","新社區","0","2","0","7","2","6","50","3","2","1","5","4","6","6","3","1","5","5","5","1","13","2","8","1","4","C03","7","9","1","10","2","11","","84","84","1","12","4","120.809722","24.237678","2"
"12811","66000","387130000C","(04)23274275","(04)23288582","2026","1","31","13","33","臺中市","沙鹿區","0","0","0","7","","","40","","","","","","","","","","","","","","13","","","","","B03","","","1","","1","","","7","7","1","6","4","120.564515","24.238559","3"
"12812","66000","387130000C","(04)23274275","(04)23288582","2026","1","31","13","37","臺中市","潭子區","0","0","0","7","","","50","","","","","","","","","","","","","","","","","","","B12","","","1","","9","","","14","14","1","13","4","120.701151","24.196109","3"
"12813","66000","387130000C","(04)23274275","(04)23288582","2026","1","31","13","37","臺中市","大里區","0","1","0","7","3","6","30","11","9","1","5","4","6","6","4","4","10","5","5","2","11","2","8","1","1","C03","7","9","1","10","2","11","","84","84","1","13","4","120.68141","24.116351","2"
"12814","66000","387130000C","(04)23274275","(04)23288582","2026","1","31","13","40","臺中市","太平區","0","2","0","7","3","6","50","4","1","1","5","4","6","6","4","4","9","5","5","2","15","2","9","1","1","C03","7","9","1","10","2","11","","12","12","1","12","4","120.722249","24.156795","2"
"12815","66000","387130000C","(04)23274275","(04)23288582","2026","1","31","13","40","臺中市","梧棲區","0","0","0","7","","","30","","","","","","","","","","","","","","20","","","","","B03","","","1","","1","","","49","49","1","12","4","120.555795","24.253872","3"
"12816","66000","387130000C","(04)23274275","(04)23288582","2026","1","31","13","41","臺中市","霧峰區","0","0","0","7","","","","","","","","","","","","","","","","","30","","","","","","","","","","","","","119","119","1","","","120.699528","24.073114","3"
"12817","66000","387130000C","(04)23274275","(04)23288582","2026","1","31","13","47","臺中市","北區","0","2","0","7","3","6","50","3","1","1","5","4","6","6","4","4","10","5","5","2","17","2","9","5","4","C03","7","6","1","10","2","11","","48","48","1","13","4","120.675742","24.167972","2"
"12818","66000","387130000C","(04)23274275","(04)23288582","2026","1","31","13","48","臺中市","東區","0","2","0","7","3","6","50","4","1","1","5","4","6","6","2","1","10","5","5","2","16","3","10","3","1","B03","7","5","1","8","2","2","","11","11","1","6","4","120.708154","24.140633","2"
"12819","66000","387130000C","(04)23274275","(04)23288582","2026","1","31","13","49","臺中市","南屯區","0","0","0","7","","","50","","","","","","","","","","","","","","13","","","","","B03","","","1","","1","","","59","59","1","13","4","120.626709","24.148125","3"
"12820","66000","387130000C","(04)23274275","(04)23288582","2026","1","31","13","51","臺中市","南屯區","0","0","0","7","3","6","50","13","9","1","5","4","6","6","4","4","3","4","5","2","13","","","","","B03","","","1","","1","","","7","7","1","12","4","120.634222","24.144192","3"
"12821","66000","387130000C","(04)23274275","(04)23288582","2026","1","31","13","52","臺中市","北區","0","1","0","7","2","6","50","4","1","1","5","4","6","6","1","1","10","5","5","2","16","2","9","5","4","C03","7","6","1","10","2","14","","42","42","1","13","4","120.679148","24.172772","2"
"12822","66000","387130000C","(04)23274275","(04)23288582","2026","1","31","13","52","臺中市","豐原區","0","1","0","7","2","6","50","13","14","1","5","4","6","6","4","4","1","4","4","1","17","2","9","5","4","C03","7","9","1","10","2","12","","8","8","1","12","4","120.730301","24.243917","2"
"12823","66000","387130000C","(04)23274275","(04)23288582","2026","1","31","13","53","臺中市","北區","0","0","0","7","","","50","","","","","","","","","","","","","","17","","","","","C03","","","1","","1","","","8","8","1","13","4","120.684755","24.155384","3"
"12824","66000","387130000C","(04)23274275","(04)23288582","2026","1","31","13","59","臺中市","西屯區","0","0","0","7","","","50","","","","","","","","","","","","","","13","","","","","B03","","","1","","1","","","56","56","1","12","4","120.636353","24.159186","3"
"12825","66000","387130000C","(04)23274275","(04)23288582","2026","1","31","14","4","臺中市","北屯區","0","0","0","7","","","50","","","","","","","","","","","","","","","","","","","B03","","","1","","1","","","8","8","1","13","4","120.693522","24.163367","3"
"12826","66000","387130000C","(04)23274275","(04)23288582","2026","1","31","14","5","臺中市","大甲區","0","0","0","7","","","60","","","","","","","","","","","","","","","","","","","C03","","","1","","1","","","84","84","1","6","4","120.641447","24.36582","4"
"12827","66000","387130000C","(04)23274275","(04)23288582","2026","1","31","14","9","臺中市","南屯區","0","0","0","7","","","30","","","","","","","","","","","","","","9","","","","","B12","","","1","","1","","","50","50","1","12","4","120.64187","24.14488","3"
"12828","66000","387130000C","(04)23274275","(04)23288582","2026","1","31","14","12","臺中市","東區","0","0","0","7","","","50","","","","","","","","","","","","","","13","","","","","C03","","","5","","1","","","84","84","1","6","4","120.687183","24.136042","3"
"12829","66000","387130000C","(04)23274275","(04)23288582","2026","1","31","14","12","臺中市","大里區","0","1","0","7","2","6","50","13","9","1","5","4","6","6","4","4","5","5","5","1","17","3","10","3","1","B03","7","6","1","8","2","5","","39","39","1","12","4","120.68037","24.095323","2"
"12830","66000","387130000C","(04)23274275","(04)23288582","2026","1","31","14","13","臺中市","東區","0","1","0","7","2","6","50","4","1","1","5","4","6","6","2","1","5","4","5","2","13","3","10","2","1","C03","7","9","1","10","2","11","","84","84","1","13","4","120.692379","24.139455","2"
"12831","66000","387130000C","(04)23274275","(04)23288582","2026","1","31","14","18","臺中市","西屯區","0","0","0","7","","","40","","","","","","","","","","","","","","","","","","","C03","","","1","","1","","","59","59","1","12","4","120.637462","24.159606","3"
"12832","66000","387130000C","(04)23274275","(04)23288582","2026","1","31","14","18","臺中市","石岡區","0","0","0","7","","","50","","","","","","","","","","","","","","","","","","","B03","","","1","","1","","","84","84","1","12","4","120.763048","24.277136","3"
"12833","66000","387130000C","(04)23274275","(04)23288582","2026","1","31","14","23","臺中市","西屯區","0","1","0","7","2","6","50","12","9","1","5","4","6","6","4","4","5","3","5","2","14","3","10","2","4","C03","7","2","1","10","2","13","","49","49","1","12","4","120.612174","24.191545","2"
"12834","66000","387130000C","(04)23274275","(04)23288582","2026","1","31","14","28","臺中市","大雅區","0","0","0","7","","","70","","","","","","","","","","","","","","","","","","","B03","","","1","","2","","","47","47","1","13","4","120.645236","24.225463","3"
"12835","66000","387130000C","(04)23274275","(04)23288582","2026","1","31","14","28","臺中市","太平區","0","0","0","7","","","50","","","","","","","","","","","","","","","","","","","B01","","","1","","2","","","23","23","1","13","4","120.700505","24.148043","3"
"12836","66000","387130000C","(04)23274275","(04)23288582","2026","1","31","14","30","臺中市","大甲區","0","1","0","6","2","6","70","13","9","1","5","4","6","6","1","1","3","4","4","1","13","2","3","3","1","B03","7","9","1","8","2","1","","56","56","1","6","4","120.613422","24.332177","2"
"12837","66000","387130000C","(04)23274275","(04)23288582","2026","1","31","14","32","臺中市","神岡區","0","1","0","7","2","6","30","4","9","1","5","4","6","6","4","4","10","5","5","1","17","2","9","1","1","C03","7","4","5","19","2","11","11","1","1","1","12","4","120.703695","24.269166","2"
"12838","66000","387130000C","(04)23274275","(04)23288582","2026","1","31","14","34","臺中市","西區","0","1","0","7","2","6","50","4","1","1","5","4","6","6","1","1","10","5","5","2","17","2","9","2","1","C03","7","9","1","10","2","13","","85","85","1","12","4","120.682212","24.135899","2"
"12839","66000","387130000C","(04)23274275","(04)23288582","2026","1","31","14","35","臺中市","西區","0","0","0","7","3","6","50","4","1","1","5","4","6","6","2","1","10","5","5","2","12","","","","","B01","","","1","","1","","","40","40","1","6","4","120.663139","24.156509","3"
"12840","66000","387130000C","(04)23274275","(04)23288582","2026","1","31","14","37","臺中市","太平區","0","0","0","7","","","50","","","","","","","","","","","","","","2","","","","","C03","","","1","","2","","","42","42","1","13","4","120.719202","24.124912","3"
"12841","66000","387130000C","(04)23274275","(04)23288582","2026","1","31","14","43","臺中市","北屯區","0","0","0","7","","3","80","","","","","","","","","","","","","","13","","","","","B03","","","1","","1","","","7","7","1","12","4","120.693946","24.200969","3"
"12842","66000","387130000C","(04)23274275","(04)23288582","2026","1","31","14","44","臺中市","西屯區","0","1","0","7","2","6","50","4","1","1","5","4","6","6","4","4","5","5","5","2","15","2","9","1","1","C03","7","9","1","10","2","11","","15","15","1","12","4","120.624223","24.186028","2"
"12843","66000","387130000C","(04)23274275","(04)23288582","2026","1","31","14","46","臺中市","南區","0","0","0","7","","","50","","","","","","","","","","","","","","","","","","","B12","","","1","","2","","","8","8","1","12","4","120.685953","24.134333","3"
"12844","66000","387130000C","(04)23274275","(04)23288582","2026","1","31","14","46","臺中市","石岡區","0","0","0","7","","","70","","","","","","","","","","","","","","","","","","","B03","","","1","","1","","","84","84","1","12","4","120.784563","24.274649","3"
"12845","66000","387130000C","(04)23274275","(04)23288582","2026","1","31","14","47","臺中市","西區","0","1","0","7","2","6","40","4","1","1","5","4","6","6","1","1","10","5","5","2","17","2","9","2","1","C03","7","9","1","9","2","11","","7","7","1","12","4","120.663707","24.154603","2"
"12846","66000","387130000C","(04)23274275","(04)23288582","2026","1","31","14","47","臺中市","北區","0","2","0","7","3","6","50","18","24","1","5","4","6","6","4","4","3","5","4","2","18","2","9","5","4","C03","7","9","1","10","2","14","","84","84","1","13","4","120.675907","24.159607","2"
"12847","66000","387130000C","(04)23274275","(04)23288582","2026","1","31","14","47","臺中市","南屯區","0","0","0","7","","","40","","","","","","","","","","","","","","","","","","","B03","","","1","","9","","","84","84","2","13","4","120.643251","24.145241","3"
"12848","66000","387130000C","(04)23274275","(04)23288582","2026","1","31","14","47","臺中市","大肚區","0","0","0","7","","","50","","","","","","","","","","","","","","14","","","","","B03","","","1","","2","","","49","49","1","6","4","120.545933","24.148737","3"
"12849","66000","387130000C","(04)23274275","(04)23288582","2026","1","31","14","48","臺中市","太平區","0","2","0","7","3","6","50","13","9","1","5","4","6","6","4","4","9","5","5","2","16","2","8","1","1","C03","7","9","1","10","2","11","","7","7","1","12","4","120.714997","24.152186","2"
"12850","66000","387130000C","(04)23274275","(04)23288582","2026","1","31","14","50","臺中市","清水區","0","0","0","7","","","50","","","","","","","","","","","","","","","","","","","B03","","","1","","2","","","7","7","1","12","4","120.557021","24.26648","3"
"12851","66000","387130000C","(04)23274275","(04)23288582","2026","1","31","14","57","臺中市","西區","0","0","0","7","","","60","","","","","","","","","","","","","","13","","","","","B03","","","1","","2","","","7","7","1","12","4","120.665261","24.153944","3"
"12852","66000","387130000C","(04)23274275","(04)23288582","2026","1","31","15","2","臺中市","南區","0","0","0","7","","","50","","","","","","","","","","","","","","17","","","","","B03","","","1","","2","","","84","84","1","12","4","120.670332","24.11486","3"
"12853","66000","387130000C","(04)23274275","(04)23288582","2026","1","31","15","4","臺中市","大里區","0","2","0","7","2","6","30","5","1","1","5","4","6","6","4","4","10","5","5","2","16","2","9","5","4","C03","7","6","1","10","2","11","","14","14","1","12","4","120.69337","24.077944","2"
"12854","66000","387130000C","(04)23274275","(04)23288582","2026","1","31","15","5","臺中市","北區","0","2","0","7","2","6","40","13","8","1","5","4","6","6","4","4","1","4","4","2","13","2","9","1","1","C03","7","9","1","10","2","11","14","7","7","1","13","4","120.685148","24.16415","2"
"12855","66000","387130000C","(04)23274275","(04)23288582","2026","1","31","15","11","臺中市","南區","0","0","0","7","","","50","","","","","","","","","","","","","","","","","","","B03","","","1","","2","","","84","84","1","12","4","120.662095","24.123878","3"
"12856","66000","387130000C","(04)23274275","(04)23288582","2026","1","31","15","15","臺中市","西屯區","0","0","0","7","","","40","","","","","","","","","","","","","","12","","","","","C03","","","1","","1","","","84","84","1","13","4","120.652481","24.160799","3"
"12857","66000","387130000C","(04)23274275","(04)23288582","2026","1","31","15","22","臺中市","豐原區","0","1","0","7","2","6","60","13","9","1","5","4","6","6","4","4","1","4","4","1","17","3","10","3","1","B03","7","7","1","8","2","6","","40","40","1","13","4","120.703405","24.252724","2"
"12858","66000","387130000C","(04)23274275","(04)23288582","2026","1","31","15","24","臺中市","豐原區","0","2","0","7","2","6","50","3","1","1","5","4","6","6","4","4","5","4","4","2","16","3","10","3","1","B03","7","6","1","8","2","6","","20","20","1","12","4","120.699095","24.247338","2"
"12859","66000","387130000C","(04)23274275","(04)23288582","2026","1","31","15","26","臺中市","大里區","0","0","0","7","3","6","50","4","9","1","5","4","6","6","1","1","1","4","5","1","12","","","","","B03","","","1","","2","","","8","8","1","12","4","120.671615","24.102158","3"
"12860","66000","387130000C","(04)23274275","(04)23288582","2026","1","31","15","28","臺中市","北屯區","0","0","0","7","","","50","","","","","","","","","","","","","","13","","","","","B03","","","1","","2","","","7","7","1","6","4","120.685167","24.180209","3"
"12861","66000","387130000C","(04)23274275","(04)23288582","2026","1","31","15","28","臺中市","太平區","0","0","0","7","","","50","","","","","","","","","","","","","","","","","","","B11","","","1","","2","","","78","78","1","13","4","120.701569","24.153791","3"
"12862","66000","387130000C","(04)23274275","(04)23288582","2026","1","31","15","29","臺中市","后里區","0","1","0","6","3","6","50","11","9","1","5","4","6","6","4","4","5","5","5","1","30","2","9","1","1","C03","7","9","1","10","2","14","","84","84","1","10","4","120.714525","24.330758","2"
"12863","66000","387130000C","(04)23274275","(04)23288582","2026","1","31","15","32","臺中市","烏日區","0","0","0","7","2","6","50","13","7","1","5","4","6","6","4","4","3","4","4","2","13","","","","","B03","","","1","","1","","","7","7","1","6","4","120.643693","24.109794","3"
"12864","66000","387130000C","(04)23274275","(04)23288582","2026","1","31","15","32","臺中市","大甲區","0","0","0","7","","","50","","","","","","","","","","","","","","12","","","","","B03","","","1","","1","","","51","51","1","13","4","120.623724","24.340879","3"
"12865","66000","387130000C","(04)23274275","(04)23288582","2026","1","31","15","33","臺中市","中區","0","1","0","7","2","6","50","3","9","1","5","4","6","6","4","4","5","4","5","2","11","3","10","3","1","B03","7","8","1","8","2","4","","40","40","1","13","4","120.682145","24.136747","2"
"12866","66000","387130000C","(04)23274275","(04)23288582","2026","1","31","15","34","臺中市","大里區","0","0","0","7","","","50","","","","","","","","","","","","","","","","","","","A11","","","1","","11","","","1","1","1","12","4","120.698994","24.096528","3"
"12867","66000","387130000C","(04)23274275","(04)23288582","2026","1","31","15","40","臺中市","烏日區","0","2","0","7","3","6","50","4","2","1","5","4","6","6","1","1","3","4","5","1","17","2","9","2","1","C03","7","11","1","10","2","14","","20","20","1","6","4","120.64329","24.077028","2"
"12868","66000","387130000C","(04)23274275","(04)23288582","2026","1","31","15","42","臺中市","太平區","0","1","0","7","3","6","50","4","1","1","5","4","6","6","2","1","10","5","5","2","16","3","10","5","1","B03","7","5","1","8","2","5","","20","20","1","13","4","120.720387","24.159047","2"
"12869","66000","387130000C","(04)23274275","(04)23288582","2026","1","31","15","42","臺中市","清水區","0","0","0","7","","","70","","","","","","","","","","","","","","","","","","","B03","","","1","","2","","","20","20","1","12","4","120.565399","24.266777","3"
"12870","66000","387130000C","(04)23274275","(04)23288582","2026","1","31","15","43","臺中市","西屯區","0","0","0","7","","","50","","","","","","","","","","","","","","14","","","","","B12","","","1","","9","","","49","49","1","12","4","120.645729","24.17987","3"
"12871","66000","387130000C","(04)23274275","(04)23288582","2026","1","31","15","49","臺中市","清水區","0","0","0","7","","","40","","","","","","","","","","","","","","","","","","","B03","","","1","","2","","","50","50","1","12","4","120.541437","24.279631","3"
"12872","66000","387130000C","(04)23274275","(04)23288582","2026","1","31","15","53","臺中市","西屯區","0","2","0","7","2","6","50","13","8","1","5","4","6","6","4","4","3","4","4","2","16","3","10","3","1","B03","7","5","1","8","2","6","","84","84","1","13","4","120.660041","24.173784","2"
"12873","66000","387130000C","(04)23274275","(04)23288582","2026","1","31","15","56","臺中市","東區","0","1","0","7","1","6","50","4","1","1","5","4","6","6","4","4","9","4","5","2","15","2","9","1","1","C03","7","9","3","19","2","11","12","15","15","1","12","4","120.699043","24.141334","2"
"12874","66000","387130000C","(04)23274275","(04)23288582","2026","1","31","15","56","臺中市","南屯區","0","0","0","7","3","6","50","13","9","1","5","4","6","6","4","4","5","4","5","2","13","","","","","C03","","","1","","1","","","7","7","1","12","4","120.633033","24.145911","3"
"12875","66000","387130000C","(04)23274275","(04)23288582","2026","1","31","16","0","臺中市","大雅區","0","0","0","6","","","50","","","","","","","","","","","","","","","","","","","C03","","","1","","2","","","7","7","1","13","4","120.650218","24.220121","3"
"12876","66000","387130000C","(04)23274275","(04)23288582","2026","1","31","16","0","臺中市","北屯區","0","0","0","7","","","50","","","","","","","","","","","","","","","","","","","B12","","","1","","1","","","49","49","1","12","4","120.695116","24.176786","3"
"12877","66000","387130000C","(04)23274275","(04)23288582","2026","1","31","16","1","臺中市","霧峰區","0","0","0","7","","","70","","","","","","","","","","","","","","13","","","","","B03","","","1","","2","","","7","7","1","13","4","120.66387","24.080257","3"
"12878","66000","387130000C","(04)23274275","(04)23288582","2026","1","31","16","2","臺中市","北屯區","0","0","0","7","","","40","","","","","","","","","","","","","","17","","","","","B03","","","1","","1","","","51","51","1","6","4","120.691981","24.164923","3"
"12879","66000","387130000C","(04)23274275","(04)23288582","2026","1","31","16","2","臺中市","北屯區","0","0","0","7","","","50","","","","","","","","","","","","","","","","","","","B03","","","1","","1","","","20","20","1","13","4","120.691171","24.162157","3"
"12880","66000","387130000C","(04)23274275","(04)23288582","2026","1","31","16","3","臺中市","豐原區","0","0","0","7","","","50","","","","","","","","","","","","","","13","","","","","C03","","","1","","2","","","34","34","1","12","4","120.716259","24.251632","3"
"12881","66000","387130000C","(04)23274275","(04)23288582","2026","1","31","16","13","臺中市","北屯區","0","0","0","7","","3","50","","","","","","","","","","","","","","","","","","","B03","","","1","","9","","","84","84","1","12","4","120.679997","24.201179","3"
"12882","66000","387130000C","(04)23274275","(04)23288582","2026","1","31","16","15","臺中市","大甲區","0","1","0","7","3","6","60","5","1","1","5","4","6","6","2","1","10","5","5","2","11","2","9","1","1","C03","7","9","1","10","2","11","","4","4","1","12","4","120.618349","24.338822","2"
"12883","66000","387130000C","(04)23274275","(04)23288582","2026","1","31","16","16","臺中市","西屯區","0","0","0","7","","","50","","","","","","","","","","","","","","14","","","","","C03","","","1","","1","","","49","49","1","12","4","120.645498","24.17055","3"
"12884","66000","387130000C","(04)23274275","(04)23288582","2026","1","31","16","17","臺中市","東區","0","0","0","7","","","50","","","","","","","","","","","","","","","","","","","B03","","","1","","2","","","40","40","1","6","4","120.689628","24.137752","3"
"12885","66000","387130000C","(04)23274275","(04)23288582","2026","1","31","16","18","臺中市","大里區","0","0","0","7","","","60","","","","","","","","","","","","","","17","","","","","C02","","","1","","2","","","26","26","2","6","4","120.688603","24.080699","3"
"12886","66000","387130000C","(04)23274275","(04)23288582","2026","1","31","16","20","臺中市","北屯區","0","2","0","7","3","6","50","3","1","1","5","4","6","6","4","4","10","5","5","2","17","2","9","2","1","C03","7","9","1","10","2","11","","15","15","1","6","4","120.690152","24.170568","2"
"12887","66000","387130000C","(04)23274275","(04)23288582","2026","1","31","16","21","臺中市","西屯區","0","0","0","7","","","50","","","","","","","","","","","","","","23","","","","","B03","","","1","","2","","","84","84","1","12","4","120.628639","24.162648","3"
"12888","66000","387130000C","(04)23274275","(04)23288582","2026","1","31","16","21","臺中市","西屯區","0","0","0","7","","","50","","","","","","","","","","","","","","12","","","","","B02","","","1","","1","","","8","8","1","12","4","120.655132","24.164343","3"
"12889","66000","387130000C","(04)23274275","(04)23288582","2026","1","31","16","24","臺中市","豐原區","0","0","0","7","","","50","","","","","","","","","","","","","","17","","","","","B03","","","1","","2","","","11","11","1","12","4","120.700853","24.249248","3"
"12890","66000","387130000C","(04)23274275","(04)23288582","2026","1","31","16","26","臺中市","北屯區","0","0","0","7","","","50","","","","","","","","","","","","","","","","","","","B03","","","1","","1","","","8","8","1","12","4","120.673482","24.189803","3"
"12891","66000","387130000C","(04)23274275","(04)23288582","2026","1","31","16","28","臺中市","西屯區","0","0","0","7","","","50","","","","","","","","","","","","","","13","","","","","B03","","","1","","2","","","59","59","1","12","4","120.660672","24.168449","3"
"12892","66000","387130000C","(04)23274275","(04)23288582","2026","1","31","16","33","臺中市","西屯區","0","2","0","7","2","6","40","3","1","1","5","4","6","6","2","1","10","5","5","2","16","3","10","5","4","B03","7","5","1","8","2","6","","11","11","1","12","4","120.602529","24.182548","2"
"12893","66000","387130000C","(04)23274275","(04)23288582","2026","1","31","16","37","臺中市","霧峰區","0","1","0","7","2","6","50","13","9","1","5","4","6","6","4","4","5","4","5","2","17","2","9","5","4","C03","7","15","1","10","2","11","","84","84","1","12","4","120.695629","24.063884","2"
"12894","66000","387130000C","(04)23274275","(04)23288582","2026","1","31","16","40","臺中市","清水區","0","0","0","7","","","50","","","","","","","","","","","","","","","","","","","A41","","","1","","2","","","49","49","1","12","4","120.576554","24.265502","3"
"12895","66000","387130000C","(04)23274275","(04)23288582","2026","1","31","16","41","臺中市","南屯區","0","2","0","7","2","6","50","4","1","1","5","4","6","6","1","1","9","5","5","2","17","2","9","2","1","C03","7","6","1","10","2","14","","48","48","1","13","4","120.634382","24.13638","2"
"12896","66000","387130000C","(04)23274275","(04)23288582","2026","1","31","16","43","臺中市","北區","0","1","0","7","3","6","40","18","9","1","5","4","6","6","4","4","1","4","4","2","17","2","9","1","1","C03","7","9","1","9","2","12","","84","84","1","12","4","120.676997","24.151162","2"
"12897","66000","387130000C","(04)23274275","(04)23288582","2026","1","31","16","44","臺中市","西區","0","0","0","7","","","50","","","","","","","","","","","","","","17","","","","","C03","","","1","","2","","","68","68","1","12","4","120.661799","24.148893","3"
"12898","66000","387130000C","(04)23274275","(04)23288582","2026","1","31","16","44","臺中市","北屯區","0","0","0","7","","","50","","","","","","","","","","","","","","13","","","","","B03","","","1","","1","","","84","84","1","12","4","120.683479","24.172371","3"
"12899","66000","387130000C","(04)23274275","(04)23288582","2026","1","31","16","46","臺中市","北區","0","0","0","7","","","50","","","","","","","","","","","","","","30","","","","","A12","","","1","","2","","","84","84","1","12","4","120.696389","24.160913","3"
"12900","66000","387130000C","(04)23274275","(04)23288582","2026","1","31","16","47","臺中市","太平區","0","1","0","7","2","6","50","13","9","1","5","4","6","6","4","4","5","2","5","2","18","2","9","2","1","C03","7","9","1","10","2","14","","68","68","1","6","4","120.726137","24.134094","2"
"12901","66000","387130000C","(04)23274275","(04)23288582","2026","1","31","16","48","臺中市","西屯區","0","1","0","7","2","6","50","3","9","1","5","4","6","6","1","1","10","4","5","2","12","2","8","1","1","C03","7","9","1","10","2","12","","8","8","1","13","4","120.657903","24.200763","2"
"12902","66000","387130000C","(04)23274275","(04)23288582","2026","1","31","16","48","臺中市","烏日區","0","2","0","6","2","6","50","4","1","1","5","4","6","6","1","1","5","4","4","1","16","2","8","1","1","C03","7","6","1","10","2","13","","48","48","1","6","4","120.625907","24.106109","2"
"12903","66000","387130000C","(04)23274275","(04)23288582","2026","1","31","16","50","臺中市","神岡區","0","1","0","7","3","6","50","13","9","1","5","4","6","6","4","4","5","5","5","2","12","2","9","1","1","F03","7","9","7","21","2","15","","6","6","1","13","4","120.695381","24.237026","2"
"12904","66000","387130000C","(04)23274275","(04)23288582","2026","1","31","16","52","臺中市","太平區","0","0","0","7","","","50","","","","","","","","","","","","","","14","","","","","B03","","","1","","2","","","49","49","1","13","4","120.723313","24.12285","3"
"12905","66000","387130000C","(04)23274275","(04)23288582","2026","1","31","17","1","臺中市","清水區","0","1","0","7","3","6","30","4","2","1","5","4","6","6","3","1","10","5","5","2","9","","","","","","","21","","","","","","86","86","2","","","120.579036","24.270942","2"
"12906","66000","387130000C","(04)23274275","(04)23288582","2026","1","31","17","3","臺中市","北屯區","0","2","0","7","3","6","50","13","9","1","5","4","6","6","4","4","1","4","5","2","13","2","2","2","1","C03","7","9","1","10","2","11","","7","7","1","6","4","120.690085","24.171683","2"
"12907","66000","387130000C","(04)23274275","(04)23288582","2026","1","31","17","3","臺中市","太平區","0","0","0","7","","","30","","","","","","","","","","","","","","15","","","","","B03","","","1","","1","","","12","12","1","12","4","120.723863","24.129847","3"
"12908","66000","387130000C","(04)23274275","(04)23288582","2026","1","31","17","7","臺中市","大甲區","0","0","0","7","","","50","","","","","","","","","","","","","","10","","","","","C03","","","1","","1","","","7","7","1","13","4","120.627746","24.346617","3"