序號,縣市別代碼,機關代碼,市話,傳真,年,月,日,時,分,縣市,區,死亡數量,受傷數量,2-30,天候,道路照明設備,道路類別,道路速限,道路型態,事故位置,路面鋪裝,路面狀態,路面缺陷,障礙物,視距,號誌種類,號誌動作,分向設施,快車道或一般車道間,快慢車道間,路面邊線,事故類型及型態,受傷程度,主要傷處,保護裝備,行動電話或功能裝置,當事者區分(類別),車輛用途,當事者行動狀態,駕照狀態,駕照種類,飲酒情形,車輛撞擊部位最初,車輛撞擊部位其他,肇事因素個別,肇事因素主要,肇事逃逸,職業,共享經濟或外送平台,GPS座標X,GPS座標Y,事故類別
"12909","66000","387130000C","(04)23274275","(04)23288582","2026","1","31","17","8","臺中市","豐原區","0","1","0","6","2","6","50","13","9","1","5","4","6","6","4","4","1","4","5","1","16","2","9","2","1","C03","7","8","1","10","2","13","","40","40","1","6","4","120.757211","24.275468","2"
"12910","66000","387130000C","(04)23274275","(04)23288582","2026","1","31","17","10","臺中市","西屯區","0","0","0","7","","","40","","","","","","","","","","","","","","13","","","","","B12","","","1","","1","","","59","59","1","12","4","120.644251","24.194815","3"
"12911","66000","387130000C","(04)23274275","(04)23288582","2026","1","31","17","11","臺中市","太平區","0","1","0","7","3","6","50","13","9","1","5","4","6","6","4","4","5","2","5","2","11","2","8","1","1","C03","7","5","1","10","2","14","","4","4","1","13","4","120.721933","24.155818","2"
"12912","66000","387130000C","(04)23274275","(04)23288582","2026","1","31","17","14","臺中市","太平區","0","1","0","7","2","6","50","13","7","1","5","4","6","6","4","4","5","5","4","2","12","2","9","1","1","C03","7","9","1","10","2","11","14","84","84","1","9","4","120.724444","24.13274","2"
"12913","66000","387130000C","(04)23274275","(04)23288582","2026","1","31","17","25","臺中市","西屯區","0","0","0","7","","","50","","","","","","","","","","","","","","13","","","","","C04","","","1","","2","","","7","7","1","12","4","120.650614","24.164092","3"
"12914","66000","387130000C","(04)23274275","(04)23288582","2026","1","31","17","26","臺中市","北屯區","0","1","0","7","3","6","50","3","1","1","5","4","6","6","1","1","10","5","5","2","16","3","10","3","1","B03","7","6","1","8","2","5","","11","11","1","6","4","120.665615","24.1828","2"
"12915","66000","387130000C","(04)23274275","(04)23288582","2026","1","31","17","28","臺中市","太平區","0","3","0","7","3","6","30","11","9","1","5","4","6","6","4","4","5","5","5","1","11","2","9","2","1","C03","7","5","1","10","2","14","","4","4","1","13","4","120.808065","24.095749","2"
"12916","66000","387130000C","(04)23274275","(04)23288582","2026","1","31","17","31","臺中市","南區","0","1","0","7","1","6","50","4","1","1","5","4","6","6","1","1","10","5","5","2","16","4","11","5","4","C03","7","15","6","20","11","13","","42","42","2","12","4","120.679135","24.126487","2"
"12917","66000","387130000C","(04)23274275","(04)23288582","2026","1","31","17","32","臺中市","西屯區","0","0","0","7","","","50","","","","","","","","","","","","","","13","","","","","B03","","","1","","1","","","59","59","1","13","4","120.657838","24.163311","3"
"12918","66000","387130000C","(04)23274275","(04)23288582","2026","1","31","17","32","臺中市","大甲區","0","0","0","7","","","50","","","","","","","","","","","","","","","","","","","F01","","","7","","1","","","8","8","1","4","1","120.651681","24.398013","3"
"12919","66000","387130000C","(04)23274275","(04)23288582","2026","1","31","17","34","臺中市","北屯區","0","0","0","7","","","50","","","","","","","","","","","","","","","","","","","C03","","","5","","9","","","84","84","2","13","4","120.699639","24.164722","3"
"12920","66000","387130000C","(04)23274275","(04)23288582","2026","1","31","17","35","臺中市","北屯區","0","0","0","7","","","50","","","","","","","","","","","","","","","","","","","C03","","","1","","1","","","68","68","1","12","4","120.693801","24.162","4"
"12921","66000","387130000C","(04)23274275","(04)23288582","2026","1","31","17","41","臺中市","太平區","0","1","0","7","2","6","50","3","2","1","5","4","6","6","4","4","5","5","5","1","13","2","8","2","1","C03","7","9","1","10","2","11","","7","7","1","6","4","120.719633","24.121444","2"
"12922","66000","387130000C","(04)23274275","(04)23288582","2026","1","31","17","41","臺中市","清水區","0","0","0","7","","","50","","","","","","","","","","","","","","","","","","","B03","","","1","","2","","","15","15","1","12","4","120.548943","24.274655","3"
"12923","66000","387130000C","(04)23274275","(04)23288582","2026","1","31","17","42","臺中市","南屯區","0","2","0","7","3","6","50","13","9","1","5","4","6","6","1","1","1","4","5","2","12","2","9","1","1","C03","7","9","1","10","1","14","","7","7","1","12","4","120.64659","24.140105","2"
"12924","66000","387130000C","(04)23274275","(04)23288582","2026","1","31","17","46","臺中市","北屯區","0","1","0","7","1","6","50","4","4","1","5","4","6","6","2","1","3","4","5","2","13","3","10","3","1","B03","7","9","1","8","2","1","","7","7","1","12","4","120.694162","24.164677","2"
"12925","66000","387130000C","(04)23274275","(04)23288582","2026","1","31","17","47","臺中市","西屯區","0","0","0","7","","","40","","","","","","","","","","","","","","12","","","","","B03","","","1","","2","","","51","51","1","12","4","120.624119","24.179898","3"
"12926","66000","387130000C","(04)23274275","(04)23288582","2026","1","31","17","49","臺中市","大安區","0","1","0","7","3","6","50","4","1","1","5","4","6","6","1","1","4","4","5","1","11","3","10","1","1","C03","7","6","5","10","2","11","","48","48","1","13","4","120.602028","24.374123","2"
"12927","66000","387130000C","(04)23274275","(04)23288582","2026","1","31","17","50","臺中市","北屯區","0","1","0","7","3","6","50","4","1","1","5","4","6","6","1","1","10","5","5","2","17","3","10","3","1","B03","7","5","1","8","2","6","","11","11","1","6","4","120.678356","24.184126","2"
"12928","66000","387130000C","(04)23274275","(04)23288582","2026","1","31","17","51","臺中市","西屯區","0","0","0","7","","","50","","","","","","","","","","","","","","13","","","","","B03","","","1","","2","","","59","59","1","12","4","120.660811","24.171467","3"
"12929","66000","387130000C","(04)23274275","(04)23288582","2026","1","31","17","52","臺中市","清水區","0","0","0","7","","","50","","","","","","","","","","","","","","","","","","","B03","","","1","","2","","","8","8","1","12","4","120.568579","24.273844","3"
"12930","66000","387130000C","(04)23274275","(04)23288582","2026","1","31","17","55","臺中市","南區","0","0","0","7","","","50","","","","","","","","","","","","","","13","","","","","C03","","","1","","1","","","7","7","1","6","4","120.659657","24.11911","3"
"12931","66000","387130000C","(04)23274275","(04)23288582","2026","1","31","17","55","臺中市","西屯區","0","1","0","7","1","6","50","4","1","1","5","4","6","6","1","1","10","5","5","2","16","3","10","5","1","B03","7","5","1","8","2","1","","47","47","1","12","4","120.623126","24.175986","2"
"12932","66000","387130000C","(04)23274275","(04)23288582","2026","1","31","17","59","臺中市","西區","0","0","0","7","","","50","","","","","","","","","","","","","","17","","","","","B03","","","1","","1","","","40","40","1","12","4","120.661656","24.149025","3"
"12933","66000","387130000C","(04)23274275","(04)23288582","2026","1","31","18","1","臺中市","南屯區","0","1","0","7","2","6","50","4","1","1","5","4","6","6","1","1","3","5","5","2","3","3","10","3","1","B03","7","6","1","8","2","8","","10","10","1","13","4","120.652151","24.150783","2"
"12934","66000","387130000C","(04)23274275","(04)23288582","2026","1","31","18","2","臺中市","西屯區","0","0","0","7","","","50","","","","","","","","","","","","","","13","","","","","C03","","","3","","1","","","7","7","1","12","4","120.640223","24.161712","3"
"12935","66000","387130000C","(04)23274275","(04)23288582","2026","1","31","18","3","臺中市","豐原區","0","0","0","7","","","50","","","","","","","","","","","","","","","","","","","B03","","","1","","2","","","21","21","1","13","4","120.71864","24.238098","3"
"12936","66000","387130000C","(04)23274275","(04)23288582","2026","1","31","18","5","臺中市","東區","0","1","0","7","1","6","40","3","1","1","5","4","6","6","4","4","10","5","5","2","17","3","10","5","1","B03","7","13","6","20","2","4","","76","76","1","12","4","120.692389","24.143477","2"
"12937","66000","387130000C","(04)23274275","(04)23288582","2026","1","31","18","5","臺中市","新社區","0","0","0","7","","","40","","","","","","","","","","","","","","","","","","","B12","","","1","","1","","","1","1","1","12","4","120.835242","24.172252","3"
"12938","66000","387130000C","(04)23274275","(04)23288582","2026","1","31","18","6","臺中市","西屯區","0","0","0","7","","","50","","","","","","","","","","","","","","16","","","","","B03","","","1","","1","","","14","14","1","13","4","120.658783","24.19166","3"
"12939","66000","387130000C","(04)23274275","(04)23288582","2026","1","31","18","8","臺中市","大甲區","0","2","0","7","1","6","50","3","1","1","5","4","6","6","4","4","10","5","5","2","11","2","9","5","4","C03","7","6","1","10","2","11","","14","14","1","6","4","120.623206","24.347946","2"
"12940","66000","387130000C","(04)23274275","(04)23288582","2026","1","31","18","14","臺中市","南屯區","0","0","0","7","","","40","","","","","","","","","","","","","","17","","","","","B03","","","1","","2","","","8","8","1","6","4","120.623594","24.148997","3"
"12941","66000","387130000C","(04)23274275","(04)23288582","2026","1","31","18","20","臺中市","北屯區","0","0","0","7","","","50","","","","","","","","","","","","","","9","","","","","B03","","","1","","1","","","40","40","1","12","4","120.686504","24.193219","3"
"12942","66000","387130000C","(04)23274275","(04)23288582","2026","1","31","18","21","臺中市","龍井區","0","1","0","7","3","6","50","18","9","1","5","4","6","6","4","4","5","5","5","2","13","3","10","3","1","B03","7","9","1","8","2","8","","7","7","1","6","4","120.592805","24.182057","2"
"12943","66000","387130000C","(04)23274275","(04)23288582","2026","1","31","18","30","臺中市","西區","0","0","0","7","","","50","","","","","","","","","","","","","","17","","","","","B03","","","1","","2","","","50","50","1","13","4","120.66453","24.132182","3"
"12944","66000","387130000C","(04)23274275","(04)23288582","2026","1","31","18","30","臺中市","西屯區","0","0","0","7","","","50","","","","","","","","","","","","","","12","","","","","C03","","","5","","2","","","8","8","1","12","4","120.657318","24.197436","3"
"12945","66000","387130000C","(04)23274275","(04)23288582","2026","1","31","18","41","臺中市","太平區","0","0","0","7","","","30","","","","","","","","","","","","","","14","","","","","B03","","","1","","2","","","49","49","1","13","4","120.715033","24.144504","3"
"12946","66000","387130000C","(04)23274275","(04)23288582","2026","1","31","18","44","臺中市","西屯區","0","0","0","7","","","50","","","","","","","","","","","","","","13","","","","","B02","","","1","","1","","","56","56","1","12","4","120.64693","24.168943","3"
"12947","66000","387130000C","(04)23274275","(04)23288582","2026","1","31","18","45","臺中市","西屯區","0","2","0","7","1","6","50","3","1","1","5","4","6","6","4","4","10","5","5","2","11","2","9","2","1","C03","7","6","1","10","2","11","","14","14","1","12","4","120.640476","24.175862","2"
"12948","66000","387130000C","(04)23274275","(04)23288582","2026","1","31","18","48","臺中市","南屯區","0","0","0","7","","3","30","","","","","","","","","","","","","","12","","","","","B03","","","1","","1","","","8","8","1","13","4","120.620764","24.132151","3"
"12949","66000","387130000C","(04)23274275","(04)23288582","2026","1","31","18","48","臺中市","沙鹿區","0","0","0","7","","","40","","","","","","","","","","","","","","","","","","","B03","","","1","","2","","","84","84","1","12","4","120.572778","24.202101","3"
"12950","66000","387130000C","(04)23274275","(04)23288582","2026","1","31","18","51","臺中市","東區","0","0","0","7","","","50","","","","","","","","","","","","","","","","","","","B03","","","1","","1","","","7","7","1","12","4","120.695394","24.139085","3"
"12951","66000","387130000C","(04)23274275","(04)23288582","2026","1","31","18","51","臺中市","大里區","0","1","0","7","1","6","50","4","1","1","5","4","6","6","2","1","5","4","5","1","16","3","10","3","1","B03","7","6","1","8","2","6","","11","11","1","12","4","120.676106","24.114954","2"
"12952","66000","387130000C","(04)23274275","(04)23288582","2026","1","31","18","55","臺中市","北區","0","0","0","7","","","50","","","","","","","","","","","","","","17","","","","","B03","","","1","","2","","","54","54","1","13","4","120.68429","24.15539","3"
"12953","66000","387130000C","(04)23274275","(04)23288582","2026","1","31","18","57","臺中市","南區","0","1","0","7","1","6","50","4","1","1","5","4","6","6","2","1","3","5","5","2","18","2","9","2","1","C03","7","9","1","10","2","15","","84","84","1","6","4","120.678513","24.128151","2"
"12954","66000","387130000C","(04)23274275","(04)23288582","2026","1","31","18","58","臺中市","豐原區","0","1","0","7","1","6","50","4","9","1","5","4","6","6","2","1","1","5","4","2","3","3","10","3","1","B03","7","6","1","8","2","1","","10","10","1","12","4","120.721973","24.252018","2"
"12955","66000","387130000C","(04)23274275","(04)23288582","2026","1","31","19","4","臺中市","潭子區","0","0","0","7","","","50","","","","","","","","","","","","","","2","","","","","B03","","","1","","2","","","8","8","1","12","4","120.718032","24.191244","3"
"12956","66000","387130000C","(04)23274275","(04)23288582","2026","1","31","19","4","臺中市","豐原區","0","1","0","7","1","6","30","4","1","1","5","4","6","6","4","4","10","5","5","1","15","2","9","2","1","C03","7","9","1","10","2","11","12","15","15","1","6","4","120.718814","24.268136","2"
"12957","66000","387130000C","(04)23274275","(04)23288582","2026","1","31","19","13","臺中市","南區","0","0","0","7","","","50","","","","","","","","","","","","","","","","","","","B03","","","1","","1","","","7","7","1","12","4","120.657181","24.124991","3"
"12958","66000","387130000C","(04)23274275","(04)23288582","2026","1","31","19","19","臺中市","豐原區","0","0","0","7","","","50","","","","","","","","","","","","","","","","","","","B03","","","1","","1","","","40","40","1","13","4","120.725711","24.246364","3"
"12959","66000","387130000C","(04)23274275","(04)23288582","2026","1","31","19","20","臺中市","潭子區","0","0","0","7","","","50","","","","","","","","","","","","","","","","","","","","","","","","","","","118","118","1","","","120.709394","24.215298","3"
"12960","66000","387130000C","(04)23274275","(04)23288582","2026","1","31","19","21","臺中市","北屯區","0","1","0","7","1","6","50","13","9","1","5","4","6","6","4","4","1","4","5","2","13","2","8","2","1","C03","7","8","1","10","2","12","","84","84","1","6","4","120.696798","24.168866","2"
"12961","66000","387130000C","(04)23274275","(04)23288582","2026","1","31","19","21","臺中市","大里區","0","1","0","6","1","6","30","13","9","1","5","4","6","6","4","4","10","5","5","2","18","2","9","1","1","C03","7","9","1","10","2","12","","59","59","1","12","4","120.676346","24.116439","2"
"12962","66000","387130000C","(04)23274275","(04)23288582","2026","1","31","19","25","臺中市","北區","0","2","0","7","1","6","50","13","9","1","5","4","6","6","4","4","9","5","4","2","17","3","10","3","1","B01","7","7","1","4","2","2","","40","40","1","12","4","120.677145","24.15917","2"
"12963","66000","387130000C","(04)23274275","(04)23288582","2026","1","31","19","25","臺中市","北屯區","0","0","0","7","","","50","","","","","","","","","","","","","","9","","","","","B03","","","1","","2","","","8","8","1","12","4","120.684487","24.196406","3"
"12964","66000","387130000C","(04)23274275","(04)23288582","2026","1","31","19","28","臺中市","大雅區","0","1","0","7","3","6","50","13","9","1","5","4","6","6","4","4","5","5","5","2","17","3","10","5","4","B03","7","6","1","8","2","7","","34","34","1","12","4","120.655546","24.224557","2"
"12965","66000","387130000C","(04)23274275","(04)23288582","2026","1","31","19","29","臺中市","西屯區","0","1","0","7","1","6","40","4","1","1","5","4","6","6","2","1","10","5","5","2","13","2","9","5","4","C03","7","9","1","10","1","11","","59","59","1","12","4","120.643974","24.165985","2"
"12966","66000","387130000C","(04)23274275","(04)23288582","2026","1","31","19","33","臺中市","北區","0","1","0","7","1","6","50","4","1","1","5","4","6","6","2","1","10","5","5","2","17","2","9","1","1","C03","7","9","1","10","2","11","","34","34","1","12","4","120.677944","24.167048","2"
"12967","66000","387130000C","(04)23274275","(04)23288582","2026","1","31","19","34","臺中市","龍井區","0","3","0","7","1","6","50","13","9","1","5","4","6","6","4","4","5","5","5","1","17","2","8","2","1","C03","7","1","1","10","2","11","14","51","51","1","5","4","120.587403","24.18122","2"
"12968","66000","387130000C","(04)23274275","(04)23288582","2026","1","31","19","39","臺中市","北區","0","0","0","7","","","50","","","","","","","","","","","","","","14","","","","","B03","","","1","","2","","","49","49","1","12","4","120.68568","24.153028","3"
"12969","66000","387130000C","(04)23274275","(04)23288582","2026","1","31","19","41","臺中市","太平區","0","1","0","7","1","6","30","4","1","1","5","4","6","6","4","4","5","5","5","2","15","3","10","3","1","B03","7","9","1","8","2","8","","12","12","1","6","4","120.719642","24.149929","2"
"12970","66000","387130000C","(04)23274275","(04)23288582","2026","1","31","19","47","臺中市","龍井區","0","0","0","7","","","50","","","","","","","","","","","","","","2","","","","","C03","","","1","","2","","","8","8","1","6","4","120.592935","24.182696","3"
"12971","66000","387130000C","(04)23274275","(04)23288582","2026","1","31","19","49","臺中市","豐原區","0","0","0","7","1","6","50","13","8","1","5","4","6","6","4","4","5","5","4","2","12","3","10","3","1","B12","7","15","1","8","2","1","","78","78","1","12","4","120.719779","24.253489","3"
"12972","66000","387130000C","(04)23274275","(04)23288582","2026","1","31","19","51","臺中市","清水區","0","1","0","7","1","6","50","4","1","1","5","4","6","6","1","1","8","1","4","1","17","3","10","3","1","B03","7","6","1","8","2","2","","20","20","1","12","4","120.547208","24.275428","2"
"12973","66000","387130000C","(04)23274275","(04)23288582","2026","1","31","19","54","臺中市","霧峰區","0","1","0","7","2","6","50","13","9","1","5","4","6","6","4","4","5","5","5","2","18","2","9","2","1","C03","7","9","1","10","2","14","","84","84","1","12","4","120.709342","24.079693","2"
"12974","66000","387130000C","(04)23274275","(04)23288582","2026","1","31","19","56","臺中市","北區","0","1","0","7","2","6","50","4","19","1","5","4","6","6","2","1","1","4","5","1","3","3","10","3","1","B03","7","5","1","8","2","1","","10","10","1","13","4","120.678266","24.163112","2"
"12975","66000","387130000C","(04)23274275","(04)23288582","2026","1","31","19","59","臺中市","北屯區","0","0","0","7","","","50","","","","","","","","","","","","","","9","","","","","H01","","","7","","2","","","109","109","1","4","5","120.709578","24.164649","3"
"12976","66000","387130000C","(04)23274275","(04)23288582","2026","1","31","20","10","臺中市","西屯區","0","0","0","7","","","50","","","","","","","","","","","","","","12","","","","","B03","","","1","","1","","","59","59","1","13","4","120.62225","24.186174","3"
"12977","66000","387130000C","(04)23274275","(04)23288582","2026","1","31","20","12","臺中市","東區","0","0","0","7","","","50","","","","","","","","","","","","","","17","","","","","B03","","","1","","1","","","49","49","1","12","4","120.700178","24.131547","3"
"12978","66000","387130000C","(04)23274275","(04)23288582","2026","1","31","20","12","臺中市","西屯區","0","1","0","7","1","6","50","11","9","1","5","4","6","6","4","4","9","5","5","2","18","2","9","1","1","C03","7","9","1","10","2","14","","84","84","1","12","4","120.609532","24.156071","2"
"12979","66000","387130000C","(04)23274275","(04)23288582","2026","1","31","20","18","臺中市","南屯區","0","0","0","7","1","6","50","13","9","1","5","4","6","6","1","1","5","2","5","2","13","","","","","B03","","","1","","2","","","7","7","1","12","4","120.649878","24.132044","3"
"12980","66000","387130000C","(04)23274275","(04)23288582","2026","1","31","20","25","臺中市","北屯區","0","0","0","7","","","50","","","","","","","","","","","","","","","","","","","C03","","","1","","2","","","14","14","1","13","4","120.732137","24.159739","3"
"12981","66000","387130000C","(04)23274275","(04)23288582","2026","1","31","20","34","臺中市","西區","0","0","0","7","","","50","","","","","","","","","","","","","","13","","","","","B03","","","1","","1","","","7","7","1","12","4","120.661642","24.150845","3"
"12982","66000","387130000C","(04)23274275","(04)23288582","2026","1","31","20","36","臺中市","大里區","0","1","0","7","1","6","30","3","2","1","5","4","6","6","4","4","10","5","5","2","17","2","8","1","1","C03","7","1","1","10","2","14","","84","84","1","12","4","120.68642","24.120598","2"
"12983","66000","387130000C","(04)23274275","(04)23288582","2026","1","31","20","40","臺中市","烏日區","0","2","0","7","1","6","50","13","7","1","5","4","6","6","4","4","5","4","1","2","17","2","9","2","1","C03","7","9","1","10","2","11","","7","7","1","6","4","120.648906","24.111132","2"
"12984","66000","387130000C","(04)23274275","(04)23288582","2026","1","31","20","47","臺中市","南屯區","0","2","0","7","1","6","50","13","9","1","5","4","6","6","1","1","1","2","1","2","12","2","9","1","1","C03","7","10","1","10","2","12","","40","40","1","12","4","120.623126","24.149465","2"
"12985","66000","387130000C","(04)23274275","(04)23288582","2026","1","31","20","49","臺中市","烏日區","0","0","0","7","","","50","","","","","","","","","","","","","","10","","","","","B03","","","1","","1","","","59","59","1","12","4","120.61513","24.11028","3"
"12986","66000","387130000C","(04)23274275","(04)23288582","2026","1","31","20","54","臺中市","大里區","0","2","0","6","1","6","50","3","2","1","5","4","6","6","4","4","5","5","5","1","16","2","2","3","1","B03","7","6","1","8","2","7","","48","48","1","12","4","120.7091","24.11124","2"
"12987","66000","387130000C","(04)23274275","(04)23288582","2026","1","31","21","0","臺中市","太平區","0","1","0","7","2","6","50","4","2","1","5","4","6","6","4","4","10","5","5","2","17","2","9","1","1","C03","7","9","1","10","2","16","","84","84","1","12","4","120.712548","24.157362","2"
"12988","66000","387130000C","(04)23274275","(04)23288582","2026","1","31","21","0","臺中市","沙鹿區","0","1","0","7","2","6","0","13","21","1","5","4","6","6","4","4","10","5","5","2","17","2","8","1","1","C03","7","9","1","10","2","11","","84","84","1","6","4","120.581673","24.209331","2"
"12989","66000","387130000C","(04)23274275","(04)23288582","2026","1","31","21","1","臺中市","南區","0","2","0","7","1","6","50","3","1","1","5","4","6","6","2","1","10","5","5","2","13","3","10","3","1","B03","7","9","1","8","2","1","","59","59","1","12","4","120.665844","24.127013","2"
"12990","66000","387130000C","(04)23274275","(04)23288582","2026","1","31","21","6","臺中市","豐原區","0","1","0","7","1","6","50","13","8","1","5","4","6","6","4","4","1","4","4","1","17","3","10","3","1","B03","7","7","1","8","2","5","2","40","40","1","6","4","120.731338","24.258372","2"
"12991","66000","387130000C","(04)23274275","(04)23288582","2026","1","31","21","13","臺中市","東區","0","0","0","7","","","50","","","","","","","","","","","","","","","","","","","B03","","","1","","2","","","7","7","1","13","4","120.709363","24.140735","4"
"12992","66000","387130000C","(04)23274275","(04)23288582","2026","1","31","21","13","臺中市","北屯區","0","1","0","7","1","6","50","4","1","1","5","4","6","6","2","1","10","5","5","2","16","3","10","3","1","B03","7","5","1","8","2","2","","20","20","1","12","4","120.719735","24.17491","2"
"12993","66000","387130000C","(04)23274275","(04)23288582","2026","1","31","21","22","臺中市","北屯區","0","2","0","7","1","6","50","4","1","1","5","4","6","6","2","1","10","5","5","2","13","2","9","2","1","C03","7","9","1","10","2","12","","7","7","1","6","4","120.694253","24.164803","2"
"12994","66000","387130000C","(04)23274275","(04)23288582","2026","1","31","21","34","臺中市","梧棲區","0","1","0","7","1","6","40","13","8","1","5","2","6","6","4","4","1","5","1","1","18","2","1","1","1","C03","7","9","1","10","2","14","","87","87","1","12","4","120.530935","24.251705","2"
"12995","66000","387130000C","(04)23274275","(04)23288582","2026","1","31","21","35","臺中市","南屯區","0","2","0","7","1","6","30","4","1","1","5","4","6","1","4","4","10","5","5","2","17","3","10","3","1","B01","7","6","1","4","2","8","","20","20","1","12","4","120.638068","24.141002","2"
"12996","66000","387130000C","(04)23274275","(04)23288582","2026","1","31","21","41","臺中市","南屯區","0","0","0","7","","","50","","","","","","","","","","","","","","","","","","","B03","","","1","","2","","","85","85","1","13","4","120.623497","24.149515","3"
"12997","66000","387130000C","(04)23274275","(04)23288582","2026","1","31","21","46","臺中市","北屯區","0","0","0","7","","","50","","","","","","","","","","","","","","12","","","","","B03","","","1","","1","","","1","1","2","6","4","120.6937","24.179973","3"
"12998","66000","387130000C","(04)23274275","(04)23288582","2026","1","31","21","50","臺中市","北屯區","0","0","0","7","","","50","","","","","","","","","","","","","","","","","","","B02","","","1","","1","","","84","84","1","13","4","120.688219","24.193917","3"
"12999","66000","387130000C","(04)23274275","(04)23288582","2026","1","31","21","51","臺中市","大里區","0","0","0","7","","","50","","","","","","","","","","","","","","14","","","","","B03","","","1","","2","","","49","49","1","12","4","120.682251","24.101561","3"
"13000","66000","387130000C","(04)23274275","(04)23288582","2026","1","31","21","52","臺中市","西區","0","0","0","7","1","6","50","13","9","1","5","4","6","6","4","4","5","4","5","2","13","3","10","3","1","B02","7","9","1","8","8","1","","7","7","1","6","4","120.654749","24.146595","3"
"13001","66000","387130000C","(04)23274275","(04)23288582","2026","1","31","21","55","臺中市","東勢區","0","0","0","7","","","30","","","","","","","","","","","","","","","","","","","B12","","","1","","2","","","49","49","1","12","4","120.836595","24.251667","3"
"13002","66000","387130000C","(04)23274275","(04)23288582","2026","1","31","21","56","臺中市","豐原區","0","0","0","7","1","6","50","13","9","1","5","4","6","6","4","4","5","5","5","2","14","","","","","B03","","","1","","2","","","49","49","1","12","4","120.718808","24.25201","3"
"13003","66000","387130000C","(04)23274275","(04)23288582","2026","1","31","21","58","臺中市","西區","0","1","0","7","1","6","50","13","9","1","5","4","6","6","4","4","5","5","5","2","17","2","9","5","4","C03","7","9","1","10","2","15","","84","84","1","13","4","120.651501","24.145478","2"
"13004","66000","387130000C","(04)23274275","(04)23288582","2026","1","31","21","59","臺中市","北屯區","0","1","0","7","1","6","50","13","7","1","5","4","6","6","4","4","5","5","4","2","12","2","9","1","1","C03","7","9","1","10","9","11","","42","42","2","12","4","120.690306","24.17665","2"
"13005","66000","387130000C","(04)23274275","(04)23288582","2026","1","31","22","10","臺中市","北區","0","1","0","7","1","6","50","4","7","1","5","4","6","6","4","4","5","4","4","2","13","2","9","1","1","C03","7","9","1","10","2","11","","7","7","1","12","4","120.68301","24.159064","2"
"13006","66000","387130000C","(04)23274275","(04)23288582","2026","1","31","22","11","臺中市","南屯區","0","1","0","7","1","6","50","13","9","1","5","4","6","6","4","4","5","5","5","1","17","3","10","3","1","B03","7","11","1","8","2","4","","84","84","1","12","4","120.611276","24.138599","2"
"13007","66000","387130000C","(04)23274275","(04)23288582","2026","1","31","22","17","臺中市","大肚區","0","0","0","7","","","70","","","","","","","","","","","","","","13","","","","","B11","","","1","","2","","","84","84","1","12","4","120.544104","24.156687","3"
"13008","66000","387130000C","(04)23274275","(04)23288582","2026","1","31","22","18","臺中市","大里區","0","0","0","7","","","30","","","","","","","","","","","","","","17","","","","","B03","","","1","","2","","","59","59","1","12","4","120.693919","24.086644","3"
"13009","66000","387130000C","(04)23274275","(04)23288582","2026","1","31","22","20","臺中市","大雅區","0","0","0","7","","","50","","","","","","","","","","","","","","","","","","","C03","","","1","","9","","","8","8","2","12","2","120.645541","24.226154","3"
"13010","66000","387130000C","(04)23274275","(04)23288582","2026","1","31","22","23","臺中市","東區","0","1","0","7","1","6","30","4","1","1","5","4","6","6","4","4","10","5","5","2","16","2","9","2","1","C03","7","9","3","19","2","11","","12","12","1","6","4","120.692912","24.13029","2"
"13011","66000","387130000C","(04)23274275","(04)23288582","2026","1","31","22","27","臺中市","北屯區","0","0","0","7","","","50","","","","","","","","","","","","","","","","","","","B03","","","1","","2","","","84","84","1","6","4","120.703334","24.16945","3"
"13012","66000","387130000C","(04)23274275","(04)23288582","2026","1","31","22","39","臺中市","南區","0","0","0","7","","","30","","","","","","","","","","","","","","30","","","","","","","","","","","","","119","119","1","","","120.656541","24.122913","3"
"13013","66000","387130000C","(04)23274275","(04)23288582","2026","1","31","22","50","臺中市","西屯區","0","0","0","7","","","50","","","","","","","","","","","","","","17","","","","","C04","","","1","","1","","","7","7","1","12","4","120.645665","24.170007","3"
"13014","66000","387130000C","(04)23274275","(04)23288582","2026","1","31","23","24","臺中市","南區","0","2","0","7","1","6","50","4","4","1","5","4","6","6","2","1","5","5","5","2","13","2","8","2","1","C03","7","9","1","10","2","11","","7","7","1","13","4","120.653472","24.12264","2"
"13015","66000","387130000C","(04)23274275","(04)23288582","2026","1","31","23","24","臺中市","龍井區","0","0","0","7","","","40","","","","","","","","","","","","","","","","","","","B03","","","1","","1","","","77","77","1","6","4","120.563433","24.194638","3"
"13016","66000","387130000C","(04)23274275","(04)23288582","2026","1","31","23","29","臺中市","外埔區","0","0","0","7","1","6","30","13","9","1","5","4","6","6","4","4","10","5","5","2","14","3","10","3","1","B03","7","2","1","8","2","6","","49","49","1","12","4","120.640538","24.343229","3"
"13017","66000","387130000C","(04)23274275","(04)23288582","2026","1","31","23","46","臺中市","東區","0","0","0","7","","","50","","","","","","","","","","","","","","","","","","","B03","","","1","","2","","","56","56","1","13","4","120.701415","24.142732","3"
"13018","66000","387130000C","(04)23274275","(04)23288582","2026","1","31","23","51","臺中市","沙鹿區","0","1","0","7","1","6","0","18","21","2","5","4","6","6","4","4","10","5","5","2","17","2","8","1","1","C03","7","9","1","10","2","16","","8","8","1","12","4","120.581769","24.209722","2